HIERARCHY
ROOT Hips
{
  OFFSET 0.000000 0.000000 0.000000
  CHANNELS 6 Xposition Yposition Zposition Zrotation Xrotation Yrotation
  JOINT LeftHipJoint
  {
    OFFSET 0.000000 0.000000 0.000000
    CHANNELS 3 Zrotation Xrotation Yrotation
    JOINT LeftUpLeg
    {
      OFFSET 0.066370 -0.092335 0.056648
      CHANNELS 3 Zrotation Xrotation Yrotation
      JOINT LeftLeg
      {
        OFFSET 0.126373 -0.347208 0.000000
        CHANNELS 3 Zrotation Xrotation Yrotation
        JOINT LeftFoot
        {
          OFFSET 0.149669 -0.411212 0.000000
          CHANNELS 3 Zrotation Xrotation Yrotation
          JOINT LeftToeBase
          {
            OFFSET 0.014054 -0.038612 0.088750
            CHANNELS 3 Zrotation Xrotation Yrotation
            End Site
            {
              OFFSET 0.000000 -0.000000 0.048451
            }
          }
        }
      }
    }
  }
  JOINT RightHipJoint
  {
    OFFSET 0.000000 0.000000 0.000000
    CHANNELS 3 Zrotation Xrotation Yrotation
    JOINT RightUpLeg
    {
      OFFSET -0.065245 -0.092335 0.056648
      CHANNELS 3 Zrotation Xrotation Yrotation
      JOINT RightLeg
      {
        OFFSET -0.132120 -0.362997 0.000000
        CHANNELS 3 Zrotation Xrotation Yrotation
        JOINT RightFoot
        {
          OFFSET -0.146255 -0.401832 0.000000
          CHANNELS 3 Zrotation Xrotation Yrotation
          JOINT RightToeBase
          {
            OFFSET -0.010085 -0.027708 0.096509
            CHANNELS 3 Zrotation Xrotation Yrotation
            End Site
            {
              OFFSET -0.000000 -0.000000 0.050722
            }
          }
        }
      }
    }
  }
  JOINT Spine
  {
    OFFSET 0.000000 0.000000 0.000000
    CHANNELS 3 Zrotation Xrotation Yrotation
    JOINT Spine1
    {
      OFFSET -0.001273 0.107676 -0.009373
      CHANNELS 3 Zrotation Xrotation Yrotation
      JOINT Spine2
      {
        OFFSET -0.000206 0.108458 -0.002765
        CHANNELS 3 Zrotation Xrotation Yrotation
        JOINT Neck
        {
          OFFSET 0.000366 0.109002 0.001661
          CHANNELS 3 Zrotation Xrotation Yrotation
          JOINT Neck1
          {
            OFFSET 0.000210 0.089843 0.004907
            CHANNELS 3 Zrotation Xrotation Yrotation
            JOINT Head
            {
              OFFSET 0.007088 0.089545 -0.004559
              CHANNELS 3 Zrotation Xrotation Yrotation
              End Site
              {
                OFFSET 0.002377 0.090782 -0.002147
              }
            }
          }
        }
        JOINT LeftShoulder
        {
          OFFSET 0.000366 0.109002 0.001661
          CHANNELS 3 Zrotation Xrotation Yrotation
          JOINT LeftArm
          {
            OFFSET 0.208463 0.054365 0.010768
            CHANNELS 3 Zrotation Xrotation Yrotation
            JOINT LeftForeArm
            {
              OFFSET 0.275334 -0.000000 -0.000000
              CHANNELS 3 Zrotation Xrotation Yrotation
              JOINT LeftHand
              {
                OFFSET 0.182411 -0.000000 0.000000
                CHANNELS 3 Zrotation Xrotation Yrotation
                JOINT LeftHandMid
                {
                  OFFSET 0.091205 -0.000000 0.000000
                  CHANNELS 3 Zrotation Xrotation Yrotation
                  JOINT LeftHandIndex1
                  {
                    OFFSET 0.041279 -0.000000 0.000000
                    CHANNELS 3 Zrotation Xrotation Yrotation
                    End Site
                    {
                      OFFSET 0.033280 -0.000000 0.000000
                    }
                  }
                }
                JOINT LeftHandThumb1
                {
                  OFFSET 0.091205 -0.000000 0.000000
                  CHANNELS 3 Zrotation Xrotation Yrotation
                  End Site
                  {
                    OFFSET 0.033788 -0.000000 0.033788
                  }
                }
              }
            }
          }
        }
        JOINT RightShoulder
        {
          OFFSET 0.000366 0.109002 0.001661
          CHANNELS 3 Zrotation Xrotation Yrotation
          JOINT RightArm
          {
            OFFSET -0.206645 0.042415 0.004674
            CHANNELS 3 Zrotation Xrotation Yrotation
            JOINT RightForeArm
            {
              OFFSET -0.277385 -0.000000 0.000000
              CHANNELS 3 Zrotation Xrotation Yrotation
              JOINT RightHand
              {
                OFFSET -0.185755 -0.000000 0.000000
                CHANNELS 3 Zrotation Xrotation Yrotation
                JOINT RightHandMid
                {
                  OFFSET -0.092877 -0.000000 0.000000
                  CHANNELS 3 Zrotation Xrotation Yrotation
                  JOINT RightHandIndex1
                  {
                    OFFSET -0.030769 -0.000000 0.000000
                    CHANNELS 3 Zrotation Xrotation Yrotation
                    End Site
                    {
                      OFFSET -0.024807 -0.000000 0.000000
                    }
                  }
                }
                JOINT RightHandThumb1
                {
                  OFFSET -0.092877 -0.000000 0.000000
                  CHANNELS 3 Zrotation Xrotation Yrotation
                  End Site
                  {
                    OFFSET -0.025186 -0.000000 0.025186
                  }
                }
              }
            }
          }
        }
      }
    }
  }
}
MOTION
Frames: 254
Frame Time: 0.033333
0.51716 0.90475 -0.00697 0.04855 -1.39036 -90.09502 -0.00000 0.00000 -0.00000 -9.85542 -13.12910 -1.99498 -4.35270 33.95911 14.18912 9.90040 -31.94700 14.98052 -3.71706 -31.75241 -13.01774 -0.00000 0.00000 -0.00000 9.76319 -14.91398 6.71275 6.58467 40.15907 -17.88655 -6.87142 -27.36427 -11.93439 0.27625 -9.27085 3.40608 -1.07786 -7.48959 0.46503 -1.71248 4.22075 0.84368 -1.04346 8.68359 0.38745 -0.16731 -3.82960 0.03376 5.01971 29.81582 -2.58042 1.25827 10.14596 -1.13172 0.00000 0.00000 -0.00000 -83.18487 35.72737 -2.98498 26.50082 -12.70603 -50.61136 0.00000 20.36590 -0.00000 27.10673 -19.84182 -33.54843 -7.12502 -0.00000 0.00000 3.78890 -5.10171 -8.32343 0.00000 0.00000 -0.00000 89.77563 35.61144 0.73155 -26.53780 -12.75003 50.70177 -0.00000 1.87456 0.00000 -47.52595 11.44293 -10.29426 7.12502 -0.00000 -0.00000 -21.20464 -0.28724 -44.25967
0.51701 0.90454 -0.00702 0.01841 -1.55792 -90.09486 -0.00000 0.00000 -0.00000 -10.00420 -13.04521 -1.87084 -4.32543 33.86946 14.14025 9.85212 -31.94962 14.87473 -3.70180 -31.69619 -12.98872 -0.00000 0.00000 -0.00000 9.53751 -14.94957 6.63392 6.62517 40.25474 -17.94930 -6.76624 -27.33530 -11.68926 0.27419 -9.23664 3.39328 -1.22889 -7.49897 0.43429 -1.67193 4.11162 0.81600 -0.92090 8.56770 0.36513 -0.30934 -3.33735 0.05928 4.85021 29.73152 -2.48278 1.24822 10.01608 -1.13350 0.00000 0.00000 0.00000 -83.37738 35.59138 -3.21061 26.33862 -12.51460 -50.21653 0.00000 20.35050 -0.00000 26.83430 -19.71211 -33.69286 -7.12502 -0.00000 0.00000 3.61916 -4.88422 -8.39218 0.00000 0.00000 0.00000 89.51334 33.10830 0.91965 -26.63556 -12.86701 50.94146 -0.00000 11.82990 0.00000 -37.98270 18.59438 -22.21434 7.12502 -0.00000 -0.00000 -14.20626 3.27681 -57.72346
0.51716 0.90454 -0.00704 0.01097 -1.49724 -90.12447 -0.00000 0.00000 -0.00000 -9.93670 -13.05623 -1.88508 -4.32889 33.88085 14.14645 9.86428 -31.91915 14.92772 -3.81235 -32.09973 -13.19793 -0.00000 0.00000 -0.00000 9.65177 -14.92287 6.74793 6.62726 40.25966 -17.95253 -6.80710 -27.34168 -11.78875 0.28936 -9.48574 3.48657 -1.18234 -7.50947 0.40579 -1.59522 4.12215 0.76792 -0.87512 8.58423 0.34231 -0.23277 -3.56305 0.15178 4.54985 29.93901 -2.29515 1.16599 10.12868 -1.06691 -0.00000 0.00000 0.00000 -83.36278 35.44389 -3.48318 26.23461 -12.39317 -49.96478 0.00000 20.36200 -0.00000 26.86371 -19.82585 -33.80532 -7.12502 -0.00000 0.00000 3.65615 -4.96047 -8.53631 -0.00000 0.00000 0.00000 89.36506 33.29677 0.94732 -26.63595 -12.86748 50.94241 -0.00000 11.55260 0.00000 -38.10981 17.98224 -21.48407 7.12502 -0.00000 -0.00000 -14.14593 3.02890 -56.84070
0.51737 0.90458 -0.00708 0.02142 -1.51138 -90.08187 -0.00000 0.00000 -0.00000 -9.96323 -13.07439 -1.93747 -4.32717 33.87520 14.14338 9.85004 -31.93852 14.88007 -3.71743 -31.75378 -13.01845 -0.00000 0.00000 -0.00000 9.65049 -14.93356 6.77565 6.63345 40.27423 -17.96210 -6.80561 -27.40318 -11.73169 0.25756 -8.95532 3.28808 -1.46989 -7.46737 0.22324 -1.43560 4.14122 0.54245 -0.58886 8.57470 0.21153 -0.12808 -3.90086 0.25530 4.07466 30.15234 -2.04516 1.03091 10.26341 -0.98647 -0.00000 0.00000 -0.00000 -83.62905 34.94130 -3.46909 26.24560 -12.40596 -49.99134 0.00000 20.32460 -0.00000 26.78635 -19.81983 -33.88646 -7.12502 -0.00000 0.00000 3.61396 -4.91498 -8.60325 -0.00000 0.00000 -0.00000 89.02156 33.79864 1.07694 -26.61985 -12.84815 50.90287 -0.00000 11.34900 0.00000 -38.28239 17.35533 -20.70398 7.12502 -0.00000 -0.00000 -14.12527 2.77906 -55.90532
0.51738 0.90457 -0.00706 -0.03237 -1.55808 -90.01965 -0.00000 0.00000 -0.00000 -10.00076 -13.06454 -1.88378 -4.32922 33.88194 14.14705 9.81950 -31.78527 14.95010 -3.81950 -32.12553 -13.21137 -0.00000 0.00000 -0.00000 9.55282 -14.88407 6.64592 6.62555 40.25563 -17.94988 -6.78352 -27.36964 -11.70399 0.25198 -8.85884 3.25204 -1.56251 -7.42094 0.16606 -1.37571 4.14630 0.47042 -0.48746 8.55185 0.16949 -0.30303 -4.00462 0.30003 4.07539 30.28876 -1.96917 1.07961 10.33365 -0.97097 0.00000 0.00000 0.00000 -83.75198 34.86246 -3.43676 26.24939 -12.41036 -50.00049 0.00000 20.32090 -0.00000 26.89827 -19.85063 -33.79746 -7.12502 -0.00000 0.00000 3.67916 -4.99254 -8.54005 0.00000 0.00000 0.00000 88.89303 33.91989 1.05861 -26.63708 -12.86883 50.94519 -0.00000 11.36010 0.00000 -37.97464 17.75121 -21.33515 7.12502 -0.00000 -0.00000 -13.96530 2.93065 -56.61759
0.51758 0.90462 -0.00713 -0.02743 -1.53011 -90.01703 -0.00000 0.00000 -0.00000 -9.94918 -13.11066 -1.85997 -4.33850 33.91247 14.16368 9.78003 -31.83277 14.82299 -3.76954 -31.94445 -13.11719 -0.00000 0.00000 -0.00000 9.65115 -14.83240 6.79792 6.61531 40.23149 -17.93403 -6.85802 -27.43479 -11.83859 0.24606 -8.75531 3.21339 -1.51115 -7.38961 0.18581 -1.41357 4.14478 0.49295 -0.55221 8.53248 0.18455 -0.20702 -4.08923 0.28463 4.12157 30.34791 -2.02354 1.06627 10.37382 -0.97897 0.00000 0.00000 -0.00000 -83.65441 34.90216 -3.42695 26.27031 -12.43473 -50.05107 0.00000 20.31510 -0.00000 26.95889 -19.81098 -33.67734 -7.12502 -0.00000 0.00000 3.70407 -5.00460 -8.42054 0.00000 0.00000 -0.00000 88.94646 33.87963 1.15277 -26.59305 -12.81603 50.83711 -0.00000 11.36710 0.00000 -38.12008 17.49881 -20.96695 7.12502 -0.00000 -0.00000 -14.02264 2.83286 -56.19363
0.51775 0.90464 -0.00713 0.01089 -1.43150 -90.00051 -0.00000 0.00000 -0.00000 -9.83580 -13.18827 -1.87604 -4.34496 33.93369 14.17525 9.75451 -31.79288 14.80325 -3.78703 -32.00805 -13.15022 -0.00000 0.00000 -0.00000 9.79396 -14.84380 6.87896 6.61126 40.22193 -17.92776 -6.88213 -27.49296 -11.84980 0.23354 -8.53187 3.13006 -1.23733 -7.39940 0.29560 -1.49275 4.10961 0.61622 -0.76610 8.50324 0.26295 -0.23600 -3.99408 0.19297 4.41424 30.27375 -2.22679 1.13272 10.33462 -1.04412 -0.00000 0.00000 -0.00000 -83.41548 35.21300 -3.53409 26.24597 -12.40638 -49.99222 0.00000 20.14670 -0.00000 26.88333 -19.76691 -33.70720 -7.12502 -0.00000 0.00000 3.65560 -4.94002 -8.42751 -0.00000 0.00000 -0.00000 89.23948 33.59136 0.97871 -26.59720 -12.82099 50.84728 -0.00000 11.77550 0.00000 -38.11344 17.66804 -21.15061 7.12502 -0.00000 -0.00000 -14.06299 2.90108 -56.42260
0.51794 0.90466 -0.00707 0.06493 -1.43964 -90.01326 -0.00000 0.00000 -0.00000 -9.83263 -13.25157 -1.82845 -4.34340 33.92859 14.17247 9.67960 -31.80436 14.63171 -3.75067 -31.87562 -13.08149 -0.00000 0.00000 -0.00000 9.75815 -14.96117 6.82528 6.61740 40.23641 -17.93726 -6.83984 -27.39084 -11.83014 0.24639 -8.76116 3.21558 -1.20610 -7.45970 0.32366 -1.51056 4.12785 0.65336 -0.79501 8.55908 0.28303 -0.22813 -4.07842 0.16485 4.47154 30.27552 -2.28099 1.14009 10.35347 -1.05908 0.00000 0.00000 -0.00000 -83.41906 35.25381 -3.56012 26.23642 -12.39528 -49.96915 0.00000 20.22800 -0.00000 26.89923 -19.84946 -33.79487 -7.12502 -0.00000 0.00000 3.67944 -4.99243 -8.53734 0.00000 0.00000 -0.00000 89.25321 33.56835 0.99673 -26.57546 -12.79499 50.79399 -0.00000 12.01880 0.00000 -38.18086 17.83754 -21.28239 7.12502 -0.00000 -0.00000 -14.16789 2.97197 -56.60619
0.51809 0.90466 -0.00697 0.09491 -1.49123 -90.02262 -0.00000 0.00000 -0.00000 -9.88519 -13.30614 -1.77449 -4.33778 33.91010 14.16239 9.68208 -31.73770 14.69560 -3.88739 -32.36890 -13.33861 -0.00000 0.00000 -0.00000 9.68313 -15.02005 6.81158 6.62077 40.24437 -17.94248 -6.85063 -27.32772 -11.91289 0.27017 -9.16941 3.36812 -1.28121 -7.51127 0.29996 -1.50294 4.14469 0.63067 -0.74905 8.60672 0.26720 -0.27168 -4.04350 0.14429 4.51813 30.22637 -2.31347 1.15823 10.32942 -1.07425 0.00000 0.00000 0.00000 -83.41656 35.22654 -3.62534 26.20802 -12.36229 -49.90059 0.00000 20.29140 -0.00000 27.04313 -19.90721 -33.70420 -7.12502 -0.00000 0.00000 3.76682 -5.10172 -8.48428 0.00000 0.00000 0.00000 89.20738 33.60423 1.01855 -26.58479 -12.80615 50.81686 -0.00000 12.06270 0.00000 -37.77067 18.16923 -21.92120 7.12502 -0.00000 -0.00000 -13.90484 3.09360 -57.29767
0.51828 0.90472 -0.00693 0.09086 -1.57678 -89.97373 -0.00000 0.00000 -0.00000 -9.99199 -13.29601 -1.79662 -4.32991 33.88422 14.14829 9.66620 -31.71327 14.68279 -3.87767 -32.33424 -13.32045 -0.00000 0.00000 -0.00000 9.56682 -15.01936 6.77107 6.61861 40.23927 -17.93914 -6.84914 -27.32368 -11.91257 0.28323 -9.38596 3.44918 -1.43090 -7.50178 0.20560 -1.46404 4.15309 0.51754 -0.64639 8.60844 0.20243 -0.29666 -4.10122 0.20830 4.35126 30.28119 -2.17634 1.13244 10.35666 -1.03223 -0.00000 0.00000 0.00000 -83.51111 35.05653 -3.66439 26.19344 -12.34539 -49.86543 0.00000 20.29890 -0.00000 27.13370 -19.83468 -33.50872 -7.12502 -0.00000 0.00000 3.80205 -5.11262 -8.28653 -0.00000 0.00000 0.00000 89.07534 33.80031 1.02421 -26.57608 -12.79572 50.79549 -0.00000 11.97840 0.00000 -37.99588 17.90456 -21.48231 7.12502 -0.00000 -0.00000 -14.02596 2.99358 -56.80796
0.51845 0.90479 -0.00686 0.06386 -1.59452 -90.02411 -0.00000 0.00000 -0.00000 -10.02620 -13.27214 -1.80922 -4.33038 33.88577 14.14913 9.73376 -31.74824 14.79792 -3.92654 -32.50786 -13.41160 -0.00000 0.00000 -0.00000 9.53455 -15.00984 6.75315 6.60800 40.21424 -17.92271 -6.82124 -27.26089 -11.89558 0.28460 -9.40826 3.45754 -1.36762 -7.48037 0.27042 -1.51942 4.15013 0.60069 -0.72407 8.59390 0.24801 -0.22361 -4.02978 0.17323 4.40300 30.24487 -2.24980 1.12194 10.33099 -1.05308 0.00000 0.00000 -0.00000 -83.40419 35.25113 -3.66135 26.18773 -12.33878 -49.85167 0.00000 20.22200 -0.00000 27.15325 -19.68089 -33.28981 -7.12502 -0.00000 0.00000 3.78448 -5.04222 -8.03411 0.00000 0.00000 -0.00000 89.20573 33.67552 0.95112 -26.57216 -12.79103 50.78588 -0.00000 12.07330 0.00000 -38.09912 17.85784 -21.36075 7.12502 -0.00000 -0.00000 -14.10258 2.97780 -56.68288
0.51854 0.90481 -0.00684 0.06434 -1.64334 -90.03903 -0.00000 0.00000 -0.00000 -10.07919 -13.28959 -1.78440 -4.32471 33.86709 14.13896 9.73407 -31.67891 14.85999 -3.87923 -32.33982 -13.32337 -0.00000 0.00000 -0.00000 9.46602 -15.02035 6.74159 6.60569 40.20879 -17.91913 -6.77727 -27.26682 -11.77696 0.25969 -8.99194 3.30176 -1.17339 -7.49092 0.44402 -1.73056 4.09370 0.82658 -1.01277 8.54541 0.37538 -0.10100 -3.89795 0.03052 4.77132 30.27048 -2.58601 1.15983 10.32614 -1.15704 -0.00000 0.00000 0.00000 -83.06570 35.77070 -3.56077 26.16957 -12.31776 -49.80791 0.00000 20.20800 -0.00000 27.16373 -19.56867 -33.13376 -7.12502 -0.00000 0.00000 3.76947 -4.98914 -7.85306 -0.00000 0.00000 0.00000 89.73969 33.16517 0.73334 -26.56139 -12.77818 50.75951 -0.00000 12.24710 0.00000 -38.43239 17.55762 -20.81503 7.12502 -0.00000 -0.00000 -14.31059 2.86457 -56.08442
0.51880 0.90489 -0.00690 0.07811 -1.63953 -90.07630 -0.00000 0.00000 -0.00000 -10.05438 -13.32757 -1.72441 -4.32325 33.86226 14.13633 9.70456 -31.64399 14.82708 -3.78907 -32.01546 -13.15407 -0.00000 0.00000 -0.00000 9.49860 -15.02452 6.83240 6.60456 40.20610 -17.91737 -6.77191 -27.28739 -11.74529 0.24199 -8.68342 3.18657 -1.15318 -7.48853 0.47523 -1.80357 4.07308 0.87082 -1.09314 8.52369 0.40022 0.11906 -3.70525 0.05305 4.71664 30.12442 -2.55698 1.10494 10.23195 -1.12914 0.00000 0.00000 -0.00000 -82.91623 35.87022 -3.50775 26.15748 -12.30379 -49.77879 0.00000 20.03890 -0.00000 27.04088 -19.60139 -33.31475 -7.12502 -0.00000 0.00000 3.70911 -4.93904 -8.02170 0.00000 0.00000 -0.00000 89.93753 33.06686 0.69041 -26.57015 -12.78863 50.78096 -0.00000 12.41260 0.00000 -38.38478 17.73368 -21.03227 7.12502 -0.00000 -0.00000 -14.31667 2.93520 -56.34559
0.51921 0.90495 -0.00694 0.07994 -1.61802 -90.11781 -0.00000 0.00000 -0.00000 -10.02262 -13.34072 -1.71963 -4.32328 33.86235 14.13638 9.70543 -31.67445 14.80195 -3.79715 -32.04474 -13.16930 -0.00000 0.00000 -0.00000 9.56352 -15.03933 6.92937 6.60990 40.21871 -17.92564 -6.79110 -27.29062 -11.79194 0.24035 -8.65415 3.17565 -1.06817 -7.40020 0.51902 -1.88043 4.02773 0.92264 -1.21313 8.42609 0.43278 0.20136 -3.54595 0.00942 4.79473 29.97420 -2.63821 1.10107 10.14729 -1.15202 -0.00000 0.00000 0.00000 -82.81304 35.98531 -3.37434 26.16270 -12.30982 -49.79136 0.00000 19.86790 -0.00000 26.90408 -19.62730 -33.50372 -7.12502 -0.00000 0.00000 3.64044 -4.87774 -8.19448 -0.00000 0.00000 0.00000 90.12440 32.98148 0.63023 -26.58560 -12.80712 50.81885 -0.00000 12.41020 0.00000 -38.13915 18.06279 -21.54793 7.12502 -0.00000 -0.00000 -14.19353 3.06286 -56.92889
0.51953 0.90495 -0.00701 0.07883 -1.62695 -90.16704 -0.00000 0.00000 -0.00000 -10.02949 -13.34722 -1.71534 -4.31720 33.84230 14.12547 9.73324 -31.62455 14.90654 -3.88392 -32.35655 -13.33214 -0.00000 0.00000 -0.00000 9.60905 -15.05454 7.06020 6.62047 40.24365 -17.94202 -6.83275 -27.31708 -11.87616 0.25161 -8.85245 3.24966 -1.10127 -7.32878 0.50683 -1.83998 3.95442 0.90479 -1.15547 8.30342 0.42177 0.03319 -3.44710 0.01043 4.82054 30.00477 -2.62867 1.14454 10.14044 -1.16715 0.00000 0.00000 -0.00000 -83.09260 35.92533 -3.05749 26.18331 -12.33366 -49.84101 0.00000 19.95400 -0.00000 26.91204 -19.68568 -33.56991 -7.12502 -0.00000 0.00000 3.65567 -4.91280 -8.27576 0.00000 0.00000 -0.00000 90.10024 33.01899 0.51955 -26.58677 -12.80851 50.82170 -0.00000 12.47660 0.00000 -37.91796 18.38379 -22.04118 7.12502 -0.00000 -0.00000 -14.09169 3.18716 -57.48828
0.51977 0.90492 -0.00705 0.07359 -1.68024 -90.20501 -0.00000 0.00000 -0.00000 -10.09236 -13.32398 -1.71228 -4.30413 33.79911 14.10199 9.74262 -31.58272 14.96423 -3.83356 -32.17621 -13.23781 -0.00000 0.00000 -0.00000 9.56277 -15.09035 7.10095 6.63577 40.27968 -17.96568 -6.84809 -27.24979 -11.97463 0.26786 -9.13070 3.35364 -1.25796 -7.27362 0.44642 -1.75823 3.91891 0.83332 -0.99450 8.22841 0.37640 -0.23129 -3.44419 0.03959 4.82190 30.01367 -2.55200 1.21050 10.14256 -1.16178 -0.00000 0.00000 0.00000 -83.36033 35.77395 -2.88779 26.18714 -12.33809 -49.85023 0.00000 20.14440 -0.00000 27.05667 -19.75376 -33.49267 -7.12502 -0.00000 0.00000 3.74588 -5.02785 -8.23853 -0.00000 0.00000 0.00000 89.88720 33.19593 0.50178 -26.57873 -12.79890 50.80201 -0.00000 12.36620 0.00000 -37.87981 18.25258 -21.93091 7.12502 -0.00000 -0.00000 -14.02227 3.13177 -57.33945
0.52004 0.90489 -0.00709 0.06297 -1.75202 -90.24383 -0.00000 0.00000 -0.00000 -10.17673 -13.30904 -1.71670 -4.29113 33.75609 14.07862 9.76306 -31.53092 15.05512 -3.87393 -32.32089 -13.31345 -0.00000 0.00000 -0.00000 9.49426 -15.11573 7.13488 6.64824 40.30900 -17.98497 -6.82276 -27.28735 -11.87636 0.25710 -8.94737 3.28511 -1.30763 -7.21442 0.48191 -1.77173 3.88921 0.88499 -0.97101 8.16166 0.39937 -0.34559 -3.41091 0.03907 4.99512 29.99635 -2.58416 1.28552 10.13313 -1.17160 -0.00000 0.00000 -0.00000 -83.45772 35.85857 -2.77615 26.21039 -12.36505 -49.90632 0.00000 20.19240 -0.00000 27.11442 -19.67371 -33.32450 -7.12502 -0.00000 0.00000 3.76217 -5.01721 -8.06076 -0.00000 0.00000 -0.00000 89.86925 33.13885 0.42786 -26.59428 -12.81750 50.84013 -0.00000 12.05560 0.00000 -37.81231 18.22519 -21.95039 7.12502 -0.00000 -0.00000 -13.95629 3.11804 -57.34567
0.52022 0.90496 -0.00712 0.07098 -1.75329 -90.23680 -0.00000 0.00000 -0.00000 -10.17680 -13.31507 -1.72827 -4.28751 33.74406 14.07209 9.74962 -31.55018 15.00859 -3.88185 -32.34915 -13.32826 -0.00000 0.00000 -0.00000 9.47733 -15.14886 7.09666 6.65296 40.32008 -17.99226 -6.79164 -27.31223 -11.77456 0.24091 -8.66417 3.17939 -1.26666 -7.23570 0.51427 -1.81139 3.88055 0.92713 -1.02799 8.16640 0.42323 -0.46930 -3.33786 -0.02212 5.30891 29.89014 -2.73183 1.38862 10.08766 -1.22105 -0.00000 0.00000 0.00000 -83.32025 35.95043 -2.90398 26.19205 -12.34379 -49.86209 0.00000 20.09930 -0.00000 27.05346 -19.55581 -33.24172 -7.12502 -0.00000 0.00000 3.70738 -4.92207 -7.93998 -0.00000 0.00000 0.00000 89.95071 33.08168 0.40870 -26.58036 -12.80084 50.80598 -0.00000 12.15260 0.00000 -37.90529 18.33325 -21.99732 7.12502 -0.00000 -0.00000 -14.06666 3.16585 -57.42972
0.52047 0.90489 -0.00723 0.05882 -1.64631 -90.22862 -0.00000 0.00000 -0.00000 -10.03800 -13.33473 -1.71069 -4.29771 33.77787 14.09045 9.72874 -31.57995 14.93655 -3.92708 -32.50978 -13.41261 -0.00000 0.00000 -0.00000 9.63650 -15.12499 7.17152 6.65075 40.31490 -17.98885 -6.81249 -27.34569 -11.79914 0.22320 -8.34281 3.05963 -1.06799 -7.24133 0.59591 -1.85905 3.85505 1.01892 -1.17288 8.14711 0.48039 -0.28357 -3.34389 -0.09651 5.30361 29.91641 -2.86504 1.32613 10.10100 -1.26162 0.00000 0.00000 -0.00000 -83.29585 36.12922 -2.74254 26.22898 -12.38663 -49.95118 0.00000 20.15350 -0.00000 26.97469 -19.47043 -33.22051 -7.12502 -0.00000 0.00000 3.64883 -4.83437 -7.88564 0.00000 0.00000 -0.00000 90.11264 32.90115 0.34273 -26.54601 -12.75983 50.72186 -0.00000 12.18620 0.00000 -38.16179 17.99014 -21.45590 7.12502 -0.00000 -0.00000 -14.19320 3.03378 -56.81922
0.52068 0.90501 -0.00727 0.07811 -1.57232 -90.24703 -0.00000 0.00000 -0.00000 -9.96281 -13.38075 -1.76132 -4.30925 33.81606 14.11120 9.72803 -31.61263 14.90585 -3.81435 -32.10696 -13.20170 -0.00000 0.00000 -0.00000 9.73672 -15.14110 7.19927 6.63451 40.27673 -17.96375 -6.83101 -27.21548 -11.96067 0.24974 -8.81988 3.23750 -0.95582 -7.33081 0.61345 -1.87401 3.86332 1.03406 -1.24852 8.21073 0.49436 -0.23130 -3.30317 -0.11027 5.28498 29.81869 -2.87372 1.30832 10.05651 -1.26183 -0.00000 0.00000 0.00000 -83.20964 36.12310 -2.77133 26.24037 -12.39987 -49.97870 0.00000 20.14460 -0.00000 26.96451 -19.38641 -33.12295 -7.12502 -0.00000 0.00000 3.62744 -4.78513 -7.76651 -0.00000 0.00000 0.00000 90.17022 32.90915 0.33851 -26.56587 -12.78352 50.77048 -0.00000 12.30590 0.00000 -37.76715 18.37929 -22.14494 7.12502 -0.00000 -0.00000 -13.96063 3.17949 -57.57712
0.52064 0.90506 -0.00729 0.05843 -1.67304 -90.26505 -0.00000 0.00000 -0.00000 -10.08653 -13.32818 -1.78096 -4.29873 33.78124 14.09228 9.75719 -31.58906 14.99021 -3.75255 -31.88249 -13.08505 -0.00000 0.00000 -0.00000 9.57556 -15.17102 7.08439 6.63455 40.27682 -17.96380 -6.75921 -27.17621 -11.80924 0.25230 -8.86436 3.25410 -0.97190 -7.46360 0.66072 -1.93945 3.87655 1.10678 -1.29369 8.30488 0.53036 -0.32322 -3.17989 -0.14055 5.48230 29.67676 -2.94311 1.38077 9.98519 -1.28523 0.00000 0.00000 -0.00000 -83.03218 36.25813 -2.94327 26.20386 -12.35747 -49.89057 0.00000 20.02740 -0.00000 26.94639 -19.37765 -33.13207 -7.12502 -0.00000 0.00000 3.61600 -4.77067 -7.77059 0.00000 0.00000 -0.00000 90.25907 32.80446 0.29027 -26.58483 -12.80619 50.81694 -0.00000 12.36500 0.00000 -37.66541 18.61001 -22.46093 7.12502 -0.00000 -0.00000 -13.93839 3.27033 -57.94493
0.52086 0.90502 -0.00740 0.01992 -1.60444 -90.24145 -0.00000 0.00000 -0.00000 -9.99583 -13.31582 -1.76930 -4.30043 33.78689 14.09535 9.75555 -31.58422 14.99099 -3.82135 -32.13221 -13.21486 -0.00000 0.00000 -0.00000 9.68262 -15.11672 7.12849 6.63265 40.27235 -17.96087 -6.81880 -27.17582 -11.96395 0.27048 -9.17469 3.37009 -1.01133 -7.37135 0.62027 -1.90035 3.83332 1.05149 -1.24172 8.20190 0.50063 -0.29628 -3.06367 -0.12680 5.45692 29.63898 -2.92048 1.37177 9.94793 -1.27850 -0.00000 0.00000 -0.00000 -82.99868 36.18318 -2.95718 26.20228 -12.35564 -49.88675 0.00000 19.95300 -0.00000 26.92251 -19.38142 -33.16405 -7.12502 -0.00000 0.00000 3.60380 -4.75950 -7.79960 -0.00000 0.00000 -0.00000 90.34044 32.93639 0.13452 -26.62379 -12.85288 50.91256 -0.00000 12.37710 0.00000 -37.63778 18.65077 -22.52385 7.12502 -0.00000 -0.00000 -13.92624 3.28597 -58.01607
0.52096 0.90506 -0.00749 0.00084 -1.60575 -90.20434 -0.00000 0.00000 -0.00000 -9.99058 -13.32884 -1.76218 -4.30178 33.79136 14.09778 9.73530 -31.51179 15.01186 -3.86865 -32.30205 -13.30359 -0.00000 0.00000 -0.00000 9.69347 -15.07419 7.13621 6.62836 40.26225 -17.95423 -6.83975 -27.19413 -12.00208 0.25908 -8.98143 3.29783 -0.92092 -7.42667 0.69385 -1.92800 3.83731 1.14387 -1.30339 8.24206 0.55123 -0.20527 -3.15406 -0.12939 5.42312 29.76450 -2.93873 1.33888 10.01126 -1.27775 -0.00000 0.00000 -0.00000 -82.90151 36.39938 -3.11099 26.18535 -12.33603 -49.84594 0.00000 19.98410 -0.00000 26.92055 -19.36212 -33.14115 -7.12502 -0.00000 0.00000 3.59904 -4.74839 -7.77184 -0.00000 0.00000 -0.00000 90.40167 32.76483 0.05455 -26.66495 -12.90236 51.01372 -0.00000 12.25480 0.00000 -37.64642 18.86451 -22.74106 7.12502 -0.00000 -0.00000 -13.99439 3.37497 -58.29046
0.52119 0.90502 -0.00751 -0.02593 -1.53354 -90.19668 -0.00000 0.00000 -0.00000 -9.92053 -13.28515 -1.80937 -4.30699 33.80858 14.10714 9.71739 -31.59160 14.90150 -3.71403 -31.74124 -13.01197 -0.00000 0.00000 -0.00000 9.79154 -15.03257 7.18017 6.62328 40.25027 -17.94636 -6.83594 -27.29472 -11.90389 0.22339 -8.34621 3.06090 -1.06736 -7.45773 0.53875 -1.75859 3.87216 0.94182 -1.08020 8.28913 0.44024 -0.28243 -3.09105 0.01416 5.10332 29.69686 -2.62731 1.30302 9.96254 -1.17850 -0.00000 0.00000 0.00000 -83.17526 35.98253 -3.06355 26.20693 -12.36103 -49.89796 0.00000 19.96020 -0.00000 26.86182 -19.28694 -33.10966 -7.12502 -0.00000 0.00000 3.55289 -4.67723 -7.71307 -0.00000 0.00000 0.00000 90.02394 33.23812 0.23821 -26.64306 -12.87602 50.95988 -0.00000 12.14830 0.00000 -37.57379 18.93738 -22.87079 7.12502 -0.00000 -0.00000 -13.95317 3.40193 -58.43239
0.52131 0.90504 -0.00756 -0.01235 -1.51066 -90.14810 -0.00000 0.00000 -0.00000 -9.89242 -13.30728 -1.83432 -4.30760 33.81059 14.10823 9.67569 -31.60064 14.80291 -3.68935 -31.65022 -12.96501 -0.00000 0.00000 -0.00000 9.80504 -15.05627 7.13194 6.62168 40.24651 -17.94389 -6.84037 -27.27885 -11.92922 0.23206 -8.50520 3.12012 -0.98453 -7.47752 0.57136 -1.75409 3.83774 0.97676 -1.11522 8.26504 0.46205 -0.34929 -2.96073 -0.01219 5.13101 29.53334 -2.64275 1.32289 9.87815 -1.19083 0.00000 0.00000 0.00000 -83.22440 36.11462 -3.02354 26.21646 -12.37208 -49.92095 0.00000 19.97250 -0.00000 26.81836 -19.23305 -33.08845 -7.12502 -0.00000 0.00000 3.51905 -4.62560 -7.67216 0.00000 0.00000 0.00000 90.05557 33.14044 0.16307 -26.65291 -12.88786 50.98410 -0.00000 12.06060 0.00000 -37.68338 18.99863 -22.85344 7.12502 -0.00000 -0.00000 -14.06429 3.43257 -58.44145
0.52134 0.90509 -0.00751 0.01197 -1.56211 -90.14148 -0.00000 0.00000 -0.00000 -9.95893 -13.36527 -1.83068 -4.30870 33.81424 14.11021 9.71077 -31.54654 14.92732 -3.80762 -32.08262 -13.18902 -0.00000 0.00000 -0.00000 9.69681 -15.12173 7.01826 6.61395 40.22828 -17.93192 -6.78548 -27.11912 -11.92741 0.25747 -8.95386 3.28754 -1.02627 -7.59603 0.56164 -1.76657 3.89501 0.97241 -1.10484 8.39586 0.45741 -0.40508 -3.14373 -0.01338 5.24374 29.51464 -2.65848 1.36802 9.90822 -1.18679 -0.00000 0.00000 0.00000 -83.04448 36.10394 -3.27724 26.19060 -12.34210 -49.85859 0.00000 19.95500 -0.00000 26.87945 -19.23150 -33.01711 -7.12502 -0.00000 0.00000 3.55176 -4.65834 -7.61033 -0.00000 0.00000 0.00000 89.97893 33.19749 0.30317 -26.65569 -12.89121 50.99093 -0.00000 12.00080 0.00000 -37.88692 18.88841 -22.58928 7.12502 -0.00000 -0.00000 -14.20689 3.39550 -58.16744
0.52152 0.90501 -0.00754 -0.02249 -1.60766 -90.02750 -0.00000 0.00000 -0.00000 -10.00703 -13.38094 -1.83596 -4.30878 33.81451 14.11036 9.65484 -31.35758 14.97467 -3.90592 -32.43482 -13.37320 -0.00000 0.00000 -0.00000 9.60784 -15.10612 6.89416 6.61903 40.24026 -17.93978 -6.80498 -27.09472 -11.99962 0.27786 -9.29750 3.41606 -1.23051 -7.61146 0.46209 -1.68209 3.95181 0.85641 -0.92275 8.46081 0.38665 -0.41986 -3.35693 0.05842 5.14619 29.56779 -2.52564 1.36144 9.96418 -1.13191 -0.00000 0.00000 -0.00000 -83.14526 35.96826 -3.32041 26.19760 -12.35021 -49.87545 0.00000 19.99150 -0.00000 27.03652 -19.34784 -32.99139 -7.12502 -0.00000 0.00000 3.65918 -4.80466 -7.63748 -0.00000 0.00000 -0.00000 89.74594 33.36446 0.47450 -26.63007 -12.86041 50.92796 -0.00000 12.07310 0.00000 -37.82354 18.25758 -21.97643 7.12502 -0.00000 -0.00000 -13.97512 3.13175 -57.38137
0.52175 0.90500 -0.00749 -0.02603 -1.59888 -89.97337 -0.00000 0.00000 -0.00000 -10.01223 -13.37287 -1.89750 -4.31019 33.81916 14.11288 9.64708 -31.42349 14.89853 -3.80003 -32.05517 -13.17473 -0.00000 0.00000 -0.00000 9.61123 -15.12007 6.85983 6.62605 40.25679 -17.95065 -6.82550 -27.10559 -12.04337 0.28835 -9.46933 3.48042 -1.21086 -7.61320 0.46759 -1.65464 3.92789 0.85980 -0.90396 8.43568 0.38894 -0.34724 -3.44883 0.03835 5.06527 29.69347 -2.55499 1.31449 10.02784 -1.14427 -0.00000 0.00000 0.00000 -83.21934 36.07683 -3.22784 26.20617 -12.36015 -49.89613 0.00000 19.99410 -0.00000 27.12206 -19.49526 -33.08605 -7.12502 -0.00000 0.00000 3.73323 -4.92801 -7.78104 -0.00000 0.00000 0.00000 89.70677 33.33898 0.43421 -26.62211 -12.85086 50.90843 -0.00000 12.08130 0.00000 -37.60127 17.91583 -21.77344 7.12502 -0.00000 -0.00000 -13.68768 2.98449 -57.06713
0.52196 0.90502 -0.00739 -0.02397 -1.62638 -89.94826 -0.00000 0.00000 -0.00000 -10.06615 -13.37379 -1.96003 -4.31265 33.82727 14.11729 9.64819 -31.49615 14.83602 -3.78005 -31.98270 -13.13705 -0.00000 0.00000 -0.00000 9.55712 -15.13793 6.82736 6.62195 40.24714 -17.94430 -6.79914 -27.14447 -11.94058 0.26106 -9.01539 3.31053 -1.39709 -7.62198 0.34457 -1.55896 3.96130 0.70928 -0.72748 8.47265 0.30232 -0.33840 -3.51404 0.08862 4.77536 29.72413 -2.40640 1.24197 10.04467 -1.10450 0.00000 0.00000 -0.00000 -83.24172 35.75196 -3.45480 26.15081 -12.29608 -49.76272 0.00000 20.02200 -0.00000 27.22965 -19.53082 -33.01087 -7.12502 -0.00000 0.00000 3.79826 -5.00536 -7.73179 0.00000 0.00000 -0.00000 89.44366 33.68746 0.59343 -26.60930 -12.83550 50.87698 -0.00000 12.07710 0.00000 -37.48050 17.91981 -21.86393 7.12502 -0.00000 -0.00000 -13.58447 2.98151 -57.14781
0.52216 0.90501 -0.00734 -0.04647 -1.67852 -89.92265 -0.00000 0.00000 -0.00000 -10.13759 -13.35159 -1.98112 -4.31168 33.82408 14.11556 9.64279 -31.47649 14.84178 -3.83527 -32.18233 -13.24101 -0.00000 0.00000 -0.00000 9.45361 -15.16761 6.72063 6.62442 40.25295 -17.94812 -6.75384 -27.09861 -11.86324 0.26529 -9.08730 3.33741 -1.39932 -7.59008 0.36727 -1.57457 3.93741 0.73994 -0.73677 8.42835 0.31781 -0.26364 -3.53103 0.08936 4.71000 29.78375 -2.40375 1.20590 10.06898 -1.10179 -0.00000 0.00000 0.00000 -83.22077 35.76369 -3.48672 26.12001 -12.26056 -49.68864 0.00000 20.05110 -0.00000 27.18411 -19.49117 -33.01090 -7.12502 -0.00000 0.00000 3.76617 -4.95982 -7.71501 -0.00000 0.00000 0.00000 89.49764 33.62460 0.47160 -26.63611 -12.86767 50.94281 -0.00000 12.11860 0.00000 -37.46039 17.80805 -21.75868 7.12502 -0.00000 -0.00000 -13.53577 2.93592 -57.01101
0.52233 0.90493 -0.00729 -0.06440 -1.68950 -89.93910 -0.00000 0.00000 -0.00000 -10.16080 -13.35137 -1.97090 -4.30344 33.79683 14.10075 9.66919 -31.37183 14.99330 -3.91995 -32.48455 -13.39934 -0.00000 0.00000 -0.00000 9.41574 -15.20032 6.67923 6.63539 40.27879 -17.96510 -6.70468 -27.04607 -11.78139 0.25163 -8.85282 3.24979 -1.48188 -7.59559 0.32424 -1.53476 3.98371 0.68903 -0.65797 8.48024 0.28668 -0.32926 -3.64189 0.07643 4.74153 29.73871 -2.41253 1.22718 10.07436 -1.10621 0.00000 0.00000 0.00000 -83.21492 35.53518 -3.58688 26.10133 -12.23907 -49.64376 0.00000 19.94190 -0.00000 27.05814 -19.42857 -33.07184 -7.12502 -0.00000 0.00000 3.68611 -4.85834 -7.74061 0.00000 0.00000 0.00000 89.36077 33.79135 0.58806 -26.64290 -12.87582 50.95949 -0.00000 12.10800 0.00000 -37.46898 17.85335 -21.80109 7.12502 -0.00000 -0.00000 -13.55589 2.95438 -57.06619
0.52259 0.90498 -0.00728 -0.06729 -1.67026 -89.92374 -0.00000 0.00000 -0.00000 -10.15127 -13.36192 -2.03469 -4.30978 33.81779 14.11214 9.66846 -31.43399 14.93584 -3.79172 -32.02507 -13.15907 -0.00000 0.00000 -0.00000 9.44947 -15.19410 6.70699 6.62757 40.26037 -17.95300 -6.72131 -27.01417 -11.85271 0.26176 -9.02727 3.31497 -1.46017 -7.61513 0.34067 -1.52532 4.01544 0.70886 -0.65592 8.52614 0.29681 -0.33183 -3.69052 0.03488 4.78055 29.69141 -2.47342 1.22932 10.06789 -1.12769 -0.00000 0.00000 0.00000 -83.19044 35.52226 -3.60743 26.10759 -12.24627 -49.65880 0.00000 20.01240 -0.00000 27.04867 -19.36103 -32.99484 -7.12502 -0.00000 0.00000 3.66826 -4.81813 -7.64601 -0.00000 0.00000 0.00000 89.33185 33.76483 0.60445 -26.67640 -12.91616 51.04190 -0.00000 12.04380 0.00000 -37.41297 17.99986 -21.99797 7.12502 -0.00000 -0.00000 -13.54875 3.01109 -57.29713
0.52284 0.90506 -0.00723 -0.04859 -1.64567 -89.90877 -0.00000 0.00000 -0.00000 -10.13045 -13.40299 -2.04476 -4.31196 33.82499 14.11606 9.66738 -31.41103 14.95408 -3.88972 -32.37722 -13.34297 -0.00000 0.00000 -0.00000 9.50217 -15.20579 6.76698 6.62601 40.25671 -17.95059 -6.76763 -27.01421 -11.97355 0.26874 -9.14549 3.35917 -1.42919 -7.64846 0.33090 -1.53379 4.03367 0.69399 -0.68538 8.56590 0.29139 -0.35242 -3.69644 0.03076 4.86766 29.61463 -2.49055 1.25951 10.04209 -1.12767 -0.00000 0.00000 -0.00000 -83.19913 35.42856 -3.55572 26.13811 -12.28142 -49.73217 0.00000 20.04760 -0.00000 27.11741 -19.39981 -32.96775 -7.12502 -0.00000 0.00000 3.71293 -4.87590 -7.63919 -0.00000 0.00000 -0.00000 89.32302 33.81343 0.66717 -26.68388 -12.92518 51.06032 -0.00000 11.94270 0.00000 -37.44693 18.25505 -22.24535 7.12502 -0.00000 -0.00000 -13.65022 3.11569 -57.61530
0.52304 0.90510 -0.00722 -0.06615 -1.63406 -89.90540 -0.00000 0.00000 -0.00000 -10.12242 -13.38892 -2.05844 -4.31149 33.82344 14.11521 9.66185 -31.38658 14.96395 -3.86935 -32.30452 -13.30488 -0.00000 0.00000 -0.00000 9.56034 -15.14161 6.89064 6.62157 40.24625 -17.94372 -6.82816 -27.02733 -12.11987 0.28361 -9.39204 3.45146 -1.33930 -7.60095 0.37427 -1.58353 4.03106 0.74423 -0.77896 8.53702 0.32241 -0.37952 -3.62517 -0.03784 5.03606 29.47931 -2.61569 1.29869 9.98340 -1.17049 -0.00000 0.00000 0.00000 -83.13859 35.52705 -3.47950 26.14823 -12.29310 -49.75652 0.00000 19.91910 -0.00000 26.96854 -19.22713 -32.91065 -7.12502 -0.00000 0.00000 3.59927 -4.70503 -7.51709 -0.00000 0.00000 0.00000 89.39489 33.71677 0.67600 -26.68756 -12.92961 51.06937 -0.00000 11.92400 0.00000 -37.40457 18.16764 -22.18308 7.12502 -0.00000 -0.00000 -13.58896 3.07847 -57.52603
0.52331 0.90511 -0.00721 -0.08338 -1.65413 -89.88109 -0.00000 0.00000 -0.00000 -10.15260 -13.40613 -2.08678 -4.31756 33.84349 14.12612 9.68527 -31.34933 15.04880 -3.89319 -32.38956 -13.34945 -0.00000 0.00000 -0.00000 9.56107 -15.07716 6.96099 6.61062 40.22041 -17.92676 -6.83459 -27.12628 -12.04866 0.24939 -8.81373 3.23520 -1.34164 -7.50092 0.36795 -1.60554 4.01401 0.73450 -0.80344 8.46021 0.31846 -0.40918 -3.65050 -0.04724 5.06770 29.46921 -2.63120 1.31211 9.98542 -1.17670 -0.00000 0.00000 -0.00000 -83.11109 35.47207 -3.49340 26.09149 -12.22775 -49.62013 0.00000 19.86950 -0.00000 26.65461 -19.09457 -33.09261 -7.12502 -0.00000 0.00000 3.40355 -4.46424 -7.61746 -0.00000 0.00000 -0.00000 89.41975 33.73346 0.69163 -26.68485 -12.92635 51.06270 -0.00000 11.86100 0.00000 -37.37645 18.24276 -22.28349 7.12502 -0.00000 -0.00000 -13.58612 3.10771 -57.64372
0.52371 0.90509 -0.00717 -0.08314 -1.61114 -89.81790 -0.00000 0.00000 -0.00000 -10.13674 -13.41189 -2.17340 -4.31723 33.84239 14.12552 9.68424 -31.37838 15.02035 -3.82290 -32.13779 -13.21776 -0.00000 0.00000 -0.00000 9.60348 -15.08767 6.94083 6.60641 40.21048 -17.92025 -6.84868 -27.09516 -12.11290 0.23418 -8.54342 3.13437 -1.17744 -7.44324 0.42835 -1.63780 3.98257 0.79820 -0.91785 8.39513 0.36008 -0.30110 -3.69924 -0.01628 4.97168 29.55592 -2.58187 1.26778 10.02412 -1.15087 -0.00000 0.00000 0.00000 -83.08732 35.60708 -3.48526 26.01157 -12.13620 -49.42854 0.00000 19.84110 -0.00000 26.56882 -19.03985 -33.11818 -7.12502 -0.00000 0.00000 3.34642 -4.38884 -7.61656 -0.00000 0.00000 0.00000 89.50831 33.56707 0.59133 -26.68720 -12.92919 51.06850 -0.00000 11.72450 0.00000 -37.48916 18.13458 -22.08672 7.12502 -0.00000 -0.00000 -13.65240 3.06855 -57.42859
0.52421 0.90519 -0.00720 -0.06173 -1.60620 -89.77411 -0.00000 0.00000 -0.00000 -10.15309 -13.45135 -2.26477 -4.31571 33.83738 14.12280 9.66644 -31.35250 15.00468 -3.79157 -32.02452 -13.15879 -0.00000 0.00000 -0.00000 9.65203 -15.07222 7.03894 6.59204 40.17651 -17.89797 -6.91247 -27.17429 -12.20814 0.22860 -8.44207 3.09660 -1.28094 -7.39043 0.38780 -1.57819 4.03468 0.74983 -0.80565 8.41810 0.32847 -0.41052 -3.84216 0.01022 4.93407 29.52946 -2.50712 1.28940 10.03990 -1.12733 -0.00000 0.00000 0.00000 -83.05012 35.44522 -3.79568 25.86256 -11.96708 -49.07297 0.00000 19.67000 -0.00000 26.61961 -19.07626 -33.10836 -7.12502 -0.00000 0.00000 3.38106 -4.43556 -7.62338 -0.00000 0.00000 0.00000 89.29646 33.65718 0.78694 -26.64710 -12.88087 50.96981 -0.00000 11.68720 0.00000 -37.42334 18.22610 -22.23170 7.12502 -0.00000 -0.00000 -13.62167 3.10296 -57.59191
0.52473 0.90534 -0.00706 0.01302 -1.52767 -89.63827 -0.00000 0.00000 -0.00000 -10.12422 -13.60126 -2.41929 -4.32635 33.87247 14.14189 9.67338 -31.25990 15.10367 -3.87167 -32.31284 -13.30924 -0.00000 0.00000 -0.00000 9.78815 -15.03500 7.18400 6.56012 40.10084 -17.84846 -7.02545 -27.30726 -12.38144 0.21024 -8.09918 2.96898 -1.30010 -7.31610 0.34865 -1.50764 4.06577 0.69285 -0.73124 8.40672 0.29748 -0.52917 -4.16352 0.02532 4.98877 29.69058 -2.49121 1.33288 10.16250 -1.11942 0.00000 0.00000 0.00000 -82.91880 35.39625 -4.25569 25.61416 -11.68956 -48.48485 0.00000 19.35400 -0.00000 26.74049 -19.18306 -33.11137 -7.12502 -0.00000 0.00000 3.46728 -4.55700 -7.67079 0.00000 0.00000 0.00000 89.11490 33.75385 0.97435 -26.57980 -12.80018 50.80463 -0.00000 11.30210 0.00000 -37.68434 18.96763 -22.82050 7.12502 -0.00000 -0.00000 -14.05625 3.41967 -58.40049
0.52528 0.90568 -0.00697 0.08409 -1.56002 -89.47901 -0.00000 0.00000 -0.00000 -10.22264 -13.69945 -2.61468 -4.33155 33.88960 14.15122 9.56138 -31.27675 14.84219 -3.74366 -31.84999 -13.06822 -0.00000 0.00000 -0.00000 9.81858 -14.98636 7.36467 6.53129 40.03223 -17.80367 -7.16627 -27.42263 -12.64001 0.19971 -7.89546 2.89327 -1.40665 -7.18865 0.33380 -1.45539 4.07069 0.67727 -0.61888 8.33551 0.28240 -1.08642 -3.74952 0.00508 5.39586 29.15271 -2.49304 1.57742 9.89078 -1.14118 -0.00000 0.00000 0.00000 -82.86923 35.33665 -4.66197 25.21939 -11.25954 -47.56147 0.00000 18.99230 -0.00000 26.94578 -19.58944 -33.40733 -7.12502 -0.00000 0.00000 3.65570 -4.88073 -8.09594 -0.00000 0.00000 0.00000 88.89083 33.71327 1.12427 -26.43469 -12.62768 50.45006 -0.00000 10.96190 0.00000 -37.63561 18.88658 -22.77206 7.12502 -0.00000 -0.00000 -13.99151 3.38366 -58.32617
0.52619 0.90589 -0.00673 0.24745 -1.71519 -89.08124 -0.00000 0.00000 -0.00000 -10.48696 -13.98264 -2.90116 -4.34701 33.94044 14.17893 9.33500 -31.20022 14.41190 -3.55650 -31.15263 -12.71004 -0.00000 0.00000 -0.00000 9.62650 -15.07097 7.34660 6.51626 39.99635 -17.78029 -7.29411 -27.64177 -12.76844 0.17862 -7.47034 2.73553 -1.46545 -6.97765 0.34908 -1.48428 3.98260 0.69934 -0.61306 8.11675 0.29210 -1.32207 -3.57716 -0.00705 5.40641 28.79704 -2.42965 1.63662 9.72677 -1.13219 0.00000 0.00000 -0.00000 -82.67121 35.63548 -5.08875 24.59732 -10.60804 -46.13262 0.00000 18.46670 -0.00000 27.02238 -19.93480 -33.76302 -7.12502 -0.00000 0.00000 3.76077 -5.10505 -8.54619 0.00000 0.00000 -0.00000 88.72058 33.49233 1.15741 -26.11107 -12.25027 49.66716 -0.00000 10.41220 0.00000 -37.64945 18.88561 -22.76084 7.12502 -0.00000 -0.00000 -14.00299 3.38387 -58.31600
0.52765 0.90618 -0.00659 0.50837 -1.56731 -88.32085 -0.00000 0.00000 -0.00000 -10.39002 -14.65648 -3.22127 -4.40678 34.13572 14.28572 8.91393 -30.78240 13.84236 -3.57274 -31.21414 -12.74140 -0.00000 0.00000 -0.00000 9.92030 -15.03699 7.60120 6.47553 39.89880 -17.71686 -7.78717 -28.04979 -13.63835 0.15868 -7.04397 2.57766 -1.11326 -6.48956 0.38267 -1.64874 3.83450 0.70556 -0.98699 7.67898 0.32078 -0.75698 -3.50245 -0.15838 5.26965 28.29176 -2.61073 1.44939 9.53029 -1.16163 -0.00000 0.00000 -0.00000 -81.69256 36.17333 -5.94098 23.54472 -9.57326 -43.78016 0.00000 18.27080 -0.00000 26.85760 -20.33581 -34.46030 -7.12502 -0.00000 0.00000 3.74671 -5.23090 -9.31088 -0.00000 0.00000 -0.00000 89.01945 32.96019 1.22254 -25.55700 -11.62647 48.35030 -0.00000 9.67662 0.00000 -37.20889 19.13977 -23.35558 7.12502 -0.00000 -0.00000 -13.70075 3.46797 -58.93525
0.52944 0.90670 -0.00625 0.92582 -1.37743 -87.17041 -0.00000 0.00000 -0.00000 -10.26562 -15.79193 -3.51161 -4.50040 34.43767 14.45191 8.29151 -30.00289 13.10150 -3.74044 -31.83819 -13.06210 -0.00000 0.00000 -0.00000 10.16517 -15.09989 7.68067 6.40652 39.73235 -17.60909 -8.30438 -28.73481 -14.27324 0.08664 -5.21302 1.90299 -0.77034 -5.82347 0.25891 -1.74360 3.63946 0.49712 -1.31794 7.08564 0.24003 -0.43949 -3.34258 -0.07124 5.02607 27.04521 -2.29283 1.36200 9.04270 -0.99178 -0.00000 0.00000 -0.00000 -80.89461 36.42586 -6.72433 22.15851 -8.32785 -40.78920 0.00000 17.51720 -0.00000 25.94721 -20.88639 -36.22945 -7.12502 -0.00000 0.00000 3.38421 -5.03917 -11.05034 -0.00000 0.00000 -0.00000 89.29938 32.48185 1.02455 -24.81718 -10.83475 46.63411 -0.00000 9.01398 0.00000 -36.80465 18.92954 -23.44001 7.12502 -0.00000 -0.00000 -13.29591 3.35928 -58.92626
0.53189 0.90730 -0.00550 1.53096 -1.19157 -85.74593 -0.00000 0.00000 -0.00000 -10.19582 -17.31780 -3.73234 -4.61445 34.79921 14.65265 7.43788 -29.03477 11.91412 -3.85728 -32.26136 -13.28230 -0.00000 0.00000 -0.00000 10.31583 -15.41663 7.68879 6.35328 39.60289 -17.52569 -8.89462 -29.73842 -14.73946 0.01466 -2.14763 0.78206 -0.60917 -5.14950 0.02161 -1.64028 3.53046 0.14663 -1.35370 6.57376 0.07316 -0.35658 -2.98308 0.20008 4.23842 24.51792 -1.42414 1.22301 8.07591 -0.62477 0.00000 0.00000 0.00000 -79.79210 36.36718 -8.48011 20.24541 -6.80251 -36.82423 0.00000 16.62420 -0.00000 26.48230 -21.91454 -36.83869 -7.12502 -0.00000 0.00000 3.83072 -5.91693 -11.99475 0.00000 0.00000 0.00000 89.22814 32.07007 0.67697 -23.92042 -9.93328 44.61103 -0.00000 8.20973 0.00000 -35.72375 18.98900 -24.34331 7.12502 -0.00000 -0.00000 -12.39956 3.31567 -59.73872
0.53455 0.90772 -0.00426 2.28130 -0.97595 -83.83751 -0.00000 0.00000 -0.00000 -10.17391 -19.34499 -3.85487 -4.79906 35.37045 14.97383 6.26174 -28.05255 9.83391 -3.89746 -32.40474 -13.35741 -0.00000 0.00000 -0.00000 10.35269 -15.79599 7.51316 6.29480 39.45966 -17.43381 -9.63965 -30.84040 -15.41445 0.00249 0.88459 -0.32199 -0.01070 -4.44797 -0.05545 -1.73122 3.53900 -0.00766 -1.80479 6.17608 0.02433 0.08132 -2.09145 0.31557 3.21421 20.09102 -0.67511 0.91083 6.44414 -0.28241 -0.00000 0.00000 -0.00000 -78.12420 36.71846 -10.59531 18.17443 -5.37308 -32.70035 0.00000 16.18440 -0.00000 26.68937 -21.60080 -36.21527 -7.12502 -0.00000 0.00000 3.88133 -5.84663 -11.33522 -0.00000 0.00000 -0.00000 89.80840 30.66498 -0.34778 -22.96716 -9.03896 42.52037 -0.00000 7.61005 0.00000 -34.49045 18.90192 -25.24469 7.12502 -0.00000 -0.00000 -11.33872 3.18643 -60.49339
0.53724 0.90809 -0.00224 3.30228 -0.64191 -81.12851 -0.00000 0.00000 -0.00000 -10.45940 -22.03514 -4.46688 -5.11258 36.30330 15.50931 5.04506 -27.01608 7.51957 -4.04079 -32.90777 -13.62304 -0.00000 0.00000 -0.00000 10.31551 -16.21095 7.16598 6.20631 39.24083 -17.29425 -10.72297 -32.53395 -16.19433 0.06290 4.44400 -1.62095 0.87240 -3.95371 -0.25002 -1.95956 3.60956 -0.32138 -2.58191 5.95276 -0.08888 0.77963 -1.15142 0.45721 2.10116 14.14130 0.04166 0.57196 4.91152 0.05836 0.00000 0.00000 0.00000 -76.21928 36.95679 -12.63469 16.16959 -4.18341 -28.83860 0.00000 15.31230 -0.00000 26.38544 -21.03550 -35.88779 -7.12502 -0.00000 0.00000 3.63045 -5.36118 -10.82067 0.00000 0.00000 0.00000 90.81996 29.16843 -2.14414 -21.97232 -8.16996 40.39563 -0.00000 7.04097 0.00000 -32.85283 17.90491 -25.45847 7.12502 -0.00000 -0.00000 -9.64838 2.66458 -60.29388
0.53955 0.90883 0.00094 4.46054 0.22905 -78.61447 -0.00000 0.00000 -0.00000 -10.45777 -25.28627 -4.96813 -5.57547 37.60238 16.27924 4.03683 -26.20778 5.42947 -4.20024 -33.45237 -13.91439 -0.00000 0.00000 -0.00000 10.71472 -16.79859 6.94129 6.03644 38.81344 -17.02448 -11.87331 -33.98262 -17.21317 0.15307 6.91918 -2.53151 1.91893 -3.67583 -0.42378 -1.90491 3.53946 -0.62017 -3.14995 5.69681 -0.19598 0.79239 -0.20204 0.80664 1.45982 8.59141 0.84673 0.36881 2.75208 0.44699 -0.00000 0.00000 -0.00000 -75.55089 36.26830 -13.42050 14.69493 -3.41898 -26.06391 0.00000 13.80670 -0.00000 25.98006 -19.88068 -34.90917 -7.12502 -0.00000 0.00000 3.20584 -4.50464 -9.50531 -0.00000 0.00000 -0.00000 91.88274 28.59201 -5.25068 -21.02113 -7.39571 38.41169 -0.00000 5.92802 0.00000 -31.29623 17.17321 -25.90545 7.12502 -0.00000 -0.00000 -8.10539 2.24858 -60.40257
0.54127 0.90901 0.00502 5.22751 0.89090 -76.83949 -0.00000 0.00000 -0.00000 -10.22674 -28.12416 -4.11886 -6.03594 38.81219 17.02369 3.04608 -26.36121 2.79248 -3.79983 -32.05444 -13.17435 -0.00000 0.00000 -0.00000 10.75676 -17.29937 6.49007 5.90993 38.48873 -16.82192 -12.56050 -34.48526 -18.09890 0.17548 7.40496 -2.71130 2.54310 -3.11428 -0.27956 -2.05525 3.35030 -0.44736 -3.62661 5.18601 -0.09332 0.42986 0.50904 1.11650 1.82366 4.07152 1.39426 0.51428 1.15150 0.71264 -0.00000 0.00000 -0.00000 -75.58541 34.79945 -13.24844 13.60414 -2.90987 -24.04160 0.00000 12.62990 -0.00000 25.96987 -18.53182 -33.12531 -7.12502 -0.00000 0.00000 2.92006 -3.79943 -7.41154 -0.00000 0.00000 -0.00000 93.74290 28.35598 -9.75158 -20.07872 -6.67932 36.48639 -0.00000 4.24290 0.00000 -29.81006 16.02302 -25.72329 7.12502 -0.00000 -0.00000 -6.46588 1.71489 -59.79163
0.54191 0.90808 0.01107 5.50244 1.44853 -75.80390 -0.00000 0.00000 -0.00000 -9.55309 -29.93693 -2.44776 -6.48429 39.91983 17.73052 2.67999 -27.78351 1.25839 -3.16226 -29.59525 -11.93044 -0.00000 0.00000 -0.00000 10.50937 -17.63526 5.62025 5.87208 38.39049 -16.76105 -12.48868 -34.41413 -18.02521 0.18536 7.60886 -2.78689 2.51028 -2.78300 -0.04895 -2.02264 3.33854 -0.13270 -3.53451 5.00996 0.05704 0.83523 2.00912 1.02496 1.28675 -0.44071 1.39453 0.23589 -0.46361 0.68389 -0.00000 0.00000 -0.00000 -76.56853 32.89528 -12.02551 13.29316 -2.77317 -23.46924 0.00000 10.06770 -0.00000 26.27803 -16.25757 -29.55302 -7.12502 -0.00000 0.00000 2.58371 -2.90948 -3.36234 -0.00000 0.00000 -0.00000 95.08405 28.88903 -13.84820 -18.78497 -5.77224 33.90037 -0.00000 2.03496 0.00000 -26.54605 14.78832 -27.06344 7.12502 -0.00000 -0.00000 -3.31196 0.91929 -60.49572
0.54178 0.90667 0.01948 5.41964 1.66460 -75.18665 -0.00000 0.00000 -0.00000 -9.12093 -30.67822 -0.89932 -7.01260 41.14567 18.54339 4.18636 -30.15628 3.65887 -2.05946 -24.40147 -9.50394 -0.00000 0.00000 -0.00000 9.67022 -17.77717 4.33544 5.89178 38.44168 -16.79275 -11.92008 -33.69410 -17.57248 0.13946 6.60639 -2.41596 1.88867 -2.67842 0.04519 -1.98090 3.48690 0.02234 -3.12264 5.11470 0.11172 0.67489 2.27367 1.25971 1.61974 -2.88667 1.75013 0.33877 -1.27434 0.83684 0.00000 0.00000 -0.00000 -77.80477 30.90044 -10.17651 13.37458 -2.80860 -23.61891 0.00000 5.41140 -0.00000 25.98072 -13.69556 -25.91284 -7.12502 -0.00000 0.00000 1.78989 -1.73501 0.90565 0.00000 0.00000 -0.00000 95.81197 28.74548 -16.74820 -17.05323 -4.68557 30.52679 -0.00000 0.91828 0.00000 -24.84348 12.61052 -25.24636 7.12502 -0.00000 -0.00000 -1.04780 0.24212 -58.00949
0.54159 0.90463 0.03136 5.08860 1.76331 -74.79672 -0.00000 0.00000 -0.00000 -8.62704 -31.15467 1.31716 -7.67821 42.58193 19.54068 6.66592 -32.33727 7.81196 -1.10761 -18.24302 -6.89038 -0.00000 0.00000 -0.00000 8.15405 -18.02814 2.19295 5.98172 38.67369 -16.93705 -10.74676 -31.79748 -16.93578 0.03073 3.10845 -1.13257 1.58621 -2.78701 0.18976 -2.13072 3.57464 0.23542 -3.08582 5.28219 0.21086 0.94403 2.59362 1.43000 1.99868 -4.40628 2.02926 0.38792 -1.81913 0.94436 -0.00000 0.00000 0.00000 -79.07465 29.20528 -7.84276 13.48022 -2.85496 -23.81331 0.00000 1.01861 -0.00000 25.70533 -11.65504 -22.76605 -7.12502 -0.00000 0.00000 1.09838 -0.93661 4.54980 -0.00000 0.00000 0.00000 95.57985 24.92217 -18.19421 -15.04077 -3.59024 26.71021 -0.00000 2.55329 0.00000 -21.99292 9.72034 -22.68691 7.12502 -0.00000 -0.00000 2.49324 -0.41909 -54.53578
0.54220 0.90158 0.04651 4.51270 1.79092 -74.71639 -0.00000 0.00000 -0.00000 -8.04720 -31.62855 4.02804 -8.39259 44.00579 20.58234 7.89505 -32.62192 10.20061 -1.14019 -18.49693 -6.99375 -0.00000 0.00000 -0.00000 6.04244 -18.44209 -0.38031 6.21158 39.25393 -17.30257 -8.91352 -28.34621 -16.15675 0.05543 -4.17236 1.52148 1.44088 -2.75268 0.26282 -2.21444 3.61281 0.34354 -3.07905 5.30917 0.26043 1.15682 3.00635 1.55485 2.24473 -5.43525 2.24387 0.40753 -2.23084 1.02266 0.00000 0.00000 -0.00000 -80.59080 27.73108 -5.28123 13.37311 -2.80796 -23.61621 0.00000 -2.17311 0.00000 25.34987 -9.94098 -20.02113 -7.12502 -0.00000 0.00000 0.41793 -0.31818 7.71801 0.00000 0.00000 -0.00000 93.66607 17.96687 -18.20614 -12.81414 -2.56976 22.59099 -0.00000 7.04091 0.00000 -20.12616 8.10168 -21.03503 7.12502 -0.00000 -0.00000 4.72389 -0.61294 -52.37632
0.54433 0.89845 0.06518 3.76110 1.77426 -74.83150 -0.00000 0.00000 -0.00000 -8.09652 -31.90075 5.38188 -9.20068 45.48888 21.73011 7.30476 -32.27774 9.19659 -2.08619 -24.54631 -9.56847 -0.00000 0.00000 -0.00000 3.05397 -19.26655 -3.67515 6.61801 40.23784 -17.93820 -6.24339 -23.60721 -13.84032 0.41194 -11.28845 4.16633 1.45582 -2.61705 0.21164 -2.18256 3.79674 0.27174 -3.06344 5.42006 0.22668 1.41643 3.55078 1.68290 2.39863 -6.68126 2.47519 0.38257 -2.74571 1.10110 -0.00000 0.00000 0.00000 -82.14040 26.28743 -3.31883 12.85581 -2.58711 -22.66723 0.00000 -4.14951 0.00000 24.62964 -8.94928 -18.74253 -7.12502 -0.00000 0.00000 -0.35723 0.25689 9.28013 -0.00000 0.00000 0.00000 90.02493 8.63463 -16.66868 -10.48984 -1.70186 18.38129 -0.00000 13.99490 0.00000 -20.32972 8.00319 -20.59540 7.12502 -0.00000 -0.00000 4.58140 -0.55886 -51.94004
0.54918 0.89442 0.08608 3.04092 1.41903 -75.34947 -0.00000 0.00000 -0.00000 -9.02215 -32.28922 5.71297 -10.43577 47.53298 23.43217 6.96330 -31.79313 8.79294 -2.40144 -26.17249 -10.30444 -0.00000 0.00000 -0.00000 -1.22098 -21.30849 -7.32943 7.59898 42.41680 -19.42340 -3.37360 -17.02380 -10.75980 1.13280 -18.43966 6.97041 1.13306 -2.16366 0.08310 -2.05258 4.10168 0.10666 -2.76394 5.46778 0.12880 1.53328 3.74031 1.97301 2.50400 -7.66504 2.90209 0.35724 -3.11646 1.28433 0.00000 0.00000 -0.00000 -83.92799 24.41608 -2.24847 11.87859 -2.19704 -20.88680 0.00000 -5.03492 0.00000 23.71399 -8.51926 -18.63683 -7.12502 -0.00000 0.00000 -1.14137 0.81263 9.55459 0.00000 0.00000 -0.00000 85.24274 -2.89950 -13.85796 -8.54561 -1.12061 14.91448 -0.00000 22.45490 0.00000 -19.89997 8.55484 -22.33944 7.12502 -0.00000 -0.00000 4.74664 -0.73126 -53.73809
0.55674 0.88939 0.10843 2.61219 0.37223 -77.09918 -0.00000 0.00000 -0.00000 -10.13096 -33.22004 7.05814 -12.11176 49.95327 25.66096 6.30157 -31.44738 7.58895 -2.51556 -26.72745 -10.56066 -0.00000 0.00000 -0.00000 -6.22818 -24.63232 -8.80726 9.37431 45.79161 -21.97297 -1.17891 -9.40529 -7.41465 1.05163 -17.79654 6.70941 0.36224 -1.43258 0.25988 -2.14429 4.43861 0.36964 -2.39490 5.41202 0.22368 1.60807 3.78673 2.15772 2.41935 -8.65517 3.16652 0.28508 -3.46417 1.39365 0.00000 0.00000 -0.00000 -85.66130 22.07670 -1.99006 10.69304 -1.77007 -18.74623 0.00000 -5.29886 0.00000 22.45701 -8.02857 -18.67024 -7.12502 -0.00000 0.00000 -2.19661 1.55474 9.72601 0.00000 0.00000 -0.00000 81.86836 -10.88112 -10.89389 -7.91859 -0.96011 13.80496 -0.00000 27.88580 0.00000 -19.36415 9.43371 -25.00287 7.12502 -0.00000 -0.00000 4.83071 -0.98494 -56.49705
0.56554 0.88281 0.12995 2.39330 -1.10698 -80.45388 -0.00000 0.00000 -0.00000 -10.02721 -34.75906 10.81802 -14.06405 52.36564 28.16675 5.18674 -30.77758 5.55001 -2.76098 -27.86767 -11.09577 -0.00000 0.00000 -0.00000 -9.74461 -28.97095 -6.06345 11.77180 49.49121 -25.21537 -0.12622 -2.30477 -5.59140 1.44561 -20.69774 7.90416 -1.08567 -0.61170 0.87218 -2.48387 4.59337 1.22762 -1.84990 5.11921 0.58567 1.59250 4.29843 2.40012 2.48454 -9.82717 3.53337 0.25549 -3.97760 1.54152 0.00000 0.00000 -0.00000 -86.96500 20.60170 -1.48867 9.99235 -1.54089 -17.49002 0.00000 -5.75601 0.00000 21.46068 -7.30761 -17.92939 -7.12502 -0.00000 0.00000 -3.15028 2.15255 10.68880 0.00000 0.00000 -0.00000 80.62347 -9.52922 -7.65087 -8.12637 -1.01186 14.17222 -0.00000 25.57830 0.00000 -19.53126 10.32245 -26.79990 7.12502 -0.00000 -0.00000 4.29029 -1.03014 -58.47661
0.57406 0.87588 0.14825 2.10002 -1.91140 -83.75234 -0.00000 0.00000 -0.00000 -8.03083 -36.44894 15.78427 -16.18486 54.59798 30.80499 3.48781 -29.70369 2.30622 -2.98341 -28.84461 -11.56407 -0.00000 0.00000 -0.00000 -10.39902 -33.30239 -2.00317 13.68580 51.92776 -27.68770 0.04137 0.28229 -3.15119 1.72484 -22.48117 8.66293 -2.48795 0.20946 1.42453 -2.80148 4.64677 1.96953 -1.34251 4.69171 0.89548 1.80441 4.98930 2.80865 2.74871 -11.04864 4.17448 0.21550 -4.55707 1.79793 0.00000 0.00000 0.00000 -87.14273 20.58539 -0.84492 9.82343 -1.48817 -17.18808 0.00000 -6.55535 0.00000 21.31773 -7.29972 -18.03493 -7.12502 -0.00000 0.00000 -3.25611 2.23281 10.59597 0.00000 0.00000 0.00000 80.47996 -5.52595 -3.16441 -8.29693 -1.05540 14.47398 -0.00000 23.71070 0.00000 -20.91519 10.85202 -26.22700 7.12502 -0.00000 -0.00000 2.92887 -0.68632 -58.17675
0.58260 0.86983 0.16360 1.82386 -1.85058 -85.22552 -0.00000 0.00000 -0.00000 -6.21970 -37.95310 19.26654 -17.91453 56.17928 32.90633 2.59273 -29.44197 0.40242 -2.91871 -28.56560 -11.42936 -0.00000 0.00000 -0.00000 -9.32635 -36.34446 0.21697 13.41218 51.60265 -27.33935 -0.00211 -0.74966 -0.04700 1.54957 -21.38384 8.19369 -3.16667 1.19377 1.42914 -2.92646 4.62321 1.92694 -1.12346 4.09272 0.85046 1.67787 5.68370 3.21140 3.38187 -12.35882 4.83541 0.29814 -4.66392 2.04770 -0.00000 0.00000 0.00000 -86.14312 21.02405 -1.09600 9.45587 -1.37681 -16.53225 0.00000 -6.22138 0.00000 22.17648 -7.56160 -17.89191 -7.12502 -0.00000 0.00000 -2.54756 1.74445 10.62029 -0.00000 0.00000 0.00000 81.28846 -2.79322 2.57367 -8.29978 -1.05614 14.47904 -0.00000 25.10660 0.00000 -22.86771 11.74652 -25.76685 7.12502 -0.00000 -0.00000 0.94212 -0.21971 -58.12629
0.59103 0.86747 0.17576 2.17337 -1.19130 -84.73595 -0.00000 0.00000 -0.00000 -6.42930 -39.10060 19.61349 -18.00704 56.25860 33.01762 2.36958 -30.76418 -0.56406 -2.34328 -25.88314 -10.17190 -0.00000 0.00000 -0.00000 -6.76235 -37.98447 1.57297 11.18961 48.66703 -24.44491 0.03545 -2.32325 1.28407 1.60229 -21.72141 8.33721 -3.29344 1.37745 1.13241 -2.90388 4.66841 1.52011 -1.05748 4.03369 0.64227 1.48553 6.40446 3.26035 3.79746 -13.62825 4.99732 0.39345 -5.19096 2.06133 -0.00000 0.00000 -0.00000 -84.01631 18.98193 -3.79298 8.24816 -1.04286 -14.38766 0.00000 -2.03131 0.00000 22.54040 -7.91706 -18.35948 -7.12502 -0.00000 0.00000 -2.17144 1.51840 10.05248 -0.00000 0.00000 -0.00000 83.02336 1.63295 7.99414 -8.77301 -1.18202 15.31781 -0.00000 24.36640 0.00000 -23.06544 12.68485 -27.27921 7.12502 -0.00000 -0.00000 0.38246 -0.10146 -59.85676
0.60005 0.87295 0.18443 3.33177 0.29953 -82.46081 -0.00000 0.00000 -0.00000 -9.03795 -39.78760 15.71574 -16.02900 54.44569 30.61360 2.88416 -32.10265 0.04048 -1.83515 -23.13761 -8.94747 -0.00000 0.00000 -0.00000 -1.53505 -37.76485 5.25887 8.59329 44.38608 -20.87025 -0.02662 -4.66491 0.47013 2.04966 -24.34808 9.48020 -3.08389 0.78478 0.82232 -2.50265 4.67025 1.13738 -0.77265 4.36775 0.45467 1.13399 6.36421 2.82026 4.13104 -14.49505 4.42725 0.59597 -5.46580 1.74965 -0.00000 0.00000 0.00000 -82.04326 14.07179 -8.55103 6.62917 -0.67026 -11.53421 0.00000 7.55259 -0.00000 22.67773 -8.10656 -18.64822 -7.12502 -0.00000 0.00000 -2.01338 1.42554 9.71417 -0.00000 0.00000 0.00000 84.00429 9.64593 12.11280 -9.77975 -1.47470 17.11006 -0.00000 19.20900 0.00000 -23.56880 12.87291 -27.05351 7.12502 -0.00000 -0.00000 -0.10551 0.02774 -59.72967
0.61098 0.88757 0.18680 4.86266 2.19967 -77.77760 -0.00000 0.00000 -0.00000 -13.88156 -39.48462 7.83253 -12.71781 50.74429 26.44809 3.67673 -31.09191 2.11069 -1.65025 -22.02278 -8.46597 -0.00000 0.00000 -0.00000 5.41652 -35.85740 12.05834 7.09585 41.33162 -18.66968 -0.44995 -8.17510 -2.18786 1.74542 -22.60555 8.71662 -3.35489 0.97837 0.57938 -2.08410 4.13340 0.79836 -0.21833 3.69161 0.29015 1.00841 6.52995 1.59978 4.67102 -15.18082 2.85364 0.94565 -5.70500 0.92798 0.00000 0.00000 -0.00000 -80.02386 11.66340 -13.53184 6.00048 -0.54826 -10.43168 0.00000 16.41570 -0.00000 21.67749 -7.48959 -18.15536 -7.12502 -0.00000 0.00000 -2.93265 2.02450 10.41043 0.00000 0.00000 -0.00000 85.26133 17.19178 14.38819 -11.10728 -1.91359 19.49190 -0.00000 15.60030 0.00000 -24.54889 12.70094 -25.70405 7.12502 -0.00000 -0.00000 -0.83864 0.20065 -58.45473
0.62220 0.91057 0.18341 6.32225 4.55920 -70.65732 -0.00000 0.00000 -0.00000 -18.38756 -37.60214 -0.65364 -8.89540 44.94336 21.30001 2.84547 -27.08873 1.95580 -1.31827 -19.81647 -7.53637 -0.00000 0.00000 -0.00000 13.18597 -33.93290 19.61442 7.01530 41.15173 -18.54749 -0.95071 -11.68363 -3.31709 1.02850 -17.60819 6.63336 -3.76027 1.54138 0.21716 -1.73692 3.67362 0.28149 0.33403 2.90494 0.03727 0.28636 6.36094 -0.13582 6.09025 -15.59625 0.61284 1.76391 -5.77293 -0.23577 -0.00000 0.00000 0.00000 -75.19004 17.78939 -19.62940 6.69212 -0.68317 -11.64475 0.00000 15.40560 -0.00000 20.21501 -6.87890 -18.01792 -7.12502 -0.00000 0.00000 -4.19712 2.86097 10.77846 -0.00000 0.00000 0.00000 86.60171 24.05374 16.29050 -12.50856 -2.44448 22.03277 -0.00000 12.80040 0.00000 -26.73267 12.90814 -23.91866 7.12502 -0.00000 -0.00000 -2.75229 0.58273 -56.94530
0.63243 0.93392 0.17940 7.43218 7.69362 -61.34496 -0.00000 0.00000 -0.00000 -21.31644 -36.20198 -8.01003 -6.30893 39.49436 17.45602 0.60542 -20.84905 -1.88715 -1.47158 -20.87178 -7.97733 -0.00000 0.00000 -0.00000 20.61763 -34.61541 23.18619 7.81229 42.85797 -19.73832 -0.16412 -11.53098 1.15580 0.82323 -15.82060 5.91970 -2.81608 1.80442 -0.55278 -1.45614 3.50058 -0.75349 0.05935 2.60036 -0.44521 -0.74514 4.76201 -2.28036 7.44990 -14.88052 -2.31147 2.64949 -5.13992 -1.65912 0.00000 0.00000 0.00000 -66.01264 28.20715 -28.23200 8.40113 -1.08248 -14.65849 0.00000 7.31185 -0.00000 19.44943 -7.13256 -19.37261 -7.12502 -0.00000 0.00000 -4.63001 3.31880 9.44122 0.00000 0.00000 0.00000 85.52964 31.90361 19.33119 -14.27581 -3.21784 25.28406 -0.00000 8.07206 0.00000 -28.10900 12.85850 -22.61810 7.12502 -0.00000 -0.00000 -3.91438 0.74554 -55.76682
0.64278 0.94874 0.17641 7.87235 10.84951 -50.29896 -0.00000 0.00000 -0.00000 -23.60695 -37.06365 -13.00172 -5.50149 37.40062 16.15773 -1.67195 -17.31091 -8.75116 -5.17129 -36.47303 -15.60827 -0.00000 0.00000 -0.00000 27.09062 -36.88538 25.44613 8.94127 45.02643 -21.36489 0.95757 -6.89147 8.41207 0.59873 -13.55563 5.03449 -1.83601 1.92746 -1.75814 -0.81187 3.06432 -2.36166 0.14310 2.10211 -1.21767 -1.36865 3.62684 -4.40037 7.49258 -13.79345 -5.30473 2.98327 -4.44023 -3.05112 0.00000 0.00000 -0.00000 -54.46603 37.31186 -38.94440 10.85769 -1.82640 -19.04235 0.00000 -1.22038 0.00000 19.98695 -7.67701 -20.16787 -7.12502 -0.00000 0.00000 -4.04365 2.99811 8.50354 0.00000 0.00000 -0.00000 80.65659 39.65170 22.83440 -17.02409 -4.66847 30.47080 -0.00000 2.28300 0.00000 -27.00886 12.17392 -22.47570 7.12502 -0.00000 -0.00000 -2.72799 0.49908 -55.35972
0.65398 0.95628 0.17322 8.05620 11.93106 -39.73684 -0.00000 0.00000 -0.00000 -25.32878 -36.70407 -12.43817 -5.62745 37.74288 16.36429 -2.43544 -20.44812 -10.67471 -4.85221 -35.53182 -15.06547 -0.00000 0.00000 -0.00000 31.23967 -37.88135 29.15522 9.57784 46.13975 -22.25606 0.52318 0.43127 14.72790 0.07572 -4.87465 1.77881 -2.53183 1.74946 -2.57979 -0.66478 2.74080 -3.45277 0.66497 1.93937 -1.77078 -1.69229 4.29479 -6.58175 7.19711 -12.82926 -8.33760 3.17841 -4.08003 -4.49306 -0.00000 0.00000 0.00000 -39.48227 44.05602 -52.42625 13.91250 -3.04909 -24.61092 0.00000 -8.59298 0.00000 21.07523 -8.39526 -20.74963 -7.12502 -0.00000 0.00000 -3.03363 2.31440 7.69285 -0.00000 0.00000 0.00000 73.33692 45.29819 26.58785 -20.27156 -6.82198 36.87733 -0.00000 -1.66043 -0.00000 -27.25259 12.13660 -22.20365 7.12502 -0.00000 -0.00000 -2.92626 0.52181 -55.10187
0.66486 0.95742 0.16920 7.79690 11.03714 -28.90492 -0.00000 0.00000 -0.00000 -25.72816 -30.64769 -10.66285 -5.76704 38.11512 16.59139 1.89208 -25.88829 0.05795 -4.14860 -33.27766 -13.82049 -0.00000 0.00000 -0.00000 32.20637 -36.26796 32.07824 9.46805 45.95284 -22.10356 -0.88747 6.03428 15.13626 0.21732 8.23323 -3.01884 -4.32400 1.75473 -3.66318 -0.35150 2.95620 -4.89912 1.92556 2.38808 -2.54053 -3.45447 3.87131 -8.28127 7.19160 -10.38838 -10.81974 3.46398 -3.03461 -5.60480 -0.00000 0.00000 -0.00000 -24.71792 45.97766 -66.67611 16.85038 -4.56728 -30.13742 0.00000 -13.77220 0.00000 22.37467 -9.26139 -21.35338 -7.12502 -0.00000 0.00000 -1.85225 1.45817 6.80137 -0.00000 0.00000 -0.00000 63.68186 47.76093 31.63081 -23.18673 -9.23941 42.99688 -0.00000 -3.52410 -0.00000 -27.23191 11.33091 -20.89567 7.12502 -0.00000 -0.00000 -2.63839 0.39942 -53.60250
0.67356 0.94741 0.16637 7.34020 9.68206 -17.65862 -0.00000 0.00000 -0.00000 -23.22471 -24.25398 -6.17265 -6.09118 38.95223 17.11168 3.34834 -26.74035 3.37238 -3.05152 -29.13398 -11.70461 -0.00000 0.00000 -0.00000 31.08463 -35.36374 31.32031 9.29824 45.65962 -21.86672 -1.36006 7.82961 14.37933 0.15188 6.89259 -2.52168 -5.70891 1.85679 -4.74360 -0.02791 2.86681 -6.35227 2.98947 2.53286 -3.30101 -5.71683 3.02572 -9.87492 7.15866 -6.80429 -13.15953 3.96372 -1.71514 -6.65365 -0.00000 0.00000 0.00000 -11.42020 44.87115 -79.69583 19.45687 -6.23267 -35.23569 0.00000 -18.03970 0.00000 24.03496 -10.58775 -22.39228 -7.12502 -0.00000 0.00000 -0.31864 0.26428 5.32778 -0.00000 0.00000 0.00000 56.34771 46.70574 34.37638 -25.48595 -11.54845 48.18348 -0.00000 -3.62885 -0.00000 -27.11328 10.13480 -18.96623 7.12502 -0.00000 -0.00000 -2.15525 0.24111 -51.38026
0.68004 0.92810 0.16515 6.89762 8.09501 -6.86625 -0.00000 0.00000 -0.00000 -19.03656 -18.06166 -3.69000 -6.80944 40.68385 18.23320 2.61665 -26.05683 1.83618 -3.91329 -32.46096 -13.38694 -0.00000 0.00000 -0.00000 28.44558 -34.68442 28.46551 10.21736 47.18918 -23.13527 0.19210 0.59630 10.04392 0.35520 10.49486 -3.86605 -6.42044 1.33331 -5.17695 -0.39132 2.81846 -6.88647 2.93065 2.86535 -3.58333 -6.28725 2.87522 -11.85304 7.13386 -4.35139 -15.88078 3.85589 -0.64351 -7.99880 -0.00000 0.00000 -0.00000 -0.13633 41.48432 -90.91833 21.67921 -7.92567 -39.77961 0.00000 -19.83940 0.00000 24.82166 -11.42506 -23.18412 -7.12502 -0.00000 0.00000 0.44474 -0.38290 4.27411 -0.00000 0.00000 -0.00000 53.22562 42.97329 33.35333 -27.26779 -13.64706 52.51748 -0.00000 -3.14131 -0.00000 -27.72435 9.36746 -17.20790 7.12502 -0.00000 -0.00000 -2.48391 0.19497 -49.48537
0.68588 0.90527 0.16466 6.20702 6.39294 2.72097 -0.00000 0.00000 -0.00000 -13.10339 -12.68475 -2.78040 -7.55944 42.33384 19.36474 1.98502 -24.64939 0.77276 -4.17937 -33.38195 -13.87649 -0.00000 0.00000 -0.00000 24.76683 -34.49835 24.30328 12.37748 50.30511 -26.00719 0.82240 -9.12170 6.65768 0.15102 -6.87315 2.51450 -6.45520 1.19211 -5.73488 -0.40374 2.50806 -7.62845 2.92248 2.69975 -3.94177 -8.02026 3.50043 -13.25147 7.54752 -3.02412 -17.89136 4.22555 0.03893 -9.00217 0.00000 0.00000 0.00000 1.83407 38.46823 -95.49930 23.34338 -9.38441 -43.33864 0.00000 -17.14470 0.00000 24.19459 -11.67204 -24.24072 -7.12502 -0.00000 0.00000 0.10405 -0.09294 3.22910 0.00000 0.00000 0.00000 50.24145 39.73580 31.82566 -28.36922 -15.11300 55.38490 -0.00000 -3.48153 -0.00000 -30.48892 9.44354 -15.57147 7.12502 -0.00000 -0.00000 -5.03198 0.26958 -48.05875
0.69447 0.88737 0.16231 5.09667 5.08296 9.28162 -0.00000 0.00000 -0.00000 -6.15687 -8.91029 -1.31123 -7.79361 42.81976 19.71084 2.33126 -23.25038 2.34305 -4.26937 -33.68380 -14.03942 -0.00000 0.00000 -0.00000 21.73111 -36.26412 19.28183 14.95448 53.34670 -29.28374 0.77666 -13.15242 5.80838 1.48236 -20.94352 8.00755 -5.33679 1.50798 -6.00642 -0.01859 2.02127 -8.03242 2.79988 1.96569 -4.10067 -9.12187 4.34564 -13.97529 7.21136 -3.55222 -18.97424 4.44831 -0.07751 -9.53000 0.00000 0.00000 -0.00000 -2.83213 37.41512 -95.01843 24.68449 -10.69748 -46.33102 0.00000 -12.04120 0.00000 23.82726 -12.20353 -25.57844 -7.12502 -0.00000 0.00000 0.02984 -0.02800 1.81724 0.00000 0.00000 -0.00000 47.01061 36.96858 30.94909 -28.58623 -15.41965 55.97087 -0.00000 -2.81343 -0.00000 -33.80035 8.86670 -12.96597 7.12502 -0.00000 -0.00000 -7.96104 0.06853 -45.49003
0.70480 0.87878 0.15600 4.95858 4.97196 12.39558 -0.00000 0.00000 -0.00000 -1.48435 -6.56595 0.95589 -7.29223 41.76292 18.96578 2.93969 -20.06648 6.15031 -3.83265 -32.17291 -13.23609 -0.00000 0.00000 -0.00000 18.41889 -39.51479 14.85536 17.29341 55.63341 -32.15629 1.12639 -12.87513 7.32807 1.02597 -17.58738 6.62496 -5.27597 1.16056 -5.44179 -0.00339 1.75937 -7.26712 2.79774 1.81326 -3.70921 -8.72506 4.99134 -14.76847 7.07141 -5.04567 -20.04850 4.59661 -0.58169 -10.05602 0.00000 0.00000 -0.00000 -10.46019 39.22286 -91.94316 25.93270 -12.04643 -49.24007 0.00000 -5.41365 0.00000 23.98161 -13.16504 -27.11209 -7.12502 -0.00000 0.00000 0.41296 -0.41210 0.06043 0.00000 0.00000 -0.00000 46.69034 33.32580 30.20817 -27.29436 -13.68076 52.58473 -0.00000 1.13424 0.00000 -36.72577 7.42997 -9.83314 7.12502 -0.00000 -0.00000 -10.41374 -0.53841 -42.07296
0.71566 0.88151 0.14519 6.80898 5.69357 14.78710 -0.00000 0.00000 -0.00000 -1.28667 -4.47570 1.57457 -6.21371 39.25922 17.30594 2.37540 -13.47836 10.20030 -3.57102 -31.20763 -12.73808 -0.00000 0.00000 -0.00000 12.21812 -41.08101 10.54769 16.95070 55.32196 -31.74034 1.37088 -11.64418 8.65521 1.00449 -17.41002 6.55352 -7.25565 1.25941 -5.36387 -0.41073 1.63085 -7.17427 3.49452 1.81597 -3.68351 -8.52799 5.30113 -15.25834 7.83029 -6.46688 -20.65668 4.52016 -0.83441 -10.38171 0.00000 0.00000 0.00000 -21.09587 43.68612 -83.63742 27.52000 -13.97018 -53.15955 0.00000 -1.50237 0.00000 24.46752 -14.27650 -28.45465 -7.12502 -0.00000 0.00000 1.02218 -1.08039 -1.58130 0.00000 0.00000 0.00000 48.50436 30.75377 30.80200 -24.71992 -10.73400 46.41182 -0.00000 4.16057 0.00000 -36.85248 5.65259 -7.48644 7.12502 -0.00000 -0.00000 -10.23604 -1.05216 -39.19364
0.72925 0.89759 0.12948 6.81854 7.06144 16.37546 -0.00000 0.00000 -0.00000 -1.36719 -3.59248 1.10262 -5.07558 36.19553 15.44673 1.11545 -7.22007 12.40080 -3.78383 -31.99643 -13.14418 -0.00000 0.00000 -0.00000 9.57678 -40.22853 9.26358 13.11941 51.24670 -26.96487 0.88546 -9.67106 6.85386 1.31404 -19.78638 7.52389 -7.15340 1.09843 -5.48041 -0.19004 1.40125 -7.32818 3.67035 1.70205 -3.75222 -8.42189 5.17783 -15.45403 8.16758 -7.10698 -20.87872 4.66582 -0.94372 -10.49934 0.00000 0.00000 -0.00000 -33.18129 48.30223 -71.12797 28.68971 -15.56812 -56.25300 0.00000 -1.66785 0.00000 27.10007 -16.85988 -29.54329 -7.12502 -0.00000 0.00000 3.19752 -3.63413 -3.60822 0.00000 0.00000 -0.00000 52.02633 29.15603 31.16225 -21.70039 -7.94315 39.82397 -0.00000 5.11489 0.00000 -33.60983 5.66807 -8.45221 7.12502 -0.00000 -0.00000 -7.18068 -0.62371 -40.06174
0.74484 0.92318 0.10908 6.84346 9.41867 17.24491 -0.00000 0.00000 -0.00000 -3.50677 -4.20246 -0.29963 -4.15867 33.31188 13.83884 0.20386 -3.07386 11.39132 -3.67167 -31.58474 -12.93129 -0.00000 0.00000 -0.00000 8.14966 -38.20363 11.65861 8.89338 44.93969 -21.29714 0.14864 -5.73530 2.52694 1.26987 -19.46857 7.39239 -7.23427 0.92641 -5.54808 0.18831 1.06171 -7.42263 4.12429 1.51991 -3.79017 -8.04624 4.41198 -15.73573 8.18604 -7.51383 -21.16981 4.59474 -0.95917 -10.64121 -0.00000 0.00000 -0.00000 -47.24568 51.09322 -55.90922 28.42863 -15.19633 -55.54456 0.00000 -1.67043 0.00000 29.53744 -21.01291 -32.32644 -7.12502 -0.00000 0.00000 5.31392 -7.03901 -7.80135 -0.00000 0.00000 -0.00000 56.15161 28.33060 29.95678 -19.17040 -6.03360 34.66441 -0.00000 3.59148 0.00000 -29.81240 7.78909 -13.30731 7.12502 -0.00000 -0.00000 -4.01497 0.02280 -45.32480
0.76145 0.94855 0.08524 6.72618 11.78843 17.82669 -0.00000 0.00000 -0.00000 -6.19244 -6.12760 -1.37289 -3.71144 31.73171 13.00705 0.07531 -1.86083 6.79446 -4.95900 -35.85200 -15.24851 -0.00000 0.00000 -0.00000 7.02583 -35.99178 16.35151 6.23884 39.32157 -17.34562 -0.10185 -2.10377 -4.51471 0.09432 -5.43844 1.98579 -7.40835 1.18462 -5.32511 0.84452 0.92140 -7.15837 4.95600 1.30810 -3.65639 -8.08707 3.29354 -16.17835 8.48192 -8.13395 -21.67096 4.64788 -0.89358 -10.88194 -0.00000 0.00000 0.00000 -60.85515 50.66557 -41.46503 26.65949 -12.89579 -51.00030 0.00000 -0.67086 0.00000 29.22820 -21.46955 -33.19013 -7.12502 -0.00000 0.00000 5.20213 -7.12752 -8.72994 -0.00000 0.00000 0.00000 59.68550 28.03877 26.47548 -17.74519 -5.10304 31.86381 -0.00000 2.09216 0.00000 -25.47902 9.08497 -18.33284 7.12502 -0.00000 -0.00000 -0.36822 0.03462 -50.37029
0.77750 0.96482 0.06067 6.54281 14.09844 18.58017 -0.00000 0.00000 -0.00000 -8.83811 -9.03366 -1.92181 -3.52137 31.01887 12.64200 -0.00012 -0.05547 0.41213 -6.71877 -40.47394 -18.09381 -0.00000 0.00000 -0.00000 6.41639 -34.51311 22.27809 5.50083 37.39882 -16.15664 -0.63014 -5.14266 -11.94889 0.12689 6.30323 -2.30411 -7.72279 1.00290 -5.19713 1.31374 0.82926 -6.98241 5.61301 1.38646 -3.57719 -8.84868 2.65105 -16.38823 9.33480 -8.45889 -21.90723 4.96370 -0.69485 -10.99922 -0.00000 0.00000 -0.00000 -70.68274 47.32056 -30.08694 23.76577 -9.78387 -44.26789 0.00000 0.40410 -0.00000 27.49008 -17.81481 -30.45368 -7.12502 -0.00000 0.00000 3.61835 -4.29195 -4.80324 -0.00000 0.00000 -0.00000 62.37727 29.86411 21.34441 -17.32378 -4.84622 31.04792 -0.00000 -0.06161 -0.00000 -22.19875 9.27940 -21.56162 7.12502 -0.00000 -0.00000 2.48035 -0.36398 -53.34302
0.79146 0.97114 0.03556 6.21164 15.75888 19.23159 -0.00000 0.00000 -0.00000 -10.93935 -11.23220 -2.03555 -3.16300 29.59828 11.93193 0.21776 4.30007 -2.84037 -7.36000 -41.90942 -19.06738 -0.00000 0.00000 -0.00000 5.40312 -36.13168 19.62847 6.43140 39.79253 -17.64799 -0.83755 -7.14156 -7.79034 0.07743 4.92908 -1.79877 -8.35889 0.51981 -4.69064 1.36104 0.88968 -6.26643 5.97989 1.68044 -3.23998 -8.50271 2.66153 -16.75961 9.84807 -8.54121 -22.36643 5.07664 -0.64288 -11.25882 0.00000 0.00000 -0.00000 -73.85392 44.56353 -23.21210 20.17316 -6.74893 -36.67765 0.00000 -0.20977 0.00000 26.45006 -16.11889 -29.16414 -7.12502 -0.00000 0.00000 2.65296 -2.94619 -2.96492 0.00000 0.00000 -0.00000 66.45093 31.25775 15.51573 -16.78436 -4.52917 30.01093 -0.00000 -1.41210 -0.00000 -20.25422 8.89063 -22.72531 7.12502 -0.00000 -0.00000 4.30937 -0.70124 -54.22502
0.80478 0.96612 0.00728 5.45669 16.45257 19.62551 -0.00000 0.00000 -0.00000 -12.52092 -12.49122 -3.40224 -3.06912 29.20805 11.74072 0.34694 6.13680 -2.77488 -6.37664 -39.65979 -17.56230 -0.00000 0.00000 -0.00000 5.16506 -37.93483 14.05259 8.96614 45.07132 -21.40004 -0.15231 -7.19141 -0.06616 0.03564 -3.34705 1.21971 -8.19288 0.47879 -4.27111 1.33457 1.16059 -5.69235 5.84869 1.86949 -2.96661 -8.73657 2.53103 -16.75763 10.56042 -8.50376 -22.33991 5.29080 -0.50622 -11.26325 -0.00000 0.00000 0.00000 -73.59418 42.50317 -18.13833 16.62813 -4.43974 -29.71207 0.00000 -1.65734 0.00000 27.22707 -15.98578 -28.15773 -7.12502 -0.00000 0.00000 3.08922 -3.32156 -2.03185 -0.00000 0.00000 0.00000 70.84630 32.64974 10.50741 -16.10372 -4.14733 28.71356 -0.00000 -0.50058 -0.00000 -18.74451 8.17643 -22.73874 7.12502 -0.00000 -0.00000 5.88936 -0.92965 -53.93878
0.81790 0.95111 -0.02231 4.75552 16.69746 19.82386 -0.00000 0.00000 -0.00000 -14.07519 -13.15458 -4.91711 -3.34851 30.34679 12.30326 0.02747 1.07464 -2.66098 -4.30876 -33.81442 -14.11031 -0.00000 0.00000 -0.00000 5.77210 -38.78376 10.89753 14.25552 52.58236 -28.40817 0.45371 -7.48137 4.76047 0.02049 -2.53857 0.92461 -8.10268 0.74294 -4.06616 1.43006 1.38706 -5.43406 5.91099 1.91677 -2.84648 -9.07956 2.32937 -16.36500 10.58144 -8.84650 -21.80615 5.36158 -0.59351 -10.98290 0.00000 0.00000 -0.00000 -73.24480 40.51533 -12.22863 13.80791 -3.00145 -24.41760 0.00000 -1.75132 0.00000 26.27811 -14.56406 -26.98906 -7.12502 -0.00000 0.00000 2.18681 -2.21972 -0.40671 0.00000 0.00000 -0.00000 75.37135 33.68326 5.47959 -15.56764 -3.86050 27.69989 -0.00000 0.71487 0.00000 -17.45826 7.93080 -23.68809 7.12502 -0.00000 -0.00000 7.08239 -1.21569 -54.69047
0.82912 0.92650 -0.05052 4.82011 16.93696 19.17173 -0.00000 0.00000 -0.00000 -15.51928 -14.41795 -3.45624 -3.86899 32.30324 13.30421 -0.51554 -9.35896 -4.84394 -4.28910 -33.74934 -14.07496 -0.00000 0.00000 -0.00000 6.39784 -39.43880 9.37469 24.17790 60.60803 -40.25231 0.88154 -7.53832 7.58963 0.00352 -1.05313 0.38336 -9.32973 0.88059 -3.68304 1.31615 1.56499 -4.92681 6.49758 2.04305 -2.62171 -9.01280 2.23840 -16.04197 10.36386 -9.67155 -21.35394 5.37764 -0.88856 -10.74511 -0.00000 0.00000 -0.00000 -72.71930 38.88566 -5.38680 11.94438 -2.22221 -21.00620 0.00000 -0.90598 0.00000 24.09602 -12.17936 -25.25435 -7.12502 -0.00000 0.00000 0.19055 -0.17696 2.11668 -0.00000 0.00000 -0.00000 80.42328 34.37363 -0.16164 -15.26182 -3.70224 27.12467 -0.00000 1.08747 0.00000 -16.86352 8.93673 -27.13374 7.12502 -0.00000 -0.00000 7.08808 -1.67286 -58.21219
0.83668 0.89649 -0.07558 6.06724 18.07090 18.97351 -0.00000 0.00000 -0.00000 -16.86067 -19.10888 1.23750 -5.02524 36.04795 15.36134 -1.98350 -20.16935 -9.44311 -5.80838 -38.22398 -16.65829 -0.00000 0.00000 -0.00000 5.50638 -39.87942 7.75288 39.23844 66.54552 -57.02376 1.19090 -6.08173 10.49042 0.00000 0.02055 -0.00748 -12.37620 0.88643 -3.73700 0.65967 1.40691 -4.99671 7.52692 2.10683 -2.69025 -9.99057 2.95423 -15.50122 11.53337 -11.03167 -20.64304 6.07945 -1.19989 -10.41001 0.00000 0.00000 0.00000 -71.78572 36.20526 1.88558 10.67210 -1.76297 -18.70860 0.00000 1.14476 -0.00000 21.81219 -9.94188 -23.33476 -7.12502 -0.00000 0.00000 -1.98590 1.68282 4.73801 0.00000 0.00000 0.00000 85.92718 36.14635 -6.36938 -15.13616 -3.63832 26.88892 -0.00000 0.13086 0.00000 -16.25869 9.94877 -30.64267 7.12502 -0.00000 -0.00000 7.00070 -2.12350 -61.79099
0.84111 0.86534 -0.09806 7.51372 19.46686 20.38322 -0.00000 0.00000 -0.00000 -18.06532 -25.33630 4.27779 -7.25171 41.67475 18.90488 -4.31212 -28.18995 -14.32963 -6.59794 -40.19046 -17.90711 -0.00000 0.00000 -0.00000 3.69504 -39.33891 4.75826 54.80833 69.24302 -73.80743 1.20394 -2.88501 14.29695 0.03339 3.23988 -1.18056 -14.74992 1.13502 -3.65924 -1.12920 1.36387 -4.90213 6.96360 1.95246 -2.63203 -8.79991 3.58813 -15.77152 12.41092 -12.73108 -20.87844 6.44835 -1.73085 -10.62080 -0.00000 0.00000 -0.00000 -67.12641 33.07173 6.64478 9.36051 -1.34867 -16.36235 0.00000 3.79081 -0.00000 19.17662 -8.12133 -22.10725 -7.12502 -0.00000 0.00000 -4.38389 3.48881 6.55813 -0.00000 0.00000 -0.00000 93.55610 35.18766 -12.53303 -14.88870 -3.51434 26.42571 -0.00000 0.64129 0.00000 -15.17792 9.20122 -30.51660 7.12502 -0.00000 -0.00000 8.21673 -2.43209 -61.37658
0.84531 0.83814 -0.11720 6.61204 19.92261 22.84287 -0.00000 0.00000 -0.00000 -17.16213 -31.55677 4.14589 -11.22121 48.71288 24.48698 -6.95922 -33.19543 -18.84039 -6.75764 -40.56423 -18.15364 -0.00000 0.00000 -0.00000 5.04480 -37.42510 1.72929 61.59283 69.77331 -81.04898 0.86528 -0.67143 15.61550 0.07422 4.82633 -1.76108 -14.20653 1.35306 -3.58535 -2.18090 1.53822 -4.80097 5.55575 1.85052 -2.55689 -8.46876 4.07121 -16.18847 13.06182 -14.22417 -21.37161 6.85066 -2.08933 -10.91905 0.00000 0.00000 0.00000 -61.26198 24.03142 8.56783 7.97297 -0.97352 -13.90104 0.00000 9.85742 -0.00000 16.00365 -5.98961 -19.99227 -7.12502 -0.00000 0.00000 -7.44129 5.38614 9.29582 0.00000 0.00000 0.00000 100.34027 34.71617 -18.35682 -14.59654 -3.37113 25.88051 -0.00000 1.16717 0.00000 -14.09464 7.36461 -27.04523 7.12502 -0.00000 -0.00000 10.08062 -2.25585 -57.48441
0.84789 0.81563 -0.13162 6.38357 19.73836 23.46111 -0.00000 0.00000 -0.00000 -16.17731 -35.80141 4.13306 -15.88307 54.30152 30.43407 -8.75747 -35.94773 -21.56100 -6.99452 -41.10504 -18.51590 -0.00000 0.00000 -0.00000 7.38559 -34.32711 0.24054 58.71427 69.58826 -77.97950 1.30755 -3.72154 13.83359 0.19821 7.86611 -2.88237 -14.47378 1.57186 -3.24180 -2.80302 1.80279 -4.34276 5.05539 1.88925 -2.33543 -8.87038 4.34242 -16.32356 13.12940 -15.43114 -21.58769 7.12553 -2.37280 -11.00305 0.00000 0.00000 0.00000 -55.89794 4.07584 9.16468 7.21658 -0.79565 -12.56698 0.00000 21.55170 -0.00000 13.33170 -4.08756 -16.74109 -7.12502 -0.00000 0.00000 -10.31786 6.53307 12.99607 0.00000 0.00000 0.00000 106.62787 38.60068 -25.30163 -14.59397 -3.36989 25.87572 -0.00000 0.88916 0.00000 -11.36987 5.29324 -24.64420 7.12502 -0.00000 -0.00000 13.36208 -2.26474 -54.44538
0.84869 0.80330 -0.13916 7.11510 20.08976 22.03257 -0.00000 0.00000 -0.00000 -15.78038 -37.98464 5.31307 -18.62055 56.77222 33.75320 -9.59892 -37.45484 -22.73206 -7.12880 -41.40470 -18.71954 -0.00000 0.00000 -0.00000 8.95432 -31.43670 -0.12814 50.53626 68.73080 -69.23138 2.51768 -13.35914 12.61205 0.43811 11.63509 -4.29805 -15.59714 0.59100 -2.83488 -3.66211 1.59354 -3.62065 4.73246 2.09962 -1.98204 -9.28537 4.59054 -16.24866 12.92665 -15.57433 -21.56573 7.17047 -2.43062 -10.95508 0.00000 0.00000 0.00000 -52.46546 -8.31062 11.44021 7.83703 -0.94018 -13.66091 0.00000 21.71570 -0.00000 15.28462 -3.50863 -12.62267 -7.12502 -0.00000 0.00000 -9.27566 4.97605 17.02722 0.00000 0.00000 0.00000 113.54107 43.68518 -33.48798 -15.03326 -3.58646 26.69614 -0.00000 3.17657 0.00000 -4.48591 2.07462 -24.76993 7.12502 -0.00000 -0.00000 20.62743 -3.10401 -53.18590
0.84857 0.80561 -0.14025 6.65108 19.57132 21.16290 -0.00000 0.00000 -0.00000 -14.87438 -37.40557 5.78752 -18.08667 56.32648 33.11335 -9.44008 -37.43299 -22.48582 -6.84737 -40.77094 -18.29133 -0.00000 0.00000 -0.00000 9.58226 -28.95093 -2.32969 42.82260 67.38937 -60.91805 2.62201 -17.58786 11.67295 0.01370 -2.07643 0.75611 -14.74086 -0.43074 -2.70566 -4.08252 1.27535 -3.29166 3.80350 2.19057 -1.79472 -9.52412 4.54791 -16.16288 12.40571 -14.77025 -21.53150 6.93545 -2.25224 -10.89612 0.00000 0.00000 -0.00000 -51.37413 -15.17119 13.53867 8.62716 -1.14243 -15.05906 0.00000 16.67410 -0.00000 20.18306 -4.00168 -10.74942 -7.12502 -0.00000 0.00000 -5.19090 2.58971 18.55611 0.00000 0.00000 -0.00000 118.12332 45.89166 -39.97816 -15.80234 -3.98459 28.14283 -0.00000 5.15727 0.00000 2.68034 -1.12840 -22.81440 7.12502 -0.00000 -0.00000 28.25367 -2.71027 -50.02846
0.84409 0.82311 -0.13374 6.28784 18.75275 19.96538 -0.00000 0.00000 -0.00000 -14.82490 -33.93950 5.29204 -14.44677 52.79561 28.64863 -6.97365 -36.29890 -18.61600 -7.22334 -41.61278 -18.86219 -0.00000 0.00000 -0.00000 7.74737 -28.25042 -6.19334 36.45470 65.77210 -53.98051 2.48280 -9.80816 14.36685 0.04833 3.89692 -1.42070 -14.85016 -1.43011 -2.76877 -3.97662 0.97949 -3.22039 3.93592 2.43932 -1.76570 -9.88824 4.60264 -15.85156 12.26087 -13.83766 -21.16938 6.81504 -2.03734 -10.70074 -0.00000 0.00000 -0.00000 -53.29878 -18.83123 15.14029 9.43894 -1.37180 -16.50208 0.00000 8.75258 -0.00000 25.84866 -4.88862 -9.97643 -7.12502 -0.00000 0.00000 -0.25105 0.12309 18.88097 -0.00000 0.00000 -0.00000 119.38216 46.47994 -44.54414 -16.94530 -4.62240 30.31948 -0.00000 3.29877 0.00000 4.23203 -1.63073 -21.03564 7.12502 -0.00000 -0.00000 29.87463 -1.84316 -48.20475
0.83617 0.84929 -0.12333 4.39216 17.08581 19.12005 -0.00000 0.00000 -0.00000 -13.49711 -28.97485 3.43555 -10.75685 48.02569 23.86572 -3.62451 -32.99415 -12.85589 -7.56560 -42.34678 -19.37388 -0.00000 0.00000 -0.00000 7.64569 -28.10762 -9.01085 31.74174 64.17855 -48.78042 -0.30083 3.75373 14.11964 1.70305 22.34850 -8.60578 -13.67206 -2.33824 -2.89619 -3.34579 0.79699 -3.30085 3.91372 2.73507 -1.80992 -9.67213 4.22061 -15.40922 12.29992 -12.17065 -20.54365 6.52792 -1.63480 -10.41098 0.00000 0.00000 -0.00000 -57.56395 -17.55351 15.67017 9.82419 -1.48841 -17.18945 0.00000 1.50210 -0.00000 32.56269 -2.76511 -4.32001 -7.12502 -0.00000 0.00000 5.53158 -2.03446 24.86859 0.00000 0.00000 -0.00000 119.75475 46.89463 -48.02751 -18.18351 -5.37889 32.71812 -0.00000 1.13201 0.00000 -1.84154 0.77851 -22.90839 7.12502 -0.00000 -0.00000 23.53922 -2.59852 -50.94159
0.82487 0.87943 -0.10994 1.76118 15.25747 18.49210 -0.00000 0.00000 -0.00000 -11.70657 -23.82702 0.16965 -8.19454 43.62232 20.29627 -0.39597 -27.92969 -5.91412 -7.41561 -42.02876 -19.15053 -0.00000 0.00000 -0.00000 8.38359 -28.59204 -11.44994 28.35323 62.76111 -44.99367 -3.19505 15.21203 12.37178 1.49237 21.00987 -8.03552 -12.12623 -3.24759 -3.05321 -2.32059 0.66538 -3.46987 4.08456 3.09981 -1.90026 -9.12732 2.96671 -15.04504 11.94017 -9.58089 -20.01139 5.90207 -0.92274 -10.13303 -0.00000 0.00000 -0.00000 -63.27825 -12.35788 15.13270 10.02073 -1.54985 -17.54078 0.00000 -1.29489 0.00000 33.25196 2.33110 3.54973 -7.12502 -0.00000 0.00000 6.41093 -1.22886 34.19412 -0.00000 0.00000 -0.00000 117.95852 46.32589 -48.92135 -19.04745 -5.94943 34.42012 -0.00000 0.16668 0.00000 -9.36006 3.93169 -22.58631 7.12502 -0.00000 -0.00000 15.72212 -1.98257 -52.00624
0.81010 0.90775 -0.09564 -0.26407 14.18282 17.37682 -0.00000 0.00000 -0.00000 -10.62428 -20.08715 -2.88248 -6.79333 40.64672 18.20847 2.70614 -24.15994 2.96313 -6.71470 -40.46447 -18.08754 -0.00000 0.00000 -0.00000 8.94040 -30.06356 -12.64495 26.58520 61.91087 -42.99754 -4.38120 16.60690 16.37348 0.11931 6.11323 -2.23408 -11.53571 -4.28639 -3.26391 -1.37215 0.53158 -3.67162 4.67658 3.59737 -2.02314 -8.68115 1.24153 -14.50268 12.04782 -6.95059 -19.24201 5.41388 -0.08926 -9.71568 -0.00000 0.00000 0.00000 -69.80906 -2.95481 14.61002 10.80699 -1.80895 -18.95112 0.00000 -4.83922 0.00000 30.93769 2.86186 4.76171 -7.12502 -0.00000 0.00000 4.27851 -0.71609 35.51615 -0.00000 0.00000 0.00000 114.48619 45.49778 -48.35384 -20.02047 -6.63663 36.36861 -0.00000 -1.92129 -0.00000 -13.52097 4.80537 -19.20683 7.12502 -0.00000 -0.00000 11.77231 -0.90432 -49.33077
0.79377 0.92792 -0.08281 -1.24310 13.86260 15.06369 -0.00000 0.00000 -0.00000 -11.00880 -17.62643 -4.87496 -6.25849 39.37018 17.37662 6.27095 -25.85437 11.68048 -4.59707 -34.74457 -14.62219 -0.00000 0.00000 -0.00000 9.22248 -32.60367 -11.72434 25.59550 61.39688 -41.87302 -2.70049 11.63952 16.80531 0.07950 4.99426 -1.82269 -10.89614 -5.29637 -3.14655 -1.20508 0.41274 -3.43219 4.46483 3.97047 -1.90742 -7.86471 0.06709 -13.79461 12.38108 -5.49640 -18.26844 5.14969 0.32813 -9.20764 -0.00000 0.00000 -0.00000 -75.62177 9.97588 14.97481 12.62324 -2.49109 -22.24209 0.00000 -10.16380 0.00000 31.64570 1.02232 1.65824 -7.12502 -0.00000 0.00000 4.79291 -1.11647 31.91753 -0.00000 0.00000 -0.00000 110.67917 44.53836 -46.37569 -20.90551 -7.30518 38.17343 -0.00000 -2.92910 -0.00000 -16.38367 5.39293 -17.72759 7.12502 -0.00000 -0.00000 9.00328 -0.51567 -48.25110
0.77768 0.93836 -0.07095 -1.17384 13.83299 11.67373 -0.00000 0.00000 -0.00000 -12.50005 -15.64435 -4.64347 -5.70671 37.95514 16.49347 5.56196 -27.04811 8.82222 -4.88796 -35.63961 -15.12690 -0.00000 0.00000 -0.00000 9.26811 -35.63457 -8.65555 23.76116 60.36347 -39.77343 -0.56292 4.87344 15.90818 0.00008 -0.16113 0.05865 -10.09798 -5.50974 -2.79229 -1.29457 0.20985 -3.00009 3.97688 3.76034 -1.66169 -7.07824 -1.04698 -12.91179 12.41172 -4.72626 -17.05837 4.89557 0.51187 -8.57254 -0.00000 0.00000 -0.00000 -81.15871 21.89524 16.25658 15.26360 -3.70315 -27.12802 0.00000 -12.34870 0.00000 34.27020 -0.81935 -1.20224 -7.12502 -0.00000 0.00000 7.14125 -2.12323 28.52650 -0.00000 0.00000 -0.00000 105.69039 43.63208 -42.33742 -21.31962 -7.63297 39.02963 -0.00000 -3.70039 -0.00000 -17.23274 5.57925 -17.40313 7.12502 -0.00000 -0.00000 8.17446 -0.43701 -48.03937
0.76145 0.93906 -0.05955 -0.29223 13.55420 7.43035 -0.00000 0.00000 -0.00000 -14.80681 -13.28492 -3.61119 -4.67622 34.99227 14.76064 -0.09570 -26.24669 -4.93726 -6.89141 -40.87157 -18.35869 -0.00000 0.00000 -0.00000 9.62181 -38.32089 -3.41202 20.58336 58.28213 -36.07949 0.72948 -0.84611 13.84331 0.12393 6.22976 -2.27702 -9.53000 -4.76974 -2.28744 -1.43278 0.23020 -2.45189 3.61402 3.25617 -1.36071 -6.65551 -1.75743 -11.89788 12.52838 -4.85821 -15.64454 4.84657 0.41886 -7.85649 0.00000 0.00000 0.00000 -85.64956 31.03420 17.20057 18.31230 -5.46165 -32.97027 0.00000 -10.94770 0.00000 37.24997 -2.37045 -3.11335 -7.12502 -0.00000 0.00000 9.81286 -3.39433 26.10306 0.00000 0.00000 0.00000 99.31511 42.13112 -35.37668 -21.20922 -7.54462 38.80060 -0.00000 -3.38979 -0.00000 -19.02778 6.28620 -17.61446 7.12502 -0.00000 -0.00000 6.32509 -0.39206 -48.53254
0.74557 0.93039 -0.04981 0.70130 13.03999 2.84188 -0.00000 0.00000 -0.00000 -17.85320 -9.29020 -4.22698 -3.55848 31.16015 12.71387 -2.18909 -25.97676 -9.81906 -4.20094 -33.45474 -13.91566 -0.00000 0.00000 -0.00000 10.16312 -41.32759 2.06657 17.25730 55.60095 -32.11254 1.30175 -6.07199 11.20605 0.00264 0.91215 -0.33203 -8.73937 -3.46628 -1.68011 -1.71877 0.44304 -1.81601 2.97968 2.62468 -1.01457 -5.87308 -2.47168 -10.85682 12.69169 -5.16237 -14.19287 4.77051 0.25909 -7.13327 0.00000 0.00000 -0.00000 -88.12412 38.06230 17.13702 21.40487 -7.70168 -39.20687 0.00000 -8.45404 0.00000 39.68673 -5.00144 -5.99745 -7.12502 -0.00000 0.00000 11.90290 -5.05746 22.30437 0.00000 0.00000 -0.00000 93.30580 39.91794 -27.18667 -21.21154 -7.54647 38.80540 -0.00000 -1.26595 -0.00000 -21.97113 7.48913 -17.90392 7.12502 -0.00000 -0.00000 3.28649 -0.24778 -49.30689
0.73084 0.91624 -0.04108 1.61644 12.63230 -1.82469 -0.00000 0.00000 -0.00000 -19.57487 -5.13735 -2.28149 -2.59195 27.08984 10.72944 1.33909 -31.26429 -2.89104 -2.17026 -24.99438 -9.76914 -0.00000 0.00000 -0.00000 10.79025 -44.82839 7.49693 14.23589 52.56029 -28.38345 1.21814 -7.37545 9.72995 0.00495 1.24865 -0.45455 -8.14029 -2.40634 -1.24530 -1.68193 0.78857 -1.35681 2.74007 2.31938 -0.77813 -5.58770 -3.28913 -9.61106 12.52265 -5.10039 -12.49206 4.64270 0.21387 -6.26383 0.00000 0.00000 0.00000 -89.01448 44.17343 15.64707 24.22069 -10.22836 -45.28196 0.00000 -4.59554 0.00000 41.90148 -7.55406 -8.33504 -7.12502 -0.00000 0.00000 13.74818 -6.85117 19.00761 0.00000 0.00000 0.00000 87.83933 39.44827 -19.81442 -22.43018 -8.56210 41.36678 -0.00000 0.68701 0.00000 -24.81389 8.55767 -17.84015 7.12502 -0.00000 -0.00000 0.39035 -0.03213 -49.70539
0.71388 0.89937 -0.03231 2.79017 11.91796 -5.05754 -0.00000 0.00000 -0.00000 -19.72819 -0.60686 1.03410 -1.65678 22.06340 8.48336 3.29055 -35.49755 -0.38134 -3.15719 -29.57438 -11.92017 -0.00000 0.00000 -0.00000 10.63324 -47.48393 12.55980 11.51793 49.13706 -24.88058 0.97201 -6.20347 8.94539 0.09271 5.39193 -1.96870 -8.91827 -1.26404 -1.18244 -1.51039 1.48702 -1.33582 3.36439 2.42666 -0.80529 -5.50548 -3.14750 -8.52396 12.58923 -6.16687 -10.94380 4.74182 -0.25178 -5.52775 -0.00000 0.00000 0.00000 -86.32515 50.44866 11.62669 26.62192 -12.85063 -50.90795 0.00000 -0.60067 0.00000 42.60727 -9.63218 -10.31025 -7.12502 -0.00000 0.00000 14.26326 -8.01244 16.26361 -0.00000 0.00000 0.00000 82.95330 40.59767 -12.72969 -24.80039 -10.81731 46.59570 -0.00000 1.69229 0.00000 -27.21561 10.54725 -19.59222 7.12502 -0.00000 -0.00000 -2.37356 0.29633 -52.11236
0.69076 0.88337 -0.02087 5.52660 11.14795 -6.76363 -0.00000 0.00000 -0.00000 -20.64033 3.69141 4.46022 -0.91286 16.62858 6.24049 1.34608 -36.01896 -4.12717 -3.56572 -31.18755 -12.72784 -0.00000 0.00000 -0.00000 8.22111 -49.23019 17.26442 9.13473 45.37248 -21.63754 0.47596 -4.83671 5.94089 0.09712 5.51820 -2.01511 -12.06286 0.07365 -1.50630 -1.95719 1.58492 -1.87592 4.65094 1.94847 -1.10124 -5.10920 -1.91106 -7.67348 12.84262 -7.15116 -9.74422 4.87629 -0.84496 -5.00868 0.00000 0.00000 0.00000 -79.85637 56.36448 6.31930 28.41945 -15.18343 -55.51986 0.00000 2.37124 -0.00000 42.54299 -11.33661 -12.08998 -7.12502 -0.00000 0.00000 14.13849 -8.74612 13.88290 0.00000 0.00000 0.00000 81.20021 40.44501 -5.98090 -26.79934 -13.06512 51.34535 -0.00000 5.86589 0.00000 -29.74267 11.57006 -19.34220 7.12502 -0.00000 -0.00000 -4.93862 0.63585 -52.31838
0.66621 0.87349 -0.00027 6.87391 10.58939 -8.25844 -0.00000 0.00000 -0.00000 -21.44017 9.70473 6.02607 -0.31934 9.95861 3.66408 3.38771 -35.08294 -0.05004 -4.25563 -33.63804 -14.01463 -0.00000 0.00000 -0.00000 7.04243 -49.27237 21.56684 6.87334 40.83036 -18.33108 0.14928 -5.76103 2.53155 0.10559 5.75257 -2.10130 -12.12233 -0.17218 -1.70760 -2.45106 1.55712 -2.10233 4.14918 2.07933 -1.21610 -5.12460 -1.87181 -7.21274 12.46336 -5.96423 -9.22605 4.69901 -0.57965 -4.71466 0.00000 0.00000 0.00000 -71.65401 60.35301 -0.44751 29.24423 -16.38981 -57.79693 0.00000 5.30108 -0.00000 42.74264 -13.94983 -14.62023 -7.12502 -0.00000 0.00000 14.20275 -10.05503 10.40017 0.00000 0.00000 0.00000 82.86683 41.44527 -2.19959 -28.69245 -15.57207 56.26050 -0.00000 7.97652 0.00000 -31.12130 11.39945 -18.12686 7.12502 -0.00000 -0.00000 -6.12587 0.66433 -51.16575
0.63797 0.87129 0.02862 6.72507 10.17230 -8.99992 -0.00000 0.00000 -0.00000 -20.41758 16.85865 11.12953 -0.00000 0.00000 0.00000 2.14156 -27.63127 0.03326 -5.01650 -36.02222 -15.34649 -0.00000 0.00000 -0.00000 7.17345 -46.62055 27.14058 5.10838 36.29107 -15.50220 -0.47119 -9.35631 -1.61596 0.13216 6.43211 -2.35164 -10.59907 -0.85356 -1.48819 -2.49108 1.37524 -1.75149 3.26813 2.15843 -1.01633 -5.25094 -2.34157 -7.42404 11.23144 -3.93139 -9.67890 4.66281 0.04862 -4.86038 -0.00000 0.00000 -0.00000 -67.19169 62.59271 -4.93436 29.50123 -16.78651 -58.53235 0.00000 7.64627 -0.00000 41.48694 -17.79995 -19.06942 -7.12502 -0.00000 0.00000 13.11180 -11.39062 4.70536 -0.00000 0.00000 -0.00000 84.41955 45.14322 -0.11530 -30.05387 -17.67716 60.16196 -0.00000 6.17923 0.00000 -32.52740 12.24297 -18.39264 7.12502 -0.00000 -0.00000 -7.62485 0.90879 -51.75684
0.60268 0.87285 0.06156 6.41476 9.96783 -7.83716 -0.00000 0.00000 -0.00000 -17.25203 18.91348 11.81825 -0.00000 -0.00000 -0.00000 0.53408 -20.87775 -2.11241 -5.98551 -38.68340 -16.94311 -0.00000 0.00000 -0.00000 6.17445 -41.97376 32.79737 4.12480 33.19663 -13.77707 -2.26132 -14.58288 -8.12109 0.18257 7.55185 -2.76575 -10.59852 -1.52490 -1.68746 -1.95621 1.23798 -1.94419 3.79682 2.43843 -1.12430 -5.13326 -2.97384 -7.83461 9.95855 -2.52350 -10.30460 4.05544 0.57168 -5.12506 0.00000 0.00000 -0.00000 -68.66608 63.95630 -4.19223 29.89987 -17.42355 -59.70082 0.00000 7.79356 -0.00000 37.42918 -21.30061 -25.39017 -7.12502 -0.00000 0.00000 10.22970 -11.25603 -2.24547 0.00000 0.00000 -0.00000 83.01198 50.45446 3.32501 -30.67536 -18.74766 62.08531 -0.00000 5.76623 0.00000 -33.10660 12.52622 -18.39811 7.12502 -0.00000 -0.00000 -8.22278 0.99916 -51.88058
0.56558 0.87352 0.09574 5.61625 8.93851 -4.75508 -0.00000 0.00000 -0.00000 -12.96142 21.78154 10.51459 -0.00000 -0.00000 -0.00000 -0.12398 -11.32397 -2.66820 -6.47918 -39.90757 -17.72256 -0.00000 0.00000 -0.00000 3.89671 -38.44198 29.60476 3.73099 31.80358 -13.04420 -3.34201 -16.81226 -10.87553 0.13560 6.51487 -2.38218 -10.13314 -0.97447 -2.34742 -1.32652 1.44048 -2.89907 4.15665 2.48495 -1.60618 -5.96327 -3.39586 -8.21728 9.54479 -1.51598 -10.83184 3.97139 1.02711 -5.35709 0.00000 0.00000 -0.00000 -73.58199 64.82139 -0.10283 30.23310 -17.97794 -60.70603 0.00000 8.05347 -0.00000 33.85873 -24.49982 -31.71962 -7.12502 -0.00000 0.00000 8.09763 -11.27735 -8.96218 0.00000 0.00000 -0.00000 79.91485 55.02554 7.53122 -30.84294 -19.05034 62.62287 -0.00000 6.96018 0.00000 -33.11541 11.20117 -16.58409 7.12502 -0.00000 -0.00000 -7.87949 0.65350 -49.71119
0.52622 0.87313 0.12994 4.36705 8.53093 -2.94956 -0.00000 0.00000 -0.00000 -7.26097 16.53532 7.97143 -0.46917 12.03246 4.44947 -0.29471 -5.60319 -3.93634 -5.52058 -37.45288 -16.18913 -0.00000 0.00000 -0.00000 3.88209 -40.60692 19.10416 4.08169 33.04893 -13.69818 -1.04736 -7.10762 -11.49505 0.23095 -8.48503 3.11261 -9.55872 -0.91390 -2.47332 -0.54205 1.37084 -3.10464 4.65190 2.41919 -1.70256 -6.67120 -3.22987 -8.58474 9.10832 -1.00497 -11.32537 3.91611 1.21558 -5.60032 0.00000 0.00000 -0.00000 -78.72363 65.60356 4.41664 30.27738 -18.05321 -60.84172 0.00000 8.36069 -0.00000 31.63784 -25.91679 -35.35149 -7.12502 -0.00000 0.00000 6.92525 -11.01996 -12.56745 0.00000 0.00000 -0.00000 73.79513 58.53349 13.01377 -30.52994 -18.49005 61.62571 -0.00000 7.24407 0.00000 -33.17666 10.48175 -15.54942 7.12502 -0.00000 -0.00000 -7.75556 0.47520 -48.48479
0.48995 0.87402 0.16035 2.33586 8.37854 -1.46516 -0.00000 0.00000 -0.00000 -1.05044 8.90234 6.31051 -2.33364 25.83477 10.14982 0.01895 0.94626 -3.55039 -4.98126 -35.91808 -15.28649 -0.00000 0.00000 -0.00000 4.61418 -45.12899 7.94362 5.43735 37.22394 -16.05192 0.11383 -0.08514 -6.59388 0.72263 -14.85362 5.53936 -7.07187 -0.08568 -2.07121 -0.08842 1.37852 -2.69422 3.79291 1.79483 -1.44198 -6.73298 -2.84464 -9.27126 9.26280 -1.10824 -12.26173 3.98056 1.21009 -6.07678 -0.00000 0.00000 -0.00000 -81.59499 66.16232 6.57150 29.81059 -17.27848 -59.43602 0.00000 8.22494 -0.00000 29.67273 -25.51563 -37.09051 -7.12502 -0.00000 0.00000 5.87324 -9.77227 -13.78168 -0.00000 0.00000 -0.00000 69.15479 57.86709 17.70438 -29.65549 -17.02979 58.98034 -0.00000 8.71484 0.00000 -32.34398 10.36562 -15.86177 7.12502 -0.00000 -0.00000 -6.96396 0.45412 -48.71257
0.45899 0.87283 0.18659 0.30644 7.50318 0.65748 -0.00000 0.00000 -0.00000 3.32074 1.69573 1.26387 -6.34730 39.58829 17.51630 0.33723 5.55719 -3.26893 -4.27310 -33.69620 -14.04613 -0.00000 0.00000 -0.00000 5.37715 -46.56988 1.98783 7.49091 42.18911 -19.26283 -0.07648 -2.13434 -2.44402 1.39091 -20.32499 7.74805 -3.73719 1.61031 -1.73730 0.37252 2.06022 -2.34359 2.45094 1.37911 -1.22763 -6.68401 -2.00060 -10.01767 9.49653 -2.29799 -13.24585 4.16605 0.79306 -6.60013 -0.00000 0.00000 -0.00000 -81.18028 65.48438 4.13834 28.58696 -15.42069 -55.97284 0.00000 9.14257 -0.00000 28.71291 -24.33839 -36.95630 -7.12502 -0.00000 0.00000 5.27621 -8.54526 -13.13924 -0.00000 0.00000 -0.00000 66.42819 53.83142 19.78183 -28.28309 -14.99301 55.15439 -0.00000 9.18505 0.00000 -32.05804 11.15888 -17.17200 7.12502 -0.00000 -0.00000 -6.90752 0.63359 -50.21536
0.42968 0.86975 0.21247 -0.91500 6.84324 4.96556 -0.00000 0.00000 -0.00000 3.88900 -6.43978 -7.52870 -13.83439 52.10135 27.87623 0.43670 4.53194 -7.86578 -3.88816 -32.37164 -13.34005 -0.00000 0.00000 -0.00000 4.27332 -46.61402 -2.46644 9.93171 46.72854 -22.74444 -0.24736 -6.00121 -1.66548 1.45530 -20.76289 7.93153 -1.51577 2.43078 -2.41909 0.98443 2.57390 -3.25061 1.83913 1.42036 -1.65813 -6.58257 -0.41439 -10.58888 9.76653 -3.27068 -14.03783 4.42810 0.31357 -7.04489 -0.00000 0.00000 -0.00000 -78.99357 63.47664 -0.75832 26.48282 -12.68467 -50.56742 0.00000 10.22700 -0.00000 28.34181 -22.56697 -35.43112 -7.12502 -0.00000 0.00000 4.87281 -7.28606 -11.09047 -0.00000 0.00000 -0.00000 65.48045 48.05246 18.84223 -26.11041 -12.24951 49.66557 -0.00000 9.37677 0.00000 -31.62503 11.85331 -18.44650 7.12502 -0.00000 -0.00000 -6.70593 0.78436 -51.64085
0.40252 0.86611 0.23805 -1.26815 6.54081 8.17505 -0.00000 0.00000 -0.00000 1.40962 -15.07884 -13.64360 -25.79239 61.50144 42.09717 0.19895 2.92672 -9.71587 -3.14629 -29.52941 -11.89807 -0.00000 0.00000 -0.00000 4.17288 -45.85873 -2.52822 12.42893 50.37232 -26.07402 -0.25145 -9.04503 -0.15949 2.23082 -25.31038 9.91161 -0.42845 2.66751 -2.88512 1.45627 2.57404 -3.85863 1.72648 1.27627 -1.94752 -7.22473 -0.57580 -11.28378 10.09815 -1.47467 -15.06401 4.47740 1.07806 -7.53329 0.00000 0.00000 -0.00000 -77.04114 60.73373 -4.82022 24.08167 -10.09091 -44.97055 0.00000 10.67230 -0.00000 27.49576 -20.19226 -33.55186 -7.12502 -0.00000 0.00000 4.06043 -5.50015 -8.47580 0.00000 0.00000 -0.00000 65.22436 41.55060 15.43283 -23.00363 -9.07203 42.59933 -0.00000 10.71540 0.00000 -31.75256 13.26527 -20.34306 7.12502 -0.00000 -0.00000 -7.22867 1.13976 -53.91280
0.37848 0.86234 0.26156 -1.47261 6.02384 9.80858 -0.00000 0.00000 -0.00000 -2.12942 -23.47303 -15.94448 -41.61100 67.12175 59.60430 -0.12760 1.17568 -10.74522 -3.59498 -31.29808 -12.78427 -0.00000 0.00000 -0.00000 5.31423 -44.76504 -1.46024 14.80368 53.18525 -29.09558 -0.24194 -11.62714 0.75700 4.20604 -33.47189 13.92490 0.60209 3.03724 -2.89905 1.56439 2.65209 -3.85415 1.28201 1.08995 -1.92917 -6.88173 -1.19926 -12.13230 9.76700 -0.50283 -16.22224 4.12395 1.51976 -8.08489 0.00000 0.00000 0.00000 -76.15489 56.59289 -5.69729 22.97000 -9.04153 -42.52650 0.00000 10.63110 -0.00000 27.51068 -19.09920 -32.13985 -7.12502 -0.00000 0.00000 3.87360 -4.93647 -6.80216 0.00000 0.00000 0.00000 65.47716 34.93876 10.06049 -19.35548 -6.16174 35.03316 -0.00000 13.20340 0.00000 -30.22773 14.30740 -22.98323 7.12502 -0.00000 -0.00000 -6.22777 1.29268 -56.68027
0.35770 0.85982 0.28318 -1.82766 5.48183 11.05469 -0.00000 0.00000 -0.00000 -6.87423 -31.48847 -16.76629 -56.45572 69.40230 75.56823 -0.67938 -0.40272 -14.33706 -3.49461 -30.91635 -12.58999 -0.00000 0.00000 -0.00000 6.42365 -44.04935 -2.23250 16.83837 55.21824 -31.60367 -0.38730 -13.88472 0.70943 3.84614 -32.22139 13.26140 1.27982 3.52306 -3.17077 1.98026 2.62660 -4.18901 1.36925 0.78497 -2.09015 -7.53801 -1.14198 -12.51853 10.01527 -0.87761 -16.72092 4.34877 1.52584 -8.33818 -0.00000 0.00000 0.00000 -74.76416 52.21980 -5.47750 23.65212 -9.67515 -44.01673 0.00000 9.25135 -0.00000 29.96572 -19.28053 -29.79991 -7.12502 -0.00000 0.00000 5.32402 -6.35201 -4.89229 -0.00000 0.00000 0.00000 64.31538 31.23573 2.85891 -15.87468 -4.02330 28.27963 -0.00000 15.29150 0.00000 -28.37570 14.82759 -25.35058 7.12502 -0.00000 -0.00000 -4.83812 1.20827 -58.98915
0.33907 0.86208 0.30318 -1.78560 4.80354 10.64151 -0.00000 0.00000 -0.00000 -11.79453 -37.80103 -14.58422 -63.01973 69.84420 82.56930 -1.06761 -0.65362 -17.50567 -3.17786 -29.65933 -11.96198 -0.00000 0.00000 -0.00000 9.13587 -42.03353 -0.78237 17.31406 55.65195 -32.18132 -0.75990 -15.91457 -0.20905 3.57002 -31.20387 12.73616 1.40129 3.97801 -2.84755 2.00363 2.93494 -3.74901 1.32915 0.83503 -1.86809 -8.09979 -1.35197 -13.13802 11.15002 -0.97240 -17.54841 4.30308 1.60750 -8.73112 0.00000 0.00000 -0.00000 -69.35971 48.46024 -8.23800 24.89372 -10.91458 -46.80959 0.00000 9.23098 -0.00000 31.13579 -19.26962 -28.64772 -7.12502 -0.00000 0.00000 6.03504 -6.96505 -3.91678 0.00000 0.00000 -0.00000 64.74405 28.53976 -7.21690 -13.19930 -2.73263 23.29682 -0.00000 19.55920 0.00000 -27.58062 13.47866 -24.04713 7.12502 -0.00000 -0.00000 -3.67921 0.80269 -57.29052
0.32358 0.87086 0.32109 -2.63612 4.21996 9.63623 -0.00000 0.00000 -0.00000 -15.46344 -42.83046 -11.48100 -62.32050 69.81116 81.82437 -1.13417 -0.94710 -17.40057 -2.11507 -24.70150 -9.63780 -0.00000 0.00000 -0.00000 13.67718 -38.58859 2.32162 15.81437 54.23311 -30.34943 -1.08642 -16.68600 -1.21332 3.09612 -29.32111 11.79595 2.22431 3.87243 -2.70698 2.19927 3.42400 -3.55718 1.03152 1.35667 -1.75615 -8.43403 -1.28306 -13.37442 12.16419 -0.77997 -17.91322 4.62256 1.81076 -8.90733 -0.00000 0.00000 0.00000 -63.77926 43.48147 -12.29002 26.12971 -12.27174 -49.71196 0.00000 10.67940 -0.00000 32.62705 -20.08140 -28.20604 -7.12502 -0.00000 0.00000 7.05187 -8.16135 -3.93142 -0.00000 0.00000 0.00000 66.33772 26.36910 -17.99772 -11.31953 -1.98948 19.87491 -0.00000 24.53770 0.00000 -26.17452 12.35490 -23.52475 7.12502 -0.00000 -0.00000 -2.07519 0.41746 -56.36924
0.31073 0.88669 0.33562 -3.28475 3.99515 8.58086 -0.00000 0.00000 -0.00000 -20.12617 -45.92446 -10.63375 -54.73248 69.23519 73.72631 -0.95460 -2.18692 -13.39138 -1.59035 -21.64553 -8.30489 -0.00000 0.00000 -0.00000 17.14519 -35.34049 5.56502 13.96681 52.25432 -28.04386 -0.90776 -14.12823 -1.63691 3.73294 -31.81072 13.04789 2.11454 3.77365 -3.11750 2.64777 4.01815 -4.13656 1.50685 2.06792 -2.04855 -8.08850 -2.15996 -13.04413 12.58123 0.26012 -17.52209 4.54885 2.19837 -8.65986 0.00000 0.00000 0.00000 -59.84388 38.27815 -16.81515 27.56409 -14.02740 -53.27264 0.00000 11.48370 -0.00000 35.24020 -20.93127 -26.82469 -7.12502 -0.00000 0.00000 8.77970 -9.95216 -3.21449 0.00000 0.00000 0.00000 68.27130 24.92634 -27.96375 -10.29868 -1.63900 18.03846 -0.00000 27.08530 0.00000 -24.56060 11.37316 -23.34027 7.12502 -0.00000 -0.00000 -0.33403 0.06374 -55.80301
0.30093 0.90877 0.34586 -3.32005 4.28114 6.52755 -0.00000 0.00000 -0.00000 -25.05686 -46.73962 -11.44439 -41.00335 66.98093 58.94443 -0.61371 -2.37697 -9.76900 -1.97362 -23.92838 -9.29427 -0.00000 0.00000 -0.00000 18.93357 -34.39324 9.36172 13.43596 51.63119 -27.36969 0.11634 -6.59757 2.21381 1.61402 -21.79560 8.36886 0.87506 4.07798 -4.09200 3.53552 4.83125 -5.50056 3.05268 2.96740 -2.78488 -8.78505 -2.82343 -12.07488 13.27361 0.50852 -16.20786 4.85436 2.36019 -7.97322 0.00000 0.00000 -0.00000 -57.96195 32.78830 -22.19699 29.03352 -16.07223 -57.20363 0.00000 13.42130 -0.00000 39.82845 -22.72137 -24.84999 -7.12502 -0.00000 0.00000 11.82440 -13.24615 -2.58278 0.00000 0.00000 -0.00000 72.31274 28.82562 -38.35454 -10.51191 -1.70920 18.42091 -0.00000 22.60240 0.00000 -23.73433 11.03589 -23.52670 7.12502 -0.00000 -0.00000 0.49875 -0.09543 -55.83138
0.29417 0.93104 0.35268 -3.43068 4.90741 2.84353 -0.00000 0.00000 -0.00000 -28.09158 -46.01319 -12.76783 -27.64611 62.43102 44.19718 -0.33374 -1.31231 -7.93211 -3.43694 -30.69354 -12.47738 -0.00000 0.00000 -0.00000 20.96965 -36.27592 14.66049 14.28962 52.62062 -28.45110 -0.56076 7.66740 3.65651 0.02119 -2.58192 0.94042 1.59018 4.46214 -3.61296 2.24403 5.72695 -4.83688 1.29343 3.47302 -2.39894 -5.01145 -2.23138 -11.76895 13.50352 -0.41945 -15.86224 4.48828 1.70541 -7.84976 0.00000 0.00000 -0.00000 -48.68855 33.18471 -32.25124 30.30497 -18.10029 -60.92652 0.00000 14.26310 -0.00000 50.47692 -18.03176 -14.32588 -7.12502 -0.00000 0.00000 19.97918 -15.74611 8.26083 0.00000 0.00000 -0.00000 81.21899 26.21485 -48.74616 -10.99742 -1.87494 19.29392 -0.00000 19.03130 0.00000 -22.93099 9.89955 -22.11592 7.12502 -0.00000 -0.00000 1.61627 -0.25891 -54.09845
0.28905 0.94908 0.35788 -3.52141 5.67125 -1.75592 -0.00000 0.00000 -0.00000 -29.72583 -44.02327 -14.96254 -18.36983 56.56490 33.45313 -0.27266 -0.99839 -7.51709 -4.64485 -34.89448 -14.70587 -0.00000 0.00000 -0.00000 24.00382 -40.15875 21.39464 16.28559 54.69550 -30.92850 -2.08929 18.55772 4.08439 0.36688 10.66343 -3.92969 0.59576 5.29116 -4.08327 2.74891 6.55463 -5.51134 2.34832 4.03685 -2.79569 -5.37219 -3.16804 -10.12393 13.31311 -0.07578 -13.64301 4.48531 1.76386 -6.70580 0.00000 0.00000 -0.00000 -42.31596 32.58112 -41.62133 31.31182 -19.93302 -64.17633 0.00000 15.02850 -0.00000 52.49011 -2.31199 -1.77364 -7.12502 -0.00000 0.00000 23.73543 -8.12593 27.17936 0.00000 0.00000 -0.00000 86.45588 25.97751 -57.06412 -11.65029 -2.11092 20.47302 -0.00000 15.21470 0.00000 -22.80329 9.56034 -21.55601 7.12502 -0.00000 -0.00000 1.85122 -0.27529 -53.45545
0.28538 0.95757 0.36257 -4.08505 6.24835 -6.24816 -0.00000 0.00000 -0.00000 -30.08028 -40.79589 -18.08565 -12.99761 51.09609 26.80852 -0.44323 -1.55841 -9.05133 -4.19493 -33.43449 -13.90476 -0.00000 0.00000 -0.00000 28.42146 -44.37888 28.44669 18.09418 56.33285 -33.12236 -1.52371 16.78911 2.92842 0.21473 8.18441 -3.00068 1.42074 6.24692 -4.36926 2.23098 7.20420 -5.85587 1.37384 4.06742 -2.92127 -3.90089 -2.97495 -8.68130 12.50661 -0.18484 -11.73206 4.55125 1.53579 -5.78824 0.00000 0.00000 -0.00000 -32.36380 33.25616 -53.18898 31.75965 -20.83151 -65.73816 0.00000 15.63020 -0.00000 50.34521 -2.14579 -1.77762 -7.12502 -0.00000 0.00000 21.80636 -7.34320 27.28387 0.00000 0.00000 -0.00000 90.04398 21.39410 -62.23059 -11.64241 -2.10799 20.45876 -0.00000 13.68220 0.00000 -22.41514 9.32966 -21.45606 7.12502 -0.00000 -0.00000 2.27334 -0.33058 -53.26944
0.28275 0.95646 0.36913 -4.99129 7.03209 -11.39294 -0.00000 0.00000 -0.00000 -28.62796 -37.38611 -20.02265 -9.61349 46.20001 22.30549 -0.28421 0.64547 -11.92699 -3.89738 -32.40446 -13.35727 -0.00000 0.00000 -0.00000 34.48608 -48.49174 35.85816 17.00482 55.37165 -31.80614 -1.02477 13.20650 2.73244 0.14321 6.69407 -2.44833 1.91890 7.33931 -5.17371 2.31292 7.63804 -6.90150 1.23397 3.90570 -3.43218 -2.87696 -3.16771 -6.29288 11.19743 0.04821 -8.53363 3.97228 1.23697 -4.19023 0.00000 0.00000 -0.00000 -25.75479 32.92994 -62.68191 31.60003 -20.50450 -65.17183 0.00000 15.43960 -0.00000 50.86313 -14.86465 -11.79149 -7.12502 -0.00000 0.00000 20.70110 -14.14783 12.10468 0.00000 0.00000 -0.00000 89.17091 18.41932 -63.81807 -10.92468 -1.84958 19.16292 -0.00000 14.69800 0.00000 -21.68266 8.74593 -20.92835 7.12502 -0.00000 -0.00000 3.12500 -0.41469 -52.55159
0.28029 0.94837 0.37619 -4.81749 7.94463 -17.42178 -0.00000 0.00000 -0.00000 -26.94522 -34.54289 -20.80538 -7.74035 42.71039 19.63240 1.14301 7.02074 -14.46238 -0.91424 -16.64063 -6.24530 -0.00000 0.00000 -0.00000 40.73995 -52.69223 42.64495 13.61516 51.84452 -27.59792 -0.82987 10.91737 3.09898 0.24303 8.70176 -3.19341 1.04499 8.28209 -5.58404 1.73112 7.97360 -7.47086 1.18001 3.79013 -3.75212 -1.18605 -3.21852 -4.09166 10.40971 0.25815 -5.64451 3.44703 1.00653 -2.74883 -0.00000 0.00000 0.00000 -20.17043 33.34866 -71.49989 30.74675 -18.87583 -62.31326 0.00000 15.66730 -0.00000 45.46628 -26.88780 -23.98635 -7.12502 -0.00000 0.00000 15.24193 -18.52407 -4.38174 -0.00000 0.00000 0.00000 83.64438 13.19197 -60.96154 -9.86561 -1.50125 17.26345 -0.00000 18.34060 0.00000 -20.08770 7.70190 -20.12628 7.12502 -0.00000 -0.00000 4.90287 -0.55056 -51.39143
0.27905 0.93369 0.38122 -4.30452 8.94829 -23.94724 -0.00000 0.00000 -0.00000 -25.01702 -33.57637 -19.88660 -7.57108 42.35830 19.38202 -0.53433 0.84806 -16.13252 -0.00005 -0.11965 -0.04355 -0.00000 0.00000 -0.00000 47.85770 -56.86857 48.64092 9.81743 46.54063 -22.58724 -1.06616 11.89800 3.86416 0.24480 8.73303 -3.20508 -0.24285 9.43315 -5.73172 1.08964 8.08372 -7.72691 1.35361 3.37609 -3.93466 0.38987 -4.09937 -1.90944 9.54142 0.87385 -2.84734 2.90743 1.13353 -1.31750 0.00000 0.00000 -0.00000 -16.34603 33.64201 -78.48113 29.15485 -16.25427 -57.54423 0.00000 16.89380 -0.00000 39.05091 -28.21549 -30.23304 -7.12502 -0.00000 0.00000 11.11293 -16.16613 -9.79718 0.00000 0.00000 -0.00000 78.15820 7.26670 -57.02397 -9.46229 -1.37872 16.54370 -0.00000 19.31370 0.00000 -20.12321 8.27889 -21.45395 7.12502 -0.00000 -0.00000 4.66015 -0.64203 -52.82708
0.27931 0.91174 0.38325 -3.63398 9.86105 -29.69682 -0.00000 0.00000 -0.00000 -23.95185 -36.32628 -18.28035 -9.43596 45.89780 22.05889 -2.86875 -10.56632 -15.42695 -0.55570 -13.07133 -4.84765 -0.00000 0.00000 -0.00000 54.51092 -60.84756 54.09615 6.82349 40.71616 -18.25474 -1.38006 13.52374 4.40172 0.18756 7.65350 -2.80345 -1.31226 10.95133 -5.76240 0.40890 8.24623 -7.85210 1.40674 2.79607 -4.03628 1.47523 -5.07379 -0.16716 9.21710 0.65807 -0.59792 2.66708 1.11271 -0.18530 -0.00000 0.00000 -0.00000 -13.60155 33.80513 -83.44653 27.12275 -13.46440 -52.15181 0.00000 16.50410 -0.00000 35.35525 -26.06164 -31.76712 -7.12502 -0.00000 0.00000 9.00387 -12.98015 -9.79893 -0.00000 0.00000 -0.00000 76.13431 1.48075 -52.46885 -9.72418 -1.45765 17.01085 -0.00000 18.48860 0.00000 -20.93427 9.00913 -22.26118 7.12502 -0.00000 -0.00000 3.67842 -0.57405 -53.85777
0.28129 0.88647 0.38349 -2.80904 11.20504 -33.61925 -0.00000 0.00000 -0.00000 -24.08549 -42.68075 -17.39849 -13.63674 51.87000 27.62536 -3.35473 -16.54383 -14.17806 -0.86900 -16.23899 -6.08546 -0.00000 0.00000 -0.00000 58.46833 -64.19537 60.06757 4.91629 35.72460 -15.17548 -0.81380 10.35939 3.40661 0.12481 6.25179 -2.28514 -2.11619 12.23533 -6.07374 0.31012 8.28194 -8.35767 1.91905 2.29352 -4.32401 0.06946 -4.58165 0.81903 10.81506 -1.03060 0.93165 3.49576 0.41962 0.50739 0.00000 0.00000 0.00000 -14.15195 33.99995 -85.67928 24.78766 -10.80409 -46.56656 0.00000 16.38990 -0.00000 35.32945 -25.44860 -31.22542 -7.12502 -0.00000 0.00000 8.98291 -12.59214 -9.05409 0.00000 0.00000 0.00000 76.74024 -2.70515 -46.25928 -9.92664 -1.52027 17.37252 -0.00000 18.63190 0.00000 -20.87967 8.87554 -22.02199 7.12502 -0.00000 -0.00000 3.77681 -0.57116 -53.58717
0.28531 0.86133 0.38334 -1.56914 12.85163 -37.35434 -0.00000 0.00000 -0.00000 -23.66646 -50.18580 -16.45469 -19.70979 57.63390 35.04894 -3.90254 -19.46482 -14.82617 -0.98959 -17.28575 -6.50355 -0.00000 0.00000 -0.00000 56.10701 -64.99002 66.03114 3.72538 31.78298 -13.03355 0.05400 2.40048 -1.68244 0.00949 1.72793 -0.62912 -3.30219 12.78718 -5.84084 0.64540 8.25212 -8.18941 2.97183 2.18831 -4.30306 -0.92291 -4.33400 1.41606 11.27616 -2.62476 1.93321 3.84050 -0.20729 0.94416 0.00000 0.00000 -0.00000 -17.35044 34.54598 -85.05941 22.44202 -8.57241 -41.39203 0.00000 16.96580 -0.00000 35.51521 -25.55842 -31.15316 -7.12502 -0.00000 0.00000 9.09334 -12.75229 -9.05434 0.00000 0.00000 -0.00000 78.03513 -6.45303 -37.28328 -9.57328 -1.41189 16.74157 -0.00000 20.73910 0.00000 -20.75377 8.73394 -21.83656 7.12502 -0.00000 -0.00000 3.93987 -0.58001 -53.36145
0.29109 0.83669 0.38388 -0.53644 14.79124 -41.33341 -0.00000 0.00000 -0.00000 -21.25242 -57.38897 -13.73107 -26.81553 62.02643 43.25849 -4.67578 -22.79856 -15.91928 -0.95812 -17.01982 -6.39687 -0.00000 0.00000 -0.00000 47.51489 -65.01426 66.40553 3.03714 29.07325 -11.67504 -0.51264 -5.13976 -7.46066 0.00964 -1.74141 0.63403 -3.65497 12.92076 -5.10068 1.27549 8.13602 -7.26761 3.80295 2.03992 -3.87786 -1.03899 -4.13287 1.50369 10.09682 -3.50161 2.13319 3.43687 -0.52316 1.01561 -0.00000 0.00000 0.00000 -21.66049 35.26031 -81.55529 20.30055 -6.84359 -36.93624 0.00000 15.62760 -0.00000 35.69816 -25.88631 -31.28353 -7.12502 -0.00000 0.00000 9.20294 -13.04440 -9.32831 -0.00000 0.00000 0.00000 79.06684 -10.96816 -25.39244 -9.12719 -1.28110 15.94708 -0.00000 23.46140 0.00000 -21.21750 9.53212 -23.10102 7.12502 -0.00000 -0.00000 3.23080 -0.56035 -54.82920
0.29861 0.81422 0.38487 1.40863 16.04473 -45.29175 -0.00000 0.00000 -0.00000 -20.82118 -63.26575 -12.35381 -33.98521 64.98602 51.26420 -4.54631 -26.71172 -14.96621 -0.97415 -17.15588 -6.45141 -0.00000 0.00000 -0.00000 31.79445 -63.83544 60.09881 2.73075 27.73090 -11.03095 -2.32491 -11.39387 -13.90467 0.08553 5.17962 -1.89072 -4.38941 12.48550 -4.13754 1.69063 7.94934 -6.06832 4.55283 2.07084 -3.32104 -1.35106 -3.63000 0.93480 9.33318 -3.78160 1.40352 3.22515 -0.64935 0.64080 0.00000 0.00000 -0.00000 -27.30164 34.83380 -75.48956 17.93209 -5.21956 -32.22736 0.00000 15.38860 -0.00000 35.98287 -26.99145 -32.00844 -7.12502 -0.00000 0.00000 9.36465 -13.87164 -10.47711 0.00000 0.00000 -0.00000 82.00258 -8.00399 -12.89635 -9.86509 -1.50108 17.26252 -0.00000 18.28930 0.00000 -22.44070 11.14086 -25.07243 7.12502 -0.00000 -0.00000 1.54748 -0.33632 -57.25856
0.30755 0.79435 0.38450 3.47570 16.69227 -48.88313 -0.00000 0.00000 -0.00000 -23.41589 -68.27685 -15.02287 -42.13753 67.24017 60.17554 -3.75485 -28.70685 -13.15620 -0.92007 -16.69163 -6.26565 -0.00000 0.00000 -0.00000 14.44676 -59.50214 51.63398 2.73888 27.76780 -11.04841 -5.33492 -17.50757 -19.50204 1.03655 17.67400 -6.65991 -4.74887 12.42069 -2.70402 2.12545 7.70858 -4.22120 5.12529 1.68548 -2.41228 -2.47461 -3.38220 -0.40756 8.90090 -4.35195 -0.33141 3.29644 -0.77006 -0.22506 -0.00000 0.00000 -0.00000 -34.58472 33.09392 -67.94801 15.80397 -3.98546 -28.14592 0.00000 17.16110 -0.00000 35.92143 -29.14841 -33.91437 -7.12502 -0.00000 0.00000 9.28197 -15.22160 -13.09867 -0.00000 0.00000 -0.00000 80.81584 -0.22769 -1.31504 -10.85287 -1.82473 19.03367 -0.00000 13.19300 0.00000 -24.30575 12.77044 -26.07852 7.12502 -0.00000 -0.00000 -0.66578 0.16375 -58.81715
0.31780 0.77979 0.38258 5.11860 16.41182 -52.38097 -0.00000 0.00000 -0.00000 -23.80327 -72.03585 -14.29475 -47.85814 68.33056 66.35368 -2.49583 -30.30422 -10.60044 -1.26257 -19.41545 -7.37047 -0.00000 0.00000 -0.00000 2.08762 -54.64793 40.04971 2.79596 28.02469 -11.17040 -5.14452 -15.98593 -22.29365 0.31358 9.86961 -3.63063 -4.92697 13.11945 -0.83621 2.11851 7.65264 -1.82762 5.08437 0.94222 -1.20844 -2.39744 -3.16994 -1.98858 7.86084 -5.42064 -2.42779 2.95866 -1.02870 -1.29446 0.00000 0.00000 -0.00000 -42.12139 29.23947 -59.69087 14.33701 -3.24678 -25.39769 0.00000 16.91490 -0.00000 36.61920 -30.70814 -34.49412 -7.12502 -0.00000 0.00000 9.58808 -16.59239 -14.39360 0.00000 0.00000 -0.00000 74.91227 5.21051 9.93059 -11.23692 -1.95975 19.72577 -0.00000 13.08200 0.00000 -25.53578 13.95306 -26.78106 7.12502 -0.00000 -0.00000 -2.15391 0.57400 -59.91511
0.32812 0.77073 0.37710 6.37430 16.22854 -54.93644 -0.00000 0.00000 -0.00000 -22.78734 -75.08904 -12.57167 -51.37992 68.84382 70.13636 -2.36189 -30.52779 -10.34210 -1.15856 -18.63832 -7.05145 -0.00000 0.00000 -0.00000 -7.22492 -48.89455 25.91860 2.81935 28.12895 -11.22009 -4.85378 -15.53320 -21.76019 0.32345 10.02163 -3.68778 -4.48453 13.95438 0.91856 1.69039 7.61496 0.46995 4.17845 0.16574 -0.02634 -2.07415 -3.56714 -3.70982 7.63485 -6.10611 -4.73540 2.85431 -1.06149 -2.46632 0.00000 0.00000 -0.00000 -47.97483 23.12105 -51.42437 13.68690 -2.94687 -24.19421 0.00000 15.56990 -0.00000 36.20268 -33.23330 -36.82371 -7.12502 -0.00000 0.00000 9.17910 -18.11180 -17.53473 0.00000 0.00000 -0.00000 68.26735 5.71353 20.34882 -11.48133 -2.04840 20.16729 -0.00000 14.33900 0.00000 -25.45597 14.52109 -27.77672 7.12502 -0.00000 -0.00000 -2.32025 0.66684 -61.02600
0.33732 0.76483 0.36747 7.94119 16.53125 -56.35240 -0.00000 0.00000 -0.00000 -24.40479 -78.49595 -13.81231 -53.11876 69.05805 71.99949 -2.30344 -29.48016 -10.17161 -1.00264 -17.39471 -6.54736 -0.00000 0.00000 -0.00000 -13.36985 -40.98134 15.26417 2.89941 28.48159 -11.38895 -6.42587 -18.63865 -22.36122 1.32794 19.88513 -7.56487 -3.91248 14.05196 2.29583 1.06474 7.45067 2.32812 2.99715 -0.20549 0.93502 -1.81678 -3.58950 -5.51417 8.29866 -7.11858 -7.11722 3.10103 -1.23893 -3.70617 -0.00000 0.00000 -0.00000 -50.27349 15.57990 -44.66235 13.36632 -2.80500 -23.60373 0.00000 14.49350 -0.00000 36.17906 -34.23146 -37.56748 -7.12502 -0.00000 0.00000 9.06992 -18.79794 -18.64589 -0.00000 0.00000 -0.00000 62.33635 3.61096 29.20243 -11.63590 -2.10556 20.44696 -0.00000 13.87410 0.00000 -24.83047 15.06829 -29.32911 7.12502 -0.00000 -0.00000 -2.05255 0.65226 -62.62182
0.34659 0.76323 0.35352 9.37135 17.28566 -57.04490 -0.00000 0.00000 -0.00000 -26.63072 -81.76599 -16.02554 -52.27946 68.95774 71.10053 -2.40114 -27.50211 -10.31565 -0.82839 -15.86836 -5.93858 -0.00000 0.00000 -0.00000 -15.46646 -31.65205 7.74487 2.94211 28.66700 -11.47822 -7.21514 -19.90616 -23.07895 2.19069 25.10161 -9.81739 -3.25021 13.93728 3.45068 0.17653 7.15172 3.91364 1.51562 -0.47029 1.76487 -1.61119 -3.14639 -7.28376 9.79191 -7.97868 -9.41843 3.68307 -1.39621 -4.93225 -0.00000 0.00000 -0.00000 -48.33130 8.43567 -39.18081 12.91740 -2.61288 -22.77996 0.00000 12.58610 -0.00000 37.20969 -33.89662 -36.29653 -7.12502 -0.00000 0.00000 9.62699 -19.04892 -17.53847 -0.00000 0.00000 -0.00000 56.53696 1.66252 36.10102 -11.32433 -1.99121 19.88357 -0.00000 12.31410 0.00000 -24.70508 16.23900 -31.29329 7.12502 -0.00000 -0.00000 -2.46819 0.89001 -64.81693
0.35608 0.76589 0.33617 10.42787 18.54320 -57.02964 -0.00000 0.00000 -0.00000 -32.92375 -84.29148 -22.95182 -48.39087 68.41536 66.92675 -2.44092 -24.82530 -10.41093 -0.62424 -13.83399 -5.14224 -0.00000 0.00000 -0.00000 -13.90422 -21.62971 1.94867 2.83909 28.21650 -11.26191 -6.59736 -18.91756 -22.52691 2.20962 25.20040 -9.86193 -3.00275 13.73129 4.19660 -0.05347 7.02251 4.92710 1.03231 -0.49357 2.27999 -2.75260 -3.21649 -8.70762 11.25363 -8.37054 -11.26353 4.45738 -1.23269 -5.87019 -0.00000 0.00000 -0.00000 -47.05873 -0.31675 -34.46937 12.23969 -2.33710 -21.54291 0.00000 13.55040 -0.00000 38.27668 -32.66301 -34.37005 -7.12502 -0.00000 0.00000 10.31677 -18.70999 -15.42621 -0.00000 0.00000 -0.00000 48.87540 1.05348 41.32258 -10.99903 -1.87550 19.29682 -0.00000 9.75066 0.00000 -23.88819 16.08229 -32.02491 7.12502 -0.00000 -0.00000 -1.77999 0.66253 -65.40931
0.36624 0.77134 0.31516 11.24834 20.04958 -56.56180 -0.00000 0.00000 -0.00000 -49.76341 -85.68414 -41.06128 -42.52316 67.32483 60.59360 -1.94508 -22.20847 -9.24295 -0.67435 -14.36344 -5.34797 -0.00000 0.00000 -0.00000 -9.55258 -12.45250 -3.78261 2.68941 27.54226 -10.94183 -5.20182 -16.56859 -21.01130 1.66436 22.11043 -8.50352 -2.79158 13.86160 5.16859 -0.60222 6.79035 6.20779 0.16294 -0.74847 2.93317 -3.21419 -2.78723 -10.33596 13.23914 -9.18555 -13.32972 4.80807 -1.05368 -6.99499 -0.00000 0.00000 -0.00000 -42.85210 -6.41506 -30.31834 12.03010 -2.25523 -21.16185 0.00000 11.94800 -0.00000 38.83475 -31.36838 -32.88735 -7.12502 -0.00000 0.00000 10.74787 -18.10893 -13.58802 -0.00000 0.00000 -0.00000 43.25583 -0.38826 43.74640 -10.80386 -1.80788 18.94551 -0.00000 8.22953 0.00000 -21.77205 14.68363 -32.40112 7.12502 -0.00000 -0.00000 0.45798 -0.16868 -65.21853
0.37771 0.77835 0.29190 12.46405 21.78064 -56.57069 -0.00000 0.00000 -0.00000 -77.33008 -86.00589 -70.30314 -35.69214 65.54003 53.14353 -1.07791 -19.49558 -6.81450 -1.04340 -17.72981 -6.68244 -0.00000 0.00000 -0.00000 -3.48859 -5.94640 -9.80651 2.68228 27.50951 -10.92639 -3.14337 -12.07283 -19.79262 0.28856 9.47270 -3.48169 -2.83813 13.49063 6.17660 -1.42749 6.61236 7.51855 -0.79548 -0.63424 3.59618 -3.49501 -2.53460 -11.55596 14.86846 -10.17733 -14.86536 5.45115 -1.07180 -7.85853 0.00000 0.00000 -0.00000 -38.60390 -12.04049 -27.30107 12.11093 -2.28661 -21.30873 0.00000 10.35780 -0.00000 38.92643 -29.92585 -31.70296 -7.12502 -0.00000 0.00000 10.92285 -17.20369 -11.87641 0.00000 0.00000 -0.00000 38.43829 -0.93613 44.79447 -10.80093 -1.80687 18.94023 -0.00000 5.46952 0.00000 -19.68219 13.86030 -33.81054 7.12502 -0.00000 -0.00000 2.38807 -0.92547 -66.17131
0.39101 0.78614 0.26775 14.43429 23.68872 -57.47655 -0.00000 0.00000 -0.00000 -100.01789 -84.78255 -95.62135 -28.66351 62.90196 45.34243 -0.14267 -16.62002 -3.47817 -1.27082 -19.47546 -7.39524 -0.00000 0.00000 -0.00000 3.29161 -2.39893 -15.05521 2.74316 27.78716 -11.05759 -0.87068 -5.96385 -15.45954 0.04130 -3.60287 1.31318 -3.12432 12.71128 7.16361 -2.56331 5.99175 8.79308 -1.93611 -0.70950 4.25192 -3.48734 -1.55940 -12.43708 16.50157 -11.36899 -15.90552 6.13883 -1.29287 -8.53073 0.00000 0.00000 -0.00000 -33.99002 -15.91209 -24.11831 12.64108 -2.49838 -22.27466 0.00000 9.40546 -0.00000 39.40144 -29.08797 -30.61793 -7.12502 -0.00000 0.00000 11.26033 -16.89569 -10.58643 0.00000 0.00000 -0.00000 36.01007 -0.74804 44.98067 -10.86389 -1.82853 19.05350 -0.00000 3.63255 0.00000 -18.73207 13.34197 -34.23545 7.12502 -0.00000 -0.00000 3.33410 -1.30535 -66.35741
0.40752 0.79363 0.24409 17.45887 25.13053 -59.59886 -0.00000 0.00000 -0.00000 -107.19817 -82.71641 -106.08189 -22.05811 59.29845 37.80368 0.79563 -13.82694 1.24259 -1.54241 -21.33752 -8.17405 -0.00000 0.00000 -0.00000 9.02324 -1.43415 -20.27801 2.48498 26.58036 -10.49249 0.29431 0.33057 -9.33581 1.12291 -18.36280 6.93910 -3.70156 12.05474 8.07578 -3.97086 5.08121 9.91078 -3.25630 -1.10420 4.83033 -4.08541 -0.96023 -13.22639 18.29956 -11.96802 -16.87041 6.90154 -1.20152 -9.12082 -0.00000 0.00000 0.00000 -29.09204 -17.16441 -20.56005 13.54313 -2.88276 -23.92916 0.00000 6.60227 -0.00000 40.34870 -27.87368 -28.82558 -7.12502 -0.00000 0.00000 11.91300 -16.59380 -8.54559 -0.00000 0.00000 0.00000 35.60044 -0.05459 45.06047 -10.91764 -1.84714 19.15024 -0.00000 2.35194 0.00000 -17.74094 12.57967 -34.24579 7.12502 -0.00000 -0.00000 4.44599 -1.71718 -66.07654
0.42636 0.79974 0.22122 21.08506 26.05981 -63.55784 -0.00000 0.00000 -0.00000 -106.25336 -81.53935 -109.88868 -16.71845 55.10658 31.45756 1.56571 -11.90575 7.05682 -1.79974 -22.92956 -8.85697 -0.00000 0.00000 -0.00000 13.83972 -1.67120 -24.13808 1.87587 23.37381 -9.05059 0.31342 3.59810 -5.02809 2.38089 -26.07078 10.25778 -5.27095 10.45969 8.90356 -4.74200 4.71524 10.92814 -3.10000 -0.73318 5.32284 -5.55006 -1.52765 -13.40795 19.30386 -12.43455 -17.08411 7.43412 -0.97411 -9.21824 0.00000 0.00000 -0.00000 -27.60384 -20.02904 -17.48910 14.53464 -3.34123 -25.76523 0.00000 5.21440 -0.00000 41.16102 -25.62038 -26.31758 -7.12502 -0.00000 0.00000 12.57147 -15.61050 -5.35099 0.00000 0.00000 -0.00000 35.14696 1.22691 46.58490 -11.04628 -1.89208 19.38195 -0.00000 -0.12008 -0.00000 -16.45662 11.83003 -34.76172 7.12502 -0.00000 -0.00000 5.75278 -2.24590 -66.25554
0.44787 0.80180 0.19947 24.37242 25.93823 -68.06998 -0.00000 0.00000 -0.00000 -97.21454 -81.15762 -106.69917 -13.13303 51.26345 26.98233 2.41443 -12.76523 11.62879 -1.68159 -22.21683 -8.54918 -0.00000 0.00000 -0.00000 17.22158 -2.04540 -26.08379 1.34761 20.02382 -7.62251 0.16602 6.50498 -2.64886 4.11574 -33.16569 13.76052 -6.69340 9.15658 9.34256 -5.31252 4.77348 11.48678 -2.71772 -0.13112 5.56659 -7.21566 -2.45550 -13.18863 20.06384 -12.90715 -16.73890 7.89506 -0.77593 -9.00100 -0.00000 0.00000 -0.00000 -27.55192 -22.54513 -14.01163 15.59483 -3.87476 -27.75115 0.00000 3.69159 -0.00000 41.55759 -24.71365 -25.24863 -7.12502 -0.00000 0.00000 12.88448 -15.26477 -4.01491 -0.00000 0.00000 -0.00000 36.02713 3.06726 49.25570 -11.09577 -1.90952 19.47116 -0.00000 -3.37467 -0.00000 -14.56633 11.03236 -36.36902 7.12502 -0.00000 -0.00000 7.46354 -3.09635 -67.40700
0.47304 0.79877 0.17959 27.51920 24.42976 -72.73638 -0.00000 0.00000 -0.00000 -88.85411 -81.19312 -103.37126 -10.66025 47.87901 23.73564 2.68598 -13.97271 11.36429 -3.32495 -30.25332 -12.25655 -0.00000 0.00000 -0.00000 17.92037 -3.87227 -26.28164 1.21457 19.06154 -7.22479 -0.24555 8.61889 0.28293 5.93606 -38.55627 16.86389 -7.45126 8.55053 9.50211 -5.94517 4.68364 11.67302 -2.88350 0.08405 5.64361 -8.27594 -2.68395 -12.87877 20.12823 -13.30079 -16.28828 8.10530 -0.81270 -8.74742 0.00000 0.00000 0.00000 -28.04355 -23.11329 -10.69912 16.22490 -4.21384 -28.94367 0.00000 2.29219 -0.00000 42.05772 -23.68010 -23.99635 -7.12502 -0.00000 0.00000 13.27876 -14.90434 -2.46216 0.00000 0.00000 0.00000 38.06225 6.00143 51.83640 -10.98250 -1.86972 19.26705 -0.00000 -6.05134 -0.00000 -14.74264 11.32580 -36.73479 7.12502 -0.00000 -0.00000 7.16071 -3.03494 -67.85186
0.50062 0.79015 0.16068 29.29891 21.85750 -76.72080 -0.00000 0.00000 -0.00000 -79.44577 -81.52002 -97.52982 -8.96294 45.06554 21.39552 2.02374 -12.71669 9.04794 -6.37888 -39.66525 -17.56582 -0.00000 0.00000 -0.00000 16.58184 -6.51885 -25.92183 1.50684 21.10523 -8.07577 -0.06226 2.66805 1.11280 5.86469 -38.37123 16.74913 -7.85086 8.93259 9.46231 -5.99384 4.86315 11.52636 -2.76161 0.00561 5.55077 -8.82263 -2.62991 -12.40848 19.69227 -13.37210 -15.66083 8.06743 -0.93494 -8.39919 -0.00000 0.00000 -0.00000 -29.71658 -22.59527 -8.77003 16.16568 -4.18126 -28.83117 0.00000 1.58627 -0.00000 41.87981 -22.51519 -23.12652 -7.12502 -0.00000 0.00000 13.22171 -14.14408 -1.12513 -0.00000 0.00000 -0.00000 42.46259 8.57821 54.28235 -10.39538 -1.67064 18.21182 -0.00000 -5.49111 -0.00000 -15.23583 11.73227 -36.74374 7.12502 -0.00000 -0.00000 6.59276 -2.81404 -68.01489
0.53098 0.77730 0.14457 30.27309 18.57175 -80.07328 -0.00000 0.00000 -0.00000 -72.29141 -81.68533 -92.72117 -7.96494 43.16714 19.96209 1.39985 -10.78264 7.28398 -7.82000 -42.87371 -19.74965 -0.00000 0.00000 -0.00000 12.57129 -10.93844 -26.37343 2.53629 26.82647 -10.60666 0.12580 -8.10752 2.36297 6.32022 -39.52206 17.47378 -7.27516 9.98575 9.28510 -5.76631 5.33144 11.21956 -2.92503 -0.00028 5.39020 -8.57911 -2.37233 -12.27158 19.51313 -13.76222 -15.46210 8.03238 -1.15195 -8.33909 0.00000 0.00000 0.00000 -32.78569 -21.61230 -9.57586 15.77201 -3.96842 -28.08552 0.00000 0.76545 -0.00000 41.67745 -23.55606 -24.17572 -7.12502 -0.00000 0.00000 13.03021 -14.64374 -2.52862 0.00000 0.00000 0.00000 47.68110 10.95177 55.13532 -9.91360 -1.51620 17.34923 -0.00000 -6.07985 -0.00000 -15.42241 12.17199 -37.39095 7.12502 -0.00000 -0.00000 6.19277 -2.73902 -68.76880
0.56134 0.76193 0.13194 30.52570 14.93804 -83.52253 -0.00000 0.00000 -0.00000 -68.11528 -82.52736 -89.53612 -7.64285 42.50842 19.48838 0.59136 -7.91803 3.70988 -7.50158 -42.21173 -19.27872 -0.00000 0.00000 -0.00000 6.36749 -16.21750 -27.20130 4.63364 34.85939 -14.68625 0.52778 -17.22485 4.92259 8.21004 -43.65264 20.31874 -6.55184 11.52277 8.97777 -5.03327 5.99522 10.72284 -2.68097 -0.13326 5.12421 -8.02609 -1.76734 -12.22721 19.83272 -14.54295 -15.34258 8.17530 -1.49338 -8.39479 0.00000 0.00000 -0.00000 -36.08176 -20.32815 -11.76564 15.31994 -3.73202 -27.23383 0.00000 -0.13522 0.00000 41.85010 -24.51621 -24.85740 -7.12502 -0.00000 0.00000 13.08917 -15.29289 -3.60268 0.00000 0.00000 -0.00000 55.76709 11.37861 54.71716 -8.93574 -1.22702 15.60676 -0.00000 -3.53622 -0.00000 -14.90495 11.88490 -37.73035 7.12502 -0.00000 -0.00000 6.69080 -2.98954 -68.96891
0.58941 0.74675 0.12244 30.35241 10.84494 -87.20152 -0.00000 0.00000 -0.00000 -68.14081 -83.97758 -88.98070 -8.03070 43.29871 20.05809 -0.07103 -4.29991 -1.72930 -8.16352 -43.56150 -20.25128 -0.00000 0.00000 -0.00000 -0.77563 -21.04797 -26.68481 7.65374 42.53109 -19.50449 2.19007 -22.85434 9.85496 8.77328 -44.72024 21.12680 -6.28016 13.72168 8.49640 -4.11222 6.88715 9.87557 -2.04174 -0.47372 4.65262 -7.55473 -1.79495 -12.13905 20.11365 -15.40021 -15.15082 8.27295 -1.77026 -8.40216 0.00000 0.00000 -0.00000 -37.85126 -18.86634 -14.48645 14.94036 -3.54002 -26.52229 0.00000 -1.23854 0.00000 41.35798 -24.62916 -25.33298 -7.12502 -0.00000 0.00000 12.75865 -15.11553 -4.03068 0.00000 0.00000 -0.00000 64.49537 9.92278 54.10637 -7.70382 -0.90810 13.42576 -0.00000 -0.44122 -0.00000 -14.18813 11.86398 -39.11760 7.12502 -0.00000 -0.00000 7.11422 -3.37051 -70.22332
0.61483 0.73415 0.11808 30.85424 7.45711 -90.88288 -0.00000 0.00000 -0.00000 -80.84808 -85.44476 -101.45858 -8.79156 44.75381 21.15276 -0.29321 -1.95779 -6.32816 -9.98505 -46.81552 -22.81764 -0.00000 0.00000 -0.00000 -7.08935 -26.77355 -25.56845 11.65444 49.32847 -25.06082 4.04682 -25.55174 14.02549 9.77057 -46.46296 22.52264 -4.94969 16.35517 7.53720 -3.14084 7.41448 8.52356 -1.93005 -1.25147 3.96508 -6.82208 -1.69120 -11.54870 19.98078 -16.85074 -14.25129 8.24949 -2.41162 -8.09645 0.00000 0.00000 0.00000 -36.03545 -17.00190 -16.89321 14.57008 -3.35833 -25.83122 0.00000 -2.28346 0.00000 41.73645 -24.36264 -24.81578 -7.12502 -0.00000 0.00000 13.02348 -15.14567 -3.48227 0.00000 0.00000 0.00000 70.76710 9.36401 52.72437 -7.25713 -0.80472 12.63838 -0.00000 -0.67463 -0.00000 -13.58892 12.13159 -41.00444 7.12502 -0.00000 -0.00000 7.24079 -3.71866 -72.04323
0.63480 0.72625 0.12269 32.35777 4.45078 -95.26562 -0.00000 0.00000 -0.00000 -108.56373 -86.30492 -130.16928 -9.98846 46.82107 22.82232 -0.51691 -1.34513 -10.37825 -10.61696 -47.81284 -23.67725 -0.00000 0.00000 -0.00000 -12.37572 -33.63867 -23.76178 15.95797 54.37570 -30.52625 5.48516 -25.38808 17.17264 10.51685 -47.65880 23.54197 -2.76736 19.01005 6.29750 -2.09293 7.71700 7.04004 -2.10052 -2.19216 3.22014 -6.00880 -1.83070 -10.44149 19.16190 -18.27736 -12.70866 7.92546 -3.17669 -7.43845 0.00000 0.00000 -0.00000 -32.51989 -17.02696 -18.85415 14.38892 -3.27144 -25.49416 0.00000 -1.36983 0.00000 41.59925 -25.52428 -25.88915 -7.12502 -0.00000 0.00000 12.85972 -15.77045 -4.97070 0.00000 0.00000 -0.00000 74.26172 9.13800 51.63718 -7.07517 -0.76445 12.31810 -0.00000 -0.26097 -0.00000 -12.93774 11.15666 -40.10684 7.12502 -0.00000 -0.00000 8.28502 -4.04764 -70.86112
0.64714 0.72547 0.13562 35.11410 0.86199 -99.69392 -0.00000 0.00000 -0.00000 -136.51924 -85.14994 -159.18048 -11.45518 49.04829 24.79755 -0.99095 -1.83098 -14.35390 -9.78667 -46.48970 -22.54485 -0.00000 0.00000 -0.00000 -15.81286 -40.02476 -19.73681 16.92422 55.29759 -31.70814 6.85677 -24.15832 20.38690 10.88129 -48.21273 24.03287 -0.85067 21.02729 5.08264 -0.79219 8.27603 5.68339 -1.66359 -2.61446 2.50915 -4.97497 -2.86446 -9.26302 17.50779 -19.63381 -11.21454 7.19658 -3.83719 -6.75695 -0.00000 0.00000 0.00000 -29.01733 -18.44708 -20.97185 14.26576 -3.21310 -25.26540 0.00000 -0.00748 0.00000 42.35255 -25.93669 -25.63109 -7.12502 -0.00000 0.00000 13.31580 -16.39419 -5.01785 -0.00000 0.00000 0.00000 77.04781 6.48383 52.31507 -6.76262 -0.69778 11.76861 -0.00000 3.11315 0.00000 -12.13024 10.08943 -39.18231 7.12502 -0.00000 -0.00000 9.50168 -4.39711 -69.61119
0.64982 0.73272 0.15703 39.03925 -4.21340 -104.32600 -0.00000 0.00000 -0.00000 -148.80254 -82.31938 -171.95416 -13.82581 52.09139 27.86536 -1.79401 -4.02251 -16.62249 -7.91239 -43.06131 -19.88519 -0.00000 0.00000 -0.00000 -17.07384 -44.92731 -12.21793 13.08996 51.21043 -26.92710 7.16716 -21.87427 21.84034 10.66956 -47.89320 23.74819 0.30580 22.48310 4.32907 0.79745 8.67268 4.86410 -0.51661 -2.99105 2.03976 -4.34154 -3.66671 -8.05722 15.61121 -21.18578 -9.78765 6.47827 -4.54054 -6.09648 -0.00000 0.00000 -0.00000 -26.63448 -19.79408 -23.28203 14.12073 -3.14517 -24.99640 0.00000 0.23253 -0.00000 43.00679 -26.67473 -25.70145 -7.12502 -0.00000 0.00000 13.67228 -17.16990 -5.51017 -0.00000 0.00000 -0.00000 78.05854 3.05216 54.10959 -6.82694 -0.71124 11.88161 -0.00000 4.98036 0.00000 -10.75104 9.05150 -39.64372 7.12502 -0.00000 -0.00000 10.99354 -5.11082 -69.63455
0.64107 0.74657 0.18649 44.14320 -11.68237 -109.42996 -0.00000 0.00000 -0.00000 -157.41826 -77.98668 -179.55496 -17.09886 55.45753 31.92035 -2.36795 -6.97534 -16.20459 -5.43220 -37.20967 -16.04339 -0.00000 0.00000 -0.00000 -18.08218 -49.13355 -2.45511 7.82516 42.88424 -19.75723 5.14703 -17.62051 18.79265 10.47280 -47.59056 23.48234 0.81360 23.57670 4.10104 1.95469 8.68573 4.62405 0.41858 -3.57705 1.85551 -4.09244 -4.91303 -6.66042 13.67280 -23.04969 -8.22532 5.78559 -5.23486 -5.38024 -0.00000 0.00000 -0.00000 -25.77598 -21.24867 -25.49029 14.52873 -3.33838 -25.75422 0.00000 -2.22949 0.00000 44.38564 -26.89991 -24.80833 -7.12502 -0.00000 0.00000 14.53740 -17.99394 -4.98885 -0.00000 0.00000 -0.00000 76.66859 0.24647 57.45320 -6.33274 -0.61117 11.01401 -0.00000 2.81898 0.00000 -19.35674 11.65702 -29.90517 7.12502 -0.00000 -0.00000 3.77664 -1.14236 -61.80544
0.62125 0.76158 0.21795 50.04857 -21.49380 -114.64528 -0.00000 0.00000 -0.00000 -166.08173 -72.01368 -186.10539 -21.35405 58.82489 36.98284 -2.40485 -11.07789 -13.26356 -3.51732 -31.00337 -12.63413 -0.00000 0.00000 -0.00000 -19.76901 -52.09212 9.85108 3.73881 31.83224 -13.05902 1.00078 -12.53852 6.84051 10.45377 -47.56099 23.45656 0.13263 23.15194 4.66341 2.47505 8.23033 5.21101 1.18691 -3.95971 2.11240 -3.84447 -6.98531 -5.32795 11.56876 -24.07271 -6.90671 4.95259 -5.48866 -4.74846 0.00000 0.00000 -0.00000 -24.48882 -21.05192 -26.39795 15.29971 -3.72164 -27.19583 0.00000 -6.33160 0.00000 44.99637 -26.57897 -24.10792 -7.12502 -0.00000 0.00000 14.97249 -18.10020 -4.27797 0.00000 0.00000 -0.00000 73.05647 -0.89488 60.73250 -7.01384 -0.75112 12.21022 -0.00000 1.28303 0.00000 -19.03631 11.96789 -31.00544 7.12502 -0.00000 -0.00000 3.85733 -1.24923 -62.91833
0.59285 0.77363 0.24370 53.40801 -31.19070 -118.03115 -0.00000 0.00000 -0.00000 -169.11751 -66.76467 -185.27003 -26.48007 61.85762 42.87834 -1.58649 -16.15299 -8.60067 -2.59832 -27.11975 -10.74343 -0.00000 0.00000 -0.00000 -24.36111 -45.38705 30.05804 1.60856 21.76111 -8.35414 -9.79308 -23.66406 -25.11056 3.72384 -31.77731 13.03061 -1.07773 23.96904 5.05705 3.11532 7.92896 5.43920 2.36269 -4.86238 2.18095 -3.71000 -7.89392 -3.64612 9.21147 -26.37645 -5.24615 4.15065 -6.35187 -4.03758 -0.00000 0.00000 -0.00000 -22.22198 -19.34058 -25.75534 15.75857 -3.96127 -28.06013 0.00000 -8.77242 0.00000 42.91069 -25.43321 -24.79598 -7.12502 -0.00000 0.00000 13.72039 -16.36698 -4.09328 -0.00000 0.00000 -0.00000 68.91833 -1.46289 63.35513 -7.78595 -0.92781 13.57072 -0.00000 -2.18162 -0.00000 -17.89204 11.33513 -31.33354 7.12502 -0.00000 -0.00000 5.03751 -1.63786 -62.96535
0.56190 0.76913 0.26494 54.46362 -39.72902 -119.16291 -0.00000 0.00000 -0.00000 -167.68390 -62.11127 -180.43842 -32.08136 64.30698 49.15751 -0.48587 -20.68803 -5.13262 -2.42777 -26.30200 -10.36400 -0.00000 0.00000 -0.00000 -35.96240 -33.45716 46.64512 0.89119 16.43744 -6.16435 42.28598 -75.97090 60.62734 11.93547 49.71537 -25.43028 0.76977 25.77063 4.08352 3.51291 7.65589 4.60919 1.91284 -5.91124 1.74899 -3.77859 -8.74231 -2.06691 6.92899 -28.58910 -3.82417 3.39069 -7.15184 -3.44829 -0.00000 0.00000 -0.00000 -20.40025 -17.91299 -24.58727 16.22191 -4.21220 -28.93800 0.00000 -13.20270 0.00000 41.97556 -24.98993 -25.15432 -7.12502 -0.00000 0.00000 13.14067 -15.63688 -4.10327 -0.00000 0.00000 -0.00000 66.98274 -3.27394 65.51349 -8.15822 -1.01992 14.22855 -0.00000 -3.34194 -0.00000 -17.82610 10.17279 -28.77731 7.12502 -0.00000 -0.00000 5.70533 -1.55510 -60.19681
0.53604 0.75699 0.28289 52.54163 -47.15159 -121.70406 -0.00000 0.00000 -0.00000 -168.63090 -59.52960 -178.45961 -38.03280 66.22421 55.70794 -0.77629 -23.53399 -6.24605 -2.81564 -28.11245 -11.21222 -0.00000 0.00000 -0.00000 -37.25181 -33.09052 39.75375 0.97497 17.16279 -6.45418 55.39339 -73.17703 74.46709 15.42190 53.83559 -29.86453 1.46978 26.76148 3.97868 3.65931 7.63176 4.61558 1.64236 -6.37286 1.71581 -2.78439 -8.96282 -0.84812 3.81720 -30.06357 -3.07160 2.17781 -7.78151 -3.13275 0.00000 0.00000 0.00000 -19.97590 -17.24293 -24.74402 16.14807 -4.17160 -28.79773 0.00000 -17.51070 0.00000 42.79779 -24.49167 -24.11900 -7.12502 -0.00000 0.00000 13.72008 -15.74832 -3.02747 0.00000 0.00000 0.00000 65.57508 -6.56850 65.77453 -8.68268 -1.15742 15.15754 -0.00000 -3.76339 -0.00000 -18.72112 9.68952 -26.41105 7.12502 -0.00000 -0.00000 5.23903 -1.20034 -57.86888
0.51277 0.74206 0.29900 47.31212 -53.50139 -125.05747 -0.00000 0.00000 -0.00000 -170.22493 -56.51622 -174.09699 -46.92157 68.17496 65.34534 -1.20352 -24.80072 -7.43526 -4.44875 -34.27166 -14.36037 -0.00000 0.00000 -0.00000 -34.20020 -37.98494 21.36984 1.65218 22.03477 -8.47110 -34.76881 -58.56648 -29.44132 5.79690 38.19382 -16.63973 2.21093 27.22138 3.93036 3.75518 7.39560 4.78052 1.27571 -6.80182 1.78129 -1.31607 -9.63743 -0.21068 0.11463 -30.13186 -3.20871 0.71932 -7.79545 -3.13166 -0.00000 0.00000 -0.00000 -20.32093 -15.79982 -24.97281 15.87746 -4.02479 -28.28490 0.00000 -20.09710 0.00000 43.69549 -24.25958 -23.26867 -7.12502 -0.00000 0.00000 14.34178 -16.05528 -2.24779 -0.00000 0.00000 -0.00000 63.19215 -11.51131 63.91033 -8.91305 -1.22069 15.56646 -0.00000 -2.73589 -0.00000 -20.55365 9.77984 -24.37171 7.12502 -0.00000 -0.00000 3.69118 -0.72335 -56.07229
0.49633 0.71741 0.31032 40.67425 -58.39859 -129.30031 -0.00000 0.00000 -0.00000 -175.59993 -52.16762 -171.25653 -61.45944 69.76598 80.90682 -1.89382 -25.75787 -9.13232 -4.89487 -35.66038 -15.13877 -0.00000 0.00000 -0.00000 -38.20079 -43.12246 -7.10855 3.44535 30.72620 -12.49385 -13.69272 -32.54050 -22.35787 2.00247 24.08880 -9.36518 3.51682 26.35055 3.77187 3.62734 7.16303 4.93557 0.44937 -6.50440 1.87439 -0.57576 -10.80724 0.47514 -2.59339 -30.62110 -3.18335 -0.29095 -7.84126 -3.13966 0.00000 0.00000 0.00000 -20.81296 -16.62430 -23.36609 15.77754 -3.97137 -28.09597 0.00000 -20.03830 0.00000 43.94438 -24.29910 -23.12003 -7.12502 -0.00000 0.00000 14.50680 -16.20177 -2.15932 0.00000 0.00000 0.00000 60.28093 -16.14527 61.02389 -9.25556 -1.31805 16.17548 -0.00000 -2.19258 -0.00000 -22.43938 10.72335 -24.25410 7.12502 -0.00000 -0.00000 1.71868 -0.34524 -56.35462
0.48540 0.69221 0.31668 32.05361 -61.92500 -135.82933 -0.00000 0.00000 -0.00000 -181.47669 -49.79961 -169.51254 -75.02291 69.91959 95.34618 -2.70993 -28.15089 -10.98789 -4.31182 -33.82453 -14.11581 -0.00000 0.00000 -0.00000 -37.55453 -39.93081 -15.03481 6.51154 39.98508 -17.77295 -9.11967 -26.26826 -19.08924 1.75756 22.67846 -8.74814 3.80680 25.26465 4.09045 3.22283 6.81061 5.45335 -0.25186 -6.26691 2.16585 -0.26048 -11.33404 1.20961 -4.37921 -31.88705 -2.97843 -0.93415 -8.24260 -3.11787 0.00000 0.00000 0.00000 -19.20974 -17.73935 -18.17933 16.20673 -4.20383 -28.90915 0.00000 -22.00480 0.00000 43.83851 -22.99055 -22.13377 -7.12502 -0.00000 0.00000 14.54291 -15.38233 -0.63794 0.00000 0.00000 0.00000 55.96639 -18.71380 56.55636 -9.47423 -1.38227 16.56498 -0.00000 -0.99798 -0.00000 -25.45754 14.82291 -28.25306 7.12502 -0.00000 -0.00000 -2.44625 0.72824 -61.56815
0.47961 0.66694 0.31914 22.78976 -64.19349 -141.15023 -0.00000 0.00000 -0.00000 -182.29376 -48.99568 -164.38736 -85.33696 69.22799 106.34795 -2.89600 -31.44143 -11.43553 -3.39478 -30.52900 -12.39459 -0.00000 0.00000 -0.00000 -33.16529 -33.70040 -17.68346 10.72857 47.98288 -23.82767 -5.23686 -20.17964 -14.52704 0.87928 16.33121 -6.12210 4.16053 23.40840 4.07011 3.27329 6.08802 5.62564 -0.34437 -6.10140 2.31425 -0.64245 -11.55742 1.75588 -5.67858 -32.39188 -2.72450 -1.31079 -8.40641 -2.92660 -0.00000 0.00000 0.00000 -16.64984 -18.02988 -10.70791 16.45865 -4.34394 -29.38860 0.00000 -23.49540 0.00000 43.97027 -22.20360 -21.39189 -7.12502 -0.00000 0.00000 14.69527 -14.99350 0.39013 -0.00000 0.00000 0.00000 50.50600 -18.97705 49.43541 -9.81105 -1.48435 17.16598 -0.00000 -0.78434 -0.00000 -28.03810 22.77783 -36.01615 7.12502 -0.00000 -0.00000 -7.75418 3.86144 -71.31531
0.48008 0.64372 0.31937 12.67183 -64.79457 -146.47922 -0.00000 0.00000 -0.00000 -180.55304 -48.94033 -159.05249 -94.75268 67.87535 116.46004 -1.75998 -32.60483 -9.32161 -3.94225 -32.56334 -13.44081 -0.00000 0.00000 -0.00000 -25.02204 -27.17387 -18.52806 15.93340 54.35142 -30.49602 -3.04647 -16.82281 -9.49118 0.65653 14.17762 -5.27565 4.51880 22.05410 4.18930 3.38504 5.61159 5.92807 -0.42434 -5.89420 2.50529 -1.68019 -11.65529 2.40641 -6.58521 -32.71119 -2.09428 -1.48561 -8.51602 -2.46118 -0.00000 0.00000 -0.00000 -14.50523 -18.18392 -1.99948 16.47682 -4.35415 -29.42325 0.00000 -23.05900 0.00000 43.56932 -21.85773 -21.37420 -7.12502 -0.00000 0.00000 14.43738 -14.59992 0.60540 -0.00000 0.00000 -0.00000 48.72628 -19.80034 41.97758 -10.96578 -1.86389 19.23693 -0.00000 -1.14869 -0.00000 -26.95831 35.08436 -48.49524 7.12502 -0.00000 -0.00000 -12.13065 10.53896 -85.39613
0.48424 0.62682 0.31902 1.22557 -65.07612 -153.14109 -0.00000 0.00000 -0.00000 -179.68976 -49.75672 -154.08701 -100.14992 66.70098 122.30991 -0.40717 -31.93168 -6.58875 -5.48936 -37.36732 -16.13774 -0.00000 0.00000 -0.00000 -15.30835 -23.95913 -18.62333 22.43391 59.54296 -38.24019 -2.25423 -16.14177 -6.54425 0.55212 13.03004 -4.83176 4.33935 20.58008 4.94182 2.98928 5.05851 6.94254 -0.93045 -5.64142 3.06562 -1.31987 -11.29118 2.79714 -9.24008 -31.46991 -1.84944 -2.46469 -8.11793 -2.02633 0.00000 0.00000 -0.00000 -13.83544 -14.66595 6.89570 16.91121 -4.60256 -30.25406 0.00000 -24.00270 0.00000 43.80065 -19.72158 -19.38603 -7.12502 -0.00000 0.00000 14.74185 -13.52074 3.37769 0.00000 0.00000 -0.00000 48.75710 -22.43960 33.26618 -12.55081 -2.46159 22.10986 -0.00000 -0.46988 -0.00000 -20.92290 42.75280 -60.61178 7.12502 -0.00000 -0.00000 15.70688 -11.55859 -260.47026
0.48963 0.62071 0.31912 -14.71079 -64.10348 -162.28935 -0.00000 0.00000 -0.00000 -178.65455 -53.77764 -146.08651 -100.30827 66.66121 122.48235 -1.10194 -27.94681 -7.48986 -6.72579 -40.49028 -18.10463 -0.00000 0.00000 -0.00000 -7.91782 -24.13598 -19.85476 30.81910 63.81774 -47.75389 -1.42239 -15.57846 -3.20688 0.22952 8.45884 -3.10285 4.74384 20.33241 5.25962 1.82676 4.70516 7.52802 -2.53133 -5.63640 3.41045 -0.69258 -10.26746 3.11214 -12.61653 -27.44115 -1.05154 -3.74459 -6.79905 -1.14964 -0.00000 0.00000 0.00000 -16.07626 -5.12221 14.93880 17.20551 -4.77559 -30.81985 0.00000 -22.07050 0.00000 43.18148 -17.54729 -17.81041 -7.12502 -0.00000 0.00000 14.39629 -12.06258 5.84952 -0.00000 0.00000 0.00000 47.11167 -24.48891 23.54391 -13.42478 -2.83058 23.71127 -0.00000 -1.74161 -0.00000 -18.86606 45.11149 -64.25105 7.12502 -0.00000 -0.00000 17.46136 -11.41875 -257.18574
0.49573 0.62215 0.31854 -33.36036 -61.54112 -171.70222 -0.00000 0.00000 -0.00000 -177.48520 -60.09825 -137.62612 -97.45560 67.32944 119.38338 -2.36328 -4.11046 -19.73989 -0.72589 -14.88608 -5.55207 -0.00000 0.00000 -0.00000 -4.81572 -28.75586 -21.31237 42.07708 67.22675 -60.10999 -0.63290 -16.44936 0.49056 0.09032 5.32234 -1.94314 5.37244 19.15884 5.20311 -0.05247 5.56322 7.46547 -4.59600 -3.77649 3.53996 -0.20309 -9.29187 2.98895 -17.07378 -20.28284 -0.23419 -5.22868 -4.49739 -0.35687 0.00000 0.00000 0.00000 -22.02946 6.31905 19.72410 16.93919 -4.61885 -30.30776 0.00000 -18.30810 0.00000 44.55350 -16.33729 -15.94517 -7.12502 -0.00000 0.00000 15.51803 -12.07294 8.01023 0.00000 0.00000 0.00000 45.64430 -28.83318 15.95798 -13.30873 -2.77993 23.49785 -0.00000 -1.36777 -0.00000 -17.03859 46.50679 -67.09847 7.12502 -0.00000 -0.00000 18.51191 -11.09749 -254.89295
0.49843 0.62453 0.31616 -52.49483 -57.59700 -179.97493 -0.00000 0.00000 -0.00000 -172.90812 -67.89528 -130.80801 -91.40484 68.44719 112.85358 4.38677 34.60341 -2.04952 -2.72403 27.70037 11.01650 -0.00000 0.00000 -0.00000 -5.92603 -37.73296 -19.50729 55.57719 69.31990 -74.62945 -0.40789 -18.03286 1.78891 0.08295 5.10139 -1.86200 3.33963 16.97376 5.37169 -1.98591 6.97053 7.21118 -5.06132 -1.20420 3.58759 -0.61519 -8.47639 2.58901 -19.42313 -10.67660 1.22977 -5.80968 -1.54504 0.31112 0.00000 0.00000 -0.00000 -30.48284 17.88830 21.96249 16.40174 -4.31205 -29.28014 0.00000 -17.28400 0.00000 51.59614 -3.80329 -3.00988 -7.12502 -0.00000 0.00000 22.72736 -8.59124 25.37194 0.00000 0.00000 -0.00000 41.43925 -29.04690 6.84039 -13.23496 -2.74800 23.36232 -0.00000 -3.16179 -0.00000 -11.90837 48.09094 -74.17886 7.12502 -0.00000 -0.00000 19.67192 -9.60998 -250.03106
0.50026 0.62904 0.31171 -67.50868 -52.09153 -182.35526 -0.00000 0.00000 -0.00000 -141.05311 -74.18556 -107.16947 -91.57905 68.42007 113.04090 3.75451 27.12864 -4.19031 -1.53838 -21.31138 -8.16298 -0.00000 0.00000 -0.00000 -9.98450 -48.08320 -15.37659 63.18015 69.85132 -82.74018 -0.74874 -18.94756 0.87363 0.03893 3.49807 -1.27488 0.34712 15.77296 5.01770 -3.65104 8.47320 6.22559 -4.76029 0.73182 3.08877 -1.14302 -8.00526 2.21152 -19.08117 -2.00694 2.62591 -5.49828 1.03812 0.66815 0.00000 0.00000 0.00000 -38.10285 24.58393 22.15918 15.62906 -3.89275 -27.81568 0.00000 -13.98140 0.00000 43.35555 13.64992 14.03297 -7.12502 -0.00000 0.00000 17.79090 1.12688 48.50712 0.00000 0.00000 0.00000 39.21978 -28.71132 -1.33293 -13.27222 -2.76410 23.43077 -0.00000 -2.70319 -0.00000 -3.99276 49.32439 -84.74164 7.12502 -0.00000 -0.00000 20.88309 -7.25842 -243.32266
0.50387 0.62642 0.30619 -76.02500 -45.65004 -178.08728 -0.00000 0.00000 -0.00000 -86.95650 -72.60082 -68.49417 -91.73685 68.39527 113.21062 1.35309 13.27207 -4.45134 -6.94007 -40.98213 -18.43299 -0.00000 0.00000 -0.00000 -11.84122 -56.44160 -7.46877 57.48028 69.49122 -76.66243 -1.02619 -18.59903 -0.20609 0.00319 -1.00158 0.36459 -2.28266 17.02733 5.02481 -4.45604 10.22740 5.68044 -4.10575 1.74024 2.66939 -1.27812 -8.30107 1.32027 -17.51031 4.06878 2.55790 -4.94792 2.83590 0.34868 -0.00000 0.00000 -0.00000 -42.68143 27.14394 18.09245 15.19860 -3.67000 -27.00602 0.00000 -10.75570 0.00000 43.35484 15.44437 15.75122 -7.12502 -0.00000 0.00000 18.17249 1.90387 50.77929 -0.00000 0.00000 -0.00000 38.53785 -28.05497 -10.96366 -13.83466 -3.01360 24.46703 -0.00000 -4.28818 -0.00000 2.82781 -49.19339 93.73368 7.12502 -0.00000 -0.00000 21.30034 -5.08989 -237.81923
0.50981 0.61287 0.29564 -79.08285 -40.28004 -168.50051 -0.00000 0.00000 -0.00000 -49.43013 -66.64902 -46.11852 -78.56202 69.76479 99.11605 1.05903 9.52641 -6.15888 -5.92896 -38.53792 -16.85248 -0.00000 0.00000 -0.00000 -13.19611 -62.61285 -0.45440 38.80801 66.43311 -56.55436 -1.19527 -17.73112 -1.17246 0.00062 -0.44237 0.16101 -3.19439 18.04313 4.53057 -4.38502 11.42132 4.71612 -3.46196 2.36973 2.05786 -0.80426 -7.81165 0.53928 -15.57939 8.01999 1.93300 -4.46811 3.85056 -0.02932 -0.00000 0.00000 0.00000 -46.86117 33.72235 14.52798 14.83382 -3.48717 -26.32314 0.00000 -7.66357 0.00000 48.48565 13.84216 11.95718 -7.12502 -0.00000 0.00000 22.52241 0.73564 46.77342 -0.00000 0.00000 0.00000 40.61238 -27.02698 -18.97925 -14.04535 -3.11019 24.85675 -0.00000 -5.91738 -0.00000 8.01921 -48.34959 100.67743 7.12502 -0.00000 -0.00000 21.23506 -3.31951 -233.47555
0.51079 0.58947 0.28032 -77.63509 -34.66225 -155.59755 -0.00000 0.00000 -0.00000 -18.56629 -62.27445 -26.09675 -50.04089 68.66159 68.69967 0.64065 8.02477 -4.08294 -3.21356 -29.80520 -12.03397 -0.00000 0.00000 -0.00000 -17.60890 -65.45258 0.54370 18.62560 56.77636 -33.75924 -1.55045 -18.80865 -1.97590 0.01419 2.11312 -0.76948 -2.22126 17.94668 3.41749 -3.52367 12.15789 3.30993 -2.90559 3.14375 1.31077 0.60577 -7.50898 0.17219 -13.81899 11.59200 1.56274 -4.20422 4.83100 -0.20356 0.00000 0.00000 -0.00000 -52.22388 42.38931 12.44076 14.15485 -3.16108 -25.05965 0.00000 -7.41033 0.00000 45.49559 12.99907 12.46628 -7.12502 -0.00000 0.00000 19.62104 0.66000 46.85067 0.00000 0.00000 -0.00000 44.47934 -28.02920 -24.30718 -13.66689 -2.93790 24.15731 -0.00000 -4.74752 -0.00000 11.16997 -47.63290 104.96298 7.12502 -0.00000 -0.00000 21.14876 -2.21756 -230.71197
0.50056 0.56303 0.25914 -77.05411 -26.75145 -145.33667 -0.00000 0.00000 -0.00000 9.21237 -55.66670 -1.65475 -23.67500 60.31215 39.67428 0.20118 10.24548 0.58423 -2.12916 -24.77673 -9.67147 -0.00000 0.00000 -0.00000 -22.73705 -63.26502 1.94000 7.16361 41.48158 -18.77213 -3.94561 -21.85113 -8.18315 0.22657 8.40491 -3.08276 -2.27770 18.40352 2.79105 -2.81410 13.04680 2.29287 -2.05513 3.80991 0.67554 1.59722 -6.50863 0.43987 -11.28512 13.89694 1.72622 -3.57311 5.35183 0.04667 0.00000 0.00000 0.00000 -61.42943 50.80994 13.93019 13.12294 -2.69990 -23.15668 0.00000 -8.16894 0.00000 41.44069 13.24727 14.55019 -7.12502 -0.00000 0.00000 15.95662 1.08483 48.78835 0.00000 0.00000 0.00000 48.93360 -28.73363 -27.97617 -13.06562 -2.67547 23.05155 -0.00000 -2.25926 -0.00000 13.45820 -47.01925 108.11339 7.12502 -0.00000 -0.00000 21.07405 -1.40170 -228.63226
0.48158 0.54133 0.23342 -78.86969 -17.30561 -138.34369 -0.00000 0.00000 -0.00000 25.92953 -45.36961 15.80989 -10.75952 48.02973 23.86931 -0.84436 13.66637 6.06306 -2.16418 -24.96234 -9.75473 -0.00000 0.00000 -0.00000 -27.23092 -56.78243 8.16608 2.28159 25.57119 -10.02980 -11.27404 -28.91232 -21.29754 1.94470 23.76607 -9.22272 -2.56677 19.28778 2.50046 -3.33027 14.28619 1.56506 -2.45649 4.74913 0.16268 2.96485 -6.66534 0.88218 -8.49549 17.68494 1.97539 -2.92297 6.56232 0.32827 0.00000 0.00000 0.00000 -74.37121 54.26462 19.98546 12.09159 -2.27908 -21.27356 0.00000 -8.94638 0.00000 41.30278 10.86127 12.10465 -7.12502 -0.00000 0.00000 15.33534 0.16400 45.59802 0.00000 0.00000 0.00000 54.81165 -29.06278 -30.30078 -12.57779 -2.47256 22.15910 -0.00000 1.89939 0.00000 16.55067 -46.18808 112.38282 7.12502 -0.00000 -0.00000 21.07393 -0.30206 -225.78381
0.46240 0.52066 0.20857 -83.25199 -10.01232 -129.87621 -0.00000 0.00000 -0.00000 26.81943 -37.08633 16.97422 -5.34756 36.97379 15.90304 -1.89398 12.67597 10.51145 -2.81191 -28.09586 -11.20431 -0.00000 0.00000 -0.00000 -37.80849 -49.08081 14.21851 0.69116 14.53624 -5.41533 -32.56205 -46.18311 -36.65471 9.03824 45.20076 -21.50176 -3.85458 20.26804 2.13724 -4.20665 15.48090 0.55961 -2.72733 5.60091 -0.57661 4.14608 -5.30943 1.18635 -6.35560 19.85316 1.88821 -2.47917 7.00654 0.49089 -0.00000 0.00000 0.00000 -88.44496 55.96303 28.02382 11.77395 -2.15733 -20.69704 0.00000 -8.20211 0.00000 41.49316 9.96132 11.06561 -7.12502 -0.00000 0.00000 15.33758 -0.19622 44.28462 -0.00000 0.00000 0.00000 61.32640 -26.43559 -34.65444 -12.25896 -2.34470 21.57797 -0.00000 2.83406 0.00000 19.30229 -45.04266 116.33291 7.12502 -0.00000 -0.00000 20.82268 0.77064 -222.97460
0.44840 0.50064 0.18434 -80.25838 3.62360 -120.48246 -0.00000 0.00000 -0.00000 35.15057 -31.44872 13.83372 -2.47346 26.52465 10.46672 -3.38677 11.23382 16.92912 -0.89432 -16.46519 -6.17539 -0.00000 0.00000 -0.00000 -32.58324 -52.95320 21.29830 0.95227 16.96986 -6.37686 -51.67388 -62.23609 -43.92916 13.27147 51.43264 -27.15961 5.87178 20.47990 0.61999 -1.82953 15.49038 0.09677 -5.46666 5.69879 -0.08237 4.03825 -3.25371 1.26503 -4.49350 20.54944 1.64409 -1.91488 6.84815 0.49446 -0.00000 0.00000 -0.00000 -102.77919 55.08882 36.95261 12.82435 -2.57401 -22.60967 0.00000 -8.60171 0.00000 41.48554 7.41204 8.30014 -7.12502 -0.00000 0.00000 14.87549 -1.14370 40.70261 -0.00000 0.00000 -0.00000 69.41118 -21.32038 -40.42702 -12.63932 -2.49766 22.27144 -0.00000 -1.70546 -0.00000 22.48356 -44.03483 120.77063 7.12502 -0.00000 -0.00000 20.94008 1.95653 -219.90160
0.43127 0.49179 0.15850 -70.86120 26.31062 -112.62033 -0.00000 0.00000 -0.00000 53.86192 -30.02567 16.20435 -0.54679 12.96852 4.80809 -6.56307 17.15065 22.65634 -0.26685 -9.11371 -3.34729 -0.00000 0.00000 -0.00000 -19.71312 -67.02728 14.49784 2.05186 24.36013 -9.48555 -34.08145 -62.43796 -26.33153 12.19538 50.06486 -25.77011 28.27556 15.92976 -2.13913 2.43144 14.20264 -1.41575 -12.21489 7.05604 0.83264 4.82942 -2.35840 1.66136 -1.35450 21.85098 1.44748 -1.09769 7.11010 0.67735 -0.00000 0.00000 -0.00000 -113.01356 51.04343 44.84512 14.43578 -3.29379 -25.58129 0.00000 -12.30910 0.00000 41.24290 7.32409 8.27290 -7.12502 -0.00000 0.00000 14.63326 -1.14086 40.63929 -0.00000 0.00000 -0.00000 81.99998 -14.64339 -44.54013 -13.35343 -2.79938 23.58002 -0.00000 -10.45930 -0.00000 27.11021 -41.37105 127.76095 7.12502 -0.00000 -0.00000 20.38551 3.97043 -214.44515
0.41009 0.47350 0.13253 -72.95453 45.08144 -100.64201 -0.00000 0.00000 -0.00000 62.38993 -38.07170 16.82110 -1.08318 18.04980 6.81194 -4.31952 18.32542 16.30068 -1.52766 -21.24162 -8.13344 -0.00000 0.00000 -0.00000 -40.11803 -76.52103 -23.91585 2.64208 27.32393 -10.83910 -25.03995 -42.28037 -30.85141 4.58386 34.70292 -14.59900 42.25776 13.18391 -4.19000 4.99195 14.18020 -4.55461 -15.22756 8.29156 0.13078 5.49570 -1.44985 2.23232 1.62754 21.90769 1.56554 -0.26750 6.97835 0.99403 -0.00000 0.00000 -0.00000 -118.73307 46.34171 49.63573 14.64627 -3.39527 -25.97318 0.00000 -17.09550 0.00000 41.10139 7.14267 8.11157 -7.12502 -0.00000 0.00000 14.47052 -1.18590 40.41486 -0.00000 0.00000 -0.00000 94.26892 -9.08068 -45.88880 -13.48723 -2.85805 23.82621 -0.00000 -17.53690 -0.00000 29.16568 -39.17081 131.46296 7.12502 -0.00000 -0.00000 19.46338 5.05520 -210.99953
0.40457 0.43493 0.10644 -92.88287 41.48433 -84.87218 -0.00000 0.00000 -0.00000 44.70761 -36.29967 14.64296 -4.51731 34.49172 14.48179 -1.47401 9.59232 9.89945 -4.94602 -35.81337 -15.22634 -0.00000 0.00000 -0.00000 -40.31698 -78.49611 -21.35631 1.36982 20.17898 -7.68712 -4.97912 -13.97548 -30.04139 0.53195 -12.79528 4.74151 32.76182 23.65438 -5.84933 3.00350 17.27813 -4.16254 -12.72281 6.34912 -0.64736 6.36846 -0.88862 2.85402 4.12515 21.13095 1.91388 0.39584 6.64247 1.38147 0.00000 0.00000 0.00000 -119.18589 43.25470 51.03476 13.31405 -2.78224 -23.50764 0.00000 -21.61690 0.00000 44.25681 7.06889 7.19819 -7.12502 -0.00000 0.00000 17.41587 -1.70867 39.57002 0.00000 0.00000 0.00000 104.52743 -5.23038 -44.55153 -12.24634 -2.33972 21.55502 -0.00000 -22.59170 -0.00000 28.31387 -39.40245 130.32300 7.12502 -0.00000 -0.00000 19.29216 4.71220 -211.79235
0.43780 0.42991 0.07079 -90.95493 29.08784 -73.81334 -0.00000 0.00000 -0.00000 18.57718 -36.78849 16.38959 -5.63834 37.77218 16.38207 -1.33653 5.35301 12.10052 -6.65989 -40.33634 -18.00297 -0.00000 0.00000 -0.00000 -66.06747 -79.77596 -16.42288 1.38014 20.25059 -7.71699 -5.11008 -13.86344 -32.87074 1.58733 -21.62629 8.29670 7.96289 24.24833 -2.35734 1.92028 17.28138 -3.85884 -2.26944 5.68140 -2.44298 7.04128 -1.21268 4.11218 6.01719 20.84919 3.21365 1.03334 6.61356 2.17878 -0.00000 0.00000 -0.00000 -111.10451 39.03980 46.65922 11.06392 -1.89829 -19.41376 0.00000 -15.29420 0.00000 61.94432 5.12644 2.72647 -7.12502 -0.00000 0.00000 33.48768 -6.93829 34.65210 -0.00000 0.00000 -0.00000 116.90036 5.34118 -42.81940 -10.70114 -1.77281 18.76079 -0.00000 -31.71040 -0.00000 24.44840 -40.39705 125.05028 7.12502 -0.00000 -0.00000 18.58207 3.22976 -215.48651
0.45870 0.42746 0.04531 -85.05793 35.39157 -69.94227 -0.00000 0.00000 -0.00000 21.12880 -41.31168 30.38340 -9.60231 46.18114 22.29000 -0.47268 4.27655 6.27356 -9.47721 -45.96851 -22.11630 -0.00000 0.00000 -0.00000 -117.76737 -85.01766 -59.68808 0.96595 17.08640 -6.42355 -4.61374 -13.17261 -32.32066 0.84346 -16.00705 5.99348 1.04096 20.46595 -1.14597 3.23282 15.87956 -3.29324 2.79425 6.13131 -2.66489 6.21724 -0.47777 6.15414 4.79333 20.19953 6.49042 1.13218 6.25288 3.59138 -0.00000 0.00000 -0.00000 -113.02578 41.39006 53.37011 13.11590 -2.69689 -23.14376 0.00000 -22.39320 0.00000 69.89851 -22.21185 -7.87694 -7.12502 -0.00000 0.00000 33.71195 -28.39215 9.52383 -0.00000 0.00000 -0.00000 129.23596 20.92784 -45.93719 -11.19147 -1.94350 19.64374 -0.00000 -40.96650 -0.00000 16.90453 -40.57212 115.04491 7.12502 -0.00000 -0.00000 16.20563 0.86538 -222.02521
0.48130 0.42078 0.03890 -77.46462 44.29619 -71.69515 -0.00000 0.00000 -0.00000 27.62839 -42.19635 44.39804 -15.70362 54.12210 30.21284 0.15222 3.63809 -2.31939 -11.15246 -48.61296 -24.39541 -0.00000 0.00000 -0.00000 -194.65910 -81.08121 -142.02914 0.14444 6.72270 -2.45891 1.27719 -3.35434 -31.22411 1.20899 -19.01987 7.20768 1.33065 17.65920 -0.84506 3.51554 15.23498 -2.78890 2.85765 6.78673 -2.31682 7.48745 -3.30393 8.47209 2.28051 18.52920 10.03691 0.62557 6.34964 5.28933 0.00000 0.00000 0.00000 -111.78229 43.97707 55.29040 14.34271 -3.24948 -25.40828 0.00000 -28.53290 0.00000 -0.58861 70.01120 90.62633 -7.12502 -0.00000 0.00000 -17.28220 -38.47233 -71.56919 0.00000 0.00000 0.00000 128.52678 26.78513 -39.30694 -9.94406 -1.52572 17.40367 -0.00000 -36.77330 -0.00000 -2.53025 38.60299 274.05128 7.12502 -0.00000 -0.00000 11.09889 -3.68771 -243.15258
0.50886 0.41599 0.04598 -63.99622 52.57478 -78.22869 -0.00000 0.00000 -0.00000 30.11919 -43.55089 52.25140 -23.09102 59.95733 39.00087 0.08758 1.93863 -6.32701 -12.64117 -50.64649 -26.34904 -0.00000 0.00000 -0.00000 -211.88697 -68.97798 -175.16718 -0.00000 0.00000 -0.00000 4.37644 10.93668 -20.60664 2.39902 -26.16056 10.29897 0.62813 14.69486 -1.47107 4.15956 13.91710 -3.56314 3.89927 6.95240 -2.67185 9.07506 -4.88693 10.73448 1.55800 16.04677 13.09496 0.48730 5.98541 6.84509 0.00000 0.00000 0.00000 -104.94213 40.81989 48.17550 13.58718 -2.90232 -24.01033 0.00000 -30.37160 0.00000 -20.50965 58.86514 113.60675 -7.12502 -0.00000 0.00000 -18.06562 -28.26171 -79.56233 0.00000 0.00000 0.00000 121.56275 31.47045 -31.41528 -9.02322 -1.25158 15.76223 -0.00000 -27.78790 -0.00000 -10.00734 15.43122 303.55142 7.12502 -0.00000 -0.00000 5.87012 -5.37973 -87.36197
0.53902 0.41034 0.06364 -46.18256 57.24543 -89.56305 -0.00000 0.00000 -0.00000 27.42181 -44.07742 54.46004 -32.29125 64.38521 49.39035 0.00251 1.69096 -9.47831 -13.63216 -51.86459 -27.61953 -0.00000 0.00000 -0.00000 -216.46794 -48.27844 -189.93670 1.25397 19.35263 -7.34456 0.94914 12.52035 -6.61706 3.50999 -30.97532 12.61989 -2.06185 11.80070 -2.30699 5.00795 12.89014 -4.78466 6.23035 7.76297 -3.46599 8.45456 -3.79705 11.72590 1.84724 12.80075 14.66822 0.53457 4.76670 7.57797 -0.00000 0.00000 -0.00000 -99.25106 36.16065 40.10634 12.95140 -2.62717 -22.84223 0.00000 -30.27710 0.00000 -1.72165 54.83168 92.10577 -7.12502 -0.00000 0.00000 -9.11383 -25.77714 -65.24871 -0.00000 0.00000 -0.00000 113.64627 43.80216 -26.67811 -10.99685 -1.87474 19.29290 -0.00000 -31.58030 -0.00000 -5.22096 5.50530 313.60490 7.12502 -0.00000 -0.00000 15.86771 -9.25864 -74.51092
0.57054 0.40408 0.09081 -26.08860 60.22821 -103.45383 -0.00000 0.00000 -0.00000 26.00398 -44.84163 54.34814 -46.31194 68.06912 64.68840 0.21537 3.31812 -13.35667 -9.51841 -46.03883 -22.17358 -0.00000 0.00000 -0.00000 -213.10694 -36.67580 -201.08519 4.96736 35.87684 -15.26278 -1.12934 12.86853 3.51854 1.78867 -22.86400 8.82852 -1.94749 10.18180 -3.22343 5.79630 12.49982 -6.03156 6.87263 8.48152 -4.11065 7.21440 -2.75247 12.08085 2.10308 10.43504 15.34376 0.65890 4.15551 7.82857 0.00000 0.00000 -0.00000 -93.11558 32.56928 31.58253 12.63871 -2.49742 -22.27034 0.00000 -30.30670 0.00000 -4.89223 53.79455 96.05510 -7.12502 -0.00000 0.00000 -9.79918 -24.60669 -67.52844 0.00000 0.00000 -0.00000 97.93662 48.73157 -12.82398 -12.57904 -2.47307 22.16139 -0.00000 -28.26590 -0.00000 -10.36507 7.57182 324.23006 7.12502 -0.00000 -0.00000 12.42008 -4.72334 -65.50076
0.60191 0.40117 0.12636 -5.84151 60.36761 -117.71511 -0.00000 0.00000 -0.00000 26.98559 -45.10178 54.67932 -65.67546 69.94045 85.39734 1.20545 6.96798 -20.15596 -2.64519 -27.33833 -10.84586 -0.00000 0.00000 -0.00000 -211.83072 -35.68490 -209.38919 10.20199 47.16472 -23.11432 -1.67588 10.91672 9.27708 1.98680 -24.00182 9.32671 0.18263 11.93959 -3.24394 5.66482 11.90618 -5.81059 5.70221 6.57454 -3.75666 9.32574 -4.19695 12.32417 1.75077 11.21176 15.30493 0.35601 4.43076 7.86840 0.00000 0.00000 -0.00000 -84.83565 29.91291 22.53629 12.61338 -2.48706 -22.22407 0.00000 -28.77500 0.00000 -10.17890 52.32455 102.78122 -7.12502 -0.00000 0.00000 -11.16125 -23.05665 -71.73825 0.00000 0.00000 -0.00000 82.81927 46.18724 4.20084 -13.26763 -2.76211 23.42233 -0.00000 -23.76800 -0.00000 -9.63113 5.43927 330.81268 7.12502 -0.00000 -0.00000 14.54308 -3.60510 -58.62485
0.63127 0.40388 0.16846 9.64261 56.56347 -125.30502 -0.00000 0.00000 -0.00000 24.66696 -46.25275 52.67772 -79.40229 69.71577 100.01173 3.68742 12.63639 -23.18748 -0.21710 8.22905 3.01729 -0.00000 0.00000 -0.00000 -215.33026 -42.68499 -213.03851 16.37895 54.78524 -31.04283 -0.69360 5.74924 9.62686 3.68074 -31.61835 12.94859 1.65293 13.74743 -3.87914 5.18951 11.81051 -6.39660 4.53769 5.35243 -3.89201 10.27892 -5.30740 12.54013 2.74508 9.55583 15.26699 0.52621 4.54077 7.88334 0.00000 0.00000 -0.00000 -76.73879 26.91615 12.28437 12.93101 -2.61859 -22.80489 0.00000 -26.69240 0.00000 -7.70146 51.79800 99.76417 -7.12502 -0.00000 0.00000 -10.02304 -22.69543 -69.61152 0.00000 0.00000 -0.00000 70.44207 43.38746 17.79750 -14.79627 -3.46866 26.25302 -0.00000 -27.79040 -0.00000 -6.08640 3.05024 333.47920 7.12502 -0.00000 -0.00000 18.74599 -3.49785 -55.19145
0.65588 0.41432 0.21263 19.43826 50.81262 -125.13489 -0.00000 0.00000 -0.00000 18.07924 -49.11600 44.93500 -90.64232 68.56260 112.03407 3.82817 13.18362 -22.03487 -0.98656 17.26036 6.49335 -0.00000 0.00000 -0.00000 -223.99072 -54.89399 -215.75999 23.88561 60.43713 -39.91656 0.07950 0.39062 6.50437 4.26833 -33.68034 14.03754 2.85419 15.96524 -4.96539 4.63382 11.69543 -7.45290 3.59460 3.95312 -4.27306 10.18841 -6.21186 12.46636 4.20585 7.69870 14.97752 0.89494 3.90957 7.73187 0.00000 0.00000 -0.00000 -70.00921 21.52489 1.12482 13.11893 -2.69819 -23.14934 0.00000 -20.38180 0.00000 -8.50344 50.89529 100.90565 -7.12502 -0.00000 0.00000 -9.96920 -21.87464 -70.25679 0.00000 0.00000 -0.00000 61.78053 40.74347 26.04895 -15.53399 -3.84290 27.63651 -0.00000 -25.66240 -0.00000 -6.99553 3.06908 336.42694 7.12502 -0.00000 -0.00000 18.09607 -2.47556 -52.52972
0.67339 0.43075 0.25231 26.76512 44.81034 -123.19447 -0.00000 0.00000 -0.00000 9.00050 -53.50024 31.58320 -102.28756 66.13540 124.64225 -1.50133 0.50474 -23.81350 -3.08541 -29.27631 -11.77405 -0.00000 0.00000 -0.00000 -243.95713 -67.05602 -231.12364 32.24013 64.36624 -49.33366 0.19380 -3.87557 3.40748 4.95464 -35.83903 15.24106 3.79221 18.10107 -5.34031 3.90240 11.51890 -7.53818 2.63622 2.48052 -4.18512 8.53220 -6.74885 11.67351 6.76138 5.26856 13.96840 1.70871 2.83527 7.17192 0.00000 0.00000 0.00000 -66.21766 15.24695 -10.38617 12.78377 -2.55716 -22.53545 0.00000 -11.21700 0.00000 -8.77376 50.02449 101.38722 -7.12502 -0.00000 0.00000 -9.73567 -21.10603 -70.47634 0.00000 0.00000 0.00000 57.85055 38.95863 28.89187 -15.38620 -3.76614 27.35836 -0.00000 -26.50800 -0.00000 -8.05499 3.36213 337.49059 7.12502 -0.00000 -0.00000 17.09097 -2.06782 -51.69325
0.68411 0.44681 0.28294 35.13718 38.16743 -125.73184 -0.00000 0.00000 -0.00000 8.84545 -59.54078 23.28066 -112.30161 62.45586 135.74385 -6.34969 -16.94596 -22.23727 -9.54532 -46.08460 -22.21094 -0.00000 0.00000 -0.00000 -274.95912 -69.68581 -261.41568 41.49439 67.09508 -59.47772 -0.10123 -5.69136 -0.11917 3.95875 -32.62146 13.47145 3.53427 17.87305 -4.35971 2.83869 10.85682 -6.11690 1.58881 1.70514 -3.37501 6.09039 -7.18321 10.76831 8.36274 2.73187 13.12859 2.35494 1.80611 6.66687 -0.00000 0.00000 -0.00000 -64.56826 12.14300 -18.83253 12.83955 -2.58034 -22.63748 0.00000 -5.17942 0.00000 -11.23322 48.94012 104.75640 -7.12502 -0.00000 0.00000 -10.25432 -20.11716 -72.74364 -0.00000 0.00000 -0.00000 57.46696 38.73747 30.35736 -14.93458 -3.53714 26.51148 -0.00000 -26.98740 -0.00000 -7.14258 3.23222 335.77498 7.12502 -0.00000 -0.00000 17.87571 -2.66040 -53.18952
0.68903 0.45960 0.30643 42.38394 31.08332 -127.04046 -0.00000 0.00000 -0.00000 11.66563 -66.68940 18.31794 -119.08517 58.51880 143.53134 -3.47920 -24.75179 -12.83338 -14.23471 -52.55897 -28.38197 -0.00000 0.00000 -0.00000 -298.61963 -68.61049 -287.35663 54.07675 69.16567 -73.02487 -0.61075 -7.94570 -3.87194 3.08978 -29.29462 11.78300 3.48878 16.96844 -3.46911 2.06059 10.13011 -4.85315 0.66639 1.28052 -2.66318 4.75513 -7.79486 9.65688 7.60754 -0.48814 12.09345 2.05523 0.87813 6.04867 -0.00000 0.00000 0.00000 -63.20545 11.31603 -27.23075 12.12329 -2.29143 -21.33119 0.00000 -1.82965 0.00000 -13.07714 48.48677 107.23446 -7.12502 -0.00000 0.00000 -10.80464 -19.72509 -74.48605 -0.00000 0.00000 0.00000 59.78677 38.31732 31.47286 -14.42720 -3.28969 25.56532 -0.00000 -24.96240 -0.00000 -9.33569 4.17683 336.10449 7.12502 -0.00000 -0.00000 15.60270 -2.33319 -53.29429
0.69096 0.47156 0.32777 46.66425 21.89392 -126.38504 -0.00000 0.00000 -0.00000 6.45748 -73.49171 9.15980 -122.02952 56.22731 147.02636 -1.24991 -22.03971 -7.39116 -17.50688 -55.82367 -32.41462 -0.00000 0.00000 -0.00000 -319.32279 -67.96983 -309.32822 66.82546 69.96795 -86.62150 -2.56267 -13.71623 -11.00708 0.43078 -11.53904 4.26151 2.51920 16.87431 -2.04992 0.30987 9.07209 -3.01632 -0.76839 0.13389 -1.70223 3.13318 -7.14546 8.12537 7.18431 -3.98714 10.53930 1.86113 -0.32544 5.14227 0.00000 0.00000 0.00000 -61.59014 13.54658 -35.57788 11.89705 -2.20408 -20.92030 0.00000 0.29296 -0.00000 -15.20313 47.92793 110.10739 -7.12502 -0.00000 0.00000 -11.45490 -19.27936 -76.53803 0.00000 0.00000 0.00000 64.89397 37.13784 30.79284 -13.88519 -3.03660 24.56041 -0.00000 -24.78750 -0.00000 -13.87178 6.76404 334.50178 7.12502 -0.00000 -0.00000 10.58083 -2.04912 -55.83624
0.69036 0.48562 0.34810 47.95917 12.33275 -125.24507 -0.00000 0.00000 -0.00000 -8.60036 -76.53520 -5.71928 -121.86317 56.36905 146.82640 3.29415 -23.93247 4.74862 -20.64197 -58.32434 -36.14837 -0.00000 0.00000 -0.00000 -341.17086 -65.37501 -330.58734 75.04389 69.91891 -95.36852 -2.90121 -15.11506 -10.90086 0.03633 -3.37957 1.23159 2.14311 19.78006 0.11346 -2.76343 8.65743 -0.43141 -4.16542 -1.73539 -0.44534 2.50058 -6.47556 6.07358 6.34934 -7.78518 8.07736 1.48349 -1.52870 3.75712 0.00000 0.00000 -0.00000 -58.10570 17.27384 -46.36176 11.40715 -2.02127 -20.03318 0.00000 1.55448 -0.00000 -16.05896 47.51218 111.32367 -7.12502 -0.00000 0.00000 -11.65376 -18.95245 -77.41695 0.00000 0.00000 -0.00000 72.56677 31.23430 30.54339 -12.50814 -2.44431 22.03201 -0.00000 -20.82230 -0.00000 -13.62553 6.99526 333.32374 7.12502 -0.00000 -0.00000 10.64824 -2.28991 -56.99757
0.68992 0.49812 0.36266 49.78892 3.09656 -125.34833 -0.00000 0.00000 -0.00000 -16.20780 -80.20500 -12.07493 -120.33512 57.59957 145.00423 0.23269 -19.13869 -2.64705 -18.31642 -56.52027 -33.38910 -0.00000 0.00000 -0.00000 -352.72325 -62.76915 -341.29026 83.89965 69.36966 -104.81145 -2.34686 -15.69675 -7.39051 0.01421 -2.11478 0.77009 2.68675 22.74868 2.69486 -5.94156 8.90495 2.54255 -8.74531 -2.41498 0.97793 2.50411 -8.00933 4.06351 5.63618 -10.44466 5.29919 1.26885 -2.04205 2.25679 -0.00000 0.00000 -0.00000 -49.38461 22.17077 -59.46996 11.43727 -2.03226 -20.08763 0.00000 -1.74481 0.00000 -16.49976 46.65686 112.16089 -7.12502 -0.00000 0.00000 -11.51380 -18.25771 -78.03205 -0.00000 0.00000 -0.00000 84.95422 13.36166 32.29777 -8.89276 -1.21505 15.53043 -0.00000 -6.87968 -0.00000 -12.27762 6.16871 333.72141 7.12502 -0.00000 -0.00000 12.15633 -2.46526 -56.29245
0.68814 0.51299 0.37247 53.81639 -6.70875 -123.31852 -0.00000 0.00000 -0.00000 -63.09663 -86.43495 -56.19150 -116.82188 60.01104 140.89854 -1.68816 -10.96962 -10.29026 -14.04938 -52.34891 -28.14822 -0.00000 0.00000 -0.00000 -360.12224 -63.26226 -349.06767 93.22872 68.14921 -114.81656 -2.32502 -16.96483 -6.16043 0.07185 4.74877 -1.73264 0.53510 23.02157 3.27044 -6.01642 9.46756 2.74543 -7.69030 -2.02577 1.03759 -0.83067 -10.84893 3.38132 3.54518 -13.11711 4.40362 1.19791 -2.46532 1.89540 0.00000 0.00000 0.00000 -43.36044 22.13323 -68.75909 12.39616 -2.39927 -21.82786 0.00000 -7.85665 0.00000 -17.25826 46.81324 113.07789 -7.12502 -0.00000 0.00000 -11.89812 -18.41342 -78.70488 0.00000 0.00000 0.00000 92.10948 -1.81312 36.69899 -6.60080 -0.66449 11.48440 -0.00000 8.15331 0.00000 -13.82714 8.21438 329.86461 7.12502 -0.00000 -0.00000 9.77998 -2.76437 -60.63145
0.68486 0.52823 0.37663 60.17918 -14.66641 -118.37491 -0.00000 0.00000 -0.00000 -162.55678 -82.47690 -151.98568 -112.38374 62.41680 135.83650 -0.85172 -2.49871 -11.94617 -8.18481 -43.60328 -20.28218 -0.00000 0.00000 -0.00000 -361.44022 -63.68957 -354.00268 97.04608 67.41735 -118.93971 -2.16398 -16.54307 -5.80418 0.00066 -0.45459 0.16546 1.28708 21.35748 2.27436 -5.33112 10.10055 1.77508 -6.97800 -0.65890 0.64373 -3.74647 -12.34786 2.72389 1.36162 -16.29238 3.46280 0.99862 -3.31708 1.50396 0.00000 0.00000 0.00000 -39.92297 19.71197 -75.14373 13.26561 -2.76124 -23.41861 0.00000 -11.90780 0.00000 -17.78876 46.72804 113.78118 -7.12502 -0.00000 0.00000 -12.09588 -18.36369 -79.22487 0.00000 0.00000 0.00000 82.93304 5.75737 39.12450 -8.83575 -1.19926 15.42918 -0.00000 -14.06320 -0.00000 -13.52200 8.13604 329.52345 7.12502 -0.00000 -0.00000 10.04476 -2.89389 -60.90863
0.68140 0.54247 0.37477 67.20477 -22.02918 -112.45436 -0.00000 0.00000 -0.00000 -179.38831 -75.94496 -164.17713 -107.27427 64.54444 130.12814 0.64319 5.38393 -10.18590 -3.98613 -32.71750 -13.52218 -0.00000 0.00000 -0.00000 -354.62496 -63.90996 -349.72362 95.95554 67.64226 -117.75958 -1.95702 -15.92045 -5.37447 0.48701 -12.25457 4.53431 1.41093 18.36678 1.38614 -4.98425 10.29519 0.85231 -6.35604 0.92052 0.27481 -5.94812 -13.09483 1.98237 0.48035 -18.39195 2.43098 1.12144 -3.97121 1.06554 0.00000 0.00000 0.00000 -35.86640 16.88080 -79.46048 14.28722 -3.22323 -25.30524 0.00000 -16.60450 0.00000 -18.89313 46.65337 115.20267 -7.12502 -0.00000 0.00000 -12.55448 -18.34944 -80.27494 0.00000 0.00000 0.00000 78.63600 8.53736 44.15309 -10.20642 -1.60911 17.87315 -0.00000 -16.87160 -0.00000 -16.55536 8.25377 334.22275 7.12502 -0.00000 -0.00000 7.67478 -1.60023 -56.70766
0.67977 0.55867 0.37061 73.88595 -28.34485 -104.52732 -0.00000 0.00000 -0.00000 -181.23551 -71.53411 -162.52346 -103.04860 65.91841 125.47514 0.95506 9.63219 -5.15333 -2.08253 -24.52657 -9.55967 -0.00000 0.00000 -0.00000 -345.18900 -63.44729 -340.66433 92.95794 68.19545 -114.52487 -1.37655 -15.65181 -2.95975 1.78748 -22.85695 8.82545 1.27277 16.61512 0.34516 -4.58927 10.22260 -0.36096 -5.65540 1.58558 -0.28094 -6.37671 -13.91138 1.31408 -1.12887 -20.46733 1.14893 0.71511 -4.58083 0.41003 -0.00000 0.00000 -0.00000 -32.62169 14.43223 -82.96953 15.29276 -3.71808 -27.18277 0.00000 -20.55730 0.00000 -20.56233 47.55679 116.94589 -7.12502 -0.00000 0.00000 -13.65292 -19.14937 -81.51946 -0.00000 0.00000 -0.00000 75.55187 9.79039 50.32832 -12.03608 -2.25754 21.17270 -0.00000 -22.35540 -0.00000 -18.15224 8.98689 334.52460 7.12502 -0.00000 -0.00000 6.02933 -1.25751 -56.73777
0.67864 0.57681 0.36531 79.35483 -33.07637 -96.60806 -0.00000 0.00000 -0.00000 -180.88467 -69.82373 -163.00819 -100.55968 66.59739 122.75622 0.26613 11.10331 0.46115 -0.55855 -13.10401 -4.86023 -0.00000 0.00000 -0.00000 -333.53062 -61.61011 -327.93367 89.47125 68.72976 -110.77668 0.96522 -14.01081 6.53138 3.35957 -30.39049 12.32513 0.81608 16.44417 -0.55549 -3.90690 10.24580 -1.51332 -4.54480 1.59120 -0.85925 -7.28557 -14.15831 0.79022 -1.25075 -23.57536 0.21124 0.90058 -5.01672 -0.07374 -0.00000 0.00000 -0.00000 -28.00077 11.69875 -85.39035 16.34918 -4.28272 -29.18007 0.00000 -26.56210 0.00000 -22.02357 47.73144 118.66224 -7.12502 -0.00000 0.00000 -14.39856 -19.35454 -82.76323 -0.00000 0.00000 -0.00000 71.20162 10.06552 58.32900 -14.03081 -3.10347 24.82983 -0.00000 -34.01010 -0.00000 -19.90333 12.58975 328.95112 7.12502 -0.00000 -0.00000 2.89129 -0.95146 -63.19999
0.67939 0.59414 0.35818 83.86119 -36.34940 -88.47953 -0.00000 0.00000 -0.00000 -179.47267 -70.22686 -167.35177 -101.00312 66.48275 123.23962 -0.16252 7.41462 2.61066 -2.17128 -24.99975 -9.77155 -0.00000 0.00000 -0.00000 -321.13706 -60.59916 -315.80099 88.13276 68.90636 -109.34122 2.69046 -14.88060 12.64352 5.77321 -38.13142 16.60139 0.57101 16.34757 -1.58598 -3.20767 9.97735 -2.79090 -3.51539 1.28902 -1.49190 -6.88813 -14.66989 0.81253 -1.39120 -25.00869 0.05443 0.81188 -5.40329 -0.25653 0.00000 0.00000 0.00000 -24.08130 9.81290 -86.21186 17.50553 -4.95599 -31.39915 0.00000 -31.80570 0.00000 -22.13221 48.34486 118.56148 -7.12502 -0.00000 0.00000 -14.67996 -19.84442 -82.65783 0.00000 0.00000 0.00000 68.61379 10.39457 64.63183 -17.49670 -4.95062 31.38207 -0.00000 -44.24910 -0.00000 -23.52344 28.09052 312.75228 7.12502 -0.00000 -0.00000 -7.21162 5.60035 -82.64081
0.68423 0.60711 0.34840 86.90100 -40.18209 -80.44221 -0.00000 0.00000 -0.00000 -183.24502 -73.27191 -177.58037 -105.49233 65.16084 128.15967 -0.00586 0.12967 1.13851 -9.76790 -46.45854 -22.51896 -0.00000 0.00000 -0.00000 -308.67320 -61.59842 -304.52003 86.81696 69.06550 -107.93168 3.23817 -18.47127 13.26715 8.50964 -44.22859 20.75049 -0.69265 15.75082 -2.76782 -3.47572 9.74514 -4.47542 -2.94934 1.32595 -2.35692 -6.19120 -14.41523 0.89064 0.01835 -26.24017 0.25752 1.13230 -5.83197 -0.34200 0.00000 0.00000 0.00000 -23.01179 9.10256 -86.63104 17.95353 -5.23303 -32.26914 0.00000 -33.03990 0.00000 -20.10952 50.29057 115.45155 -7.12502 -0.00000 0.00000 -14.48396 -21.33303 -80.37780 0.00000 0.00000 0.00000 71.20776 10.11838 66.46508 -19.19984 -6.05386 34.72297 -0.00000 -47.49510 -0.00000 -17.11885 41.20991 295.05625 7.12502 -0.00000 -0.00000 14.04909 -9.39911 -258.12928
0.69199 0.61679 0.33888 88.32973 -44.24163 -74.56052 -0.00000 0.00000 -0.00000 -209.33657 -76.97957 -210.59318 -109.96057 63.49871 133.11611 -0.11916 -7.90529 -2.30047 -10.73975 -47.99982 -23.84272 -0.00000 0.00000 -0.00000 -292.14156 -62.57329 -290.61810 79.91556 69.68345 -100.55900 2.82285 -22.18687 11.50939 10.94336 -48.30522 24.11605 -3.05533 15.02387 -3.54060 -3.81200 9.54716 -5.80475 -1.93754 1.64357 -3.11331 -5.89918 -13.96204 1.12012 0.65632 -27.20828 0.58677 1.26727 -6.22452 -0.28345 0.00000 0.00000 -0.00000 -23.63022 8.89416 -86.55132 17.82434 -5.15219 -32.01764 0.00000 -33.42730 0.00000 -16.84191 52.33640 110.92709 -7.12502 -0.00000 0.00000 -13.84886 -22.96705 -77.28454 0.00000 0.00000 -0.00000 69.64116 11.15638 65.41155 -20.23457 -6.79445 36.80222 -0.00000 -46.13490 -0.00000 -16.30976 41.58121 293.79185 7.12502 -0.00000 -0.00000 14.28063 -9.19761 -257.12736
0.70419 0.62333 0.33083 87.46778 -48.57107 -70.87064 -0.00000 0.00000 -0.00000 -256.09184 -74.24157 -264.14852 -110.25733 63.37372 133.44790 -2.08385 -11.95585 -11.54218 -6.39876 -39.71354 -17.59695 -0.00000 0.00000 -0.00000 -275.36998 -62.43625 -278.11744 66.46740 69.96030 -86.24037 0.81595 -25.91846 6.60771 12.19773 -50.06799 25.77318 -5.34754 15.02663 -4.03052 -4.19138 9.32138 -6.82359 -1.00960 1.63248 -3.72579 -5.18668 -13.80967 1.26437 -0.19644 -28.09783 0.39726 0.89511 -6.53935 -0.45318 -0.00000 0.00000 -0.00000 -22.93283 8.82690 -86.35395 17.12392 -4.72723 -30.66276 0.00000 -34.84640 0.00000 -14.85832 54.23731 108.10508 -7.12502 -0.00000 0.00000 -13.78295 -24.56783 -75.54098 -0.00000 0.00000 -0.00000 69.08770 11.44854 65.84656 -19.79588 -6.47367 35.91568 -0.00000 -44.82430 -0.00000 -13.48810 42.98129 289.38307 7.12502 -0.00000 -0.00000 15.25361 -8.57366 -253.66484
0.72073 0.62415 0.32224 84.42054 -53.46494 -67.96228 -0.00000 0.00000 -0.00000 -281.27529 -65.73636 -294.59511 -104.22915 65.56441 126.77001 -0.39257 1.74829 -17.44215 -0.38753 -10.95459 -4.03980 -0.00000 0.00000 -0.00000 -259.79152 -62.58864 -268.18928 48.38476 68.41441 -66.92018 -2.71850 -28.35612 -1.11548 11.59290 -49.24247 24.97963 -7.61864 15.42239 -4.23525 -4.48997 9.12125 -7.52751 -0.01901 1.50424 -4.18579 -4.25979 -13.70789 1.59447 -1.40911 -29.03578 0.33564 0.35643 -6.86966 -0.56792 0.00000 0.00000 0.00000 -21.29106 9.63083 -87.94512 15.06176 -3.60079 -26.74951 0.00000 -34.45900 0.00000 -11.25679 57.71780 103.24768 -7.12502 -0.00000 0.00000 -13.83067 -27.61373 -72.97489 0.00000 0.00000 0.00000 73.43686 9.95446 65.38966 -18.43333 -5.54016 33.20773 -0.00000 -38.30860 -0.00000 -7.47243 44.16658 280.66120 7.12502 -0.00000 -0.00000 16.10400 -6.84144 -247.42104
0.74008 0.61726 0.31897 79.54881 -59.31789 -64.93255 -0.00000 0.00000 -0.00000 -295.49609 -58.37260 -311.04996 -89.47488 68.72926 110.78057 -1.36437 -4.09508 -13.73363 -2.26071 -25.46440 -9.98133 -0.00000 0.00000 -0.00000 -245.08756 -64.10341 -258.85648 31.30765 64.01099 -48.29785 -6.74679 -25.69290 -13.15006 8.27301 -43.77527 20.40987 -10.09038 16.35847 -4.41282 -4.79871 8.59890 -8.34997 1.15768 0.84592 -4.68060 -1.95926 -13.52425 2.58273 -3.62539 -28.85053 1.01062 -0.82658 -6.79253 -0.33513 0.00000 0.00000 0.00000 -11.43503 11.15213 -90.60852 12.60707 -2.48449 -22.21257 0.00000 -37.35520 0.00000 12.81532 -62.45179 -75.61031 -7.12502 -0.00000 0.00000 -8.26416 -34.32489 -59.44426 0.00000 0.00000 0.00000 76.85809 7.10244 62.74064 -16.68529 -4.47234 29.82134 -0.00000 -32.36550 -0.00000 -3.02434 44.09038 274.34233 7.12502 -0.00000 -0.00000 16.12591 -5.41375 -243.07252
0.75720 0.60455 0.32271 71.26274 -65.00179 -64.98904 -0.00000 0.00000 -0.00000 -305.54072 -50.97291 -320.55928 -59.38474 69.63648 78.69477 -0.91082 -8.72593 -7.28507 -0.64345 -14.03960 -5.22201 -0.00000 0.00000 -0.00000 -230.46086 -65.69344 -249.59243 19.08897 57.15038 -34.31197 -6.35449 -18.11472 -23.29369 2.23599 -25.33713 9.92370 -11.67537 17.67036 -4.80994 -4.84373 7.98378 -9.43569 2.23946 -0.10302 -5.23704 0.29475 -12.95530 4.66482 -6.20094 -27.85273 3.36961 -2.24755 -6.38587 0.80674 0.00000 0.00000 -0.00000 9.02914 13.09994 -91.29731 13.54505 -2.88361 -23.93270 0.00000 -48.45430 0.00000 60.75370 -27.07950 -14.30020 -7.12502 -0.00000 0.00000 25.57003 -26.47833 2.02098 0.00000 0.00000 -0.00000 75.90040 5.37049 59.62515 -15.01284 -3.57623 26.65792 -0.00000 -29.02140 -0.00000 0.84439 -43.61907 451.22390 7.12502 -0.00000 -0.00000 15.94344 -4.14867 -239.21078
0.76602 0.58788 0.33527 55.92249 -70.55678 -71.84151 -0.00000 0.00000 -0.00000 -314.32040 -42.64153 -326.05585 -27.38072 62.30377 43.89762 -0.33013 -7.50916 -3.86827 -0.34171 -10.29656 -3.79128 -0.00000 0.00000 -0.00000 -216.56623 -67.23337 -238.25518 12.49834 50.46252 -26.16407 -2.17489 -9.24767 -28.60520 0.40170 11.14964 -4.11369 -11.72212 19.28247 -5.13506 -4.85192 7.66190 -10.22485 2.56827 -1.14657 -5.59563 1.53322 -11.33000 6.49599 -10.13341 -24.68949 5.66436 -3.80884 -5.28151 2.25285 -0.00000 0.00000 0.00000 6.51608 17.70730 -89.59628 14.51826 -3.33334 -25.73474 0.00000 -42.85700 0.00000 37.94619 2.31849 2.96980 -7.12502 -0.00000 0.00000 10.82721 -2.19724 33.66435 -0.00000 0.00000 0.00000 75.80630 3.17955 55.17331 -14.17086 -3.16856 25.08933 -0.00000 -24.11210 -0.00000 5.29030 -42.76537 457.76565 7.12502 -0.00000 -0.00000 15.65931 -2.70764 -234.56560
0.76920 0.56884 0.34967 28.08009 -74.55032 -90.60426 -0.00000 0.00000 -0.00000 -323.61240 -33.75804 -331.38475 -10.70873 47.95280 23.80097 -0.01842 -0.64248 -1.41213 -1.01375 -17.48675 -6.58441 -0.00000 0.00000 -0.00000 -204.94886 -68.93866 -224.08168 9.11960 45.34566 -21.61627 2.58597 0.25062 -28.36089 6.32889 39.54330 -17.48741 -10.62925 20.56523 -5.37158 -5.19377 8.43648 -10.65391 1.69877 -1.16964 -5.86903 2.29263 -9.62623 7.11616 -13.43514 -19.48272 6.85950 -4.83877 -3.61952 3.15583 -0.00000 0.00000 0.00000 -1.49408 19.00258 -81.51484 17.25155 -4.80301 -30.90859 0.00000 -27.44370 0.00000 -13.59363 -0.78232 3.23176 -7.12502 -0.00000 0.00000 -37.44533 9.90648 32.33865 -0.00000 0.00000 0.00000 77.93807 -0.53221 50.30464 -14.04612 -3.11055 24.85818 -0.00000 -17.60470 -0.00000 9.54161 -41.72303 464.17444 7.12502 -0.00000 -0.00000 15.41975 -1.35107 -229.88608
0.76604 0.54881 0.36174 -2.45730 -74.02477 -112.20561 -0.00000 0.00000 -0.00000 -331.43170 -25.66997 -337.76631 -4.18174 33.38998 13.88080 -0.05345 3.20119 1.53317 -1.73371 -22.53486 -8.68609 -0.00000 0.00000 -0.00000 -194.69634 -70.35863 -209.49734 6.24844 39.34533 -17.36077 5.02307 9.49301 -24.06277 17.25774 55.60134 -32.11307 -9.43980 20.73612 -5.08341 -4.81189 9.38956 -10.04187 1.26245 -0.44939 -5.64185 2.45596 -8.24920 6.42059 -15.57565 -13.26131 6.67181 -5.27264 -1.86720 3.19430 0.00000 0.00000 -0.00000 -10.25453 17.77774 -72.08332 21.39115 -7.69059 -39.17831 0.00000 -15.49210 0.00000 -35.99831 6.92719 -9.42588 -7.12502 -0.00000 0.00000 -51.42619 35.50398 20.14739 0.00000 0.00000 -0.00000 79.85506 -6.74785 44.80523 -14.31841 -3.23797 25.36315 -0.00000 -11.45630 -0.00000 12.28193 -40.99050 468.36104 7.12502 -0.00000 -0.00000 15.34760 -0.48583 -226.76954
0.76242 0.52810 0.36692 -22.00515 -70.21401 -124.29983 -0.00000 0.00000 -0.00000 -337.04900 -18.64183 -343.74406 -1.69464 22.29702 8.58364 -0.22262 0.40616 7.84534 -1.07396 -17.97618 -6.78210 -0.00000 0.00000 -0.00000 -193.91597 -71.55498 -200.97871 4.47690 34.36232 -14.41031 2.02194 16.94825 -9.92693 20.06536 57.90215 -35.46929 -9.08571 20.22324 -4.05645 -4.02046 9.76239 -8.41315 1.61169 0.09050 -4.86514 0.90226 -6.53654 5.56584 -14.53235 -6.61545 6.67503 -4.99042 -0.39639 3.19055 -0.00000 0.00000 0.00000 -32.08929 11.33833 -62.93523 22.91297 -8.98998 -42.40320 0.00000 -5.72949 0.00000 -63.62084 19.40358 -9.35627 -7.12502 -0.00000 0.00000 60.15207 58.38361 -108.95759 -0.00000 0.00000 0.00000 80.56577 -13.75878 38.32406 -14.56868 -3.35766 25.82862 -0.00000 -6.61822 -0.00000 14.31395 -40.62676 471.39859 7.12502 -0.00000 -0.00000 15.52890 0.12637 -224.54523
0.75617 0.50467 0.36994 -34.48571 -64.40396 -130.30661 -0.00000 0.00000 -0.00000 -340.64980 -14.96382 -347.14373 -1.00220 17.39106 6.54589 -0.92481 1.39300 14.61051 -0.00598 -1.37193 -0.49944 -0.00000 0.00000 -0.00000 -191.58057 -73.23232 -195.03413 3.51035 30.97669 -12.62059 -1.04587 16.33045 1.20852 20.63922 58.32236 -36.14515 -8.87228 20.36700 -2.98553 -3.62925 10.30053 -6.92084 1.66720 0.44872 -4.16350 0.12079 -5.63502 4.83944 -14.11200 -0.95766 6.49991 -4.50614 1.21913 2.96503 0.00000 0.00000 0.00000 -49.08854 0.63174 -56.12107 23.32336 -9.36578 -43.29488 0.00000 -4.80944 0.00000 76.57858 12.93552 -176.94228 -7.12502 -0.00000 0.00000 -65.75738 -33.24271 58.86654 0.00000 0.00000 0.00000 80.02533 -17.73488 31.32579 -14.70267 -3.42276 26.07834 -0.00000 -4.96977 -0.00000 16.62186 -39.49737 475.14313 7.12502 -0.00000 -0.00000 15.17442 0.93298 -221.56428
0.74637 0.47695 0.37164 -40.63454 -57.96070 -130.10062 -0.00000 0.00000 -0.00000 -343.16172 -16.04741 -349.76439 -0.90836 16.58906 6.22474 -2.91322 11.53570 14.98284 -0.52605 -12.72570 -4.71479 -0.00000 0.00000 -0.00000 -186.10343 -74.11730 -188.69700 2.87285 28.36532 -11.33315 -1.95367 15.12998 6.01057 21.75450 59.09676 -37.45021 -8.33920 20.31653 -1.80603 -3.52019 10.91122 -5.19871 1.22525 0.90507 -3.32193 0.39782 -4.39767 3.89759 -13.29268 2.74688 5.60925 -4.24655 2.11589 2.43786 -0.00000 0.00000 -0.00000 -50.88297 -5.00995 -50.73328 20.82669 -7.24389 -38.01133 0.00000 -1.55148 0.00000 76.57858 12.93552 -176.94228 -7.12502 -0.00000 0.00000 -65.75738 -33.24271 58.86654 -0.00000 0.00000 -0.00000 80.32055 -21.00064 23.90342 -14.89902 -3.51946 26.44499 -0.00000 -5.73261 -0.00000 18.31942 -38.55467 477.97855 7.12502 -0.00000 -0.00000 14.88086 1.53654 -219.23768
0.73742 0.44768 0.36797 -42.75494 -50.65460 -125.64605 -0.00000 0.00000 -0.00000 -345.91169 -18.32918 -352.33728 -0.56896 13.22264 4.90594 -5.14626 21.41963 17.38819 -0.69327 -14.55776 -5.42373 -0.00000 0.00000 -0.00000 -184.01980 -75.41255 -182.97755 2.89716 28.47173 -11.38422 -1.70641 9.60687 12.49190 19.38476 57.38321 -34.66360 -7.68559 20.33805 -1.11641 -2.56589 11.34649 -4.08230 1.73644 1.28767 -2.78011 0.20200 -2.89938 3.82109 -11.57103 6.12861 5.75755 -3.56376 2.88879 2.47253 -0.00000 0.00000 -0.00000 -50.17927 -4.24016 -43.64215 17.77260 -5.12003 -31.91705 0.00000 1.14871 -0.00000 -29.96475 -47.24095 -308.14018 -7.12502 -0.00000 0.00000 -72.19196 -6.38551 47.04604 -0.00000 0.00000 -0.00000 80.50485 -22.88757 17.63869 -14.56413 -3.35546 25.82014 -0.00000 -6.91164 -0.00000 19.90439 -37.60460 480.68376 7.12502 -0.00000 -0.00000 14.60111 2.10640 -216.96889
0.72943 0.41791 0.36145 -42.72050 -42.55131 -119.58152 -0.00000 0.00000 -0.00000 -348.84115 -24.23360 -353.82719 -0.56314 13.15644 4.88043 -4.98062 17.69343 18.31985 -0.64225 -14.02678 -5.21704 -0.00000 0.00000 -0.00000 -186.24754 -76.29872 -181.43936 3.50991 30.97504 -12.61975 0.09851 2.47225 16.00179 14.23515 52.55946 -28.38252 -6.39158 20.77826 -0.91884 -1.25804 11.49535 -3.55299 2.39079 1.17897 -2.48874 -0.51347 -1.10281 3.98072 -10.07402 9.07387 6.07225 -2.88114 3.47324 2.57541 0.00000 0.00000 0.00000 -55.55794 -2.06986 -35.43065 15.85914 -4.01497 -28.25024 0.00000 -2.42602 0.00000 -7.31870 -11.17722 -303.52710 -7.12502 -0.00000 0.00000 -31.90939 -22.37521 76.43949 0.00000 0.00000 0.00000 80.97031 -22.44019 12.71228 -13.98835 -3.08389 24.75123 -0.00000 -9.47997 -0.00000 22.11990 -36.38936 484.41594 7.12502 -0.00000 -0.00000 14.39599 2.90191 -213.84257
0.72515 0.38799 0.35339 -41.27043 -33.71760 -113.47791 -0.00000 0.00000 -0.00000 -352.67255 -33.92693 -354.42761 -0.88104 16.34700 6.12838 -3.96132 9.10931 20.77289 -0.72052 -14.83258 -5.53113 -0.00000 0.00000 -0.00000 -197.49378 -76.36003 -188.78295 4.54641 34.58433 -14.53310 2.06777 -5.54290 16.22483 5.35113 36.98382 -15.90899 -5.53158 21.66673 -1.10658 0.71057 11.76133 -3.70707 4.06864 1.13427 -2.62219 -1.64065 0.13187 4.57672 -9.25178 10.79896 6.88354 -2.33828 3.78775 2.90088 -0.00000 0.00000 0.00000 -62.41028 1.98808 -25.03125 14.12027 -3.14496 -24.99556 0.00000 -9.14309 0.00000 1.22566 1.31580 -312.97547 -7.12502 -0.00000 0.00000 -20.85332 -11.87750 73.38276 -0.00000 0.00000 0.00000 81.98812 -19.84831 10.84907 -13.42194 -2.82933 23.70604 -0.00000 -12.02780 -0.00000 23.61268 -35.60261 486.90344 7.12502 -0.00000 -0.00000 14.34128 3.45021 -211.75420
0.72209 0.35837 0.34529 -38.18990 -23.34322 -106.96345 -0.00000 0.00000 -0.00000 -357.75030 -45.52200 -353.84486 -1.15847 18.63757 7.05114 -3.68476 7.88079 20.96936 -0.98905 -17.28127 -6.50175 -0.00000 0.00000 -0.00000 -212.58489 -74.67226 -198.45418 5.85233 38.33902 -16.72922 1.48754 -15.78045 8.30450 2.02476 -24.21173 9.41965 -3.52026 22.56905 -1.54164 2.62890 12.31286 -4.01986 5.09090 1.35493 -2.82573 -0.82217 0.86349 5.18756 -8.27281 11.90283 7.61955 -2.09947 4.04769 3.30134 -0.00000 0.00000 0.00000 -65.72902 16.18508 -15.67682 10.64357 -1.75333 -18.65734 0.00000 -17.53120 0.00000 5.12879 3.23780 -327.81875 -7.12502 -0.00000 0.00000 -19.03164 -5.46138 60.42485 -0.00000 0.00000 0.00000 84.95340 -17.08945 11.82865 -12.59651 -2.48018 22.19328 -0.00000 -14.10900 -0.00000 24.68014 -35.31416 488.48298 7.12502 -0.00000 -0.00000 14.54725 3.83698 -210.53991
0.72547 0.32963 0.33841 -34.64014 -11.45761 -100.70599 -0.00000 0.00000 -0.00000 -365.47002 -58.22964 -352.20201 -1.77617 22.78972 8.79631 -2.72167 7.25514 17.57916 -0.87784 -16.31832 -6.11698 -0.00000 0.00000 -0.00000 -230.53225 -73.16388 -206.89375 6.53092 40.03134 -17.80309 0.93779 -13.58539 6.45477 1.65593 -22.05810 8.48109 -0.50185 23.46926 -2.13516 3.96806 13.09915 -4.38058 4.94205 1.74793 -3.00393 2.38037 0.80667 5.70051 -7.46715 13.46521 8.22252 -2.08902 4.24825 3.70890 -0.00000 0.00000 0.00000 -74.84606 22.63517 -8.93540 6.71988 -0.68890 -11.69352 0.00000 -21.14860 0.00000 11.64784 4.16678 -340.58359 -7.12502 -0.00000 0.00000 -13.67074 -1.03471 49.24597 -0.00000 0.00000 0.00000 89.32539 -13.64533 14.94769 -11.31111 -1.98643 19.85970 -0.00000 -16.72200 -0.00000 26.13532 -35.15414 490.43657 7.12502 -0.00000 -0.00000 15.03498 4.36960 -209.16390
0.73280 0.29928 0.33405 -30.92106 2.87778 -94.61301 -0.00000 0.00000 -0.00000 -374.69220 -68.45533 -348.70392 -2.48104 26.56133 10.48369 -2.43999 10.22465 13.91280 -1.35914 -20.10457 -7.65612 -0.00000 0.00000 -0.00000 -249.41650 -72.74759 -213.00522 6.68836 40.40301 -18.04693 -0.63907 -14.84953 -0.09514 3.26408 -30.00974 12.13529 3.60505 24.37531 -2.94547 5.03699 13.57537 -4.71248 3.97309 1.72825 -3.06926 6.18954 -0.21866 6.19164 -4.93530 14.56348 8.39766 -1.85867 4.81791 4.06440 -0.00000 0.00000 0.00000 -84.46642 12.92978 -4.94187 4.44015 -0.29919 -7.70608 0.00000 -15.93290 0.00000 20.05480 4.37378 -348.20014 -7.12502 -0.00000 0.00000 -5.84471 0.25750 42.48614 -0.00000 0.00000 0.00000 91.33960 -4.11935 17.19433 -10.05339 -1.56019 17.59922 -0.00000 -25.78020 -0.00000 26.96784 -35.15703 491.46519 7.12502 -0.00000 -0.00000 15.39607 4.67795 -208.50267
0.74187 0.26589 0.33059 -27.69199 16.94241 -89.44614 -0.00000 0.00000 -0.00000 -381.71689 -73.57368 -341.22601 -3.03860 29.07941 11.67804 -1.29952 7.56699 10.08218 -0.79325 -15.53960 -5.80879 -0.00000 0.00000 -0.00000 -266.86654 -73.59284 -217.95718 6.59926 40.19359 -17.90917 -2.48763 -17.15989 -6.69204 3.48464 -30.87801 12.57058 4.49722 24.93957 -2.05042 6.07025 13.44851 -3.28240 4.46897 1.28333 -2.38228 7.70654 -2.12689 5.77301 0.35905 15.00456 6.81608 -0.55035 5.09731 3.62027 -0.00000 0.00000 0.00000 -85.46023 25.30119 -0.61539 7.48759 -0.85725 -13.04440 0.00000 -26.69260 0.00000 22.25738 5.37816 -347.10060 -7.12502 -0.00000 0.00000 -3.57207 0.06804 43.91012 -0.00000 0.00000 0.00000 84.70588 18.34281 15.92437 -11.39948 -2.01847 20.01934 -0.00000 -49.40980 -0.00000 24.46057 -35.51762 488.06149 7.12502 -0.00000 -0.00000 14.61873 3.74762 -210.93187
0.74692 0.23888 0.33490 -23.28340 25.20300 -88.49083 -0.00000 0.00000 -0.00000 -385.09438 -74.76383 -327.18825 -3.19099 29.71310 11.98849 0.80219 13.71424 -1.32763 -0.05995 4.33899 1.58249 -0.00000 0.00000 -0.00000 -276.65517 -73.43513 -217.35691 6.37719 39.66113 -17.56317 -2.23957 -14.96981 -7.59068 2.92338 -28.58586 11.43911 1.40417 23.49140 -0.02660 7.08578 12.12587 -1.01011 6.90722 0.41063 -1.33080 2.53827 -1.29945 4.97306 1.98807 13.59048 5.98562 0.72776 4.72956 3.01882 -0.00000 0.00000 0.00000 -84.43467 70.19812 14.10055 15.73941 -3.95109 -28.02395 0.00000 -70.36120 0.00000 24.70120 8.36320 -342.45261 -7.12502 -0.00000 0.00000 -0.54971 -0.04192 49.36080 -0.00000 0.00000 0.00000 75.48996 23.68606 15.93150 -11.52406 -2.06411 20.24457 -0.00000 -55.30220 -0.00000 6.17197 -37.04075 460.17733 7.12502 -0.00000 -0.00000 10.45570 -1.30889 -232.05624
0.75610 0.22256 0.34845 -20.22311 32.78788 -90.99551 -0.00000 0.00000 -0.00000 -398.31544 -70.19525 -339.05620 -3.58285 31.25235 12.76090 1.20788 13.47245 -3.52487 -0.02341 2.71323 0.98832 -0.00000 0.00000 -0.00000 -285.22445 -69.11426 -223.89372 6.42221 39.77032 -17.63363 -1.48780 -13.57509 -4.94038 3.17208 -29.63561 11.95030 5.75654 24.61601 1.31201 7.08179 11.15451 1.85369 4.06550 -1.31782 0.26724 0.58285 -2.25669 4.18826 -2.94552 13.47878 5.70005 -0.57770 4.98331 2.54833 0.00000 0.00000 0.00000 -90.85255 69.45525 26.67388 20.66368 -7.11824 -37.67699 0.00000 -64.67570 0.00000 23.45225 8.83445 -340.50521 -7.12502 -0.00000 0.00000 -1.52856 -0.16890 51.30375 0.00000 0.00000 0.00000 78.65340 -2.25891 17.84931 -9.72308 -1.45732 17.00888 -0.00000 -41.48720 -0.00000 -10.20476 21.31660 296.34443 7.12502 -0.00000 -0.00000 -2.26370 1.86221 -264.42260
0.76592 0.21356 0.35954 -19.23250 37.08186 -90.10823 -0.00000 0.00000 -0.00000 -412.84439 -60.25009 -358.27743 -5.10810 36.29026 15.50173 1.53303 11.60220 -7.20215 -0.16692 -7.22329 -2.64402 -0.00000 0.00000 -0.00000 -279.24347 -66.51441 -232.17261 7.70724 42.64205 -19.58355 0.42066 -5.22238 5.23035 2.55042 -26.89370 10.63795 8.35950 26.19203 2.12882 7.37583 12.13209 3.33027 2.74330 -0.77477 0.95497 1.98359 -1.80542 3.15004 -5.52167 10.24180 4.47126 -1.86715 3.83921 1.98690 -0.00000 0.00000 -0.00000 -89.47048 59.98074 25.02441 24.87395 -10.89392 -46.76423 0.00000 -52.02640 0.00000 24.11602 10.09831 -338.61079 -7.12502 -0.00000 0.00000 -0.51307 -0.07696 53.53066 -0.00000 0.00000 -0.00000 73.39478 -0.11452 15.73722 -12.91578 -2.61220 22.77700 -0.00000 -47.42460 -0.00000 -8.07367 10.17060 308.77605 7.12502 -0.00000 -0.00000 10.62084 -7.76896 -440.78677
0.77344 0.21366 0.36179 -17.74112 37.77972 -84.87202 -0.00000 0.00000 -0.00000 -421.09734 -50.16323 -365.19048 -8.90983 44.96954 21.32043 1.80412 10.28885 -11.71239 -0.03958 -3.52710 -1.28549 -0.00000 0.00000 -0.00000 -276.83901 -70.18775 -241.27727 11.60172 49.25482 -24.99127 -0.41423 4.13143 11.36498 0.95577 -16.99975 6.38882 9.61546 26.37765 2.12878 7.68600 12.66378 3.55475 2.42941 -0.14775 1.10001 1.11564 -0.80453 2.37814 -2.56353 10.22288 3.20966 -0.82899 3.49557 1.46172 -0.00000 0.00000 -0.00000 -83.14220 58.02289 15.07852 25.31436 -11.36178 -47.78238 0.00000 -43.73040 0.00000 24.32638 10.20632 -338.59688 -7.12502 -0.00000 0.00000 -0.29119 -0.04398 53.58789 -0.00000 0.00000 -0.00000 68.00670 5.50013 11.93881 -16.89366 -4.59236 30.22039 -0.00000 -43.90180 -0.00000 -4.59153 5.20662 311.50798 7.12502 -0.00000 -0.00000 16.08198 -10.12183 -436.36613
0.77954 0.22245 0.36133 -13.73108 38.52246 -81.35765 -0.00000 0.00000 -0.00000 -421.23437 -44.74549 -362.01159 -16.08481 54.50042 30.68217 1.47926 9.03210 -11.42526 -2.85194 28.27327 11.28906 -0.00000 0.00000 -0.00000 -281.35985 -73.46537 -249.32127 18.24886 56.46359 -33.30807 -2.07935 10.64820 13.56230 0.10841 -5.82852 2.12925 12.35573 24.88585 1.76201 6.70486 12.17600 3.68750 -0.05096 0.33215 1.42592 -3.86305 -1.93265 3.14886 3.00416 15.99539 3.76423 1.92746 4.96481 1.64706 -0.00000 0.00000 -0.00000 -76.18088 53.95114 4.82793 24.50377 -10.51272 -45.92036 0.00000 -33.88680 0.00000 24.00984 9.90255 -338.88946 -7.12502 -0.00000 0.00000 -0.67443 -0.09718 53.19943 -0.00000 0.00000 -0.00000 71.18318 -1.81669 11.09881 -22.88975 -8.96905 42.35304 -0.00000 -51.60080 -0.00000 -11.85707 20.03307 301.50342 7.12502 -0.00000 -0.00000 -2.35287 2.30604 -269.40024
0.78244 0.23332 0.35893 -6.84830 39.40059 -80.86669 -0.00000 0.00000 -0.00000 -422.84317 -42.80308 -364.31484 -30.68553 63.76403 47.60502 0.68849 7.77938 -4.85559 -8.01588 43.26913 20.03647 -0.00000 0.00000 -0.00000 -286.50970 -75.32872 -253.86947 26.11443 61.66997 -42.46332 -3.17600 14.04457 14.35116 0.08100 5.04100 -1.83984 13.77718 21.52799 1.52335 5.62787 11.78303 3.30426 -1.86930 1.68395 1.52032 -8.86547 7.77145 24.80144 4.40054 1.75645 32.16703 1.21201 -2.29561 15.67570 -0.00000 0.00000 -0.00000 -72.11451 47.70356 -3.46750 23.28036 -9.32587 -43.20097 0.00000 -24.65150 0.00000 23.23326 9.04705 -339.88254 -7.12502 -0.00000 0.00000 -1.65256 -0.20153 51.95109 -0.00000 0.00000 -0.00000 73.54919 -6.71796 14.42252 -27.71626 -14.22659 53.66487 -0.00000 -50.10170 -0.00000 -22.66992 28.38180 311.30625 7.12502 -0.00000 -0.00000 -6.86693 5.58769 -443.95649
0.78888 0.24486 0.35766 0.32304 40.10940 -81.46735 -0.00000 0.00000 -0.00000 -428.53458 -42.03448 -374.13676 -56.84934 69.43737 75.98868 0.38104 5.57908 -3.90182 -9.54599 46.08573 22.21187 -0.00000 0.00000 -0.00000 -298.20918 -76.44161 -264.63472 30.85522 63.83220 -47.79414 -2.86095 12.88229 14.67580 0.01720 2.32623 -0.84717 13.75307 19.64813 1.92751 4.51052 11.65416 3.61035 -3.06717 2.59920 1.83283 -11.16170 17.52355 32.17823 1.29701 -11.35005 41.12968 -4.14768 -5.44433 20.01352 -0.00000 0.00000 0.00000 -67.87688 43.34533 -10.89583 22.58351 -8.69636 -41.69451 0.00000 -18.44560 0.00000 23.07632 8.33489 -341.20961 -7.12502 -0.00000 0.00000 -2.02595 -0.19379 50.46157 -0.00000 0.00000 0.00000 70.37810 -4.96351 18.59820 -30.41423 -18.28829 61.26436 -0.00000 -28.97130 -0.00000 -29.91489 27.35681 321.38677 7.12502 -0.00000 -0.00000 -10.92093 6.40581 -435.03802
0.79612 0.25796 0.35932 6.46141 39.55012 -82.46688 -0.00000 0.00000 -0.00000 -432.74001 -40.10819 -382.01392 -77.05841 69.84067 97.51393 0.74330 5.78549 -10.91809 -3.86845 32.30132 13.30321 -0.00000 0.00000 -0.00000 -316.28206 -77.26360 -282.89412 29.66604 63.34113 -46.46637 -0.12366 2.35250 8.31550 0.52964 -12.76812 4.73108 12.42721 19.55813 2.98596 2.82084 11.93396 4.74987 -4.27325 3.14989 2.46444 -11.63099 17.92607 32.70292 3.24263 -13.74377 42.62429 -4.43741 -6.41279 20.36663 -0.00000 0.00000 -0.00000 -63.84793 39.88948 -18.14929 22.39339 -8.53010 -41.28833 0.00000 -12.46810 0.00000 23.12326 7.89233 -342.17421 -7.12502 -0.00000 0.00000 -2.12058 -0.16358 49.40897 -0.00000 0.00000 -0.00000 63.89785 -1.06276 23.66409 -32.30080 -22.00382 67.75082 -0.00000 -15.69050 -0.00000 -33.21754 23.94957 328.20458 7.12502 -0.00000 -0.00000 -12.03226 5.20484 -428.05509
0.80104 0.27429 0.36460 12.79721 38.68138 -86.41379 -0.00000 0.00000 -0.00000 -433.61283 -40.65916 -384.91584 -84.79545 69.28320 105.76890 0.65733 5.19919 -15.57258 -0.46718 -12.00754 -4.43995 -0.00000 0.00000 -0.00000 -324.21664 -78.09966 -288.94927 22.51023 59.59193 -38.32871 0.09885 0.33937 6.93397 0.44724 -11.75344 4.34309 10.34443 19.99753 4.74758 0.68829 11.84972 6.74724 -5.68056 3.18791 3.44532 -14.67037 16.47859 32.64291 8.03517 -14.46818 43.56317 -3.22936 -8.02936 20.22773 0.00000 0.00000 0.00000 -61.62106 35.84164 -24.10971 22.01123 -8.20278 -40.47773 0.00000 -6.53183 0.00000 22.88380 7.26978 -343.31117 -7.12502 -0.00000 0.00000 -2.52043 -0.13765 48.12397 0.00000 0.00000 0.00000 53.95388 7.16899 30.11343 -33.05503 -23.84298 70.86298 -0.00000 -14.72910 -0.00000 -36.61845 22.05865 333.19044 7.12502 -0.00000 -0.00000 -14.08871 4.69378 -423.05867
0.80084 0.29205 0.36824 17.32604 38.00113 -90.52430 -0.00000 0.00000 -0.00000 -432.92976 -43.76955 -386.01834 -90.08316 68.64392 111.43351 -0.54029 1.18507 -17.29612 -1.36040 -20.11333 -7.65976 -0.00000 0.00000 -0.00000 -320.49382 -79.98881 -285.54868 18.09946 56.33734 -33.12871 -0.42060 4.16271 11.44374 0.41126 -11.27926 4.16285 7.88946 21.60766 7.02777 -1.25408 11.73831 9.29295 -6.93677 2.74035 4.61057 -17.60424 16.47952 32.44246 11.96996 -16.13203 44.27532 -2.62670 -9.85335 19.94551 -0.00000 0.00000 0.00000 -59.90524 32.65060 -30.01432 21.56940 -7.83548 -39.54992 0.00000 -2.10167 0.00000 23.18016 6.76207 -344.62448 -7.12502 -0.00000 0.00000 -2.38552 -0.07203 46.72850 -0.00000 0.00000 0.00000 41.20401 15.18342 40.07365 -32.24499 -21.87795 67.53594 -0.00000 -12.71370 -0.00000 -40.14031 23.69113 334.52317 7.12502 -0.00000 -0.00000 -17.45308 5.69665 -422.52189
0.79634 0.30916 0.36811 22.49184 37.84534 -94.30062 -0.00000 0.00000 -0.00000 -433.66395 -47.10936 -390.16957 -91.73169 68.39609 113.20506 -1.07618 0.24225 -19.83239 -1.01450 -17.49301 -6.58693 -0.00000 0.00000 -0.00000 -294.08913 -83.63028 -263.31305 18.83934 56.95032 -34.01449 -0.68282 5.29362 13.77714 0.63209 -13.91841 5.17498 4.98599 21.36491 9.08965 -2.24967 11.53156 11.36395 -6.71787 2.69864 5.51085 -20.54744 17.95937 32.53990 14.24436 -18.76972 44.94766 -2.87672 -11.71331 19.69277 -0.00000 0.00000 0.00000 -59.49637 30.31765 -35.15949 21.28037 -7.60148 -38.94814 0.00000 1.45863 -0.00000 23.55371 6.33943 -345.78620 -7.12502 -0.00000 0.00000 -2.14418 -0.01893 45.50565 -0.00000 0.00000 0.00000 26.24402 19.68595 54.94614 -29.06423 -16.11811 57.28959 -0.00000 -7.22707 -0.00000 -39.52095 29.86389 328.88477 7.12502 -0.00000 -0.00000 -18.74468 8.89917 -429.50629
0.78785 0.32530 0.36602 27.52617 38.58485 -95.79110 -0.00000 0.00000 -0.00000 -435.53766 -49.09246 -396.29514 -92.16540 68.32675 113.67166 -1.01206 1.09293 -21.71545 -0.91724 -16.66688 -6.25577 -0.00000 0.00000 -0.00000 -245.03533 -85.95227 -219.42898 22.54734 59.61566 -38.37173 -0.19809 3.25971 13.50835 1.41562 -20.49444 7.81891 4.13475 20.82789 9.86994 -2.77467 11.37295 12.20105 -6.85543 2.88471 5.91389 -23.03979 19.71731 32.60532 15.73250 -22.03019 45.60842 -3.55533 -13.61612 19.44760 0.00000 0.00000 -0.00000 -58.07127 29.12157 -39.44105 21.04478 -7.41433 -38.46052 0.00000 4.04655 -0.00000 23.99196 6.05651 -346.66325 -7.12502 -0.00000 0.00000 -1.80056 0.01266 44.59720 0.00000 0.00000 -0.00000 12.74814 18.64443 71.14438 -22.50660 -8.62882 41.52995 -0.00000 -1.76730 -0.00000 -36.65610 35.51421 322.02471 7.12502 -0.00000 -0.00000 -18.41593 11.97281 -436.92421
0.77539 0.34428 0.36391 32.08059 38.98320 -95.35009 -0.00000 0.00000 -0.00000 -436.72592 -49.17459 -401.75561 -91.71785 68.39827 113.19018 -0.29771 3.74149 -24.75974 -0.55354 -13.04643 -4.83807 -0.00000 0.00000 -0.00000 -187.36060 -86.14657 -164.96583 26.34552 61.78902 -42.72571 0.62595 -1.03719 12.29163 2.55276 -26.90479 10.64311 2.72627 20.37607 10.38847 -3.43344 11.43383 12.61608 -6.77410 3.08099 6.08935 -23.92790 20.90934 31.97356 17.60123 -24.66482 45.97573 -3.89246 -15.29056 18.97213 0.00000 0.00000 0.00000 -54.89936 28.47019 -43.87430 20.91161 -7.30994 -38.18599 0.00000 5.13391 -0.00000 24.61265 5.95442 -347.24058 -7.12502 -0.00000 0.00000 -1.24194 0.02090 44.03623 0.00000 0.00000 0.00000 15.40985 16.47547 73.09355 -19.91719 -6.56136 36.16007 -0.00000 9.42145 0.00000 -32.35833 44.30331 312.21251 7.12502 -0.00000 -0.00000 -18.58424 17.44973 -446.72829
0.76022 0.36405 0.36524 36.79480 39.51713 -95.50041 -0.00000 0.00000 -0.00000 -436.12948 -49.56010 -405.20741 -89.65726 68.70401 110.97630 -0.45884 4.06209 -27.79428 -0.18679 -7.63803 -2.79771 -0.00000 0.00000 -0.00000 -160.02341 -84.54232 -139.47172 27.14553 62.18942 -43.63185 1.09922 -3.22844 12.96024 2.86790 -28.34358 11.32272 1.38888 18.61104 9.61134 -3.99990 11.68996 11.49129 -6.17909 3.79815 5.51990 -25.67846 21.55668 32.98817 19.65753 -26.15662 48.73794 -4.62429 -16.64526 19.48994 -0.00000 0.00000 0.00000 -54.14235 25.57974 -44.56361 21.27916 -7.60051 -38.94562 0.00000 6.59641 -0.00000 24.90951 5.74610 -347.83343 -7.12502 -0.00000 0.00000 -1.00667 0.02787 43.41424 -0.00000 0.00000 0.00000 16.56163 14.52885 75.16470 -19.60827 -6.33957 35.53885 -0.00000 7.80752 0.00000 -37.98465 45.85253 317.41920 7.12502 -0.00000 -0.00000 -22.42453 18.89947 -443.12863
0.74709 0.38452 0.36781 40.26384 40.49515 -96.73206 -0.00000 0.00000 -0.00000 -431.91692 -51.46724 -404.82400 -86.40741 69.11218 107.49325 0.38894 6.37861 -31.58025 -0.02686 2.90615 1.05872 -0.00000 0.00000 -0.00000 -159.72915 -84.00462 -141.32171 25.61962 61.40975 -41.90049 1.49096 -4.14573 14.52321 2.95671 -28.72998 11.50863 0.71436 17.90500 8.97450 -3.80549 12.09491 10.59358 -5.34868 4.24730 5.02303 -28.82346 23.66665 34.64201 20.14967 -28.47134 51.06939 -6.26878 -18.22670 19.90138 0.00000 0.00000 -0.00000 -52.78453 23.55755 -44.71569 21.08906 -7.44926 -38.55196 0.00000 5.81400 -0.00000 25.36866 5.40696 -348.76022 -7.12502 -0.00000 0.00000 -0.64060 0.02869 42.43616 0.00000 0.00000 -0.00000 16.13014 12.45257 79.89420 -18.65330 -5.68464 33.64054 -0.00000 6.22878 0.00000 -28.82083 53.44467 304.41017 7.12502 -0.00000 -0.00000 25.36293 -18.02524 -618.13491
0.73563 0.40480 0.36818 43.07698 41.39303 -97.24709 -0.00000 0.00000 -0.00000 -429.08385 -52.75980 -405.50876 -83.64589 69.39306 104.54033 1.72116 8.80149 -33.71544 -0.13111 6.40677 2.34230 -0.00000 0.00000 -0.00000 -158.97883 -83.02538 -143.11627 24.89215 61.01356 -41.07044 1.73513 -5.21496 14.72463 2.86124 -28.31428 11.30869 -0.08499 17.96814 8.83295 -3.25700 12.38727 10.28310 -4.28680 4.22406 4.77826 -28.46712 24.47118 35.43076 20.07051 -27.83687 52.10645 -6.67300 -17.74172 20.11669 -0.00000 0.00000 0.00000 -48.61436 23.41020 -46.90317 20.29130 -6.83668 -36.91742 0.00000 2.51157 -0.00000 25.89111 5.27758 -349.26956 -7.12502 -0.00000 0.00000 -0.17158 0.00922 41.92401 -0.00000 0.00000 0.00000 18.72287 11.39116 81.64890 -17.80987 -5.14318 31.98950 -0.00000 7.82627 0.00000 -30.19131 54.42311 305.57764 7.12502 -0.00000 -0.00000 26.32114 -18.83619 -618.13081
0.72486 0.42592 0.36862 46.07283 41.84187 -97.23468 -0.00000 0.00000 -0.00000 -427.58568 -53.72464 -406.79393 -79.58023 69.70477 100.20144 4.05199 12.23956 -35.09242 -0.30829 9.78709 3.59963 -0.00000 0.00000 -0.00000 -154.04466 -81.34558 -140.89205 24.41349 60.74366 -40.52253 1.63112 -5.96480 13.30429 2.95637 -28.72851 11.50792 -0.84799 18.76163 8.65759 -2.89864 12.29737 9.91701 -3.64148 3.49217 4.53286 -28.41426 22.64918 34.59740 23.22081 -24.90024 51.95385 -4.56728 -17.81115 19.80971 0.00000 0.00000 0.00000 -45.80795 23.12230 -48.70125 20.00126 -6.62258 -36.32978 0.00000 0.41425 -0.00000 26.60122 5.02538 -350.07832 -7.12502 -0.00000 0.00000 0.45546 -0.03113 41.09012 0.00000 0.00000 0.00000 19.77596 10.22894 82.63208 -17.13652 -4.73468 30.68701 -0.00000 8.92336 0.00000 -31.06453 54.84620 306.38188 7.12502 -0.00000 -0.00000 26.76447 -19.30742 -618.24721
0.71399 0.44649 0.36983 49.61610 41.99098 -98.19862 -0.00000 0.00000 -0.00000 -426.52319 -55.11605 -408.11013 -74.10656 69.94631 94.37060 6.56599 15.51428 -36.18695 -0.66439 14.25996 5.30768 -0.00000 0.00000 -0.00000 -154.81654 -79.68374 -143.81554 23.43267 60.16641 -39.39513 1.44729 -5.90744 12.25885 2.95992 -28.74379 11.51530 -1.29735 18.24559 8.75918 -3.24859 12.54971 9.99902 -3.64623 4.01262 4.56108 -27.18873 19.96833 33.15890 26.64826 -21.58734 51.54620 -2.16263 -17.67031 19.48692 -0.00000 0.00000 0.00000 -42.68788 21.79130 -51.76638 19.53649 -6.28874 -35.39501 0.00000 -0.94958 0.00000 27.28820 4.67736 -351.01758 -7.12502 -0.00000 0.00000 1.04964 -0.09005 40.09682 -0.00000 0.00000 0.00000 19.41963 8.09725 83.09673 -16.55216 -4.39664 29.56698 -0.00000 9.03662 0.00000 -20.91630 58.04902 294.24814 7.12502 -0.00000 -0.00000 28.78380 -15.80485 -611.37020
0.70341 0.46750 0.37133 52.91349 42.40589 -99.41346 -0.00000 0.00000 -0.00000 -425.30751 -56.54116 -409.24182 -68.70013 69.99463 88.61669 7.74658 16.89458 -36.95286 -0.70233 14.64981 5.45967 -0.00000 0.00000 -0.00000 -156.20296 -78.30367 -147.78753 22.37009 59.50183 -38.16614 1.19213 -5.23557 11.25443 3.00382 -28.93179 11.60632 -1.68368 17.99885 9.00886 -3.67559 12.85451 10.25015 -3.81570 4.50950 4.67055 -26.22003 17.99887 31.84389 29.21877 -19.94903 51.21248 -0.58090 -17.88760 19.21883 0.00000 0.00000 -0.00000 -38.79349 20.31755 -54.72588 18.98990 -5.91028 -34.30594 0.00000 -1.46086 0.00000 27.25436 4.17177 -351.96182 -7.12502 -0.00000 0.00000 0.94384 -0.09873 39.02881 0.00000 0.00000 -0.00000 16.94439 5.53975 83.28642 -16.06717 -4.12739 28.64423 -0.00000 7.40002 0.00000 14.27176 -58.36634 466.63417 7.12502 -0.00000 -0.00000 31.30546 -4.74962 -592.75347
0.69453 0.48938 0.37176 56.33286 42.85224 -100.21770 -0.00000 0.00000 -0.00000 -426.34279 -57.43223 -412.54446 -64.35943 69.89850 83.99615 7.16984 16.19628 -36.84956 -0.21129 8.11925 2.97644 -0.00000 0.00000 -0.00000 -156.21398 -76.23114 -150.16834 21.87152 59.17494 -37.58654 0.85884 -3.70468 10.35941 3.29639 -30.13944 12.19978 -2.53005 18.07249 9.41482 -3.67008 13.09222 10.62650 -3.36130 4.61547 4.78615 -24.94984 17.62242 30.80286 30.09882 -20.21690 50.73918 -0.16615 -18.06702 18.84053 0.00000 0.00000 -0.00000 -34.74086 18.73144 -58.52320 18.48974 -5.57699 -33.31858 0.00000 -5.81120 0.00000 28.44515 3.92384 -352.80044 -7.12502 -0.00000 0.00000 2.03973 -0.24447 38.16835 0.00000 0.00000 -0.00000 14.52113 2.84296 82.47643 -15.81281 -3.99018 28.16263 -0.00000 5.45961 0.00000 29.04136 -54.07192 484.43866 7.12502 -0.00000 -0.00000 31.31796 0.89319 -583.53238
0.68644 0.51214 0.37088 60.35873 43.58124 -101.69178 -0.00000 0.00000 -0.00000 -428.05096 -58.60831 -416.66433 -59.80214 69.66491 79.13996 5.81039 14.54767 -36.10684 -0.00098 -0.55471 -0.20191 -0.00000 0.00000 -0.00000 -158.59693 -73.84192 -154.60029 22.45412 59.55594 -38.26363 0.77595 -2.20838 11.69373 3.44800 -30.73648 12.49904 -2.94439 18.12833 9.45001 -3.81449 13.34505 10.58971 -3.26230 4.82020 4.73797 -24.11782 17.23665 29.98242 30.42410 -21.71059 50.94098 -0.37940 -18.52110 18.74948 0.00000 0.00000 -0.00000 -30.44750 16.17625 -60.95167 18.21490 -5.39898 -32.77952 0.00000 -9.43096 0.00000 29.21437 3.56293 -353.65876 -7.12502 -0.00000 0.00000 2.72425 -0.37148 37.24083 0.00000 0.00000 -0.00000 11.68205 -0.03981 82.09543 -16.03386 -4.10926 28.58107 -0.00000 2.97321 0.00000 38.98532 -47.48818 497.67379 7.12502 -0.00000 -0.00000 29.95134 6.29533 -574.22554
0.67909 0.53561 0.36945 64.97856 44.69719 -103.52813 -0.00000 0.00000 -0.00000 -429.56268 -59.77635 -421.01577 -54.35791 69.19589 73.32567 4.36947 12.67821 -35.08491 -0.33595 -10.21067 -3.75892 -0.00000 0.00000 -0.00000 -161.42502 -71.45330 -159.05832 24.53021 60.81017 -40.65626 1.02030 -1.47804 15.29799 3.35906 -30.38847 12.32412 -2.77090 18.22126 9.27715 -3.86706 13.50530 10.37369 -3.38713 4.97889 4.64592 -23.17867 16.86087 29.13326 30.56967 -23.55716 51.25035 -0.77101 -19.01654 18.68210 -0.00000 0.00000 0.00000 -26.43852 13.10717 -62.98834 17.88607 -5.19072 -32.13774 0.00000 -12.16360 0.00000 29.60972 3.15945 -354.46070 -7.12502 -0.00000 0.00000 3.05299 -0.46520 36.34440 -0.00000 0.00000 0.00000 8.80016 -3.14852 81.49691 -16.40051 -4.31136 29.27780 -0.00000 0.36767 0.00000 42.89947 -41.79111 504.35331 7.12502 -0.00000 -0.00000 27.69554 9.61323 -567.35197
0.67181 0.56019 0.36594 69.89734 45.58888 -105.17039 -0.00000 0.00000 -0.00000 -431.90763 -60.92982 -425.53389 -48.56405 68.44236 67.11297 3.34994 11.24286 -33.69281 -0.43083 -11.53970 -4.26176 -0.00000 0.00000 -0.00000 -164.76176 -68.60526 -163.75145 29.08194 63.08817 -45.81207 1.61580 -1.86742 19.09758 3.58140 -31.24685 12.75809 -3.03948 18.36424 9.07021 -3.70773 13.59250 10.06992 -3.07073 4.90128 4.47584 -22.26232 16.40834 28.34853 30.55611 -25.35323 51.59694 -1.21246 -19.44188 18.65220 -0.00000 0.00000 -0.00000 -22.82967 9.86408 -64.71042 17.62563 -5.02935 -31.63179 0.00000 -14.28610 0.00000 29.73822 2.74982 -355.19963 -7.12502 -0.00000 0.00000 3.13244 -0.52465 35.50135 -0.00000 0.00000 -0.00000 5.95662 -6.43088 80.53615 -16.75500 -4.51227 29.95470 -0.00000 -2.06587 -0.00000 43.27492 -41.45913 504.88493 7.12502 -0.00000 -0.00000 27.65183 9.86084 -566.89943
0.66388 0.58440 0.35987 74.72443 46.46143 -106.24563 -0.00000 0.00000 -0.00000 -435.17842 -62.17502 -429.84327 -43.55267 67.54247 61.70847 1.47673 8.17883 -31.21673 -0.47640 -12.12305 -4.48405 -0.00000 0.00000 -0.00000 -167.47597 -65.57004 -168.19213 36.76728 65.86461 -54.32315 2.72064 -4.21701 21.41226 4.13329 -33.22556 13.79256 -3.68825 18.50991 8.98460 -3.28345 13.72961 9.87989 -2.26948 4.77455 4.32107 -21.12827 16.37970 27.50530 30.27093 -27.51725 51.82870 -1.89307 -19.90722 18.49178 0.00000 0.00000 0.00000 -19.64489 6.11701 -67.16268 17.11555 -4.72229 -30.64665 0.00000 -16.11670 0.00000 29.75480 2.39862 -355.81280 -7.12502 -0.00000 0.00000 3.11529 -0.56130 34.79626 0.00000 0.00000 0.00000 4.36632 -9.88790 79.35652 -16.93677 -4.61743 30.30310 -0.00000 -3.56004 -0.00000 43.11193 -42.05709 504.41473 7.12502 -0.00000 -0.00000 27.98657 9.60324 -567.57143
0.65615 0.60809 0.35122 79.22692 47.21561 -106.33216 -0.00000 0.00000 -0.00000 -440.31552 -63.55232 -435.64353 -41.12270 67.00895 59.07409 0.07578 5.04960 -27.24240 -2.03078 -24.24482 -9.43433 -0.00000 0.00000 -0.00000 -169.56488 -62.24834 -171.85174 47.74843 68.31277 -66.23562 3.86132 -7.25301 22.35733 5.18920 -36.52453 15.63838 -4.47015 18.62119 8.86403 -2.70581 13.90861 9.64933 -1.21764 4.67060 4.13592 -19.88914 16.74082 26.60920 29.78031 -30.03288 52.00992 -2.82313 -20.49754 18.21807 0.00000 0.00000 0.00000 -16.23310 2.32517 -69.59261 16.52009 -4.37853 -29.50578 0.00000 -17.71450 0.00000 29.56131 2.10173 -356.30044 -7.12502 -0.00000 0.00000 2.90721 -0.55364 34.22705 0.00000 0.00000 0.00000 2.52424 -13.39013 77.24011 -17.18698 -4.76458 30.78416 -0.00000 -5.34590 -0.00000 43.96906 -40.61628 505.98661 7.12502 -0.00000 -0.00000 27.41994 10.39711 -565.81902
0.64828 0.63182 0.34339 82.43342 48.84263 -105.62349 -0.00000 0.00000 -0.00000 -444.50407 -65.46381 -441.87802 -42.43130 67.30482 60.49404 -0.08184 3.92908 -23.13210 -1.76935 -22.74904 -8.77869 -0.00000 0.00000 -0.00000 -171.46904 -60.43488 -175.87549 58.52282 69.57392 -77.77522 4.84970 -10.08894 22.91843 6.05482 -38.86016 17.05379 -4.00529 18.91784 8.51785 -2.29820 14.42823 9.26416 -0.96523 5.09658 3.95500 -19.56154 16.37975 25.85191 30.31340 -31.81833 52.76065 -3.30149 -21.43762 18.19183 -0.00000 0.00000 0.00000 -12.08769 -1.83303 -70.60701 16.14640 -4.17068 -28.79456 0.00000 -18.85400 0.00000 28.78525 1.53798 -357.20328 -7.12502 -0.00000 0.00000 2.13426 -0.44731 33.16833 -0.00000 0.00000 0.00000 0.73572 -16.99258 75.27908 -17.33771 -4.85458 31.07480 -0.00000 -7.42320 -0.00000 44.44281 -38.98817 507.31912 7.12502 -0.00000 -0.00000 26.54773 11.09498 -563.93515
0.63797 0.65680 0.33349 82.90381 50.67849 -103.91548 -0.00000 0.00000 -0.00000 -448.22324 -69.49829 -446.67299 -47.82434 68.32509 66.31731 -1.27199 0.47547 -22.05086 -0.00754 1.54089 0.56098 -0.00000 0.00000 -0.00000 -176.31682 -60.69936 -183.00829 65.44996 69.93406 -85.15728 5.86775 -13.03725 23.51757 7.00431 -41.12705 18.53079 -4.89252 20.84736 8.94500 -2.09947 14.91257 9.46658 -0.56651 4.56888 3.97569 -19.26745 16.10177 25.34306 30.86940 -32.89714 53.75403 -3.88928 -22.59509 18.26162 -0.00000 0.00000 0.00000 -9.44032 -6.03548 -71.21732 15.79182 -3.97897 -28.12295 0.00000 -20.29130 0.00000 28.65884 1.02152 -358.13174 -7.12502 -0.00000 0.00000 1.98689 -0.45499 32.10689 -0.00000 0.00000 0.00000 0.58860 -20.27725 74.16901 -17.18314 -4.76230 30.77677 -0.00000 -8.68212 -0.00000 44.57136 -38.04008 507.97393 7.12502 -0.00000 -0.00000 25.96907 11.43221 -562.85639
0.62428 0.68092 0.31463 82.93576 52.29814 -103.00053 -0.00000 0.00000 -0.00000 -461.33231 -76.11784 -460.96984 -58.14837 69.54511 77.37561 -3.39755 -5.41491 -22.79196 -0.08228 5.08053 1.85435 -0.00000 0.00000 -0.00000 -185.42470 -60.07512 -194.61490 68.60265 69.99380 -88.51296 5.43142 -16.15188 20.28078 7.26880 -41.71200 18.93058 -8.64931 22.35577 10.56994 -1.91009 15.08361 10.69084 1.17008 3.46647 4.30826 -19.73888 15.31347 24.23270 32.80286 -33.88760 54.28583 -3.47935 -24.49467 18.15596 0.00000 0.00000 0.00000 -8.58322 -10.21404 -72.33017 15.21346 -3.67757 -27.03390 0.00000 -20.38330 0.00000 28.82295 0.78401 -358.57558 -7.12502 -0.00000 0.00000 2.13049 -0.50766 31.60344 0.00000 0.00000 0.00000 0.29534 -23.07701 72.75686 -17.00212 -4.65560 30.42859 -0.00000 -10.29040 -0.00000 44.59564 -38.29164 507.85174 7.12502 -0.00000 -0.00000 26.15314 11.36765 -563.12966
0.60942 0.69986 0.29227 81.37161 53.86787 -101.03114 -0.00000 0.00000 -0.00000 -496.45678 -81.54515 -498.08953 -70.28821 69.99974 90.30670 -5.95284 -11.66922 -24.88000 -0.04519 -3.76846 -1.37372 -0.00000 0.00000 -0.00000 -194.67395 -59.30228 -205.23531 70.12446 69.99995 -90.13245 2.69304 -19.11007 11.58350 6.58637 -40.16309 17.88919 -12.95731 23.32355 12.42911 -1.80658 15.31857 12.07024 3.07551 2.55489 4.70073 -19.79929 15.04343 23.36815 34.03272 -35.06235 54.99140 -3.62589 -26.24958 18.07978 -0.00000 0.00000 0.00000 -7.54546 -14.14730 -73.68144 14.25507 -3.20807 -25.24556 0.00000 -18.76460 0.00000 28.07033 0.27820 -359.47835 -7.12502 -0.00000 0.00000 1.40915 -0.36266 30.57046 -0.00000 0.00000 0.00000 0.77136 -25.37821 72.04482 -16.65213 -4.45341 29.75793 -0.00000 -11.37790 -0.00000 44.72250 -38.36389 507.92483 7.12502 -0.00000 -0.00000 26.26962 11.39805 -563.17903
0.59641 0.71056 0.26829 78.32637 55.05784 -97.51308 -0.00000 0.00000 -0.00000 -548.39484 -79.49107 -552.30743 -81.39084 69.58042 102.13265 -7.93946 -16.88428 -26.12514 -0.50755 -12.50486 -4.63010 -0.00000 0.00000 -0.00000 -203.80264 -59.36538 -213.34642 70.44536 69.99937 -90.47394 0.28904 -22.32027 4.78851 5.29560 -36.82754 15.81651 -16.45851 23.95096 13.90519 -1.81926 15.72364 13.11929 4.54440 2.11324 4.97986 -20.25993 14.57865 22.83999 35.21475 -35.48969 55.77851 -3.55187 -27.75233 18.22646 -0.00000 0.00000 0.00000 -5.99203 -17.48711 -74.48819 13.39673 -2.81829 -23.65966 0.00000 -16.89410 0.00000 27.05255 -0.16269 -360.31857 -7.12502 -0.00000 0.00000 0.45438 -0.12497 29.62250 -0.00000 0.00000 0.00000 2.45989 -27.37150 72.07613 -16.30557 -4.25848 29.09706 -0.00000 -11.42220 -0.00000 43.62838 -39.11275 506.50343 7.12502 -0.00000 -0.00000 26.20867 10.72969 -564.28266
0.58607 0.71534 0.24487 74.48690 55.78430 -93.44325 -0.00000 0.00000 -0.00000 -568.26942 -73.02423 -574.80610 -88.24109 68.89263 109.45733 -9.34231 -20.05323 -27.33665 -0.77075 -15.32485 -5.72424 -0.00000 0.00000 -0.00000 -212.39695 -60.09295 -220.22931 69.72333 69.99976 -89.70558 -1.72571 -26.71141 0.64647 5.67053 -37.85854 16.43458 -20.00529 24.80109 15.43479 -1.51954 16.13825 14.05745 5.84134 1.47422 5.21623 -20.90042 14.21672 22.47746 35.93689 -35.81250 56.32972 -3.51946 -29.05787 18.41780 0.00000 0.00000 -0.00000 -5.57823 -20.38476 -75.35759 12.64534 -2.50013 -22.28244 0.00000 -14.17410 0.00000 26.21473 -0.35792 -360.72687 -7.12502 -0.00000 0.00000 -0.32341 0.09170 29.16926 0.00000 0.00000 -0.00000 5.52987 -29.29997 73.63457 -15.79288 -3.97954 28.12495 -0.00000 -10.18250 -0.00000 41.97688 -41.17206 503.80577 7.12502 -0.00000 -0.00000 26.80511 9.46406 -566.97295
0.58023 0.71791 0.22455 71.13600 55.73801 -89.78082 -0.00000 0.00000 -0.00000 -572.98181 -66.87581 -581.45789 -89.47464 68.72930 110.78031 -9.89121 -23.65094 -26.68880 -1.34991 -20.03994 -7.62921 -0.00000 0.00000 -0.00000 -217.53658 -60.70711 -224.23727 69.47992 69.99914 -89.44654 -2.19115 -30.13972 0.73557 4.46807 -34.33392 14.39466 -23.04086 25.46470 16.90356 -1.32945 16.31271 15.01302 6.95541 0.78765 5.51722 -20.96215 15.66305 21.92975 35.63908 -37.12876 56.07841 -4.44192 -31.07336 17.92902 -0.00000 0.00000 -0.00000 -5.81857 -22.51020 -76.79846 12.25118 -2.34163 -21.56383 0.00000 -11.71430 0.00000 25.63642 -0.51247 -361.06772 -7.12502 -0.00000 0.00000 -0.85684 0.24902 28.79586 -0.00000 0.00000 -0.00000 6.48420 -30.85068 73.32235 -15.47412 -3.81169 27.52376 -0.00000 -9.86283 -0.00000 39.72932 -43.42318 500.40607 7.12502 -0.00000 -0.00000 27.33197 7.94244 -570.03208
0.58042 0.72012 0.20741 68.85690 54.60872 -86.76896 -0.00000 0.00000 -0.00000 -572.31512 -62.63984 -581.08805 -86.36969 69.11642 107.45289 -9.70521 -26.28438 -25.31822 -1.69984 -22.32889 -8.59735 -0.00000 0.00000 -0.00000 -217.09523 -61.25418 -223.60893 70.57200 69.99896 -90.60872 -2.21571 -31.57524 1.16116 3.63686 -31.45513 12.86469 -25.25066 26.81616 18.01983 -1.39980 16.29682 15.37863 7.22988 -0.01221 5.64769 -20.53618 16.65307 21.59569 34.73545 -38.46277 55.74622 -5.49554 -31.78324 17.50194 0.00000 0.00000 -0.00000 -4.97646 -24.29455 -77.35872 12.27352 -2.35046 -21.60448 0.00000 -10.11120 0.00000 25.18090 -0.63979 -361.36051 -7.12502 -0.00000 0.00000 -1.27461 0.37820 28.47621 0.00000 0.00000 -0.00000 6.68455 -32.53593 72.40595 -15.32471 -3.73447 27.24278 -0.00000 -9.63708 -0.00000 37.35726 -45.86697 496.76545 7.12502 -0.00000 -0.00000 28.06080 6.34423 -573.28889
0.58533 0.72279 0.19220 66.82787 53.14571 -84.21799 -0.00000 0.00000 -0.00000 -571.67200 -59.96296 -579.36022 -80.28892 69.65881 100.95715 -9.88929 -27.20048 -25.35028 -2.06312 -24.42139 -9.51281 -0.00000 0.00000 -0.00000 -214.12252 -61.70166 -220.96040 72.62984 69.97801 -92.79875 -1.34946 -31.20252 2.85261 2.74758 -27.80718 11.06707 -26.69917 28.96547 18.97950 -1.53469 16.20783 15.32387 6.89682 -0.88288 5.64537 -20.49671 17.24123 21.48903 33.99970 -39.12892 55.42921 -6.10811 -32.14366 17.29019 0.00000 0.00000 0.00000 -5.27573 -26.17483 -77.76070 12.34677 -2.37954 -21.73786 0.00000 -7.51543 0.00000 24.29848 -1.00260 -362.21945 -7.12502 -0.00000 0.00000 -2.07033 0.65129 27.54477 0.00000 0.00000 0.00000 9.41894 -34.63764 74.03869 -15.00693 -3.57327 26.64686 -0.00000 -6.95984 -0.00000 29.71632 -50.33391 486.55585 7.12502 -0.00000 -0.00000 28.55610 2.47558 -580.46210
0.59410 0.72548 0.17895 64.87569 51.46718 -81.83264 -0.00000 0.00000 -0.00000 -571.56052 -58.98231 -576.98910 -73.81790 69.95361 94.06333 -9.62236 -28.81982 -24.38144 -3.18053 -29.67026 -11.96737 -0.00000 0.00000 -0.00000 -210.60460 -62.46678 -217.28415 73.97155 69.94979 -94.22689 -0.13379 -30.26479 5.17850 2.16373 -24.95993 9.75365 -27.52287 31.48943 19.81901 -1.40607 16.00387 15.06457 6.46881 -1.74918 5.57643 -20.70432 17.98838 21.37082 33.25053 -39.55902 54.50691 -6.26185 -32.46446 16.97633 -0.00000 0.00000 -0.00000 -6.90155 -27.70564 -78.82396 12.26454 -2.34691 -21.58814 0.00000 -5.85729 0.00000 23.88772 -1.38899 -363.13282 -7.12502 -0.00000 0.00000 -2.41805 0.80699 26.55503 -0.00000 0.00000 -0.00000 12.46943 -36.61902 76.60866 -14.52147 -3.33489 25.74070 -0.00000 -3.01353 -0.00000 13.03376 -54.99306 465.78134 7.12502 -0.00000 -0.00000 28.11333 -3.86116 -592.18391
0.60538 0.72896 0.16689 62.99281 49.68338 -79.87814 -0.00000 0.00000 -0.00000 -573.03007 -59.82711 -576.04207 -68.91516 69.99626 88.84553 -9.68258 -29.53653 -24.29591 -3.94196 -32.56233 -13.44028 -0.00000 0.00000 -0.00000 -207.97882 -63.53434 -214.44337 72.92610 69.97277 -93.11407 0.77884 -29.70440 7.00873 2.11391 -24.69530 9.63502 -28.46109 34.00709 21.01956 -0.86354 15.68837 15.15536 6.37232 -3.01386 5.66110 -20.69231 18.64497 21.62062 32.09434 -39.63185 53.34529 -6.16776 -31.36041 16.74658 -0.00000 0.00000 0.00000 -9.67364 -28.54731 -81.25074 11.88111 -2.19800 -20.89138 0.00000 -3.99429 0.00000 23.83305 -1.70926 -363.86292 -7.12502 -0.00000 0.00000 -2.43853 0.85173 25.75813 -0.00000 0.00000 0.00000 11.13990 -37.86990 75.80775 -14.36401 -3.25959 25.44786 -0.00000 -1.48410 -0.00000 -10.45557 54.37228 642.79123 7.12502 -0.00000 -0.00000 25.29959 -10.96455 -606.91897
0.61848 0.73334 0.15555 61.07043 48.12414 -78.35746 -0.00000 0.00000 -0.00000 -575.01425 -62.25460 -576.70550 -64.24444 69.89430 83.87369 -9.38013 -31.60217 -23.28610 -5.69812 -37.93226 -16.47950 -0.00000 0.00000 -0.00000 -206.41377 -64.74039 -213.35112 69.65657 69.99963 -89.63453 1.20436 -29.82729 7.91703 2.01667 -24.16723 9.39992 -29.20663 36.95178 22.15650 -0.32903 15.09409 14.97510 6.05113 -4.53915 5.65037 -20.79160 18.38653 22.08929 31.50984 -38.88314 52.52327 -5.40112 -29.49934 16.85905 0.00000 0.00000 0.00000 -11.03398 -28.94578 -81.85791 11.55593 -2.07588 -20.30222 0.00000 -3.21420 0.00000 23.65452 -2.11410 -364.81400 -7.12502 -0.00000 0.00000 -2.55627 0.94489 24.72708 0.00000 0.00000 0.00000 9.72266 -38.51908 75.40638 -14.33737 -3.24695 25.39837 -0.00000 -0.62012 -0.00000 -29.79175 45.96255 668.53351 7.12502 -0.00000 -0.00000 19.31614 -16.76719 -624.45562
0.63277 0.73834 0.14527 59.11306 46.60462 -76.91111 -0.00000 0.00000 -0.00000 -576.11851 -65.03218 -577.10255 -59.55113 69.64795 78.87225 -8.86650 -34.80394 -21.87940 -6.02335 -38.78011 -17.00359 -0.00000 0.00000 -0.00000 -205.41953 -66.07408 -212.91555 65.43359 69.93358 -85.13984 1.28439 -30.04287 8.10731 1.95762 -23.83879 9.25475 -29.45325 42.09465 23.14237 -0.43628 13.24880 13.61517 4.16970 -6.00966 5.21260 -20.28752 16.68767 22.28763 31.52616 -37.81837 52.21124 -4.33016 -27.50467 17.21754 -0.00000 0.00000 0.00000 -9.83931 -30.07139 -80.17067 11.38284 -2.01242 -19.98926 0.00000 -3.15567 0.00000 23.48197 -2.52513 -365.79073 -7.12502 -0.00000 0.00000 -2.65865 1.03902 23.66911 -0.00000 0.00000 0.00000 11.74038 -39.38211 77.98380 -14.30850 -3.23328 25.34475 -0.00000 1.27472 0.00000 -35.61969 36.48257 680.31087 7.12502 -0.00000 -0.00000 -18.02880 12.47928 -798.58060
0.64759 0.74407 0.13553 57.64113 44.81509 -75.58532 -0.00000 0.00000 -0.00000 -575.15195 -67.05805 -574.81287 -57.32405 69.47815 76.49562 -7.34685 -37.03877 -19.18306 -6.03580 -38.81183 -17.02346 -0.00000 0.00000 -0.00000 -204.14945 -67.11924 -211.36651 61.45005 69.76546 -80.89681 1.51198 -29.64384 8.54001 1.80546 -22.96335 8.87165 -26.88619 47.63666 22.19348 -2.09192 12.06966 11.14113 0.78114 -7.22290 4.34578 -18.92742 14.50698 22.23617 31.69792 -37.06800 52.37667 -3.62248 -25.75012 17.57111 0.00000 0.00000 -0.00000 -7.81613 -31.86400 -78.07547 11.36375 -2.00549 -19.95477 0.00000 -2.78173 0.00000 23.55132 -2.88354 -366.58355 -7.12502 -0.00000 0.00000 -2.54647 1.03993 22.80011 0.00000 0.00000 -0.00000 18.26888 -40.66967 83.49003 -14.36799 -3.26148 25.45526 -0.00000 3.42605 0.00000 -34.92370 25.24785 688.57988 7.12502 -0.00000 -0.00000 -13.78539 6.03056 -788.18034
0.66274 0.75099 0.12729 56.62579 43.12670 -74.29874 -0.00000 0.00000 -0.00000 -571.52838 -69.16210 -570.27429 -55.49358 69.31175 74.54008 -5.46834 -38.27900 -16.10824 -5.64441 -37.78850 -16.39198 -0.00000 0.00000 -0.00000 -202.69617 -68.26753 -209.08364 56.29158 69.38734 -75.39287 1.92470 -28.86204 9.34674 1.50428 -21.08839 8.06866 -25.83203 51.32155 21.99770 -1.96097 11.31812 9.99959 0.02359 -8.31673 3.88453 -17.70574 15.00571 22.46257 29.22912 -37.69209 51.28819 -4.44135 -24.26520 17.34700 -0.00000 0.00000 -0.00000 -11.80999 -33.00290 -80.37020 10.78338 -1.80085 -18.90865 0.00000 -0.38495 0.00000 23.51862 -3.35234 -367.65278 -7.12502 -0.00000 0.00000 -2.50199 1.08167 21.63462 -0.00000 0.00000 -0.00000 23.14948 -41.96696 87.68680 -14.73105 -3.43664 26.13129 -0.00000 1.71505 0.00000 -27.20479 11.22725 699.25487 7.12502 -0.00000 -0.00000 -2.58062 0.38232 -773.42139
0.67686 0.76013 0.12070 55.42936 41.49284 -73.02171 -0.00000 0.00000 -0.00000 -568.24795 -71.94073 -566.27256 -51.60356 68.87277 70.37614 -3.83581 -39.30306 -13.50641 -5.56965 -37.58659 -16.26970 -0.00000 0.00000 -0.00000 -202.72187 -70.03317 -208.43910 49.61267 68.60003 -68.23985 1.71662 -28.64135 8.88913 1.60511 -21.73926 8.34482 -25.22907 55.32417 22.22424 -1.52440 10.54890 9.07636 -0.33887 -9.44029 3.46655 -17.64717 14.20929 22.88681 28.10557 -36.48080 50.32200 -3.84797 -22.65078 17.52382 -0.00000 0.00000 0.00000 -17.55950 -33.85154 -83.63726 10.12922 -1.58433 -17.73492 0.00000 2.71883 -0.00000 23.31706 -3.88718 -368.93840 -7.12502 -0.00000 0.00000 -2.58194 1.19136 20.24685 -0.00000 0.00000 0.00000 26.45747 -43.39562 90.93459 -14.87264 -3.50638 26.39569 -0.00000 -2.48793 -0.00000 -18.46738 4.63261 706.40451 7.12502 -0.00000 -0.00000 7.28525 0.10145 -764.20646
0.68895 0.77170 0.11582 54.25626 39.71359 -71.89428 -0.00000 0.00000 -0.00000 -565.78915 -75.20359 -562.52758 -46.00725 68.01483 64.35989 -2.85641 -40.50450 -12.04138 -5.02577 -36.04949 -15.36223 -0.00000 0.00000 -0.00000 -203.93213 -72.14143 -209.00731 42.82410 67.38969 -60.91967 1.47215 -27.93032 8.30427 1.44796 -20.71356 7.91081 -25.63739 59.65641 23.20409 -1.00229 9.64630 8.28156 -0.43674 -10.63709 3.07779 -16.94297 13.65398 23.46835 26.07263 -35.65661 49.52783 -3.85852 -20.56963 17.73976 0.00000 0.00000 0.00000 -21.41072 -34.35333 -85.21662 9.97131 -1.53427 -17.45239 0.00000 4.28806 -0.00000 23.16097 -4.27026 -369.87387 -7.12502 -0.00000 0.00000 -2.63971 1.27486 19.23937 0.00000 0.00000 0.00000 24.60841 -44.66188 89.45152 -15.03460 -3.58714 26.69865 -0.00000 -1.58978 -0.00000 -17.91856 3.30517 709.89022 7.12502 -0.00000 -0.00000 8.04175 0.63643 -760.50474
0.69966 0.78451 0.11217 52.93523 38.31517 -70.67451 -0.00000 0.00000 -0.00000 -562.61712 -78.44300 -558.25842 -40.18665 66.78444 58.05643 -1.67156 -41.18594 -10.24518 -4.47956 -34.37087 -14.41503 -0.00000 0.00000 -0.00000 -206.21609 -74.42011 -210.64703 36.77717 65.86752 -54.33399 1.59129 -26.37078 8.46046 1.31375 -19.78433 7.52304 -26.37096 63.97820 24.65162 -0.42131 8.73933 7.71782 -0.45006 -11.71356 2.76176 -15.60041 13.68263 23.98307 23.14367 -35.15947 48.60300 -4.46183 -18.86298 17.86819 0.00000 0.00000 0.00000 -23.98440 -34.69321 -86.15584 10.13641 -1.58663 -17.74780 0.00000 4.83927 -0.00000 23.26872 -4.60584 -370.57739 -7.12502 -0.00000 0.00000 -2.47944 1.23908 18.46282 0.00000 0.00000 0.00000 20.42832 -44.96990 84.98540 -15.41378 -3.78040 27.41024 -0.00000 1.86501 0.00000 -19.79299 2.63858 712.71042 7.12502 -0.00000 -0.00000 6.32511 0.81641 -757.67511
0.70873 0.79926 0.10913 51.09547 37.10020 -69.34733 -0.00000 0.00000 -0.00000 -559.88670 -82.02992 -555.14815 -34.84820 65.27225 52.21540 -0.99563 -40.50498 -9.05720 -3.77869 -31.97776 -13.13448 -0.00000 0.00000 -0.00000 -212.98830 -77.13917 -216.80789 31.12278 63.93846 -48.09212 1.56016 -24.56227 8.29319 1.26446 -19.42924 7.37616 -28.93910 68.68428 27.78398 0.15392 7.62094 7.29695 -0.36700 -12.88160 2.48268 -14.44471 13.37262 24.52553 20.89710 -34.13520 47.98362 -4.70650 -17.31738 18.09934 0.00000 0.00000 -0.00000 -24.54484 -34.95995 -85.83381 10.59398 -1.73664 -18.56826 0.00000 2.67587 -0.00000 23.90944 -4.99449 -371.11007 -7.12502 -0.00000 0.00000 -1.86383 0.95758 17.81658 0.00000 0.00000 -0.00000 15.31894 -43.63160 78.91170 -16.41604 -4.32005 29.30738 -0.00000 0.79223 0.00000 -23.27049 2.50424 714.19873 7.12502 -0.00000 -0.00000 3.02394 0.46412 -756.28225
0.71602 0.81430 0.10722 49.36656 35.79760 -68.04852 -0.00000 0.00000 -0.00000 -555.78497 -85.81180 -550.31040 -29.63327 63.32714 46.42969 -0.86570 -39.60468 -8.69495 -3.16072 -29.58890 -11.92731 -0.00000 0.00000 -0.00000 -223.38513 -79.87792 -226.75049 26.00464 61.61286 -42.33856 1.60066 -22.83369 8.34258 1.03187 -17.63573 6.64446 -33.55195 72.82028 32.72975 0.70939 6.56677 7.04054 -0.11053 -13.86760 2.27290 -13.24049 13.55169 24.84823 19.12689 -33.40795 47.39662 -4.98610 -16.21508 18.13818 0.00000 0.00000 0.00000 -25.44577 -34.68284 -86.03098 11.20758 -1.94925 -19.67281 0.00000 -0.62473 0.00000 24.75196 -5.44704 -371.63413 -7.12502 -0.00000 0.00000 -1.07410 0.56755 17.15132 0.00000 0.00000 0.00000 11.57372 -40.91958 72.93748 -17.53559 -4.97429 31.45735 -0.00000 0.27373 0.00000 -28.02269 2.82129 714.71615 7.12502 -0.00000 -0.00000 -1.51456 -0.24094 -755.96318
0.72198 0.82801 0.10556 47.95170 34.36641 -66.89629 -0.00000 0.00000 -0.00000 -490.83411 -89.24634 -484.43010 -24.94839 61.04479 41.13473 -0.50394 -38.74686 -7.94461 -3.04230 -29.09506 -11.68565 -0.00000 0.00000 -0.00000 -238.45888 -82.15528 -241.33070 21.85922 59.16675 -37.57222 1.47033 -21.47820 7.97692 1.14457 -18.53078 7.00756 -40.08252 76.32865 39.43332 1.03576 5.63069 6.69792 0.06302 -14.63094 2.06105 -12.25205 13.48233 25.17204 18.05154 -32.40657 47.09554 -5.00826 -15.28158 18.22197 0.00000 0.00000 -0.00000 -27.07523 -33.96127 -87.57827 11.40809 -2.02161 -20.03488 0.00000 -2.34727 0.00000 25.25829 -6.02737 -372.54702 -7.12502 -0.00000 0.00000 -0.54406 0.30058 16.08143 0.00000 0.00000 -0.00000 11.24872 -37.45237 69.21229 -18.30007 -5.45376 32.94632 -0.00000 0.01598 0.00000 -33.18961 2.77110 715.77297 7.12502 -0.00000 -0.00000 -6.39681 -1.13348 -754.99334
