HIERARCHY
ROOT Hips
{
  OFFSET 0.000000 0.000000 0.000000
  CHANNELS 6 Xposition Yposition Zposition Zrotation Xrotation Yrotation
  JOINT LeftHipJoint
  {
    OFFSET 0.000000 0.000000 0.000000
    CHANNELS 3 Zrotation Xrotation Yrotation
    JOINT LeftUpLeg
    {
      OFFSET 0.066370 -0.092335 0.056648
      CHANNELS 3 Zrotation Xrotation Yrotation
      JOINT LeftLeg
      {
        OFFSET 0.126373 -0.347208 0.000000
        CHANNELS 3 Zrotation Xrotation Yrotation
        JOINT LeftFoot
        {
          OFFSET 0.149669 -0.411212 0.000000
          CHANNELS 3 Zrotation Xrotation Yrotation
          JOINT LeftToeBase
          {
            OFFSET 0.014054 -0.038612 0.088750
            CHANNELS 3 Zrotation Xrotation Yrotation
            End Site
            {
              OFFSET 0.000000 -0.000000 0.048451
            }
          }
        }
      }
    }
  }
  JOINT RightHipJoint
  {
    OFFSET 0.000000 0.000000 0.000000
    CHANNELS 3 Zrotation Xrotation Yrotation
    JOINT RightUpLeg
    {
      OFFSET -0.065245 -0.092335 0.056648
      CHANNELS 3 Zrotation Xrotation Yrotation
      JOINT RightLeg
      {
        OFFSET -0.132120 -0.362997 0.000000
        CHANNELS 3 Zrotation Xrotation Yrotation
        JOINT RightFoot
        {
          OFFSET -0.146255 -0.401832 0.000000
          CHANNELS 3 Zrotation Xrotation Yrotation
          JOINT RightToeBase
          {
            OFFSET -0.010085 -0.027708 0.096509
            CHANNELS 3 Zrotation Xrotation Yrotation
            End Site
            {
              OFFSET -0.000000 -0.000000 0.050722
            }
          }
        }
      }
    }
  }
  JOINT Spine
  {
    OFFSET 0.000000 0.000000 0.000000
    CHANNELS 3 Zrotation Xrotation Yrotation
    JOINT Spine1
    {
      OFFSET -0.001273 0.107676 -0.009373
      CHANNELS 3 Zrotation Xrotation Yrotation
      JOINT Spine2
      {
        OFFSET -0.000206 0.108458 -0.002765
        CHANNELS 3 Zrotation Xrotation Yrotation
        JOINT Neck
        {
          OFFSET 0.000366 0.109002 0.001661
          CHANNELS 3 Zrotation Xrotation Yrotation
          JOINT Neck1
          {
            OFFSET 0.000210 0.089843 0.004907
            CHANNELS 3 Zrotation Xrotation Yrotation
            JOINT Head
            {
              OFFSET 0.007088 0.089545 -0.004559
              CHANNELS 3 Zrotation Xrotation Yrotation
              End Site
              {
                OFFSET 0.002377 0.090782 -0.002147
              }
            }
          }
        }
        JOINT LeftShoulder
        {
          OFFSET 0.000366 0.109002 0.001661
          CHANNELS 3 Zrotation Xrotation Yrotation
          JOINT LeftArm
          {
            OFFSET 0.208463 0.054365 0.010768
            CHANNELS 3 Zrotation Xrotation Yrotation
            JOINT LeftForeArm
            {
              OFFSET 0.275334 -0.000000 -0.000000
              CHANNELS 3 Zrotation Xrotation Yrotation
              JOINT LeftHand
              {
                OFFSET 0.182411 -0.000000 0.000000
                CHANNELS 3 Zrotation Xrotation Yrotation
                JOINT LeftHandMid
                {
                  OFFSET 0.091205 -0.000000 0.000000
                  CHANNELS 3 Zrotation Xrotation Yrotation
                  JOINT LeftHandIndex1
                  {
                    OFFSET 0.041279 -0.000000 0.000000
                    CHANNELS 3 Zrotation Xrotation Yrotation
                    End Site
                    {
                      OFFSET 0.033280 -0.000000 0.000000
                    }
                  }
                }
                JOINT LeftHandThumb1
                {
                  OFFSET 0.091205 -0.000000 0.000000
                  CHANNELS 3 Zrotation Xrotation Yrotation
                  End Site
                  {
                    OFFSET 0.033788 -0.000000 0.033788
                  }
                }
              }
            }
          }
        }
        JOINT RightShoulder
        {
          OFFSET 0.000366 0.109002 0.001661
          CHANNELS 3 Zrotation Xrotation Yrotation
          JOINT RightArm
          {
            OFFSET -0.206645 0.042415 0.004674
            CHANNELS 3 Zrotation Xrotation Yrotation
            JOINT RightForeArm
            {
              OFFSET -0.277385 -0.000000 0.000000
              CHANNELS 3 Zrotation Xrotation Yrotation
              JOINT RightHand
              {
                OFFSET -0.185755 -0.000000 0.000000
                CHANNELS 3 Zrotation Xrotation Yrotation
                JOINT RightHandMid
                {
                  OFFSET -0.092877 -0.000000 0.000000
                  CHANNELS 3 Zrotation Xrotation Yrotation
                  JOINT RightHandIndex1
                  {
                    OFFSET -0.030769 -0.000000 0.000000
                    CHANNELS 3 Zrotation Xrotation Yrotation
                    End Site
                    {
                      OFFSET -0.024807 -0.000000 0.000000
                    }
                  }
                }
                JOINT RightHandThumb1
                {
                  OFFSET -0.092877 -0.000000 0.000000
                  CHANNELS 3 Zrotation Xrotation Yrotation
                  End Site
                  {
                    OFFSET -0.025186 -0.000000 0.025186
                  }
                }
              }
            }
          }
        }
      }
    }
  }
}
MOTION
Frames: 1125
Frame Time: 0.033333
0.69939 0.92140 0.08273 -1.11272 -0.71471 -91.07670 -0.00000 0.00000 -0.00000 -11.39983 -9.78465 -0.64395 -3.28545 30.09563 12.17798 6.11704 -28.92454 8.84232 -2.82756 -28.16545 -11.23752 -0.00000 0.00000 -0.00000 13.61602 -12.64122 8.23196 7.22891 41.62496 -18.87058 -5.28761 -36.96037 -2.72172 0.28735 9.45310 -3.47434 0.95171 -9.48823 1.24543 -2.75701 3.40795 1.74918 -3.10618 9.08052 0.97915 3.47083 -1.44064 -1.09965 3.94595 20.31619 -3.13815 0.25804 6.41909 -1.21136 -0.00000 0.00000 0.00000 -75.87081 36.26750 -6.44120 23.18061 -9.23378 -42.98358 0.00000 13.58000 -0.00000 22.35717 -8.08511 -18.87829 -7.12502 -0.00000 0.00000 -2.25010 1.60514 9.51472 -0.00000 0.00000 0.00000 86.02321 34.61008 3.64739 -23.38294 -9.42129 43.42519 -0.00000 21.00200 0.00000 -22.68429 15.43128 -32.48004 7.12502 -0.00000 -0.00000 -0.57798 0.21692 -65.57111
0.70025 0.91406 0.08273 -1.15075 -0.56982 -91.15534 -0.00000 0.00000 -0.00000 -11.18347 -11.69634 -1.30950 -4.22869 33.54795 13.96593 6.21727 -30.36632 8.09404 -2.90431 -28.50296 -11.39922 -0.00000 0.00000 -0.00000 13.73082 -11.23726 8.57730 6.38769 39.68666 -17.57962 -4.27710 -36.49742 -1.07128 1.00542 17.41776 -6.55664 1.06013 -9.37185 1.24041 -2.71283 3.38456 1.72474 -3.12690 8.98731 0.97155 3.26056 -1.17073 -1.09642 4.06793 20.12473 -3.11396 0.34175 6.31466 -1.21496 0.00000 0.00000 -0.00000 -76.02714 36.09574 -6.33504 23.20917 -9.26008 -43.04576 0.00000 13.76580 -0.00000 18.95715 -10.77341 -28.55472 -7.12502 -0.00000 0.00000 -3.29675 3.34104 -0.33444 0.00000 0.00000 -0.00000 86.11291 34.68202 3.55916 -23.37093 -9.41009 43.39892 -0.00000 21.17150 0.00000 -22.74331 14.93335 -31.58048 7.12502 -0.00000 -0.00000 -0.38524 0.13702 -64.57924
0.70089 0.91043 0.08275 -1.14207 -0.56284 -91.23644 -0.00000 0.00000 -0.00000 -11.15545 -12.51553 -1.59584 -4.66449 34.95573 14.74016 6.32259 -31.03141 7.89763 -2.93838 -28.65088 -11.47045 -0.00000 0.00000 -0.00000 13.70211 -10.66871 8.65632 6.04743 38.84139 -17.04200 -3.48127 -36.25295 0.29595 1.94034 23.74149 -9.21190 1.04628 -9.34756 1.25109 -2.71434 3.42110 1.74112 -3.11699 9.01349 0.97913 3.45095 -1.64242 -1.02163 3.86605 20.42937 -3.02984 0.24509 6.48939 -1.16034 0.00000 0.00000 -0.00000 -75.97186 35.95937 -6.49617 23.22127 -9.27124 -43.07213 0.00000 14.11540 -0.00000 19.14862 -10.91297 -28.60012 -7.12502 -0.00000 0.00000 -3.13443 3.18623 -0.42624 0.00000 0.00000 -0.00000 86.09601 34.63821 3.64417 -23.37580 -9.41463 43.40956 -0.00000 21.28340 0.00000 -22.77329 14.52354 -30.85225 7.12502 -0.00000 -0.00000 -0.21557 0.07327 -63.77186
0.70109 0.90991 0.08277 -1.12840 -0.47695 -91.29721 -0.00000 0.00000 -0.00000 -11.04753 -12.64765 -1.60757 -4.72456 35.14199 14.84478 6.32655 -31.06607 7.88418 -2.93949 -28.65567 -11.47276 -0.00000 0.00000 -0.00000 13.79786 -10.84889 8.40845 6.02324 38.77984 -17.00342 -4.02148 -36.00718 -0.79129 1.49239 21.00996 -8.03556 1.05055 -9.30945 1.24454 -2.67317 3.42350 1.72881 -3.07809 8.99159 0.97207 3.45074 -1.57821 -0.99512 3.82517 20.32695 -2.97291 0.24129 6.44475 -1.13835 0.00000 0.00000 0.00000 -75.97379 35.85504 -6.53322 23.22087 -9.27087 -43.07124 0.00000 14.03640 -0.00000 19.14617 -10.93720 -28.65623 -7.12502 -0.00000 0.00000 -3.12472 3.18302 -0.48637 0.00000 0.00000 0.00000 86.05402 34.72740 3.62949 -23.39608 -9.43357 43.45396 -0.00000 21.19330 0.00000 -22.52585 14.41872 -30.98012 7.12502 -0.00000 -0.00000 0.02163 -0.00738 -63.84590
0.70104 0.90973 0.08278 -1.12207 -0.53268 -91.30650 -0.00000 0.00000 -0.00000 -11.10012 -12.67640 -1.58598 -4.73547 35.17559 14.86371 6.30328 -31.02585 7.85873 -2.94060 -28.66046 -11.47507 -0.00000 0.00000 -0.00000 13.73043 -10.91706 8.35750 6.02635 38.78775 -17.00837 -4.13366 -35.85316 -1.05964 1.31175 19.77008 -7.51714 0.94834 -9.32820 1.24081 -2.69855 3.42790 1.73843 -3.04512 9.00549 0.97150 3.47649 -1.33564 -1.00644 3.79420 20.08203 -2.95316 0.23579 6.32357 -1.13723 0.00000 0.00000 0.00000 -75.87526 35.90614 -6.56920 23.20336 -9.25472 -43.03310 0.00000 14.02050 -0.00000 19.18496 -10.92168 -28.56986 -7.12502 -0.00000 0.00000 -3.11180 3.16045 -0.40170 0.00000 0.00000 0.00000 85.99639 34.79613 3.62928 -23.40939 -9.44602 43.48312 -0.00000 21.04720 0.00000 -22.44633 14.49798 -31.21560 7.12502 -0.00000 -0.00000 0.04440 -0.01537 -64.08699
0.70098 0.90975 0.08284 -1.11960 -0.58087 -91.30224 -0.00000 0.00000 -0.00000 -11.16561 -12.65730 -1.58745 -4.72892 35.15543 14.85235 6.31818 -31.03963 7.88268 -2.90505 -28.50618 -11.40077 -0.00000 0.00000 -0.00000 13.66836 -10.91610 8.36170 6.03185 38.80176 -17.01716 -4.10143 -35.92199 -0.97272 1.49101 21.00084 -8.03171 1.03777 -9.31812 1.31960 -2.88288 3.40944 1.84507 -3.27144 8.99629 1.03318 3.77087 -1.19901 -1.09152 3.86618 19.94065 -3.09061 0.19507 6.25397 -1.18300 0.00000 0.00000 0.00000 -75.52175 36.11504 -6.59430 23.18810 -9.24067 -42.99987 0.00000 14.06740 -0.00000 19.15235 -10.87381 -28.50962 -7.12502 -0.00000 0.00000 -3.15036 3.19163 -0.32913 0.00000 0.00000 0.00000 86.30681 34.65846 3.50782 -23.44751 -9.48173 43.56666 -0.00000 21.02200 0.00000 -22.59068 14.63960 -31.27629 7.12502 -0.00000 -0.00000 -0.13154 0.04579 -64.19535
0.70105 0.90985 0.08290 -1.08496 -0.52052 -91.31203 -0.00000 0.00000 -0.00000 -11.11407 -12.69169 -1.62665 -4.73287 35.16760 14.85920 6.33745 -31.01098 7.94342 -2.89867 -28.47837 -11.38740 -0.00000 0.00000 -0.00000 13.74013 -10.93308 8.38113 6.02518 38.78478 -17.00651 -4.11476 -35.91195 -1.00141 1.47994 20.92742 -8.00077 1.21551 -9.27127 1.41138 -3.01299 3.35105 1.95374 -3.48977 8.92424 1.09858 4.01589 -1.26246 -1.15489 3.91101 20.04752 -3.22025 0.14917 6.29790 -1.22282 0.00000 0.00000 -0.00000 -75.27175 36.40575 -6.52443 23.21398 -9.26452 -43.05624 0.00000 13.71280 -0.00000 19.04835 -10.80017 -28.48935 -7.12502 -0.00000 0.00000 -3.23759 3.27512 -0.28404 0.00000 0.00000 -0.00000 86.61978 34.44161 3.37264 -23.47423 -9.50683 43.62530 -0.00000 20.94130 0.00000 -22.69265 14.55886 -31.01203 7.12502 -0.00000 -0.00000 -0.17084 0.05858 -63.92811
0.70107 0.90992 0.08295 -1.03993 -0.42805 -91.32036 -0.00000 0.00000 -0.00000 -11.02047 -12.75510 -1.67331 -4.74580 35.20738 14.88163 6.33625 -31.06920 7.90348 -2.89176 -28.44815 -11.37289 -0.00000 0.00000 -0.00000 13.82077 -10.99752 8.33265 6.00835 38.74182 -16.97963 -4.09168 -35.76563 -1.01574 1.40280 20.40674 -7.78222 1.46170 -9.24536 1.53357 -3.13225 3.34565 2.09500 -3.72763 8.92803 1.18459 4.16814 -1.61200 -1.21281 4.04431 20.27338 -3.37350 0.13819 6.43167 -1.26482 -0.00000 0.00000 -0.00000 -74.92347 36.69142 -6.70165 23.19021 -9.24261 -43.00446 0.00000 13.61840 -0.00000 19.09891 -10.85666 -28.54456 -7.12502 -0.00000 0.00000 -3.18567 3.23044 -0.35503 -0.00000 0.00000 -0.00000 86.80337 34.19148 3.37299 -23.48260 -9.51469 43.64366 -0.00000 20.76680 0.00000 -22.62732 14.52780 -31.04032 7.12502 -0.00000 -0.00000 -0.10664 0.03660 -63.94157
0.70106 0.90987 0.08295 -1.03043 -0.46115 -91.34812 -0.00000 0.00000 -0.00000 -11.06332 -12.75352 -1.66244 -4.74500 35.20493 14.88025 6.34566 -31.11884 7.89240 -2.87531 -28.37610 -11.33831 -0.00000 0.00000 -0.00000 13.77836 -11.02270 8.34045 6.00895 38.74335 -16.98058 -4.06679 -35.73481 -0.98134 1.34716 20.02066 -7.62119 1.39790 -9.26117 1.52923 -3.13164 3.37546 2.09743 -3.68962 8.96731 1.18267 4.02961 -1.67428 -1.20347 4.15619 20.26324 -3.37103 0.19692 6.44245 -1.26405 -0.00000 0.00000 0.00000 -74.92533 36.66122 -6.78573 23.17183 -9.22570 -42.96446 0.00000 13.66520 -0.00000 19.21761 -10.91653 -28.51453 -7.12502 -0.00000 0.00000 -3.09726 3.13987 -0.34909 -0.00000 0.00000 0.00000 86.69187 34.23770 3.45570 -23.47427 -9.50686 43.62538 -0.00000 20.81700 0.00000 -22.64966 14.55818 -31.06428 7.12502 -0.00000 -0.00000 -0.13784 0.04739 -63.97464
0.70107 0.90984 0.08294 -1.05714 -0.44550 -91.32270 -0.00000 0.00000 -0.00000 -11.04286 -12.72021 -1.64487 -4.74054 35.19122 14.87252 6.34167 -31.07695 7.91041 -2.88980 -28.43958 -11.36877 -0.00000 0.00000 -0.00000 13.78177 -10.99521 8.30030 6.01292 38.75351 -16.98693 -4.01588 -35.77183 -0.87192 1.39069 20.32350 -7.74743 1.34524 -9.19968 1.49013 -3.09670 3.35983 2.04868 -3.63381 8.90715 1.15425 3.84889 -1.50379 -1.16404 4.29774 20.16606 -3.31357 0.28304 6.38604 -1.24518 -0.00000 0.00000 0.00000 -75.00675 36.62351 -6.73376 23.18158 -9.23467 -42.98567 0.00000 13.52880 -0.00000 19.21180 -10.88490 -28.45350 -7.12502 -0.00000 0.00000 -3.11463 3.15010 -0.28173 -0.00000 0.00000 0.00000 86.58468 34.37678 3.45922 -23.47020 -9.50303 43.61644 -0.00000 20.68690 0.00000 -22.46743 14.57627 -31.32301 7.12502 -0.00000 -0.00000 -0.00866 0.00302 -64.21300
0.70121 0.90990 0.08289 -1.02550 -0.47881 -91.31687 -0.00000 0.00000 -0.00000 -11.07077 -12.76823 -1.64060 -4.73455 35.17278 14.86212 6.33691 -31.03755 7.92519 -2.94610 -28.68422 -11.48653 -0.00000 0.00000 -0.00000 13.75294 -11.03753 8.31001 6.01683 38.76348 -16.99318 -4.00349 -35.78984 -0.84184 1.35306 20.06201 -7.63840 1.23240 -9.16784 1.46234 -3.06993 3.32969 2.02289 -3.54715 8.84831 1.13352 3.75194 -1.42204 -1.13812 4.23552 20.08931 -3.24582 0.29062 6.34679 -1.22647 0.00000 0.00000 -0.00000 -75.13485 36.50511 -6.72430 23.15893 -9.21385 -42.93639 0.00000 13.55530 -0.00000 19.10151 -10.75492 -28.31787 -7.12502 -0.00000 0.00000 -3.23091 3.24858 -0.11051 0.00000 0.00000 -0.00000 86.49557 34.47895 3.43620 -23.49001 -9.52167 43.65993 -0.00000 20.52570 0.00000 -22.29092 14.68200 -31.72700 7.12502 -0.00000 -0.00000 0.07358 -0.02622 -64.61458
0.70134 0.91001 0.08290 -1.02676 -0.49042 -91.34595 -0.00000 0.00000 -0.00000 -11.08222 -12.76700 -1.63717 -4.73361 35.16987 14.86048 6.35434 -31.08754 7.93144 -2.93545 -28.63817 -11.46432 -0.00000 0.00000 -0.00000 13.75286 -11.04907 8.33727 6.01775 38.76582 -16.99464 -4.06401 -35.70753 -0.98684 1.41351 20.48001 -7.81287 1.13770 -9.11354 1.44015 -3.02873 3.29124 2.00110 -3.45468 8.76777 1.11522 3.73756 -1.29363 -1.10858 4.09553 20.08932 -3.17335 0.25934 6.32218 -1.20548 -0.00000 0.00000 0.00000 -75.27831 36.38860 -6.70083 23.10485 -9.16428 -42.81885 0.00000 13.59190 -0.00000 19.00223 -10.77128 -28.48851 -7.12502 -0.00000 0.00000 -3.27460 3.31139 -0.27286 -0.00000 0.00000 0.00000 86.43515 34.60545 3.35162 -23.51036 -9.54083 43.70463 -0.00000 20.52950 0.00000 -22.36900 14.58456 -31.46133 7.12502 -0.00000 -0.00000 0.06157 -0.02161 -64.33979
0.70133 0.91003 0.08300 -1.03747 -0.57116 -91.29889 -0.00000 0.00000 -0.00000 -11.18576 -12.74834 -1.65514 -4.73107 35.16206 14.85608 6.33771 -31.08632 7.89574 -2.87652 -28.38145 -11.34088 -0.00000 0.00000 -0.00000 13.60164 -11.08485 8.18178 6.01785 38.76609 -16.99481 -4.04708 -35.53060 -1.02446 1.35949 20.10699 -7.65712 1.04074 -9.13569 1.39213 -3.03756 3.31692 1.94952 -3.42011 8.80208 1.08543 3.66691 -1.21116 -1.03749 4.11081 19.97707 -3.05822 0.29214 6.27306 -1.15725 0.00000 0.00000 0.00000 -75.34578 36.32994 -6.65595 23.11748 -9.17584 -42.84628 0.00000 13.54030 -0.00000 18.96562 -10.79640 -28.59383 -7.12502 -0.00000 0.00000 -3.28172 3.33090 -0.37855 0.00000 0.00000 0.00000 86.33261 34.67979 3.44304 -23.50233 -9.53327 43.68699 -0.00000 20.65140 0.00000 -22.39426 14.45576 -31.20856 7.12502 -0.00000 -0.00000 0.10373 -0.03585 -64.06447
0.70167 0.91012 0.08294 -0.99924 -0.57387 -91.24668 -0.00000 0.00000 -0.00000 -11.19014 -12.82870 -1.70135 -4.72839 35.15380 14.85143 6.33285 -30.98209 7.95185 -2.93028 -28.61579 -11.45353 -0.00000 0.00000 -0.00000 13.60422 -11.14723 8.17429 6.02134 38.77499 -17.00038 -4.03406 -35.55203 -0.99162 1.37850 20.23923 -7.71225 0.88426 -9.13111 1.28501 -2.96829 3.34717 1.82075 -3.28487 8.81575 1.01260 3.34312 -1.12443 -0.95942 4.27191 19.90552 -2.94639 0.41328 6.23997 -1.11818 -0.00000 0.00000 0.00000 -75.48974 36.13712 -6.56802 23.16668 -9.22097 -42.95325 0.00000 13.48210 -0.00000 18.91947 -10.69907 -28.44176 -7.12502 -0.00000 0.00000 -3.35052 3.38028 -0.20408 -0.00000 0.00000 0.00000 86.09039 34.93686 3.64342 -23.49701 -9.52826 43.67531 -0.00000 20.64540 0.00000 -22.21554 14.43645 -31.40124 7.12502 -0.00000 -0.00000 0.24761 -0.08637 -64.22941
0.70174 0.91011 0.08295 -0.98180 -0.64275 -91.21204 -0.00000 0.00000 -0.00000 -11.26646 -12.85725 -1.70441 -4.72928 35.15652 14.85296 6.29138 -30.97874 7.86265 -2.91937 -28.56845 -11.43073 -0.00000 0.00000 -0.00000 13.48111 -11.21995 8.05084 6.02243 38.77777 -17.00212 -3.95395 -35.49094 -0.86500 1.31966 19.82635 -7.54047 0.81936 -9.12502 1.26320 -3.01425 3.31694 1.80181 -3.30219 8.77784 1.00035 3.15544 -0.88760 -0.97816 4.51326 19.88489 -2.99793 0.51818 6.19785 -1.14681 0.00000 0.00000 0.00000 -75.54476 36.12263 -6.39769 23.18095 -9.23409 -42.98430 0.00000 13.56820 -0.00000 18.91585 -10.76260 -28.58734 -7.12502 -0.00000 0.00000 -3.32282 3.37061 -0.36044 0.00000 0.00000 0.00000 86.23393 34.96845 3.51647 -23.52483 -9.55448 43.73644 -0.00000 20.66230 0.00000 -22.31132 14.53594 -31.45103 7.12502 -0.00000 -0.00000 0.12813 -0.04490 -64.31205
0.70185 0.91004 0.08295 -0.95371 -0.62209 -91.23521 -0.00000 0.00000 -0.00000 -11.24328 -12.89693 -1.70754 -4.73196 35.16479 14.85762 6.29788 -30.99269 7.86804 -2.89789 -28.47496 -11.38576 -0.00000 0.00000 -0.00000 13.49537 -11.28305 8.04481 6.02363 38.78083 -17.00404 -3.93217 -35.47077 -0.83188 1.31341 19.78191 -7.52204 0.96586 -9.07502 1.32776 -3.12455 3.22963 1.87580 -3.48938 8.66813 1.04580 3.36062 -0.71409 -1.01283 4.51477 19.93071 -3.06447 0.47675 6.18174 -1.16925 0.00000 0.00000 -0.00000 -75.40961 36.31087 -6.24275 23.16757 -9.22178 -42.95518 0.00000 13.56520 -0.00000 19.02407 -10.88466 -28.70783 -7.12502 -0.00000 0.00000 -3.21120 3.27463 -0.51478 0.00000 0.00000 -0.00000 86.61078 34.85375 3.26724 -23.52901 -9.55842 43.74561 -0.00000 20.68840 0.00000 -22.50139 14.74032 -31.55935 7.12502 -0.00000 -0.00000 -0.11201 0.03964 -64.48686
0.70202 0.91007 0.08293 -0.93880 -0.62395 -91.24838 -0.00000 0.00000 -0.00000 -11.25496 -12.90406 -1.72256 -4.72542 35.14462 14.84626 6.30774 -30.93982 7.92364 -2.91032 -28.52912 -11.41180 -0.00000 0.00000 -0.00000 13.49803 -11.32041 8.07044 6.03107 38.79979 -17.01592 -3.92363 -35.49549 -0.80626 1.47318 20.88248 -7.98184 1.04329 -9.02080 1.39905 -3.19006 3.16858 1.96475 -3.58581 8.58172 1.09356 3.37793 -0.59554 -1.07466 4.61661 19.92822 -3.16730 0.49552 6.16247 -1.21408 0.00000 0.00000 -0.00000 -75.41459 36.56074 -5.98836 23.22276 -9.27261 -43.07535 0.00000 13.53680 -0.00000 19.22577 -10.94218 -28.55925 -7.12502 -0.00000 0.00000 -3.08148 3.12930 -0.39934 0.00000 0.00000 -0.00000 86.84476 34.73986 3.07454 -23.53406 -9.56319 43.75673 -0.00000 20.65950 0.00000 -22.48372 14.88411 -31.82478 7.12502 -0.00000 -0.00000 -0.16726 0.06015 -64.77891
0.70213 0.91028 0.08290 -0.91181 -0.54015 -91.23190 -0.00000 0.00000 -0.00000 -11.16621 -12.92208 -1.75040 -4.71641 35.11683 14.83061 6.31690 -30.97545 7.92097 -2.93489 -28.63578 -11.46317 -0.00000 0.00000 -0.00000 13.61658 -11.25144 8.21265 6.02882 38.79404 -17.01231 -3.74297 -35.57197 -0.43831 1.54115 21.32934 -8.17059 1.11616 -9.02244 1.39018 -3.16299 3.17599 1.94266 -3.60271 8.59079 1.08651 3.33534 -0.58704 -1.05934 4.67892 19.89843 -3.15155 0.52456 6.15289 -1.20593 -0.00000 0.00000 0.00000 -75.38151 36.55243 -6.03625 23.20458 -9.25585 -43.03576 0.00000 13.48240 -0.00000 19.36442 -10.90474 -28.29193 -7.12502 -0.00000 0.00000 -3.02624 3.04543 -0.14095 -0.00000 0.00000 0.00000 86.83438 34.83456 3.08964 -23.52058 -9.55047 43.72709 -0.00000 20.59250 0.00000 -22.62125 14.93466 -31.73594 7.12502 -0.00000 -0.00000 -0.29431 0.10549 -64.71863
0.70224 0.91040 0.08288 -0.88011 -0.46430 -91.26105 -0.00000 0.00000 -0.00000 -11.08408 -12.96398 -1.75325 -4.72039 35.12909 14.83751 6.33386 -30.96390 7.96577 -2.91398 -28.54506 -11.41947 -0.00000 0.00000 -0.00000 13.70902 -11.28119 8.24300 6.02176 38.77606 -17.00106 -3.70827 -35.57035 -0.37395 1.52179 21.20329 -8.11722 1.18378 -9.02641 1.40152 -3.12241 3.19161 1.94759 -3.59602 8.61113 1.09206 3.36002 -0.55527 -1.08167 4.57897 19.80950 -3.15337 0.49074 6.11708 -1.21315 -0.00000 0.00000 0.00000 -75.42856 36.49944 -6.03750 23.20954 -9.26042 -43.04656 0.00000 13.46340 -0.00000 19.15819 -10.79914 -28.33846 -7.12502 -0.00000 0.00000 -3.18133 3.20247 -0.14535 -0.00000 0.00000 0.00000 86.75004 34.93286 3.12150 -23.51113 -9.54156 43.70632 -0.00000 20.58390 0.00000 -22.62294 14.84742 -31.58725 7.12502 -0.00000 -0.00000 -0.25413 0.09026 -64.55260
0.70222 0.91035 0.08293 -0.87667 -0.52478 -91.23776 -0.00000 0.00000 -0.00000 -11.16092 -12.97273 -1.76641 -4.72206 35.13427 14.84043 6.32431 -30.95942 7.94760 -2.92894 -28.60999 -11.45074 -0.00000 0.00000 -0.00000 13.60032 -11.33360 8.12996 6.01863 38.76807 -16.99605 -3.72378 -35.49120 -0.43270 1.62728 21.87908 -8.40450 1.17845 -9.01848 1.41304 -3.15511 3.18817 1.96560 -3.62455 8.60523 1.10122 3.37941 -0.56748 -1.08584 4.59704 19.81051 -3.16412 0.49164 6.11973 -1.21538 0.00000 0.00000 -0.00000 -75.40334 36.52835 -6.02637 23.21073 -9.26151 -43.04914 0.00000 13.52950 -0.00000 19.09048 -10.77416 -28.37507 -7.12502 -0.00000 0.00000 -3.22778 3.25217 -0.16991 0.00000 0.00000 -0.00000 86.79658 34.84034 3.08825 -23.51054 -9.54100 43.70503 -0.00000 20.78230 0.00000 -22.31011 14.62027 -31.59710 7.12502 -0.00000 -0.00000 0.08876 -0.03139 -64.47488
0.70236 0.91043 0.08293 -0.83470 -0.42626 -91.26302 -0.00000 0.00000 -0.00000 -11.03990 -13.05534 -1.76436 -4.73556 35.17587 14.86386 6.29943 -30.97392 7.88347 -2.89669 -28.46971 -11.38324 -0.00000 0.00000 -0.00000 13.75291 -11.33651 8.28042 6.00374 38.73005 -16.97226 -3.79546 -35.49532 -0.56568 1.54732 21.36933 -8.18754 1.24742 -9.05763 1.41277 -3.08097 3.23313 1.95329 -3.58539 8.67537 1.09844 3.36797 -0.71357 -1.06375 4.50226 19.85460 -3.12214 0.46642 6.15714 -1.19735 0.00000 0.00000 -0.00000 -75.46531 36.36408 -6.11629 23.20010 -9.25172 -43.02600 0.00000 13.63270 -0.00000 18.97580 -10.79936 -28.58644 -7.12502 -0.00000 0.00000 -3.27519 3.32358 -0.37283 0.00000 0.00000 -0.00000 86.62379 34.89241 3.20931 -23.52095 -9.55082 43.72790 -0.00000 20.78140 0.00000 -22.37911 14.70411 -31.65256 7.12502 -0.00000 -0.00000 -0.00300 0.00107 -64.55650
0.70240 0.91020 0.08299 -0.83733 -0.39133 -91.26862 -0.00000 0.00000 -0.00000 -11.01170 -13.08427 -1.78265 -4.75925 35.24870 14.90495 6.33329 -30.99478 7.94465 -2.93640 -28.64232 -11.46632 -0.00000 0.00000 -0.00000 13.74046 -11.42768 8.07102 5.99225 38.70066 -16.95389 -3.93398 -35.31931 -0.89407 1.36108 20.11807 -7.66174 1.21271 -9.12281 1.38317 -2.99446 3.33981 1.91405 -3.47910 8.82167 1.07760 3.42399 -0.93777 -1.07158 4.28067 19.87754 -3.10113 0.38722 6.19857 -1.19135 -0.00000 0.00000 0.00000 -75.47320 36.14285 -6.35985 23.15930 -9.21419 -42.93720 0.00000 13.67790 -0.00000 18.83682 -10.82648 -28.83730 -7.12502 -0.00000 0.00000 -3.33321 3.41114 -0.61279 -0.00000 0.00000 0.00000 86.33249 34.99866 3.44932 -23.52710 -9.55662 43.74143 -0.00000 20.61380 0.00000 -22.58790 14.82596 -31.59515 7.12502 -0.00000 -0.00000 -0.21765 0.07729 -64.55155
0.70245 0.91022 0.08304 -0.84312 -0.36918 -91.27858 -0.00000 0.00000 -0.00000 -10.98633 -13.09546 -1.75388 -4.76354 35.26187 14.91239 6.35268 -30.99202 7.98913 -2.95368 -28.71691 -11.50231 -0.00000 0.00000 -0.00000 13.73463 -11.43870 7.99254 5.99309 38.70282 -16.95524 -3.84051 -35.33794 -0.71052 1.32254 19.84684 -7.54897 1.33850 -9.09075 1.42631 -3.03425 3.34636 1.95916 -3.58403 8.81958 1.10786 3.53991 -0.95236 -1.10119 4.27874 19.86411 -3.14929 0.36113 6.19604 -1.20637 0.00000 0.00000 -0.00000 -75.31333 36.24387 -6.42638 23.15270 -9.20813 -42.92284 0.00000 13.57910 -0.00000 18.78339 -10.85263 -28.96914 -7.12502 -0.00000 0.00000 -3.34781 3.44179 -0.74316 0.00000 0.00000 -0.00000 86.40645 34.85337 3.45629 -23.53681 -9.56579 43.76276 -0.00000 20.58990 0.00000 -22.54969 14.87650 -31.72847 7.12502 -0.00000 -0.00000 -0.21303 0.07623 -64.68986
0.70258 0.91026 0.08305 -0.81871 -0.33217 -91.28104 -0.00000 0.00000 -0.00000 -10.93439 -13.14249 -1.73704 -4.76573 35.26859 14.91619 6.30581 -30.98643 7.88952 -2.93466 -28.63476 -11.46268 -0.00000 0.00000 -0.00000 13.79577 -11.47034 8.03912 5.99330 38.70336 -16.95558 -3.89260 -35.31785 -0.81653 1.42221 20.53931 -7.83771 1.47911 -9.05290 1.48464 -3.07446 3.32106 2.02259 -3.69419 8.78165 1.14717 3.73380 -0.90637 -1.17214 4.14622 19.83946 -3.23208 0.27803 6.17635 -1.24293 -0.00000 0.00000 0.00000 -75.20909 36.38385 -6.43003 23.15377 -9.20911 -42.92518 0.00000 13.61200 -0.00000 18.87925 -10.88635 -28.91063 -7.12502 -0.00000 0.00000 -3.28390 3.37095 -0.70146 -0.00000 0.00000 0.00000 86.51059 34.66487 3.42601 -23.53575 -9.56478 43.76043 -0.00000 20.70710 0.00000 -22.48378 14.93080 -31.90334 7.12502 -0.00000 -0.00000 -0.18966 0.06853 -64.86679
0.70249 0.91030 0.08305 -0.81129 -0.39708 -91.23673 -0.00000 0.00000 -0.00000 -11.02697 -13.12472 -1.80229 -4.76248 35.25860 14.91054 6.32914 -31.00519 7.92885 -2.87680 -28.38265 -11.34145 -0.00000 0.00000 -0.00000 13.69174 -11.51340 7.94281 5.98881 38.69185 -16.94839 -3.90638 -35.25875 -0.86548 1.38830 20.30702 -7.74054 1.46126 -9.07410 1.50207 -3.10832 3.32324 2.05042 -3.71421 8.79922 1.16072 3.84718 -0.77589 -1.23133 4.06822 19.70929 -3.28892 0.23176 6.10997 -1.27230 -0.00000 0.00000 -0.00000 -75.15255 36.48315 -6.45878 23.16371 -9.21824 -42.94679 0.00000 13.52680 -0.00000 18.86700 -10.82031 -28.78200 -7.12502 -0.00000 0.00000 -3.32081 3.39211 -0.55975 -0.00000 0.00000 -0.00000 86.56576 34.56359 3.39112 -23.55369 -9.58174 43.79988 -0.00000 20.76670 0.00000 -22.21990 14.83378 -32.07641 7.12502 -0.00000 -0.00000 0.05351 -0.01946 -64.98479
0.70247 0.91032 0.08304 -0.79829 -0.39374 -91.24828 -0.00000 0.00000 -0.00000 -11.02566 -13.13971 -1.80738 -4.76493 35.26614 14.91480 6.33627 -31.01746 7.93666 -2.89330 -28.45487 -11.37612 -0.00000 0.00000 -0.00000 13.71837 -11.46941 8.03483 5.98372 38.67882 -16.94025 -3.87624 -35.33003 -0.78096 1.36146 20.12078 -7.66286 1.52120 -9.09510 1.50964 -3.13963 3.29625 2.05505 -3.78114 8.78634 1.16691 4.12401 -0.72330 -1.20580 3.87138 19.64007 -3.22876 0.13098 6.07357 -1.23960 -0.00000 0.00000 0.00000 -75.06947 36.52104 -6.44200 23.15544 -9.21065 -42.92881 0.00000 13.53960 -0.00000 19.01717 -10.89099 -28.73114 -7.12502 -0.00000 0.00000 -3.21181 3.27797 -0.53850 -0.00000 0.00000 0.00000 86.60293 34.59950 3.37606 -23.56840 -9.59565 43.83225 -0.00000 20.63760 0.00000 -22.12479 14.69208 -31.95701 7.12502 -0.00000 -0.00000 0.19266 -0.06946 -64.82418
0.70255 0.91031 0.08298 -0.71876 -0.48602 -91.12306 -0.00000 0.00000 -0.00000 -11.12303 -13.27967 -1.84758 -4.77068 35.28375 14.92476 6.26935 -30.94028 7.83867 -2.92312 -28.58475 -11.43858 -0.00000 0.00000 -0.00000 13.60474 -11.55374 7.98118 5.98130 38.67261 -16.93638 -3.84796 -35.34286 -0.72268 1.50166 21.07118 -8.06140 1.40503 -9.15653 1.45617 -3.15406 3.26357 1.99808 -3.74271 8.77862 1.13262 4.33612 -1.00121 -1.13231 3.71854 19.86961 -3.14902 0.04783 6.19084 -1.18715 0.00000 0.00000 -0.00000 -74.96923 36.50503 -6.61988 23.07775 -9.13952 -42.76002 0.00000 13.62330 -0.00000 19.17303 -10.99960 -28.75536 -7.12502 -0.00000 0.00000 -3.08256 3.15240 -0.59973 0.00000 0.00000 -0.00000 86.61597 34.66985 3.29343 -23.59297 -9.61893 43.88634 -0.00000 20.60610 0.00000 -22.04793 14.68708 -32.04758 7.12502 -0.00000 -0.00000 0.25222 -0.09132 -64.90330
0.70276 0.91044 0.08290 -0.64057 -0.47886 -91.09247 -0.00000 0.00000 -0.00000 -11.12345 -13.37703 -1.89988 -4.77045 35.28302 14.92435 6.27503 -30.89989 7.87704 -2.87833 -28.38937 -11.34468 -0.00000 0.00000 -0.00000 13.65713 -11.61617 8.07885 5.98579 38.68412 -16.94356 -3.90611 -35.40172 -0.80956 1.41609 20.49760 -7.82024 1.35803 -9.15544 1.43388 -3.12585 3.28106 1.97232 -3.69104 8.79210 1.11701 4.19399 -1.09527 -1.18274 3.85003 19.84466 -3.23210 0.10350 6.20184 -1.22603 -0.00000 0.00000 -0.00000 -74.85991 36.47311 -6.84271 23.05547 -9.11919 -42.71168 0.00000 13.51000 -0.00000 19.26020 -11.05696 -28.76121 -7.12502 -0.00000 0.00000 -3.01198 3.08282 -0.62577 -0.00000 0.00000 -0.00000 86.48435 34.70221 3.42340 -23.60481 -9.63017 43.91242 -0.00000 20.62300 0.00000 -22.18378 14.65127 -31.81135 7.12502 -0.00000 -0.00000 0.16838 -0.06022 -64.67841
0.70281 0.91051 0.08287 -0.61218 -0.45407 -91.05385 -0.00000 0.00000 -0.00000 -11.12040 -13.39196 -1.97841 -4.77137 35.28584 14.92594 6.28047 -30.91342 7.88039 -2.90345 -28.49918 -11.39741 -0.00000 0.00000 -0.00000 13.69157 -11.62795 8.09262 5.98306 38.67711 -16.93918 -3.92880 -35.43060 -0.84110 1.43452 20.62281 -7.87271 1.41876 -9.16019 1.44715 -3.14772 3.27188 1.98406 -3.74668 8.78905 1.12669 4.11582 -0.97684 -1.28553 4.03665 19.72088 -3.38587 0.16188 6.14529 -1.29772 0.00000 0.00000 0.00000 -74.74271 36.59633 -6.84121 23.08266 -9.14400 -42.77067 0.00000 13.38150 -0.00000 19.30408 -11.08137 -28.75445 -7.12502 -0.00000 0.00000 -2.97844 3.04869 -0.62844 0.00000 0.00000 0.00000 86.52824 34.65015 3.43602 -23.60926 -9.63440 43.92224 -0.00000 20.61430 0.00000 -22.28724 14.69726 -31.75774 7.12502 -0.00000 -0.00000 0.06901 -0.02464 -64.64789
0.70276 0.91059 0.08284 -0.57727 -0.48338 -91.01332 -0.00000 0.00000 -0.00000 -11.13529 -13.43943 -1.96098 -4.76180 35.25651 14.90937 6.24618 -30.87445 7.82959 -2.91225 -28.53750 -11.41584 -0.00000 0.00000 -0.00000 13.65990 -11.68508 8.04664 5.99229 38.70075 -16.95395 -3.99256 -35.40688 -0.97038 1.36876 20.17162 -7.68405 1.39942 -9.18815 1.45292 -3.17912 3.24611 1.99591 -3.76686 8.77887 1.13177 4.17432 -1.08516 -1.31900 4.17161 19.79309 -3.47458 0.18107 6.18892 -1.32409 -0.00000 0.00000 0.00000 -74.70937 36.76987 -6.71000 23.16241 -9.21705 -42.94397 0.00000 13.27010 -0.00000 19.21143 -10.93208 -28.55668 -7.12502 -0.00000 0.00000 -3.09341 3.14081 -0.39335 -0.00000 0.00000 0.00000 86.60064 34.65517 3.35801 -23.62080 -9.64536 43.94768 -0.00000 20.56990 0.00000 -22.15614 14.50067 -31.58778 7.12502 -0.00000 -0.00000 0.26143 -0.09217 -64.42089
0.70269 0.91061 0.08277 -0.57444 -0.49854 -91.02133 -0.00000 0.00000 -0.00000 -11.14158 -13.43076 -1.94941 -4.75520 35.23626 14.89793 6.23548 -30.84553 7.82441 -2.90486 -28.50536 -11.40038 -0.00000 0.00000 -0.00000 13.68569 -11.66993 8.14691 5.99952 38.71927 -16.96552 -4.04468 -35.45012 -1.05157 1.48379 20.95301 -8.01155 1.24133 -9.22202 1.37977 -3.07495 3.29719 1.91127 -3.58217 8.83768 1.07999 4.03871 -1.38613 -1.29061 4.16555 19.98820 -3.45471 0.19737 6.30405 -1.31395 0.00000 0.00000 0.00000 -74.81589 36.67403 -6.77111 23.20551 -9.25670 -43.03777 0.00000 13.12310 -0.00000 19.13337 -10.76912 -28.30607 -7.12502 -0.00000 0.00000 -3.20784 3.22467 -0.10482 0.00000 0.00000 0.00000 86.25151 34.89485 3.57499 -23.59604 -9.62184 43.89310 -0.00000 20.56580 0.00000 -22.15529 14.37158 -31.36556 7.12502 -0.00000 -0.00000 0.32401 -0.11266 -64.17278
0.70262 0.91058 0.08282 -0.53864 -0.53700 -90.99006 -0.00000 0.00000 -0.00000 -11.21942 -13.44052 -2.04441 -4.75591 35.23844 14.89916 6.28723 -30.86497 7.92644 -2.94247 -28.66856 -11.47898 -0.00000 0.00000 -0.00000 13.62049 -11.73056 8.07459 5.99931 38.71873 -16.96518 -4.05349 -35.45561 -1.06598 1.36415 20.13949 -7.67066 1.15369 -9.29330 1.32012 -3.02566 3.35009 1.83996 -3.49385 8.92690 1.04048 3.84528 -1.59351 -1.26599 4.25558 20.07730 -3.43779 0.25670 6.37174 -1.30653 0.00000 0.00000 -0.00000 -74.86305 36.43728 -6.96903 23.15284 -9.20826 -42.92316 0.00000 13.17290 -0.00000 19.02771 -10.77359 -28.45895 -7.12502 -0.00000 0.00000 -3.26041 3.29396 -0.24657 0.00000 0.00000 -0.00000 86.02090 35.02910 3.76091 -23.58924 -9.61540 43.87813 -0.00000 20.54020 0.00000 -22.11818 14.43689 -31.52605 7.12502 -0.00000 -0.00000 0.32052 -0.11250 -64.34139
0.70261 0.91061 0.08280 -0.54531 -0.48833 -91.01028 -0.00000 0.00000 -0.00000 -11.16422 -13.42108 -2.04740 -4.75638 35.23989 14.89998 6.28695 -30.88363 7.91382 -2.91278 -28.53981 -11.41695 -0.00000 0.00000 -0.00000 13.69898 -11.70393 8.13243 6.00061 38.72205 -16.96726 -4.09560 -35.46894 -1.13996 1.42251 20.54136 -7.83857 1.19110 -9.25314 1.29963 -2.97528 3.34052 1.80419 -3.46910 8.88987 1.02359 3.71717 -1.62741 -1.23454 4.29293 20.14465 -3.39934 0.29350 6.40099 -1.29278 0.00000 0.00000 0.00000 -74.97231 36.40014 -6.89718 23.16097 -9.21572 -42.94083 0.00000 13.18410 -0.00000 19.04331 -10.75157 -28.38927 -7.12502 -0.00000 0.00000 -3.26254 3.28786 -0.17476 0.00000 0.00000 0.00000 85.96108 35.10956 3.73457 -23.60667 -9.63193 43.91653 -0.00000 20.51310 0.00000 -22.07515 14.37724 -31.47762 7.12502 -0.00000 -0.00000 0.38153 -0.13343 -64.27526
0.70259 0.91066 0.08274 -0.53792 -0.41356 -91.08560 -0.00000 0.00000 -0.00000 -11.06062 -13.42981 -1.99794 -4.75789 35.24452 14.90260 6.28155 -30.91907 7.87914 -2.91237 -28.53806 -11.41610 -0.00000 0.00000 -0.00000 13.82193 -11.65628 8.26249 5.99840 38.71639 -16.96372 -4.01515 -35.66207 -0.91321 1.56364 21.47461 -8.23222 1.26544 -9.17919 1.30273 -2.91880 3.27802 1.79440 -3.45352 8.77827 1.01996 3.53462 -1.54762 -1.22649 4.39966 20.17828 -3.39571 0.35951 6.40141 -1.29840 -0.00000 0.00000 0.00000 -75.08431 36.44469 -6.74196 23.18836 -9.24091 -43.00043 0.00000 13.05920 -0.00000 19.08054 -10.76572 -28.36997 -7.12502 -0.00000 0.00000 -3.23680 3.26041 -0.16218 -0.00000 0.00000 0.00000 85.95828 35.13983 3.64665 -23.60283 -9.62829 43.90808 -0.00000 20.61260 0.00000 -22.23113 14.32034 -31.18046 7.12502 -0.00000 -0.00000 0.29131 -0.10024 -63.98745
0.70252 0.91079 0.08264 -0.53387 -0.39239 -91.13108 -0.00000 0.00000 -0.00000 -11.01016 -13.43332 -1.93551 -4.74506 35.20511 14.88035 6.27166 -30.84714 7.90345 -2.88990 -28.44004 -11.36899 -0.00000 0.00000 -0.00000 13.89347 -11.55035 8.47727 6.00515 38.73365 -16.97451 -3.83136 -35.87602 -0.48860 1.62710 21.87796 -8.40402 1.25447 -9.13965 1.29074 -2.85251 3.21191 1.77441 -3.38084 8.67898 1.00630 3.27373 -1.34174 -1.21102 4.53681 20.07375 -3.36265 0.45592 6.33683 -1.29808 -0.00000 0.00000 0.00000 -75.28978 36.43114 -6.58484 23.20139 -9.25291 -43.02882 0.00000 13.01930 -0.00000 19.09452 -10.76806 -28.35621 -7.12502 -0.00000 0.00000 -3.22849 3.25066 -0.15034 -0.00000 0.00000 0.00000 85.93687 35.19439 3.46264 -23.63446 -9.65834 43.97778 -0.00000 20.54610 0.00000 -22.16984 14.40321 -31.40186 7.12502 -0.00000 -0.00000 0.29793 -0.10385 -64.21743
0.70255 0.91061 0.08273 -0.51868 -0.37736 -91.11667 -0.00000 0.00000 -0.00000 -11.00845 -13.47419 -1.98234 -4.76698 35.27240 14.91834 6.29066 -30.87741 7.92602 -2.93047 -28.61662 -11.45393 -0.00000 0.00000 -0.00000 13.88841 -11.62461 8.35948 5.99144 38.69859 -16.95260 -3.96987 -35.88035 -0.74435 1.46688 20.84041 -7.96413 1.33004 -9.08297 1.30799 -2.87578 3.16166 1.78911 -3.44665 8.59591 1.01701 3.30491 -1.27170 -1.24350 4.58274 20.01102 -3.41041 0.46125 6.30539 -1.31842 -0.00000 0.00000 -0.00000 -75.20782 36.56943 -6.59492 23.17602 -9.22955 -42.97357 0.00000 13.07020 -0.00000 19.16700 -10.81657 -28.36473 -7.12502 -0.00000 0.00000 -3.16882 3.19321 -0.17565 -0.00000 0.00000 -0.00000 86.00095 35.15774 3.34953 -23.66018 -9.68283 44.03451 -0.00000 20.53370 0.00000 -22.07293 14.55727 -31.79205 7.12502 -0.00000 -0.00000 0.29647 -0.10572 -64.62533
0.70240 0.91058 0.08273 -0.54016 -0.32575 -91.11312 -0.00000 0.00000 -0.00000 -10.92266 -13.49618 -1.91564 -4.78342 35.32270 14.94679 6.27604 -30.94875 7.84802 -2.95616 -28.72759 -11.50747 -0.00000 0.00000 -0.00000 13.95631 -11.56849 8.37516 5.97727 38.66228 -16.92993 -4.02616 -35.80650 -0.87764 1.51989 21.19083 -8.11195 1.44881 -9.07725 1.36677 -2.92840 3.18548 1.85728 -3.55598 8.62942 1.05868 3.45808 -1.31711 -1.30604 4.60322 19.96657 -3.50879 0.42993 6.29837 -1.35291 0.00000 0.00000 0.00000 -75.01468 36.70901 -6.73121 23.16771 -9.22192 -42.95551 0.00000 13.11050 -0.00000 19.18814 -10.78944 -28.27690 -7.12502 -0.00000 0.00000 -3.17015 3.18451 -0.08542 0.00000 0.00000 0.00000 86.17466 34.94588 3.31705 -23.66773 -9.69003 44.05117 -0.00000 20.70890 0.00000 -22.27253 14.48980 -31.42089 7.12502 -0.00000 -0.00000 0.17929 -0.06267 -64.26750
0.70210 0.91052 0.08281 -0.53724 -0.33647 -91.10324 -0.00000 0.00000 -0.00000 -10.94454 -13.47809 -1.91907 -4.78885 35.33932 14.95619 6.23761 -30.95327 7.76042 -2.94239 -28.66819 -11.47880 -0.00000 0.00000 -0.00000 13.89015 -11.59818 8.24043 5.97114 38.64654 -16.92011 -3.96509 -35.78174 -0.77340 1.49695 21.04011 -8.04828 1.46342 -9.16096 1.34883 -2.92381 3.20439 1.83153 -3.56382 8.69736 1.04791 3.35426 -1.27689 -1.30468 4.68265 19.91070 -3.50659 0.47447 6.27599 -1.35552 -0.00000 0.00000 0.00000 -75.09456 36.63809 -6.66910 23.18573 -9.23849 -42.99471 0.00000 13.14460 -0.00000 19.15101 -10.82293 -28.40021 -7.12502 -0.00000 0.00000 -3.17419 3.20255 -0.21055 -0.00000 0.00000 0.00000 86.19294 34.93007 3.26924 -23.69564 -9.71667 44.11280 -0.00000 20.71960 0.00000 -22.28273 14.51239 -31.44682 7.12502 -0.00000 -0.00000 0.16083 -0.05632 -64.29932
0.70200 0.91056 0.08279 -0.53682 -0.27818 -91.16104 -0.00000 0.00000 -0.00000 -10.88502 -13.44006 -1.92844 -4.78116 35.31580 14.94288 6.26004 -30.97878 7.79360 -2.90110 -28.48896 -11.39249 -0.00000 0.00000 -0.00000 13.98810 -11.57684 8.32724 5.97408 38.65410 -16.92482 -4.05299 -35.71144 -0.96471 1.53840 21.31148 -8.16302 1.51792 -9.20215 1.36959 -2.89293 3.24895 1.85129 -3.55618 8.77187 1.06103 3.32038 -1.30205 -1.31191 4.72080 19.84236 -3.51352 0.49228 6.25953 -1.35860 0.00000 0.00000 -0.00000 -75.12138 36.61836 -6.69354 23.21794 -9.26817 -43.06487 0.00000 13.15220 -0.00000 19.03481 -10.77961 -28.46255 -7.12502 -0.00000 0.00000 -3.25400 3.28809 -0.25203 0.00000 0.00000 -0.00000 86.05743 34.93859 3.40462 -23.69258 -9.71375 44.10604 -0.00000 20.73200 0.00000 -22.29508 14.61452 -31.60635 7.12502 -0.00000 -0.00000 0.10274 -0.03634 -64.48097
0.70198 0.91058 0.08274 -0.54548 -0.24293 -91.16811 -0.00000 0.00000 -0.00000 -10.82401 -13.45598 -1.87263 -4.78261 35.32025 14.94540 6.26553 -30.93751 7.83201 -2.93934 -28.65502 -11.47245 -0.00000 0.00000 -0.00000 14.06245 -11.52445 8.41783 5.97342 38.65239 -16.92376 -4.05957 -35.86998 -0.91516 1.52444 21.22059 -8.12454 1.49275 -9.15272 1.32253 -2.82636 3.21564 1.78648 -3.48505 8.69872 1.02532 3.24134 -1.20460 -1.27041 4.66845 19.84053 -3.43796 0.49955 6.24154 -1.33402 -0.00000 0.00000 0.00000 -75.32550 36.48861 -6.57740 23.21546 -9.26588 -43.05947 0.00000 13.25980 -0.00000 18.97473 -10.77262 -28.52895 -7.12502 -0.00000 0.00000 -3.28808 3.32944 -0.31051 -0.00000 0.00000 0.00000 85.99858 35.05887 3.31394 -23.71144 -9.73178 44.14772 -0.00000 20.77080 0.00000 -22.40477 14.61364 -31.46582 7.12502 -0.00000 -0.00000 0.02085 -0.00732 -64.35490
0.70192 0.91052 0.08276 -0.53838 -0.22664 -91.20497 -0.00000 0.00000 -0.00000 -10.80331 -13.46710 -1.85884 -4.79019 35.34340 14.95851 6.25432 -30.95765 7.79446 -2.85739 -28.29732 -11.30057 -0.00000 0.00000 -0.00000 14.09945 -11.51885 8.48288 5.97023 38.64421 -16.91865 -4.07506 -35.79194 -0.97445 1.42332 20.54685 -7.84087 1.51562 -9.15882 1.32980 -2.82585 3.22923 1.79355 -3.49577 8.71830 1.03038 3.27489 -1.19340 -1.26167 4.62567 19.79473 -3.41485 0.48386 6.22385 -1.32423 -0.00000 0.00000 -0.00000 -75.32811 36.48531 -6.58776 23.23315 -9.28221 -43.09801 0.00000 13.25610 -0.00000 18.97280 -10.72412 -28.42451 -7.12502 -0.00000 0.00000 -3.31153 3.34001 -0.19717 -0.00000 0.00000 -0.00000 85.92843 35.08375 3.40498 -23.70285 -9.72356 44.12873 -0.00000 20.70260 0.00000 -22.48868 14.74199 -31.57822 7.12502 -0.00000 -0.00000 -0.10331 0.03659 -64.50437
0.70179 0.91049 0.08280 -0.53871 -0.15677 -91.24699 -0.00000 0.00000 -0.00000 -10.73715 -13.44841 -1.87301 -4.79195 35.34876 14.96154 6.31224 -30.98808 7.90261 -2.89901 -28.47984 -11.38811 -0.00000 0.00000 -0.00000 14.17101 -11.53291 8.47387 5.96999 38.64358 -16.91826 -4.13600 -35.61471 -1.15811 1.37630 20.22396 -7.70587 1.61192 -9.16455 1.34180 -2.82510 3.28621 1.79838 -3.54821 8.78733 1.03957 3.31227 -1.41817 -1.26214 4.60633 19.83590 -3.42409 0.46675 6.27513 -1.32074 -0.00000 0.00000 0.00000 -75.26544 36.40334 -6.73878 23.21202 -9.26271 -43.05197 0.00000 13.33520 -0.00000 18.99310 -10.71771 -28.38273 -7.12502 -0.00000 0.00000 -3.30401 3.32767 -0.15657 -0.00000 0.00000 0.00000 85.90100 35.03604 3.57047 -23.70623 -9.72680 44.13621 -0.00000 20.68090 0.00000 -22.45061 14.75316 -31.64529 7.12502 -0.00000 -0.00000 -0.08003 0.02845 -64.56858
0.70154 0.91041 0.08284 -0.54784 -0.16300 -91.29256 -0.00000 0.00000 -0.00000 -10.73475 -13.41391 -1.81771 -4.78966 35.34177 14.95758 6.33135 -31.00669 7.93275 -2.91373 -28.54395 -11.41894 -0.00000 0.00000 -0.00000 14.14623 -11.52790 8.45167 5.97139 38.64717 -16.92050 -4.09929 -35.67683 -1.06484 1.50042 21.06299 -8.05794 1.62513 -9.16375 1.35766 -2.84259 3.28539 1.81917 -3.57004 8.78862 1.05087 3.33596 -1.44272 -1.25304 4.62676 19.87975 -3.42346 0.46801 6.29362 -1.31642 0.00000 0.00000 -0.00000 -75.19609 36.42263 -6.84225 23.15744 -9.21249 -42.93316 0.00000 13.38800 -0.00000 19.14464 -10.80653 -28.37291 -7.12502 -0.00000 0.00000 -3.18498 3.20998 -0.17955 0.00000 0.00000 -0.00000 85.97947 35.04281 3.54148 -23.71177 -9.73209 44.14844 -0.00000 20.54910 0.00000 -22.59712 14.76611 -31.48255 7.12502 -0.00000 -0.00000 -0.19626 0.06922 -64.42798
0.70131 0.91056 0.08284 -0.52558 -0.23556 -91.25662 -0.00000 0.00000 -0.00000 -10.80676 -13.42529 -1.79986 -4.78927 35.34059 14.95691 6.24458 -31.02090 7.73281 -2.82065 -28.13475 -11.22287 -0.00000 0.00000 -0.00000 14.02693 -11.56181 8.32340 5.96418 38.62865 -16.90896 -4.03848 -35.82770 -0.89235 1.46674 20.83948 -7.96374 1.59489 -9.23717 1.37599 -2.91670 3.29840 1.85249 -3.62467 8.85004 1.06812 3.41850 -1.47041 -1.26539 4.66291 19.90156 -3.45773 0.46026 6.30560 -1.32380 -0.00000 0.00000 -0.00000 -74.98590 36.58714 -6.96036 23.15685 -9.21194 -42.93187 0.00000 13.24830 -0.00000 19.12682 -10.75302 -28.27954 -7.12502 -0.00000 0.00000 -3.21863 3.23214 -0.07465 -0.00000 0.00000 -0.00000 86.11717 34.91350 3.53207 -23.72254 -9.74240 44.17225 -0.00000 20.59570 0.00000 -22.64065 14.84994 -31.56924 7.12502 -0.00000 -0.00000 -0.26865 0.09533 -64.53748
0.70106 0.91062 0.08279 -0.53010 -0.19333 -91.24721 -0.00000 0.00000 -0.00000 -10.73931 -13.41175 -1.75802 -4.78894 35.33959 14.95635 6.21238 -31.02329 7.66052 -2.81179 -28.09530 -11.20405 -0.00000 0.00000 -0.00000 14.07152 -11.50792 8.31420 5.95589 38.60734 -16.89568 -3.97652 -35.71482 -0.82055 1.49818 21.04820 -8.05169 1.67027 -9.22370 1.37638 -2.92925 3.25730 1.84416 -3.68341 8.80015 1.06782 3.40119 -1.31427 -1.26820 4.67628 19.86875 -3.45575 0.47022 6.26851 -1.32798 0.00000 0.00000 -0.00000 -75.01038 36.72324 -6.75710 23.21365 -9.26421 -43.05551 0.00000 13.09040 -0.00000 19.13441 -10.67538 -28.09850 -7.12502 -0.00000 0.00000 -3.25009 3.24178 0.11938 0.00000 0.00000 -0.00000 86.24342 34.87370 3.40945 -23.72927 -9.74885 44.18713 -0.00000 20.74240 0.00000 -22.50969 14.78835 -31.63022 7.12502 -0.00000 -0.00000 -0.14112 0.05016 -64.56854
0.70085 0.91048 0.08282 -0.53039 -0.21375 -91.28059 -0.00000 0.00000 -0.00000 -10.76333 -13.39360 -1.73865 -4.78410 35.32479 14.94797 6.24927 -31.00879 7.75081 -2.86365 -28.32487 -11.31376 -0.00000 0.00000 -0.00000 14.03968 -11.51546 8.31604 5.95879 38.61481 -16.90033 -3.99376 -35.61343 -0.89209 1.46021 20.79584 -7.94538 1.69472 -9.22281 1.40310 -2.96274 3.23874 1.87901 -3.72593 8.78430 1.08660 3.51351 -1.26920 -1.26809 4.57656 19.87982 -3.44573 0.42115 6.26145 -1.32321 0.00000 0.00000 -0.00000 -74.95570 36.80227 -6.79261 23.18476 -9.23760 -42.99261 0.00000 13.05960 -0.00000 19.25875 -10.73042 -28.05314 -7.12502 -0.00000 0.00000 -3.15996 3.14922 0.14107 0.00000 0.00000 -0.00000 86.37502 34.79981 3.30492 -23.74007 -9.75920 44.21103 -0.00000 20.83610 0.00000 -22.42983 14.66327 -31.51879 7.12502 -0.00000 -0.00000 -0.02166 0.00764 -64.42130
0.70075 0.91043 0.08279 -0.52650 -0.22264 -91.28546 -0.00000 0.00000 -0.00000 -10.75945 -13.40069 -1.69794 -4.78755 35.33532 14.95393 6.21993 -30.99387 7.69574 -2.90398 -28.50149 -11.39852 -0.00000 0.00000 -0.00000 14.02969 -11.51540 8.29992 5.96064 38.61957 -16.90330 -3.97702 -35.73937 -0.81199 1.47613 20.90211 -7.99011 1.73865 -9.15941 1.42620 -3.01695 3.18351 1.90759 -3.80447 8.69337 1.10266 3.67857 -1.25226 -1.24156 4.48421 19.94348 -3.41212 0.36656 6.27592 -1.30167 -0.00000 0.00000 -0.00000 -74.89449 36.88504 -6.75768 23.17038 -9.22437 -42.96131 0.00000 13.05720 -0.00000 19.35119 -10.74131 -27.95414 -7.12502 -0.00000 0.00000 -3.10631 3.08622 0.22777 -0.00000 0.00000 -0.00000 86.56864 34.76744 3.16576 -23.74924 -9.76799 44.23130 -0.00000 20.78480 0.00000 -22.42506 14.64994 -31.50211 7.12502 -0.00000 -0.00000 -0.01171 0.00412 -64.40130
0.70061 0.91042 0.08281 -0.54906 -0.28135 -91.24563 -0.00000 0.00000 -0.00000 -10.82813 -13.36199 -1.70020 -4.78077 35.31462 14.94222 6.23288 -30.98460 7.73009 -2.90370 -28.50029 -11.39794 -0.00000 0.00000 -0.00000 13.91460 -11.53266 8.16453 5.96750 38.63719 -16.91428 -3.95658 -35.70059 -0.78881 1.41303 20.47675 -7.81151 1.70953 -9.12433 1.42963 -3.07506 3.18897 1.91952 -3.84868 8.68118 1.10821 3.51904 -0.90473 -1.29602 4.71014 19.68116 -3.47905 0.46611 6.13803 -1.34263 0.00000 0.00000 -0.00000 -74.85003 37.00951 -6.63344 23.21595 -9.26633 -43.06051 0.00000 13.08140 -0.00000 19.52672 -10.81037 -27.87287 -7.12502 -0.00000 0.00000 -2.98240 2.95770 0.27693 0.00000 0.00000 -0.00000 86.66238 34.71769 3.13098 -23.76018 -9.77849 44.25551 -0.00000 20.78060 0.00000 -22.36154 14.63442 -31.55601 7.12502 -0.00000 -0.00000 0.04341 -0.01532 -64.44359
0.70063 0.91051 0.08275 -0.48898 -0.27427 -91.24393 -0.00000 0.00000 -0.00000 -10.82276 -13.42293 -1.73195 -4.77401 35.29392 14.93051 6.24679 -30.99454 7.75440 -2.94107 -28.66248 -11.47605 -0.00000 0.00000 -0.00000 13.92757 -11.60257 8.16994 5.97464 38.65553 -16.92572 -3.90927 -35.67957 -0.70849 1.53371 21.28097 -8.15010 1.70532 -9.13481 1.45666 -3.09778 3.16413 1.95744 -3.86253 8.66401 1.12641 3.23747 -0.40180 -1.35948 5.06822 19.34105 -3.56186 0.62962 5.95320 -1.39691 0.00000 0.00000 -0.00000 -74.79135 37.06127 -6.68608 23.19665 -9.24855 -43.01850 0.00000 13.13240 -0.00000 19.52365 -10.86302 -27.99073 -7.12502 -0.00000 0.00000 -2.96082 2.94930 0.14989 0.00000 0.00000 -0.00000 86.69064 34.68393 3.11707 -23.76108 -9.77936 44.25752 -0.00000 20.80610 0.00000 -22.36699 14.66461 -31.60062 7.12502 -0.00000 -0.00000 0.02488 -0.00881 -64.49490
0.70055 0.91073 0.08267 -0.46304 -0.37595 -91.23265 -0.00000 0.00000 -0.00000 -10.93743 -13.39326 -1.74930 -4.74662 35.20992 14.88307 6.26009 -30.99447 7.78372 -2.98496 -28.85124 -11.56728 -0.00000 0.00000 -0.00000 13.81507 -11.59380 8.24883 5.99527 38.70839 -16.95872 -3.65459 -35.75278 -0.20587 1.67336 22.16609 -8.52740 1.54845 -9.21304 1.43351 -3.11099 3.19226 1.94666 -3.78875 8.73397 1.11371 3.27921 -0.50878 -1.35404 4.98093 19.43775 -3.55471 0.59303 6.00008 -1.39194 -0.00000 0.00000 0.00000 -74.74640 37.01179 -6.83424 23.15896 -9.21388 -42.93647 0.00000 13.03140 -0.00000 19.38343 -10.73813 -27.90457 -7.12502 -0.00000 0.00000 -3.09067 3.06566 0.27429 -0.00000 0.00000 0.00000 86.59853 34.74920 3.17419 -23.75592 -9.77441 44.24610 -0.00000 20.82330 0.00000 -22.36119 14.71849 -31.69977 7.12502 -0.00000 -0.00000 0.00354 -0.00126 -64.60420
0.70062 0.91066 0.08263 -0.41804 -0.27848 -91.25098 -0.00000 0.00000 -0.00000 -10.81520 -13.48435 -1.74421 -4.76585 35.26895 14.91639 6.21432 -30.97764 7.69366 -2.93902 -28.65364 -11.47178 -0.00000 0.00000 -0.00000 13.95839 -11.63883 8.29279 5.98432 38.68034 -16.94120 -3.80816 -35.79670 -0.47537 1.57191 21.52772 -8.25478 1.56534 -9.24644 1.41137 -3.05619 3.20705 1.91162 -3.74624 8.76522 1.09682 3.22696 -0.51912 -1.30705 4.98705 19.48456 -3.49364 0.60957 6.01702 -1.36481 -0.00000 0.00000 0.00000 -74.86887 36.93215 -6.74742 23.18228 -9.23532 -42.98720 0.00000 12.99600 -0.00000 19.40858 -10.68124 -27.74725 -7.12502 -0.00000 0.00000 -3.10269 3.05995 0.43906 -0.00000 0.00000 0.00000 86.52693 34.78535 3.26014 -23.73960 -9.75875 44.20998 -0.00000 20.86490 0.00000 -22.17379 14.74119 -31.97798 7.12502 -0.00000 -0.00000 0.13247 -0.04785 -64.86164
0.70053 0.91052 0.08270 -0.41553 -0.22125 -91.30792 -0.00000 0.00000 -0.00000 -10.75641 -13.50195 -1.72554 -4.78478 35.32688 14.94915 6.26995 -30.99918 7.80243 -2.93564 -28.63900 -11.46472 -0.00000 0.00000 -0.00000 13.98858 -11.70996 8.18295 5.97489 38.65616 -16.92611 -3.89178 -35.59222 -0.70929 1.36607 20.15290 -7.67625 1.58267 -9.22490 1.39676 -3.02056 3.18530 1.88730 -3.72328 8.72634 1.08440 3.20392 -0.35829 -1.32407 4.88813 19.41960 -3.48599 0.58696 5.96706 -1.37438 -0.00000 0.00000 -0.00000 -75.06156 36.80327 -6.56804 23.19306 -9.24524 -43.01067 0.00000 13.04960 -0.00000 19.34297 -10.61434 -27.68705 -7.12502 -0.00000 0.00000 -3.16761 3.11549 0.51858 -0.00000 0.00000 -0.00000 86.49667 34.94735 3.20551 -23.73080 -9.75031 44.19051 -0.00000 20.81650 0.00000 -22.19334 14.70291 -31.88748 7.12502 -0.00000 -0.00000 0.13635 -0.04900 -64.76614
0.70039 0.91046 0.08276 -0.42504 -0.26090 -91.33475 -0.00000 0.00000 -0.00000 -10.81093 -13.47128 -1.71400 -4.78642 35.33187 14.95198 6.25019 -31.07433 7.71130 -2.89857 -28.47790 -11.38718 -0.00000 0.00000 -0.00000 13.90391 -11.73640 8.09723 5.97363 38.65293 -16.92409 -3.83935 -35.41499 -0.67880 1.28817 19.60098 -7.44711 1.52975 -9.22647 1.38387 -3.02868 3.19164 1.87704 -3.70421 8.73179 1.07674 3.31107 -0.45311 -1.30830 4.68952 19.52745 -3.44906 0.50769 6.01268 -1.35812 -0.00000 0.00000 0.00000 -75.11938 36.72047 -6.52404 23.20499 -9.25622 -43.03664 0.00000 12.88510 -0.00000 19.15840 -10.50689 -27.69387 -7.12502 -0.00000 0.00000 -3.31434 3.25654 0.55137 -0.00000 0.00000 0.00000 86.45060 35.04974 3.13940 -23.75447 -9.77301 44.24288 -0.00000 20.76290 0.00000 -22.16250 14.65961 -31.85293 7.12502 -0.00000 -0.00000 0.18026 -0.06461 -64.71870
0.70042 0.91045 0.08275 -0.42028 -0.19459 -91.34399 -0.00000 0.00000 -0.00000 -10.72350 -13.50486 -1.68547 -4.79085 35.34540 14.95964 6.29586 -31.05348 7.82480 -2.99004 -28.87296 -11.57780 -0.00000 0.00000 -0.00000 14.00102 -11.72672 8.15441 5.97342 38.65239 -16.92376 -3.85008 -35.50351 -0.66508 1.30975 19.75583 -7.51123 1.54771 -9.22433 1.35521 -2.97566 3.21120 1.83321 -3.66667 8.74708 1.05556 3.23272 -0.68232 -1.26857 4.64243 19.69946 -3.40420 0.50572 6.10622 -1.33658 -0.00000 0.00000 0.00000 -75.21322 36.56376 -6.52328 23.20065 -9.25223 -43.02721 0.00000 12.86470 -0.00000 19.12232 -10.58742 -27.92041 -7.12502 -0.00000 0.00000 -3.29664 3.26603 0.31446 -0.00000 0.00000 0.00000 86.33901 35.11688 3.19862 -23.75483 -9.77336 44.24368 -0.00000 20.65590 0.00000 -22.06727 14.65281 -31.96378 7.12502 -0.00000 -0.00000 0.25447 -0.09169 -64.81540
0.70037 0.91052 0.08281 -0.41076 -0.15013 -91.34233 -0.00000 0.00000 -0.00000 -10.68961 -13.49055 -1.72897 -4.78826 35.33750 14.95516 6.29024 -31.07410 7.79935 -2.95979 -28.74324 -11.51503 -0.00000 0.00000 -0.00000 14.02105 -11.75158 8.09365 5.98001 38.66929 -16.93430 -3.79878 -35.49882 -0.57057 1.32022 19.83035 -7.54213 1.61216 -9.22793 1.35249 -2.96607 3.20379 1.82098 -3.69565 8.74219 1.05298 3.25822 -0.76288 -1.23619 4.54077 19.77584 -3.35222 0.47311 6.14210 -1.31332 0.00000 0.00000 0.00000 -75.24824 36.52016 -6.47867 23.18139 -9.23450 -42.98527 0.00000 12.87500 -0.00000 19.20701 -10.72754 -28.11593 -7.12502 -0.00000 0.00000 -3.18841 3.18394 0.08451 0.00000 0.00000 0.00000 86.34372 35.07369 3.17637 -23.76515 -9.78327 44.26652 -0.00000 20.68560 0.00000 -22.03006 14.56402 -31.85890 7.12502 -0.00000 -0.00000 0.32515 -0.11634 -64.68777
0.70028 0.91060 0.08281 -0.39514 -0.18115 -91.35111 -0.00000 0.00000 -0.00000 -10.73025 -13.49513 -1.75705 -4.79465 35.35702 14.96622 6.27410 -31.12489 7.73173 -2.89678 -28.47007 -11.38342 -0.00000 0.00000 -0.00000 13.95989 -11.79562 8.01590 5.97275 38.65068 -16.92269 -3.77796 -35.46059 -0.54598 1.41260 20.47377 -7.81026 1.57434 -9.26474 1.36247 -2.98703 3.23610 1.84074 -3.69185 8.79973 1.06194 3.33511 -1.02285 -1.22694 4.45820 19.87792 -3.34590 0.42981 6.21722 -1.30214 -0.00000 0.00000 0.00000 -75.10127 36.56988 -6.61456 23.16271 -9.21732 -42.94462 0.00000 12.75360 -0.00000 19.17343 -10.74024 -28.18881 -7.12502 -0.00000 0.00000 -3.20021 3.20374 0.01314 -0.00000 0.00000 0.00000 86.29408 35.03942 3.26077 -23.77471 -9.79245 44.28768 -0.00000 20.64000 0.00000 -21.95161 14.51987 -31.88389 7.12502 -0.00000 -0.00000 0.40495 -0.14494 -64.69329
0.70025 0.91062 0.08286 -0.39327 -0.10680 -91.36593 -0.00000 0.00000 -0.00000 -10.64550 -13.51003 -1.74817 -4.81387 35.41557 14.99941 6.26676 -31.22062 7.65531 -2.81628 -28.11530 -11.21359 -0.00000 0.00000 -0.00000 14.04692 -11.75449 8.03450 5.94953 38.59098 -16.88549 -3.77842 -35.40804 -0.56679 1.42160 20.53512 -7.83595 1.66702 -9.25658 1.37154 -2.98120 3.23618 1.84115 -3.73825 8.79824 1.06734 3.31246 -1.16520 -1.24165 4.50083 19.95978 -3.38489 0.43953 6.26892 -1.31498 0.00000 0.00000 0.00000 -75.08887 36.55438 -6.60934 23.17142 -9.22533 -42.96357 0.00000 12.66180 -0.00000 19.08355 -10.71383 -28.25167 -7.12502 -0.00000 0.00000 -3.25900 3.26827 -0.03493 0.00000 0.00000 0.00000 86.26795 35.08774 3.26402 -23.79758 -9.81446 44.33834 -0.00000 20.45690 0.00000 -21.65392 14.44104 -32.13471 7.12502 -0.00000 -0.00000 0.66446 -0.24038 -64.88791
0.70013 0.91057 0.08292 -0.39399 -0.16518 -91.37844 -0.00000 0.00000 -0.00000 -10.72046 -13.49526 -1.72795 -4.80761 35.39651 14.98860 6.31659 -31.21739 7.76612 -2.94382 -28.67436 -11.48178 -0.00000 0.00000 -0.00000 13.97635 -11.75672 8.05990 5.95215 38.59772 -16.88969 -3.77796 -35.31699 -0.60055 1.43068 20.59684 -7.86182 1.58938 -9.32042 1.35205 -2.97744 3.28819 1.82490 -3.69265 8.88796 1.05651 3.27212 -1.37353 -1.23061 4.48422 20.04013 -3.37633 0.43842 6.33053 -1.30825 0.00000 0.00000 0.00000 -75.09764 36.44947 -6.67845 23.18699 -9.23965 -42.99745 0.00000 12.69020 -0.00000 19.01742 -10.64163 -28.18144 -7.12502 -0.00000 0.00000 -3.32655 3.32572 0.05549 0.00000 0.00000 0.00000 86.09804 35.16690 3.42756 -23.78190 -9.79937 44.30360 -0.00000 20.29090 0.00000 -21.51701 14.47348 -32.37212 7.12502 -0.00000 -0.00000 0.74943 -0.27446 -65.11290
0.70007 0.91048 0.08294 -0.39696 -0.24403 -91.38791 -0.00000 0.00000 -0.00000 -10.82281 -13.44093 -1.74509 -4.78356 35.32316 14.94705 6.35577 -31.19767 7.86425 -2.94682 -28.68735 -11.48804 -0.00000 0.00000 -0.00000 13.87686 -11.78955 8.04258 5.97436 38.65481 -16.92527 -3.71991 -35.50151 -0.42158 1.44950 20.72389 -7.91514 1.51896 -9.30788 1.35335 -3.01570 3.28403 1.83780 -3.69136 8.87610 1.05946 3.30286 -1.37309 -1.24912 4.49392 20.02332 -3.40455 0.43315 6.32508 -1.31931 -0.00000 0.00000 0.00000 -75.05598 36.45437 -6.70637 23.17250 -9.22632 -42.96591 0.00000 12.68360 -0.00000 19.01806 -10.62901 -28.15261 -7.12502 -0.00000 0.00000 -3.33198 3.32756 0.08653 -0.00000 0.00000 0.00000 86.11774 35.13788 3.43106 -23.78292 -9.80034 44.30585 -0.00000 20.35950 0.00000 -21.37677 14.42934 -32.48111 7.12502 -0.00000 -0.00000 0.87442 -0.32164 -65.19375
0.70010 0.91057 0.08295 -0.38596 -0.24894 -91.36103 -0.00000 0.00000 -0.00000 -10.82508 -13.45279 -1.75363 -4.77531 35.29792 14.93277 6.31651 -31.10126 7.83969 -2.89532 -28.46372 -11.38036 -0.00000 0.00000 -0.00000 13.87929 -11.79731 8.03061 5.97825 38.66479 -16.93150 -3.78432 -35.53988 -0.52789 1.34462 20.00277 -7.61375 1.50772 -9.27209 1.34487 -3.00576 3.24609 1.82666 -3.67727 8.81227 1.05202 3.30769 -1.30504 -1.25157 4.46160 19.99898 -3.39776 0.42429 6.30482 -1.31996 -0.00000 0.00000 0.00000 -75.14047 36.44325 -6.64182 23.17572 -9.22928 -42.97293 0.00000 12.71510 -0.00000 18.97610 -10.65091 -28.25793 -7.12502 -0.00000 0.00000 -3.34367 3.35148 -0.01798 -0.00000 0.00000 0.00000 86.11052 35.12320 3.40345 -23.77242 -9.79025 44.28261 -0.00000 20.43000 0.00000 -21.46341 14.45915 -32.41812 7.12502 -0.00000 -0.00000 0.79596 -0.29206 -65.14857
0.70014 0.91060 0.08295 -0.36903 -0.16873 -91.37851 -0.00000 0.00000 -0.00000 -10.73526 -13.47893 -1.74603 -4.77766 35.30509 14.93682 6.34713 -31.13231 7.88701 -2.95960 -28.74241 -11.51463 -0.00000 0.00000 -0.00000 13.99623 -11.77343 8.12009 5.97415 38.65428 -16.92493 -3.77616 -35.56134 -0.50447 1.39987 20.38663 -7.77381 1.59518 -9.26333 1.36106 -2.97557 3.20343 1.83518 -3.69268 8.76326 1.05937 3.22841 -1.12448 -1.27151 4.53260 19.89804 -3.41733 0.46199 6.24342 -1.33605 0.00000 0.00000 0.00000 -75.17163 36.48881 -6.59561 23.17939 -9.23266 -42.98091 0.00000 12.71120 -0.00000 18.93324 -10.58388 -28.16711 -7.12502 -0.00000 0.00000 -3.39688 3.39224 0.08944 0.00000 0.00000 0.00000 86.15305 35.07134 3.36053 -23.77227 -9.79011 44.28229 -0.00000 20.43850 0.00000 -21.48137 14.49332 -32.45418 7.12502 -0.00000 -0.00000 0.76584 -0.28170 -65.19392
0.70010 0.91058 0.08294 -0.34367 -0.22264 -91.37581 -0.00000 0.00000 -0.00000 -10.79388 -13.51054 -1.74401 -4.78279 35.32080 14.94571 6.33174 -31.16251 7.83406 -2.89787 -28.47487 -11.38572 -0.00000 0.00000 -0.00000 13.93463 -11.80510 8.12018 5.96705 38.63603 -16.91355 -3.81244 -35.53916 -0.58087 1.38898 20.31167 -7.74249 1.58281 -9.36026 1.37253 -3.01636 3.20902 1.85487 -3.72426 8.82862 1.07014 3.24077 -1.06349 -1.28853 4.55939 19.87169 -3.44279 0.46655 6.22495 -1.34765 -0.00000 0.00000 0.00000 -75.10569 36.53306 -6.63181 23.17161 -9.22550 -42.96398 0.00000 12.68900 -0.00000 18.89951 -10.61415 -28.28034 -7.12502 -0.00000 0.00000 -3.40027 3.40929 -0.02537 -0.00000 0.00000 0.00000 86.21379 35.03377 3.40303 -23.76508 -9.78320 44.26636 -0.00000 20.43070 0.00000 -21.42565 14.55330 -32.63339 7.12502 -0.00000 -0.00000 0.77686 -0.28858 -65.37724
0.70015 0.91062 0.08292 -0.35918 -0.18102 -91.38280 -0.00000 0.00000 -0.00000 -10.73496 -13.51620 -1.71517 -4.78814 35.33714 14.95496 6.31177 -31.11615 7.81983 -2.90994 -28.52746 -11.41101 -0.00000 0.00000 -0.00000 13.99276 -11.76566 8.14302 5.95876 38.61472 -16.90027 -3.81543 -35.42840 -0.62866 1.41509 20.49081 -7.81739 1.63191 -9.36507 1.38705 -3.00368 3.21308 1.86751 -3.73552 8.83804 1.07891 3.27492 -0.94981 -1.29368 4.51270 19.78434 -3.43104 0.45032 6.17634 -1.34664 0.00000 0.00000 0.00000 -75.08141 36.58496 -6.68776 23.15518 -9.21041 -42.92824 0.00000 12.72800 -0.00000 18.96820 -10.59153 -28.13679 -7.12502 -0.00000 0.00000 -3.37523 3.36760 0.11453 0.00000 0.00000 0.00000 86.21245 35.02804 3.42447 -23.76468 -9.78282 44.26548 -0.00000 20.41310 0.00000 -21.50833 14.46620 -32.37086 7.12502 -0.00000 -0.00000 0.75947 -0.27808 -65.10896
0.70019 0.91065 0.08295 -0.35815 -0.17971 -91.36906 -0.00000 0.00000 -0.00000 -10.74495 -13.50763 -1.74322 -4.78648 35.33205 14.95208 6.31994 -31.13730 7.82428 -2.97185 -28.79508 -11.54009 -0.00000 0.00000 -0.00000 13.98600 -11.76824 8.12302 5.95715 38.61058 -16.89769 -3.82507 -35.49279 -0.62222 1.41950 20.52088 -7.82999 1.67168 -9.32180 1.39729 -3.02302 3.19513 1.87737 -3.77753 8.79626 1.08579 3.23226 -0.89901 -1.28777 4.58549 19.79099 -3.43329 0.48066 6.17149 -1.34716 -0.00000 0.00000 -0.00000 -75.03487 36.65157 -6.73083 23.13611 -9.19291 -42.88678 0.00000 12.75010 -0.00000 19.05318 -10.56595 -27.96542 -7.12502 -0.00000 0.00000 -3.34275 3.31573 0.28102 -0.00000 0.00000 -0.00000 86.27022 34.97861 3.41487 -23.77195 -9.78980 44.28156 -0.00000 20.56970 0.00000 -21.48074 14.24853 -32.02391 7.12502 -0.00000 -0.00000 0.88735 -0.31801 -64.71534
0.70023 0.91068 0.08289 -0.36397 -0.24953 -91.36224 -0.00000 0.00000 -0.00000 -10.82496 -13.48579 -1.75218 -4.78000 35.31226 14.94088 6.31416 -31.14646 7.80579 -2.91040 -28.52949 -11.41198 -0.00000 0.00000 -0.00000 13.92555 -11.74282 8.16781 5.96302 38.62569 -16.90711 -3.83183 -35.63602 -0.58037 1.44059 20.66386 -7.88994 1.56009 -9.31887 1.38578 -3.01617 3.20002 1.87533 -3.70710 8.79530 1.07819 3.21080 -0.84253 -1.25334 4.57489 19.76527 -3.37807 0.48830 6.15345 -1.32442 0.00000 0.00000 -0.00000 -75.08880 36.67860 -6.70671 23.15110 -9.20666 -42.91937 0.00000 12.70200 -0.00000 19.11670 -10.56302 -27.87388 -7.12502 -0.00000 0.00000 -3.31074 3.27413 0.36601 0.00000 0.00000 -0.00000 86.26814 35.01802 3.38788 -23.78647 -9.80377 44.31373 -0.00000 20.51380 0.00000 -21.62941 14.26995 -31.86641 7.12502 -0.00000 -0.00000 0.76651 -0.27270 -64.58238
0.70033 0.91058 0.08284 -0.37527 -0.19350 -91.34212 -0.00000 0.00000 -0.00000 -10.74852 -13.49939 -1.74490 -4.78077 35.31462 14.94222 6.30053 -31.10482 7.80238 -2.91708 -28.55850 -11.42594 -0.00000 0.00000 -0.00000 13.98635 -11.73765 8.14204 5.96645 38.63450 -16.91260 -3.77736 -35.64342 -0.47574 1.52036 21.19390 -8.11325 1.63854 -9.28284 1.39563 -3.01769 3.15486 1.87843 -3.75335 8.72836 1.08297 3.25265 -0.65544 -1.25904 4.56668 19.72211 -3.37921 0.48143 6.10713 -1.32833 -0.00000 0.00000 0.00000 -75.13548 36.74880 -6.56465 23.15622 -9.21136 -42.93050 0.00000 12.69470 -0.00000 19.15651 -10.56731 -27.83027 -7.12502 -0.00000 0.00000 -3.28780 3.24700 0.40449 -0.00000 0.00000 0.00000 86.43627 34.99108 3.22468 -23.80934 -9.82578 44.36440 -0.00000 20.47850 0.00000 -21.77456 14.41720 -31.93523 7.12502 -0.00000 -0.00000 0.58664 -0.21006 -64.70012
0.70037 0.91047 0.08281 -0.41583 -0.15743 -91.33243 -0.00000 0.00000 -0.00000 -10.69279 -13.48654 -1.70713 -4.78695 35.33351 14.95290 6.26739 -31.06058 7.75777 -2.94629 -28.68505 -11.48693 -0.00000 0.00000 -0.00000 14.04181 -11.68952 8.16519 5.96173 38.62236 -16.90503 -3.85958 -35.56211 -0.66048 1.52022 21.19296 -8.11285 1.65538 -9.22909 1.38831 -3.01356 3.21708 1.86697 -3.76137 8.76425 1.07938 3.40128 -0.91429 -1.24601 4.42735 19.87321 -3.36847 0.40764 6.19597 -1.31344 0.00000 0.00000 -0.00000 -75.02000 36.72820 -6.73880 23.14286 -9.19910 -42.90146 0.00000 12.61800 -0.00000 19.17293 -10.53559 -27.73821 -7.12502 -0.00000 0.00000 -3.29356 3.24183 0.50030 0.00000 0.00000 -0.00000 86.43304 34.97624 3.32229 -23.82468 -9.84058 44.39841 -0.00000 20.45550 0.00000 -21.74788 14.42215 -31.97866 7.12502 -0.00000 -0.00000 0.60402 -0.21677 -64.74096
0.70040 0.91058 0.08281 -0.39877 -0.15016 -91.35058 -0.00000 0.00000 -0.00000 -10.67916 -13.50278 -1.69082 -4.79001 35.34286 14.95820 6.25544 -31.10722 7.70203 -2.89163 -28.44760 -11.37262 -0.00000 0.00000 -0.00000 14.04756 -11.71281 8.16168 5.95942 38.61643 -16.90134 -3.86664 -35.56403 -0.67298 1.41672 20.50189 -7.82203 1.64876 -9.22095 1.39120 -3.01134 3.27504 1.87216 -3.75385 8.82259 1.08277 3.50099 -1.12080 -1.24196 4.33103 19.92376 -3.36212 0.35755 6.24505 -1.30366 0.00000 0.00000 -0.00000 -74.90732 36.68831 -6.96523 23.12587 -9.18352 -42.86451 0.00000 12.49390 -0.00000 19.14145 -10.55551 -27.82421 -7.12502 -0.00000 0.00000 -3.30115 3.25911 0.41430 0.00000 0.00000 -0.00000 86.38639 34.97995 3.42429 -23.84722 -9.86234 44.44842 -0.00000 20.55000 0.00000 -21.77356 14.41062 -31.92505 7.12502 -0.00000 -0.00000 0.59062 -0.21135 -64.68851
0.70039 0.91062 0.08286 -0.33360 -0.13580 -91.35280 -0.00000 0.00000 -0.00000 -10.67724 -13.56840 -1.73947 -4.79207 35.34912 14.96174 6.23135 -31.08027 7.66621 -2.86744 -28.34155 -11.32175 -0.00000 0.00000 -0.00000 14.04524 -11.79677 8.14177 5.95397 38.60240 -16.89260 -3.83746 -35.37387 -0.69099 1.45479 20.75945 -7.93008 1.60874 -9.25706 1.35435 -2.95826 3.29926 1.82442 -3.68368 8.86286 1.05668 3.47175 -1.25829 -1.20000 4.29383 19.96561 -3.30268 0.35531 6.28168 -1.27543 -0.00000 0.00000 0.00000 -74.99305 36.61015 -6.94949 23.15043 -9.20605 -42.91792 0.00000 12.47160 -0.00000 19.18032 -10.60669 -27.88560 -7.12502 -0.00000 0.00000 -3.25730 3.22411 0.33942 -0.00000 0.00000 0.00000 86.22699 35.13196 3.51024 -23.84548 -9.86066 44.44456 -0.00000 20.54520 0.00000 -21.84120 14.38192 -31.78700 7.12502 -0.00000 -0.00000 0.55427 -0.19687 -64.55395
0.70038 0.91065 0.08285 -0.33048 -0.12507 -91.35223 -0.00000 0.00000 -0.00000 -10.66619 -13.58826 -1.74974 -4.79635 35.36219 14.96915 6.26499 -31.06579 7.74920 -2.88155 -28.40347 -11.35144 -0.00000 0.00000 -0.00000 14.07670 -11.76201 8.20572 5.94789 38.58675 -16.88286 -3.81733 -35.56424 -0.58050 1.49056 20.99786 -8.03046 1.47264 -9.29023 1.28053 -2.84631 3.36988 1.73551 -3.50429 8.94354 1.00428 3.36755 -1.43999 -1.10660 4.24712 20.05830 -3.17081 0.37022 6.34262 -1.21664 0.00000 0.00000 0.00000 -75.29270 36.37849 -6.84175 23.18669 -9.23937 -42.99680 0.00000 12.58930 -0.00000 19.22500 -10.71333 -28.06072 -7.12502 -0.00000 0.00000 -3.18541 3.17475 0.14026 0.00000 0.00000 0.00000 85.93055 35.31889 3.66620 -23.82094 -9.83697 44.39013 -0.00000 20.43250 0.00000 -22.03729 14.40240 -31.56980 7.12502 -0.00000 -0.00000 0.39774 -0.13982 -64.36731
0.70042 0.91071 0.08285 -0.30630 -0.11016 -91.35162 -0.00000 0.00000 -0.00000 -10.65206 -13.60531 -1.75804 -4.79334 35.35302 14.96395 6.26164 -31.10616 7.71628 -2.87980 -28.39582 -11.34777 -0.00000 0.00000 -0.00000 14.09092 -11.79540 8.18583 5.95219 38.59781 -16.88974 -3.83246 -35.59898 -0.59563 1.52443 21.22050 -8.12450 1.47330 -9.29430 1.29837 -2.84921 3.39624 1.75982 -3.50214 8.97645 1.01673 3.42780 -1.55350 -1.15561 4.16380 20.11168 -3.23478 0.32424 6.37729 -1.24517 0.00000 0.00000 -0.00000 -75.31442 36.38758 -6.78887 23.21635 -9.26670 -43.06140 0.00000 12.62860 -0.00000 19.28266 -10.84566 -28.27288 -7.12502 -0.00000 0.00000 -3.09549 3.11109 -0.10207 0.00000 0.00000 -0.00000 85.92139 35.29818 3.70851 -23.81460 -9.83085 44.37606 -0.00000 20.28240 0.00000 -22.21361 14.47748 -31.47452 7.12502 -0.00000 -0.00000 0.22946 -0.08041 -64.31074
0.70033 0.91082 0.08291 -0.27933 -0.10993 -91.38795 -0.00000 0.00000 -0.00000 -10.65581 -13.60047 -1.73099 -4.77481 35.29637 14.93189 6.25558 -31.07207 7.72457 -2.90869 -28.52203 -11.40839 -0.00000 0.00000 -0.00000 14.08504 -11.78983 8.26954 5.96386 38.62784 -16.90845 -3.63627 -35.55668 -0.24425 1.65109 22.02799 -8.46820 1.52649 -9.28979 1.35299 -2.89894 3.36152 1.82950 -3.57072 8.94470 1.05420 3.38748 -1.51487 -1.18113 4.31982 20.17463 -3.30343 0.37146 6.39404 -1.27073 -0.00000 0.00000 -0.00000 -75.28640 36.44318 -6.66802 23.22671 -9.27626 -43.08398 0.00000 12.79210 -0.00000 19.28589 -10.89626 -28.37860 -7.12502 -0.00000 0.00000 -3.07103 3.09888 -0.21720 -0.00000 0.00000 -0.00000 86.09060 35.21774 3.54845 -23.82439 -9.84030 44.39777 -0.00000 20.39070 0.00000 -22.18378 14.39451 -31.36907 7.12502 -0.00000 -0.00000 0.29157 -0.10145 -64.18464
0.70040 0.91080 0.08293 -0.27056 -0.12681 -91.40991 -0.00000 0.00000 -0.00000 -10.67045 -13.62792 -1.69664 -4.78303 35.32152 14.94612 6.25593 -30.99818 7.77221 -2.91674 -28.55703 -11.42523 -0.00000 0.00000 -0.00000 14.07934 -11.79793 8.31989 5.96803 38.63854 -16.91512 -3.65222 -35.60720 -0.25536 1.47142 20.87075 -7.97690 1.48087 -9.22889 1.34779 -2.89886 3.35813 1.82802 -3.54578 8.90363 1.05027 3.37884 -1.61286 -1.12110 4.31408 20.24902 -3.22929 0.37736 6.43491 -1.23273 -0.00000 0.00000 0.00000 -75.31708 36.33142 -6.67434 23.18880 -9.24132 -43.00140 0.00000 12.96010 -0.00000 19.20684 -10.79983 -28.27451 -7.12502 -0.00000 0.00000 -3.15575 3.17016 -0.08692 -0.00000 0.00000 0.00000 86.05165 35.26789 3.61199 -23.80121 -9.81795 44.34638 -0.00000 20.30410 0.00000 -22.04711 14.39170 -31.53863 7.12502 -0.00000 -0.00000 0.39560 -0.13881 -64.33532
0.70029 0.91078 0.08313 -0.25859 -0.20780 -91.42685 -0.00000 0.00000 -0.00000 -10.79070 -13.63113 -1.74255 -4.79617 35.36165 14.96884 6.25480 -31.06644 7.72642 -2.85081 -28.26830 -11.28667 -0.00000 0.00000 -0.00000 13.92972 -11.90066 8.13280 5.95788 38.61247 -16.89887 -3.74950 -35.58287 -0.44644 1.34482 20.00417 -7.61433 1.41151 -9.21463 1.32792 -2.92090 3.33564 1.81106 -3.53434 8.86806 1.03800 3.38054 -1.72034 -1.03637 4.27474 20.39166 -3.12355 0.37367 6.49873 -1.18047 -0.00000 0.00000 0.00000 -75.42730 36.21682 -6.56891 23.17109 -9.22502 -42.96285 0.00000 13.01250 -0.00000 19.33334 -10.83264 -28.17687 -7.12502 -0.00000 0.00000 -3.07481 3.08026 -0.00940 -0.00000 0.00000 0.00000 86.05056 35.34191 3.60039 -23.78204 -9.79951 44.30392 -0.00000 20.28660 0.00000 -21.94951 14.50875 -31.86736 7.12502 -0.00000 -0.00000 0.41197 -0.14730 -64.67427
0.70031 0.91083 0.08325 -0.21829 -0.17932 -91.46295 -0.00000 0.00000 -0.00000 -10.79004 -13.65192 -1.82884 -4.79933 35.37127 14.97429 6.32183 -31.19606 7.79108 -2.83162 -28.18342 -11.24610 -0.00000 0.00000 -0.00000 13.98296 -11.92621 8.22456 5.95040 38.59323 -16.88689 -3.82257 -35.46888 -0.62664 1.31361 19.78331 -7.52262 1.46101 -9.17233 1.36075 -2.93838 3.31454 1.84986 -3.57335 8.82554 1.05942 3.33077 -1.80646 -1.01021 4.37539 20.44194 -3.11019 0.41367 6.53209 -1.16768 0.00000 0.00000 -0.00000 -75.44640 36.23719 -6.48353 23.18039 -9.23358 -42.98309 0.00000 13.05790 -0.00000 19.31195 -10.89454 -28.33994 -7.12502 -0.00000 0.00000 -3.05821 3.08203 -0.18119 0.00000 0.00000 -0.00000 86.01011 35.25992 3.70476 -23.73305 -9.75248 44.19550 -0.00000 20.50660 0.00000 -22.10176 14.38589 -31.45862 7.12502 -0.00000 -0.00000 0.35732 -0.12487 -64.26151
0.70042 0.91092 0.08344 -0.13999 -0.15511 -91.47075 -0.00000 0.00000 -0.00000 -10.79145 -13.74836 -1.88018 -4.80144 35.37772 14.97794 6.34879 -31.18477 7.85721 -2.85911 -28.30488 -11.30418 -0.00000 0.00000 -0.00000 14.03843 -11.97051 8.35778 5.94649 38.58316 -16.88062 -3.87691 -35.50767 -0.71386 1.42384 20.55039 -7.84235 1.29847 -9.11655 1.31593 -2.80058 3.33977 1.80066 -3.34335 8.80556 1.02239 3.09112 -1.97631 -0.99143 4.35867 20.44212 -3.06073 0.45449 6.56265 -1.15710 0.00000 0.00000 -0.00000 -75.59192 36.11063 -6.62718 23.17705 -9.23051 -42.97583 0.00000 12.90500 -0.00000 19.10007 -10.86398 -28.55900 -7.12502 -0.00000 0.00000 -3.18177 3.22826 -0.37091 0.00000 0.00000 -0.00000 85.59147 35.37986 3.91082 -23.73345 -9.75286 44.19639 -0.00000 20.53600 0.00000 -22.12911 14.31228 -31.29586 7.12502 -0.00000 -0.00000 0.37206 -0.12875 -64.08758
0.70038 0.91119 0.08374 -0.02538 -0.19377 -91.40722 -0.00000 0.00000 -0.00000 -10.88836 -13.83376 -1.97357 -4.78469 35.32661 14.94900 6.37326 -31.09176 7.97026 -2.85446 -28.28442 -11.29439 -0.00000 0.00000 -0.00000 13.96804 -12.01886 8.44660 5.94618 38.58235 -16.88011 -3.59624 -35.64494 -0.13683 1.73754 22.55799 -8.69608 1.24476 -9.10929 1.29355 -2.77216 3.35830 1.77551 -3.28770 8.81685 1.00661 2.90072 -2.13017 -0.99037 4.40806 20.39202 -3.04661 0.50406 6.57527 -1.15613 -0.00000 0.00000 0.00000 -75.57746 36.05062 -6.84305 23.18187 -9.23494 -42.98632 0.00000 12.79170 -0.00000 19.00453 -10.75894 -28.45817 -7.12502 -0.00000 0.00000 -3.27913 3.31224 -0.24057 -0.00000 0.00000 0.00000 85.31174 35.47750 4.02023 -23.78346 -9.80087 44.30706 -0.00000 20.38920 0.00000 -21.67487 14.25850 -31.78684 7.12502 -0.00000 -0.00000 0.73824 -0.26154 -64.50672
0.70035 0.91127 0.08401 0.06649 -0.30548 -91.31745 -0.00000 0.00000 -0.00000 -11.06402 -13.91389 -2.05747 -4.77724 35.30382 14.93610 6.39027 -31.09068 8.00829 -2.87545 -28.37675 -11.33862 -0.00000 0.00000 -0.00000 13.84801 -12.04723 8.55872 5.94534 38.58019 -16.87877 -3.57186 -35.53720 -0.13086 1.57397 21.54092 -8.26039 1.36215 -9.02272 1.40027 -2.98601 3.18671 1.91605 -3.55688 8.60225 1.08335 3.17815 -1.58932 -1.15594 4.35071 20.12850 -3.24908 0.42377 6.39408 -1.25425 -0.00000 0.00000 0.00000 -75.27516 36.50888 -6.71784 23.16712 -9.22138 -42.95422 0.00000 12.80180 -0.00000 19.15018 -10.81456 -28.38301 -7.12502 -0.00000 0.00000 -3.17843 3.20473 -0.19169 -0.00000 0.00000 0.00000 85.77041 35.31654 3.55477 -23.82178 -9.83778 44.39198 -0.00000 20.36170 0.00000 -21.78007 14.35123 -31.81269 7.12502 -0.00000 -0.00000 0.61469 -0.21847 -64.56533
0.70044 0.91102 0.08449 0.14608 -0.46885 -91.20233 -0.00000 0.00000 -0.00000 -11.30187 -14.08549 -2.16555 -4.81841 35.42936 15.00724 6.34912 -31.14260 7.88481 -2.85787 -28.29944 -11.30158 -0.00000 0.00000 -0.00000 13.62799 -12.17559 8.41783 5.91525 38.50249 -16.83047 -3.89179 -35.39683 -0.78448 1.28317 19.56492 -7.43220 1.34328 -8.88950 1.47969 -3.18079 3.12417 2.03549 -3.73321 8.47305 1.14308 3.21170 -1.06384 -1.30641 4.60065 19.70741 -3.44853 0.48649 6.17362 -1.34911 -0.00000 0.00000 0.00000 -74.83266 36.83961 -7.02128 23.08489 -9.14604 -42.77551 0.00000 12.64650 -0.00000 19.37618 -10.84579 -28.14843 -7.12502 -0.00000 0.00000 -3.04643 3.04949 0.01184 -0.00000 0.00000 0.00000 85.92464 35.14530 3.59149 -23.78484 -9.80220 44.31011 -0.00000 20.41850 0.00000 -21.81105 14.44897 -31.94313 7.12502 -0.00000 -0.00000 0.54397 -0.19498 -64.71937
0.70070 0.91128 0.08499 0.30607 -0.41482 -91.08598 -0.00000 0.00000 -0.00000 -11.28615 -14.35197 -2.24558 -4.84129 35.49879 15.04668 6.30219 -31.07519 7.82487 -2.82352 -28.14747 -11.22894 -0.00000 0.00000 -0.00000 13.73344 -12.19797 8.65593 5.89012 38.43736 -16.79007 -4.01169 -35.56412 -0.94491 1.32981 19.89836 -7.57036 1.33800 -8.81455 1.45775 -3.19348 3.17043 2.00779 -3.75060 8.47792 1.13019 3.45428 -1.10547 -1.27046 4.36786 19.49117 -3.34907 0.38596 6.10547 -1.30064 0.00000 0.00000 0.00000 -74.55741 36.83106 -7.46074 22.98932 -9.05904 -42.56833 0.00000 12.55730 -0.00000 19.53791 -10.95299 -28.16581 -7.12502 -0.00000 0.00000 -2.91358 2.92176 -0.04310 0.00000 0.00000 0.00000 85.81153 35.16846 3.81184 -23.78146 -9.79895 44.30264 -0.00000 20.43010 0.00000 -21.68837 14.37361 -31.97150 7.12502 -0.00000 -0.00000 0.67196 -0.24082 -64.71609
0.70130 0.91181 0.08560 0.56042 -0.33452 -90.88499 -0.00000 0.00000 -0.00000 -11.13033 -14.89955 -2.04934 -4.87003 35.58563 15.09611 6.01843 -30.82451 7.35757 -2.84098 -28.22489 -11.26592 -0.00000 0.00000 -0.00000 13.91593 -12.24589 9.08506 5.88187 38.41595 -16.77681 -4.11173 -35.89939 -1.00069 1.49029 20.99610 -8.02971 1.29976 -8.63819 1.32406 -3.08931 3.15057 1.82552 -3.65763 8.33495 1.03535 3.25856 -1.28217 -1.13474 4.24631 19.47519 -3.12448 0.40496 6.12981 -1.20847 0.00000 0.00000 -0.00000 -74.74239 36.54917 -7.59230 22.92265 -8.99871 -42.42412 0.00000 12.45130 -0.00000 19.76163 -11.28683 -28.58064 -7.12502 -0.00000 0.00000 -2.65031 2.70407 -0.54409 0.00000 0.00000 -0.00000 85.50846 35.41391 4.03054 -23.73982 -9.75896 44.21046 -0.00000 20.25250 0.00000 -21.82581 14.43946 -31.90735 7.12502 -0.00000 -0.00000 0.53772 -0.19236 -64.68370
0.70216 0.91173 0.08628 0.80887 -0.26712 -90.48604 -0.00000 0.00000 -0.00000 -10.88858 -15.76721 -1.67805 -4.98469 35.92823 15.29233 5.49305 -30.54589 6.36068 -2.88590 -28.42254 -11.36059 -0.00000 0.00000 -0.00000 14.06065 -12.37334 9.28978 5.85481 38.34549 -16.73323 -4.58912 -36.14182 -1.78893 1.40546 20.42499 -7.78985 1.17893 -8.26168 1.15247 -2.95297 3.16857 1.59934 -3.49301 8.11055 0.91326 2.97554 -1.42041 -1.11833 4.00146 19.38064 -3.02140 0.38944 6.12077 -1.18997 -0.00000 0.00000 -0.00000 -74.92684 36.36019 -7.85404 22.83254 -8.91764 -42.22961 0.00000 12.17350 -0.00000 19.65805 -11.48888 -29.14264 -7.12502 -0.00000 0.00000 -2.61677 2.72509 -1.13103 -0.00000 0.00000 -0.00000 85.14957 35.47715 4.40301 -23.64734 -9.67060 44.00618 -0.00000 20.13540 0.00000 -21.97074 14.42544 -31.69538 7.12502 -0.00000 -0.00000 0.43649 -0.15448 -64.48851
0.70316 0.91172 0.08749 1.18511 -0.17298 -89.99133 -0.00000 0.00000 -0.00000 -10.62392 -16.96574 -1.19635 -5.15151 36.41601 15.57497 4.91649 -30.08158 5.33494 -3.04073 -29.08843 -11.68243 -0.00000 0.00000 -0.00000 14.02940 -12.75097 9.15710 5.82503 38.26764 -16.68518 -4.70268 -36.22228 -1.96559 1.42385 20.55048 -7.84239 1.49934 -7.93962 1.13888 -3.07981 3.02636 1.55081 -3.82443 7.78160 0.90446 2.99497 -0.72217 -1.26329 3.98255 18.60895 -3.12190 0.38944 5.75637 -1.26070 0.00000 0.00000 0.00000 -74.49856 36.79897 -8.21927 22.60371 -8.71416 -41.73779 0.00000 11.76420 -0.00000 19.86862 -11.84362 -29.59416 -7.12502 -0.00000 0.00000 -2.35678 2.50074 -1.67222 0.00000 0.00000 0.00000 85.58928 35.18645 4.16328 -23.57549 -9.60237 43.84786 -0.00000 20.26490 0.00000 -21.15465 14.26572 -32.48903 7.12502 -0.00000 -0.00000 1.11899 -0.41041 -65.13869
0.70379 0.91150 0.08936 1.53961 -0.18602 -89.37729 -0.00000 0.00000 -0.00000 -10.48711 -18.18078 -0.61428 -5.34137 36.95644 15.89276 4.26029 -29.57251 4.11902 -3.16906 -29.62320 -11.94419 -0.00000 0.00000 -0.00000 13.79914 -13.07362 8.87211 5.80132 38.20544 -16.64687 -4.86262 -36.29379 -2.23089 1.36408 20.13903 -7.67047 1.45588 -7.92937 0.94578 -2.99498 3.26562 1.29427 -3.75951 8.01005 0.78059 2.38776 -0.46138 -1.48167 4.01348 17.44999 -3.25689 0.51175 5.35458 -1.37519 0.00000 0.00000 -0.00000 -74.35809 36.60518 -9.08878 22.36059 -8.50165 -41.21845 0.00000 12.08280 -0.00000 20.03599 -12.13118 -29.95303 -7.12502 -0.00000 0.00000 -2.15078 2.31656 -2.10401 0.00000 0.00000 -0.00000 85.04115 35.34657 4.68460 -23.52710 -9.55662 43.74143 -0.00000 20.45590 0.00000 -20.97944 14.11821 -32.46142 7.12502 -0.00000 -0.00000 1.32147 -0.48258 -65.05783
0.70445 0.91119 0.09155 1.87374 0.02820 -88.95688 -0.00000 0.00000 -0.00000 -10.09615 -19.32283 -0.00276 -5.53786 37.50007 16.21753 3.67517 -29.27822 2.92621 -3.21842 -29.82496 -12.04374 -0.00000 0.00000 -0.00000 14.08394 -13.05082 9.43666 5.75627 38.08666 -16.57393 -5.39409 -36.80899 -2.98213 1.38367 20.27499 -7.72717 1.18187 -7.76102 0.54431 -2.50044 3.51526 0.75716 -3.18170 8.12581 0.49552 0.72509 0.62795 -2.06213 4.00071 14.42879 -3.68266 0.91431 4.73344 -1.72794 -0.00000 0.00000 -0.00000 -75.00605 35.93585 -9.53254 22.21550 -8.37661 -40.91004 0.00000 12.59200 -0.00000 20.32551 -12.48023 -30.25943 -7.12502 -0.00000 0.00000 -1.86063 2.03239 -2.51021 -0.00000 0.00000 -0.00000 83.73959 36.35266 5.14332 -23.52996 -9.55932 43.74771 -0.00000 20.45450 0.00000 -20.83431 14.08431 -32.59761 7.12502 -0.00000 -0.00000 1.44459 -0.53068 -65.16711
0.70453 0.91102 0.09445 2.21961 0.27667 -88.55830 -0.00000 0.00000 -0.00000 -9.87158 -20.21302 0.24562 -5.69670 37.92847 16.47719 3.26292 -29.08517 2.06888 -3.20199 -29.75805 -12.01068 -0.00000 0.00000 -0.00000 14.34371 -12.97275 10.05375 5.68998 37.91054 -16.46626 -5.88408 -37.38509 -3.60917 1.45037 20.72976 -7.91761 1.14712 -7.28311 0.29659 -2.27494 3.48623 0.41378 -2.98525 7.79086 0.31635 -0.67477 2.28242 -3.47916 4.09124 11.10652 -5.29362 1.16751 3.30029 -2.61563 0.00000 0.00000 -0.00000 -75.79194 36.00928 -8.82998 22.42005 -8.55327 -41.34516 0.00000 12.69840 -0.00000 20.25068 -12.02085 -29.44532 -7.12502 -0.00000 0.00000 -2.08631 2.20784 -1.60137 0.00000 0.00000 -0.00000 83.74466 36.98000 4.38793 -23.67028 -9.69246 44.05680 -0.00000 20.03190 0.00000 -20.15146 14.01875 -33.42930 7.12502 -0.00000 -0.00000 1.97127 -0.75263 -65.88875
0.70400 0.91151 0.09802 2.81052 0.16860 -88.30366 -0.00000 0.00000 -0.00000 -10.33402 -21.00632 0.03974 -5.78483 38.16204 16.62019 3.19746 -29.14929 1.89099 -3.18259 -29.67872 -11.97154 -0.00000 0.00000 -0.00000 14.20719 -13.05707 10.90815 5.62360 37.73251 -16.35800 -6.34616 -38.01345 -4.14126 1.54870 21.37826 -8.19133 0.55772 -7.11088 0.07598 -2.09417 3.35915 0.16619 -2.50207 7.53451 0.15748 -2.14245 3.99648 -5.42610 4.19974 7.48377 -7.68400 1.50974 1.92555 -3.87534 0.00000 0.00000 0.00000 -77.09610 36.21950 -7.37611 22.89794 -8.97643 -42.37073 0.00000 12.39160 -0.00000 19.59208 -11.13129 -28.47570 -7.12502 -0.00000 0.00000 -2.80680 2.84888 -0.39151 0.00000 0.00000 0.00000 84.13741 37.37787 3.17587 -23.86330 -9.87790 44.48411 -0.00000 20.09770 0.00000 -20.49861 14.04561 -32.99014 7.12502 -0.00000 -0.00000 1.70806 -0.63898 -65.50467
0.70248 0.91180 0.10198 3.32124 0.15458 -88.09416 -0.00000 0.00000 -0.00000 -10.74024 -21.60599 -0.18194 -5.87941 38.40956 16.77285 3.19713 -29.35235 1.80287 -3.16899 -29.62292 -11.94405 -0.00000 0.00000 -0.00000 14.16596 -12.91626 11.79153 5.53776 37.49980 -16.21737 -6.91931 -38.65665 -4.83981 1.67022 22.14667 -8.51906 0.10181 -7.02087 -0.08575 -2.00737 3.17958 -0.01187 -2.18096 7.28064 0.04353 -3.38444 5.15611 -6.94345 4.85060 4.81269 -9.64622 2.05986 1.06573 -4.88941 0.00000 0.00000 -0.00000 -78.35831 36.51704 -5.58915 23.41303 -9.44943 -43.49110 0.00000 12.27210 -0.00000 19.76544 -11.41676 -28.84830 -7.12502 -0.00000 0.00000 -2.59235 2.67192 -0.83603 0.00000 0.00000 -0.00000 85.13889 37.66570 1.48712 -24.06442 -10.07396 44.93200 -0.00000 19.98780 0.00000 -20.88158 14.33998 -32.99256 7.12502 -0.00000 -0.00000 1.28041 -0.48183 -65.61842
0.70039 0.91205 0.10660 3.81346 0.08443 -88.18526 -0.00000 0.00000 -0.00000 -11.17393 -22.02911 -0.29183 -5.94318 38.57461 16.87530 3.13194 -29.66964 1.52159 -2.98470 -28.85013 -11.56674 -0.00000 0.00000 -0.00000 13.89992 -13.02785 12.30548 5.47714 37.33374 -16.11760 -7.29122 -38.88127 -5.37529 1.60530 21.74047 -8.34534 -0.11500 -7.19949 -0.03881 -2.17141 3.13062 0.08340 -2.21657 7.33580 0.08343 -3.52050 5.37605 -8.40466 4.62537 3.09809 -11.50344 2.10943 0.58314 -5.81723 0.00000 0.00000 -0.00000 -78.88682 36.99106 -4.28183 23.85396 -9.86886 -44.46337 0.00000 11.88380 -0.00000 19.38065 -11.01676 -28.51224 -7.12502 -0.00000 0.00000 -2.96776 3.01181 -0.38329 0.00000 0.00000 -0.00000 86.34304 37.57091 0.20001 -24.22080 -10.22847 45.28220 -0.00000 20.24610 0.00000 -20.53121 14.39887 -33.58406 7.12502 -0.00000 -0.00000 1.50208 -0.58189 -66.17117
0.69875 0.91229 0.11154 4.23782 -0.06431 -88.46565 -0.00000 0.00000 -0.00000 -11.61338 -22.44338 -0.15449 -6.00409 38.73095 16.97282 3.10923 -29.98816 1.33911 -2.89969 -28.48279 -11.38953 -0.00000 0.00000 -0.00000 13.63847 -13.00413 13.20788 5.42832 37.19893 -16.03698 -7.74596 -39.20876 -5.99420 1.54962 21.38421 -8.19385 -0.64596 -7.27830 -0.06789 -2.13299 3.10916 0.09636 -1.87434 7.35761 0.06298 -4.14115 5.24838 -9.38074 4.27387 1.98247 -12.77197 2.16920 0.34028 -6.44727 0.00000 0.00000 0.00000 -79.67569 37.05304 -3.20177 24.16458 -10.17271 -45.15610 0.00000 11.87470 -0.00000 19.69486 -11.32986 -28.75969 -7.12502 -0.00000 0.00000 -2.66666 2.73788 -0.72335 0.00000 0.00000 0.00000 86.73004 37.92287 -0.45281 -24.25777 -10.26527 45.36525 -0.00000 20.03470 0.00000 -20.48789 14.41266 -33.66967 7.12502 -0.00000 -0.00000 1.52583 -0.59361 -66.25320
0.69731 0.91209 0.11679 4.48203 -0.22831 -88.68862 -0.00000 0.00000 -0.00000 -11.99758 -22.87471 0.19689 -6.13718 39.06806 17.18476 3.01274 -30.28120 1.00795 -2.85726 -28.29677 -11.30030 -0.00000 0.00000 -0.00000 13.30510 -12.77432 14.00859 5.37413 37.04816 -15.94719 -8.06248 -39.58103 -6.34330 1.56023 21.45267 -8.22290 -1.21298 -7.07103 -0.18458 -2.05371 3.09072 -0.01382 -1.48804 7.21500 -0.02063 -4.88359 4.92400 -9.61385 4.16003 1.44330 -13.08493 2.27545 0.28442 -6.59932 0.00000 0.00000 0.00000 -80.66868 36.95666 -1.89823 24.55237 -10.56216 -46.03055 0.00000 12.02080 -0.00000 20.10576 -11.62137 -28.82391 -7.12502 -0.00000 0.00000 -2.32747 2.40284 -0.88871 0.00000 0.00000 0.00000 86.94923 38.40256 -0.93571 -24.22923 -10.23685 45.30114 -0.00000 19.72590 0.00000 -20.93674 14.36547 -32.96251 7.12502 -0.00000 -0.00000 1.22750 -0.46149 -65.60116
0.69568 0.91124 0.12263 4.56708 -0.32635 -88.70807 -0.00000 0.00000 -0.00000 -12.36403 -23.26139 0.44270 -6.34950 39.59366 17.51975 2.87608 -30.50565 0.62193 -2.81336 -28.10231 -11.20739 -0.00000 0.00000 -0.00000 12.90276 -12.49903 14.39572 5.34540 36.96774 -15.89945 -8.41838 -39.84759 -6.80722 1.46551 20.83129 -7.96030 -1.61514 -6.91688 -0.28953 -2.02316 3.02625 -0.12296 -1.24573 7.05661 -0.09365 -5.44624 4.87033 -9.55546 4.06580 1.62118 -13.03661 2.32360 0.37586 -6.57761 0.00000 0.00000 0.00000 -81.56077 37.08826 -0.53816 24.92402 -10.94632 -46.87919 0.00000 12.23830 -0.00000 20.42004 -11.88693 -28.95460 -7.12502 -0.00000 0.00000 -2.05226 2.13443 -1.10553 0.00000 0.00000 0.00000 87.55313 38.35885 -1.60206 -24.17120 -10.17927 45.17095 -0.00000 19.75420 0.00000 -21.23981 14.33291 -32.49401 7.12502 -0.00000 -0.00000 1.02297 -0.37579 -65.16875
0.69375 0.91014 0.12939 4.54500 -0.18176 -88.69116 -0.00000 0.00000 -0.00000 -12.47821 -23.66752 0.79025 -6.65117 40.31588 17.98950 2.64842 -30.85949 -0.00123 -2.76618 -27.89109 -11.10688 -0.00000 0.00000 -0.00000 12.51017 -12.27571 14.15534 5.28070 36.78540 -15.79165 -8.45436 -39.80187 -6.89237 1.37415 20.20906 -7.69966 -1.62598 -6.90156 -0.24462 -2.03411 3.05689 -0.06127 -1.24062 7.08106 -0.06403 -5.63538 4.27796 -9.39614 3.97034 2.82278 -12.83744 2.20033 0.83279 -6.48257 0.00000 0.00000 0.00000 -81.82343 37.82970 0.19718 25.21106 -11.25061 -47.54213 0.00000 12.26140 -0.00000 20.47442 -11.95041 -29.01167 -7.12502 -0.00000 0.00000 -1.99784 2.08325 -1.18097 0.00000 0.00000 0.00000 88.37381 37.74484 -2.30555 -24.13537 -10.14383 45.09067 -0.00000 19.58850 0.00000 -21.18997 14.38063 -32.64563 7.12502 -0.00000 -0.00000 1.03557 -0.38358 -65.32273
0.69174 0.90876 0.13679 4.33749 -0.02085 -88.43034 -0.00000 0.00000 -0.00000 -12.65388 -23.86405 1.01203 -6.99476 41.10557 18.51626 2.30164 -31.30086 -0.89068 -2.67541 -27.47795 -10.91152 -0.00000 0.00000 -0.00000 11.89562 -12.06236 13.25137 5.23170 36.64612 -15.70968 -8.03657 -39.33962 -6.42497 1.29823 19.67337 -7.47707 -1.68841 -6.77454 -0.12955 -2.04842 3.05601 0.09520 -1.19187 7.00824 0.00977 -5.72925 3.91701 -9.17563 4.34674 4.38195 -12.59913 2.21581 1.39345 -6.37277 0.00000 0.00000 0.00000 -81.71083 39.60235 0.63036 25.40661 -11.46182 -47.99770 0.00000 12.12390 -0.00000 20.95748 -12.31579 -29.11342 -7.12502 -0.00000 0.00000 -1.59664 1.67785 -1.40926 0.00000 0.00000 0.00000 89.71818 36.83392 -4.02170 -24.30304 -10.31046 45.46707 -0.00000 19.53300 0.00000 -21.02150 14.61356 -33.28582 7.12502 -0.00000 -0.00000 1.04016 -0.39901 -65.98468
0.68976 0.90740 0.14523 4.07817 0.08193 -88.07875 -0.00000 0.00000 -0.00000 -13.01443 -23.96512 1.11258 -7.34327 41.87336 19.04232 1.88615 -31.63057 -1.86238 -2.47115 -26.51346 -10.46155 -0.00000 0.00000 -0.00000 10.55244 -12.86444 10.45009 5.29950 36.83857 -15.82302 -6.54355 -37.21943 -4.87756 0.97953 17.20126 -6.46962 -1.82170 -6.53084 -0.11915 -1.98042 2.92198 0.10759 -1.03952 6.72485 0.00976 -5.51731 3.03246 -8.69900 4.25191 7.02602 -12.03713 1.95242 2.32088 -6.09753 -0.00000 0.00000 -0.00000 -81.99194 42.10321 1.74279 25.74921 -11.83976 -48.80389 0.00000 11.65400 -0.00000 21.31136 -12.31807 -28.67269 -7.12502 -0.00000 0.00000 -1.40457 1.45548 -1.01099 -0.00000 0.00000 -0.00000 91.35246 36.73892 -7.12409 -24.77523 -10.79121 46.53815 -0.00000 18.78460 0.00000 -20.98563 14.78503 -33.63581 7.12502 -0.00000 -0.00000 0.97848 -0.38277 -66.36283
0.68809 0.90652 0.15552 3.71896 0.18578 -87.42519 -0.00000 0.00000 -0.00000 -13.82153 -23.83698 0.47519 -7.70146 42.63010 19.57502 1.61639 -31.75721 -2.45599 -2.18785 -25.08671 -9.81068 -0.00000 0.00000 -0.00000 8.53502 -14.34361 6.46210 5.55932 37.55854 -16.25277 -4.49973 -33.61103 -2.70234 0.64845 14.09256 -5.24259 -1.66548 -6.08306 -0.16225 -1.97899 2.80267 0.01933 -1.13473 6.34002 -0.02526 -5.36708 1.57733 -8.08567 4.50016 10.79122 -11.39860 1.75860 3.79975 -5.77284 0.00000 0.00000 -0.00000 -82.47091 45.25728 3.38931 26.32288 -12.49616 -50.17837 0.00000 10.71290 -0.00000 20.68028 -11.64817 -28.14113 -7.12502 -0.00000 0.00000 -2.00841 2.02920 -0.27730 0.00000 0.00000 -0.00000 93.18411 37.44540 -11.16183 -25.62796 -11.70484 48.51738 -0.00000 17.19670 0.00000 -20.57361 14.73031 -34.11452 7.12502 -0.00000 -0.00000 1.29973 -0.51920 -66.77161
0.68755 0.90653 0.16770 3.21375 0.17002 -86.54898 -0.00000 0.00000 -0.00000 -15.30630 -23.35575 -0.98746 -8.01831 43.27399 20.04002 1.87146 -31.74825 -1.92852 -2.01304 -24.14720 -9.39104 -0.00000 0.00000 -0.00000 5.87122 -16.26013 2.78139 6.29108 39.45052 -17.42796 -2.47778 -28.29552 -0.57678 0.43544 11.60024 -4.28478 -1.38261 -5.63005 -0.27801 -2.03695 2.96689 -0.16783 -1.38036 6.25053 -0.10525 -4.93922 0.49242 -6.63174 5.63906 15.36379 -9.91953 1.73490 4.97258 -4.95915 -0.00000 0.00000 0.00000 -83.19293 48.65839 5.24323 27.25113 -13.62596 -52.47534 0.00000 8.62760 -0.00000 19.67200 -10.54093 -27.09943 -7.12502 -0.00000 0.00000 -3.02216 2.91395 1.08327 -0.00000 0.00000 0.00000 95.10497 38.63408 -15.58285 -26.86167 -13.14122 51.49983 -0.00000 15.19430 0.00000 -20.45761 14.63243 -34.10515 7.12502 -0.00000 -0.00000 1.43277 -0.57107 -66.72656
0.68897 0.90671 0.18188 2.70751 0.20095 -85.68907 -0.00000 0.00000 -0.00000 -16.89309 -23.13755 -2.55203 -8.51727 44.24300 20.76142 2.13733 -31.48523 -1.29515 -1.85148 -23.23275 -8.98896 -0.00000 0.00000 -0.00000 2.54240 -19.17546 -0.05466 7.86321 42.96170 -19.81310 -0.42518 -20.03252 2.23659 0.37029 10.71199 -3.94804 -0.62662 -5.08690 -0.36226 -2.15262 3.35624 -0.34473 -1.95305 6.34200 -0.15907 -3.26409 -0.26956 -5.01735 5.94515 19.30523 -8.25986 1.53354 6.18598 -4.02291 0.00000 0.00000 0.00000 -83.97393 51.68237 6.82988 28.35250 -15.08964 -55.34006 0.00000 5.43582 -0.00000 17.84891 -8.90022 -25.66282 -7.12502 -0.00000 0.00000 -4.79290 4.32981 2.99968 0.00000 0.00000 0.00000 96.78859 39.28348 -19.37955 -28.11257 -14.75829 54.70141 -0.00000 13.40010 0.00000 -20.69774 13.91720 -32.48051 7.12502 -0.00000 -0.00000 1.62917 -0.59309 -64.99837
0.69248 0.90559 0.19752 2.16311 0.21406 -85.44201 -0.00000 0.00000 -0.00000 -18.09247 -23.77599 -3.27301 -9.50994 46.02439 22.16180 2.18275 -30.65741 -0.92775 -1.76350 -22.71403 -8.76353 -0.00000 0.00000 -0.00000 -1.08495 -23.57251 -0.90596 10.81325 48.11074 -23.94155 0.19579 -8.46462 2.87273 0.79322 15.53932 -5.80868 0.32327 -4.27857 -0.22082 -2.23168 3.99663 -0.23484 -2.55718 6.55509 -0.06095 -1.03085 -0.40758 -3.39123 5.84582 22.40256 -6.55547 1.21756 7.07052 -3.04561 -0.00000 0.00000 -0.00000 -84.12180 54.38090 7.29365 29.40449 -16.63594 -58.25394 0.00000 2.02812 -0.00000 15.66761 -7.12600 -23.85923 -7.12502 -0.00000 0.00000 -6.96369 5.82028 5.29869 -0.00000 0.00000 -0.00000 97.57148 38.76722 -21.55840 -29.25972 -16.41342 57.84088 -0.00000 11.65430 0.00000 -20.39835 12.58072 -30.35912 7.12502 -0.00000 -0.00000 2.52329 -0.79987 -62.57708
0.69700 0.90130 0.21170 1.66782 -0.42871 -86.02773 -0.00000 0.00000 -0.00000 -18.99716 -25.46183 -2.34603 -11.06378 48.48316 24.27709 1.51532 -29.67673 -2.06630 -1.62260 -21.84970 -8.39195 -0.00000 0.00000 -0.00000 -4.23641 -28.87437 1.35955 15.56863 53.98556 -30.04610 -0.06101 2.54842 1.19031 1.35870 20.10150 -7.65484 0.26365 -3.07150 0.23398 -2.58489 4.80810 0.37075 -2.80925 6.75189 0.23738 1.42490 -0.47845 -2.10705 5.92832 24.50360 -5.29497 0.91551 7.70329 -2.22705 0.00000 0.00000 -0.00000 -83.09399 56.80350 6.90868 30.49968 -18.43702 -61.53085 0.00000 -0.72522 0.00000 12.46812 -5.26172 -22.52613 -7.12502 -0.00000 0.00000 -9.91851 7.80190 7.17700 0.00000 0.00000 -0.00000 98.02540 37.16802 -22.16242 -30.34539 -18.16956 61.05112 -0.00000 9.24479 0.00000 -19.41197 11.08015 -28.60659 7.12502 -0.00000 -0.00000 4.02180 -1.11024 -60.40742
0.70115 0.89397 0.22227 0.96242 -1.42405 -86.88487 -0.00000 0.00000 -0.00000 -18.91908 -27.53228 0.77700 -12.76087 50.79897 26.50367 0.44802 -28.47999 -4.12439 -1.63623 -21.93523 -8.42850 -0.00000 0.00000 -0.00000 -5.73173 -33.53489 6.14113 21.76874 59.10630 -37.46681 -0.31059 9.80687 0.27329 1.41590 20.49630 -7.81969 -0.73232 -1.80687 0.97754 -3.39999 5.93814 1.41705 -2.96541 7.27941 0.70500 3.16918 0.07818 -1.25933 7.67482 24.23803 -4.63636 1.25935 7.53519 -1.65628 -0.00000 0.00000 0.00000 -79.50103 59.63668 5.44128 31.75784 -20.82777 -65.73170 0.00000 -3.78609 0.00000 9.07902 -3.50455 -20.93337 -7.12502 -0.00000 0.00000 -13.12264 9.66436 9.24174 -0.00000 0.00000 0.00000 99.12550 35.08360 -21.09886 -31.28145 -19.87413 64.07331 -0.00000 7.00009 0.00000 -18.74519 10.29807 -27.77946 7.12502 -0.00000 -0.00000 4.92738 -1.26362 -59.34833
0.70527 0.88509 0.23055 0.23653 -2.08379 -86.93634 -0.00000 0.00000 -0.00000 -18.26454 -29.57045 3.80637 -14.79027 53.17080 29.07883 -0.68592 -27.53446 -6.50962 -1.39902 -20.38076 -7.77135 -0.00000 0.00000 -0.00000 -5.60401 -36.86732 11.22202 28.13286 62.65961 -44.74571 -0.36962 11.16132 0.11998 1.66042 22.08599 -8.49304 -1.70717 -0.37112 1.44799 -4.15802 6.84232 2.05368 -3.14437 7.44803 0.95933 4.21192 0.18568 -0.62635 9.32576 22.56960 -3.94839 1.70942 6.98614 -1.17516 -0.00000 0.00000 0.00000 -74.99899 62.55024 3.95208 32.95711 -23.58772 -70.43376 0.00000 -7.11243 0.00000 6.88616 -2.50437 -19.89080 -7.12502 -0.00000 0.00000 -15.21226 10.75738 10.53398 -0.00000 0.00000 0.00000 100.68433 33.80995 -19.18502 -32.01058 -21.36221 66.65252 -0.00000 6.59970 0.00000 -18.98320 10.12410 -27.06664 7.12502 -0.00000 -0.00000 4.82279 -1.17283 -58.63611
0.70815 0.87623 0.23921 -0.03708 -2.25311 -86.98406 -0.00000 0.00000 -0.00000 -17.58337 -31.39130 5.93527 -16.67778 55.06850 31.40796 -1.49725 -27.57598 -8.33129 -1.20054 -18.95656 -7.18170 -0.00000 0.00000 -0.00000 -3.53674 -39.04023 17.00578 32.79233 64.56852 -49.94561 0.08077 6.30355 -1.87953 1.69678 22.31013 -8.58927 -2.14764 0.39311 1.61359 -4.33678 7.01097 2.25195 -3.07371 7.18680 1.02746 4.96844 1.48046 -0.19780 8.45945 18.09045 -2.45583 1.52034 5.28172 -0.63843 0.00000 0.00000 -0.00000 -72.62015 64.89825 3.91073 33.78469 -25.95889 -74.39683 0.00000 -9.82678 0.00000 6.17052 -2.46830 -21.71954 -7.12502 -0.00000 0.00000 -15.39926 11.63135 8.79620 0.00000 0.00000 -0.00000 101.40519 34.52556 -17.55497 -32.49990 -22.46323 68.53285 -0.00000 8.69782 0.00000 -20.71360 10.22597 -25.14934 7.12502 -0.00000 -0.00000 3.36799 -0.71391 -56.95401
0.71096 0.86947 0.24734 0.06387 -2.28301 -86.93572 -0.00000 0.00000 -0.00000 -17.58842 -32.43311 6.93572 -17.43895 55.76344 32.33248 -1.89446 -28.60268 -9.26653 -1.24956 -19.32029 -7.33123 -0.00000 0.00000 -0.00000 0.14661 -39.63662 23.60124 33.34686 64.76584 -50.55914 0.01731 -0.69415 -5.10995 1.91805 23.61524 -9.15640 -2.27529 0.82254 1.83744 -4.47445 6.64348 2.53029 -3.13363 6.55592 1.16694 5.13434 4.76834 -0.19488 7.99435 9.86232 -1.10045 1.63184 2.35001 -0.36114 -0.00000 0.00000 0.00000 -69.55454 67.18160 2.47885 34.26184 -27.64113 -77.18788 0.00000 -11.54310 0.00000 5.43948 -2.57631 -25.26959 -7.12502 -0.00000 0.00000 -15.12911 12.95025 5.34483 -0.00000 0.00000 0.00000 101.79788 36.73544 -16.14104 -32.98799 -23.66761 70.56817 -0.00000 10.98880 0.00000 -23.44752 10.06652 -21.94951 7.12502 -0.00000 -0.00000 1.10701 -0.17573 -54.01880
0.71360 0.86936 0.25445 0.39200 -2.23881 -85.86131 -0.00000 0.00000 -0.00000 -19.08152 -32.26092 5.67015 -16.72017 55.10819 31.45965 -1.75684 -29.32839 -9.02534 -1.06054 -17.86849 -6.73851 -0.00000 0.00000 -0.00000 3.98974 -37.56814 29.25157 27.52507 62.37321 -44.06060 -0.83780 -7.05564 -8.00275 2.42709 26.29868 -10.36247 -2.24725 0.99403 1.92866 -4.60118 6.19581 2.64207 -3.28774 5.99196 1.23643 5.61065 7.20588 -0.59630 7.94911 1.66882 -0.51416 1.55824 -0.67653 -0.43551 0.00000 0.00000 -0.00000 -64.66490 69.14396 -1.71524 34.63023 -29.23463 -79.82937 0.00000 -11.91410 0.00000 4.12115 -2.22045 -28.26830 -7.12502 -0.00000 0.00000 -15.39433 14.60920 2.50875 0.00000 0.00000 -0.00000 101.09808 40.56917 -13.92546 -33.55678 -25.25110 73.21870 -0.00000 10.27930 0.00000 -24.74518 8.91133 -18.57703 7.12502 -0.00000 -0.00000 0.34570 -0.03338 -50.51490
0.71568 0.87820 0.26030 0.86531 -1.49683 -84.07912 -0.00000 0.00000 -0.00000 -20.59619 -30.79823 3.12911 -14.43880 52.78679 28.63862 -1.51347 -28.98750 -8.48369 -0.81241 -15.71983 -5.87989 -0.00000 0.00000 -0.00000 8.16379 -32.75260 34.14758 18.01045 56.26151 -33.02172 -2.17866 -12.75416 -10.02197 2.30199 25.67491 -10.07696 -1.63256 0.93715 2.03019 -4.50607 5.81292 2.77052 -3.53173 5.64675 1.34032 6.20671 8.38980 -1.32278 8.06872 -4.98779 -0.68065 1.61367 -3.09646 -0.85789 0.00000 0.00000 -0.00000 -56.60741 70.76049 -10.27666 34.88348 -30.61711 -82.12783 0.00000 -12.39510 0.00000 4.46291 -2.60314 -30.19525 -7.12502 -0.00000 0.00000 -14.56415 14.77896 0.52541 0.00000 0.00000 -0.00000 98.07127 44.94057 -9.44914 -33.97453 -26.59071 75.44617 -0.00000 8.79194 0.00000 -24.45883 7.99679 -17.00615 7.12502 -0.00000 -0.00000 0.87588 -0.05695 -48.71966
0.71640 0.89482 0.26612 1.76617 -0.05583 -81.77859 -0.00000 0.00000 -0.00000 -21.23923 -28.65894 0.98491 -11.21018 48.69689 24.47230 -1.45897 -27.63581 -8.25116 -0.63624 -13.96277 -5.19219 -0.00000 0.00000 -0.00000 12.43794 -27.57387 37.63875 10.27247 47.27660 -23.21034 -3.11551 -16.01104 -10.80432 2.06225 24.41667 -9.51071 -0.51019 0.40957 2.05485 -4.11623 5.06129 2.79956 -3.75768 5.18764 1.41388 6.09564 8.07039 -1.76187 9.04720 -8.50809 -0.94709 2.06182 -4.28546 -1.21311 -0.00000 0.00000 0.00000 -48.55177 71.48650 -20.05805 35.03213 -31.65227 -83.85755 0.00000 -13.68600 0.00000 5.01194 -3.07483 -31.45170 -7.12502 -0.00000 0.00000 -13.75555 14.59107 -0.82093 -0.00000 0.00000 0.00000 93.33756 48.65313 -3.94434 -34.23766 -27.54750 77.03271 -0.00000 7.69524 0.00000 -22.84730 6.63818 -15.34242 7.12502 -0.00000 -0.00000 2.72500 -0.07835 -46.64564
0.71881 0.91704 0.27384 3.18622 1.59385 -73.40241 -0.00000 0.00000 -0.00000 -24.08631 -25.64348 -5.60043 -8.18383 43.60134 20.28075 -1.65364 -23.57586 -8.49270 -0.55482 -13.06113 -4.84372 -0.00000 0.00000 -0.00000 14.77604 -26.31740 33.71895 6.64459 40.30042 -17.97932 -2.94700 -17.71424 -8.13525 2.50994 26.70047 -10.54815 1.06772 -0.59270 0.12251 -3.28537 4.27903 0.18881 -4.00214 4.77191 0.17755 5.54403 8.18395 -2.57288 9.59942 -11.45841 -1.79722 2.21731 -4.78019 -1.81561 0.00000 0.00000 -0.00000 -40.78045 71.42281 -30.49243 35.09500 -32.18762 -84.75615 0.00000 -13.59240 0.00000 6.94245 -4.37283 -32.05372 -7.12502 -0.00000 0.00000 -12.04226 13.09288 -1.71925 0.00000 0.00000 -0.00000 87.75509 50.95820 1.42034 -34.41907 -28.27897 78.24485 -0.00000 7.78974 0.00000 -21.32967 5.28937 -13.28334 7.12502 -0.00000 -0.00000 4.46054 0.06120 -44.21548
0.72233 0.94041 0.27848 4.85552 3.70434 -68.42483 -0.00000 0.00000 -0.00000 -23.89894 -25.70505 -7.13805 -6.28434 39.43393 17.41735 -2.11229 -18.04681 -10.04205 -0.59639 -13.52979 -5.02450 -0.00000 0.00000 -0.00000 20.76849 -32.60632 27.68352 6.18592 39.19004 -17.26200 0.05481 -11.92286 2.39079 2.43120 26.31883 -10.37175 0.79893 -1.49334 -0.62855 -1.73649 3.30889 -0.83379 -2.31556 4.20916 -0.36876 3.40993 6.06310 -3.32703 9.86255 -12.01633 -3.16926 2.74165 -4.49492 -2.38286 0.00000 0.00000 -0.00000 -34.10663 69.41538 -41.35206 35.08482 -32.09502 -84.60049 0.00000 -12.47320 0.00000 9.54504 -6.23650 -32.86421 -7.12502 -0.00000 0.00000 -9.74549 10.98985 -2.98310 0.00000 0.00000 -0.00000 80.37361 52.20555 6.95820 -34.63127 -29.23969 79.83778 -0.00000 5.89242 0.00000 -19.50196 4.48381 -12.44798 7.12502 -0.00000 -0.00000 6.34488 0.20964 -43.11532
0.72997 0.95807 0.28299 6.81078 5.88354 -64.37387 -0.00000 0.00000 -0.00000 -23.66514 -27.69370 -7.17368 -5.51926 37.44927 16.18696 -1.62060 -17.49119 -8.56816 -1.26008 -19.39728 -7.36297 -0.00000 0.00000 -0.00000 26.68898 -39.72554 23.47427 6.65026 40.31373 -17.98809 0.98060 -3.25168 11.96537 2.31397 25.73560 -10.10459 1.29407 -2.11831 -0.79082 -0.66228 1.65245 -1.08540 -1.47817 2.84667 -0.50928 1.29206 4.68094 -4.44062 9.50806 -12.07961 -4.98405 3.10243 -4.14132 -3.11800 -0.00000 0.00000 0.00000 -29.91257 66.87622 -49.60440 35.00917 -31.47485 -83.56040 0.00000 -14.11190 0.00000 11.58424 -8.37037 -35.38083 -7.12502 -0.00000 0.00000 -7.44653 9.28279 -5.98303 -0.00000 0.00000 0.00000 74.17477 52.44007 10.27075 -34.85895 -30.46673 81.87729 -0.00000 1.01251 0.00000 -18.33232 4.66428 -13.78877 7.12502 -0.00000 -0.00000 7.40454 0.07833 -44.39727
0.74266 0.96680 0.28421 7.73832 6.07552 -60.60560 -0.00000 0.00000 -0.00000 -24.19056 -27.51836 -5.06221 -5.55186 37.53824 16.24053 0.89354 -23.96001 -1.92004 -1.19461 -18.91200 -7.16343 -0.00000 0.00000 -0.00000 30.38023 -41.50140 22.71701 6.73593 40.51386 -18.12024 -0.48747 4.48715 13.33858 3.00484 28.93611 -11.60841 1.60462 -1.50522 -0.32202 -1.13879 0.60165 -0.44902 -2.08414 1.43887 -0.20475 0.95537 4.19649 -6.03768 8.32310 -12.46743 -7.28947 2.98229 -4.08305 -4.16389 -0.00000 0.00000 0.00000 -23.27258 63.72961 -58.59574 34.85303 -30.43110 -81.81793 0.00000 -16.48330 0.00000 13.73493 -10.59073 -36.94149 -7.12502 -0.00000 0.00000 -5.36869 7.18859 -8.09353 -0.00000 0.00000 0.00000 68.89721 50.87840 13.34289 -35.01952 -31.55386 83.69268 -0.00000 -4.39354 -0.00000 -18.96502 5.69799 -16.11491 7.12502 -0.00000 -0.00000 6.55588 -0.22224 -46.93307
0.75715 0.96579 0.28129 7.86214 4.16261 -55.98985 -0.00000 0.00000 -0.00000 -24.24286 -25.06344 0.34273 -6.03520 38.81030 17.02251 1.37682 -25.68962 -1.17937 -1.13862 -18.48480 -6.98880 -0.00000 0.00000 -0.00000 31.15864 -39.65023 23.61669 6.76736 40.58673 -18.16858 -1.45294 8.93415 11.37917 3.74024 31.83745 -13.06173 0.72538 -0.59242 -0.14088 -2.47737 1.12649 -0.17834 -2.95658 1.47707 -0.07127 0.48427 3.42347 -7.43393 7.70083 -13.46964 -9.28437 3.04518 -4.15741 -5.10229 0.00000 0.00000 -0.00000 -17.39758 58.07207 -66.34275 34.53390 -28.78210 -79.07881 0.00000 -17.73110 0.00000 15.40545 -11.46737 -35.81069 -7.12502 -0.00000 0.00000 -4.38926 5.69757 -7.29031 0.00000 0.00000 -0.00000 60.69934 47.63467 20.31966 -35.05344 -31.82482 84.14685 -0.00000 -8.22606 -0.00000 -20.83705 7.59445 -19.14894 7.12502 -0.00000 -0.00000 4.27344 -0.40988 -50.46851
0.77100 0.95483 0.27747 7.23866 2.27791 -49.04784 -0.00000 0.00000 -0.00000 -23.31367 -20.25521 2.54070 -7.31064 41.80282 18.99340 0.43913 -24.64126 -3.28679 -1.37881 -20.24137 -7.71314 -0.00000 0.00000 -0.00000 30.25831 -37.30133 23.64664 6.93480 40.97019 -18.42495 -1.74045 10.70914 10.20163 3.74561 31.85713 -13.07192 0.83877 -0.01021 -0.69233 -3.84057 1.69938 -0.90735 -4.45866 1.67633 -0.42415 0.53893 4.72006 -8.79413 6.89276 -14.24652 -11.15114 3.07357 -4.54519 -5.99441 -0.00000 0.00000 0.00000 -12.53650 53.06773 -73.10531 33.97534 -26.59351 -75.45083 0.00000 -18.31060 0.00000 16.21359 -11.65058 -34.77904 -7.12502 -0.00000 0.00000 -4.02746 5.05726 -6.38485 -0.00000 0.00000 0.00000 53.52506 42.88565 25.97327 -34.96444 -31.15009 83.01726 -0.00000 -10.38720 -0.00000 -21.05679 8.60910 -21.24657 7.12502 -0.00000 -0.00000 3.72280 -0.50933 -52.77955
0.78083 0.93449 0.27474 5.95841 0.81265 -41.04332 -0.00000 0.00000 -0.00000 -19.52655 -15.12333 3.95034 -9.66555 46.28762 22.37757 0.14261 -23.97737 -3.91548 -1.05115 -17.79262 -6.70782 -0.00000 0.00000 -0.00000 28.69952 -35.19326 22.53526 7.22030 41.60611 -18.85761 -1.93981 12.08295 9.40564 6.10125 38.97765 -17.12769 1.05626 -0.64196 -1.80120 -4.19018 2.31850 -2.36671 -5.05068 2.52436 -1.12801 -0.42782 6.06757 -9.79270 5.99826 -13.30854 -12.67091 3.11253 -4.38533 -6.61947 -0.00000 0.00000 0.00000 -9.78383 48.34832 -79.03827 32.99501 -23.68586 -70.59887 0.00000 -19.46270 0.00000 16.89308 -12.17760 -34.78367 -7.12502 -0.00000 0.00000 -3.50568 4.42639 -6.55833 -0.00000 0.00000 0.00000 45.76746 38.48940 30.45787 -34.66596 -29.41089 80.12190 -0.00000 -11.62720 -0.00000 -21.35886 9.20315 -22.24316 7.12502 -0.00000 -0.00000 3.23748 -0.50883 -53.92252
0.78545 0.91055 0.27203 4.80967 -0.85564 -32.85413 -0.00000 0.00000 -0.00000 -13.30229 -10.26449 5.75757 -12.28868 50.18843 25.89169 0.90692 -23.49302 -1.75143 -0.80442 -15.64496 -5.85033 -0.00000 0.00000 -0.00000 25.79549 -33.63568 19.63563 8.00801 43.25342 -20.02499 0.20204 1.11508 12.07208 5.47960 37.34051 -16.12166 0.69777 -2.02526 -2.54782 -4.77842 2.65907 -3.31292 -5.63044 3.55105 -1.57932 -0.32111 7.45459 -11.13429 4.94944 -10.67342 -14.55921 2.83641 -3.79089 -7.46833 -0.00000 0.00000 -0.00000 -4.49720 44.95761 -86.63274 31.70417 -20.71696 -65.54004 0.00000 -21.32410 0.00000 17.93066 -12.26547 -33.28611 -7.12502 -0.00000 0.00000 -3.06076 3.68021 -5.20410 -0.00000 0.00000 -0.00000 41.91168 34.65112 30.72822 -34.01845 -26.74329 75.69934 -0.00000 -10.43320 -0.00000 -18.59939 8.09126 -22.69690 7.12502 -0.00000 -0.00000 6.04833 -0.94698 -53.86557
0.79073 0.89160 0.26784 4.06088 -1.82318 -27.58465 -0.00000 0.00000 -0.00000 -6.22487 -6.61299 7.97911 -13.65567 51.89231 27.64941 0.77520 -21.18195 -1.46358 -0.71264 -14.75373 -5.50028 -0.00000 0.00000 -0.00000 23.62085 -34.37257 16.42626 9.10370 45.31744 -21.59392 1.67425 -6.25411 13.27189 3.74194 31.84368 -13.06495 0.98948 -2.36751 -2.13907 -5.67938 2.31029 -2.75866 -6.71122 3.38676 -1.29331 1.36219 8.59525 -12.78528 3.83621 -8.00745 -16.66182 2.53244 -3.63496 -8.47654 -0.00000 0.00000 -0.00000 2.18004 43.41272 -93.82391 30.75348 -18.88796 -62.33481 0.00000 -19.60830 0.00000 17.95489 -9.89635 -27.94016 -7.12502 -0.00000 0.00000 -4.23029 4.16202 0.54337 -0.00000 0.00000 -0.00000 44.80493 33.43847 25.29064 -33.52780 -25.16453 73.07438 -0.00000 -6.81864 -0.00000 -14.99893 6.84340 -23.97616 7.12502 -0.00000 -0.00000 9.62743 -1.62574 -54.49488
0.80419 0.88739 0.25839 4.14181 -0.98660 -25.99944 -0.00000 0.00000 -0.00000 -2.12849 -5.05729 8.62954 -13.19681 51.34164 27.06405 -0.46259 -15.84163 -4.58094 -2.01503 -24.15814 -9.39589 -0.00000 0.00000 -0.00000 22.80268 -37.23731 15.43633 9.44062 45.90582 -22.06539 1.50035 -5.48346 13.00655 3.40765 30.57939 -12.41991 1.98471 -1.93659 -1.34726 -5.98810 1.87358 -1.74666 -7.50002 2.78002 -0.78238 1.04038 8.66311 -13.83412 4.33093 -7.83963 -18.07306 2.84453 -3.43730 -9.19214 0.00000 0.00000 -0.00000 4.84254 45.11141 -95.09930 31.01960 -19.37650 -63.19927 0.00000 -12.59570 0.00000 13.54299 -6.40721 -24.85784 -7.12502 -0.00000 0.00000 -8.51211 7.31634 4.60648 0.00000 0.00000 -0.00000 52.03326 34.49995 17.78337 -33.72600 -25.77175 74.08564 -0.00000 -4.46876 -0.00000 -15.53327 6.94677 -23.51579 7.12502 -0.00000 -0.00000 9.13569 -1.47980 -54.12307
0.82006 0.89846 0.24201 7.35600 -0.00087 -25.02620 -0.00000 0.00000 -0.00000 -5.65033 -4.59298 4.89761 -11.11248 48.55458 24.34211 -1.02528 -9.33031 -7.70731 -3.98339 -32.70790 -13.51710 -0.00000 0.00000 -0.00000 19.28028 -39.52065 15.61351 7.86199 42.95922 -19.81132 0.70150 -2.34118 10.73994 3.55102 31.13182 -12.69944 -1.03080 -1.69122 -1.20468 -6.11906 1.93154 -1.46321 -5.87364 2.80945 -0.70187 0.29296 9.47961 -14.35779 4.73987 -11.20052 -18.81522 3.26827 -4.04339 -9.58043 -0.00000 0.00000 -0.00000 2.58209 51.93370 -89.90075 32.38392 -22.19359 -68.07427 0.00000 -8.10829 0.00000 9.42854 -4.59058 -25.73233 -7.12502 -0.00000 0.00000 -11.71416 10.25852 4.34088 -0.00000 0.00000 -0.00000 61.91311 37.15809 10.41348 -34.16310 -27.26531 76.56500 -0.00000 -4.69302 -0.00000 -14.83751 5.90052 -21.20922 7.12502 -0.00000 -0.00000 10.18627 -1.19162 -51.60199
0.84128 0.91737 0.22261 9.59868 3.42561 -25.67490 -0.00000 0.00000 -0.00000 -9.37580 -5.82148 -0.02414 -8.51550 44.23966 20.75889 -1.68268 -6.21542 -13.35720 -5.98741 -38.68826 -16.94614 -0.00000 0.00000 -0.00000 19.81388 -40.58521 20.57162 5.51451 37.43627 -16.17914 0.03042 0.27384 4.13803 3.92757 32.51151 -13.41352 -1.30430 -1.85802 -1.14413 -5.48325 1.77394 -1.38259 -5.03750 2.76715 -0.67258 0.21665 8.99198 -14.38959 3.72691 -14.23621 -19.06965 3.28547 -4.93852 -9.61909 -0.00000 0.00000 -0.00000 -5.73497 61.71508 -77.55570 33.66941 -25.59460 -73.79086 0.00000 -11.78050 0.00000 8.52162 -4.05443 -25.26141 -7.12502 -0.00000 0.00000 -12.58050 10.81331 4.94757 -0.00000 0.00000 -0.00000 73.83485 41.02394 2.10804 -34.48419 -28.55989 78.71044 -0.00000 -7.37269 -0.00000 -12.78683 4.54934 -19.26397 7.12502 -0.00000 -0.00000 12.51854 -0.95048 -49.27265
0.86232 0.93055 0.20003 14.04758 7.35199 -28.33359 -0.00000 0.00000 -0.00000 -14.84167 -9.52605 -4.21054 -6.28850 39.44415 17.42388 -2.46245 -3.88926 -20.60365 -4.67336 -34.98336 -14.75564 -0.00000 0.00000 -0.00000 21.36560 -44.22456 29.06237 4.85344 35.53554 -15.06759 -0.11563 -2.73946 -2.73363 3.73821 31.83004 -13.05789 -4.16917 -3.22186 -0.90433 -5.02561 1.37292 -0.90275 -2.93516 3.21194 -0.49622 -0.92368 6.58867 -14.18805 3.78729 -15.31537 -19.02840 3.34249 -4.80137 -9.55950 -0.00000 0.00000 0.00000 -27.87778 69.83966 -51.85380 34.43095 -28.32940 -78.32842 0.00000 -17.92240 0.00000 6.56294 -2.77851 -22.84786 -7.12502 -0.00000 0.00000 -14.80090 11.64365 7.62650 -0.00000 0.00000 0.00000 86.87081 42.89258 -7.38562 -34.64915 -29.32732 79.98319 -0.00000 -6.88830 -0.00000 -9.68534 2.84422 -16.21128 7.12502 -0.00000 -0.00000 15.89496 -0.22454 -45.78845
0.88622 0.93246 0.17725 16.26896 9.67855 -31.36369 -0.00000 0.00000 -0.00000 -18.27580 -10.84902 -7.10256 -4.54303 34.57359 14.52715 -2.32573 -1.69939 -23.78656 -3.41729 -30.61701 -12.43884 -0.00000 0.00000 -0.00000 23.82863 -51.07319 26.64256 6.59438 40.18205 -17.90161 0.10520 -1.81656 3.11523 2.78093 27.95739 -11.13838 -5.27474 -3.20879 -0.54003 -4.19475 1.67435 -0.36653 -1.41457 3.54192 -0.26670 -2.49221 5.37084 -13.78209 4.35874 -17.12649 -18.67048 3.78132 -4.97858 -9.33813 0.00000 0.00000 -0.00000 -62.95820 71.48925 -13.49039 34.93234 -30.93131 -82.65189 0.00000 -21.19900 0.00000 4.45295 -1.76854 -21.61834 -7.12502 -0.00000 0.00000 -16.86797 12.68608 9.08514 0.00000 0.00000 -0.00000 98.37013 42.94490 -16.84684 -34.81674 -30.21794 81.46308 -0.00000 -5.84176 -0.00000 -6.40869 1.33850 -11.74816 7.12502 -0.00000 -0.00000 19.26089 1.35960 -41.11541
0.91341 0.92358 0.15188 16.00675 10.44168 -35.80862 -0.00000 0.00000 -0.00000 -19.25988 -10.17109 -8.12090 -3.65518 31.52347 12.89978 -3.32586 -5.99986 -21.70452 -3.11677 -29.40711 -11.83806 -0.00000 0.00000 -0.00000 29.57729 -54.92071 26.90343 12.52570 50.49793 -26.19955 0.23109 0.05500 9.18733 2.37123 26.02279 -10.23578 -5.37558 -1.22598 0.11502 -2.85651 2.37405 0.35747 0.09205 3.12460 0.07550 -3.87638 4.29959 -12.96101 4.70799 -19.03373 -17.73734 4.10934 -5.30147 -8.81549 0.00000 0.00000 -0.00000 -89.45021 66.52961 15.63940 35.20972 -33.52856 -87.02276 0.00000 -21.64010 0.00000 3.39809 -1.35290 -21.68427 -7.12502 -0.00000 0.00000 -17.73730 13.37241 9.13047 0.00000 0.00000 -0.00000 105.86953 43.16841 -24.77606 -35.03881 -31.70547 83.94671 -0.00000 -5.16298 -0.00000 1.79506 -0.27465 -8.69600 7.12502 -0.00000 -0.00000 27.08552 3.78199 -37.65067
0.94066 0.90681 0.12526 15.34362 9.91154 -38.84478 -0.00000 0.00000 -0.00000 -20.08900 -10.12799 -6.39101 -3.64980 31.50341 12.88947 -5.48425 -16.88734 -20.03476 -1.82055 -23.05211 -8.91024 -0.00000 0.00000 -0.00000 33.60446 -57.84190 27.81318 30.47635 63.67913 -47.37172 0.59298 -3.66839 7.97508 1.49900 21.05360 -8.05397 -5.90896 1.48045 0.12930 -2.16011 2.93665 0.17695 1.09301 2.18700 -0.02528 -4.50250 4.16859 -12.07242 5.65024 -20.80109 -16.52889 4.54803 -5.77458 -8.24883 0.00000 0.00000 -0.00000 -102.35398 59.47668 31.43092 35.24557 -36.26612 -91.74637 0.00000 -21.42810 0.00000 1.88590 -0.73634 -21.32038 -7.12502 -0.00000 0.00000 -19.09503 14.22226 9.63696 0.00000 0.00000 -0.00000 111.19116 43.30235 -32.16214 -35.23073 -33.90516 87.66408 -0.00000 -2.81851 -0.00000 10.20594 -1.27388 -7.03952 7.12502 -0.00000 -0.00000 34.86015 6.56493 -35.67914
0.96070 0.88910 0.09902 15.97216 9.68530 -39.99751 -0.00000 0.00000 -0.00000 -20.62525 -13.91749 -2.28660 -4.11654 33.16842 13.76199 -7.18033 -27.17161 -20.24031 -2.42392 -26.28315 -10.35532 -0.00000 0.00000 -0.00000 34.58212 -61.51748 27.01425 70.97608 69.99697 -91.03873 0.72699 -6.08698 7.28053 0.52614 12.72682 -4.71522 -8.09101 2.07620 -0.49320 -1.65615 2.88476 -0.72630 2.80853 1.90470 -0.51718 -4.88376 5.63840 -11.49718 6.58442 -23.54291 -15.81824 5.25348 -6.80689 -7.92189 0.00000 0.00000 -0.00000 -107.60197 54.85811 39.43292 35.02287 -38.78884 -96.26399 0.00000 -22.21910 0.00000 1.51047 -0.59351 -21.44648 -7.12502 -0.00000 0.00000 -19.37751 14.50215 9.54961 0.00000 0.00000 -0.00000 113.41353 41.98902 -37.11114 -35.25335 -36.03271 91.33734 -0.00000 -0.58178 -0.00000 12.64206 -1.44644 -6.42108 7.12502 -0.00000 -0.00000 37.03714 7.63059 -35.01957
0.97473 0.88191 0.07821 15.70165 10.22539 -39.21801 -0.00000 0.00000 -0.00000 -20.06071 -16.92912 -1.74213 -4.65009 34.91084 14.71502 -8.20634 -31.69961 -21.22914 -2.61259 -27.18659 -10.77470 -0.00000 0.00000 -0.00000 29.58817 -62.95614 19.28662 103.06360 65.91404 -125.49157 0.93114 -3.11977 11.73132 0.89369 16.45958 -6.17316 -7.79536 1.54307 -1.37186 -1.62948 2.66740 -1.84859 2.63926 2.08980 -1.06945 -4.64233 6.72336 -11.56139 7.32932 -24.85083 -15.84616 5.70687 -7.34598 -8.00974 -0.00000 0.00000 -0.00000 -105.99964 55.79170 40.88184 34.71295 -40.51472 -99.48011 0.00000 -23.47170 0.00000 2.89708 -1.15166 -21.66098 -7.12502 -0.00000 0.00000 -18.16302 13.68437 9.20427 -0.00000 0.00000 -0.00000 113.07549 39.38257 -38.30682 -35.18114 -37.35585 93.67470 -0.00000 -0.12540 -0.00000 11.02240 -1.33111 -6.80096 7.12502 -0.00000 -0.00000 35.58955 6.92971 -35.43053
0.98243 0.88672 0.05976 15.03287 10.10988 -40.30269 -0.00000 0.00000 -0.00000 -19.41785 -18.25223 -2.71094 -5.09885 36.26336 15.48610 -6.92905 -31.46121 -18.99188 -2.83060 -28.17890 -11.24394 -0.00000 0.00000 -0.00000 25.97344 -59.35047 13.60429 114.60248 61.29054 -138.35259 0.46925 1.20939 16.50459 2.00801 24.11939 -9.37872 -7.46395 0.94110 -1.24515 -2.30266 2.33882 -1.63415 1.75934 2.03239 -0.94073 -3.48449 7.70609 -11.98331 8.33102 -24.56124 -16.05330 5.92400 -7.38894 -8.31416 0.00000 0.00000 -0.00000 -97.22741 61.00498 34.51326 34.49771 -41.40599 -101.19048 0.00000 -23.22740 0.00000 3.76906 -1.58882 -22.82532 -7.12502 -0.00000 0.00000 -17.14240 13.45669 7.96729 0.00000 0.00000 -0.00000 111.33845 37.10182 -37.32279 -35.08634 -38.30186 95.37660 -0.00000 0.36461 0.00000 7.29017 -0.94437 -7.34122 7.12502 -0.00000 -0.00000 32.17044 5.64497 -36.11217
0.98497 0.90271 0.04442 13.70758 10.12799 -43.83520 -0.00000 0.00000 -0.00000 -17.57683 -18.25691 -2.63380 -5.16356 36.45077 15.59526 -4.07137 -28.66622 -13.80430 -3.32419 -30.25029 -12.25504 -0.00000 0.00000 -0.00000 27.93105 -52.31545 13.76540 116.21646 60.37675 -140.20082 0.28640 2.32867 18.32616 2.87216 28.36228 -11.33169 -6.31015 0.02770 -0.37911 -3.11220 1.94031 -0.42118 0.31664 2.00832 -0.30298 -2.21434 7.42121 -12.28126 9.38575 -22.72223 -15.99702 5.79626 -6.77224 -8.51058 -0.00000 0.00000 -0.00000 -80.67427 66.12186 18.73851 34.43856 -41.62557 -101.61767 0.00000 -23.01770 0.00000 4.23060 -1.94912 -24.69270 -7.12502 -0.00000 0.00000 -16.27910 13.64610 6.06557 -0.00000 0.00000 -0.00000 107.71134 37.51989 -34.43526 -35.01851 -38.81965 96.32042 -0.00000 -0.55540 -0.00000 3.23082 -0.43817 -7.71534 7.12502 -0.00000 -0.00000 28.38006 4.52783 -36.68654
0.98521 0.92437 0.03016 11.78604 11.16104 -47.35347 -0.00000 0.00000 -0.00000 -14.95137 -18.58889 -3.02017 -5.42956 37.20236 16.03903 -0.93021 -24.39170 -6.72391 -3.66903 -31.57494 -12.92625 -0.00000 0.00000 -0.00000 31.36134 -45.09521 15.40292 110.15975 63.41504 -133.33877 0.92043 -0.37316 16.85444 3.17851 29.66199 -11.96330 -3.75826 -0.14091 0.13055 -3.45483 1.30876 0.21732 -1.43449 1.42237 0.07265 -1.54690 6.11854 -12.09211 10.55672 -20.16548 -15.43159 5.57466 -5.78460 -8.37921 0.00000 0.00000 -0.00000 -61.15002 68.10090 -1.72364 34.54565 -41.22096 -100.83234 0.00000 -23.53540 0.00000 6.33074 -3.24710 -27.04648 -7.12502 -0.00000 0.00000 -13.92831 12.69879 3.44637 0.00000 0.00000 -0.00000 100.77487 40.13595 -28.78158 -35.02224 -38.79331 96.27218 -0.00000 -2.34136 -0.00000 -1.17563 0.15666 -7.58914 7.12502 -0.00000 -0.00000 24.19047 3.69250 -36.84144
0.98271 0.94425 0.01487 11.07935 12.13082 -51.12776 -0.00000 0.00000 -0.00000 -13.43468 -20.65155 -3.14084 -6.19777 39.21956 17.28074 1.54131 -21.80014 0.64307 -3.98240 -32.70443 -13.51527 -0.00000 0.00000 -0.00000 33.41980 -39.54795 18.55480 92.21944 68.31799 -113.72981 1.46805 -4.44268 13.98937 3.27422 30.05053 -12.15555 -2.54531 -0.33016 0.27699 -3.60766 0.83824 0.39215 -2.26723 1.05303 0.17762 -0.89060 3.82702 -11.54510 11.33844 -18.19021 -14.58670 5.21990 -4.90134 -8.02808 -0.00000 0.00000 -0.00000 -43.24457 66.74676 -21.53431 34.76825 -40.25562 -98.98961 0.00000 -23.25430 0.00000 9.75564 -5.47381 -29.02211 -7.12502 -0.00000 0.00000 -10.61382 10.45123 0.93146 -0.00000 0.00000 -0.00000 90.04635 43.04679 -18.98907 -35.12548 -37.95423 94.74794 -0.00000 -4.90869 -0.00000 -5.24350 0.68739 -7.44768 7.12502 -0.00000 -0.00000 20.30539 2.99892 -36.95225
0.98205 0.95218 0.00124 12.10620 11.37581 -56.19522 -0.00000 0.00000 -0.00000 -15.65930 -21.33610 -5.39126 -6.53591 40.04324 17.81085 2.94452 -23.34963 4.07242 -3.76542 -31.92944 -13.10940 -0.00000 0.00000 -0.00000 31.17204 -36.04821 21.38708 57.88730 69.52443 -77.09695 1.86514 -9.38458 11.88675 2.91057 28.53023 -11.41234 -2.48502 -0.46857 0.59542 -4.39194 0.53767 0.79942 -3.10575 0.84318 0.37896 -0.64784 2.12282 -10.70663 12.16292 -17.82402 -13.40074 5.15686 -4.58915 -7.50452 0.00000 0.00000 -0.00000 -29.88941 62.84915 -36.74902 35.03270 -38.71825 -96.13486 0.00000 -21.89870 0.00000 13.51479 -8.24713 -30.82894 -7.12502 -0.00000 0.00000 -7.12372 7.59744 -1.61141 0.00000 0.00000 -0.00000 77.56915 44.14134 -6.55660 -35.24576 -36.26113 91.73759 -0.00000 -7.46837 -0.00000 -7.98926 1.10004 -7.78902 7.12502 -0.00000 -0.00000 17.68699 2.42428 -37.44414
0.98184 0.94697 -0.00726 13.52709 9.72992 -62.03096 -0.00000 0.00000 -0.00000 -19.91721 -19.22344 -10.32041 -5.68816 37.90567 16.46329 -0.97690 -25.38476 -6.93569 -4.01800 -32.82867 -13.58105 -0.00000 0.00000 -0.00000 26.57688 -34.71917 22.12587 27.15011 62.19166 -43.63704 2.03871 -16.28743 10.09892 2.92558 28.59544 -11.44373 -1.71851 -0.72500 1.11490 -5.14707 0.44283 1.48338 -4.30847 0.95464 0.72233 -1.20266 0.49905 -9.69437 12.28106 -17.96720 -12.09731 5.07000 -4.44375 -6.82784 0.00000 0.00000 0.00000 -21.47414 56.82125 -47.52031 35.24788 -36.20315 -91.63588 0.00000 -20.28810 0.00000 16.37863 -10.39738 -31.55176 -7.12502 -0.00000 0.00000 -4.67502 5.20628 -2.97496 0.00000 0.00000 0.00000 64.42669 43.16913 6.90198 -35.22163 -33.73082 87.36691 -0.00000 -9.07471 -0.00000 -10.19014 1.58577 -8.75218 7.12502 -0.00000 -0.00000 15.58104 1.81326 -38.52610
0.97940 0.93421 -0.01292 14.66130 8.31012 -69.47360 -0.00000 0.00000 -0.00000 -23.01787 -16.06195 -13.97727 -4.73818 35.18395 14.86842 -5.94394 -24.68666 -18.30733 -1.60527 -21.74028 -8.34526 -0.00000 0.00000 -0.00000 23.10437 -36.60482 21.15159 13.34390 51.52039 -27.25218 1.40960 -22.33981 7.82976 3.63421 31.44524 -12.85961 -0.25864 -1.30501 1.87222 -5.16943 0.22787 2.49295 -5.12361 1.18578 1.24024 -1.51032 -1.07119 -8.26197 10.42216 -17.38345 -10.41508 4.28096 -4.26463 -5.82282 0.00000 0.00000 -0.00000 -18.25538 49.85223 -53.02564 35.15787 -32.83243 -85.84301 0.00000 -17.95670 0.00000 18.31831 -11.05002 -30.06757 -7.12502 -0.00000 0.00000 -3.48029 3.71626 -1.82280 0.00000 0.00000 -0.00000 50.56167 41.06296 21.18710 -34.86737 -30.51782 81.96239 -0.00000 -9.93356 -0.00000 -10.71579 2.05610 -10.73545 7.12502 -0.00000 -0.00000 15.06078 1.20895 -40.51672
0.97638 0.92064 -0.02019 14.85129 6.57966 -78.76788 -0.00000 0.00000 -0.00000 -23.60339 -14.04843 -9.92500 -4.08780 33.06993 13.70938 -2.67999 -31.87500 -11.03606 -0.63212 -13.91869 -5.17509 -0.00000 0.00000 -0.00000 22.33418 -40.03439 20.44641 8.10038 43.43707 -20.15957 0.48843 -24.32881 5.60275 3.78804 32.01171 -13.15212 0.09720 -1.34166 2.76247 -4.33094 0.20361 3.68372 -4.41010 1.24960 1.84251 -2.04701 -1.13826 -6.19555 8.33971 -16.95198 -7.84418 3.51939 -4.39402 -4.38798 0.00000 0.00000 -0.00000 -17.88805 43.68285 -54.39664 34.66803 -29.42124 -80.13907 0.00000 -15.97540 0.00000 19.25178 -10.02942 -26.50316 -7.12502 -0.00000 0.00000 -3.48083 3.27255 1.81720 0.00000 0.00000 -0.00000 36.55059 38.04958 37.27614 -33.87185 -26.24369 74.87005 -0.00000 -9.35651 -0.00000 -9.22559 2.09307 -12.67291 7.12502 -0.00000 -0.00000 16.48632 0.80665 -42.27656
0.97428 0.91021 -0.03203 14.42909 3.62993 -86.70903 -0.00000 0.00000 -0.00000 -23.78968 -14.29227 -1.96248 -3.62821 31.42279 12.84810 -2.60736 -35.26649 -11.12564 -0.47149 -12.06169 -4.46062 -0.00000 0.00000 -0.00000 22.06246 -43.24551 20.59774 6.75830 40.56574 -18.15465 -1.36952 -24.56841 0.83722 4.24490 33.60220 -13.99525 -2.31109 -0.21969 3.02945 -3.58011 0.39395 4.02008 -2.33429 0.62334 1.98859 -2.70547 -0.12778 -4.02326 7.58400 -17.14297 -4.97582 3.22279 -4.80807 -2.91149 0.00000 0.00000 0.00000 -16.62816 41.15270 -51.97097 34.36800 -28.06593 -77.89181 0.00000 -15.83080 0.00000 20.74671 -8.84189 -22.08615 -7.12502 -0.00000 0.00000 -3.08147 2.47171 6.30184 0.00000 0.00000 0.00000 30.70390 35.96962 49.61093 -32.39135 -22.21071 68.10342 -0.00000 -4.66896 -0.00000 -6.93769 1.89125 -15.17485 7.12502 -0.00000 -0.00000 18.68748 0.18847 -44.44281
0.96962 0.90591 -0.04411 14.77007 1.22104 -90.52295 -0.00000 0.00000 -0.00000 -24.94694 -16.78606 -0.80480 -4.68368 35.01544 14.77364 -1.63718 -35.18031 -9.37859 -0.56616 -13.19081 -4.89367 -0.00000 0.00000 -0.00000 20.72528 -47.47518 17.73202 7.93766 43.11229 -19.92219 -2.39408 -24.14916 -2.10087 4.74538 35.20611 -14.88092 -3.61987 0.67334 2.44957 -3.86739 0.74328 3.19060 -1.93857 0.40777 1.55800 -1.98535 -0.44396 -2.42041 8.12415 -17.98985 -2.69595 3.09048 -5.15557 -1.91798 0.00000 0.00000 -0.00000 -14.43908 43.57332 -47.22801 34.67999 -29.48144 -80.23902 0.00000 -16.91320 0.00000 21.14271 -9.20823 -22.47931 -7.12502 -0.00000 0.00000 -2.68527 2.19207 5.80156 0.00000 0.00000 -0.00000 39.16282 38.47901 50.89624 -32.28097 -21.95895 67.67424 -0.00000 5.52137 0.00000 -6.91429 1.91274 -15.38904 7.12502 -0.00000 -0.00000 18.70433 0.12016 -44.64509
0.95963 0.90500 -0.05119 15.49698 2.83489 -93.43323 -0.00000 0.00000 -0.00000 -21.97647 -24.86641 -3.29034 -10.61702 47.81293 23.67732 -1.18421 -26.64788 -7.54520 -0.90262 -16.53852 -6.20460 -0.00000 0.00000 -0.00000 23.75147 -49.46973 16.91679 10.75554 48.02371 -23.86396 -1.23057 -20.90165 -0.02994 4.15367 33.29491 -13.82974 -0.45713 1.17152 1.96474 -2.66177 1.33087 2.59577 -2.46166 0.81056 1.29345 -1.10270 -0.81037 -1.29551 7.66558 -19.57120 -1.20468 2.68649 -5.68854 -1.29708 0.00000 0.00000 -0.00000 -17.84030 50.54424 -41.47797 35.06604 -31.93079 -84.32466 0.00000 -18.26000 0.00000 18.84195 -9.36239 -25.48807 -7.12502 -0.00000 0.00000 -4.01672 3.62589 2.99326 0.00000 0.00000 -0.00000 49.76526 45.06795 44.51033 -33.35248 -24.65560 72.22469 -0.00000 7.06095 0.00000 -7.90950 1.91672 -13.53608 7.12502 -0.00000 -0.00000 17.76556 0.64832 -42.97743
0.94607 0.90248 -0.06087 14.85783 5.35598 -95.12413 -0.00000 0.00000 -0.00000 -16.87245 -34.77654 -7.14408 -26.60930 61.92303 43.02486 -0.82735 -5.46523 -8.43852 -0.42783 -11.50025 -4.24677 -0.00000 0.00000 -0.00000 27.66175 -45.91856 20.39984 14.36095 52.70032 -28.54082 0.84547 -16.05521 6.00077 3.45245 30.75372 -12.50774 1.46210 3.07514 1.67868 -0.24729 2.39521 2.23049 -1.09290 0.79985 1.11883 -0.24977 -2.20248 -0.76820 5.98791 -19.08156 -0.77934 1.95730 -5.34337 -1.02129 -0.00000 0.00000 0.00000 -25.02743 59.89365 -36.65323 35.20583 -33.46715 -86.91839 0.00000 -18.38100 0.00000 16.71435 -8.87171 -27.18426 -7.12502 -0.00000 0.00000 -5.39645 5.12498 1.60091 -0.00000 0.00000 0.00000 60.63618 51.61364 31.48916 -34.34998 -27.99217 77.76959 -0.00000 -0.33729 -0.00000 -6.11883 1.40501 -12.88330 7.12502 -0.00000 -0.00000 19.54072 1.00629 -42.16718
0.92726 0.89767 -0.07213 13.72453 7.07624 -96.14849 -0.00000 0.00000 -0.00000 -12.28420 -42.90549 -12.22457 -51.98040 68.92061 70.78006 1.82438 9.46871 -14.47567 -0.00655 1.43584 0.52272 -0.00000 0.00000 -0.00000 29.24804 -38.71487 24.09547 15.52795 53.94415 -29.99580 2.47550 -11.09119 13.54071 2.09210 24.57819 -9.58270 2.81504 4.39499 1.32307 1.19829 3.50288 1.74915 -0.36880 1.18709 0.87314 1.66538 -1.13461 -0.44759 4.98576 -20.16066 -0.39678 1.29153 -5.89668 -0.96600 -0.00000 0.00000 -0.00000 -37.07456 68.52968 -27.53758 35.25012 -34.38188 -88.47939 0.00000 -16.44000 0.00000 10.89321 -5.93094 -28.23249 -7.12502 -0.00000 0.00000 -9.89078 9.50540 1.55587 -0.00000 0.00000 -0.00000 76.88370 55.54080 11.95521 -34.94402 -31.00968 82.78272 -0.00000 -4.38784 -0.00000 -3.24111 0.61969 -10.81267 7.12502 -0.00000 -0.00000 22.33484 2.07715 -39.95830
0.90230 0.88517 -0.08026 12.56137 7.09624 -95.48509 -0.00000 0.00000 -0.00000 -13.15832 -48.22161 -22.26165 -79.91663 69.68338 100.56013 1.33061 7.75256 -14.18891 -0.21189 -8.13058 -2.98066 -0.00000 0.00000 -0.00000 26.57087 -32.42587 22.37357 13.23121 51.38364 -27.10809 5.62935 -16.59320 20.57162 0.67086 14.32724 -5.33387 4.48817 4.31529 0.29047 1.53410 4.17418 0.36232 -0.93866 1.90491 0.21666 2.85986 0.52716 -0.01657 5.20382 -21.43123 0.39687 1.07251 -6.61119 -0.76748 -0.00000 0.00000 0.00000 -65.05048 74.17851 -3.30605 35.26427 -35.18528 -89.86304 0.00000 -10.68550 0.00000 2.00602 -1.11273 -29.00542 -7.12502 -0.00000 0.00000 -16.88741 16.42805 2.02876 -0.00000 0.00000 0.00000 95.69152 53.84219 -10.37586 -35.17670 -33.06038 86.22855 -0.00000 -3.07117 -0.00000 -0.48226 0.06374 -7.52873 7.12502 -0.00000 -0.00000 24.84631 3.85212 -36.74478
0.87543 0.87292 -0.08455 11.70745 6.62149 -94.84520 -0.00000 0.00000 -0.00000 -16.62940 -51.46619 -34.40655 -98.31493 67.13861 120.31531 0.61860 5.51791 -8.69440 -0.72398 -14.86709 -5.54464 -0.00000 0.00000 -0.00000 24.00241 -29.96431 15.95191 12.21404 50.08965 -25.79444 8.60008 -24.46847 23.84081 0.95107 16.95959 -6.37275 6.10983 3.74019 -0.92045 2.05527 4.39480 -1.28967 -1.32567 2.36604 -0.56608 3.31749 0.61102 0.75677 4.33809 -21.57508 1.33484 0.60918 -6.67633 -0.29905 -0.00000 0.00000 0.00000 -96.35533 73.69011 22.86950 35.26186 -34.89379 -89.35954 0.00000 -6.36451 0.00000 -3.82318 2.10079 -28.74688 -7.12502 -0.00000 0.00000 -21.59679 20.98899 2.86029 -0.00000 0.00000 0.00000 106.09087 47.45547 -26.54314 -35.21610 -33.63393 87.20196 -0.00000 -1.00248 -0.00000 -0.66137 0.06537 -5.64425 7.12502 -0.00000 -0.00000 24.55232 4.60262 -35.03734
0.85055 0.86813 -0.08818 11.16043 4.41889 -100.24772 -0.00000 0.00000 -0.00000 -12.53182 -54.39447 -34.09931 -104.88220 65.35907 127.48789 0.47580 5.08020 -6.74556 -0.61353 -13.71794 -5.09729 -0.00000 0.00000 -0.00000 23.56479 -27.63696 18.00816 12.63538 50.63908 -26.34155 9.83095 -26.27876 25.55361 1.06178 17.87848 -6.74255 5.33549 2.91237 0.06584 1.36397 4.58384 -0.03978 -1.59153 3.10479 0.06906 4.88503 1.41482 1.39178 3.36499 -22.65634 2.19533 -0.09757 -7.15290 -0.00729 -0.00000 0.00000 0.00000 -106.00469 69.49328 29.11042 35.23932 -34.09252 -87.98404 0.00000 -10.13210 0.00000 -8.65772 4.00185 -24.62355 -7.12502 -0.00000 0.00000 -26.73064 22.96823 7.23023 -0.00000 0.00000 0.00000 109.73632 39.78617 -36.07988 -35.22530 -33.79875 87.48264 -0.00000 -3.43286 -0.00000 -2.56076 0.32063 -7.13196 7.12502 -0.00000 -0.00000 22.84804 3.60949 -36.50201
0.82826 0.87097 -0.08833 9.29800 1.10280 -104.26502 -0.00000 0.00000 -0.00000 -11.72059 -54.55624 -32.74862 -103.94240 65.65240 126.45515 0.15205 2.79502 -4.11739 -0.63446 -13.94377 -5.18482 -0.00000 0.00000 -0.00000 20.46342 -24.27937 19.49481 12.42278 50.36430 -26.06603 9.86315 -26.52910 25.52657 0.96246 17.05680 -6.41168 3.93818 2.48169 0.33605 -0.02026 5.26778 0.29624 -2.22421 4.07438 0.24165 4.93188 1.22754 2.37560 3.82817 -22.97833 3.60306 -0.14305 -7.21664 0.58186 -0.00000 0.00000 0.00000 -99.06121 66.17920 22.42225 35.22614 -33.81474 -87.50989 0.00000 -7.35472 0.00000 -7.52115 3.50094 -24.82122 -7.12502 -0.00000 0.00000 -25.77584 22.18401 6.97788 -0.00000 0.00000 0.00000 107.14271 36.26609 -38.42154 -35.25038 -34.38988 88.49310 -0.00000 -5.52899 -0.00000 -4.51804 0.60658 -7.63091 7.12502 -0.00000 -0.00000 21.00565 3.06156 -37.08131
0.80297 0.88411 -0.08432 7.44672 -0.00211 -105.31050 -0.00000 0.00000 -0.00000 -12.93700 -53.65725 -31.99855 -95.27763 67.77551 117.02691 -0.00059 0.16300 0.21304 -0.47872 -12.15190 -4.49507 -0.00000 0.00000 -0.00000 18.00089 -20.04234 16.90185 10.94977 48.31474 -24.12463 7.49999 -26.80956 20.95382 0.84533 16.02416 -6.00025 4.46609 2.63645 -0.47358 0.02209 5.18098 -0.77541 -2.52924 3.82145 -0.27817 4.81336 0.89947 3.40907 1.84470 -21.31362 4.64788 -0.82122 -6.54463 1.36844 -0.00000 0.00000 0.00000 -91.54583 64.62902 17.32952 35.20963 -33.52707 -87.02021 0.00000 0.31767 -0.00000 0.20162 -0.11001 -28.61801 -7.12502 -0.00000 0.00000 -18.45042 17.72698 2.61568 -0.00000 0.00000 0.00000 99.02911 36.80583 -36.34276 -35.26348 -35.48528 90.38312 -0.00000 -5.91813 -0.00000 -6.63560 0.79478 -6.79958 7.12502 -0.00000 -0.00000 18.95287 2.97127 -36.41637
0.77826 0.90154 -0.07931 5.66415 -1.90167 -106.91836 -0.00000 0.00000 -0.00000 -13.80336 -53.71010 -26.87148 -77.11409 69.83813 97.57325 0.03609 -1.22758 3.20862 -0.78032 -15.41657 -5.76032 -0.00000 0.00000 -0.00000 15.32956 -18.78566 13.00123 11.20788 48.69355 -24.46924 3.24347 -25.16315 12.25821 0.37984 10.84707 -3.99911 3.44601 2.63018 -0.94385 -0.12263 5.02809 -1.38997 -2.12866 3.62887 -0.62236 4.09992 -0.31978 4.67029 0.22603 -18.54533 6.02375 -1.20920 -5.38771 2.35696 0.00000 0.00000 0.00000 -82.65851 62.02679 12.15342 35.21361 -33.59198 -87.13059 0.00000 0.73980 -0.00000 4.42086 -2.63936 -30.77921 -7.12502 -0.00000 0.00000 -14.42612 14.93775 -0.05864 0.00000 0.00000 0.00000 87.18068 39.50924 -28.68279 -35.23570 -36.49949 92.15666 -0.00000 -7.86574 -0.00000 -8.49584 1.18602 -7.88896 7.12502 -0.00000 -0.00000 17.20283 2.31324 -37.57235
0.75413 0.91837 -0.07374 4.05874 -3.53634 -109.00942 -0.00000 0.00000 -0.00000 -13.50817 -53.90348 -19.68601 -51.73898 68.89009 70.52131 -0.06553 0.84683 3.10304 -1.56342 -21.47322 -8.23162 -0.00000 0.00000 -0.00000 12.95223 -21.97815 6.48516 13.91458 52.19418 -27.97778 -1.15377 -22.63962 0.79948 0.42981 11.52639 -4.25671 2.47288 2.59180 -0.74597 -0.70463 5.09055 -1.11829 -2.17318 3.73382 -0.51066 3.72698 -1.60893 5.40600 -1.11122 -15.61321 6.80728 -1.59089 -4.69944 2.94949 -0.00000 0.00000 0.00000 -71.24965 58.61009 5.43283 35.21967 -33.69586 -87.30737 0.00000 -1.71345 0.00000 7.25192 -4.48378 -31.56472 -7.12502 -0.00000 0.00000 -11.93605 12.76566 -1.26852 -0.00000 0.00000 0.00000 74.42969 40.59662 -16.66835 -35.21441 -36.89011 92.84661 -0.00000 -10.09360 -0.00000 -11.47135 1.90958 -9.32499 7.12502 -0.00000 -0.00000 14.34049 1.49220 -39.18383
0.72857 0.92863 -0.06688 2.07272 -5.62948 -112.37563 -0.00000 0.00000 -0.00000 -13.19677 -52.73513 -11.66078 -28.46842 62.81368 45.12320 -0.04252 6.49604 1.54245 -2.43802 -26.35219 -10.38712 -0.00000 0.00000 -0.00000 8.76711 -27.72974 -2.81927 18.23382 56.45095 -33.29004 -4.12460 -23.12857 -7.74215 1.12959 18.41475 -6.96026 1.42023 2.84155 0.22940 -2.28592 5.22458 0.20026 -3.15807 3.80884 0.12974 3.82930 -2.14156 5.87485 -2.18685 -13.87242 7.36129 -1.88334 -3.89805 3.33938 0.00000 0.00000 0.00000 -59.18562 54.13134 -1.16881 35.19757 -33.34334 -86.70816 0.00000 -3.18511 0.00000 11.04545 -7.16913 -32.59182 -7.12502 -0.00000 0.00000 -8.63150 9.69704 -2.97455 0.00000 0.00000 0.00000 63.25722 39.61063 -3.36551 -35.23321 -36.55145 92.24821 -0.00000 -11.44710 -0.00000 -14.43563 2.55406 -9.82119 7.12502 -0.00000 -0.00000 11.45140 1.03324 -39.91300
0.70058 0.92488 -0.06065 -0.27492 -7.10322 -116.76414 -0.00000 0.00000 -0.00000 -11.55711 -49.66195 -3.24672 -13.80060 52.06206 27.83339 0.45592 11.92415 -0.31538 -2.72675 -27.71273 -11.02235 -0.00000 0.00000 -0.00000 3.47410 -33.30741 -14.50200 23.26199 60.06249 -39.19826 -3.06267 -23.94339 -4.08171 1.58492 21.61094 -8.29017 0.33476 3.80905 1.63056 -3.76931 4.96129 2.04327 -4.04178 3.13286 1.01426 2.97183 -1.62690 6.08657 -2.89175 -12.03590 7.68641 -1.90212 -3.33764 3.64585 -0.00000 0.00000 0.00000 -49.42147 48.38172 -6.23632 35.06487 -31.92084 -84.30796 0.00000 -3.45862 0.00000 13.97092 -9.51583 -33.60401 -7.12502 -0.00000 0.00000 -6.06076 7.17209 -4.62108 -0.00000 0.00000 0.00000 52.96441 37.56899 9.46095 -35.26398 -35.11578 89.74283 -0.00000 -12.69390 -0.00000 -16.71468 3.08501 -10.16049 7.12502 -0.00000 -0.00000 9.21654 0.73974 -40.45073
0.66778 0.91191 -0.05498 -1.86765 -7.71009 -121.58464 -0.00000 0.00000 -0.00000 -9.95552 -46.47164 2.05190 -6.75210 40.55137 18.14511 1.56110 12.15728 -6.73505 -3.10062 -29.33987 -11.80513 -0.00000 0.00000 -0.00000 -1.43786 -37.40087 -27.31850 25.57127 61.38393 -41.84543 0.26123 -20.88356 4.49644 1.53903 21.31557 -8.16475 0.22377 3.85438 3.05865 -4.94279 4.74618 3.92959 -5.17394 3.11147 1.96207 2.40350 -1.58743 6.47566 -3.90177 -10.32174 8.19881 -2.05694 -2.72182 4.00123 0.00000 0.00000 0.00000 -42.20178 41.51162 -10.36495 34.64348 -29.29940 -79.93686 0.00000 -2.33211 0.00000 15.10804 -10.19344 -33.24572 -7.12502 -0.00000 0.00000 -5.26234 6.18912 -4.49220 0.00000 0.00000 0.00000 42.96036 33.95852 22.83523 -35.10469 -32.27825 84.90860 -0.00000 -14.97390 -0.00000 -16.81960 3.29418 -10.76295 7.12502 -0.00000 -0.00000 9.08842 0.62754 -41.08328
0.63488 0.89686 -0.05191 -2.96805 -8.45854 -126.71120 -0.00000 0.00000 -0.00000 -10.38387 -44.29888 -0.65832 -4.53493 34.54785 14.51288 -0.13304 1.10544 -10.59104 -1.58636 -21.62015 -8.29409 -0.00000 0.00000 -0.00000 -4.84319 -39.30623 -39.32638 22.52486 59.60129 -38.34567 0.29502 -26.94685 5.52626 3.03268 29.05438 -11.66586 0.09424 3.22140 4.65556 -6.14337 4.18496 6.05929 -6.30207 3.21332 3.03625 2.06779 -1.21200 6.70752 -4.68487 -8.88878 8.53374 -2.19886 -2.27967 4.23038 0.00000 0.00000 -0.00000 -37.63966 35.21143 -13.07556 33.79792 -26.00157 -74.46777 0.00000 -0.09954 0.00000 15.23695 -9.68534 -31.70118 -7.12502 -0.00000 0.00000 -5.54034 6.15910 -2.88351 0.00000 0.00000 -0.00000 36.15806 29.45209 33.77225 -34.42724 -28.31363 78.30229 -0.00000 -13.87350 -0.00000 -15.96403 3.32601 -11.46470 7.12502 -0.00000 -0.00000 9.89634 0.57160 -41.72729
0.61251 0.88332 -0.04804 -3.89602 -9.46731 -132.75450 -0.00000 0.00000 -0.00000 -13.19668 -38.50334 -14.10683 -4.09184 33.08381 13.71678 3.24725 -23.14802 5.08370 -1.75429 -22.65886 -8.73966 -0.00000 0.00000 -0.00000 -2.71110 -39.21157 -40.53068 18.50684 56.67863 -33.61720 -1.56519 -40.81787 4.96990 5.13075 36.35599 -15.53998 -0.25803 3.19659 6.52077 -7.59684 3.22736 8.46935 -7.70573 2.70556 4.23002 2.19553 -0.79881 7.05022 -4.69092 -7.30165 9.09472 -2.16401 -1.80547 4.53241 -0.00000 0.00000 -0.00000 -34.60152 30.11598 -15.99705 32.33569 -22.08313 -67.88607 0.00000 2.31786 -0.00000 16.04977 -9.25516 -29.20749 -7.12502 -0.00000 0.00000 -5.48131 5.58662 -0.41214 -0.00000 0.00000 -0.00000 34.18131 26.02268 41.46013 -32.98970 -23.67204 70.57563 -0.00000 -9.03725 -0.00000 -15.35798 3.21075 -11.52588 7.12502 -0.00000 -0.00000 10.48962 0.60576 -41.73191
0.59715 0.87255 -0.03986 -2.72218 -9.54177 -137.20682 -0.00000 0.00000 -0.00000 -9.67840 -39.56257 -9.73286 -4.40614 34.13363 14.28457 8.49374 -29.12088 14.36814 -1.44733 -20.70928 -7.90901 -0.00000 0.00000 -0.00000 3.75145 -39.20581 -31.68835 17.24413 55.58909 -32.09658 -2.31390 -45.91164 5.14026 4.77855 35.30781 -14.93836 1.47096 3.75916 7.80866 -8.58793 2.33329 10.17072 -9.97856 2.23604 5.13982 3.41886 0.49716 7.07264 -5.43055 -8.10448 9.11994 -2.75058 -2.20411 4.54512 -0.00000 0.00000 -0.00000 -33.47908 27.13114 -20.10147 30.31795 -18.12250 -60.96648 0.00000 4.41414 -0.00000 19.00786 -8.84288 -24.04892 -7.12502 -0.00000 0.00000 -4.16154 3.56202 4.50656 -0.00000 0.00000 -0.00000 36.70813 24.66887 44.62591 -31.25062 -19.81462 63.96912 -0.00000 -5.93896 -0.00000 -16.37509 4.09015 -13.64376 7.12502 -0.00000 -0.00000 9.36462 0.16202 -44.01767
0.58005 0.86685 -0.03172 0.38115 -8.92307 -135.98853 -0.00000 0.00000 -0.00000 -7.75650 -44.94882 -5.68832 -6.26350 39.38255 17.38452 4.79756 -21.18338 11.70088 -2.73878 -27.76734 -11.04820 -0.00000 0.00000 -0.00000 4.20068 -41.85908 -31.03345 20.75459 58.40500 -36.28065 -2.32587 -43.88843 4.57667 3.92677 32.50868 -13.41203 2.63267 3.41753 7.17803 -8.10333 2.44068 9.42244 -10.04497 2.49277 4.81110 3.80539 0.07984 7.03543 -5.14733 -8.72786 9.05919 -2.74004 -2.33520 4.48128 0.00000 0.00000 -0.00000 -36.65854 27.58500 -22.80275 29.08610 -16.15085 -57.35089 0.00000 6.39231 -0.00000 19.51751 -7.95160 -21.31928 -7.12502 -0.00000 0.00000 -4.23997 3.27951 7.34472 0.00000 0.00000 -0.00000 40.50914 25.73733 43.58669 -30.18485 -17.89636 60.55877 -0.00000 -7.12669 -0.00000 -18.85622 5.48842 -15.64505 7.12502 -0.00000 -0.00000 6.71347 -0.16728 -46.42079
0.56352 0.87038 -0.02410 2.15089 -8.17088 -133.08365 -0.00000 0.00000 -0.00000 -8.81940 -48.99783 -3.65714 -9.34581 45.74228 21.93319 0.97634 -14.27692 1.88845 -5.39379 -37.10300 -15.97980 -0.00000 0.00000 -0.00000 -0.87919 -43.89728 -32.93863 28.53452 62.84370 -45.19750 -0.17624 -32.28375 5.49325 2.70340 27.60629 -10.97204 0.86035 3.87160 5.90924 -6.95952 3.35244 7.68013 -7.74479 2.41530 3.86600 3.86443 -1.18322 6.89216 -4.00372 -8.21161 8.90699 -2.26031 -2.00106 4.36336 0.00000 0.00000 0.00000 -40.11321 34.04420 -24.54003 28.81627 -15.75171 -56.60050 0.00000 5.01066 -0.00000 20.13678 -8.89853 -22.87281 -7.12502 -0.00000 0.00000 -3.44805 2.84063 5.56258 0.00000 0.00000 0.00000 46.47124 28.99094 37.30894 -30.12224 -17.79118 60.36855 -0.00000 -8.76407 -0.00000 -19.72261 5.19438 -14.17315 7.12502 -0.00000 -0.00000 5.98378 0.00290 -44.97235
0.54632 0.87675 -0.01710 3.81811 -6.70082 -131.43564 -0.00000 0.00000 -0.00000 -7.24042 -51.59824 0.77697 -13.55055 51.76796 27.51571 -0.69836 -8.71259 -6.04879 -4.18066 -33.38633 -13.87884 -0.00000 0.00000 -0.00000 -6.03355 -44.80970 -30.62108 38.31586 66.30147 -56.01716 1.50313 -10.47334 9.65498 3.20147 29.75593 -12.00963 -0.00765 4.95241 4.92107 -5.52357 3.95339 6.32229 -5.79112 1.96430 3.13757 4.35037 -1.39890 6.48990 -3.25590 -7.35433 8.43222 -2.02531 -1.72110 4.10930 0.00000 0.00000 -0.00000 -39.98899 45.98536 -27.75158 28.77790 -15.69581 -56.49485 0.00000 0.11679 -0.00000 20.69878 -10.49312 -25.73364 -7.12502 -0.00000 0.00000 -2.45919 2.26753 2.34705 0.00000 0.00000 -0.00000 54.70198 32.68072 27.18745 -30.12798 -17.80078 60.38594 -0.00000 -12.51540 -0.00000 -18.62721 4.73884 -13.77160 7.12502 -0.00000 -0.00000 7.11195 0.07309 -44.41424
0.52561 0.88059 -0.01146 6.27203 -4.69487 -129.27319 -0.00000 0.00000 -0.00000 -4.95147 -53.14494 4.51789 -17.66504 55.96283 32.60563 -0.95198 -8.77766 -7.50033 -1.75237 -22.64734 -8.73468 -0.00000 0.00000 -0.00000 -8.37431 -42.96852 -24.43756 39.46421 66.60348 -57.26980 -0.69946 5.35998 16.06999 6.12960 39.04903 -17.17273 1.12098 5.26367 3.32733 -3.67609 4.24820 4.28566 -4.47970 1.81119 2.13826 4.71389 -1.80477 6.49841 -2.82164 -5.34645 8.49040 -1.81593 -1.01838 4.15766 -0.00000 0.00000 0.00000 -38.25166 58.09266 -33.28145 29.00499 -16.02976 -57.12396 0.00000 -3.78547 0.00000 17.18933 -9.14246 -27.18633 -7.12502 -0.00000 0.00000 -5.01043 4.77157 1.50493 -0.00000 0.00000 0.00000 64.39043 34.28040 15.64982 -29.80500 -17.26944 59.41950 -0.00000 -17.67860 -0.00000 -18.41268 4.17983 -12.34975 7.12502 -0.00000 -0.00000 7.43035 0.27470 -42.89464
0.50374 0.87742 -0.00829 9.35969 -1.84467 -125.93756 -0.00000 0.00000 -0.00000 -3.03986 -54.18951 6.00909 -19.74954 57.66420 35.09601 -1.48889 -13.61898 -8.66150 -0.68625 -14.48600 -5.39574 -0.00000 0.00000 -0.00000 -5.74675 -36.86177 -14.00457 32.35814 64.40997 -49.46453 0.30009 -0.12016 9.96504 5.01654 36.02231 -15.34654 2.46238 4.98669 1.11052 -0.88664 4.78304 1.37722 -2.29773 2.21617 0.69365 5.28884 -2.79035 7.06086 -3.14849 -4.36133 9.18304 -1.91972 -0.48166 4.50287 0.00000 0.00000 -0.00000 -31.03198 67.66603 -45.76571 29.53026 -16.83199 -58.61627 0.00000 -5.08366 0.00000 13.96920 -8.16011 -29.70892 -7.12502 -0.00000 0.00000 -7.03490 7.22076 -0.52669 0.00000 0.00000 -0.00000 72.54479 32.13616 4.94543 -29.59117 -16.92787 58.79292 -0.00000 -21.43920 -0.00000 -19.10029 4.09053 -11.63971 7.12502 -0.00000 -0.00000 6.79765 0.33182 -42.21851
0.48255 0.86504 -0.00843 11.65399 0.21534 -122.11986 -0.00000 0.00000 -0.00000 -4.64542 -55.07602 2.89117 -21.45113 58.89142 37.09627 -2.16773 -20.47331 -9.93490 -1.22167 -19.11439 -7.24650 -0.00000 0.00000 -0.00000 -2.85270 -27.75681 -1.50814 25.04037 61.09563 -41.23982 0.09636 -5.12776 2.01146 3.93153 32.52550 -13.42088 2.73457 4.08982 -0.65733 1.38730 5.28120 -1.07758 -0.13876 3.12965 -0.56098 5.72852 -2.60064 7.04413 -2.98131 -5.33644 9.14053 -2.00562 -0.80559 4.44909 -0.00000 0.00000 -0.00000 0.14349 72.06052 -81.08225 30.19812 -17.91875 -60.59920 0.00000 -5.31812 0.00000 14.81419 -9.44512 -31.81886 -7.12502 -0.00000 0.00000 -5.84579 6.51025 -2.91777 -0.00000 0.00000 -0.00000 79.29010 25.86285 -4.70672 -30.01364 -17.61050 60.04095 -0.00000 -26.89920 -0.00000 -20.40517 5.11223 -13.47054 7.12502 -0.00000 -0.00000 5.36496 0.06514 -44.30635
0.46332 0.85010 -0.00902 12.19109 -0.38844 -118.84921 -0.00000 0.00000 -0.00000 -10.83065 -56.28729 -3.20526 -25.09502 61.12572 41.30224 -2.56835 -24.64537 -10.71737 -0.98953 -17.28529 -6.50337 -0.00000 0.00000 -0.00000 -4.32084 -19.68166 7.55329 20.95723 58.54871 -36.51837 0.20217 -4.07293 3.43728 2.05234 24.36273 -9.48671 1.44320 3.23793 -1.75174 1.67345 5.25469 -2.56587 0.80948 3.61107 -1.34073 6.15668 -2.35999 6.59361 -2.05085 -5.74075 8.56137 -1.81087 -1.02261 4.12496 -0.00000 0.00000 0.00000 28.74701 66.75673 -111.13853 31.04664 -19.42709 -63.28841 0.00000 -3.14091 0.00000 13.35651 -9.83868 -35.74181 -7.12502 -0.00000 0.00000 -5.97851 7.63117 -6.74006 -0.00000 0.00000 0.00000 85.44761 17.18035 -12.36275 -30.86741 -19.09507 62.70208 -0.00000 -30.97960 -0.00000 -22.68736 6.49705 -15.14517 7.12502 -0.00000 -0.00000 2.90914 -0.07156 -46.40798
0.44909 0.83689 -0.00624 12.88872 0.32574 -118.16847 -0.00000 0.00000 -0.00000 -11.76858 -57.80220 -5.15916 -30.35559 63.62968 47.23696 -2.76882 -26.89212 -11.11952 -0.94127 -16.87535 -6.33904 -0.00000 0.00000 -0.00000 -3.44481 -17.55336 11.37442 22.26098 59.43113 -38.03946 0.38472 -2.89200 6.49152 1.48679 20.97293 -8.01994 2.03110 3.03975 -2.28678 2.02959 5.42502 -3.31205 0.79846 3.89503 -1.70061 5.74557 -2.06294 6.75472 -1.52431 -6.13365 8.81768 -1.61172 -1.22459 4.24248 -0.00000 0.00000 0.00000 32.80459 61.51653 -115.72208 32.09484 -21.54527 -66.96664 0.00000 1.83041 -0.00000 11.39438 -9.91159 -40.50043 -7.12502 -0.00000 0.00000 -6.13521 9.27775 -11.30741 -0.00000 0.00000 0.00000 88.68891 11.45643 -16.66094 -31.99712 -21.33320 66.60269 -0.00000 -29.74480 -0.00000 -23.28460 6.38787 -14.49534 7.12502 -0.00000 -0.00000 2.38266 -0.03240 -45.77863
0.43788 0.83300 -0.00221 12.76903 0.44585 -119.65685 -0.00000 0.00000 -0.00000 -10.06070 -58.15268 -2.94700 -33.49630 64.81805 50.72431 -2.83062 -27.18382 -11.25071 -1.11786 -18.32334 -6.92305 -0.00000 0.00000 -0.00000 -2.30022 -21.74340 8.00131 28.40568 62.78509 -45.05265 0.72177 -4.76874 8.14418 0.83761 15.95341 -5.97224 1.82603 3.18513 -1.95300 1.62435 5.59608 -2.86265 0.51369 3.97896 -1.47786 5.80566 -1.20449 6.79907 -1.30844 -6.17499 8.95518 -1.60268 -1.38249 4.31093 0.00000 0.00000 -0.00000 29.16655 59.16729 -110.48466 33.07451 -23.89444 -70.94941 0.00000 1.30747 -0.00000 12.51191 -11.63554 -42.26613 -7.12502 -0.00000 0.00000 -4.80769 7.86904 -13.43634 0.00000 0.00000 -0.00000 89.70484 11.76444 -17.61443 -33.04556 -23.81804 70.82108 -0.00000 -28.22340 -0.00000 -23.04377 5.73154 -13.21229 7.12502 -0.00000 -0.00000 2.75906 0.03160 -44.34426
0.42898 0.83654 0.00223 12.02817 -0.33321 -123.35593 -0.00000 0.00000 -0.00000 -5.86006 -58.47422 2.81734 -36.21099 65.69893 53.71318 -2.78551 -24.12101 -11.25900 -0.94756 -16.92942 -6.36067 -0.00000 0.00000 -0.00000 -1.36748 -29.28053 -0.10674 36.79323 65.87223 -54.35159 1.17994 -6.92670 9.79279 0.91754 16.66949 -6.25681 0.93044 3.21816 -0.93399 0.20342 5.63332 -1.45946 -0.38556 3.98288 -0.78142 6.53794 -0.17269 6.76271 -1.59307 -5.35598 8.99123 -1.82704 -1.25227 4.35263 -0.00000 0.00000 0.00000 19.35484 58.57529 -96.71225 33.70206 -25.69643 -73.96033 0.00000 -2.62017 0.00000 14.45674 -13.41361 -41.98083 -7.12502 -0.00000 0.00000 -3.48263 5.73137 -13.64152 -0.00000 0.00000 0.00000 89.01260 18.38230 -15.10304 -33.82237 -26.08099 74.59975 -0.00000 -25.36600 -0.00000 -22.49281 4.88088 -11.61179 7.12502 -0.00000 -0.00000 3.45010 0.14845 -42.53917
0.42169 0.84235 0.00668 9.62537 -0.95924 -128.46129 -0.00000 0.00000 -0.00000 -1.14127 -57.96281 8.67767 -41.11795 67.00784 59.06893 -2.25735 -16.50061 -10.76933 -0.66479 -14.26408 -5.30928 -0.00000 0.00000 -0.00000 -1.37408 -35.35823 -11.01792 43.27075 67.48406 -61.40335 2.02182 -8.29086 13.36913 0.59590 13.52437 -5.02240 -0.53066 4.53591 0.61747 -1.75664 5.93171 0.57082 -1.50738 3.58542 0.18335 5.75778 1.35739 6.95727 -0.64560 -5.37463 9.39648 -1.48482 -1.57607 4.55483 0.00000 0.00000 -0.00000 5.90613 56.44231 -77.94405 33.90786 -26.36393 -75.06973 0.00000 -4.50962 0.00000 16.12781 -14.96073 -41.75781 -7.12502 -0.00000 0.00000 -2.34562 3.89022 -13.87833 0.00000 0.00000 -0.00000 85.18608 27.95583 -8.59548 -34.27394 -27.68843 77.26626 -0.00000 -20.10710 -0.00000 -21.20511 3.85984 -9.84311 7.12502 -0.00000 -0.00000 4.84031 0.38131 -40.50632
0.41370 0.84661 0.01119 6.69807 -2.29548 -134.65899 -0.00000 0.00000 -0.00000 2.40893 -57.70762 12.06521 -46.54460 68.10994 64.93918 -1.31933 -5.10867 -12.23939 -0.43247 -11.56125 -4.26996 -0.00000 0.00000 -0.00000 -2.22336 -39.76099 -21.22523 46.30079 68.06715 -64.67639 2.88022 -8.55027 17.03797 0.71040 14.73119 -5.49147 -2.30180 5.35915 2.65500 -4.36303 6.07801 3.12955 -3.18631 3.40408 1.38648 5.02365 1.82804 7.28013 0.12595 -5.25521 9.87286 -1.15135 -1.67097 4.79168 0.00000 0.00000 -0.00000 -4.42701 50.79782 -61.53130 33.66465 -25.57986 -73.76633 0.00000 -4.58000 0.00000 17.45168 -15.86426 -41.00830 -7.12502 -0.00000 0.00000 -1.58955 2.59186 -13.46454 0.00000 0.00000 -0.00000 76.68943 37.91279 1.91227 -34.52935 -28.76149 79.04463 -0.00000 -16.28690 -0.00000 -20.76411 3.32085 -8.68664 7.12502 -0.00000 -0.00000 5.33136 0.54004 -39.23264
0.40361 0.84831 0.01700 3.55340 -4.32589 -140.96759 -0.00000 0.00000 -0.00000 1.12960 -56.43545 8.82553 -46.94087 68.17826 65.36613 0.31703 4.16653 -17.49990 -0.01667 -2.29027 -0.83406 -0.00000 0.00000 -0.00000 -3.64977 -42.65782 -28.56581 46.04596 68.02178 -64.40163 3.50904 -11.68391 17.06336 1.28550 19.58178 -7.43917 -2.90090 5.68301 4.71647 -7.62578 5.72770 5.64250 -6.32543 3.28184 2.60475 6.09352 0.90874 7.66599 -0.87291 -3.96475 10.30172 -1.51869 -0.99507 5.04848 -0.00000 0.00000 -0.00000 -8.75068 43.19165 -50.99762 32.77430 -23.12550 -69.65449 0.00000 -4.54904 0.00000 18.06632 -15.80928 -39.86802 -7.12502 -0.00000 0.00000 -1.42175 2.22466 -12.40599 -0.00000 0.00000 -0.00000 63.53606 44.83742 16.72438 -34.59106 -29.04687 79.51788 -0.00000 -13.62240 -0.00000 -21.02829 3.50989 -9.04842 7.12502 -0.00000 -0.00000 5.05657 0.47565 -39.64020
0.39159 0.84417 0.02348 0.24732 -6.15554 -146.88822 -0.00000 0.00000 -0.00000 -4.03281 -52.81814 1.09738 -40.55914 66.87510 58.46160 0.72850 5.80441 -21.93568 -0.03231 -3.18736 -1.16138 -0.00000 0.00000 -0.00000 -5.09646 -43.88902 -32.27435 44.48762 67.72992 -62.71945 3.38798 -23.15158 12.79736 2.42208 26.27409 -10.35115 -2.05347 6.34378 6.69307 -10.42623 4.81304 8.00030 -10.08645 2.79209 3.80827 5.11351 1.68158 7.91499 -1.25155 -3.56031 10.66182 -1.50058 -1.01053 5.26804 0.00000 0.00000 0.00000 -9.11151 36.60032 -46.35847 30.75220 -18.88566 -62.33072 0.00000 -4.87089 0.00000 19.74723 -16.33405 -38.07618 -7.12502 -0.00000 0.00000 -0.62044 0.91840 -10.95613 0.00000 0.00000 0.00000 48.49997 47.35454 31.90387 -34.52480 -28.74092 79.01053 -0.00000 -13.39690 -0.00000 -19.78162 3.68216 -10.12415 7.12502 -0.00000 -0.00000 6.21785 0.47154 -40.68021
0.38085 0.83792 0.02911 -2.83205 -8.02836 -153.37524 -0.00000 0.00000 -0.00000 -7.96345 -48.37776 -3.95728 -31.82769 64.21127 48.87590 -0.99626 2.54489 -26.35439 -0.38030 -10.85363 -4.00159 -0.00000 0.00000 -0.00000 -5.06546 -44.98462 -29.79524 43.44145 67.51953 -61.58811 3.06496 -31.76165 11.77213 2.61087 27.17855 -10.77094 -1.91580 6.95595 8.66078 -12.05676 3.49448 10.33212 -12.41593 1.88760 4.96122 3.16067 2.52889 8.29064 -2.23363 -2.74322 11.12001 -1.49228 -0.92670 5.55948 0.00000 0.00000 -0.00000 -9.86430 32.77335 -44.78013 27.76159 -14.28645 -53.78231 0.00000 -6.46765 0.00000 22.34935 -14.84375 -31.92752 -7.12502 -0.00000 0.00000 0.03265 -0.03877 -4.89598 0.00000 0.00000 -0.00000 35.82537 47.25754 43.26304 -34.40352 -28.21344 78.13625 -0.00000 -14.23690 -0.00000 -17.88688 3.56610 -10.90862 7.12502 -0.00000 -0.00000 8.03415 0.51831 -41.33300
0.37090 0.83083 0.03499 -3.71006 -9.38904 -157.91043 -0.00000 0.00000 -0.00000 -10.44957 -45.76474 -8.00944 -27.50183 62.36207 44.03436 -4.47268 -3.75965 -29.63574 -1.46309 -20.81510 -7.95348 -0.00000 0.00000 -0.00000 -3.82184 -46.50162 -24.92836 44.14205 67.66174 -62.34593 4.36672 -33.41737 14.21626 2.06293 24.42037 -9.51236 -0.67059 7.40226 9.56943 -12.41943 2.59720 11.55764 -13.89955 1.34786 5.62536 2.07022 0.90019 8.80210 -3.55647 -1.22249 11.73241 -1.53010 -0.16505 5.88188 -0.00000 0.00000 0.00000 -10.68924 32.26028 -43.34351 25.99233 -12.11426 -49.38252 0.00000 -7.78131 0.00000 21.22274 -11.95878 -28.08374 -7.12502 -0.00000 0.00000 -1.58906 1.60877 -0.34200 -0.00000 0.00000 0.00000 29.62300 46.25543 48.41457 -34.35925 -28.03000 77.83227 -0.00000 -13.52180 -0.00000 -16.79371 3.22665 -10.56439 7.12502 -0.00000 -0.00000 9.12255 0.66348 -40.87543
0.36399 0.82470 0.04078 -2.67688 -10.59742 -158.31716 -0.00000 0.00000 -0.00000 -13.54978 -46.04742 -12.30422 -28.44657 62.80373 45.09863 -6.77764 -12.09986 -26.80621 -3.19823 -29.74270 -12.00310 -0.00000 0.00000 -0.00000 -2.62854 -48.25709 -21.91711 45.65191 67.95034 -63.97659 5.38205 -33.22804 16.04968 1.71987 22.45097 -8.64991 -0.25845 7.38033 9.10274 -11.48503 2.66277 11.12316 -12.98558 1.17979 5.44180 2.34216 -0.32977 9.32984 -5.12545 -1.18638 12.41600 -1.98814 0.18291 6.21366 -0.00000 0.00000 0.00000 -14.44024 36.83725 -38.75565 27.43665 -13.86260 -52.94646 0.00000 -4.95797 0.00000 20.52078 -11.81894 -28.68791 -7.12502 -0.00000 0.00000 -2.02621 2.08768 -0.83787 -0.00000 0.00000 0.00000 32.45505 45.79068 45.32911 -34.60794 -29.12712 79.65101 -0.00000 -10.77620 -0.00000 -17.30063 3.02663 -9.62104 7.12502 -0.00000 -0.00000 8.66523 0.77305 -39.94087
0.36146 0.82582 0.04519 1.02647 -10.42466 -155.29986 -0.00000 0.00000 -0.00000 -14.82893 -48.23229 -16.16338 -31.92938 64.24979 48.98881 -5.84294 -16.50108 -21.18332 -3.49762 -30.92791 -12.59585 -0.00000 0.00000 -0.00000 2.87387 -48.73471 -18.01418 44.07858 67.64908 -62.27731 4.51097 -33.17249 14.48068 1.40533 20.42405 -7.78946 0.26181 7.90889 7.47952 -9.12700 3.50576 9.25094 -10.43427 0.96156 4.54104 3.34712 -0.85074 9.62677 -5.30712 -1.45770 12.80201 -2.19619 0.27734 6.39981 -0.00000 0.00000 -0.00000 -19.60551 44.85934 -34.11736 29.82701 -17.30505 -59.48458 0.00000 -6.76268 0.00000 21.50972 -12.21622 -28.23199 -7.12502 -0.00000 0.00000 -1.33321 1.36057 -0.57387 -0.00000 0.00000 -0.00000 44.96837 45.93251 33.10082 -35.10015 -32.23542 84.83655 -0.00000 -10.53480 -0.00000 -18.18255 2.28626 -6.92509 7.12502 -0.00000 -0.00000 7.88638 1.08779 -37.19608
0.36464 0.83228 0.05027 5.78183 -9.59056 -149.45570 -0.00000 0.00000 -0.00000 -18.11968 -50.93624 -23.35758 -35.34634 65.43172 52.76347 -3.52026 -18.38528 -14.08480 -4.05100 -32.94311 -13.64182 -0.00000 0.00000 -0.00000 10.41933 -48.44690 -10.03275 41.76489 67.15671 -59.77131 4.35831 -28.45211 14.40291 0.99885 17.36315 -6.53467 0.53227 9.33031 5.07892 -5.95439 5.05127 6.21991 -6.95194 0.83541 3.01283 3.85878 -0.12571 9.58384 -4.05578 -3.37835 12.73490 -2.07165 -0.47863 6.36088 -0.00000 0.00000 0.00000 -26.76895 52.95224 -30.99082 31.49057 -20.28466 -64.78977 0.00000 -6.57754 0.00000 19.78780 -10.95466 -27.84244 -7.12502 -0.00000 0.00000 -2.77968 2.75857 0.25189 -0.00000 0.00000 0.00000 61.19552 42.07600 17.07834 -35.25686 -35.89974 91.10492 -0.00000 -17.51650 -0.00000 -18.77387 1.73166 -5.08021 7.12502 -0.00000 -0.00000 7.34211 1.26252 -35.29631
0.36851 0.84086 0.05348 10.26269 -9.20404 -143.04900 -0.00000 0.00000 -0.00000 -24.12171 -53.19838 -32.24111 -36.74488 65.85803 54.29861 -0.81392 -19.89593 -6.03664 -5.30113 -36.84318 -15.82574 -0.00000 0.00000 -0.00000 17.69654 -47.15442 2.74190 38.88692 66.45391 -56.64044 5.91610 -17.19517 21.00014 1.84639 23.20314 -8.97604 0.56521 10.50589 2.71061 -2.59532 6.55199 3.09257 -3.23236 1.13166 1.38907 4.55041 0.98467 9.61607 -3.47368 -5.64241 12.81383 -2.26113 -1.34952 6.35469 0.00000 0.00000 0.00000 -37.25217 60.69378 -27.64752 32.22396 -21.83084 -67.45543 0.00000 -1.35852 0.00000 17.73521 -9.16099 -26.46466 -7.12502 -0.00000 0.00000 -4.71980 4.38999 2.16609 0.00000 0.00000 0.00000 74.12881 32.18095 5.06898 -35.08478 -38.31481 95.40008 -0.00000 -28.83770 -0.00000 -19.48620 2.39624 -6.73874 7.12502 -0.00000 -0.00000 6.63539 0.92752 -37.07807
0.36900 0.84638 0.05352 15.11705 -9.15370 -136.89401 -0.00000 0.00000 -0.00000 -30.67290 -55.32471 -40.61128 -36.40935 65.75856 53.93078 1.52003 -22.21440 0.41783 -4.56830 -34.65373 -14.57164 -0.00000 0.00000 -0.00000 23.84798 -44.78288 15.80365 33.47715 64.81138 -50.70316 5.12824 -5.87948 28.72995 3.99821 32.75970 -13.54451 1.69242 10.57239 0.51287 0.58903 7.44106 0.21777 -0.38750 1.83612 -0.08665 5.82951 0.23995 9.74331 -3.80423 -6.80622 12.92716 -2.62682 -1.48661 6.34461 0.00000 0.00000 -0.00000 -45.41556 67.32953 -26.89162 32.03902 -21.42370 -66.75811 0.00000 4.23429 -0.00000 16.28415 -6.84650 -22.19962 -7.12502 -0.00000 0.00000 -6.78395 5.34429 6.94035 0.00000 0.00000 -0.00000 81.53132 18.61827 -0.27475 -35.07027 -38.43276 95.61433 -0.00000 -41.55980 -0.00000 -19.61316 3.58490 -9.95236 7.12502 -0.00000 -0.00000 6.39182 0.50701 -40.48351
0.36557 0.84733 0.05170 18.78795 -8.47515 -131.13427 -0.00000 0.00000 -0.00000 -35.66037 -56.23373 -45.65077 -34.05410 65.00934 51.34021 3.24368 -25.93724 3.51130 -3.32996 -30.27325 -12.26650 -0.00000 0.00000 -0.00000 27.00401 -41.91905 22.96797 29.17125 63.12736 -45.91220 3.13372 0.57373 32.95105 6.52282 40.01201 -17.79049 3.78171 10.56527 -1.36563 2.80504 7.79119 -2.19834 0.84346 2.20557 -1.28461 6.94104 0.30476 9.67420 -3.90441 -8.70487 12.81205 -3.01882 -2.03966 6.18532 0.00000 0.00000 0.00000 -45.34884 72.54318 -32.39149 31.20692 -19.73071 -63.82204 0.00000 9.50109 -0.00000 12.83865 -3.72027 -15.89189 -7.12502 -0.00000 0.00000 -10.89321 6.66228 13.91625 0.00000 0.00000 0.00000 86.77851 4.09579 -2.29732 -35.21463 -36.88662 92.84042 -0.00000 -51.96280 -0.00000 -17.51586 4.08979 -12.73378 7.12502 -0.00000 -0.00000 8.29288 0.26242 -43.20022
0.36108 0.84585 0.05055 20.40026 -8.87089 -126.29440 -0.00000 0.00000 -0.00000 -39.63234 -57.29895 -47.27034 -31.36951 64.03511 48.36666 2.61981 -27.01386 1.43270 -2.96832 -28.77989 -11.53275 -0.00000 0.00000 -0.00000 26.80697 -41.34017 23.46263 28.25426 62.71568 -44.88233 6.14678 -5.67925 32.28057 5.48929 37.36714 -16.13763 4.00665 9.62605 -2.61555 3.96651 7.83110 -3.91031 1.93027 2.82193 -2.14582 7.65411 -0.02709 9.37026 -4.02071 -10.04907 12.33962 -3.26170 -2.40852 5.86093 0.00000 0.00000 -0.00000 -31.62503 75.72074 -49.00939 30.00901 -17.60283 -60.02703 0.00000 13.66170 -0.00000 6.83824 -1.26813 -10.45633 -7.12502 -0.00000 0.00000 -17.05835 8.29645 19.81456 0.00000 0.00000 -0.00000 90.96932 -9.27170 -2.55925 -35.26396 -35.11128 89.73505 -0.00000 -62.53920 -0.00000 -16.43188 4.85816 -16.02194 7.12502 -0.00000 -0.00000 9.12034 -0.23883 -46.48735
0.35691 0.84422 0.05087 20.23400 -9.68337 -123.53590 -0.00000 0.00000 -0.00000 -42.58827 -60.69474 -46.51449 -33.09026 64.67525 50.27537 -0.31858 -21.53970 -4.75776 -2.81257 -28.09880 -11.20572 -0.00000 0.00000 -0.00000 24.76351 -40.78704 21.20538 28.08379 62.63685 -44.69046 8.74621 -14.43661 29.75550 3.53890 31.08571 -12.67597 3.80898 8.77393 -3.07922 4.00924 7.62469 -4.52503 2.05254 3.09003 -2.43305 7.22843 -0.03516 8.98233 -4.05073 -10.74563 11.78341 -3.23752 -2.70284 5.57431 -0.00000 0.00000 0.00000 -10.27179 75.32030 -70.42359 28.69136 -15.57049 -56.25750 0.00000 13.71030 -0.00000 2.89150 -0.43542 -8.55634 -7.12502 -0.00000 0.00000 -20.85991 9.38263 21.83764 -0.00000 0.00000 0.00000 94.57575 -20.40412 -1.54085 -35.24339 -34.19247 88.15496 -0.00000 -77.53190 -0.00000 -16.87647 5.72214 -18.19313 7.12502 -0.00000 -0.00000 8.45087 -0.56706 -48.81100
0.35167 0.84532 0.05037 18.00106 -10.13135 -123.09069 -0.00000 0.00000 -0.00000 -43.04759 -66.57295 -42.10555 -40.79445 66.93147 58.71742 -1.22939 -7.46168 -9.74211 -1.37376 -20.20636 -7.69853 -0.00000 0.00000 -0.00000 22.15817 -37.54902 20.17204 26.79454 62.01596 -43.23471 9.38142 -18.32920 28.42145 2.71639 27.66560 -11.00006 3.35126 8.96809 -3.21202 3.40854 7.59846 -4.67544 1.70340 2.93554 -2.50129 6.14091 0.38694 8.87157 -4.70298 -10.42432 11.61450 -3.26232 -2.70128 5.59133 -0.00000 0.00000 0.00000 -3.34877 72.71975 -75.48927 27.35810 -13.76194 -52.74645 0.00000 13.38930 -0.00000 3.85391 -0.66868 -9.82839 -7.12502 -0.00000 0.00000 -19.79927 9.40678 20.58207 -0.00000 0.00000 0.00000 95.68227 -24.54758 0.34562 -35.22864 -33.86319 87.59250 -0.00000 -83.87050 -0.00000 -18.72237 6.68752 -18.96312 7.12502 -0.00000 -0.00000 6.46983 -0.55883 -49.91571
0.34089 0.85176 0.04964 14.85870 -9.97676 -124.39895 -0.00000 0.00000 -0.00000 -36.22856 -71.72670 -32.21120 -48.57301 68.44375 67.12260 0.80422 6.14880 -10.54472 -1.71228 -22.40480 -8.63002 -0.00000 0.00000 -0.00000 20.01173 -32.73434 20.09359 24.83730 60.98301 -41.00773 8.66223 -18.93029 26.51683 2.32554 25.79397 -10.13120 3.66503 8.65002 -3.03988 2.21748 7.89678 -4.44036 0.24429 3.29925 -2.32991 6.12408 0.72904 8.87746 -6.09528 -8.78213 11.62678 -3.61586 -2.13170 5.71438 0.00000 0.00000 -0.00000 -7.87117 69.96026 -68.56460 25.74302 -11.83284 -48.78923 0.00000 15.04460 -0.00000 3.61664 -0.73477 -11.46900 -7.12502 -0.00000 0.00000 -19.72511 10.06053 19.02404 0.00000 0.00000 -0.00000 94.37960 -20.74771 2.60429 -35.23498 -33.99459 87.81673 -0.00000 -80.08990 -0.00000 -18.48665 6.83131 -19.58398 7.12502 -0.00000 -0.00000 6.63008 -0.64537 -50.53482
0.32587 0.86025 0.05000 11.43214 -9.73612 -126.23985 -0.00000 0.00000 -0.00000 -24.03097 -73.06015 -18.10671 -46.32104 68.07072 64.69821 0.55348 5.19055 -8.37145 -4.53344 -34.54312 -14.51026 -0.00000 0.00000 -0.00000 17.40498 -28.48600 19.39398 23.47286 60.19073 -39.44146 7.11956 -17.67082 23.71843 2.07494 24.48552 -9.54137 3.95297 7.86802 -3.10831 1.10928 8.29552 -4.57348 -1.15618 4.03657 -2.33931 5.71113 1.31342 9.25650 -7.32657 -6.98372 12.17994 -3.86854 -1.54991 6.09197 -0.00000 0.00000 0.00000 -14.89912 66.48643 -59.87219 23.67188 -9.69399 -44.06034 0.00000 16.90680 -0.00000 4.28695 -0.95883 -12.58411 -7.12502 -0.00000 0.00000 -18.93607 10.10677 17.91056 -0.00000 0.00000 0.00000 90.92728 -11.41328 6.37041 -35.23572 -34.01058 87.84403 -0.00000 -73.79290 -0.00000 -16.58850 5.95445 -19.19999 7.12502 -0.00000 -0.00000 8.62893 -0.73256 -49.81583
0.30880 0.86721 0.05073 7.83560 -9.60648 -128.74134 -0.00000 0.00000 -0.00000 -11.03640 -69.92170 -2.82106 -30.92411 63.85971 47.87089 -0.04753 -3.66561 -1.41056 -5.31312 -36.87699 -15.84573 -0.00000 0.00000 -0.00000 14.62575 -24.88338 18.73118 23.04429 59.92840 -38.94688 5.76352 -16.12793 21.18306 1.92831 23.67350 -9.18200 3.61049 7.59774 -2.86682 0.22267 8.48517 -4.28787 -1.91887 4.35226 -2.18944 3.98329 1.79267 9.50099 -7.69674 -5.17067 12.53061 -3.57367 -1.10728 6.33847 -0.00000 0.00000 -0.00000 -15.00100 63.45778 -58.94349 21.55936 -7.82727 -39.52895 0.00000 15.57340 -0.00000 5.62538 -1.41047 -14.03100 -7.12502 -0.00000 0.00000 -17.49945 9.89251 16.41406 -0.00000 0.00000 -0.00000 84.96678 0.09374 10.90044 -35.21255 -33.57450 87.10087 -0.00000 -67.27960 -0.00000 -15.08532 5.31399 -18.96228 7.12502 -0.00000 -0.00000 10.19632 -0.78001 -49.32831
0.28899 0.86781 0.05168 4.30038 -9.52204 -131.77208 -0.00000 0.00000 -0.00000 -4.60035 -63.08180 5.51985 -15.33476 53.74574 29.75652 0.41799 -10.17603 0.82759 -4.33858 -33.91274 -14.16383 -0.00000 0.00000 -0.00000 11.24846 -22.01437 16.54775 23.14743 59.99215 -39.06603 5.15503 -17.21625 18.99966 1.49966 21.05797 -8.05582 3.13254 7.06952 -2.21540 -1.03177 8.79372 -3.47070 -2.99941 4.96819 -1.77042 2.85455 1.71593 9.52347 -7.56720 -3.19261 12.61340 -3.16344 -0.54954 6.38225 -0.00000 0.00000 0.00000 -13.99396 60.18673 -59.66931 19.10191 -5.98662 -34.52825 0.00000 13.56290 -0.00000 4.76625 -1.08966 -12.84815 -7.12502 -0.00000 0.00000 -18.46873 9.95924 17.62376 -0.00000 0.00000 0.00000 77.46485 11.57456 17.05237 -35.11861 -32.41323 85.13585 -0.00000 -62.96570 -0.00000 -13.71817 4.95335 -19.47930 7.12502 -0.00000 -0.00000 11.54203 -0.94961 -49.63963
0.26684 0.86343 0.05386 1.17393 -9.23376 -134.55960 -0.00000 0.00000 -0.00000 -3.20855 -54.67270 7.77794 -6.67117 40.36280 18.02040 0.79335 -12.78273 1.74682 -4.23087 -33.55524 -13.96987 -0.00000 0.00000 -0.00000 6.61037 -20.29074 10.06011 22.47066 59.56657 -38.28282 5.05254 -21.14837 17.24474 0.75024 15.12605 -5.64614 3.10551 6.30582 -1.44452 -2.27725 9.02905 -2.46256 -4.31061 5.67837 -1.22563 2.00956 1.67623 9.44058 -7.52407 -1.19032 12.56586 -2.84545 0.01471 6.33201 0.00000 0.00000 -0.00000 -15.55570 56.58163 -59.12467 16.24722 -4.22617 -28.98611 0.00000 12.25050 -0.00000 1.93512 -0.42428 -12.36183 -7.12502 -0.00000 0.00000 -21.03091 11.16472 18.26963 0.00000 0.00000 -0.00000 68.00122 21.34179 25.81603 -34.78900 -30.06056 81.20127 -0.00000 -59.71820 -0.00000 -12.90272 4.74721 -19.86320 7.12502 -0.00000 -0.00000 12.33927 -1.07398 -49.89730
0.24356 0.85653 0.05744 -1.20930 -8.31114 -137.53620 -0.00000 0.00000 -0.00000 -2.72753 -44.98728 6.11589 -2.62630 27.25056 10.80467 2.01069 -16.43856 5.21533 -4.02565 -32.85525 -13.59515 -0.00000 0.00000 -0.00000 0.96556 -19.48171 -0.42230 20.81560 58.44846 -36.35226 5.17211 -25.30246 16.51863 0.44241 11.69094 -4.31930 3.78146 6.09047 -0.56031 -3.10167 8.87278 -1.23727 -5.50909 5.73985 -0.54906 1.13773 2.22896 9.31841 -8.02576 0.95231 12.45675 -2.74619 0.55619 6.22805 0.00000 0.00000 0.00000 -21.75335 52.95661 -55.74766 13.71274 -2.95848 -24.24190 0.00000 10.93700 -0.00000 -2.97759 0.64633 -12.23600 -7.12502 -0.00000 0.00000 -25.31935 13.55130 18.65234 0.00000 0.00000 0.00000 56.37299 28.90551 36.42430 -33.98475 -26.62599 75.50473 -0.00000 -53.86010 -0.00000 -12.65941 4.72747 -20.14921 7.12502 -0.00000 -0.00000 12.55972 -1.14979 -50.14667
0.22096 0.84826 0.06172 -2.21808 -7.18136 -140.56107 -0.00000 0.00000 -0.00000 -2.53579 -32.93154 -5.68704 -1.04030 17.70452 6.67223 9.98881 -28.00818 19.22944 -2.77799 -27.94420 -11.13212 -0.00000 0.00000 -0.00000 -4.12365 -19.06443 -9.81819 18.85525 56.96317 -34.03347 6.12339 -27.57334 18.07068 0.28801 9.46379 -3.47835 5.08029 6.25090 0.23218 -3.58481 8.49087 -0.09377 -6.70196 5.41255 0.10689 1.08990 2.83689 9.43286 -9.02677 2.45034 12.66227 -3.00838 1.00226 6.27858 0.00000 0.00000 0.00000 -26.99349 50.60200 -52.02370 12.26133 -2.34564 -21.58229 0.00000 12.47270 -0.00000 -5.07079 1.02474 -11.39522 -7.12502 -0.00000 0.00000 -27.30060 14.23734 19.52285 0.00000 0.00000 0.00000 42.98834 33.64639 48.35499 -32.58912 -22.67470 68.89170 -0.00000 -49.85970 -0.00000 -9.96388 3.87760 -21.05376 7.12502 -0.00000 -0.00000 15.24931 -1.53147 -50.59908
0.20101 0.83635 0.06713 -1.40257 -7.39454 -143.54386 -0.00000 0.00000 -0.00000 0.63040 -26.22869 -10.89539 -0.51939 12.64666 4.68446 20.78525 -46.21729 21.49916 -0.50912 12.52378 4.63735 -0.00000 0.00000 -0.00000 -6.37995 -19.14136 -10.81393 17.02881 55.39361 -31.83528 8.37630 -27.36325 22.49160 0.03832 3.47044 -1.26479 6.13583 6.61140 1.32653 -4.48028 8.12093 1.45412 -8.21982 5.14807 0.95724 3.09584 2.21490 9.23654 -9.97346 2.24564 12.48594 -3.66422 1.24039 6.20315 0.00000 0.00000 -0.00000 -14.13154 53.96729 -58.71767 13.14687 -2.71013 -23.20059 0.00000 6.35304 -0.00000 -3.89633 0.71501 -10.38258 -7.12502 -0.00000 0.00000 -26.49256 13.18580 20.40804 0.00000 0.00000 -0.00000 34.18324 34.47042 56.93604 -31.05008 -19.43352 63.29974 -0.00000 -46.66310 -0.00000 -6.04832 2.48916 -22.28808 7.12502 -0.00000 -0.00000 19.20005 -2.13933 -51.11852
0.18246 0.82836 0.07160 1.78938 -8.66955 -143.74811 -0.00000 0.00000 -0.00000 2.82476 -27.75802 -14.76773 -0.53559 12.83798 4.75791 26.36356 -52.95895 23.73936 -3.27838 30.06724 12.16386 -0.00000 0.00000 -0.00000 -4.75566 -18.80057 -6.94780 14.32684 52.66225 -28.49792 10.06787 -27.68264 25.51903 0.05716 -4.23709 1.54518 5.90743 6.96596 1.50510 -4.24762 7.59906 1.75104 -7.82583 4.41520 1.06244 4.22397 1.85070 9.21770 -9.85031 0.34947 12.39603 -3.93393 0.76922 6.21866 -0.00000 0.00000 0.00000 2.42995 57.28161 -68.26748 15.41841 -3.78279 -27.41894 0.00000 -1.40863 0.00000 -3.25099 0.56982 -9.93094 -7.12502 -0.00000 0.00000 -26.02004 12.67358 20.79941 -0.00000 0.00000 0.00000 36.51770 34.78167 56.48950 -30.99470 -19.33006 63.11737 -0.00000 -41.50190 -0.00000 -3.51900 1.30981 -20.39056 7.12502 -0.00000 -0.00000 21.93613 -1.57177 -48.89627
0.16146 0.83086 0.07506 7.08887 -10.30411 -140.25605 -0.00000 0.00000 -0.00000 3.03963 -38.42684 -13.67768 -0.94099 16.87292 6.33807 18.39357 -33.57699 30.29915 -0.13985 6.61554 2.41934 -0.00000 0.00000 -0.00000 -1.38856 -19.61833 -5.44845 11.88352 49.64457 -25.36215 8.89730 -29.12244 22.99754 0.21996 -8.28247 3.03717 4.92478 7.38117 0.66652 -2.43375 7.31134 0.63875 -5.33533 3.58915 0.39432 3.56481 0.23294 9.13593 -8.79819 -1.30277 12.16879 -3.45702 0.38134 6.10273 0.00000 0.00000 -0.00000 13.02306 58.08685 -75.15928 17.88335 -5.18902 -32.13244 0.00000 -4.59823 0.00000 -3.69988 0.76175 -11.61770 -7.12502 -0.00000 0.00000 -26.07151 13.64457 19.25967 0.00000 0.00000 -0.00000 49.89390 33.84675 46.65105 -33.13870 -24.06567 71.23682 -0.00000 -46.21910 -0.00000 -1.71518 0.53130 -17.20595 7.12502 -0.00000 -0.00000 23.86768 -0.30377 -45.68650
0.13514 0.84204 0.07981 13.13171 -12.18520 -135.76867 -0.00000 0.00000 -0.00000 2.61533 -53.60769 -5.13725 -1.68780 22.25502 8.56559 3.06565 -12.33578 17.98556 -1.32042 -19.83175 -7.54271 -0.00000 0.00000 -0.00000 1.82174 -21.02455 -4.02503 9.47278 45.96093 -22.11014 6.31649 -27.87619 18.39836 0.14837 -6.81282 2.49220 4.23767 8.23660 -0.38266 -0.08651 6.99991 -0.74917 -2.47677 2.61694 -0.40267 3.11764 -1.16174 8.85173 -9.08848 -3.28176 11.63184 -3.52325 -0.05028 5.82834 -0.00000 0.00000 0.00000 19.28568 57.99320 -79.72653 20.04604 -6.65535 -36.42029 0.00000 -4.77933 0.00000 -0.56229 0.13741 -13.73173 -7.12502 -0.00000 0.00000 -22.92288 12.92788 17.11936 -0.00000 0.00000 0.00000 67.03579 27.64225 33.68342 -34.88523 -30.62800 82.14599 -0.00000 -49.99580 -0.00000 0.79277 -0.20638 -14.59107 7.12502 -0.00000 -0.00000 26.35765 0.98682 -43.00928
0.10171 0.85642 0.08530 18.60739 -14.36647 -132.38132 -0.00000 0.00000 -0.00000 -1.52082 -62.74469 -7.23247 -2.61743 27.20920 10.78529 1.85526 -10.00752 13.01524 -2.41978 -26.26281 -10.34596 -0.00000 0.00000 -0.00000 3.15222 -21.01416 0.22205 6.89630 40.88271 -18.36617 4.66564 -21.41491 16.23366 0.02705 -2.91637 1.06245 3.57162 8.72346 -1.02820 2.02988 6.81265 -1.65167 0.11871 2.15862 -0.93990 3.60641 -1.28363 8.52865 -10.24482 -5.77929 10.96793 -4.18595 -0.76156 5.51353 0.00000 0.00000 -0.00000 20.93246 58.23709 -81.42969 21.57150 -7.83720 -39.55431 0.00000 -4.52785 0.00000 2.85622 -0.80703 -15.76488 -7.12502 -0.00000 0.00000 -19.55065 11.85785 14.94445 0.00000 0.00000 -0.00000 81.05939 15.53634 25.66437 -35.26423 -35.35578 90.15838 -0.00000 -55.52160 -0.00000 2.40070 -0.56644 -13.26843 7.12502 -0.00000 -0.00000 27.89906 1.77087 -41.65960
0.06014 0.87001 0.09208 22.50607 -16.24812 -131.10332 -0.00000 0.00000 -0.00000 -8.03157 -65.78273 -15.98985 -3.33487 30.29271 12.27622 3.63012 -14.10721 17.32211 -2.49103 -26.60956 -10.50601 -0.00000 0.00000 -0.00000 1.94131 -17.99376 7.42453 4.44489 34.25919 -14.35351 2.80834 -9.34521 16.07232 0.08578 5.18731 -1.89355 3.37979 9.17046 -1.59038 3.72100 7.00417 -2.49444 2.00753 2.18855 -1.43708 4.97551 -1.82875 8.64052 -12.25182 -6.62266 10.95943 -4.65569 -0.63730 5.49780 -0.00000 0.00000 0.00000 19.08039 59.14274 -80.26159 22.43542 -8.56666 -41.37795 0.00000 -5.59348 0.00000 3.63165 -1.04382 -16.01461 -7.12502 -0.00000 0.00000 -18.83095 11.52210 14.64196 -0.00000 0.00000 0.00000 90.12985 4.15948 25.59208 -35.21975 -36.80172 92.69012 -0.00000 -73.50650 -0.00000 0.38819 -0.09929 -14.34716 7.12502 -0.00000 -0.00000 25.95419 1.05411 -42.83552
0.01633 0.87609 0.09938 25.71761 -17.24871 -130.69892 -0.00000 0.00000 -0.00000 -10.24411 -70.92420 -15.61566 -4.37300 34.02561 14.22544 3.25323 -13.70820 15.62139 -2.09384 -24.58754 -9.58688 -0.00000 0.00000 -0.00000 -0.37547 -14.06651 15.92135 3.14845 29.53833 -11.90245 0.21878 1.83085 15.20734 0.50319 12.45222 -4.60994 3.47143 9.99783 -2.79521 6.19335 6.89323 -4.18826 4.66235 1.85909 -2.39962 4.43285 -2.52422 9.41866 -13.32953 -6.21796 12.00114 -4.82596 -0.27924 6.00008 0.00000 0.00000 -0.00000 11.88463 61.13802 -75.18730 22.54530 -8.66276 -41.61272 0.00000 -6.98126 0.00000 6.72964 -1.97686 -16.29596 -7.12502 -0.00000 0.00000 -16.10318 9.94782 14.10428 0.00000 0.00000 -0.00000 91.93751 1.15841 28.41667 -35.26140 -35.66527 90.69610 -0.00000 -83.52090 -0.00000 -5.24489 1.45225 -15.43408 7.12502 -0.00000 -0.00000 20.36815 0.19060 -44.48664
-0.02405 0.87321 0.10575 27.42716 -18.21823 -130.76127 -0.00000 0.00000 -0.00000 -9.70420 -77.55089 -9.52297 -6.27139 39.40201 17.39695 2.00982 -11.05094 11.87353 -3.30828 -30.18692 -12.22343 -0.00000 0.00000 -0.00000 -2.95114 -12.40319 23.80178 3.96799 32.65390 -13.48857 -0.73755 5.49906 14.24553 0.16919 7.27203 -2.66207 3.12696 11.03656 -3.52788 7.56277 6.76648 -5.21022 6.47050 1.41473 -3.00194 4.91692 -2.70264 9.80795 -13.99035 -6.24156 12.51256 -5.08832 -0.13154 6.24169 0.00000 0.00000 0.00000 6.58139 62.12278 -70.56610 22.43390 -8.56533 -41.37471 0.00000 -8.14258 0.00000 12.30395 -4.22607 -18.66858 -7.12502 -0.00000 0.00000 -10.84456 7.38305 11.14636 0.00000 0.00000 0.00000 87.88816 6.14955 30.46726 -35.20283 -33.42122 86.84037 -0.00000 -74.04760 -0.00000 -7.42179 2.07189 -15.51141 7.12502 -0.00000 -0.00000 18.19351 0.05779 -44.82415
-0.05785 0.86516 0.11132 27.32529 -19.61219 -131.19280 -0.00000 0.00000 -0.00000 -4.76213 -83.09442 1.47047 -8.93594 45.01680 21.35736 1.23023 -9.95094 7.05690 -2.94964 -28.69950 -11.49391 -0.00000 0.00000 -0.00000 -4.63507 -14.89085 27.46580 8.18877 43.61104 -20.28792 -0.32984 3.77223 12.70380 0.11077 5.89140 -2.15239 2.74352 11.98429 -3.06836 6.47634 7.14846 -4.56436 5.53196 1.16577 -2.65148 8.55626 -3.67740 9.02029 -14.33233 -6.23847 11.34567 -5.72900 0.14892 5.55062 -0.00000 0.00000 0.00000 6.85098 60.52155 -68.31886 22.68597 -8.78691 -41.91424 0.00000 -11.59730 0.00000 14.59461 -5.43521 -19.99018 -7.12502 -0.00000 0.00000 -8.63756 6.22165 9.49467 -0.00000 0.00000 0.00000 80.70527 13.01781 32.10695 -34.90041 -30.72362 82.30539 -0.00000 -65.14420 -0.00000 -6.69343 2.23060 -18.34814 7.12502 -0.00000 -0.00000 18.80135 -0.83469 -47.45011
-0.08697 0.85526 0.11697 26.34250 -20.12898 -132.50382 -0.00000 0.00000 -0.00000 16.78605 -85.83923 26.61348 -12.50836 50.47550 26.17707 0.92621 -11.62693 3.20693 -2.05707 -24.38849 -9.49817 -0.00000 0.00000 -0.00000 -3.38255 -20.09253 28.80236 18.91128 57.00832 -34.10029 -0.56473 4.81801 14.02444 0.40869 11.24459 -4.14969 2.18789 13.44737 -2.70255 4.76626 7.98558 -4.13530 4.04120 1.12231 -2.42550 9.95945 -3.72415 8.69290 -13.61287 -6.71605 10.84723 -5.77158 -0.00798 5.27389 -0.00000 0.00000 0.00000 -1.65378 56.35524 -57.83846 22.78607 -8.87605 -42.12949 0.00000 -15.93180 0.00000 12.16816 -4.25666 -18.99488 -7.12502 -0.00000 0.00000 -10.89727 7.50940 10.83010 -0.00000 0.00000 0.00000 69.23505 22.63624 34.68990 -34.27713 -27.70091 77.28695 -0.00000 -57.13010 -0.00000 -5.07265 2.13982 -22.81330 7.12502 -0.00000 -0.00000 20.17482 -2.37812 -51.44317
-0.11172 0.84121 0.12096 25.08771 -20.80032 -134.00193 -0.00000 0.00000 -0.00000 61.35337 -86.85543 73.32079 -17.39033 55.72015 32.27366 0.73751 -13.64659 1.04253 -1.43394 -20.61890 -7.87107 -0.00000 0.00000 -0.00000 0.10702 -27.67613 28.77119 44.77906 67.78643 -63.03432 -2.12496 9.53159 19.10606 0.50881 12.52003 -4.63592 0.97800 14.36188 -1.67950 2.06245 9.14385 -3.03531 1.75258 1.68357 -1.88674 10.04103 -3.95054 8.39940 -12.60268 -6.81444 10.45528 -5.47490 -0.11103 5.07000 0.00000 0.00000 -0.00000 -6.29864 48.28806 -51.68910 21.82185 -8.04390 -40.07884 0.00000 -19.20760 0.00000 6.62626 -1.77830 -14.95625 -7.12502 -0.00000 0.00000 -16.45414 9.64670 15.43020 0.00000 0.00000 -0.00000 61.24337 29.58313 35.28798 -34.24693 -27.58327 77.09199 -0.00000 -52.93910 -0.00000 -3.97212 1.78240 -24.12929 7.12502 -0.00000 -0.00000 21.22371 -2.92270 -52.47989
-0.13240 0.82421 0.12154 24.15638 -22.52722 -133.48111 -0.00000 0.00000 -0.00000 123.62091 -87.06731 137.59616 -23.34019 60.11023 39.28848 0.35579 -14.80618 -1.12121 -1.42418 -20.55271 -7.84332 -0.00000 0.00000 -0.00000 3.92550 -37.37633 25.17426 85.51249 69.20961 -106.53569 -3.72526 12.60216 23.82870 0.34912 10.40607 -3.83256 -1.59783 15.22215 -0.61845 -0.46603 10.05888 -2.09913 0.42610 2.15653 -1.51479 7.39933 -4.73340 8.43438 -12.00186 -7.27611 10.49667 -4.85130 -0.29716 5.12505 -0.00000 0.00000 -0.00000 -6.35552 38.38533 -52.04750 19.12650 -6.00346 -34.57712 0.00000 -16.48240 0.00000 3.79584 -0.91145 -13.48250 -7.12502 -0.00000 0.00000 -19.19596 10.63301 17.07718 -0.00000 0.00000 -0.00000 62.80977 31.96139 31.79574 -34.90220 -30.73501 82.32440 -0.00000 -46.87890 -0.00000 -2.73131 1.02076 -20.47676 7.12502 -0.00000 -0.00000 22.74059 -1.61605 -48.84930
-0.15006 0.80719 0.11930 24.83306 -24.44208 -129.95480 -0.00000 0.00000 -0.00000 185.72502 -84.41392 199.48937 -29.52910 63.28254 46.31310 -0.41553 -13.93424 -4.26630 -1.55772 -21.43648 -8.21603 -0.00000 0.00000 -0.00000 9.03409 -48.50412 17.74062 109.58004 63.65608 -132.69120 -4.47922 13.54368 27.05860 0.27681 9.28018 -3.40957 -3.41962 16.59110 0.01008 -2.80365 10.67290 -1.71925 -1.08611 2.07438 -1.39280 3.99592 -4.66413 8.47276 -11.65827 -9.11190 10.49714 -4.78486 -1.19564 5.21925 -0.00000 0.00000 0.00000 -4.30143 28.19199 -55.23057 15.59119 -3.87285 -27.74429 0.00000 -9.71232 0.00000 4.93372 -1.34033 -15.16135 -7.12502 -0.00000 0.00000 -17.88096 10.57506 15.36679 -0.00000 0.00000 0.00000 73.37660 29.85792 24.25288 -35.23899 -36.42704 92.02913 -0.00000 -38.75330 -0.00000 -1.13004 0.29193 -14.48312 7.12502 -0.00000 -0.00000 24.45807 0.85212 -43.12729
-0.16686 0.79075 0.11504 27.40925 -26.84640 -124.81976 -0.00000 0.00000 -0.00000 204.18657 -78.65235 215.94883 -34.54762 65.17401 51.88435 -1.69845 -12.19209 -9.88366 -1.84800 -23.21251 -8.98013 -0.00000 0.00000 -0.00000 20.28021 -59.95378 13.69396 116.44774 60.23859 -140.46707 -4.27013 13.12700 27.31293 0.23976 8.64371 -3.17176 -5.77031 17.54570 0.39755 -4.35736 11.06441 -1.72523 -1.48490 2.03631 -1.49188 0.75090 -5.31712 8.42949 -12.32918 -10.33011 10.33156 -4.47027 -1.64394 5.25343 0.00000 0.00000 0.00000 -8.36600 16.50773 -58.18705 12.01391 -2.24897 -21.13244 0.00000 -0.83654 0.00000 8.49738 -2.48203 -16.16468 -7.12502 -0.00000 0.00000 -14.60192 8.97993 14.07203 0.00000 0.00000 0.00000 84.86925 26.01490 18.76226 -34.13535 -42.63068 103.60513 -0.00000 -38.47590 -0.00000 -1.66918 0.32394 -10.97978 7.12502 -0.00000 -0.00000 23.86316 2.22699 -39.97994
-0.18385 0.77279 0.10982 31.29695 -28.96754 -119.24092 -0.00000 0.00000 -0.00000 209.42850 -72.84900 219.04944 -37.61892 66.10919 55.25547 -3.40758 -12.30980 -16.30984 -2.36583 -25.99588 -10.22346 -0.00000 0.00000 -0.00000 46.02295 -68.89944 24.58191 112.84641 62.19336 -136.35903 -3.50262 11.83347 26.15800 0.39782 11.09669 -4.09361 -8.34897 18.78814 0.68932 -5.08411 11.24846 -1.93322 -0.88559 1.68650 -1.69547 -1.50807 -6.04299 8.32554 -14.42036 -10.74790 10.05918 -4.79810 -1.69559 5.21342 -0.00000 0.00000 -0.00000 -20.38957 4.61771 -62.35082 9.26137 -1.31974 -16.18583 0.00000 12.25210 -0.00000 14.96857 -4.42218 -16.08716 -7.12502 -0.00000 0.00000 -9.01555 5.58285 13.48519 -0.00000 0.00000 -0.00000 91.15290 23.80723 18.73089 -31.86817 -47.35911 113.87014 -0.00000 -46.06480 -0.00000 -9.31564 1.80535 -10.87160 7.12502 -0.00000 -0.00000 16.42565 1.32068 -40.52962
-0.20115 0.75642 0.10411 35.37709 -30.28609 -114.49424 -0.00000 0.00000 -0.00000 208.39455 -67.87286 217.88985 -41.46361 67.08801 59.44431 -4.59617 -13.61205 -19.37625 -2.31207 -25.72598 -10.10021 -0.00000 0.00000 -0.00000 79.72457 -72.04080 45.71889 96.76909 67.47573 -118.63979 -3.65827 12.32791 24.68044 1.54957 21.38384 -8.19369 -9.30127 21.02009 0.66980 -6.21986 11.05006 -2.53340 -1.57277 0.36683 -1.95427 -3.31448 -5.36578 7.84417 -16.13680 -11.61785 9.13000 -4.58929 -1.91540 4.94985 0.00000 0.00000 0.00000 -22.32031 0.56743 -65.25218 9.11800 -1.27848 -15.93074 0.00000 12.23830 -0.00000 23.20907 -7.11253 -16.10682 -7.12502 -0.00000 0.00000 -1.91099 1.22179 12.41888 0.00000 0.00000 0.00000 90.02799 25.62437 24.82301 -30.11357 -49.66414 119.65771 -0.00000 -55.05810 -0.00000 -21.01797 5.22919 -13.34423 7.12502 -0.00000 -0.00000 4.76555 0.06304 -44.24392
-0.21571 0.74481 0.09688 39.20400 -31.41838 -109.89844 -0.00000 0.00000 -0.00000 205.98616 -63.36169 216.90504 -45.66316 67.95240 63.98873 -5.11972 -12.91246 -21.43425 -1.55893 -21.44430 -8.21934 -0.00000 0.00000 -0.00000 103.88898 -72.22909 59.82113 63.95703 69.88343 -83.56762 -4.11058 13.45369 23.59275 2.86266 28.32054 -11.31169 -10.46494 23.05994 0.65645 -7.21440 11.49206 -3.24294 -2.03701 -0.11163 -2.32689 -3.50119 -5.26345 6.84694 -17.36550 -11.94644 7.57307 -4.91777 -2.08770 4.23263 0.00000 0.00000 0.00000 -15.52879 0.16850 -66.84410 10.23284 -1.61764 -17.92048 0.00000 5.64852 -0.00000 29.29071 -10.35794 -17.77151 -7.12502 -0.00000 0.00000 3.41977 -2.44060 9.52599 0.00000 0.00000 0.00000 81.23327 27.43789 38.26531 -30.91223 -48.69880 117.15229 -0.00000 -52.47070 -0.00000 -26.80484 9.92504 -18.83669 7.12502 -0.00000 -0.00000 -1.81492 0.19646 -51.17599
-0.22670 0.73606 0.08896 42.24879 -33.18239 -106.42071 -0.00000 0.00000 -0.00000 202.98972 -60.11365 216.05859 -48.57513 68.44408 67.12488 -5.75777 -11.71488 -24.27279 -1.08928 -18.09822 -6.83158 -0.00000 0.00000 -0.00000 117.76854 -71.39098 67.56662 35.26671 65.40651 -52.67591 -5.75314 16.70900 23.89361 4.18741 33.40913 -13.89111 -13.19584 25.11362 1.69898 -7.74409 12.21100 -2.99478 -1.42309 -0.18336 -2.31845 -2.85297 -5.50102 5.28535 -19.36103 -11.42663 5.26690 -5.55626 -1.96311 3.03084 0.00000 0.00000 0.00000 -8.20740 0.39868 -69.79929 11.23565 -1.95930 -19.72347 0.00000 2.44749 -0.00000 31.21048 -13.38836 -20.91572 -7.12502 -0.00000 0.00000 5.29818 -4.39977 5.40084 0.00000 0.00000 0.00000 68.88435 22.71735 54.26207 -33.34408 -44.66637 107.81508 -0.00000 -47.14630 -0.00000 -26.62620 11.09366 -20.99692 7.12502 -0.00000 -0.00000 -2.02750 0.30655 -53.59428
-0.23462 0.72822 0.08538 44.96828 -35.15358 -104.59126 -0.00000 0.00000 -0.00000 199.95304 -57.14931 213.81543 -51.39486 68.84576 70.15237 -5.91590 -11.05079 -25.32589 -0.80442 -15.64496 -5.85033 -0.00000 0.00000 -0.00000 125.67904 -69.53021 74.00480 24.46389 60.77243 -40.58029 -7.08327 19.17820 24.17884 5.78339 38.15826 -16.61787 -16.33850 26.56675 3.67676 -7.53046 13.10899 -1.54600 -0.05208 0.19406 -1.79245 -1.63693 -5.42321 3.72104 -23.05720 -11.35015 2.59529 -6.88700 -2.05833 1.67421 -0.00000 0.00000 0.00000 -1.90173 -0.08052 -73.92877 11.92906 -2.21633 -20.97839 0.00000 0.80536 -0.00000 30.07884 -13.92906 -22.56865 -7.12502 -0.00000 0.00000 4.57324 -4.02604 3.72487 -0.00000 0.00000 0.00000 55.88037 10.61140 67.49296 -35.17397 -37.44267 93.82974 -0.00000 -42.66040 -0.00000 -22.40630 10.43954 -23.72461 7.12502 -0.00000 -0.00000 1.85983 -0.35368 -55.76336
-0.24011 0.72467 0.08686 47.62560 -37.03878 -103.86439 -0.00000 0.00000 -0.00000 200.19810 -54.43032 212.32079 -52.09816 68.93531 70.90627 -6.04525 -12.82890 -24.17990 -1.13486 -18.45570 -6.97694 -0.00000 0.00000 -0.00000 130.19564 -68.06716 81.17427 24.97765 61.06099 -41.16816 -8.16806 21.11027 24.39451 6.30024 39.47302 -17.44236 -17.95853 27.26177 5.73982 -6.94825 13.95624 0.57050 0.90002 0.65642 -0.90658 0.53158 -4.12169 2.24818 -27.89031 -11.67525 -0.38300 -8.86769 -2.64226 0.26561 0.00000 0.00000 0.00000 0.19596 -1.26095 -79.75464 11.87125 -2.19424 -20.87348 0.00000 0.79422 -0.00000 26.34455 -11.57039 -22.04956 -7.12502 -0.00000 0.00000 1.51491 -1.26163 5.22107 0.00000 0.00000 0.00000 43.67859 -5.18689 74.21554 -34.64217 -29.29300 79.92624 -0.00000 -40.43270 -0.00000 -10.12719 8.37825 -39.20601 7.12502 -0.00000 -0.00000 11.84507 -5.35053 -68.97035
-0.24213 0.72433 0.08765 50.46277 -38.68637 -102.07953 -0.00000 0.00000 -0.00000 202.48063 -51.74811 213.09646 -50.49292 68.72483 69.18487 -5.91771 -16.15144 -21.57674 -2.02088 -24.19041 -9.41019 -0.00000 0.00000 -0.00000 133.66832 -67.59254 90.92186 33.80435 64.92438 -51.06457 -8.03781 20.86950 24.39597 6.07332 38.90706 -17.08325 -17.91327 27.66601 6.59427 -6.52116 14.36020 1.64825 1.11282 0.79506 -0.39511 3.44204 -2.22089 0.94729 -30.55458 -12.14704 -2.90453 -10.31750 -3.52610 -0.88611 -0.00000 0.00000 -0.00000 0.94552 -0.86253 -84.65963 11.98707 -2.23862 -21.08369 0.00000 -0.52426 0.00000 26.43386 -10.18717 -19.58367 -7.12502 -0.00000 0.00000 1.25841 -0.94840 8.00211 -0.00000 0.00000 -0.00000 33.31451 -14.39785 72.64528 -33.56738 -25.28293 73.27177 -0.00000 -43.52730 -0.00000 -6.23734 8.65521 -54.01043 7.12502 -0.00000 -0.00000 12.06275 -9.56924 -82.87950
-0.24094 0.73087 0.08512 51.79125 -39.01951 -101.72148 -0.00000 0.00000 -0.00000 203.79384 -51.55667 212.88222 -47.27472 68.23462 65.72568 -5.54652 -16.89842 -20.19339 -2.30878 -25.70933 -10.09263 -0.00000 0.00000 -0.00000 128.75480 -68.45744 92.90944 48.94752 68.50117 -67.52520 -5.79312 16.37693 25.23130 4.24635 33.60704 -13.99786 -18.10424 29.18044 6.82864 -5.92802 14.18912 1.48588 1.45739 0.14272 -0.43315 4.09118 -1.51420 0.66030 -28.57327 -12.64028 -3.09074 -9.69156 -3.81993 -0.94698 -0.00000 0.00000 -0.00000 -5.21705 1.20585 -85.95729 12.76177 -2.54804 -22.49520 0.00000 5.70726 -0.00000 26.87928 -9.25498 -17.60394 -7.12502 -0.00000 0.00000 1.38747 -0.96583 10.16460 -0.00000 0.00000 -0.00000 30.60434 -10.99794 71.15372 -33.87381 -26.25020 74.88087 -0.00000 -33.79920 -0.00000 -7.06087 8.13219 -48.79394 7.12502 -0.00000 -0.00000 12.78364 -8.39880 -77.77127
-0.23914 0.74023 0.08037 51.34964 -38.12079 -104.19982 -0.00000 0.00000 -0.00000 202.89966 -54.02687 210.16624 -44.63790 67.75917 62.88182 -5.42399 -17.06953 -19.78406 -2.50343 -26.66925 -10.53367 -0.00000 0.00000 -0.00000 111.03920 -68.26153 82.78784 67.85995 69.98544 -87.72254 -4.37448 13.70772 24.98516 3.44008 30.70574 -12.48353 -18.29605 29.54772 6.99292 -5.65692 14.71201 1.46266 1.77439 0.55603 -0.54425 4.35278 -2.10303 1.27798 -26.85814 -13.92366 -2.15147 -9.19439 -3.91272 -0.48517 -0.00000 0.00000 0.00000 -7.79755 1.37676 -82.10004 15.16573 -3.65331 -26.94437 0.00000 2.35672 -0.00000 21.34199 -6.65045 -16.50981 -7.12502 -0.00000 0.00000 -3.45677 2.22733 12.24302 -0.00000 0.00000 0.00000 34.96113 0.62153 72.59272 -34.59208 -29.05168 79.52587 -0.00000 -21.81580 -0.00000 -6.18006 5.25602 -40.23096 7.12502 -0.00000 -0.00000 16.26511 -7.34715 -68.66827
-0.23373 0.75146 0.07364 50.26704 -37.83482 -106.69595 -0.00000 0.00000 -0.00000 202.84929 -57.19384 208.63593 -40.14479 66.77414 58.01088 -5.10284 -16.67858 -19.11798 -2.16487 -24.96595 -9.75636 -0.00000 0.00000 -0.00000 90.97982 -65.72753 73.71054 91.58727 68.41879 -113.04975 -2.77620 10.49158 24.94720 2.22229 25.26623 -9.89165 -17.99055 29.35880 6.62465 -5.91221 15.07885 1.01320 1.47291 1.07740 -0.82103 3.75807 -2.91113 2.18265 -25.40976 -15.16710 -0.85210 -8.66630 -3.93134 0.17588 -0.00000 0.00000 0.00000 -9.48602 2.51006 -76.62224 17.72250 -5.08901 -31.81975 0.00000 2.94788 -0.00000 17.17191 -6.33259 -19.64352 -7.12502 -0.00000 0.00000 -6.51369 4.67257 9.49360 -0.00000 0.00000 0.00000 40.48162 16.63067 71.50938 -34.99370 -31.35960 83.36754 -0.00000 -20.29120 -0.00000 -9.17568 7.28070 -38.11658 7.12502 -0.00000 -0.00000 13.23534 -5.60052 -67.53524
-0.22374 0.76611 0.06546 49.10474 -38.40152 -108.96275 -0.00000 0.00000 -0.00000 203.82884 -60.53297 208.29161 -34.30544 65.09373 51.61741 -4.53688 -16.87620 -17.47004 -2.67433 -27.47297 -10.90918 -0.00000 0.00000 -0.00000 73.37346 -62.27775 69.64115 112.47126 62.37497 -135.93526 -2.33771 9.55458 25.81497 2.01208 24.14192 -9.38870 -16.81073 27.87894 5.66136 -6.64454 15.14942 0.41351 0.59726 1.73323 -1.10216 1.61159 -3.27732 3.16891 -23.44679 -16.90242 0.48913 -7.71287 -4.25757 0.97839 -0.00000 0.00000 -0.00000 -10.84171 6.22673 -70.01524 20.82355 -7.24145 -38.00489 0.00000 1.11409 -0.00000 20.01601 -9.31456 -23.95583 -7.12502 -0.00000 0.00000 -3.34953 2.87385 4.41500 -0.00000 0.00000 -0.00000 47.48008 32.15764 65.84131 -35.09049 -32.14629 84.68668 -0.00000 -21.26890 -0.00000 -11.95617 9.83583 -38.89331 7.12502 -0.00000 -0.00000 9.78604 -4.45604 -69.24944
-0.21089 0.78620 0.05623 47.58495 -39.10278 -112.31427 -0.00000 0.00000 -0.00000 204.67842 -65.06899 207.39435 -27.73031 62.47100 44.29215 -3.75446 -16.48218 -15.39190 -3.00475 -28.93574 -11.60824 -0.00000 0.00000 -0.00000 55.42438 -60.98996 65.55431 123.99863 54.41851 -149.42037 -3.36120 11.41270 28.01300 1.99237 24.03279 -9.34040 -16.27380 25.61952 5.41020 -7.18126 14.76181 0.74385 -0.06728 2.28672 -0.93864 1.27218 -3.96735 4.10567 -23.26512 -17.24599 1.83357 -7.67317 -4.07001 1.63130 0.00000 0.00000 0.00000 -14.98043 11.63516 -62.82705 24.31565 -10.32308 -45.49547 0.00000 -8.46504 0.00000 23.29377 -14.35078 -29.92867 -7.12502 -0.00000 0.00000 0.37745 -0.41805 -2.92123 0.00000 0.00000 0.00000 57.67870 43.60342 53.47202 -35.12036 -32.43067 85.16522 -0.00000 -20.34800 -0.00000 -15.05349 12.08097 -37.88964 7.12502 -0.00000 -0.00000 6.47267 -2.92092 -69.18740
-0.19620 0.80699 0.04821 45.81896 -38.80665 -115.66419 -0.00000 0.00000 -0.00000 207.42528 -70.49794 207.93968 -21.29244 58.78246 36.91082 -2.93381 -15.21568 -13.32845 -3.11912 -29.41686 -11.84283 -0.00000 0.00000 -0.00000 33.89370 -63.47904 56.75414 129.13971 48.18132 -155.99531 -3.82570 12.03130 31.00841 1.77572 22.78702 -8.79514 -15.68686 22.97055 5.26739 -6.74883 14.44206 1.41768 0.33781 3.10148 -0.65063 0.61858 -3.90105 4.84427 -22.35943 -17.41089 2.99753 -7.32616 -4.02855 2.22155 0.00000 0.00000 0.00000 -23.57768 15.85562 -53.48503 27.63281 -14.11703 -53.44940 0.00000 -15.05430 0.00000 27.16026 -13.54874 -24.54255 -7.12502 -0.00000 0.00000 2.51768 -2.33570 2.17361 0.00000 0.00000 0.00000 68.67707 49.61579 35.76666 -35.21031 -33.53805 87.03889 -0.00000 -16.88480 -0.00000 -16.94199 11.61082 -33.45245 7.12502 -0.00000 -0.00000 5.55576 -2.02744 -64.98662
-0.17688 0.83248 0.04010 43.53168 -37.66606 -118.78842 -0.00000 0.00000 -0.00000 212.74045 -77.34234 212.94549 -14.53449 52.89237 28.75870 -2.08520 -12.86387 -11.19050 -3.57235 -31.21267 -12.74065 -0.00000 0.00000 -0.00000 7.84630 -66.57129 38.70959 130.03687 46.77983 -157.21243 -6.74264 15.85999 35.23943 2.68037 27.50074 -10.92226 -15.20012 20.61599 5.21712 -5.92385 14.37510 2.09344 1.19780 4.08462 -0.39815 0.15968 -3.25615 5.16023 -20.76384 -16.89095 3.76533 -6.75277 -3.95892 2.57912 0.00000 0.00000 0.00000 -30.77950 18.92395 -42.41953 30.72433 -18.83547 -62.24152 0.00000 -20.19860 0.00000 29.80468 -8.29507 -14.13670 -7.12502 -0.00000 0.00000 3.52121 -2.14766 13.65812 0.00000 0.00000 0.00000 75.19278 51.45802 19.60822 -35.26102 -35.68977 90.73875 -0.00000 -15.96590 -0.00000 -16.90892 9.30949 -28.01927 7.12502 -0.00000 -0.00000 6.86072 -1.73995 -59.16339
-0.15333 0.86532 0.03161 41.73040 -35.28502 -120.78752 -0.00000 0.00000 -0.00000 245.84864 -84.28912 245.51675 -8.34461 43.91367 20.51323 -1.00976 -8.58387 -7.90193 -4.23062 -33.55442 -13.96943 -0.00000 0.00000 -0.00000 -10.76801 -65.67255 18.94508 127.75201 50.13465 -154.16132 -8.63596 18.03421 36.66904 2.47295 26.52215 -10.46557 -13.20433 18.93680 4.47663 -5.39767 13.93373 1.92603 0.92187 4.42105 -0.35775 1.26519 -1.54507 5.59484 -19.31192 -15.82835 4.83353 -6.54462 -3.81515 3.06523 0.00000 0.00000 0.00000 -34.55633 21.51585 -29.62681 32.99643 -23.68953 -70.60505 0.00000 -21.43690 0.00000 28.30019 -7.10870 -12.94355 -7.12502 -0.00000 0.00000 2.13183 -1.21908 15.25038 0.00000 0.00000 0.00000 77.32808 52.14604 8.63834 -35.13653 -37.84708 94.55496 -0.00000 -12.85280 -0.00000 -14.72543 5.91254 -21.40234 7.12502 -0.00000 -0.00000 10.27770 -1.23549 -51.78119
-0.12814 0.90311 0.02335 40.45188 -31.56253 -123.00118 -0.00000 0.00000 -0.00000 333.30500 -78.91919 326.26689 -4.03805 32.89827 13.61799 0.52455 -6.87691 4.13624 -5.33339 -36.93403 -15.87948 -0.00000 0.00000 -0.00000 -13.93575 -62.59477 7.66129 120.95386 57.11630 -145.73901 -5.68208 14.63388 33.40856 1.76847 22.74375 -8.77639 -9.24314 18.07900 3.13300 -5.34791 13.40563 0.97596 -0.99348 4.32158 -0.51875 2.36191 -0.14496 6.53742 -17.26487 -14.79541 6.72606 -6.19446 -3.56685 3.93532 -0.00000 0.00000 -0.00000 -37.20032 21.88188 -16.08275 34.33647 -27.93731 -77.67867 0.00000 -18.68780 0.00000 25.51505 -8.24755 -16.72797 -7.12502 -0.00000 0.00000 0.13245 -0.08807 11.38140 -0.00000 0.00000 -0.00000 71.76339 53.87180 7.60950 -34.96659 -39.16631 96.95757 -0.00000 -8.86620 -0.00000 -15.12056 4.82899 -17.30431 7.12502 -0.00000 -0.00000 10.32831 -0.47930 -47.62818
-0.10362 0.93648 0.01433 39.69342 -27.51069 -126.76136 -0.00000 0.00000 -0.00000 352.02889 -67.58290 333.66343 -2.45840 26.45155 10.43295 4.60692 -14.06175 25.48144 -2.24230 -25.36971 -9.93845 -0.00000 0.00000 -0.00000 -6.57564 -59.74194 5.30154 102.76441 66.00044 -125.16395 -3.66474 11.99691 27.58136 2.47609 26.53740 -10.47262 -5.50893 16.41603 2.30457 -4.90573 12.97150 0.68504 -2.42619 4.70167 -0.40934 2.76094 1.12372 7.61812 -16.41921 -13.63475 8.57675 -6.09602 -3.25220 4.85173 -0.00000 0.00000 -0.00000 -39.91578 21.32757 -4.19390 34.99895 -31.39835 -83.43236 0.00000 -17.47950 0.00000 24.89173 -8.80600 -18.25914 -7.12502 -0.00000 0.00000 -0.20158 0.14234 9.77353 -0.00000 0.00000 -0.00000 56.65039 54.37860 17.12269 -34.83830 -39.90368 98.32790 -0.00000 -10.07470 -0.00000 -14.92461 4.49649 -16.39034 7.12502 -0.00000 -0.00000 10.60808 -0.31149 -46.66268
-0.07823 0.95657 0.00286 38.37416 -24.19669 -129.09723 -0.00000 0.00000 -0.00000 355.48549 -70.49930 348.91528 -3.63796 31.45925 12.86681 4.41464 -14.12915 23.41184 -0.66035 -14.21767 -5.29122 -0.00000 0.00000 -0.00000 -2.82322 -56.46693 0.70112 63.00810 69.84368 -82.55692 -2.77282 10.73002 22.38160 2.72760 27.71661 -11.02418 -2.37442 15.46692 1.22830 -3.89329 12.30496 -0.14068 -2.98165 4.44300 -0.59949 2.69438 1.80515 8.53181 -16.57959 -11.15389 10.15067 -6.08953 -2.46075 5.61583 0.00000 0.00000 0.00000 -42.28933 20.29087 4.19087 35.22392 -33.77278 -87.43838 0.00000 -16.69020 0.00000 21.69182 -6.87074 -16.73821 -7.12502 -0.00000 0.00000 -3.12496 2.03597 11.94654 0.00000 0.00000 0.00000 39.99350 51.15281 29.79750 -34.83004 -39.94672 98.40855 -0.00000 -10.67670 -0.00000 -12.09088 3.84583 -17.38565 7.12502 -0.00000 -0.00000 13.39171 -0.54271 -47.27829
-0.04686 0.95927 -0.01157 36.78186 -22.41718 -128.82922 -0.00000 0.00000 -0.00000 359.48406 -76.91903 368.61688 -7.76139 42.75367 19.66340 1.81041 -12.32708 8.16726 -2.01762 -24.17242 -9.40222 -0.00000 0.00000 -0.00000 -3.30875 -54.03936 -5.45647 29.03612 63.06798 -45.76068 -0.33848 4.55256 20.08657 2.57299 27.00055 -10.68775 -1.07879 14.80349 0.43717 -2.15764 11.06609 -0.74479 -1.76753 3.41370 -0.79500 2.54532 1.27526 8.69930 -17.51428 -6.97239 10.79669 -6.06611 -1.05705 5.77001 0.00000 0.00000 0.00000 -41.97964 20.41338 6.29220 35.25448 -34.52934 -88.73241 0.00000 -15.90280 0.00000 15.96072 -4.43505 -15.12974 -7.12502 -0.00000 0.00000 -8.30979 4.96186 14.36697 0.00000 0.00000 0.00000 29.08063 44.57558 37.50421 -35.00315 -38.92598 96.51539 -0.00000 -8.50750 -0.00000 -11.18332 3.74486 -18.28163 7.12502 -0.00000 -0.00000 14.24258 -0.77291 -48.04204
-0.01312 0.95242 -0.02817 34.38507 -22.63145 -129.38520 -0.00000 0.00000 -0.00000 357.26343 -78.08411 376.15118 -13.41586 51.60707 27.34405 -0.92950 -10.22703 -6.94259 -3.45146 -30.74987 -12.50580 -0.00000 0.00000 -0.00000 -2.64724 -51.94158 -4.32034 13.62962 51.86159 -27.61630 2.21157 -5.56713 16.96462 2.24757 25.39683 -9.95072 -1.18214 14.01610 0.49509 -1.52780 9.43282 -0.39976 -1.01172 2.07844 -0.55540 2.65456 1.45061 8.33917 -18.13412 -4.24156 10.58001 -6.11452 -0.29171 5.52001 0.00000 0.00000 -0.00000 -37.63332 21.52228 3.43918 35.19514 -33.30840 -86.64887 0.00000 -15.09840 0.00000 13.21798 -3.87620 -16.05642 -7.12502 -0.00000 0.00000 -10.53609 6.49099 13.70834 0.00000 0.00000 -0.00000 23.52997 38.28605 41.97679 -35.22103 -36.77974 92.65125 -0.00000 -6.26569 -0.00000 -13.14349 4.35457 -18.01270 7.12502 -0.00000 -0.00000 12.27138 -0.66664 -48.06184
0.01756 0.93979 -0.04628 30.86252 -23.13174 -131.98662 -0.00000 0.00000 -0.00000 348.04021 -73.38147 374.08444 -14.58328 52.94591 28.81985 -2.04230 -3.38654 -19.07925 -2.00787 -24.11865 -9.37840 -0.00000 0.00000 -0.00000 1.49186 -47.12085 9.27765 7.36000 41.90942 -19.06738 2.89640 -16.07700 12.91938 1.44822 20.71533 -7.91155 -1.08468 12.99502 1.13838 -2.04977 8.46933 0.59846 -1.65158 1.61536 0.00318 2.82287 1.06788 8.07326 -18.18324 -1.89781 10.51433 -6.00076 0.43842 5.32373 -0.00000 0.00000 0.00000 -30.90904 22.26555 -2.09354 34.83956 -30.35094 -81.68445 0.00000 -13.12600 0.00000 15.76405 -6.04369 -20.45394 -7.12502 -0.00000 0.00000 -7.55795 5.56289 8.84782 -0.00000 0.00000 0.00000 20.71610 32.98419 46.79693 -35.21893 -33.68287 87.28526 -0.00000 -4.73797 -0.00000 -13.65390 4.68702 -18.59166 7.12502 -0.00000 -0.00000 11.69757 -0.77256 -48.72596
0.04364 0.92560 -0.06246 27.41305 -21.82040 -135.86712 -0.00000 0.00000 -0.00000 340.89650 -65.14870 368.06576 -11.76158 49.47710 25.20192 -5.20369 -9.68012 -24.45872 -0.14848 6.81545 2.49317 -0.00000 0.00000 -0.00000 6.56548 -38.13914 29.04012 5.07713 36.20006 -15.44936 0.72506 -28.50814 6.72884 0.92282 16.71554 -6.27519 0.35915 11.92145 1.86692 -2.55202 8.13508 1.75928 -3.01992 1.93799 0.66349 2.99950 1.21600 8.19979 -18.22915 -0.02202 10.91910 -5.94410 1.00147 5.41569 0.00000 0.00000 0.00000 -25.93011 21.67047 -8.00031 33.86445 -26.21917 -74.82933 0.00000 -9.59061 0.00000 18.92075 -9.87251 -26.57386 -7.12502 -0.00000 0.00000 -3.73464 3.51305 1.80967 0.00000 0.00000 0.00000 18.62255 29.23057 53.62810 -34.68536 -29.50869 80.28427 -0.00000 -2.78832 -0.00000 -14.38628 5.11824 -19.17772 7.12502 -0.00000 -0.00000 10.88904 -0.85557 -49.43845
0.07108 0.91596 -0.07166 24.23106 -20.88875 -137.83259 -0.00000 0.00000 -0.00000 328.35136 -55.62096 345.62255 -10.64295 47.85260 23.71231 -2.72678 -28.04269 -11.02313 -0.21770 -8.24033 -3.02149 -0.00000 0.00000 -0.00000 5.89352 -36.35964 28.88761 4.16909 33.34719 -13.85781 0.19041 -25.81496 5.09067 1.01978 17.53651 -6.60445 1.45370 11.97832 2.08178 -3.20690 7.50018 2.19512 -4.36221 1.34701 0.94664 4.35323 0.98723 8.24696 -18.71301 1.98857 11.28449 -6.18728 1.75252 5.46665 -0.00000 0.00000 0.00000 -24.49787 20.38805 -14.36841 32.45774 -22.36455 -68.36516 0.00000 -5.07694 0.00000 19.59924 -11.66407 -29.58757 -7.12502 -0.00000 0.00000 -2.57064 2.72132 -1.60100 -0.00000 0.00000 0.00000 18.65336 26.77829 60.33696 -33.17219 -24.15604 71.38838 -0.00000 1.64539 0.00000 -14.11854 5.66141 -21.41526 7.12502 -0.00000 -0.00000 10.90600 -1.29424 -51.68604
0.10672 0.90937 -0.08271 21.48309 -22.34366 -136.51297 -0.00000 0.00000 -0.00000 319.75263 -50.61907 328.27046 -12.24377 50.12907 25.83319 0.26650 -29.27538 -4.69480 -0.28184 -9.36305 -3.44060 -0.00000 0.00000 -0.00000 3.22497 -38.84581 22.81176 4.49335 34.41510 -14.43944 1.43887 -17.51027 7.98018 2.14307 24.85064 -9.70459 -1.09963 12.73073 2.26980 -3.84974 6.80948 2.17962 -3.67459 0.12892 0.87088 5.55843 0.45982 7.72969 -18.26245 1.39692 10.54267 -6.27052 1.62421 5.12581 0.00000 0.00000 0.00000 -26.59442 20.42907 -20.61643 31.79564 -20.90635 -65.86746 0.00000 0.78426 -0.00000 21.16622 -11.12946 -26.49734 -7.12502 -0.00000 0.00000 -1.93786 1.84571 1.41107 0.00000 0.00000 0.00000 24.26095 26.28479 60.92735 -32.06094 -21.47131 66.83982 -0.00000 11.48360 0.00000 -9.02226 4.62524 -26.92378 7.12502 -0.00000 -0.00000 15.54716 -3.16575 -56.22723
0.14204 0.91144 -0.09746 23.55580 -22.21091 -131.66078 -0.00000 0.00000 -0.00000 317.69845 -53.35192 318.55362 -15.39488 53.80780 29.83106 -1.22588 -20.83934 -7.28335 -1.13847 -18.48359 -6.98831 -0.00000 0.00000 -0.00000 6.05700 -40.45871 21.61390 4.95726 35.84683 -15.24554 0.80448 -23.21846 6.28759 1.02100 17.54659 -6.60852 -0.45270 12.62763 1.75962 -3.39212 6.59876 1.65471 -3.49899 -0.06476 0.64442 5.25319 -0.43628 7.04779 -15.98447 -1.88059 9.22958 -5.65588 0.55268 4.60109 -0.00000 0.00000 0.00000 -30.25410 23.91024 -24.45549 32.64785 -22.81587 -69.13088 0.00000 2.24002 -0.00000 23.36788 -10.63257 -23.12415 -7.12502 -0.00000 0.00000 -0.74784 0.63533 4.65267 -0.00000 0.00000 0.00000 32.96534 29.00832 56.61026 -32.91877 -23.48926 70.26798 -0.00000 18.07980 0.00000 -6.99598 3.53801 -26.69716 7.12502 -0.00000 -0.00000 17.75063 -3.42125 -55.56000
0.17295 0.91548 -0.11194 26.01245 -21.02016 -127.72093 -0.00000 0.00000 -0.00000 317.01934 -56.91891 309.09224 -19.02638 57.10053 34.23744 -1.88102 -8.44952 -12.56708 -2.13597 -24.81294 -9.68769 -0.00000 0.00000 -0.00000 9.39361 -41.75075 20.50335 4.92679 35.75597 -15.19344 -0.27533 -26.42533 4.08300 0.20516 8.00166 -2.93273 0.75320 12.85540 1.77982 -2.48294 6.35635 1.89314 -3.24893 -0.41578 0.79865 4.47926 -1.01790 6.07781 -14.13373 -3.59674 7.73139 -5.02449 -0.12162 3.88859 0.00000 0.00000 0.00000 -35.04523 32.73924 -26.72706 33.84535 -26.15621 -74.72474 0.00000 -0.40643 0.00000 24.48430 -11.40775 -23.47655 -7.12502 -0.00000 0.00000 0.21663 -0.18818 4.02034 0.00000 0.00000 0.00000 40.13470 34.31695 49.15240 -34.02537 -26.76756 75.73962 -0.00000 14.67690 0.00000 -9.29503 4.22424 -24.23064 7.12502 -0.00000 -0.00000 15.60607 -2.42615 -53.61778
0.19943 0.91695 -0.12597 26.83876 -19.75726 -126.66182 -0.00000 0.00000 -0.00000 318.09887 -58.81427 301.04968 -24.85930 60.99528 41.03288 -0.72945 0.10903 -16.19462 -1.65964 -22.08115 -8.49097 -0.00000 0.00000 -0.00000 11.58785 -43.41204 17.07435 4.74993 35.22010 -14.88881 1.37365 -25.21807 7.87707 0.08560 5.18168 -1.89148 0.48566 12.90868 2.31818 -2.09656 6.58182 2.56879 -2.75832 -0.19361 1.12104 5.06715 -1.68870 5.52155 -12.90869 -4.47421 6.91563 -4.75927 -0.37244 3.46888 -0.00000 0.00000 -0.00000 -41.06168 43.37705 -26.63295 34.62612 -29.21469 -79.79630 0.00000 -2.60323 0.00000 19.93438 -9.76331 -25.05979 -7.12502 -0.00000 0.00000 -3.20855 2.86924 3.23700 -0.00000 0.00000 -0.00000 47.40808 41.44866 40.73581 -34.72632 -29.72057 80.63616 -0.00000 8.01636 0.00000 -9.89288 4.18724 -22.71765 7.12502 -0.00000 -0.00000 15.15177 -1.96979 -52.23409
0.22348 0.91350 -0.13692 26.79335 -18.92672 -127.79512 -0.00000 0.00000 -0.00000 320.75342 -59.28845 294.97767 -40.22834 66.79467 58.10179 -0.27511 0.29208 -10.67769 -1.67520 -22.17743 -8.53226 -0.00000 0.00000 -0.00000 14.49805 -46.95012 14.47452 5.52685 37.47002 -16.19944 3.17764 -23.31115 12.27008 0.11480 5.99698 -2.19126 0.05171 12.45890 3.16219 -2.54891 6.79275 3.61103 -3.05013 0.33489 1.63338 6.20986 -1.41685 5.16115 -11.67769 -6.00014 6.35221 -4.63928 -0.92000 3.19525 0.00000 0.00000 -0.00000 -48.28227 54.56089 -24.08379 34.97417 -31.21859 -83.13174 0.00000 -3.29240 0.00000 10.23380 -4.77523 -24.75476 -7.12502 -0.00000 0.00000 -11.28223 9.56119 5.21933 0.00000 0.00000 -0.00000 59.32361 48.91097 29.61831 -35.05080 -31.80294 84.11014 -0.00000 2.38369 0.00000 -7.08715 2.35065 -18.25731 7.12502 -0.00000 -0.00000 18.40658 -0.80582 -47.41994
0.24331 0.90759 -0.14421 25.03049 -18.95777 -131.01255 -0.00000 0.00000 -0.00000 323.67581 -58.06535 293.23623 -70.55222 69.99903 90.58767 0.03360 1.44970 -6.43167 -1.60518 -21.73972 -8.34502 -0.00000 0.00000 -0.00000 18.11919 -49.79258 17.60969 7.61669 42.45384 -19.44964 3.87144 -21.96546 14.16532 0.25745 8.95343 -3.28737 -0.69142 12.10918 3.75063 -3.59660 6.90005 4.26299 -3.75891 0.70640 1.94399 6.29091 -0.92155 5.21250 -9.74820 -7.49795 6.43045 -4.59401 -1.68208 3.20698 0.00000 0.00000 0.00000 -59.16942 64.46740 -17.12177 35.04189 -31.73033 -83.98839 0.00000 -1.98080 0.00000 -1.88639 0.82106 -23.51308 -7.12502 -0.00000 0.00000 -21.63833 17.49526 7.84460 0.00000 0.00000 0.00000 75.50449 54.26328 15.29138 -35.14542 -32.69232 85.60640 -0.00000 -0.86067 -0.00000 0.15163 -0.04037 -14.90985 7.12502 -0.00000 -0.00000 25.72950 0.78641 -43.36861
0.26264 0.89396 -0.15077 23.13450 -18.15232 -132.65246 -0.00000 0.00000 -0.00000 324.37024 -55.99544 292.87341 -102.10754 66.18549 124.44544 0.38633 4.13568 -8.27521 -1.51945 -21.18794 -8.11073 -0.00000 0.00000 -0.00000 21.65738 -50.47097 22.28362 10.43283 47.52841 -23.42819 4.30125 -24.14491 14.79394 0.27956 9.32566 -3.42660 -0.16294 12.22105 3.15979 -3.84208 6.75688 3.52357 -4.27040 0.49612 1.59040 5.57361 0.01615 5.36519 -8.78324 -9.08317 6.61084 -4.25111 -2.41727 3.30712 0.00000 0.00000 -0.00000 -71.60194 73.00395 -7.83197 34.92620 -30.89065 -82.58403 0.00000 -0.24123 0.00000 -9.93199 4.23355 -22.85988 -7.12502 -0.00000 0.00000 -28.29953 23.02921 8.99964 0.00000 0.00000 -0.00000 93.05608 55.11217 -1.61801 -35.14106 -32.64496 85.52648 -0.00000 -1.89782 -0.00000 6.63204 -1.59586 -13.46983 7.12502 -0.00000 -0.00000 32.03372 2.25880 -41.39560
0.27895 0.87765 -0.15696 22.73809 -16.02699 -133.82863 -0.00000 0.00000 -0.00000 327.73861 -55.74187 299.26358 -118.60048 58.85610 142.96401 0.69470 5.70208 -9.90671 -1.70145 -22.33874 -8.60158 -0.00000 0.00000 -0.00000 27.01371 -49.89965 26.61167 13.13875 51.27049 -26.98967 4.80061 -27.37539 15.41713 0.31667 9.91744 -3.64861 2.99665 11.25514 2.01124 -3.49433 6.29015 2.41194 -5.54551 0.57670 1.14422 5.44428 1.53032 5.27505 -8.78105 -10.79925 6.42539 -3.93706 -2.93711 3.26535 0.00000 0.00000 -0.00000 -76.35631 80.51536 -4.01447 34.70117 -29.58958 -80.41859 0.00000 -0.80749 0.00000 -19.14546 6.53275 -18.14450 -7.12502 -0.00000 0.00000 -36.91664 27.26936 13.62257 0.00000 0.00000 -0.00000 105.79820 51.56101 -15.53962 -35.10876 -32.31709 84.97398 -0.00000 0.13740 0.00000 10.56570 -2.49530 -13.13834 7.12502 -0.00000 -0.00000 35.81850 3.10655 -40.70576
0.29309 0.86876 -0.16231 21.11690 -14.29959 -136.21212 -0.00000 0.00000 -0.00000 335.49716 -53.98488 317.44877 -123.27503 55.11268 148.53449 0.54550 4.75157 -11.93089 -2.48290 -26.57029 -10.48783 -0.00000 0.00000 -0.00000 30.63916 -48.49080 29.64492 15.50888 53.92469 -29.97221 4.92603 -28.14686 15.58329 0.31040 9.82010 -3.61203 4.19031 10.36294 0.41268 -3.00420 6.58897 0.37726 -5.53799 1.14436 0.16722 5.79305 1.85086 5.60520 -8.81986 -12.20258 6.78343 -4.10371 -3.36062 3.41255 0.00000 0.00000 0.00000 -42.88312 83.43982 -35.52364 34.61414 -29.15683 -79.70030 0.00000 1.58417 -0.00000 -23.43802 7.60606 -16.97811 -7.12502 -0.00000 0.00000 -40.42512 30.02857 14.56647 0.00000 0.00000 0.00000 107.97320 49.56209 -21.80111 -35.11186 -32.34698 85.02429 -0.00000 0.48080 0.00000 10.43480 -2.27438 -12.16069 7.12502 -0.00000 -0.00000 35.60593 3.65329 -39.91511
0.30359 0.86821 -0.16398 19.33600 -13.62275 -137.50693 -0.00000 0.00000 -0.00000 340.41473 -50.05503 336.86927 -121.32821 56.81416 146.18556 0.00942 2.49724 -13.86653 -2.75422 -27.83715 -11.08128 -0.00000 0.00000 -0.00000 30.51792 -48.21941 28.76363 16.40939 54.81438 -31.08009 5.16935 -26.99656 16.23014 0.30593 9.75004 -3.58572 5.00754 8.74258 -1.77645 -2.14445 6.88782 -2.51965 -4.99751 1.99198 -1.23250 5.10820 2.04703 5.52009 -8.62029 -13.33361 6.52081 -3.97355 -3.78365 3.27306 -0.00000 0.00000 0.00000 3.49451 80.15556 -78.33034 34.71310 -29.65137 -80.52120 0.00000 4.20255 -0.00000 -14.04572 5.92924 -22.43624 -7.12502 -0.00000 0.00000 -31.60872 26.01503 9.52244 -0.00000 0.00000 0.00000 102.05448 51.55301 -23.08765 -35.16637 -32.93268 86.01247 -0.00000 -4.82824 -0.00000 4.47000 -1.09162 -13.69600 7.12502 -0.00000 -0.00000 29.93845 1.83457 -41.81835
0.31198 0.87295 -0.16272 18.12737 -13.15083 -138.53474 -0.00000 0.00000 -0.00000 344.35785 -44.50774 355.80979 -111.36729 62.88809 134.69217 -0.75098 -0.10175 -15.86404 -2.88281 -28.40900 -11.35409 -0.00000 0.00000 -0.00000 30.58762 -47.76985 28.42265 16.48609 54.88750 -31.17389 4.82221 -24.91972 15.82705 0.43330 11.57222 -4.27413 5.69608 7.03463 -3.71318 -0.76431 6.91189 -5.12775 -3.99791 2.71420 -2.49301 3.80305 1.97822 4.93573 -8.23956 -13.59555 5.58622 -3.58202 -3.98064 2.82350 -0.00000 0.00000 -0.00000 17.04918 73.27677 -88.31648 34.81641 -30.21606 -81.45996 0.00000 -0.97134 0.00000 -6.03419 2.85987 -25.26703 -7.12502 -0.00000 0.00000 -24.45987 21.25082 6.45198 -0.00000 0.00000 -0.00000 88.90524 54.32269 -18.45485 -35.21902 -33.68437 87.28781 -0.00000 -9.44856 -0.00000 -0.70070 0.18424 -14.73077 7.12502 -0.00000 -0.00000 24.88455 0.78690 -43.30412
0.32025 0.87996 -0.15861 16.35571 -13.53842 -139.33292 -0.00000 0.00000 -0.00000 343.95065 -37.89763 370.33996 -85.30924 69.23087 106.31831 -1.74829 -4.41555 -15.80003 -2.40897 -26.20965 -10.32152 -0.00000 0.00000 -0.00000 30.06483 -47.54694 29.61337 16.97382 55.34322 -31.76846 3.87738 -22.41100 14.09661 0.55628 13.07798 -4.85021 4.79975 5.69924 -5.37608 0.66326 6.81637 -7.46152 -2.15926 3.38619 -3.68940 3.75497 1.95821 4.04005 -9.45662 -13.45521 4.13221 -3.83628 -4.00348 2.13321 0.00000 0.00000 0.00000 17.57000 65.78086 -84.88710 34.87283 -30.55124 -82.01807 0.00000 -7.59563 0.00000 -0.40911 0.20881 -27.03965 -7.12502 -0.00000 0.00000 -19.41633 17.68377 4.24529 0.00000 0.00000 0.00000 69.19644 55.42401 -7.21063 -35.23827 -34.06804 87.94219 -0.00000 -13.17480 -0.00000 -3.18701 0.85465 -14.99632 7.12502 -0.00000 -0.00000 22.42160 0.48134 -43.83360
0.32515 0.88771 -0.15074 15.17425 -14.13697 -138.20812 -0.00000 0.00000 -0.00000 339.45329 -31.73655 377.92426 -44.87595 67.80502 63.13897 -2.23525 -13.36455 -11.57558 -3.11221 -29.38816 -11.82877 -0.00000 0.00000 -0.00000 28.45491 -48.25090 30.12609 17.75455 56.04091 -32.71360 2.57431 -20.41833 11.05779 0.41671 11.35246 -4.19063 4.75345 4.03672 -7.54309 2.37964 6.47645 -10.46966 -0.63794 4.06531 -5.19270 3.65594 1.66037 2.96511 -10.51905 -12.40537 2.54071 -3.99592 -3.73681 1.35784 -0.00000 0.00000 0.00000 13.88411 58.73295 -77.27408 34.85361 -30.43461 -81.82379 0.00000 -10.85790 0.00000 2.67243 -1.43403 -28.19815 -7.12502 -0.00000 0.00000 -16.58762 15.69428 2.75724 -0.00000 0.00000 0.00000 46.28687 53.70343 7.98950 -35.20384 -33.43670 86.86665 -0.00000 -17.33390 -0.00000 -4.00128 1.08995 -15.21322 7.12502 -0.00000 -0.00000 21.61039 0.34434 -44.13082
0.33116 0.89397 -0.14007 14.91229 -14.65896 -136.28640 -0.00000 0.00000 -0.00000 334.57490 -26.42620 381.52822 -18.75202 56.87955 33.91027 -1.03705 -20.80949 -6.74372 -3.33218 -30.28206 -12.27090 -0.00000 0.00000 -0.00000 28.87380 -49.69796 32.29642 19.58849 57.54096 -34.90526 0.67704 -18.73486 5.53270 0.47996 12.16736 -4.50098 4.15547 3.00589 -9.33277 4.84932 5.65200 -12.99296 2.06358 4.38208 -6.54281 3.24556 1.70412 1.60018 -11.58899 -11.04942 0.59380 -4.10071 -3.48215 0.41100 -0.00000 0.00000 0.00000 10.94763 51.24946 -71.41313 34.58803 -29.03256 -79.49415 0.00000 -9.68657 0.00000 5.85417 -3.48978 -30.69661 -7.12502 -0.00000 0.00000 -13.30305 13.76263 -0.17560 -0.00000 0.00000 0.00000 25.57571 48.72685 21.01163 -35.04189 -31.73033 83.98839 -0.00000 -22.13210 -0.00000 -4.78330 1.20792 -14.13985 7.12502 -0.00000 -0.00000 20.84710 0.68026 -43.21424
0.33710 0.89724 -0.12729 14.63801 -15.33660 -135.62039 -0.00000 0.00000 -0.00000 329.57080 -21.55031 383.34009 -6.95678 41.01993 18.45845 -0.17772 -25.86030 -5.06761 -3.01849 -28.99419 -11.63661 -0.00000 0.00000 -0.00000 32.22106 -52.18386 36.89602 23.49185 60.20219 -39.46333 -1.15848 -16.35888 -1.65640 1.23125 19.18542 -7.27571 2.64385 2.78791 -10.20280 7.00158 4.68968 -14.27661 5.17594 4.46730 -7.35887 2.71579 2.06918 0.15189 -11.50175 -9.34781 -1.21789 -3.85747 -3.17826 -0.49077 -0.00000 0.00000 -0.00000 10.26000 43.56964 -67.79899 33.86729 -26.22858 -74.84496 0.00000 -8.51234 0.00000 9.13525 -5.96388 -32.86782 -7.12502 -0.00000 0.00000 -10.06900 11.33947 -2.91481 -0.00000 0.00000 -0.00000 10.23006 43.00477 29.60633 -34.61522 -29.16205 79.70895 -0.00000 -26.29940 -0.00000 -5.91673 1.40617 -13.32173 7.12502 -0.00000 -0.00000 19.73589 0.87493 -42.56280
0.34162 0.89639 -0.11421 15.34153 -15.80805 -135.34475 -0.00000 0.00000 -0.00000 325.88270 -17.28329 382.26954 -2.13418 24.80340 9.68342 0.49558 -28.77690 -4.08410 -1.93428 -23.70727 -9.19684 -0.00000 0.00000 -0.00000 38.66606 -55.87846 42.44551 28.67452 62.90691 -45.35480 -2.60672 -15.03752 -9.42389 2.10501 24.64758 -9.61369 1.70409 2.16641 -10.66451 8.67404 3.60404 -15.01670 7.50869 4.46258 -7.86675 2.88952 1.67822 -1.08124 -10.60097 -6.28565 -2.42057 -3.92922 -2.52715 -1.18497 -0.00000 0.00000 0.00000 11.82748 37.08564 -65.30649 32.47742 -22.41053 -68.44331 0.00000 -9.26738 0.00000 12.50732 -8.85739 -34.76527 -7.12502 -0.00000 0.00000 -6.89732 8.44737 -5.53015 -0.00000 0.00000 0.00000 -0.99201 38.32652 36.10314 -33.74487 -25.83154 74.18507 -0.00000 -28.28150 -0.00000 -6.25606 1.44757 -12.97679 7.12502 -0.00000 -0.00000 19.40496 0.96247 -42.26987
0.34906 0.89169 -0.10214 16.60529 -15.74040 -135.07839 -0.00000 0.00000 -0.00000 324.29284 -13.84233 377.90812 -0.82800 15.86481 5.93718 1.01756 -31.58005 -3.63723 -0.79786 -15.58317 -5.82596 -0.00000 0.00000 -0.00000 46.80850 -59.01298 48.15346 33.61480 64.85915 -50.85524 -2.47343 -13.69562 -10.48509 2.55346 26.90811 -10.64466 1.03981 1.15397 -10.84403 9.50247 2.85919 -15.34918 8.67493 4.68436 -8.10544 3.52915 1.16472 -2.15775 -9.08696 -3.97630 -3.43422 -3.47889 -1.71795 -1.72842 -0.00000 0.00000 0.00000 16.25655 32.33727 -63.63042 30.51565 -18.46498 -61.58088 0.00000 -9.99159 0.00000 15.18020 -11.51509 -36.34379 -7.12502 -0.00000 0.00000 -4.42534 5.85281 -7.80398 -0.00000 0.00000 0.00000 -8.17627 34.84301 41.52245 -32.26185 -21.91585 67.60066 -0.00000 -26.39830 -0.00000 -7.06072 1.72416 -13.65362 7.12502 -0.00000 -0.00000 18.60214 0.67354 -42.99971
0.36053 0.88224 -0.09240 16.15585 -15.26993 -135.64969 -0.00000 0.00000 -0.00000 323.39708 -11.97434 374.91265 -0.75713 15.19310 5.67246 0.57456 -34.85197 -5.26912 -0.60166 -13.58792 -5.04698 -0.00000 0.00000 -0.00000 52.20385 -60.10489 51.27045 38.16491 66.26041 -55.85229 -0.04135 -9.27989 1.36569 2.21942 25.25132 -9.88492 -0.17106 0.81079 -10.56797 8.77167 3.10132 -14.89983 8.42965 5.13190 -7.87074 3.75649 0.08607 -3.03435 -6.46632 -2.00562 -4.27146 -2.64434 -0.88088 -2.16432 0.00000 0.00000 0.00000 20.50399 29.24050 -62.39390 28.62450 -15.47438 -56.07499 0.00000 -5.37770 0.00000 14.80736 -11.74139 -37.58892 -7.12502 -0.00000 0.00000 -4.38606 6.06888 -9.03968 0.00000 0.00000 0.00000 -10.55220 32.99998 45.32507 -30.61601 -18.64198 61.89700 -0.00000 -21.08160 -0.00000 -8.62532 2.62269 -16.78658 7.12502 -0.00000 -0.00000 16.93060 -0.36876 -46.21122
0.36941 0.87081 -0.08509 14.79908 -14.69919 -137.74335 -0.00000 0.00000 -0.00000 323.15862 -13.13508 375.89514 -1.01659 17.51018 6.59385 0.36459 -38.78578 -6.48816 -0.58849 -13.44208 -4.99061 -0.00000 0.00000 -0.00000 54.65230 -59.13211 51.25364 41.77493 67.15898 -59.78221 1.01271 -3.73110 11.59564 2.54904 26.88715 -10.63490 -0.77923 0.76635 -9.43142 7.69079 3.84231 -13.31307 7.55754 5.53101 -7.04511 3.78295 0.58171 -2.64313 -5.97409 -4.00582 -3.81713 -2.45759 -1.56542 -1.92220 0.00000 0.00000 0.00000 18.64250 28.33838 -60.56847 28.30759 -15.02705 -55.21984 0.00000 2.11377 -0.00000 13.31393 -10.85367 -38.50950 -7.12502 -0.00000 0.00000 -5.26361 7.46340 -9.65379 0.00000 0.00000 0.00000 -6.95256 33.35636 44.66252 -30.44680 -18.34479 61.36567 -0.00000 -13.45240 -0.00000 -8.79295 3.15649 -19.59456 7.12502 -0.00000 -0.00000 16.57980 -1.18485 -48.97296
0.37502 0.86600 -0.07953 13.60344 -15.01790 -139.00830 -0.00000 0.00000 -0.00000 322.45975 -15.36745 376.04928 -1.50906 21.11984 8.08195 1.22069 -40.56009 -5.46789 -0.58691 -13.42448 -4.98381 -0.00000 0.00000 -0.00000 52.16647 -57.72847 47.69798 41.87209 67.18089 -59.88762 0.75724 -1.14097 13.49577 3.04221 29.09469 -11.68547 -0.63596 1.10396 -8.41304 6.41682 4.28248 -11.82690 6.23035 5.26970 -6.22015 4.51030 1.35035 -1.85496 -7.19083 -6.37388 -2.97247 -3.01774 -2.48060 -1.49267 0.00000 0.00000 0.00000 12.94141 30.91059 -57.87777 30.06553 -17.69655 -60.19712 0.00000 2.01221 -0.00000 13.57615 -11.21495 -38.84775 -7.12502 -0.00000 0.00000 -4.97491 7.16138 -10.07519 0.00000 0.00000 0.00000 2.06272 36.52777 40.19679 -31.94222 -21.21554 66.40039 -0.00000 -11.56530 -0.00000 -8.69012 3.14705 -19.75722 7.12502 -0.00000 -0.00000 16.67273 -1.23484 -49.11565
0.37713 0.86893 -0.07838 13.79672 -15.51972 -137.87334 -0.00000 0.00000 -0.00000 323.70748 -19.07725 375.80173 -2.59588 27.10830 10.73807 -0.65335 -38.18536 -8.09877 -0.32469 -10.04057 -3.69490 -0.00000 0.00000 -0.00000 46.00930 -55.24567 41.67722 35.47522 65.47231 -52.90515 1.27735 -2.86080 14.89393 4.22015 33.51931 -13.95048 0.74319 1.01895 -7.61255 5.43866 4.75529 -10.71732 4.43923 5.21600 -5.55467 5.06532 1.56267 -1.20264 -8.01522 -8.12774 -2.29217 -3.45441 -3.09943 -1.16086 0.00000 0.00000 -0.00000 6.15148 36.69964 -56.32909 32.28621 -21.97079 -67.69445 0.00000 -2.56825 0.00000 15.29724 -12.64510 -38.67226 -7.12502 -0.00000 0.00000 -3.73865 5.41956 -10.32239 0.00000 0.00000 -0.00000 16.26686 40.88556 31.94800 -33.54111 -25.20419 73.14051 -0.00000 -12.55020 -0.00000 -7.41017 2.55935 -18.94944 7.12502 -0.00000 -0.00000 18.03735 -1.02168 -48.13414
0.37743 0.87354 -0.08067 14.29618 -15.88519 -135.86799 -0.00000 0.00000 -0.00000 326.41437 -24.89121 375.07743 -5.44225 37.23749 16.06001 -2.55453 -31.53745 -10.77581 -0.45165 -11.81013 -4.36469 -0.00000 0.00000 -0.00000 40.44349 -51.79664 36.51221 26.54250 61.88928 -42.94914 3.57577 -9.09138 19.34667 4.64477 34.89421 -14.70572 2.00508 1.60157 -6.53758 4.64776 5.42697 -9.27949 3.02200 5.14723 -4.76373 5.45120 0.62836 -0.34017 -8.09283 -8.58921 -1.19471 -3.61979 -3.00756 -0.64995 0.00000 0.00000 -0.00000 -1.30446 45.50706 -55.57285 33.89893 -26.33398 -75.02000 0.00000 -6.89815 0.00000 14.63935 -12.17119 -38.90798 -7.12502 -0.00000 0.00000 -4.16593 6.06178 -10.40422 0.00000 0.00000 -0.00000 36.99049 44.57888 18.94384 -34.52911 -28.76041 79.04284 -0.00000 -9.41529 -0.00000 -6.53567 1.99690 -16.91717 7.12502 -0.00000 -0.00000 19.02842 -0.36524 -46.05889
0.37671 0.87991 -0.08361 15.80818 -16.20102 -133.42603 -0.00000 0.00000 -0.00000 330.91226 -34.06219 373.17189 -12.73661 50.76818 26.47236 -2.81394 -17.32662 -12.31404 -0.63181 -13.91542 -5.17382 -0.00000 0.00000 -0.00000 39.23910 -50.31374 34.26867 21.39963 58.85618 -37.03611 4.76570 -15.70339 18.67494 4.21787 33.51165 -13.94634 3.03334 2.78754 -5.52255 4.39704 5.56315 -7.86315 2.43063 4.40327 -4.02338 5.20900 -0.18359 1.14829 -8.46680 -8.66190 0.74807 -3.79268 -2.73099 0.31497 -0.00000 0.00000 0.00000 -12.82360 56.56182 -51.03252 34.65033 -29.33318 -79.99291 0.00000 -8.27533 0.00000 10.92363 -9.22983 -39.72908 -7.12502 -0.00000 0.00000 -6.71091 9.81823 -10.39314 -0.00000 0.00000 0.00000 61.07454 45.90035 3.61027 -34.94020 -30.98388 82.73965 -0.00000 -6.80605 -0.00000 -6.22449 1.41928 -12.79453 7.12502 -0.00000 -0.00000 19.43745 1.02667 -42.09334
0.37497 0.88746 -0.08786 17.37858 -15.91857 -130.37948 -0.00000 0.00000 -0.00000 335.66652 -43.96295 368.72067 -29.55768 63.29480 46.34509 0.11313 2.69607 -12.08420 -0.45728 -11.88209 -4.39211 -0.00000 0.00000 -0.00000 38.38665 -49.63811 31.37448 18.21610 56.43602 -33.26877 4.42035 -21.45235 15.62609 3.65218 31.51229 -12.89404 3.28512 4.05144 -4.53878 4.31253 5.60910 -6.47316 2.40289 3.67970 -3.33596 4.83093 0.07496 2.56273 -8.50430 -9.75959 2.59051 -3.86255 -3.01010 1.24977 -0.00000 0.00000 -0.00000 -32.49278 66.47956 -37.10978 34.90297 -30.73997 -82.33266 0.00000 -7.39254 0.00000 7.50998 -6.13774 -39.04339 -7.12502 -0.00000 0.00000 -9.48606 13.29715 -9.00218 -0.00000 0.00000 -0.00000 84.36606 42.51245 -10.81381 -35.08962 -32.13833 84.67329 -0.00000 -4.88308 -0.00000 -5.67694 1.05586 -10.50175 7.12502 -0.00000 -0.00000 19.96582 1.86951 -39.86870
0.37215 0.89164 -0.09121 17.86259 -15.23249 -126.42539 -0.00000 0.00000 -0.00000 337.58847 -52.42632 360.92346 -64.12460 69.88983 83.74607 3.73633 17.29732 -12.08322 -0.63445 -13.94368 -5.18478 -0.00000 0.00000 -0.00000 34.93800 -48.22438 27.15661 15.54911 53.96571 -30.02197 4.43025 -25.64536 14.85505 3.45598 30.76739 -12.51464 3.60876 5.11177 -3.68410 3.52596 5.63733 -5.20897 1.53793 2.98682 -2.67425 5.57107 1.47894 3.65313 -9.18772 -12.21379 3.93614 -3.99309 -3.53145 1.97268 -0.00000 0.00000 -0.00000 -63.35601 71.23299 -8.87466 34.97731 -31.24093 -83.16908 0.00000 -4.94743 0.00000 6.81005 -5.44078 -38.44864 -7.12502 -0.00000 0.00000 -10.20322 13.95475 -8.26418 -0.00000 0.00000 -0.00000 102.04448 35.87646 -19.45951 -35.11518 -32.37936 85.07880 -0.00000 -2.42646 -0.00000 -5.81046 0.96290 -9.37733 7.12502 -0.00000 -0.00000 19.81764 2.23839 -38.81436
0.36801 0.89332 -0.09087 17.25381 -12.56627 -122.81789 -0.00000 0.00000 -0.00000 339.52332 -58.99177 352.05469 -103.39034 65.81815 125.84960 4.71227 19.61849 -13.21181 -1.64340 -21.98003 -8.44767 -0.00000 0.00000 -0.00000 32.27423 -45.35208 22.86955 14.11885 52.42800 -28.23592 3.76630 -28.12860 13.20785 3.11668 29.40674 -11.83788 5.60598 7.71620 -3.02289 2.94616 5.87250 -4.09362 0.01541 1.62884 -2.08036 6.83850 2.42938 4.60846 -10.49418 -14.52831 5.04013 -4.80934 -4.20722 2.52462 -0.00000 0.00000 0.00000 -91.32419 67.88640 18.05636 34.96508 -31.15456 -83.02472 0.00000 -0.33363 0.00000 8.86366 -7.08706 -38.34942 -7.12502 -0.00000 0.00000 -8.67557 11.91500 -8.53364 -0.00000 0.00000 0.00000 109.30661 33.69915 -22.81687 -35.10720 -32.30215 84.94883 -0.00000 -1.56824 -0.00000 -8.18740 1.17927 -8.14057 7.12502 -0.00000 -0.00000 17.50396 2.28466 -37.79587
0.36021 0.89759 -0.09001 15.49667 -9.30845 -120.02330 -0.00000 0.00000 -0.00000 342.65607 -63.49810 344.74537 -121.53251 56.64607 146.42991 3.89293 16.01775 -14.84892 -1.48409 -20.95497 -8.01237 -0.00000 0.00000 -0.00000 29.73330 -40.99901 18.11382 12.65407 50.66299 -26.36572 3.01403 -29.28617 11.62802 2.84663 28.24987 -11.27786 7.02805 10.70896 -2.50890 2.57759 5.73777 -3.05165 -0.99535 -0.18099 -1.57886 7.15002 3.50210 5.30066 -9.76624 -15.96839 6.10908 -4.83245 -4.73532 3.01166 -0.00000 0.00000 0.00000 -105.73496 59.58282 32.04370 34.96145 -31.12925 -82.98243 0.00000 3.37009 -0.00000 9.56360 -7.48215 -37.69962 -7.12502 -0.00000 0.00000 -8.33747 11.21190 -7.99388 -0.00000 0.00000 0.00000 108.92255 37.32808 -26.21437 -35.17985 -33.10080 86.29698 -0.00000 -1.63737 -0.00000 -7.97898 0.84042 -5.97393 7.12502 -0.00000 -0.00000 17.64368 2.98758 -35.69377
0.35011 0.90769 -0.08950 12.42308 -8.12381 -117.15281 -0.00000 0.00000 -0.00000 339.38894 -64.98014 334.11480 -127.50440 50.45897 153.83947 3.36733 15.32937 -13.14290 -0.99566 -17.33654 -6.52397 -0.00000 0.00000 -0.00000 24.62664 -36.14087 12.05248 10.53659 47.68930 -23.56868 2.27847 -29.80101 10.13563 2.58535 27.05881 -10.71495 6.14250 11.61630 -1.48578 1.12031 6.08614 -1.72859 -2.11246 -0.25237 -0.90947 8.29486 3.56852 4.78737 -8.22735 -17.08875 5.67217 -4.56917 -5.16122 2.61149 0.00000 0.00000 0.00000 -107.10549 54.36290 36.07143 35.00937 -31.47634 -83.56289 0.00000 2.69851 -0.00000 10.76099 -8.32316 -37.29492 -7.12502 -0.00000 0.00000 -7.54068 10.04824 -7.81264 0.00000 0.00000 0.00000 103.60220 41.56682 -26.44814 -35.26200 -34.90429 89.37764 -0.00000 -2.27216 -0.00000 -7.55222 0.52264 -3.93585 7.12502 -0.00000 -0.00000 17.95585 3.70825 -33.71346
0.33745 0.92395 -0.08745 10.08094 -7.57742 -115.40074 -0.00000 0.00000 -0.00000 333.95522 -64.24786 323.72457 -128.62700 48.93129 155.31135 3.16479 17.81346 -8.95533 -1.02824 -17.60605 -6.63249 -0.00000 0.00000 -0.00000 20.90401 -30.56499 7.72304 7.81078 42.85487 -19.73609 1.55126 -28.80300 8.54833 2.50736 26.68809 -10.54240 5.11181 11.41220 -0.23951 0.04054 5.96743 -0.16629 -2.80654 -0.15214 -0.12090 7.94885 3.42539 4.12010 -6.93157 -17.42882 4.88934 -4.04010 -5.37576 2.15774 -0.00000 0.00000 -0.00000 -104.48156 53.65954 36.86765 35.07548 -32.01239 -84.46169 0.00000 -1.48215 0.00000 12.74621 -9.70087 -36.68282 -7.12502 -0.00000 0.00000 -6.19317 8.15827 -7.59560 -0.00000 0.00000 -0.00000 93.00770 44.66190 -24.19089 -35.18318 -37.33041 93.62930 -0.00000 -5.13502 -0.00000 -7.77331 0.41875 -3.06466 7.12502 -0.00000 -0.00000 17.69896 3.92911 -32.88137
0.32169 0.94601 -0.08471 8.88670 -7.99992 -113.83878 -0.00000 0.00000 -0.00000 326.35972 -61.52786 314.85040 -126.62315 51.56015 152.70573 2.25413 19.52493 -4.08907 -1.05012 -17.78431 -6.70447 -0.00000 0.00000 -0.00000 18.03184 -25.11109 5.12895 5.19595 36.54389 -15.64972 -0.08626 -26.94410 4.63559 2.05934 24.40082 -9.50365 4.27623 8.76840 0.66711 -0.93256 5.72891 0.90441 -3.41048 1.12859 0.46742 6.70639 2.67613 3.63950 -5.71328 -16.42397 4.30390 -3.32720 -5.05681 1.89479 0.00000 0.00000 -0.00000 -99.20502 54.90284 34.88958 35.09748 -32.21052 -84.79467 0.00000 -4.49049 0.00000 13.17232 -10.39372 -37.62729 -7.12502 -0.00000 0.00000 -5.61106 7.68266 -8.68790 0.00000 0.00000 -0.00000 77.41122 45.59054 -16.83598 -34.95523 -39.23777 97.08946 -0.00000 -8.90782 -0.00000 -9.15195 0.54252 -3.36359 7.12502 -0.00000 -0.00000 16.42058 3.52655 -33.21049
0.30607 0.96826 -0.08145 7.81642 -8.69285 -113.23672 -0.00000 0.00000 -0.00000 323.38654 -58.70343 313.65456 -121.08494 57.01136 145.89521 1.51816 17.71552 -2.40360 -1.41153 -20.46651 -7.80722 -0.00000 0.00000 -0.00000 16.07366 -21.10347 3.51058 3.80607 32.07704 -13.18611 -1.98290 -23.91927 -1.06245 1.96381 23.87348 -9.27005 3.22762 6.13726 1.47381 -1.94168 5.42850 1.89781 -3.83791 2.35226 0.99754 5.59088 1.25558 3.32902 -4.57113 -14.42077 3.95766 -2.65176 -4.28652 1.75868 0.00000 0.00000 -0.00000 -92.20132 56.63456 31.16462 35.04404 -31.74774 -84.01757 0.00000 -7.80340 0.00000 12.31442 -10.15435 -38.92471 -7.12502 -0.00000 0.00000 -5.89922 8.44117 -9.85877 0.00000 0.00000 -0.00000 59.95175 42.99382 -5.49351 -34.83176 -39.93782 98.39186 -0.00000 -13.94180 -0.00000 -12.09787 0.97609 -4.54410 7.12502 -0.00000 -0.00000 13.68640 2.59380 -34.47253
0.29305 0.98636 -0.07671 6.16371 -9.11557 -113.02343 -0.00000 0.00000 -0.00000 323.84882 -55.74238 317.93847 -108.56449 64.06075 131.55994 1.36783 15.43606 -3.04873 -1.94282 -23.75550 -9.21807 -0.00000 0.00000 -0.00000 14.03215 -21.59684 -1.35854 4.11171 33.15190 -13.75315 -3.55375 -21.54384 -7.13922 3.39975 30.54846 -12.40436 2.62499 4.72959 2.18835 -3.08319 5.59345 2.82339 -4.61943 3.42540 1.48552 4.56632 -0.01314 3.03944 -3.30026 -12.95187 3.64234 -2.19251 -4.09768 1.59177 -0.00000 0.00000 0.00000 -82.76459 59.29737 25.14545 34.88181 -30.60671 -82.11050 0.00000 -9.81389 0.00000 12.82519 -10.73669 -39.29410 -7.12502 -0.00000 0.00000 -5.41342 7.88600 -10.36759 -0.00000 0.00000 0.00000 45.19406 36.10047 6.68220 -34.98752 -39.03078 96.70795 -0.00000 -18.63010 -0.00000 -14.87434 1.49913 -5.62554 7.12502 -0.00000 -0.00000 11.06496 1.83922 -35.67966
0.28132 0.99422 -0.07102 4.47066 -8.94202 -113.16600 -0.00000 0.00000 -0.00000 326.19825 -53.35596 324.77744 -83.94347 69.36557 104.85828 1.41261 14.40958 -3.92064 -2.24372 -25.37703 -9.94176 -0.00000 0.00000 -0.00000 11.91135 -25.23968 -8.75303 5.87675 38.40263 -16.76856 -5.78288 -22.96174 -13.09066 6.10121 38.97756 -17.12764 3.17360 4.55115 2.75468 -4.48665 5.51751 3.60224 -6.38917 3.67336 1.92898 4.17026 -0.52272 2.86417 -2.35073 -12.39782 3.48668 -1.75336 -3.82607 1.50690 -0.00000 0.00000 -0.00000 -72.54258 61.86162 19.27040 34.61703 -29.17076 -79.72339 0.00000 -9.79299 0.00000 13.29927 -10.87768 -38.60239 -7.12502 -0.00000 0.00000 -5.24921 7.46908 -9.74863 -0.00000 0.00000 -0.00000 35.92967 27.51076 17.34738 -35.24358 -36.31760 91.83675 -0.00000 -22.21340 -0.00000 -16.82832 2.04029 -6.71340 7.12502 -0.00000 -0.00000 9.19202 1.32020 -36.89683
0.26925 0.99002 -0.06738 2.64593 -8.69955 -113.01089 -0.00000 0.00000 -0.00000 329.02148 -50.80601 332.73229 -50.59199 68.73845 69.29118 1.25860 12.95536 -4.17416 -1.54714 -21.36812 -8.18703 -0.00000 0.00000 -0.00000 9.02839 -28.70478 -17.01369 8.46555 44.14500 -20.68724 -7.11043 -25.52636 -14.34049 6.08279 38.93104 -17.09834 2.65152 4.66255 3.18267 -5.32786 5.45572 4.15578 -6.98246 3.65500 2.19617 3.84836 -0.96841 2.72331 -2.25932 -11.91279 3.29055 -1.62420 -3.58232 1.43217 0.00000 0.00000 -0.00000 -62.02693 64.40682 12.10899 34.24738 -27.58502 -77.09490 0.00000 -10.57450 0.00000 11.81175 -9.01090 -36.83107 -7.12502 -0.00000 0.00000 -6.86777 9.04645 -7.54780 0.00000 0.00000 -0.00000 29.91259 18.39661 27.18840 -35.04508 -31.75619 84.03174 -0.00000 -24.29460 -0.00000 -17.41108 2.49680 -7.90878 7.12502 -0.00000 -0.00000 8.61007 1.03897 -38.17121
0.25497 0.97457 -0.06557 0.94378 -8.17589 -112.58449 -0.00000 0.00000 -0.00000 332.35424 -48.23701 341.40807 -26.67805 61.95763 43.10277 0.97545 10.00980 -4.91446 -1.03540 -17.66457 -6.65610 -0.00000 0.00000 -0.00000 6.75573 -30.34638 -23.71260 10.27541 47.28127 -23.21435 -4.97705 -24.87976 -8.89308 3.93285 32.53016 -13.42333 1.97555 4.45599 3.57321 -5.66019 5.53805 4.65956 -6.91370 3.90082 2.42989 3.66219 -1.32980 2.58822 -2.95822 -11.58901 3.03062 -1.78792 -3.40457 1.34303 0.00000 0.00000 -0.00000 -50.81181 66.84845 2.84088 33.77845 -25.93881 -74.36345 0.00000 -11.21590 0.00000 9.94064 -6.82479 -34.13907 -7.12502 -0.00000 0.00000 -9.07608 10.73077 -4.37198 0.00000 0.00000 -0.00000 26.41535 9.60278 36.75737 -33.63396 -25.48523 73.60878 -0.00000 -24.20810 -0.00000 -16.80950 2.82954 -9.28044 7.12502 -0.00000 -0.00000 9.15559 0.88130 -39.54857
0.23790 0.95212 -0.06518 0.41865 -7.15762 -112.74335 -0.00000 0.00000 -0.00000 336.77799 -46.60790 349.68411 -14.07568 52.37890 28.18143 0.88510 7.16859 -8.43247 -0.70833 -14.71033 -5.48332 -0.00000 0.00000 -0.00000 7.55139 -30.84302 -26.38980 10.61100 47.80372 -23.66921 -3.02001 -27.19190 -2.33903 3.42317 30.63995 -12.45038 2.05396 3.42915 4.21139 -5.69858 5.02868 5.55278 -6.91366 4.07314 2.89132 3.19713 -1.10015 2.28857 -3.26889 -11.22017 2.61892 -1.77902 -3.33670 1.18296 0.00000 0.00000 -0.00000 -39.58855 69.13730 -7.21817 33.23445 -24.32601 -71.67320 0.00000 -12.13580 0.00000 7.53621 -4.90524 -32.87624 -7.12502 -0.00000 0.00000 -11.33294 12.70344 -2.65446 0.00000 0.00000 -0.00000 26.19492 2.26517 46.51359 -30.38528 -18.23825 61.17453 -0.00000 -21.39710 -0.00000 -16.57390 3.56473 -11.80013 7.12502 -0.00000 -0.00000 9.27915 0.46886 -42.13275
0.22164 0.93247 -0.06366 0.63791 -6.25507 -113.12767 -0.00000 0.00000 -0.00000 339.64521 -44.75480 353.16296 -7.44079 42.08255 19.18813 0.68909 5.32151 -13.67367 -0.58762 -13.43244 -4.98689 -0.00000 0.00000 -0.00000 10.72350 -29.46431 -24.67549 10.06826 46.95033 -22.93163 -4.56810 -34.81869 -2.30706 3.68331 31.62788 -12.95350 2.90039 2.23985 4.91287 -5.93891 4.20547 6.53730 -7.56407 4.14399 3.42996 3.25073 -0.84974 1.95582 -3.65456 -11.14153 2.15215 -1.89460 -3.37209 0.96962 -0.00000 0.00000 0.00000 -28.23387 71.02599 -18.22129 32.71849 -22.98787 -69.42191 0.00000 -11.83940 0.00000 7.65132 -5.04718 -33.21978 -7.12502 -0.00000 0.00000 -11.14214 12.64657 -3.02533 -0.00000 0.00000 0.00000 28.90796 -3.03115 55.84294 -25.39374 -11.44782 47.96761 -0.00000 -17.78130 -0.00000 -17.97154 5.35964 -16.06448 7.12502 -0.00000 -0.00000 7.56383 -0.23137 -46.74191
0.20735 0.91848 -0.05990 1.21288 -4.41084 -113.30658 -0.00000 0.00000 -0.00000 341.00338 -42.06618 348.97075 -4.70217 35.07277 14.80583 -0.80263 -1.99921 -12.30787 -1.13938 -18.49068 -6.99120 -0.00000 0.00000 -0.00000 15.06090 -25.93649 -21.83781 8.48417 44.18034 -20.71396 -5.99105 -40.15913 -2.57051 2.91337 28.54239 -11.41819 4.96163 1.57305 5.22452 -5.71134 3.60665 6.98363 -8.46921 4.19577 3.73576 3.56519 -0.21438 2.06843 -4.44228 -12.48369 2.18647 -2.27414 -3.95999 0.98811 0.00000 0.00000 0.00000 -21.92613 72.09025 -26.08947 32.52075 -22.51234 -68.61624 0.00000 -8.90805 0.00000 8.87365 -5.96925 -33.66761 -7.12502 -0.00000 0.00000 -10.04885 11.63402 -3.69294 0.00000 0.00000 0.00000 33.66886 -5.56161 63.91374 -19.68365 -6.39323 35.69010 -0.00000 -13.35270 -0.00000 -18.10404 7.32543 -21.30620 7.12502 -0.00000 -0.00000 6.78261 -0.87211 -52.29272
0.19499 0.91051 -0.05378 3.16343 -2.06520 -112.80606 -0.00000 0.00000 -0.00000 342.35520 -41.31338 343.67249 -4.25271 33.62828 14.00935 -0.16720 -13.83352 -3.18800 -1.87643 -23.37706 -9.05201 -0.00000 0.00000 -0.00000 18.44759 -25.26788 -21.52580 7.71722 42.66268 -19.59829 -7.11438 -43.07157 -3.14434 2.69368 27.56182 -10.95105 7.27530 0.98672 5.22265 -4.93922 2.78562 6.98644 -8.99161 3.85779 3.78287 3.68361 0.28723 2.22390 -4.97859 -14.91959 2.20973 -2.31353 -4.39105 1.00775 -0.00000 0.00000 -0.00000 -19.55529 73.22640 -32.41363 32.72450 -23.00261 -69.44684 0.00000 -7.16761 0.00000 8.70977 -6.02950 -34.43691 -7.12502 -0.00000 0.00000 -9.95603 11.84199 -4.45692 -0.00000 0.00000 -0.00000 33.10908 -3.15282 65.41697 -16.25933 -4.23286 29.00911 -0.00000 -12.46370 -0.00000 -16.86695 9.05451 -27.43180 7.12502 -0.00000 -0.00000 7.02521 -1.69918 -58.52929
0.18585 0.90851 -0.04643 4.37706 -1.20598 -110.94657 -0.00000 0.00000 -0.00000 342.29372 -42.69104 345.59748 -4.71494 35.11228 14.82806 1.27977 -17.35364 1.66596 -1.42983 -20.59107 -7.85940 -0.00000 0.00000 -0.00000 17.15608 -27.80226 -22.63032 9.62839 46.22513 -22.32613 -5.97785 -40.48117 -2.41236 2.20642 25.18374 -9.85441 6.40883 1.02692 4.90238 -4.64146 2.66619 6.55519 -8.21094 3.47266 3.51156 4.45580 0.36997 2.11970 -4.60533 -18.06266 1.94566 -2.37834 -5.38140 0.74423 0.00000 0.00000 -0.00000 -12.20899 74.08631 -45.41207 33.09387 -23.94582 -71.03570 0.00000 -8.12662 0.00000 7.78529 -5.59670 -35.50087 -7.12502 -0.00000 0.00000 -10.36360 12.76762 -5.39188 0.00000 0.00000 -0.00000 29.02296 2.90306 62.34844 -16.48910 -4.36106 29.44665 -0.00000 -8.41129 -0.00000 -13.21601 7.79613 -30.01138 7.12502 -0.00000 -0.00000 10.47488 -2.90875 -60.34801
0.17472 0.91262 -0.03723 4.80668 -0.48475 -108.35542 -0.00000 0.00000 -0.00000 341.78237 -44.19551 350.48487 -6.30422 39.48279 17.44862 1.33701 -15.17782 3.06424 -1.98400 -23.98624 -9.31983 -0.00000 0.00000 -0.00000 12.22680 -31.30402 -23.02874 15.25985 53.66804 -29.66359 -2.44922 -28.16941 -0.55850 1.70468 22.35844 -8.61006 5.10952 0.85109 4.24840 -4.24007 3.16252 5.65896 -7.02376 3.73181 3.02933 4.33849 -0.19450 1.99499 -2.93270 -20.28893 1.84503 -1.86946 -6.01831 0.50990 -0.00000 0.00000 -0.00000 0.79382 74.76691 -65.21308 33.47627 -25.01238 -72.82058 0.00000 -9.64699 0.00000 8.59837 -6.26565 -35.82111 -7.12502 -0.00000 0.00000 -9.63708 12.04542 -5.86568 -0.00000 0.00000 -0.00000 24.00678 13.21209 56.71563 -20.42341 -6.93571 37.18624 -0.00000 -3.46979 -0.00000 -8.67426 4.13378 -25.29075 7.12502 -0.00000 -0.00000 16.13428 -2.78630 -54.53881
0.16226 0.91709 -0.02917 4.10127 0.38627 -106.86761 -0.00000 0.00000 -0.00000 342.58738 -43.64092 356.75611 -9.05688 45.23407 21.52802 1.58311 -15.48715 3.98964 -1.56747 -21.49926 -8.24268 -0.00000 0.00000 -0.00000 7.73193 -33.16963 -16.84835 24.43424 60.75552 -40.54631 0.13214 -7.42426 2.37336 2.48493 26.58009 -10.49237 3.49504 1.67781 3.88961 -3.27167 3.46885 5.17858 -5.15185 3.25472 2.70960 4.41407 -1.59181 1.66025 -2.55983 -20.14607 1.33446 -1.69551 -5.76152 0.20592 -0.00000 0.00000 -0.00000 18.93202 74.09038 -90.44795 33.91313 -26.38166 -75.09917 0.00000 -12.14510 0.00000 8.11839 -6.03175 -36.37656 -7.12502 -0.00000 0.00000 -9.84253 12.53114 -6.35333 -0.00000 0.00000 -0.00000 23.07401 25.38042 49.82876 -25.37662 -11.42922 47.92761 -0.00000 1.26225 0.00000 0.41320 -0.13212 -17.73082 7.12502 -0.00000 -0.00000 26.00255 -0.42604 -45.87333
0.14955 0.91617 -0.02564 3.57950 1.19011 -104.03534 -0.00000 0.00000 -0.00000 343.05164 -42.15096 360.78760 -12.61653 50.61490 26.31716 0.91294 -15.01526 1.23761 -1.32149 -19.83939 -7.54588 -0.00000 0.00000 -0.00000 5.42588 -32.82625 -5.91433 35.59946 65.51119 -53.04170 -1.12346 8.18704 9.18148 5.83115 38.28367 -16.69506 1.49587 1.88662 2.94966 -1.97575 3.44119 3.90541 -2.74938 2.71607 1.98798 4.66740 -2.10589 1.36588 -2.60592 -20.42582 0.85335 -1.70718 -5.78026 -0.06751 -0.00000 0.00000 -0.00000 30.92044 70.70471 -108.31085 34.50081 -28.63341 -78.83230 0.00000 -15.99710 0.00000 6.50808 -4.79133 -36.21123 -7.12502 -0.00000 0.00000 -11.13613 14.02172 -5.90803 -0.00000 0.00000 -0.00000 28.56210 37.68537 40.79792 -29.57385 -16.90055 58.74262 -0.00000 4.02352 0.00000 10.73746 -2.28641 -11.88080 7.12502 -0.00000 -0.00000 35.86980 3.87868 -39.65552
0.13344 0.90781 -0.02362 3.77521 4.03637 -99.43451 -0.00000 0.00000 -0.00000 344.10520 -39.93700 360.18819 -14.67330 53.04415 28.93258 -0.27218 -17.85175 -4.10862 -0.98068 -17.21097 -6.47352 -0.00000 0.00000 -0.00000 6.11790 -29.46186 5.72529 52.44825 68.97837 -71.28136 -1.15143 9.14620 7.57186 4.79376 35.35430 -14.96467 2.58561 1.35613 1.36985 -0.56585 3.24450 1.78100 -1.96949 2.67004 0.94005 4.44913 -2.00857 1.11976 -1.32006 -22.24800 0.60007 -1.26741 -6.40153 -0.33825 0.00000 0.00000 -0.00000 34.38461 64.36562 -115.21541 35.03576 -31.68111 -83.90587 0.00000 -18.71900 0.00000 7.16304 -5.15277 -35.55107 -7.12502 -0.00000 0.00000 -10.83175 13.34258 -5.33776 0.00000 0.00000 -0.00000 43.36305 47.50903 25.93688 -32.39198 -22.21215 68.10587 -0.00000 5.67746 0.00000 16.45090 -2.73627 -9.18366 7.12502 -0.00000 -0.00000 40.92950 7.01648 -36.98135
0.11637 0.89638 -0.02434 3.84245 5.94938 -94.37489 -0.00000 0.00000 -0.00000 343.22046 -37.82213 357.31677 -14.39708 52.74051 28.58622 -1.12010 -23.10105 -7.10374 -0.67227 -14.34183 -5.33955 -0.00000 0.00000 -0.00000 6.39009 -24.85080 17.93902 80.04641 69.67492 -100.69853 -0.99494 9.84051 5.24820 4.03281 32.88009 -13.60834 2.60253 1.06473 -0.22048 0.51322 2.85228 -0.35376 -0.94523 2.31851 -0.14264 3.58419 -0.59905 0.82070 0.41465 -26.39075 0.31797 -0.57439 -8.04237 -0.70880 -0.00000 0.00000 -0.00000 30.27433 55.83468 -112.76801 35.26313 -35.00328 -89.54847 0.00000 -18.95540 0.00000 10.67164 -8.03372 -36.56245 -7.12502 -0.00000 0.00000 -7.81930 10.13468 -7.03050 -0.00000 0.00000 -0.00000 65.57346 50.40977 4.46006 -33.97098 -26.57851 75.42594 -0.00000 3.17704 0.00000 17.71357 -2.43472 -7.57600 7.12502 -0.00000 -0.00000 41.85073 8.51088 -35.61772
0.10223 0.88536 -0.02879 3.72294 5.34626 -91.10382 -0.00000 0.00000 -0.00000 340.85391 -36.95257 355.15444 -15.22183 53.62843 29.61638 -1.73451 -26.74283 -8.80835 -0.58082 -13.35642 -4.95754 -0.00000 0.00000 -0.00000 5.66959 -21.28781 31.40107 107.93799 64.29973 -130.86396 -1.30624 13.05668 4.36145 5.37704 37.05629 -15.95202 -1.12500 1.20158 -1.36939 1.48069 2.49003 -1.88080 2.10377 1.96488 -0.99053 2.91399 0.81334 1.09605 0.41910 -30.59379 0.43161 -0.50207 -9.79533 -0.78090 -0.00000 0.00000 -0.00000 21.01375 47.21001 -104.38575 35.13668 -37.84559 -94.55227 0.00000 -20.12400 0.00000 13.51111 -10.60143 -37.43985 -7.12502 -0.00000 0.00000 -5.40508 7.36491 -8.56851 -0.00000 0.00000 -0.00000 81.76642 44.52083 -12.76693 -34.64846 -29.32392 79.97755 -0.00000 -1.92152 -0.00000 17.70760 -2.02024 -6.30051 7.12502 -0.00000 -0.00000 41.64317 9.38221 -34.61105
0.09095 0.87989 -0.02658 3.07043 5.01270 -90.50788 -0.00000 0.00000 -0.00000 340.10080 -35.77520 354.86938 -16.00614 54.42320 30.58549 -1.88709 -28.10664 -9.22138 -0.41665 -11.35162 -4.19031 -0.00000 0.00000 -0.00000 6.53176 -19.95028 43.07275 122.84963 55.50433 -148.01713 -0.29716 13.01898 -0.87781 5.13551 36.36975 -15.54800 -1.80449 1.40637 -2.38545 1.16770 2.59642 -3.23351 2.13193 2.04131 -1.67733 3.13250 1.11405 2.00517 1.85260 -32.86250 1.95436 -0.36374 -10.71302 -0.41720 -0.00000 0.00000 0.00000 12.13124 39.58088 -93.15338 34.95825 -39.21891 -97.05464 0.00000 -21.14590 0.00000 16.18407 -13.62349 -39.06203 -7.12502 -0.00000 0.00000 -2.98410 4.42915 -10.97978 -0.00000 0.00000 0.00000 82.84842 36.93645 -17.01633 -34.91215 -30.79894 82.43102 -0.00000 -3.45301 -0.00000 11.84949 -0.83284 -3.96298 7.12502 -0.00000 -0.00000 35.97410 8.86002 -33.01992
0.08148 0.88492 -0.02062 2.52571 4.97146 -90.23288 -0.00000 0.00000 -0.00000 340.21339 -33.80636 356.40616 -14.55879 52.91906 28.78916 -1.86342 -28.30269 -9.18175 -0.42441 -11.45498 -4.22957 -0.00000 0.00000 -0.00000 7.70237 -24.71645 46.74488 129.34381 47.87281 -156.26983 0.12007 12.73744 -2.82988 6.88804 40.86390 -18.35355 -2.27485 1.32189 -3.27032 1.20552 2.47735 -4.41107 2.40380 2.06628 -2.27329 2.26196 1.32335 2.50121 4.34964 -33.98528 3.17934 0.41668 -11.24807 -0.14123 0.00000 0.00000 0.00000 5.39010 32.20394 -84.28958 35.12939 -37.91685 -94.68059 0.00000 -18.16030 0.00000 17.72800 -17.13468 -42.66391 -7.12502 -0.00000 0.00000 -1.00398 1.76565 -15.37013 0.00000 0.00000 0.00000 71.47650 29.49662 -13.13844 -35.10969 -32.32606 84.98907 -0.00000 -6.39277 -0.00000 2.11400 -0.07719 -2.09022 7.12502 -0.00000 -0.00000 26.81644 6.85193 -31.72044
0.07201 0.90124 -0.01115 1.82697 4.26939 -89.77129 -0.00000 0.00000 -0.00000 340.32266 -30.65778 360.39509 -11.29949 48.82589 24.59107 -2.10006 -25.78378 -9.61133 -0.33289 -10.16472 -3.74162 -0.00000 0.00000 -0.00000 7.56087 -34.01398 40.79785 131.44785 44.30880 -159.18861 -0.93301 14.11239 1.76586 6.40098 39.71891 -17.60042 -2.52462 0.44539 -3.88350 0.87559 2.79269 -5.20459 2.07652 2.91589 -2.68281 2.30051 0.82958 2.81626 5.03856 -35.02704 3.67180 0.54737 -11.59418 -0.10728 0.00000 0.00000 -0.00000 2.02878 22.45325 -79.80557 35.19733 -33.33985 -86.70223 0.00000 -16.52240 0.00000 18.62789 -18.64295 -43.48152 -7.12502 -0.00000 0.00000 -0.20555 0.37994 -16.58562 0.00000 0.00000 -0.00000 57.19230 18.53869 -4.64171 -35.24651 -34.27593 88.29783 -0.00000 -13.87370 -0.00000 -6.92499 0.72617 -5.95718 7.12502 -0.00000 -0.00000 18.64478 3.19284 -35.62656
0.06402 0.92352 0.00029 0.53701 2.76234 -89.77238 -0.00000 0.00000 -0.00000 340.13013 -26.98326 365.89103 -8.27501 43.77914 20.41275 -2.31308 -19.59324 -10.43174 -0.13691 -6.54620 -2.39374 -0.00000 0.00000 -0.00000 7.56073 -41.09039 29.49565 130.75985 45.55817 -158.21457 -1.22262 12.43080 4.38110 6.08997 38.94918 -17.10976 -2.51194 0.58853 -4.36580 0.43427 2.45311 -5.83826 1.63362 2.47463 -2.98229 1.10463 1.21509 3.10202 5.21148 -35.38145 3.98333 0.77515 -11.84077 0.14013 0.00000 0.00000 -0.00000 1.00841 13.35412 -77.77170 34.09028 -26.99857 -76.12276 0.00000 -15.83890 0.00000 19.36394 -18.63547 -42.27793 -7.12502 -0.00000 0.00000 0.02796 -0.04942 -15.50509 0.00000 0.00000 -0.00000 45.35967 5.87523 5.36535 -35.25199 -36.07870 91.41782 -0.00000 -20.90650 -0.00000 -16.24153 3.70193 -12.49689 7.12502 -0.00000 -0.00000 9.56894 0.36794 -42.81850
0.05688 0.94448 0.01201 -1.43842 0.85140 -90.61589 -0.00000 0.00000 -0.00000 339.29016 -23.13734 370.05130 -6.40054 39.71784 17.59973 -1.88134 -11.42361 -10.93414 -0.09769 -5.53419 -2.02099 -0.00000 0.00000 -0.00000 10.95014 -43.33688 20.80950 126.63077 51.55096 -152.71547 -1.30844 9.47144 8.54306 6.11785 39.01949 -17.15408 -2.51905 1.82017 -4.44465 -0.31450 2.01148 -5.97156 1.03817 1.26945 -3.02632 0.56379 0.85779 3.49699 4.77699 -34.43251 4.37436 0.66872 -11.38067 0.50664 0.00000 0.00000 0.00000 2.87541 5.62782 -76.14178 31.82074 -20.95880 -65.95800 0.00000 -15.96750 0.00000 19.47679 -19.49605 -43.34005 -7.12502 -0.00000 0.00000 0.33012 -0.61407 -16.73733 0.00000 0.00000 0.00000 39.46057 -6.73489 19.28573 -35.18374 -37.32342 93.61683 -0.00000 -27.25610 -0.00000 -24.03466 8.97769 -19.28615 7.12502 -0.00000 -0.00000 0.96210 -0.10415 -51.17763
0.04900 0.95896 0.02369 -2.67959 -0.27407 -91.91792 -0.00000 0.00000 -0.00000 338.53661 -20.75888 370.25990 -5.76049 38.09783 16.58078 -1.16574 -4.57282 -11.75954 -0.30170 -9.68326 -3.56065 -0.00000 0.00000 -0.00000 16.20967 -44.72668 15.77943 116.38862 60.27409 -140.39898 -2.18938 11.47357 12.49521 6.17535 39.16366 -17.24527 -2.35355 1.81378 -4.29083 -0.76151 1.83304 -5.76579 0.51147 1.02012 -2.91472 1.01993 -0.38328 3.76576 3.69101 -32.95726 4.45927 0.24025 -10.51772 0.70505 -0.00000 0.00000 0.00000 6.11666 -0.38309 -74.91796 29.01671 -16.04719 -57.15666 0.00000 -14.56800 0.00000 20.27440 -20.91519 -44.02061 -7.12502 -0.00000 0.00000 0.98968 -1.92755 -17.81555 -0.00000 0.00000 0.00000 40.81693 -17.07932 38.04177 -35.16794 -37.51301 93.95552 -0.00000 -29.79760 -0.00000 -26.84012 10.68596 -20.12500 7.12502 -0.00000 -0.00000 -2.08351 0.27983 -52.64601
0.03984 0.96500 0.03485 -3.08516 -1.37573 -93.51079 -0.00000 0.00000 -0.00000 336.68332 -18.74806 365.51477 -5.73067 38.01884 16.53240 -0.78874 -1.97760 -12.20985 -0.00420 1.14998 0.41862 -0.00000 0.00000 -0.00000 19.80864 -45.33070 12.87851 93.18654 68.15646 -114.77111 -3.97991 17.82998 12.47512 9.33963 45.73156 -21.92455 -2.57714 1.36118 -3.85732 -1.00041 1.18192 -5.18042 0.41642 0.58712 -2.61124 1.32040 -1.49386 3.73347 2.56122 -30.71383 4.18357 -0.07606 -9.42837 0.80808 -0.00000 0.00000 0.00000 7.33035 -3.52683 -75.75095 26.03321 -12.16094 -49.48036 0.00000 -10.77250 0.00000 20.34634 -20.62730 -43.53106 -7.12502 -0.00000 0.00000 0.93983 -1.78956 -17.28682 -0.00000 0.00000 0.00000 45.80978 -21.07401 58.63393 -35.23850 -36.43803 92.04847 -0.00000 -31.82080 -0.00000 -27.48078 8.44054 -15.75900 7.12502 -0.00000 -0.00000 -2.01228 0.09828 -47.79497
0.02871 0.96408 0.04447 -3.26866 -2.84119 -95.78788 -0.00000 0.00000 -0.00000 334.67628 -15.60921 358.91150 -5.43562 37.21916 16.04906 -0.88343 -7.24450 -7.74246 -0.03683 3.40235 1.23991 -0.00000 0.00000 -0.00000 22.49276 -44.32335 13.32717 55.26823 69.28954 -74.29917 -3.85503 20.93038 8.65623 8.48519 44.18227 -20.71542 -2.87344 1.11369 -2.81111 -1.63716 0.54631 -3.80007 -0.03876 0.01323 -1.91244 1.32866 -2.52486 3.37090 1.97370 -29.42804 3.52917 -0.11930 -8.76661 0.63954 -0.00000 0.00000 -0.00000 8.21569 -8.25915 -78.29632 22.95783 -9.03051 -42.50018 0.00000 -5.88745 0.00000 19.45760 -19.90924 -43.94683 -7.12502 -0.00000 0.00000 0.44456 -0.85088 -17.41310 -0.00000 0.00000 -0.00000 48.52543 -20.22812 75.46837 -35.24693 -34.28742 88.31752 -0.00000 -34.00380 -0.00000 -30.72962 7.74758 -12.77727 7.12502 -0.00000 -0.00000 -4.86091 -0.01412 -44.83400
0.01459 0.95733 0.04957 -2.98673 -4.76767 -98.55321 -0.00000 0.00000 -0.00000 334.45437 -13.98016 356.86198 -4.83683 35.48527 15.03899 -1.93883 -6.50329 -14.49152 -0.09413 -5.43295 -1.98378 -0.00000 0.00000 -0.00000 24.96280 -42.27566 16.43511 26.29284 61.76202 -42.66592 -4.37795 22.50427 9.03450 5.24836 36.69361 -15.73759 -4.23051 0.33185 -1.35019 -2.30151 -0.18296 -1.86912 0.02454 -0.31661 -0.94446 0.76430 -3.68587 2.86166 1.84755 -28.63802 2.73034 0.09549 -8.29213 0.38281 -0.00000 0.00000 -0.00000 8.19135 -14.55918 -81.72132 20.37748 -6.90118 -37.09270 0.00000 -1.20327 0.00000 18.55708 -20.04187 -45.59144 -7.12502 -0.00000 0.00000 0.20655 -0.42198 -18.91864 -0.00000 0.00000 -0.00000 46.36541 -18.65855 86.13428 -34.94687 -31.02902 82.81502 -0.00000 -36.43160 -0.00000 -35.71116 10.28945 -13.95400 7.12502 -0.00000 -0.00000 -10.04310 0.35181 -46.98569
0.00111 0.94539 0.05145 -1.88706 -6.38050 -99.38121 -0.00000 0.00000 -0.00000 334.12238 -14.29226 355.88348 -4.88609 35.63398 15.12369 -3.66076 -5.48928 -23.79741 -0.25221 -8.86291 -3.25356 -0.00000 0.00000 -0.00000 26.17317 -41.20357 18.50479 12.85093 50.91269 -26.61979 -3.83722 19.09389 10.36467 4.92545 35.75198 -15.19116 -4.69647 -0.43931 -0.32294 -3.25863 -1.25901 -0.54834 -0.70535 -1.03884 -0.28028 0.61337 -5.53751 2.10400 1.56251 -27.54033 1.56533 0.21919 -7.59217 -0.07612 -0.00000 0.00000 0.00000 5.45226 -20.26750 -86.75290 19.13772 -6.01115 -34.59942 0.00000 1.39872 -0.00000 19.52730 -20.57199 -44.73458 -7.12502 -0.00000 0.00000 0.65191 -1.29803 -18.32972 -0.00000 0.00000 0.00000 41.16489 -18.77976 91.91245 -33.78988 -25.97561 74.42461 -0.00000 -39.15160 -0.00000 -36.89900 11.85864 -15.30738 7.12502 -0.00000 -0.00000 -11.49330 0.78617 -48.86048
-0.01028 0.93006 0.05347 -0.83139 -7.71440 -98.37086 -0.00000 0.00000 -0.00000 331.82684 -14.72661 354.29164 -5.39775 37.11402 15.98636 -5.86889 -11.87600 -24.45896 -0.63153 -13.91242 -5.17265 -0.00000 0.00000 -0.00000 25.80067 -40.83381 19.89049 6.96325 41.03455 -18.46830 -1.28372 10.06500 7.34857 4.97631 35.90340 -15.27804 -3.83140 -1.12237 0.32038 -4.37965 -1.97591 0.26072 -2.35793 -1.40289 0.09511 0.53608 -6.61267 1.06679 0.12347 -27.23403 -0.22037 -0.00847 -7.30226 -0.78089 0.00000 0.00000 -0.00000 -0.79065 -24.28180 -93.53178 19.08857 -5.97749 -34.50175 0.00000 2.73468 -0.00000 20.71395 -21.84783 -44.54151 -7.12502 -0.00000 0.00000 1.36873 -2.75783 -18.59125 0.00000 0.00000 -0.00000 32.54219 -21.52865 94.23985 -30.77433 -18.92566 62.40175 -0.00000 -39.79730 -0.00000 -32.76664 11.03852 -16.56678 7.12502 -0.00000 -0.00000 -7.52027 0.61209 -49.62647
-0.01886 0.91430 0.05425 -0.30784 -8.21381 -97.59092 -0.00000 0.00000 -0.00000 330.40018 -15.34287 354.67250 -6.01085 38.74821 16.98362 -7.52984 -19.18375 -23.86058 -1.12683 -18.39330 -6.95152 -0.00000 0.00000 -0.00000 26.77476 -39.59971 26.31047 4.91981 35.73512 -15.18150 0.30305 -5.55429 4.02694 3.52142 31.01905 -12.64209 -2.66528 -1.37967 1.13668 -5.25560 -2.36834 1.30044 -3.94595 -1.60338 0.57702 0.18918 -6.37728 0.21698 -0.29685 -28.07112 -1.53857 0.07932 -7.63017 -1.33438 0.00000 0.00000 -0.00000 -8.55427 -26.21048 -101.19119 18.48404 -5.57325 -33.30735 0.00000 15.01540 -0.00000 25.39343 -25.44251 -42.14555 -7.12502 -0.00000 0.00000 3.84641 -7.55122 -17.90467 0.00000 0.00000 -0.00000 18.94376 -26.32035 91.50756 -25.91583 -12.02731 49.19986 -0.00000 -35.92470 -0.00000 -21.43686 11.67804 -27.27191 7.12502 -0.00000 -0.00000 2.13796 -0.55110 -59.44782
-0.02099 0.90056 0.05220 -0.46664 -9.10531 -95.22887 -0.00000 0.00000 -0.00000 329.27028 -15.55632 354.12611 -6.69150 40.41033 18.05177 -9.27475 -21.47891 -26.46257 -1.47113 -20.86880 -7.97608 -0.00000 0.00000 -0.00000 24.60994 -40.16667 26.84454 4.68274 35.01253 -14.77200 0.31836 -22.11452 4.83970 2.71939 27.67925 -11.00651 -4.06169 -0.35625 1.06836 -5.73671 -2.16165 1.11440 -3.67918 -1.99810 0.49330 -0.44979 -7.69384 -0.41265 0.30744 -27.31766 -2.23847 0.45244 -7.14284 -1.63582 0.00000 0.00000 -0.00000 -11.74150 -25.98415 -105.09486 16.90094 -4.59659 -30.23436 0.00000 24.09700 -0.00000 27.39118 -22.93596 -36.94664 -7.12502 -0.00000 0.00000 4.43851 -7.00329 -12.51797 0.00000 0.00000 -0.00000 3.48891 -29.54062 84.03943 -22.86962 -8.95094 42.30959 -0.00000 -34.03980 -0.00000 -11.56312 7.50631 -32.55790 7.12502 -0.00000 -0.00000 11.77896 -3.77982 -62.54346
-0.01669 0.89740 0.04869 -0.63065 -10.17011 -93.41139 -0.00000 0.00000 -0.00000 328.54651 -16.90904 353.97265 -7.39037 41.97469 19.11282 -9.41986 -18.79806 -28.21703 -1.13957 -18.49217 -6.99181 -0.00000 0.00000 -0.00000 21.85426 -37.92286 25.99956 4.72371 35.13935 -14.84329 -4.97234 -29.59266 -5.73785 3.15438 29.56279 -11.91447 -6.55444 0.07928 0.86419 -5.93940 -1.06599 0.84478 -2.47512 -1.16237 0.36576 -1.16214 -8.54220 -0.59609 0.11702 -26.68404 -2.46917 0.52844 -6.78757 -1.65891 0.00000 0.00000 -0.00000 -11.42295 -22.90526 -103.41370 17.48612 -4.94419 -31.36160 0.00000 20.65240 -0.00000 30.35585 -24.41975 -35.21828 -7.12502 -0.00000 0.00000 6.13777 -9.44079 -11.75140 0.00000 0.00000 -0.00000 0.83397 -29.18190 82.48065 -23.59699 -9.62275 43.89520 -0.00000 -28.70110 -0.00000 -12.83636 7.24549 -28.96439 7.12502 -0.00000 -0.00000 11.09147 -2.83762 -59.17263
-0.00782 0.90202 0.04761 -1.06957 -8.59045 -92.74987 -0.00000 0.00000 -0.00000 330.87654 -19.56820 355.09048 -8.84613 44.85369 21.23021 -7.37742 -13.67692 -27.05322 -0.36626 -10.65452 -3.92633 -0.00000 0.00000 -0.00000 20.90939 -39.60008 17.13489 6.48474 39.92091 -17.73122 -2.59298 -19.71599 -5.16875 2.17410 25.01457 -9.77821 -5.11984 0.49142 0.73346 -5.89351 0.52173 0.79523 -3.20443 0.27006 0.31546 -0.40827 -9.45770 -0.10370 -1.60858 -22.68037 -1.70539 -0.27355 -5.35867 -1.18080 0.00000 0.00000 -0.00000 -8.28273 -18.38997 -97.14076 19.41215 -6.20132 -35.14631 0.00000 17.61570 -0.00000 32.38967 -26.64605 -35.25914 -7.12502 -0.00000 0.00000 7.35968 -11.85858 -12.84921 0.00000 0.00000 -0.00000 9.87525 -25.16114 86.94812 -27.10003 -13.43598 52.09474 -0.00000 -29.46650 -0.00000 -12.60082 7.29698 -29.60448 7.12502 -0.00000 -0.00000 11.22746 -3.00087 -59.77417
0.00537 0.90854 0.04402 -1.85338 -6.34945 -90.56576 -0.00000 0.00000 -0.00000 333.91390 -25.31524 356.00415 -13.14543 51.27869 26.99823 -2.41023 -3.06611 -21.67977 -0.01329 -2.04485 -0.74460 -0.00000 0.00000 -0.00000 20.62356 -40.85080 12.17494 11.85099 49.60007 -25.31944 -0.68355 -13.44700 -0.86603 2.47692 26.54137 -10.47445 -3.96511 1.96092 0.12579 -5.31107 2.43265 0.02024 -3.25115 1.40166 -0.07406 0.66640 -10.02769 0.37758 -3.34504 -15.01033 -0.59440 -1.15780 -3.15228 -0.52612 0.00000 0.00000 0.00000 -7.09118 -12.00463 -92.16572 20.99496 -7.37516 -38.35773 0.00000 17.64180 -0.00000 32.34472 -30.48448 -38.69793 -7.12502 -0.00000 0.00000 7.37939 -14.37660 -17.45323 0.00000 0.00000 0.00000 19.15707 -18.17009 90.33008 -31.01258 -19.36338 63.17614 -0.00000 -35.20000 -0.00000 -18.49264 10.51836 -28.62657 7.12502 -0.00000 -0.00000 5.01497 -1.36615 -60.19997
0.01836 0.91380 0.03678 -1.98203 -2.93173 -87.69570 -0.00000 0.00000 -0.00000 338.10238 -33.90117 355.98358 -19.21378 57.24918 34.46045 0.29334 3.65691 -13.35597 -0.77090 -15.32625 -5.72479 -0.00000 0.00000 -0.00000 22.36083 -41.14562 10.42493 21.25186 58.75442 -36.86336 -0.23837 -11.11807 0.62554 2.71152 27.64337 -10.98955 -3.24608 2.98230 -0.54422 -3.65821 4.41359 -0.83417 -1.97527 2.86350 -0.51643 1.23977 -10.49271 0.90874 -4.31065 -5.55836 0.77332 -1.52367 0.04316 0.22730 -0.00000 0.00000 -0.00000 -8.05152 -6.59054 -89.44617 22.27598 -8.42857 -41.03847 0.00000 17.93500 -0.00000 28.55658 -32.92615 -44.96432 -7.12502 -0.00000 0.00000 5.58901 -14.34972 -23.45389 -0.00000 0.00000 -0.00000 24.20238 -11.66832 90.80500 -33.47532 -25.00961 72.81595 -0.00000 -27.33860 -0.00000 -21.91539 11.86314 -27.06640 7.12502 -0.00000 -0.00000 1.66992 -0.42695 -59.33778
0.02530 0.91624 0.02829 -1.82680 0.57228 -85.83739 -0.00000 0.00000 -0.00000 342.32532 -40.44558 357.15646 -18.13535 56.36779 33.17182 -0.29739 -2.01825 -6.31274 -2.58129 -27.03970 -10.70602 -0.00000 0.00000 -0.00000 25.08919 -39.21993 10.52078 32.73810 64.54892 -49.88557 -0.18023 -9.31251 0.43492 2.77785 27.94356 -11.13181 -2.20202 3.08352 -0.38436 -2.35904 5.90015 -0.61222 -1.23733 4.35725 -0.41433 1.96589 -7.50704 0.80021 -4.61722 2.46015 1.06571 -1.76084 2.12433 0.41024 0.00000 0.00000 0.00000 -7.96408 -1.74121 -88.46735 23.69924 -9.72012 -44.12076 0.00000 16.21700 -0.00000 22.67626 -32.59035 -52.19874 -7.12502 -0.00000 0.00000 3.29230 -11.52541 -28.93846 0.00000 0.00000 0.00000 25.73210 -5.88326 89.06247 -34.40984 -28.24001 78.18029 -0.00000 -17.42270 -0.00000 -26.03296 13.61844 -25.73641 7.12502 -0.00000 -0.00000 -2.43144 0.59989 -58.85097
0.02552 0.91268 0.02038 -1.82250 2.41541 -82.49226 -0.00000 0.00000 -0.00000 341.91022 -42.40473 355.31534 -10.88388 48.21659 24.03633 0.38016 -10.52810 0.43239 -2.28936 -25.61079 -10.04779 -0.00000 0.00000 -0.00000 24.48404 -35.15538 8.30155 40.74713 66.92019 -58.66598 -0.08782 -6.62179 0.34125 3.37884 30.46641 -12.36317 -1.23877 3.30826 -0.28632 -2.31210 6.72651 -0.49285 -1.73818 5.09315 -0.32455 2.93420 -4.31739 0.45659 -3.11567 11.17640 0.60143 -1.52590 4.49856 0.22309 -0.00000 0.00000 -0.00000 -6.65866 3.33726 -89.63241 24.61335 -10.62445 -46.16907 0.00000 16.66780 -0.00000 19.58837 -35.32757 -58.39185 -7.12502 -0.00000 0.00000 2.22822 -12.55097 -34.84864 -0.00000 0.00000 -0.00000 25.56479 0.32343 85.67709 -34.43175 -28.33283 78.33410 -0.00000 -14.33870 -0.00000 -28.31347 14.60707 -25.08438 7.12502 -0.00000 -0.00000 -4.70567 1.14675 -58.66518
0.01957 0.89703 0.01417 -1.50864 4.18242 -77.76023 -0.00000 0.00000 -0.00000 339.40264 -43.38544 350.83007 -5.68762 37.90423 16.46241 0.85597 -15.71604 0.68675 -2.70949 -27.63414 -10.98519 -0.00000 0.00000 -0.00000 23.55203 -29.18726 4.47415 36.17879 65.68919 -53.67785 0.23233 -4.03125 3.81818 3.42447 30.64500 -12.45293 0.13361 2.09668 -0.61664 -2.40266 7.73384 -0.92050 -2.69612 6.83409 -0.45083 4.04059 -3.78973 0.37679 -0.74905 21.24088 -0.27442 -0.98577 7.10900 -0.07582 -0.00000 0.00000 0.00000 -4.41767 6.33133 -91.64235 24.97928 -11.00437 -47.00628 0.00000 16.49450 -0.00000 15.84548 -38.77322 -65.61866 -7.12502 -0.00000 0.00000 0.83197 -14.30213 -41.63582 -0.00000 0.00000 0.00000 22.49519 4.17378 82.60084 -33.35602 -24.66564 72.24148 -0.00000 -18.63480 -0.00000 -28.89042 16.07650 -26.64928 7.12502 -0.00000 -0.00000 -5.72499 1.60749 -60.63232
0.01163 0.87191 0.01149 -1.09655 6.12917 -74.12197 -0.00000 0.00000 -0.00000 337.90728 -47.12947 348.95618 -3.70756 31.71743 12.99968 -0.81775 -17.25679 -5.92142 -3.06759 -29.20161 -11.73758 -0.00000 0.00000 -0.00000 23.77926 -22.20783 0.56809 24.22608 60.63591 -40.30759 3.88634 -13.09709 17.45310 2.33609 25.84707 -10.15543 1.10402 0.08763 -1.03984 -1.80932 8.56169 -1.54514 -2.79894 8.87316 -0.67912 5.18837 -2.62582 0.93195 0.72256 27.38911 -0.43905 -0.80107 9.00555 0.02879 0.00000 0.00000 -0.00000 -4.23902 7.93021 -93.11739 23.94480 -9.95699 -44.66528 0.00000 17.45570 -0.00000 9.79328 -41.58119 -75.42155 -7.12502 -0.00000 0.00000 -1.30312 -15.33606 -49.91586 0.00000 0.00000 -0.00000 15.19894 5.24802 82.17922 -30.30809 -18.10563 60.93612 -0.00000 -19.37610 -0.00000 -21.82039 16.57267 -35.46583 7.12502 -0.00000 -0.00000 -0.52038 0.22800 -68.65986
0.01036 0.84769 0.00977 -1.18825 8.23063 -72.57732 -0.00000 0.00000 -0.00000 337.79453 -48.63463 346.10983 -3.26228 30.00248 12.13169 -0.10927 -18.73347 -3.69245 -3.39270 -30.52084 -12.39049 -0.00000 0.00000 -0.00000 25.54168 -18.64940 -3.38890 18.34005 56.54004 -33.41744 9.71221 -25.60249 25.57321 2.60037 27.12935 -10.74792 2.61695 -0.62014 -1.03989 -1.07779 8.96791 -1.69760 -2.95528 9.72690 -0.64694 5.47829 -0.44488 1.57976 1.00064 30.40297 0.09102 -0.70449 9.71995 0.27976 -0.00000 0.00000 -0.00000 -3.56722 8.42974 -94.00866 21.20863 -7.54415 -38.79937 0.00000 21.30070 -0.00000 9.19133 -46.96698 -77.51798 -7.12502 -0.00000 0.00000 -2.79197 -20.14754 -53.05870 -0.00000 0.00000 -0.00000 7.40459 4.40688 83.81622 -26.14112 -12.28490 49.73941 -0.00000 -22.47360 -0.00000 -15.14868 11.32446 -35.95372 7.12502 -0.00000 -0.00000 6.91213 -2.82749 -67.14191
0.01545 0.83604 0.00402 -0.48043 9.35096 -72.46358 -0.00000 0.00000 -0.00000 338.30227 -50.55674 345.49324 -3.10645 29.36416 11.81702 3.27056 -17.32839 9.93397 -2.92851 -28.60815 -11.44985 -0.00000 0.00000 -0.00000 27.74271 -19.91958 -5.26810 17.78148 56.06431 -32.74606 9.88867 -35.38675 23.45840 2.60066 27.13073 -10.74856 2.20666 0.04319 -0.37973 -0.89405 9.93106 -0.85063 -2.39150 10.48208 -0.28261 5.63009 0.51315 2.06139 0.97216 31.46703 0.67433 -0.65320 9.96029 0.54655 0.00000 0.00000 0.00000 -1.73387 8.72231 -94.79220 18.81224 -5.79049 -33.95426 0.00000 19.58770 -0.00000 21.25603 -40.71976 -59.19252 -7.12502 -0.00000 0.00000 2.25984 -17.70374 -37.60612 0.00000 0.00000 0.00000 5.95298 3.78662 84.40958 -24.88497 -10.90544 46.78951 -0.00000 -33.64370 -0.00000 -20.48961 11.03967 -27.13254 7.12502 -0.00000 -0.00000 3.18868 -0.79978 -59.06594
0.02020 0.83383 -0.00788 1.13040 10.83909 -71.07707 -0.00000 0.00000 -0.00000 339.94981 -56.51799 351.43160 -3.44353 30.71914 12.49029 2.29625 -17.50061 5.61909 -2.80529 -28.06636 -11.19025 -0.00000 0.00000 -0.00000 31.18576 -24.36041 -2.97034 21.18946 58.71117 -36.79036 6.35249 -37.27229 17.55519 2.29058 25.61699 -10.05061 0.33761 1.97608 0.34551 -1.23644 11.74257 0.13547 -1.52224 11.44150 -0.00013 5.77746 1.10819 2.22282 2.54622 30.43921 0.60343 -0.16833 9.47603 0.68385 -0.00000 0.00000 -0.00000 1.63010 8.71797 -94.20665 19.03804 -5.94301 -34.40143 0.00000 13.00930 -0.00000 17.14366 -34.24365 -61.26883 -7.12502 -0.00000 0.00000 1.55190 -10.75724 -36.74108 -0.00000 0.00000 -0.00000 11.90544 5.37438 82.45674 -27.17256 -13.52687 52.27710 -0.00000 -16.58050 -0.00000 -19.07844 8.86181 -24.00901 7.12502 -0.00000 -0.00000 5.31830 -0.97576 -55.36678
0.02385 0.83709 -0.01607 2.95504 12.65249 -68.39239 -0.00000 0.00000 -0.00000 336.96695 -60.92550 347.63506 -4.98182 35.91971 15.28743 0.58734 -18.95118 -1.42110 -3.34896 -30.34854 -12.30413 -0.00000 0.00000 -0.00000 32.89085 -32.50490 -0.18203 31.13871 63.94473 -48.10984 3.66308 -28.54967 12.97447 2.23938 25.35463 -9.93162 0.55594 5.63626 0.38532 -2.10606 13.69509 0.06699 -2.63945 11.55070 -0.01117 5.52770 1.67051 2.65259 3.46128 28.65758 1.22556 0.26696 8.72938 1.01385 0.00000 0.00000 -0.00000 4.71448 9.10594 -90.94378 20.79455 -7.21899 -37.94532 0.00000 12.93660 -0.00000 17.46578 -36.01673 -61.84938 -7.12502 -0.00000 0.00000 1.55535 -12.39612 -37.79118 0.00000 0.00000 -0.00000 15.07776 8.14179 80.53008 -30.96561 -19.27603 63.02202 -0.00000 -13.63600 -0.00000 -21.53638 10.05654 -23.86815 7.12502 -0.00000 -0.00000 2.74985 -0.52171 -55.73438
0.03063 0.84570 -0.02183 6.46688 13.61260 -66.97548 -0.00000 0.00000 -0.00000 329.53709 -64.46613 336.98146 -8.84834 44.85772 21.23334 -0.09687 -15.98540 -3.20903 -4.05277 -32.94923 -13.64508 -0.00000 0.00000 -0.00000 31.94983 -46.34019 2.70537 51.82832 68.90144 -70.61707 1.01031 -13.60447 6.75067 3.17947 29.66594 -11.96525 0.13158 10.55399 0.56833 -2.95086 14.49263 0.17976 -3.31098 9.64295 -0.00470 4.93446 1.44255 3.02719 3.27260 27.93320 1.94004 0.41837 8.50051 1.28394 -0.00000 0.00000 -0.00000 5.62973 10.52812 -87.36057 22.33141 -8.47639 -41.15633 0.00000 12.44670 -0.00000 17.38223 -38.12557 -63.11313 -7.12502 -0.00000 0.00000 1.35282 -14.20193 -39.50187 -0.00000 0.00000 -0.00000 12.65682 10.77443 78.89615 -33.32292 -24.57212 72.08510 -0.00000 -13.20870 -0.00000 -25.44461 11.25245 -22.29967 7.12502 -0.00000 -0.00000 -1.05085 0.18198 -54.82333
0.03597 0.85061 -0.02550 11.56363 14.40836 -66.27834 -0.00000 0.00000 -0.00000 318.51710 -67.16791 321.91669 -17.11946 55.47627 31.94537 -0.21751 -13.29244 -3.34804 -2.97323 -28.80097 -11.54295 -0.00000 0.00000 -0.00000 31.04274 -61.94938 5.87094 69.71426 69.99974 -89.69593 0.30318 -8.53508 3.59531 2.87134 28.35869 -11.32996 -1.55742 13.36160 1.05983 -3.30834 14.79207 0.61938 -2.73497 8.43396 0.04787 4.28033 0.35937 3.04413 2.81050 26.92963 2.25120 0.43997 8.32568 1.36899 -0.00000 0.00000 0.00000 5.81598 11.16741 -84.76835 22.91346 -8.99042 -42.40425 0.00000 12.08540 -0.00000 21.05163 -36.33631 -56.99260 -7.12502 -0.00000 0.00000 2.64192 -13.93341 -34.15201 -0.00000 0.00000 0.00000 6.47408 11.56735 76.57899 -34.29522 -27.77224 77.40514 -0.00000 -3.90148 -0.00000 -26.53832 11.35168 -21.51043 7.12502 -0.00000 -0.00000 -2.03705 0.32859 -54.15956
0.03735 0.84623 -0.02706 16.93175 16.52521 -66.58571 -0.00000 0.00000 -0.00000 309.31067 -69.66890 307.73421 -33.05783 64.66371 50.23949 0.32707 -13.78639 -0.95800 -2.28250 -25.57581 -10.03190 -0.00000 0.00000 -0.00000 39.29575 -75.28517 16.10044 64.82616 69.91466 -84.49312 0.11741 -10.61544 2.54792 3.01258 28.96906 -11.62441 -2.81296 14.17597 1.84195 -3.19484 14.74111 1.50851 -1.88819 7.92854 0.36700 3.31612 0.77926 2.74450 3.32015 24.30613 2.08741 0.71363 7.32962 1.26405 -0.00000 0.00000 0.00000 5.73234 10.68317 -83.67644 22.17029 -8.33791 -40.81416 0.00000 13.06660 -0.00000 25.49793 -32.90171 -48.71674 -7.12502 -0.00000 0.00000 4.33682 -12.97479 -26.33661 -0.00000 0.00000 0.00000 -1.85549 11.79134 73.92573 -34.58416 -29.01437 79.46398 -0.00000 -1.06598 -0.00000 -31.70786 10.36903 -16.24271 7.12502 -0.00000 -0.00000 -6.38299 0.45415 -49.05288
0.03522 0.84017 -0.02863 21.42190 19.17672 -67.54534 -0.00000 0.00000 -0.00000 311.22143 -71.63310 305.88632 -48.87151 68.48962 67.44350 0.62736 -19.00680 -1.30224 -3.38821 -30.50321 -12.38164 -0.00000 0.00000 -0.00000 70.50511 -82.50744 46.75160 39.30464 66.56259 -57.09592 0.79979 -9.73916 6.37593 2.64525 27.33861 -10.84599 -3.58794 15.85232 2.68743 -3.17105 14.39806 2.42229 -1.50091 6.62626 0.76620 2.34784 0.99127 2.61596 4.65711 22.70312 1.87080 1.25594 6.73197 1.18497 0.00000 0.00000 0.00000 6.08081 9.81413 -83.05421 20.34658 -6.87800 -37.02981 0.00000 13.00630 -0.00000 28.67254 -27.46653 -40.14474 -7.12502 -0.00000 0.00000 5.52348 -10.54160 -17.14015 0.00000 0.00000 0.00000 -9.72158 12.16727 72.02593 -34.19921 -27.40076 76.78952 -0.00000 0.58277 0.00000 -39.65620 7.33818 -8.75957 7.12502 -0.00000 -0.00000 -13.14748 -0.91761 -41.07785
0.03044 0.82497 -0.03044 26.86093 22.12984 -67.33322 -0.00000 0.00000 -0.00000 307.84830 -72.82149 300.06114 -52.68527 69.00695 71.53526 -0.07657 -26.03942 -4.85439 -3.68945 -31.65059 -12.96520 -0.00000 0.00000 -0.00000 142.16667 -83.54868 117.03044 19.00877 57.08647 -34.21647 1.13167 -5.36376 10.71770 2.03663 24.27689 -9.44857 -3.61005 16.69203 2.66518 -2.98194 14.00509 2.35873 -1.33997 5.72771 0.76041 1.29607 0.25381 2.50011 5.95637 21.60779 1.64739 1.81805 6.47352 1.10827 0.00000 0.00000 0.00000 6.05166 7.91140 -82.69307 17.88713 -5.19138 -32.13981 0.00000 13.85650 -0.00000 27.96954 -20.46222 -33.35797 -7.12502 -0.00000 0.00000 4.36235 -5.90162 -8.42753 0.00000 0.00000 0.00000 -17.09906 11.60018 70.92247 -32.79694 -23.18177 69.74951 -0.00000 0.97705 0.00000 -45.35994 7.61652 -7.45690 7.12502 -0.00000 -0.00000 -18.53604 -1.66560 -40.04552
0.02326 0.79921 -0.03574 33.74973 25.18040 -65.35991 -0.00000 0.00000 -0.00000 278.76767 -73.85034 271.52862 -52.88503 69.03069 71.74921 -0.93690 -32.09952 -7.66264 -3.18908 -29.70529 -11.98464 -0.00000 0.00000 -0.00000 182.83705 -76.05679 158.30144 11.11746 48.56186 -24.34874 0.21101 -0.65537 7.06306 1.16848 18.71413 -7.08243 -3.74167 17.14756 1.99015 -2.41398 13.42316 1.51784 -0.65624 4.80905 0.37204 1.07609 -1.87357 2.34000 6.71205 20.75839 1.39257 2.08123 6.56578 1.07558 0.00000 0.00000 0.00000 6.94593 4.80573 -83.39684 15.15743 -3.64910 -26.92880 0.00000 15.57990 -0.00000 23.49713 -14.75358 -30.36021 -7.12502 -0.00000 0.00000 0.61199 -0.69088 -3.46342 0.00000 0.00000 0.00000 -23.34089 10.27168 69.00646 -29.99742 -17.58369 59.99225 -0.00000 -2.32454 -0.00000 -43.58518 10.98243 -11.31856 7.12502 -0.00000 -0.00000 -17.47270 -0.01333 -44.95765
0.01879 0.77886 -0.04383 39.54690 27.83699 -63.88822 -0.00000 0.00000 -0.00000 247.81920 -71.40387 242.81464 -56.30062 69.38817 75.40253 -1.90334 -33.63096 -9.69543 -2.46355 -26.47659 -10.44451 -0.00000 0.00000 -0.00000 191.53937 -67.04486 168.01712 10.83727 48.14680 -23.97379 -0.00777 0.65596 0.84926 1.00418 17.40750 -6.55250 -4.17591 19.34762 1.91261 -1.89595 13.30784 1.25140 0.06219 3.54377 0.23295 2.13661 -3.31110 1.95797 6.28174 17.97368 1.10336 1.70361 5.95825 0.98914 -0.00000 0.00000 -0.00000 10.73764 0.23849 -83.82329 12.85946 -2.58864 -22.67390 0.00000 17.03510 -0.00000 19.03841 -10.58837 -28.03504 -7.12502 -0.00000 0.00000 -3.34016 3.32149 0.20904 -0.00000 0.00000 -0.00000 -29.06495 8.12620 66.13432 -26.00907 -12.13336 49.42257 -0.00000 -5.43700 -0.00000 -32.62394 14.27161 -21.06250 7.12502 -0.00000 -0.00000 -8.29700 1.46809 -54.96431
0.01436 0.77199 -0.04844 44.77378 30.47853 -64.60100 -0.00000 0.00000 -0.00000 233.48805 -67.79241 227.93686 -55.28946 69.29165 74.32187 -2.47634 -32.74649 -10.69809 -2.65547 -27.38595 -10.86824 -0.00000 0.00000 -0.00000 190.39797 -60.90561 168.20163 11.01184 48.40664 -24.20768 0.02060 2.31053 -0.93098 1.63120 21.90371 -8.41503 -7.27279 21.09328 4.41443 0.24525 14.30432 3.79101 3.72524 3.47327 1.13585 4.20059 -1.48683 0.36324 3.04714 11.18917 -0.14410 0.24606 3.91160 0.18902 0.00000 0.00000 0.00000 7.63898 -6.73922 -87.90358 10.53706 -1.71758 -18.46605 0.00000 23.78780 -0.00000 12.53832 -6.53516 -27.10140 -7.12502 -0.00000 0.00000 -8.82343 8.19246 2.44800 0.00000 0.00000 0.00000 -37.80836 5.96925 59.65418 -20.69362 -7.14120 37.73831 -0.00000 -7.61189 -0.00000 -18.56117 11.78467 -31.30935 7.12502 -0.00000 -0.00000 4.30500 -1.41157 -63.12014
0.00404 0.77933 -0.04966 51.32464 33.49065 -66.17945 -0.00000 0.00000 -0.00000 227.56713 -63.84675 220.85390 -47.63984 68.29504 66.11875 -2.85401 -31.46494 -11.35485 -2.48820 -26.59589 -10.49968 -0.00000 0.00000 -0.00000 189.31945 -56.25101 167.41949 9.55090 46.09408 -22.21869 0.14970 4.75156 -2.64444 2.50855 26.69382 -10.54506 -12.78039 21.54709 9.23583 3.91525 15.53468 8.92459 10.29154 3.09226 3.00157 7.98368 0.32062 -3.05591 -1.47398 4.09261 -4.04999 -1.90461 1.02921 -1.90403 0.00000 0.00000 0.00000 -17.27374 -9.29778 -103.12770 7.87653 -0.94980 -13.73066 0.00000 45.06960 -0.00000 8.31193 -4.24836 -26.88776 -7.12502 -0.00000 0.00000 -12.34445 11.23215 3.32945 0.00000 0.00000 0.00000 -43.92038 5.35289 48.73336 -14.30891 -3.23347 25.34550 -0.00000 1.50462 0.00000 -10.68289 7.09376 -33.21042 7.12502 -0.00000 -0.00000 12.62614 -4.16642 -62.96986
-0.00831 0.79149 -0.04832 58.22401 36.26884 -66.03379 -0.00000 0.00000 -0.00000 228.57592 -59.06525 220.62576 -37.32541 66.02612 54.93436 -3.23689 -29.20762 -12.08395 -2.26243 -25.47319 -9.98532 -0.00000 0.00000 -0.00000 190.34461 -52.42841 171.63151 8.23564 43.70260 -20.35581 0.31596 4.00282 -4.80341 3.27068 30.03629 -12.14848 -14.61040 23.89811 11.59007 6.80846 16.03797 11.18137 13.08875 0.92191 4.01157 10.54929 2.90406 -5.53092 -4.20661 -3.26379 -7.08762 -2.95589 -2.12839 -3.58988 -0.00000 0.00000 -0.00000 -36.16368 -4.44590 -113.88985 7.59093 -0.88136 -13.22661 0.00000 55.03350 -0.00000 6.70895 -3.44723 -27.07458 -7.12502 -0.00000 0.00000 -13.61094 12.42865 3.36656 -0.00000 0.00000 -0.00000 -21.24010 -15.58429 45.34812 -12.14091 -2.29831 21.36322 -0.00000 41.68650 0.00000 -2.24046 1.20269 -28.21328 7.12502 -0.00000 -0.00000 22.70877 -4.63708 -55.93375
-0.01803 0.80351 -0.04446 63.26318 38.58218 -67.07660 -0.00000 0.00000 -0.00000 230.15943 -56.48501 219.72257 -30.60072 63.72972 47.51045 -3.09008 -27.49511 -11.80551 -2.35096 -25.92162 -10.18949 -0.00000 0.00000 -0.00000 187.60895 -51.80709 173.97821 7.14079 41.43122 -18.73766 0.31481 1.02797 -8.15907 3.03927 29.08226 -11.67943 -10.07399 28.67618 7.08781 4.48886 15.87069 5.76203 8.43808 0.92871 1.79039 7.62620 4.68579 -2.84116 -0.10641 -7.15738 -3.25222 -1.15947 -3.27973 -1.83630 0.00000 0.00000 -0.00000 -24.67873 -13.98669 -101.72951 12.33761 -2.37590 -21.72118 0.00000 36.32460 -0.00000 7.71489 -3.71833 -25.58120 -7.12502 -0.00000 0.00000 -13.16846 11.42996 4.73543 0.00000 0.00000 -0.00000 -8.82565 -22.04509 55.89064 -16.71974 -4.49205 29.88724 -0.00000 17.34430 0.00000 -6.42198 4.14402 -32.70141 7.12502 -0.00000 -0.00000 17.50035 -5.28456 -61.28335
-0.02381 0.81233 -0.04049 65.11330 39.88931 -67.82066 -0.00000 0.00000 -0.00000 232.26310 -55.98133 219.64992 -27.47804 62.35065 44.00751 -2.60141 -26.67389 -10.75166 -2.36479 -25.99070 -10.22109 -0.00000 0.00000 -0.00000 183.52599 -53.71719 175.26136 6.40434 39.72706 -17.60568 -0.00643 -2.32987 -12.99096 3.22715 29.86043 -12.06128 -9.48938 29.54552 6.24629 4.40123 16.58033 4.75344 8.23623 1.58234 1.28680 6.18572 5.60369 -2.78392 0.85127 -9.65921 -3.11771 -0.55191 -4.27630 -1.84196 0.00000 0.00000 -0.00000 -19.57954 -11.99914 -92.81726 19.73246 -6.42813 -35.78814 0.00000 19.96380 -0.00000 18.41831 -9.30381 -25.89555 -7.12502 -0.00000 0.00000 -4.28051 3.91351 2.63981 0.00000 0.00000 -0.00000 -6.27469 -18.11440 54.33247 -23.83128 -9.84694 44.41304 -0.00000 0.48008 0.00000 -13.93740 7.42417 -27.50469 7.12502 -0.00000 -0.00000 10.16749 -2.35872 -57.92453
-0.02468 0.81837 -0.03645 64.34079 40.79211 -67.43365 -0.00000 0.00000 -0.00000 236.32667 -56.39761 221.24515 -26.14747 61.68709 42.50086 -2.04722 -26.50566 -9.50668 -2.22495 -25.28002 -9.89788 -0.00000 0.00000 -0.00000 179.63313 -57.14546 176.40378 6.03715 38.81524 -17.02560 -1.21772 -7.04183 -17.56943 3.72663 31.78756 -13.03591 -8.98753 29.11951 5.40794 4.24852 16.89658 3.90227 8.07880 2.27730 0.87543 5.24423 5.80899 -3.03279 1.26444 -12.68721 -3.48121 -0.14859 -4.82779 -2.09294 -0.00000 0.00000 -0.00000 -18.04892 -4.21916 -84.54639 26.54439 -12.75789 -50.71789 0.00000 4.92522 -0.00000 24.33076 -13.69659 -27.63927 -7.12502 -0.00000 0.00000 0.77683 -0.79398 -0.62313 -0.00000 0.00000 -0.00000 0.06797 -10.19123 54.65006 -29.25214 -16.40187 57.81938 -0.00000 8.27254 0.00000 -17.86685 7.04839 -20.83997 7.12502 -0.00000 -0.00000 7.09638 -0.84505 -51.75620
-0.02157 0.82466 -0.03307 61.63033 41.19160 -65.93892 -0.00000 0.00000 -0.00000 242.94392 -57.30165 225.21306 -25.13616 61.14830 41.34921 -1.48137 -26.77171 -8.23545 -2.15915 -24.93576 -9.74279 -0.00000 0.00000 -0.00000 175.47298 -62.06050 177.00251 5.82568 38.26935 -16.68623 -4.03525 -14.26670 -19.84293 3.87144 32.31202 -13.30881 -8.07255 27.85592 4.24839 3.62858 16.75035 2.87655 7.71632 3.11182 0.42244 3.68973 5.35414 -3.47193 2.00699 -16.03780 -4.20216 0.46369 -5.74371 -2.52283 -0.00000 0.00000 -0.00000 -19.84905 6.74503 -76.66165 31.20338 -19.72393 -63.81015 0.00000 -2.62834 0.00000 22.76519 -14.12447 -30.17848 -7.12502 -0.00000 0.00000 0.01699 -0.01891 -3.05618 -0.00000 0.00000 -0.00000 6.15703 1.86172 55.02971 -32.97269 -23.62796 70.50148 -0.00000 2.33164 0.00000 -16.34345 5.75099 -18.86599 7.12502 -0.00000 -0.00000 8.91924 -0.69641 -49.42848
-0.01719 0.83392 -0.03152 57.63986 40.87222 -63.96757 -0.00000 0.00000 -0.00000 249.96166 -59.14596 231.64103 -23.54587 60.23475 39.52558 -0.96492 -27.18069 -7.09835 -2.24908 -25.40461 -9.95424 -0.00000 0.00000 -0.00000 168.19816 -68.24270 174.18283 5.63354 37.75929 -16.37425 -7.01365 -22.35566 -17.95039 4.02202 32.84265 -13.58846 -7.89355 26.27522 3.66445 3.18548 16.35380 2.35624 7.28071 3.46287 0.21025 1.72341 4.97523 -4.13246 2.92252 -19.48509 -5.27229 1.29282 -6.67757 -3.09362 0.00000 0.00000 -0.00000 -23.42914 18.68948 -69.10557 33.70719 -25.71253 -73.98711 0.00000 -3.35667 0.00000 21.17954 -13.78378 -31.58812 -7.12502 -0.00000 0.00000 -0.92733 1.07423 -4.19350 0.00000 0.00000 -0.00000 12.54901 13.16660 52.89767 -34.68877 -29.52604 80.31307 -0.00000 4.35859 0.00000 -0.80602 0.19756 -13.77091 7.12502 -0.00000 -0.00000 24.76897 1.18020 -42.44406
-0.01291 0.84630 -0.03242 52.70262 40.45191 -62.05643 -0.00000 0.00000 -0.00000 255.25067 -62.47024 238.98853 -21.70804 59.06556 37.39606 -1.20755 -25.91059 -7.53406 -1.95180 -23.80605 -9.24033 -0.00000 0.00000 -0.00000 152.19262 -74.08022 161.78394 5.62069 37.72467 -16.35325 -5.98935 -23.14313 -13.55277 2.29566 25.64280 -10.06235 -7.63234 23.88559 3.24725 2.34306 15.91477 2.10764 6.34498 4.12173 0.14225 -0.63211 3.69250 -4.75610 4.86534 -21.42269 -6.14547 2.45404 -6.90498 -3.56863 -0.00000 0.00000 0.00000 -26.19353 28.94950 -60.59594 34.82375 -30.25844 -81.53048 0.00000 -0.57237 0.00000 20.25271 -14.79218 -34.68159 -7.12502 -0.00000 0.00000 -0.98521 1.27739 -7.35317 -0.00000 0.00000 0.00000 18.68055 22.89713 48.26653 -35.23371 -33.96711 87.76981 -0.00000 7.38891 0.00000 -4.79875 0.46206 -5.48711 7.12502 -0.00000 -0.00000 20.63770 3.77620 -35.08118
-0.01073 0.86112 -0.03796 46.83334 40.22550 -57.67430 -0.00000 0.00000 -0.00000 258.35035 -65.76110 246.49758 -20.06926 57.90505 35.47390 -2.84814 -19.95155 -11.87382 -1.60399 -21.73219 -8.34181 -0.00000 0.00000 -0.00000 132.81821 -78.32560 144.13578 6.82904 40.72892 -18.26326 -2.73844 -17.54109 -7.41924 1.35948 20.10690 -7.65708 -6.52201 21.76756 2.30199 1.83435 15.05833 1.34707 5.33074 4.26530 -0.07863 -2.28809 2.53555 -5.78735 6.90208 -22.73665 -7.44338 3.57352 -6.90289 -4.29003 0.00000 0.00000 -0.00000 -28.06766 36.88328 -51.24849 35.24006 -34.11001 -88.01394 0.00000 -0.06524 0.00000 16.57681 -14.11956 -39.33505 -7.12502 -0.00000 0.00000 -2.62808 3.95920 -11.38465 0.00000 0.00000 -0.00000 23.69798 30.93370 41.70816 -35.09354 -38.24113 95.26648 -0.00000 0.23459 0.00000 -13.15002 1.46639 -6.25101 7.12502 -0.00000 -0.00000 12.71822 1.99636 -36.22561
-0.01082 0.87374 -0.04632 39.94882 40.04255 -50.41133 -0.00000 0.00000 -0.00000 256.83172 -68.50599 251.31473 -20.48423 58.21038 35.96291 -3.08424 -9.89165 -16.76194 -1.27544 -19.50901 -7.40910 -0.00000 0.00000 -0.00000 115.15452 -82.08460 125.91153 10.13005 47.04973 -23.01612 -1.62357 -14.73452 -4.71997 1.48622 20.96911 -8.01834 -3.93227 20.45209 0.42210 1.57361 13.64421 -0.43918 3.81500 3.47284 -0.66424 -3.53883 1.45854 -6.66561 9.21716 -22.00294 -8.37020 4.53246 -6.23290 -4.82356 0.00000 0.00000 0.00000 -30.07253 40.52749 -40.81247 35.14474 -37.76433 -94.40617 0.00000 1.03200 -0.00000 12.88419 -12.06920 -42.43065 -7.12502 -0.00000 0.00000 -4.49197 7.42535 -13.70487 0.00000 0.00000 0.00000 30.19195 33.81688 33.40339 -34.40575 -41.74355 101.84820 -0.00000 -2.28564 -0.00000 -9.53300 0.83425 -4.95516 7.12502 -0.00000 -0.00000 16.13101 2.99034 -34.77535
-0.01309 0.88381 -0.05368 30.93395 37.83846 -41.87564 -0.00000 0.00000 -0.00000 260.06661 -73.04608 261.89713 -24.55948 60.82677 40.68979 -1.82638 -8.61822 -12.18337 -2.32532 -25.79286 -10.13070 -0.00000 0.00000 -0.00000 55.46324 -83.95174 64.87231 15.58904 54.00630 -30.07134 -0.65882 -11.81756 -1.50384 0.99493 17.33047 -6.52153 -1.33681 20.30367 -1.14669 1.36230 12.35892 -1.94144 2.36331 2.14448 -1.17311 -4.03777 1.08614 -7.63340 10.50444 -19.52966 -9.56588 4.94215 -5.18741 -5.40337 -0.00000 0.00000 0.00000 -31.38062 39.70177 -30.80384 34.57505 -41.10404 -100.60688 0.00000 1.40609 -0.00000 12.56758 -12.50080 -44.15516 -7.12502 -0.00000 0.00000 -4.23035 7.49842 -15.45506 -0.00000 0.00000 0.00000 35.83850 31.72034 23.72749 -33.47482 -44.37072 107.18648 -0.00000 -9.80435 -0.00000 -11.13301 0.61007 -3.09701 7.12502 -0.00000 -0.00000 14.54447 3.15976 -33.00562
-0.01587 0.88738 -0.05890 21.53724 33.81958 -33.03430 -0.00000 0.00000 -0.00000 280.81789 -77.10701 286.10776 -33.87530 64.94863 51.14290 0.01111 -14.25682 -2.47853 -2.21864 -25.24725 -9.88308 -0.00000 0.00000 -0.00000 8.66259 -76.75052 17.73890 23.57540 60.25251 -39.55960 0.28348 -8.77676 3.45761 0.52735 12.74106 -4.72069 0.48981 18.23442 -2.06651 2.20087 12.03757 -2.81648 2.28557 2.84160 -1.52978 -3.57250 0.55453 -8.98896 9.41740 -15.82446 -11.59821 4.37924 -3.90163 -6.25785 0.00000 0.00000 0.00000 -30.77472 33.66217 -26.40692 34.20834 -42.40449 -103.15310 0.00000 -1.54555 0.00000 14.96202 -14.32093 -42.78696 -7.12502 -0.00000 0.00000 -2.90841 4.97755 -14.64916 0.00000 0.00000 0.00000 37.02770 21.35845 15.69705 -33.32337 -44.71205 107.91279 -0.00000 -18.00330 -0.00000 -14.57831 0.86168 -3.30938 7.12502 -0.00000 -0.00000 11.30494 2.36933 -33.31604
-0.02265 0.87999 -0.06071 13.37553 28.39152 -24.01522 -0.00000 0.00000 -0.00000 315.95779 -77.17659 321.51089 -46.52680 68.10684 64.91999 -0.11025 -14.72650 -3.06942 -1.68470 -22.23598 -8.55740 -0.00000 0.00000 -0.00000 -5.10218 -64.65896 4.74779 33.53444 64.83131 -50.76646 0.86725 -6.15470 8.25226 0.35907 10.55102 -3.88724 1.18892 15.25664 -3.03705 3.52990 11.85530 -4.04777 3.22245 4.29712 -2.14096 -3.86863 -2.68037 -10.20258 7.80749 -8.17899 -13.43993 3.51385 -1.26077 -6.87527 -0.00000 0.00000 0.00000 -28.67979 24.11445 -27.32671 34.84488 -39.86905 -98.26306 0.00000 -5.20273 0.00000 16.47472 -14.34509 -39.95581 -7.12502 -0.00000 0.00000 -2.54802 3.93341 -12.02749 -0.00000 0.00000 0.00000 33.01330 8.60079 11.80598 -34.63140 -40.87191 100.16115 -0.00000 -24.69980 -0.00000 -17.50777 1.27809 -4.04459 7.12502 -0.00000 -0.00000 8.54554 1.64800 -34.16513
-0.03336 0.86352 -0.05732 6.88700 21.51206 -16.37766 -0.00000 0.00000 -0.00000 345.25985 -71.98031 349.71967 -56.13929 69.37328 75.23016 0.24624 -10.75397 -0.46701 -1.03709 -17.67838 -6.66168 -0.00000 0.00000 -0.00000 -8.31511 -48.73422 2.47689 37.65401 66.11904 -55.29386 0.52011 -1.34782 10.41277 0.69795 14.60537 -5.44232 0.84244 13.34774 -3.83352 4.41585 11.48952 -5.18140 4.26309 5.09694 -2.75525 -5.79053 -2.42114 -11.29111 9.32063 -4.62966 -14.89813 4.06690 0.18319 -7.51084 0.00000 0.00000 -0.00000 -25.13846 15.33523 -32.07387 35.18275 -33.13872 -86.36121 0.00000 -3.87511 0.00000 17.79421 -14.35545 -37.68610 -7.12502 -0.00000 0.00000 -2.13432 3.04428 -9.94082 0.00000 0.00000 -0.00000 25.97416 0.61413 10.11102 -35.14555 -32.69382 85.60893 -0.00000 -24.38770 -0.00000 -20.88017 2.59619 -6.77177 7.12502 -0.00000 -0.00000 5.29213 0.72735 -37.19652
-0.04541 0.83839 -0.05102 2.16784 14.92284 -10.29779 -0.00000 0.00000 -0.00000 359.38770 -64.60551 362.37681 -55.53666 69.31596 74.58613 -0.04874 -10.57034 -2.15035 -2.88197 -28.40531 -11.35232 -0.00000 0.00000 -0.00000 -6.85426 -31.99195 4.28356 31.49359 64.08324 -48.50464 -0.05579 2.19600 10.64184 0.72005 14.82790 -5.52930 0.05786 11.31602 -4.24916 4.48301 10.76593 -5.81990 4.64797 5.52983 -3.11167 -6.40465 -0.24372 -12.26641 10.95478 -3.03808 -16.32448 4.77155 0.66761 -8.23802 -0.00000 0.00000 -0.00000 -20.48974 9.48956 -40.54446 33.00489 -23.71156 -70.64210 0.00000 -0.48564 0.00000 18.92938 -13.59242 -34.42173 -7.12502 -0.00000 0.00000 -2.03901 2.58359 -6.69776 -0.00000 0.00000 -0.00000 18.97979 -1.27903 9.37056 -32.49934 -22.46193 68.53064 -0.00000 -21.07290 -0.00000 -19.54822 4.85245 -13.40021 7.12502 -0.00000 -0.00000 6.22457 0.09486 -44.13036
-0.05722 0.80942 -0.04333 -1.39907 9.92846 -5.71143 -0.00000 0.00000 -0.00000 367.89753 -57.98105 369.40552 -53.34483 69.08410 72.24153 -2.44993 -16.80868 -11.31531 -3.24102 -29.91667 -12.08913 -0.00000 0.00000 -0.00000 -2.85074 -16.84690 7.56114 21.57976 58.97895 -37.24643 1.51154 -4.20043 14.58663 0.47888 12.15387 -4.49583 -0.34987 8.81406 -4.25866 3.77692 9.44145 -5.83521 4.00712 5.40302 -3.08387 -6.30112 1.47957 -13.14556 12.36644 -0.78467 -17.70982 4.61639 1.23195 -8.92054 0.00000 0.00000 -0.00000 -17.96562 5.53180 -51.56359 27.52960 -13.98262 -53.18416 0.00000 4.60465 -0.00000 19.47294 -12.12608 -30.71424 -7.12502 -0.00000 0.00000 -2.43219 2.68460 -2.79653 0.00000 0.00000 -0.00000 14.05535 0.63802 10.02091 -26.59704 -12.82080 50.84688 -0.00000 -17.76230 -0.00000 -12.27213 4.81910 -21.11692 7.12502 -0.00000 -0.00000 12.85505 -1.38788 -51.05844
-0.06521 0.78402 -0.03612 -3.60573 7.27876 -3.05383 -0.00000 0.00000 -0.00000 373.27124 -54.15575 373.07102 -54.99004 69.26159 74.00174 -5.20056 -23.00881 -17.08061 -4.21735 -33.50992 -13.94541 -0.00000 0.00000 -0.00000 0.61282 -6.10427 10.38183 16.08968 54.50519 -30.68816 4.30394 -11.74199 19.73565 0.59150 13.47559 -5.00356 -0.77861 6.14892 -4.19321 3.02999 7.71760 -5.72534 3.37310 4.97065 -2.99441 -7.34498 2.39207 -13.53152 12.51757 1.20709 -18.45824 4.68981 1.82924 -9.26908 -0.00000 0.00000 -0.00000 -23.59072 1.53109 -61.91942 19.84321 -6.50779 -36.01096 0.00000 11.58020 -0.00000 19.00529 -10.31070 -27.45895 -7.12502 -0.00000 0.00000 -3.48568 3.39134 0.83805 -0.00000 0.00000 -0.00000 11.39786 2.65907 12.77488 -18.67693 -5.70030 33.68713 -0.00000 -12.34430 -0.00000 -7.79189 4.16773 -27.97324 7.12502 -0.00000 -0.00000 16.72558 -3.65774 -56.98592
-0.06885 0.76881 -0.03136 -4.45647 7.51304 -1.86950 -0.00000 0.00000 -0.00000 376.52743 -55.70162 375.66400 -61.23690 69.75350 80.66964 -5.66350 -25.94674 -17.43808 -4.55406 -34.60861 -14.54658 -0.00000 0.00000 -0.00000 2.20499 -2.00115 10.57761 13.92040 52.20090 -27.98516 6.28440 -19.72711 20.71017 0.05044 3.98088 -1.45141 -1.08014 4.00539 -4.20843 2.46988 6.40919 -5.71684 2.87983 4.74420 -2.96630 -9.58235 1.66655 -14.04566 13.30399 1.29174 -19.21598 5.13831 2.31335 -9.63034 -0.00000 0.00000 -0.00000 -31.28342 0.08280 -65.86558 16.67694 -4.46756 -29.80536 0.00000 12.22720 -0.00000 17.24520 -8.04301 -24.26290 -7.12502 -0.00000 0.00000 -5.57388 4.76413 4.60071 -0.00000 0.00000 -0.00000 14.50358 -0.01877 13.49490 -13.44958 -2.84147 23.75690 -0.00000 -1.97282 -0.00000 -7.32436 4.87959 -33.49580 7.12502 -0.00000 -0.00000 16.34552 -5.24687 -62.31774
-0.06661 0.76829 -0.02688 -4.42647 9.22876 -2.85055 -0.00000 0.00000 -0.00000 378.59367 -57.92773 378.31955 -65.35364 69.93123 85.05473 -5.00424 -25.84597 -16.06310 -4.13366 -33.22683 -13.79325 -0.00000 0.00000 -0.00000 1.81996 -2.25851 9.06573 12.05086 49.87151 -25.58137 6.36654 -24.18442 19.34074 0.01489 -2.16459 0.78825 -1.59162 3.82695 -4.38764 2.81329 6.12734 -5.96927 3.51876 4.65890 -3.12369 -14.12535 -0.75410 -14.43848 16.09196 -0.68473 -19.52745 6.57767 2.87706 -9.72660 -0.00000 0.00000 -0.00000 -28.14122 4.84017 -58.97312 21.74789 -7.98245 -39.92356 0.00000 7.39685 -0.00000 16.74644 -7.49370 -23.43316 -7.12502 -0.00000 0.00000 -6.15390 5.08733 5.56540 -0.00000 0.00000 -0.00000 19.42639 2.80612 9.95221 -16.61554 -4.43258 29.68802 -0.00000 -2.64630 -0.00000 -5.76041 4.15683 -35.69937 7.12502 -0.00000 -0.00000 17.71328 -6.32681 -64.03567
-0.05751 0.78366 -0.01747 -3.75386 11.34584 -6.48542 -0.00000 0.00000 -0.00000 378.68675 -56.99617 380.00567 -59.68746 69.65722 79.01766 -4.27890 -25.69377 -14.51815 -4.45733 -34.29933 -14.37560 -0.00000 0.00000 -0.00000 0.37958 -3.05524 8.85917 8.97051 45.07919 -21.40621 5.59484 -23.30056 17.89565 0.02263 -2.66802 0.97183 -2.06264 4.48159 -4.43851 3.50943 6.25874 -6.07670 4.55585 4.57906 -3.22784 -16.25988 -2.56573 -13.94336 16.62671 -3.33693 -18.39390 7.21738 2.50723 -9.10594 -0.00000 0.00000 0.00000 -26.35213 14.22552 -47.33931 28.53556 -15.34748 -55.83336 0.00000 7.41703 -0.00000 17.82610 -9.18042 -26.38803 -7.12502 -0.00000 0.00000 -4.66183 4.32601 2.23004 -0.00000 0.00000 0.00000 27.79760 9.70079 4.43542 -24.45916 -10.46751 45.81936 -0.00000 -13.07040 -0.00000 -6.66672 5.02864 -36.86692 7.12502 -0.00000 -0.00000 16.43533 -6.32241 -65.47143
-0.04473 0.80723 -0.00330 -2.01589 14.60705 -12.99615 -0.00000 0.00000 -0.00000 378.18510 -55.00437 382.47554 -48.55180 68.44046 67.09980 -3.09268 -26.63184 -11.83845 -5.02577 -36.04949 -15.36223 -0.00000 0.00000 -0.00000 -1.45810 -6.11484 11.46483 6.67427 40.37003 -18.02518 4.18521 -18.52147 15.87074 0.05099 4.00247 -1.45931 -2.43178 3.79568 -3.54660 2.78140 5.50672 -4.85296 4.06323 4.01138 -2.59141 -10.08768 0.58961 -12.96360 13.20242 -8.00328 -17.11547 6.01959 -0.29116 -8.68996 0.00000 0.00000 -0.00000 -30.94283 30.11249 -33.94452 33.15033 -24.09697 -71.28932 0.00000 6.42176 -0.00000 17.39636 -10.00541 -29.00977 -7.12502 -0.00000 0.00000 -4.44642 4.53591 -0.48330 0.00000 0.00000 -0.00000 45.45080 14.48263 -3.36410 -30.12704 -17.79922 60.38310 -0.00000 -12.80560 -0.00000 -7.84040 5.22450 -33.47563 7.12502 -0.00000 -0.00000 15.76796 -5.09002 -62.44290
-0.03130 0.83395 0.01379 1.14262 17.71835 -22.18241 -0.00000 0.00000 -0.00000 376.53199 -51.94152 385.12527 -35.85319 65.58981 53.32042 -2.46530 -27.59212 -10.45662 -4.52762 -34.52456 -14.49998 -0.00000 0.00000 -0.00000 -2.64069 -13.93919 13.47395 6.86073 40.80155 -18.31179 1.51839 -12.93570 8.93404 0.04374 3.70727 -1.35135 -3.34528 2.87135 -3.16717 2.61699 5.37557 -4.34105 4.37569 4.40497 -2.37604 -6.76870 -0.84848 -11.93423 10.67193 -11.64434 -15.56939 4.98006 -1.78494 -7.96152 -0.00000 0.00000 -0.00000 -51.29516 44.22256 -13.49544 34.83529 -30.32580 -81.64261 0.00000 3.64258 -0.00000 14.44440 -9.55044 -32.78667 -7.12502 -0.00000 0.00000 -5.89701 6.79038 -3.86088 -0.00000 0.00000 -0.00000 63.89027 20.01128 -7.55295 -32.48314 -22.42392 68.46607 -0.00000 -9.72084 -0.00000 -9.30703 5.42666 -29.98795 7.12502 -0.00000 -0.00000 14.76359 -3.86487 -59.34700
-0.01963 0.85906 0.03131 3.34913 19.31850 -32.04652 -0.00000 0.00000 -0.00000 374.37907 -46.32967 385.55742 -24.64080 60.87277 40.78291 -2.47211 -28.62689 -10.49259 -4.05996 -32.97406 -13.65829 -0.00000 0.00000 -0.00000 -0.85588 -25.38703 11.57713 11.58275 49.22825 -24.96623 0.58091 -6.76826 5.88450 0.05470 4.14484 -1.51141 -2.78381 2.07338 -2.27231 1.40608 5.24045 -3.09386 2.83368 4.47205 -1.69941 -1.77594 -1.25159 -11.22451 8.94392 -15.01180 -14.60701 3.94108 -3.31413 -7.70408 -0.00000 0.00000 -0.00000 -78.36393 52.36068 10.56232 35.11735 -32.40078 -85.11487 0.00000 1.43006 -0.00000 8.28066 -5.79079 -34.73196 -7.12502 -0.00000 0.00000 -10.20560 12.24990 -4.68570 -0.00000 0.00000 -0.00000 86.38443 22.14715 -14.76543 -32.86571 -23.35437 70.04070 -0.00000 -7.58999 -0.00000 -9.61894 5.45868 -29.30557 7.12502 -0.00000 -0.00000 14.53689 -3.63516 -58.73991
-0.01197 0.87978 0.04878 4.88118 18.25643 -42.32409 -0.00000 0.00000 -0.00000 369.35887 -37.19709 383.36455 -15.82721 54.24592 30.36526 -2.06891 -30.29353 -9.73725 -3.53324 -31.06416 -12.66502 -0.00000 0.00000 -0.00000 1.27753 -36.89137 8.26132 29.82727 63.40956 -46.64672 0.63866 -1.36808 11.76408 0.02169 2.61201 -0.95140 -2.84865 1.94186 -2.04238 0.21835 5.02468 -2.75187 1.66512 4.23576 -1.50056 0.28054 -1.91762 -9.87064 8.34661 -16.29808 -12.81949 3.39663 -3.90604 -6.94517 -0.00000 0.00000 0.00000 -101.79682 51.44897 29.21936 35.17201 -33.00151 -86.12892 0.00000 -0.82479 0.00000 3.52000 -2.50035 -35.34456 -7.12502 -0.00000 0.00000 -13.71807 16.65102 -4.57198 -0.00000 0.00000 0.00000 103.21489 21.18810 -22.61680 -32.34462 -22.10352 67.92082 -0.00000 -7.47768 -0.00000 -11.17565 6.13928 -28.42769 7.12502 -0.00000 -0.00000 12.99091 -3.10842 -58.22710
-0.00818 0.89562 0.06603 4.69765 13.79375 -52.45622 -0.00000 0.00000 -0.00000 361.49638 -24.94949 380.76544 -10.08726 46.98096 22.95763 1.30090 -32.25899 -3.23656 -3.56332 -31.17848 -12.72321 -0.00000 0.00000 -0.00000 1.26668 -44.04365 4.35543 82.31886 69.50775 -103.12313 0.11809 2.60043 16.97280 0.00537 1.30066 -0.47349 -3.32015 2.79947 -2.45420 -1.48938 4.54798 -3.30983 0.21034 3.21232 -1.75044 0.85147 0.44210 -7.24724 7.71640 -16.56918 -9.18565 3.00550 -4.63281 -5.18230 -0.00000 0.00000 0.00000 -112.63309 49.85538 39.72192 35.26425 -35.17628 -89.84747 0.00000 -5.66351 0.00000 3.28260 -2.31795 -35.19027 -7.12502 -0.00000 0.00000 -13.95137 16.83775 -4.38223 -0.00000 0.00000 0.00000 112.91170 20.91440 -33.77743 -32.32506 -22.05891 67.84478 -0.00000 -14.79430 -0.00000 -13.20522 7.23632 -28.22789 7.12502 -0.00000 -0.00000 10.82719 -2.63200 -58.50153
-0.00806 0.91308 0.08490 3.96039 9.96091 -62.52811 -0.00000 0.00000 -0.00000 354.42964 -15.54070 379.36198 -7.21887 41.60300 18.85546 4.62308 -29.63197 4.91587 -3.60377 -31.33117 -12.80118 -0.00000 0.00000 -0.00000 -0.96381 -49.23714 -2.34648 120.45145 57.51020 -145.14208 -0.14807 3.87135 19.22898 0.31593 9.90600 -3.64431 -3.16460 1.44211 -3.15251 -2.42125 4.09767 -4.18014 -0.93050 3.44944 -2.16376 0.82524 1.08418 -3.75474 4.88943 -14.90851 -4.72128 1.73665 -4.52089 -2.76222 0.00000 0.00000 0.00000 -108.03959 50.85773 39.36566 35.07239 -38.41584 -95.58357 0.00000 -13.44030 0.00000 6.13133 -4.26933 -34.72244 -7.12502 -0.00000 0.00000 -11.88731 14.17623 -4.32015 0.00000 0.00000 0.00000 115.98281 22.75176 -46.67041 -33.59935 -25.37956 73.43277 -0.00000 -27.86530 -0.00000 -17.41304 8.72635 -25.81484 7.12502 -0.00000 -0.00000 6.75313 -1.43441 -56.93656
-0.01207 0.93456 0.10367 4.06012 7.00862 -73.87710 -0.00000 0.00000 -0.00000 350.84876 -11.44744 381.36629 -6.56159 40.10433 17.85074 2.77337 -18.36449 6.85176 -2.96907 -28.78311 -11.53431 -0.00000 0.00000 -0.00000 -3.52274 -53.79075 -10.26292 132.47598 42.25918 -160.68790 0.50412 1.00371 16.25922 1.42016 20.52535 -7.83186 -3.56493 -1.58721 -3.53588 -3.02181 3.77177 -4.52603 -1.56916 4.80102 -2.34143 0.78888 -0.58028 0.18481 3.26623 -12.21984 0.37602 0.90700 -3.87665 -0.08235 0.00000 0.00000 -0.00000 -88.64247 49.21645 29.71519 34.38915 -41.80226 -101.96318 0.00000 -25.49140 0.00000 6.24708 -4.07992 -33.02196 -7.12502 -0.00000 0.00000 -12.30956 13.82567 -2.59976 0.00000 0.00000 -0.00000 112.98004 28.66780 -56.56554 -34.65540 -29.35829 80.03459 -0.00000 -23.84010 -0.00000 -16.05882 6.26046 -20.74811 7.12502 -0.00000 -0.00000 8.98083 -1.00606 -51.33949
-0.01448 0.95254 0.12157 2.24324 4.16173 -84.91820 -0.00000 0.00000 -0.00000 350.79789 -9.30861 384.15122 -7.84756 42.92987 19.79012 0.00701 -0.54095 1.54657 -1.04530 -17.74521 -6.68866 -0.00000 0.00000 -0.00000 -5.01000 -56.17676 -19.10050 136.32445 31.59912 -167.06131 0.80051 -3.11614 10.58165 2.52342 26.76504 -10.57812 -4.16343 -1.39360 -3.43000 -3.71226 3.97309 -4.37965 -1.94168 4.89696 -2.29712 2.02202 -1.86303 3.57845 2.96829 -11.01376 4.87692 0.35172 -3.22234 2.13802 -0.00000 0.00000 0.00000 -64.47762 41.39499 18.62330 34.02105 -42.96842 -104.28554 0.00000 -28.48750 0.00000 9.23785 -6.07414 -33.04801 -7.12502 -0.00000 0.00000 -9.93714 11.26722 -3.11837 -0.00000 0.00000 0.00000 104.46431 38.39814 -60.44262 -35.17209 -33.00251 86.13060 -0.00000 -19.44910 -0.00000 -7.43230 2.17927 -16.25134 7.12502 -0.00000 -0.00000 18.15477 -0.17624 -45.53744
-0.01617 0.96210 0.14109 1.33653 1.11371 -93.55138 -0.00000 0.00000 -0.00000 350.22926 -9.34853 383.38446 -9.79447 46.50263 22.55560 0.23325 4.37995 -3.03601 -1.16542 -18.69073 -7.07286 -0.00000 0.00000 -0.00000 -0.93463 -61.21632 -19.85597 136.49128 30.97046 -167.38258 0.77568 -3.92117 9.39886 2.99260 28.88392 -11.58311 -5.71270 -0.71764 -3.33721 -4.42940 4.07651 -4.28284 -1.77336 4.69154 -2.31895 3.97671 -3.18312 6.25289 2.90314 -10.50583 8.34812 -0.09271 -2.73210 3.79508 0.00000 0.00000 0.00000 -42.20681 30.69587 9.05102 34.55076 -41.20083 -100.79347 0.00000 -25.50270 0.00000 10.30009 -6.86696 -33.34146 -7.12502 -0.00000 0.00000 -9.01605 10.37314 -3.61270 0.00000 0.00000 0.00000 87.95650 47.56870 -54.74214 -35.25836 -35.83325 90.98886 -0.00000 -22.23460 -0.00000 1.49519 -0.31118 -11.75414 7.12502 -0.00000 -0.00000 26.95829 2.34405 -40.40243
-0.01937 0.96321 0.16398 1.14521 -1.42125 -100.59498 -0.00000 0.00000 -0.00000 348.98397 -9.25856 379.99927 -10.15094 47.08320 23.04465 0.05393 -4.49460 -0.03917 -2.44834 -26.40257 -10.41034 -0.00000 0.00000 -0.00000 9.53559 -65.11052 -7.67876 133.31084 40.40488 -161.95183 1.22215 -5.97983 10.77714 2.94838 28.69407 -11.49129 -6.40518 -0.01073 -2.92657 -4.74151 4.19979 -3.81295 -1.62978 4.44353 -2.12550 5.31892 -4.00274 7.75658 2.34501 -11.50320 10.21441 -0.57104 -2.81001 4.61949 -0.00000 0.00000 -0.00000 -24.28343 19.88074 -1.09941 35.25537 -35.95923 -91.20885 0.00000 -20.04540 0.00000 7.11147 -4.70804 -33.34058 -7.12502 -0.00000 0.00000 -11.53297 13.12702 -3.06131 -0.00000 0.00000 -0.00000 64.58139 50.64130 -40.33832 -35.20714 -37.00296 93.04670 -0.00000 -24.41360 -0.00000 3.97114 -0.59813 -8.55184 7.12502 -0.00000 -0.00000 29.14536 4.28126 -37.37489
-0.02368 0.95594 0.18875 1.36970 -3.75083 -106.71721 -0.00000 0.00000 -0.00000 347.03528 -8.18314 374.84848 -7.71054 42.64887 19.58842 1.43723 -15.02926 3.62083 -2.04312 -24.31240 -9.46434 -0.00000 0.00000 -0.00000 17.02689 -66.26396 3.27188 123.56584 54.83804 -148.88961 1.02745 -12.01532 7.04117 2.81810 28.12342 -11.21746 -6.52367 1.24722 -2.30146 -4.90513 4.36371 -3.13317 -1.61385 3.88701 -1.80364 5.86758 -4.57316 8.73899 1.90797 -13.38653 11.41164 -0.93611 -3.27239 5.07432 -0.00000 0.00000 -0.00000 -11.37692 10.05200 -11.67348 34.28386 -27.72740 -77.33084 0.00000 -13.38640 0.00000 4.75384 -3.26469 -34.40335 -7.12502 -0.00000 0.00000 -13.06059 15.35851 -3.78571 -0.00000 0.00000 -0.00000 42.40975 46.82307 -24.08121 -35.25459 -35.98872 91.26041 -0.00000 -24.36320 -0.00000 1.60430 -0.21925 -7.77994 7.12502 -0.00000 -0.00000 26.84376 4.15919 -36.84455
-0.03101 0.93921 0.21406 2.23108 -6.06825 -112.42346 -0.00000 0.00000 -0.00000 344.74204 -4.84679 367.36584 -3.86630 32.29364 13.29919 1.71801 -18.88755 2.53659 -2.98124 -28.83531 -11.55956 -0.00000 0.00000 -0.00000 20.24747 -65.77835 8.37529 89.54919 68.71901 -110.86032 0.91938 -14.69457 6.30794 2.60228 27.13830 -10.75211 -6.05040 1.91983 -1.71202 -5.10924 4.40726 -2.44343 -2.01700 3.50531 -1.45081 7.03648 -5.03057 9.58387 0.73449 -15.10903 12.32282 -1.64707 -3.62279 5.37319 -0.00000 0.00000 -0.00000 -1.61157 1.80804 -20.91090 30.26387 -18.03020 -60.80027 0.00000 -6.76773 0.00000 9.33484 -7.28050 -37.62991 -7.12502 -0.00000 0.00000 -8.53286 11.43287 -7.87701 -0.00000 0.00000 -0.00000 26.71457 39.84197 -10.89251 -35.15479 -32.79702 85.78320 -0.00000 -23.40220 -0.00000 -2.98454 0.45098 -8.58502 7.12502 -0.00000 -0.00000 22.51129 2.97030 -37.87326
-0.04240 0.91334 0.23648 3.68049 -8.71175 -119.04234 -0.00000 0.00000 -0.00000 344.01514 -1.44901 362.24773 -2.04132 24.30257 9.45997 -1.98808 -21.33994 -9.38817 -4.98209 -35.92053 -15.28790 -0.00000 0.00000 -0.00000 23.02223 -64.73906 10.73332 30.20143 63.56610 -47.06485 1.45496 -14.17579 8.42375 1.90803 23.55819 -9.13136 -5.50635 0.62955 -1.01977 -5.13316 3.94599 -1.41685 -2.31206 3.72577 -0.91381 7.92409 -4.54417 10.38791 -0.42600 -15.88958 13.30590 -2.32875 -3.80250 5.78392 -0.00000 0.00000 -0.00000 5.40285 -4.44578 -27.60202 23.34843 -9.38911 -43.34969 0.00000 -4.43588 0.00000 15.10982 -12.30189 -38.27724 -7.12502 -0.00000 0.00000 -3.98044 5.67167 -9.85095 -0.00000 0.00000 -0.00000 14.80778 33.20270 0.60021 -34.36182 -28.04056 77.84977 -0.00000 -22.94650 -0.00000 -8.07011 1.55901 -10.86192 7.12502 -0.00000 -0.00000 17.64015 1.46183 -40.41324
-0.05415 0.89164 0.25160 3.44687 -12.65725 -127.15194 -0.00000 0.00000 -0.00000 341.09087 -0.14003 366.77131 -1.36544 20.14853 7.67443 -6.50300 -22.51337 -20.14935 -3.34930 -30.34991 -12.30482 -0.00000 0.00000 -0.00000 24.74453 -63.62477 11.89418 9.66944 46.29413 -22.38294 1.03170 -16.26800 6.66317 1.95619 23.83072 -9.25120 -6.79275 -1.08869 -0.28750 -5.70070 3.07837 -0.32319 -2.12675 3.80312 -0.40924 8.24774 -1.14818 11.19238 -0.26107 -18.60977 14.88016 -2.72330 -4.63740 6.34440 -0.00000 0.00000 -0.00000 8.56346 -8.91746 -31.18259 15.87296 -4.02238 -28.27638 0.00000 -5.85098 0.00000 18.25932 -13.23935 -34.76620 -7.12502 -0.00000 0.00000 -2.46886 3.15140 -6.89298 -0.00000 0.00000 -0.00000 5.30377 27.84045 13.98108 -32.41730 -22.27062 68.20540 -0.00000 -20.93350 -0.00000 -12.78671 3.59740 -15.45458 7.12502 -0.00000 -0.00000 12.82773 -0.09849 -45.43253
-0.06550 0.87883 0.26214 1.15330 -16.61599 -136.83540 -0.00000 0.00000 -0.00000 334.46426 -0.80946 373.90454 -0.94363 16.89571 6.34719 -5.49426 -28.14670 -16.72483 -3.89715 -32.40364 -13.35684 -0.00000 0.00000 -0.00000 28.41882 -63.26065 17.04485 5.17897 36.49512 -15.62118 -0.29513 -20.64930 2.78541 2.28713 25.59941 -10.04262 -8.21242 -1.39564 0.46978 -6.43870 1.90050 0.58485 -2.04160 2.72905 0.01659 6.87805 0.44473 12.11177 1.21527 -18.84824 16.48936 -2.35027 -5.08192 7.07461 0.00000 0.00000 0.00000 0.38982 -17.30700 -32.94052 11.42862 -2.02910 -20.07200 0.00000 8.53623 -0.00000 18.44330 -13.46249 -34.91839 -7.12502 -0.00000 0.00000 -2.29448 2.95110 -7.10780 0.00000 0.00000 0.00000 1.83618 21.93979 29.98262 -29.20067 -16.32360 57.67358 -0.00000 -13.38100 -0.00000 -14.49214 5.25656 -19.51699 7.12502 -0.00000 -0.00000 10.74369 -0.91353 -49.80310
-0.08148 0.87912 0.27123 1.16011 -15.83134 -145.04674 -0.00000 0.00000 -0.00000 332.66658 -3.06370 373.49182 -1.63631 21.93569 8.42870 -0.51654 -32.22682 -6.85405 -4.13864 -33.24381 -13.80234 -0.00000 0.00000 -0.00000 34.23598 -60.88729 20.57731 4.73046 35.16015 -14.85501 -0.90427 -20.65256 0.90554 2.58498 27.05706 -10.71413 -3.40539 0.14531 0.57931 -5.74478 2.02298 0.60382 -3.99983 2.02428 0.17105 6.56210 0.97934 13.81176 0.00311 -19.20839 18.67136 -2.92128 -5.04253 8.18962 -0.00000 0.00000 0.00000 -7.38249 -17.68627 -28.90622 11.58567 -2.08689 -20.35605 0.00000 14.89750 -0.00000 20.06070 -15.19799 -35.67451 -7.12502 -0.00000 0.00000 -0.91455 1.23137 -8.39392 -0.00000 0.00000 0.00000 10.72396 16.00056 45.46114 -25.70448 -11.78984 48.69804 -0.00000 0.04915 0.00000 -16.24117 6.33414 -20.74319 7.12502 -0.00000 -0.00000 8.79282 -0.98887 -51.36637
-0.10132 0.88637 0.27036 1.68977 -14.21829 -153.02495 -0.00000 0.00000 -0.00000 335.21428 -8.57862 374.38219 -3.99737 32.75678 13.54296 -1.01662 -25.48993 -7.04165 -3.95634 -32.61296 -13.46697 -0.00000 0.00000 -0.00000 38.27325 -57.27128 21.61770 6.30246 39.47849 -17.44586 0.36010 -17.10277 4.32396 2.68471 27.52067 -10.93165 0.40988 1.86995 1.24461 -4.35208 2.72566 1.53286 -4.69879 1.88627 0.74433 6.94862 1.84334 14.70198 -2.33611 -19.24539 19.66583 -3.82425 -4.81448 8.80629 -0.00000 0.00000 -0.00000 -8.73629 0.77590 -22.21476 14.41658 -3.28462 -25.54558 0.00000 0.19080 -0.00000 21.00754 -15.54679 -34.91332 -7.12502 -0.00000 0.00000 -0.37423 0.49363 -7.83254 -0.00000 0.00000 -0.00000 25.99244 17.36392 54.43431 -23.15689 -9.21197 42.93195 -0.00000 3.81719 0.00000 -23.26549 12.22465 -26.21948 7.12502 -0.00000 -0.00000 0.41507 -0.10137 -58.72433
-0.12196 0.89635 0.26271 1.09166 -15.23342 -158.78507 -0.00000 0.00000 -0.00000 337.56160 -17.70644 372.12357 -9.62225 46.21479 22.31763 -1.27007 -7.61260 -9.88456 -1.76604 -22.72926 -8.77012 -0.00000 0.00000 -0.00000 38.62683 -55.06906 24.42706 10.18459 47.13698 -23.09058 0.42911 -16.41213 4.50346 2.50303 26.66731 -10.53277 1.01757 2.37610 1.89623 -3.84607 2.69842 2.42238 -4.51849 1.65404 1.20480 7.25368 1.70889 14.62925 -2.55854 -17.53614 19.52818 -3.70778 -4.25618 8.84881 -0.00000 0.00000 0.00000 -11.97694 19.58152 -21.89061 16.69204 -4.47619 -29.83424 0.00000 -6.29627 0.00000 20.32217 -14.57679 -34.19862 -7.12502 -0.00000 0.00000 -1.03626 1.31900 -6.83984 -0.00000 0.00000 0.00000 43.98917 22.75456 54.99718 -21.29453 -7.61283 38.97753 -0.00000 -1.36820 -0.00000 -27.66573 17.67493 -30.07706 7.12502 -0.00000 -0.00000 -5.36329 1.88168 -64.27756
-0.14422 0.90484 0.25448 0.84897 -15.79713 -162.03981 -0.00000 0.00000 -0.00000 338.70374 -25.47538 364.61262 -20.41814 58.16229 35.88513 1.11331 7.38638 -11.56997 -0.63117 -13.90849 -5.17113 -0.00000 0.00000 -0.00000 35.04463 -52.92695 22.47053 15.34935 53.76083 -29.77462 -0.19483 -16.02933 2.08902 2.45004 26.41088 -10.41418 2.59675 3.50044 1.94343 -3.40578 2.85320 2.52456 -4.99653 1.24840 1.28058 8.52354 0.45584 14.69998 -3.69891 -14.67347 19.41750 -3.75948 -3.03277 8.97121 0.00000 0.00000 -0.00000 -15.60250 34.27480 -25.78842 18.10037 -5.32587 -32.55562 0.00000 -8.90525 0.00000 17.35267 -11.87263 -33.36139 -7.12502 -0.00000 0.00000 -3.48956 4.18858 -5.14188 0.00000 0.00000 -0.00000 62.74760 26.50904 47.49375 -20.65307 -7.11011 37.65526 -0.00000 -6.78427 -0.00000 -26.67305 16.84594 -29.97968 7.12502 -0.00000 -0.00000 -4.24786 1.45545 -63.87902
-0.17132 0.90661 0.24290 1.93186 -15.11786 -163.91462 -0.00000 0.00000 -0.00000 339.52224 -29.79191 354.30361 -40.76761 66.92508 58.68824 1.62558 9.20580 -12.75358 -0.37785 -10.81904 -3.98851 -0.00000 0.00000 -0.00000 31.20926 -47.75637 19.93677 18.06363 56.30688 -33.08566 1.35111 -14.45869 7.98400 2.14946 24.88454 -9.71980 5.78697 4.63107 1.66329 -1.78804 3.08361 2.29470 -5.14989 0.90438 1.20354 8.36042 0.64152 14.52213 -5.75188 -12.76012 19.06697 -4.11594 -2.33899 9.04670 -0.00000 0.00000 0.00000 -21.46536 45.90899 -32.05774 18.45737 -5.55583 -33.25495 0.00000 -10.40500 0.00000 13.84908 -9.26660 -33.15157 -7.12502 -0.00000 0.00000 -6.27210 7.29417 -4.11838 -0.00000 0.00000 0.00000 77.61210 24.90067 36.31123 -19.68055 -6.39102 35.68386 -0.00000 -9.38893 -0.00000 -20.86576 12.84719 -30.25616 7.12502 -0.00000 -0.00000 2.03701 -0.64603 -62.58881
-0.20183 0.89615 0.22492 2.46834 -14.65711 -165.72603 -0.00000 0.00000 -0.00000 338.93277 -31.50711 343.03009 -74.14618 69.94527 94.41278 0.88510 6.34384 -11.64437 -1.12542 -18.38229 -6.94704 -0.00000 0.00000 -0.00000 28.75121 -43.68646 19.43315 17.95871 56.21722 -32.95948 4.03695 -15.26300 16.76184 2.61439 27.19499 -10.77864 7.23067 4.76749 0.88429 0.13456 3.05365 1.28653 -3.94571 0.65688 0.67700 8.85924 1.57070 14.84981 -8.14573 -11.13735 19.54257 -4.79513 -1.66177 9.47197 0.00000 0.00000 -0.00000 -30.30665 54.61002 -37.86983 17.06831 -4.69444 -30.55578 0.00000 -10.80600 0.00000 14.85169 -9.52631 -31.96886 -7.12502 -0.00000 0.00000 -5.77930 6.47325 -3.08422 0.00000 0.00000 -0.00000 87.28742 18.52332 25.43339 -17.68495 -5.06583 31.74687 -0.00000 -8.61575 -0.00000 -16.06485 9.65280 -30.21105 7.12502 -0.00000 -0.00000 7.31060 -2.14744 -61.28200
-0.23107 0.88439 0.20340 2.30556 -15.27706 -169.35010 -0.00000 0.00000 -0.00000 340.38068 -32.34392 335.30367 -101.43624 66.36820 123.71218 0.31881 3.63274 -9.59458 -0.59223 -13.48374 -5.00670 -0.00000 0.00000 -0.00000 28.59608 -43.52784 19.14789 19.63804 57.57902 -34.96398 5.30775 -19.49777 18.42905 2.58659 27.06463 -10.71766 7.38331 3.73942 0.50498 0.41390 3.01016 0.70104 -3.71912 1.11328 0.39976 11.12245 0.94040 15.35682 -8.75568 -9.16397 20.30941 -5.00832 -0.67479 9.84362 -0.00000 0.00000 -0.00000 -37.86997 59.49006 -43.75190 14.42196 -3.28719 -25.55558 0.00000 -9.52025 0.00000 17.70234 -10.12328 -28.84036 -7.12502 -0.00000 0.00000 -4.23868 4.30531 -0.36750 -0.00000 0.00000 -0.00000 94.39157 5.84884 15.75230 -15.67133 -3.91504 27.89542 -0.00000 -5.47760 -0.00000 -12.30529 7.25676 -30.07430 7.12502 -0.00000 -0.00000 11.46060 -3.15407 -60.18392
-0.25951 0.87640 0.17968 1.99262 -15.89724 -174.01241 -0.00000 0.00000 -0.00000 346.03142 -31.95559 333.03772 -113.52590 61.85459 137.12842 0.13208 2.34306 -6.59339 -0.63227 -13.92028 -5.17570 -0.00000 0.00000 -0.00000 27.13481 -42.43555 17.28838 19.41324 57.40539 -34.69741 7.89700 -22.67629 23.08663 2.74408 27.79131 -11.05956 7.77034 2.08559 -0.00800 0.14576 3.10465 -0.10842 -4.21569 2.04553 0.05027 10.96913 1.26834 16.42564 -7.45203 -8.37643 21.87377 -4.55433 -0.51144 10.61173 -0.00000 0.00000 0.00000 -43.72503 63.55279 -48.46821 13.11208 -2.69526 -23.13676 0.00000 -10.50080 0.00000 18.62705 -8.14286 -22.79329 -7.12502 -0.00000 0.00000 -4.71468 3.84031 5.92009 -0.00000 0.00000 0.00000 94.27678 -11.17726 8.25642 -13.15588 -2.71399 23.21713 -0.00000 -5.43971 -0.00000 -9.93418 5.92508 -30.51480 7.12502 -0.00000 -0.00000 13.98280 -3.83478 -60.03386
-0.28549 0.87377 0.15862 0.14931 -16.29474 -180.33390 -0.00000 0.00000 -0.00000 353.95566 -31.15022 336.54343 -116.42122 60.25453 140.43651 0.20348 2.93868 -6.79959 -0.70445 -14.67123 -5.46804 -0.00000 0.00000 -0.00000 25.64309 -40.01351 18.51168 18.02539 56.27427 -33.03969 9.52888 -24.26359 25.73535 2.45113 26.41615 -10.41661 6.93992 1.70382 -0.51204 -1.31583 3.00180 -0.53485 -5.28091 2.07420 -0.05605 11.01225 1.96649 17.23607 -6.66842 -8.58832 23.55175 -4.44149 -0.59534 11.87925 0.00000 0.00000 -0.00000 -21.03537 70.78088 -72.81928 15.72817 -3.94513 -28.00273 0.00000 -18.68050 0.00000 20.58545 -7.07047 -18.14543 -7.12502 -0.00000 0.00000 -3.86206 2.65068 10.58669 0.00000 0.00000 -0.00000 88.97506 -36.76258 4.45513 -10.96483 -1.86356 19.23523 -0.00000 -0.52049 -0.00000 -10.95751 7.37930 -33.55945 7.12502 -0.00000 -0.00000 12.24342 -4.14063 -63.40432
-0.31109 0.88470 0.13870 -2.64663 -16.46748 -187.22331 -0.00000 0.00000 -0.00000 361.07156 -31.11702 343.74805 -113.13129 62.05290 136.68130 0.29463 3.49045 -9.57058 -0.48043 -12.17317 -4.50320 -0.00000 0.00000 -0.00000 24.08066 -37.10132 21.91139 16.29663 54.70614 -30.94202 8.47756 -23.20644 24.07469 2.14892 24.88167 -9.71851 5.42358 1.28119 -0.93115 -3.23425 3.33105 -1.04117 -6.46592 2.56929 -0.27071 10.54912 2.73354 18.55989 -6.92631 -10.41440 25.40629 -4.79053 -1.00505 12.80580 0.00000 0.00000 0.00000 21.24012 67.73528 -110.08780 20.77876 -7.20679 -37.91292 0.00000 -20.28940 0.00000 21.35271 -10.02401 -24.00017 -7.12502 -0.00000 0.00000 -2.24549 1.94630 4.10260 0.00000 0.00000 0.00000 78.22948 -48.56045 1.69647 -12.43648 -2.41543 21.90134 -0.00000 -13.30250 -0.00000 -13.45522 11.50526 -39.81701 7.12502 -0.00000 -0.00000 7.76303 -3.76635 -70.72687
-0.33810 0.90502 0.12211 -5.79929 -15.93330 -191.28428 -0.00000 0.00000 -0.00000 362.93647 -33.32251 348.32797 -105.03924 65.30865 127.66070 -0.03847 1.77797 -11.22247 -0.62932 -13.88865 -5.16344 -0.00000 0.00000 -0.00000 21.00891 -35.97962 22.65286 15.88976 54.30817 -30.44231 4.20050 -21.95438 14.97292 0.70117 14.63802 -5.45507 4.12947 1.67702 -1.78613 -5.59488 3.96537 -1.90595 -8.28799 2.84022 -0.58598 8.78816 3.07898 19.25509 -5.56690 -12.84563 26.56394 -4.61876 -1.97032 13.36775 0.00000 0.00000 0.00000 36.06180 59.86150 -119.29557 24.61177 -10.62283 -46.16547 0.00000 -6.88354 0.00000 21.26667 -15.59934 -34.64069 -7.12502 -0.00000 0.00000 -0.23835 0.31183 -7.60699 0.00000 0.00000 0.00000 64.17359 -51.76328 -0.96951 -13.88769 -3.03775 24.56504 -0.00000 -29.70680 -0.00000 -13.71608 11.75066 -39.84164 7.12502 -0.00000 -0.00000 7.44920 -3.63057 -70.84108
-0.36374 0.92385 0.11061 -7.69615 -14.24364 -193.56397 -0.00000 0.00000 -0.00000 363.12167 -36.76172 351.61927 -89.54363 68.71978 110.85435 -0.38888 -0.66568 -10.04972 -1.02178 -17.55293 -6.61108 -0.00000 0.00000 -0.00000 21.26177 -35.61399 22.66602 18.38319 56.57603 -33.46913 -1.97036 -23.24783 -1.30818 0.29589 9.59079 -3.52596 2.62287 3.87006 -2.25018 -7.63588 4.87912 -2.10263 -9.58637 2.51544 -0.52782 9.17979 3.07389 19.23676 -5.40014 -13.95128 26.67410 -4.78724 -2.23254 13.39486 0.00000 0.00000 0.00000 39.85717 53.26023 -119.34333 27.17697 -13.53241 -52.28819 0.00000 -1.23947 0.00000 17.21809 -16.41576 -42.36266 -7.12502 -0.00000 0.00000 -1.42894 2.46367 -14.87327 0.00000 0.00000 0.00000 45.67901 -52.24708 -6.92039 -14.16678 -3.16665 25.08176 -0.00000 -30.97820 -0.00000 -13.36371 11.09836 -39.01718 7.12502 -0.00000 -0.00000 8.10639 -3.78122 -69.84397
-0.38904 0.92915 0.09972 -8.71182 -12.36258 -195.04162 -0.00000 0.00000 -0.00000 361.37041 -41.25299 352.95149 -66.67843 69.96490 86.46499 -0.58668 -3.06817 -8.56561 -2.77042 -27.91018 -11.11595 -0.00000 0.00000 -0.00000 24.57379 -35.08468 22.92633 23.42967 60.16459 -39.39167 -5.47648 -24.77566 -10.40309 1.51786 21.17752 -8.10632 1.56871 5.69100 -2.35719 -9.45232 5.73837 -1.81612 -10.95492 2.44924 -0.18195 9.05834 2.83966 19.37604 -4.40093 -14.14084 26.97714 -4.51182 -2.38823 13.50826 -0.00000 0.00000 -0.00000 42.38819 48.13535 -118.45784 29.39397 -16.61965 -58.22378 0.00000 -4.61997 0.00000 15.25018 -13.64278 -40.86446 -7.12502 -0.00000 0.00000 -3.20451 5.07357 -12.66229 -0.00000 0.00000 -0.00000 25.43382 -50.30466 -13.65246 -14.63555 -3.39006 25.95320 -0.00000 -32.13080 -0.00000 -13.40843 10.58312 -37.61168 7.12502 -0.00000 -0.00000 8.45319 -3.68127 -68.36565
-0.41484 0.91714 0.08617 -9.83321 -10.68377 -196.47511 -0.00000 0.00000 -0.00000 357.52143 -46.62994 352.59395 -43.84329 67.60176 62.02286 -1.12392 -4.39211 -11.65858 -5.75940 -38.09495 -16.57901 -0.00000 0.00000 -0.00000 29.13253 -35.44261 21.26854 32.45733 64.44651 -49.57449 -2.43850 -20.46639 -4.15740 1.00458 17.41076 -6.55382 1.02648 6.41299 -2.46602 -11.47764 6.09973 -1.51447 -12.96907 2.48722 0.19984 9.42989 2.78682 19.79258 -4.08103 -13.68554 27.50653 -4.40828 -2.21404 13.74046 -0.00000 0.00000 -0.00000 44.46346 45.24891 -116.78922 31.02039 -19.37798 -63.20187 0.00000 -5.31338 0.00000 16.98542 -14.38793 -39.12837 -7.12502 -0.00000 0.00000 -2.38061 3.57086 -11.27718 -0.00000 0.00000 -0.00000 7.91219 -45.29995 -16.77597 -16.02919 -4.10672 28.57222 -0.00000 -37.15890 -0.00000 -14.30334 11.28829 -37.51540 7.12502 -0.00000 -0.00000 7.44682 -3.26547 -68.54743
-0.44181 0.89494 0.06826 -10.37660 -8.46770 -198.81123 -0.00000 0.00000 -0.00000 353.64191 -50.48796 353.05352 -28.38242 62.77446 45.02650 -1.43680 -3.19870 -15.51515 -6.51438 -39.99188 -17.77738 -0.00000 0.00000 -0.00000 33.78162 -35.08788 14.60675 40.42576 66.84284 -58.31655 -0.06799 -15.20904 2.42087 0.15496 6.96154 -2.54718 1.22359 7.25135 -2.15521 -13.21320 5.87847 -0.79665 -15.18207 1.95638 0.73141 9.53995 3.55301 20.19230 -4.44425 -12.79907 27.86777 -4.48547 -1.95985 13.89919 -0.00000 0.00000 -0.00000 45.49894 44.92170 -115.15314 32.08609 -21.52613 -66.93383 0.00000 -4.59594 0.00000 18.30727 -17.52781 -42.31042 -7.12502 -0.00000 0.00000 -0.68670 1.19793 -15.17392 -0.00000 0.00000 -0.00000 -7.67688 -38.72004 -16.06702 -17.94368 -5.22684 32.24994 -0.00000 -37.61970 -0.00000 -14.60820 10.80561 -35.72803 7.12502 -0.00000 -0.00000 7.58899 -3.04496 -66.73700
-0.46742 0.86616 0.04599 -11.14077 -5.76740 -202.98537 -0.00000 0.00000 -0.00000 351.56185 -53.08895 357.43664 -22.05405 59.29577 37.79896 -0.83762 -0.99706 -14.61219 -5.71168 -37.96839 -16.50156 -0.00000 0.00000 -0.00000 37.13317 -33.03685 4.04892 38.33700 66.30719 -56.04024 1.00507 -10.07669 7.36836 0.00151 0.68846 -0.25059 0.43105 7.44359 -1.10855 -14.64501 5.09834 0.73821 -16.51973 1.47021 1.58298 9.05288 4.00958 20.60993 -4.82351 -10.91644 28.12855 -4.30527 -1.48873 14.03323 -0.00000 0.00000 -0.00000 45.49751 46.17977 -113.04335 32.79114 -23.16733 -69.72512 0.00000 -3.72561 0.00000 18.18165 -20.13999 -46.35278 -7.12502 -0.00000 0.00000 0.12909 -0.27220 -19.62829 -0.00000 0.00000 -0.00000 -20.34448 -38.68261 -9.54086 -20.71199 -7.15532 37.77595 -0.00000 -33.26170 -0.00000 -13.46016 8.60338 -32.00607 7.12502 -0.00000 -0.00000 9.78664 -3.11495 -62.48596
-0.49073 0.83526 0.02158 -12.56608 -3.66298 -208.31073 -0.00000 0.00000 -0.00000 352.11837 -55.55382 365.67504 -22.91487 59.84785 38.79727 -1.74968 -9.42692 -11.31691 -4.05364 -32.95224 -13.64668 -0.00000 0.00000 -0.00000 38.78211 -30.39074 -8.49242 27.45161 62.33794 -43.97767 0.79588 -3.44600 10.11986 0.29206 9.52935 -3.50292 -1.02373 6.10660 0.41563 -15.91077 3.60807 2.84156 -17.28981 1.26051 2.66675 7.63735 3.65106 21.16231 -3.76510 -8.56544 28.68477 -3.80277 -1.22901 14.30156 0.00000 0.00000 0.00000 44.99958 48.03228 -110.08861 33.21503 -24.27272 -71.58394 0.00000 -1.36686 0.00000 17.77049 -20.41082 -47.41731 -7.12502 -0.00000 0.00000 0.09793 -0.21650 -20.66171 0.00000 0.00000 0.00000 -27.95695 -38.94203 -0.13301 -25.43493 -11.49268 48.06394 -0.00000 -39.08480 -0.00000 -13.93582 7.21595 -26.84885 7.12502 -0.00000 -0.00000 10.28565 -2.25719 -57.24512
-0.50926 0.80770 0.00071 -13.14396 -2.76948 -210.93910 -0.00000 0.00000 -0.00000 351.99768 -56.56747 368.34637 -28.48490 62.82117 45.14172 -2.50456 -20.04670 -10.91304 -4.50325 -34.44677 -14.45693 -0.00000 0.00000 -0.00000 39.67338 -28.31733 -23.51149 15.81721 54.23595 -30.35294 -0.07829 1.86617 6.51988 0.82817 15.86640 -5.93781 -1.86103 4.39848 1.27969 -16.79869 2.08062 4.11323 -17.95409 0.98828 3.32388 7.54700 4.23920 21.35959 -2.31652 -8.05110 29.11383 -3.35874 -1.35483 14.48734 0.00000 0.00000 0.00000 45.88461 50.03168 -107.63654 33.50784 -25.10533 -72.97565 0.00000 0.68874 -0.00000 17.20281 -19.80012 -47.57295 -7.12502 -0.00000 0.00000 -0.22500 0.49642 -20.61743 0.00000 0.00000 0.00000 -30.88692 -38.45806 9.65234 -30.09518 -17.74595 60.28665 -0.00000 -43.39380 -0.00000 -14.65654 5.62736 -20.55272 7.12502 -0.00000 -0.00000 10.45500 -1.09158 -50.89433
-0.52498 0.78408 -0.01516 -14.00989 -2.77361 -212.42863 -0.00000 0.00000 -0.00000 349.08520 -57.54218 365.68952 -33.75092 64.90606 51.00558 -3.57403 -28.11832 -12.80809 -5.22102 -36.61564 -15.69178 -0.00000 0.00000 -0.00000 40.76273 -27.71160 -34.62680 9.67508 46.30360 -22.39075 -0.16888 3.98639 2.25265 0.80202 15.62234 -5.84141 -3.62119 2.72456 1.99312 -17.49215 0.80539 5.28888 -17.72757 0.85891 3.96097 7.37032 4.08906 20.91673 -0.88227 -7.90307 28.65567 -2.85587 -1.57428 14.23429 -0.00000 0.00000 0.00000 47.40857 50.44543 -105.22137 33.69761 -25.68250 -73.93714 0.00000 2.06594 -0.00000 17.00295 -19.97914 -48.17284 -7.12502 -0.00000 0.00000 -0.21728 0.49285 -21.20917 -0.00000 0.00000 0.00000 -30.46248 -36.64534 15.91955 -33.13156 -24.04650 71.20466 -0.00000 -36.84920 -0.00000 -19.07439 5.21298 -14.72238 7.12502 -0.00000 -0.00000 6.58256 -0.05462 -45.47336
-0.54188 0.77171 -0.02239 -15.38622 -3.81456 -214.86980 -0.00000 0.00000 -0.00000 346.21016 -60.71001 362.94745 -38.95436 66.47162 56.71400 -2.32213 -32.25447 -10.37052 -5.63160 -37.75406 -16.37107 -0.00000 0.00000 -0.00000 42.79021 -30.07773 -33.26812 9.17139 45.43728 -21.68902 -0.40169 5.62882 4.15002 0.52252 12.68393 -4.69876 -5.52550 1.22607 2.78423 -17.86837 0.01187 6.57986 -16.94803 1.08440 4.64670 6.27205 3.37448 20.56176 -0.11675 -9.14831 28.19570 -2.59945 -2.14217 13.97246 -0.00000 0.00000 -0.00000 45.72360 50.08203 -100.39487 33.79713 -25.99902 -74.46352 0.00000 3.88621 -0.00000 16.30941 -18.72952 -47.65909 -7.12502 -0.00000 0.00000 -0.77379 1.68918 -20.38359 -0.00000 0.00000 -0.00000 -27.52286 -34.62703 16.33746 -34.40385 -28.21486 78.13860 -0.00000 -32.69240 -0.00000 -23.09872 5.92568 -13.60695 7.12502 -0.00000 -0.00000 2.66442 0.01013 -44.78224
-0.56459 0.76748 -0.02064 -15.59346 -3.92241 -215.59732 -0.00000 0.00000 -0.00000 340.78268 -62.50620 357.35536 -42.22928 67.26047 60.27503 -0.39448 -33.06382 -6.75534 -5.59637 -37.65902 -16.31348 -0.00000 0.00000 -0.00000 41.76787 -35.36953 -28.01917 14.74576 53.12274 -29.02320 -0.61112 6.02187 6.87228 0.00165 -0.72160 0.26265 -5.91379 2.66629 2.72737 -18.00805 0.90122 6.46720 -16.92528 1.18905 4.63452 5.69235 3.50329 20.41344 -1.49186 -10.77681 27.87242 -3.22844 -2.54025 13.81444 -0.00000 0.00000 0.00000 40.03624 50.88953 -92.98947 33.97034 -26.57628 -75.42224 0.00000 4.93333 -0.00000 15.05820 -16.85650 -47.14497 -7.12502 -0.00000 0.00000 -1.71398 3.57954 -19.39244 -0.00000 0.00000 0.00000 -20.18333 -33.97652 13.67702 -34.28508 -27.73218 77.33876 -0.00000 -32.03000 -0.00000 -26.36031 6.62599 -13.10787 7.12502 -0.00000 -0.00000 -0.53830 -0.00338 -44.64022
-0.58925 0.77105 -0.01301 -13.89041 -4.01638 -213.67972 -0.00000 0.00000 -0.00000 335.87332 -62.27272 351.61939 -41.22662 67.03320 59.18697 -0.26586 -31.77896 -6.28041 -4.79418 -35.35557 -14.96539 -0.00000 0.00000 -0.00000 37.95355 -41.24874 -25.37346 30.28903 63.60229 -47.16266 -0.57090 4.90405 11.29250 0.00683 1.46581 -0.53364 -5.16143 6.02956 1.96875 -16.91920 2.90971 4.99105 -16.03758 1.00405 3.79982 5.57723 3.54480 20.19742 -3.12979 -10.38796 27.34295 -3.62789 -2.23445 13.61735 0.00000 0.00000 -0.00000 31.48338 52.96940 -84.94078 34.15056 -27.21878 -76.48786 0.00000 5.74356 -0.00000 15.73630 -17.09612 -46.21436 -7.12502 -0.00000 0.00000 -1.49771 3.01943 -18.60172 0.00000 0.00000 -0.00000 -10.84534 -34.95297 9.87710 -32.74819 -23.06092 69.54539 -0.00000 -35.99970 -0.00000 -24.74626 8.40327 -17.59150 7.12502 -0.00000 -0.00000 0.49717 -0.03841 -49.41713
-0.61046 0.78388 -0.00150 -11.80008 -6.95897 -210.73302 -0.00000 0.00000 -0.00000 333.03055 -63.19594 346.18165 -36.03964 65.64692 53.52513 -2.17377 -28.48699 -9.85583 -3.48293 -30.87141 -12.56723 -0.00000 0.00000 -0.00000 35.64373 -49.46277 -19.28096 60.77879 69.72674 -80.18131 -0.19741 3.26569 13.58646 0.00112 -0.59341 0.21599 -3.19448 8.16356 1.44056 -14.93399 4.64294 3.91734 -14.72816 1.31347 3.11006 6.75131 3.78598 19.49656 -3.88776 -11.06136 26.54533 -4.14446 -2.28243 13.24710 0.00000 0.00000 0.00000 23.33692 53.91769 -78.78696 34.44186 -28.37607 -78.40577 0.00000 5.64493 -0.00000 15.97538 -16.48610 -44.74897 -7.12502 -0.00000 0.00000 -1.70118 3.21311 -17.08168 0.00000 0.00000 0.00000 -3.38892 -37.39609 3.28117 -28.93102 -15.92016 56.91802 -0.00000 -41.60380 -0.00000 -17.80935 9.54413 -27.30005 7.12502 -0.00000 -0.00000 6.03711 -1.46729 -58.61042
-0.62886 0.80188 0.01383 -10.13494 -10.74872 -207.04536 -0.00000 0.00000 -0.00000 328.62460 -64.26642 339.43547 -28.78173 62.95500 45.47520 -3.04210 -24.32902 -11.85356 -3.26531 -30.01470 -12.13775 -0.00000 0.00000 -0.00000 37.01800 -57.79322 -5.08779 96.14321 67.60449 -117.96253 -0.12668 3.37486 16.45459 0.01834 -2.40167 0.87468 -1.27640 10.42447 1.14199 -12.53528 6.16036 3.24490 -13.00710 1.41241 2.63909 8.63566 3.54704 18.30400 -5.63144 -13.19461 25.12916 -4.68215 -2.26613 12.62694 -0.00000 0.00000 -0.00000 17.65613 53.89761 -74.91717 34.79814 -30.11190 -81.28667 0.00000 4.50825 -0.00000 16.50072 -16.78845 -44.27649 -7.12502 -0.00000 0.00000 -1.45980 2.71682 -16.73588 -0.00000 0.00000 -0.00000 0.61236 -40.12303 -4.90398 -22.42965 -8.56163 41.36564 -0.00000 -43.87150 -0.00000 -8.22973 7.13174 -40.64257 7.12502 -0.00000 -0.00000 13.71656 -6.47643 -69.80263
-0.64406 0.82650 0.03276 -8.04119 -14.52243 -203.04597 -0.00000 0.00000 -0.00000 325.04745 -63.76352 333.24382 -20.54392 58.25364 36.03312 -3.21835 -18.86487 -13.11556 -2.52068 -26.75193 -10.57203 -0.00000 0.00000 -0.00000 43.11798 -62.95061 17.84281 116.47905 60.21974 -140.50314 0.24284 2.25500 17.38448 0.00015 -0.21574 0.07852 1.59970 12.87443 0.96490 -9.98061 7.68971 3.07003 -11.79793 1.62042 2.53160 11.89244 2.84613 16.63522 -9.30142 -15.56024 23.00072 -6.32444 -2.21679 11.71629 0.00000 0.00000 -0.00000 14.63448 52.95288 -72.42447 35.07434 -32.00244 -84.44497 0.00000 2.35955 -0.00000 18.07349 -18.25443 -43.82651 -7.12502 -0.00000 0.00000 -0.50062 0.93265 -16.77273 0.00000 0.00000 -0.00000 5.82201 -39.03084 -12.35191 -15.72503 -3.94346 27.99679 -0.00000 -43.61140 -0.00000 -9.20968 11.35675 -50.53260 7.12502 -0.00000 -0.00000 9.38840 -6.78640 -80.55320
-0.65450 0.85676 0.05063 -4.94865 -18.61629 -198.54234 -0.00000 0.00000 -0.00000 323.86379 -61.36072 327.90681 -12.98223 51.07697 26.78876 -2.68868 -15.47829 -12.44045 -4.94061 -35.79723 -15.21708 -0.00000 0.00000 -0.00000 46.39880 -64.01776 40.32501 125.27019 53.10548 -150.99673 0.25503 2.38728 18.13443 0.10869 5.83601 -2.13200 4.70585 14.31184 0.77485 -6.29891 8.80625 2.99423 -9.46517 1.92744 2.44700 13.48292 2.39066 14.91078 -12.65771 -17.89834 20.71731 -7.75037 -2.52757 10.83016 -0.00000 0.00000 0.00000 11.57785 52.05490 -70.39453 35.19829 -33.35383 -86.72595 0.00000 0.79010 -0.00000 20.19788 -20.27480 -43.28717 -7.12502 -0.00000 0.00000 0.79441 -1.49131 -16.95186 -0.00000 0.00000 0.00000 16.28254 -48.11353 -12.96956 -13.30193 -2.77698 23.48536 -0.00000 -36.75890 -0.00000 -9.08273 17.72206 -62.29241 7.12502 -0.00000 -0.00000 -4.87468 4.28564 93.77440
-0.66221 0.89078 0.06563 -1.44411 -22.86227 -193.30909 -0.00000 0.00000 -0.00000 325.02565 -57.85226 324.92308 -6.90257 40.89698 18.37575 -2.24179 -14.11396 -11.34509 -9.45123 -45.92402 -22.08015 -0.00000 0.00000 -0.00000 42.35469 -64.74066 56.88994 128.99843 48.39147 -155.80605 0.59163 1.34942 18.43867 0.04468 3.74719 -1.36594 8.11262 15.05436 -0.13995 -1.23783 8.92496 2.12198 -5.83279 1.37237 1.91533 11.10858 2.19744 13.94826 -15.09298 -18.70755 19.08594 -8.16931 -2.91010 10.41057 -0.00000 0.00000 0.00000 5.22059 52.22876 -66.56693 35.21090 -33.54754 -87.05502 0.00000 0.66947 -0.00000 22.03151 -22.43984 -43.32812 -7.12502 -0.00000 0.00000 1.97838 -3.84545 -17.74858 -0.00000 0.00000 0.00000 32.64027 -58.24444 -1.41963 -13.95160 -3.06700 24.68323 -0.00000 -40.97060 -0.00000 -10.40462 19.12235 -60.72865 7.12502 -0.00000 -0.00000 -3.47974 3.19303 92.51022
-0.66896 0.92615 0.07755 -0.39986 -24.95516 -189.11802 -0.00000 0.00000 -0.00000 327.09057 -52.22327 327.53330 -2.89884 28.47910 11.38776 -2.98676 -16.47783 -13.07731 -10.26019 -47.25717 -23.19362 -0.00000 0.00000 -0.00000 31.77983 -67.25587 65.87320 130.76632 45.54683 -158.22363 1.81686 -4.33465 16.32480 0.01822 2.39385 -0.87183 9.49993 15.58524 -1.38901 2.63620 8.60875 0.92462 -2.34687 0.49128 1.27993 8.84387 2.37881 13.55831 -15.99758 -17.16833 18.18707 -7.87844 -2.75642 10.09680 -0.00000 0.00000 -0.00000 0.05357 52.32178 -61.92786 35.14827 -32.72373 -85.65942 0.00000 -0.99678 0.00000 23.47337 -22.70536 -41.63233 -7.12502 -0.00000 0.00000 2.60435 -4.78369 -16.39060 -0.00000 0.00000 -0.00000 57.49189 -58.33958 22.92740 -13.49103 -2.85972 23.83321 -0.00000 -35.28280 -0.00000 -10.55875 17.73312 -58.53409 7.12502 -0.00000 -0.00000 -4.11970 4.09678 90.23361
-0.67591 0.95152 0.08735 -1.57495 -25.06457 -186.48496 -0.00000 0.00000 -0.00000 327.02526 -47.84317 336.49891 -1.35314 20.06257 7.63863 -4.59794 -19.03826 -16.78840 -7.05161 -41.23305 -18.60264 -0.00000 0.00000 -0.00000 25.87992 -71.19935 71.29672 132.17172 42.89060 -160.23818 2.26720 -7.66816 15.06295 2.60667 27.15889 -10.76174 10.00628 14.29742 -2.68626 4.56018 8.55422 -0.75523 -0.45603 0.95061 0.48192 7.94380 1.29915 13.45812 -15.34894 -13.00433 17.82858 -6.93151 -1.64840 9.64876 -0.00000 0.00000 -0.00000 -0.21474 50.67915 -58.48993 34.84787 -30.40027 -81.76659 0.00000 -3.89619 0.00000 24.80976 -21.94605 -38.95455 -7.12502 -0.00000 0.00000 3.04236 -5.03601 -13.80638 -0.00000 0.00000 -0.00000 75.70171 -48.07229 40.87067 -12.49510 -2.43904 22.00823 -0.00000 -26.58280 -0.00000 -11.07355 16.28538 -55.08793 7.12502 -0.00000 -0.00000 5.03720 -4.44982 -86.35517
-0.68233 0.95989 0.10147 -2.35900 -23.26743 -183.53272 -0.00000 0.00000 -0.00000 326.60152 -43.59481 349.58893 -1.46730 20.84321 7.96531 -4.62820 -14.37697 -19.00667 -5.59024 -37.64242 -16.30344 -0.00000 0.00000 -0.00000 34.02888 -72.80700 76.20237 132.43432 42.34696 -160.62600 1.77296 -3.05564 17.98347 1.43736 20.64208 -7.88080 10.84846 12.56355 -3.76802 5.62171 8.24526 -2.29078 0.23923 1.45180 -0.24319 7.49464 0.92983 12.76041 -14.10102 -8.93062 16.86526 -6.01850 -0.76034 8.87471 0.00000 0.00000 0.00000 6.01765 48.98633 -59.01863 33.86956 -26.23611 -74.85746 0.00000 -4.83297 0.00000 23.90452 -21.35171 -39.40123 -7.12502 -0.00000 0.00000 2.51917 -4.19175 -13.95589 0.00000 0.00000 0.00000 77.58519 -30.97689 43.82332 -11.80175 -2.16784 20.74744 -0.00000 -28.29390 -0.00000 -11.01337 13.74222 -50.67303 7.12502 -0.00000 -0.00000 6.99341 -5.20515 -81.48572
-0.68726 0.95527 0.11681 -4.33010 -20.45769 -182.31380 -0.00000 0.00000 -0.00000 325.73109 -38.58339 357.82158 -2.53431 26.81705 10.60228 -3.81260 -3.75710 -27.06157 -1.76897 -22.74672 -8.77768 -0.00000 0.00000 -0.00000 53.15042 -66.44889 84.38755 129.96382 46.89848 -157.11229 0.39106 1.84206 17.77851 0.36225 10.59686 -3.90455 9.94155 11.69257 -3.83603 5.87190 7.68483 -2.65336 0.96425 1.34272 -0.51254 6.36922 1.95630 11.68681 -14.04566 -7.57845 15.44362 -5.77910 -0.80174 8.14474 0.00000 0.00000 -0.00000 15.93999 47.75015 -62.87270 31.92460 -21.17798 -66.33575 0.00000 -4.48612 0.00000 20.80359 -17.90687 -38.98220 -7.12502 -0.00000 0.00000 0.32443 -0.50565 -12.31507 0.00000 0.00000 -0.00000 76.27210 -12.79022 44.14189 -12.71440 -2.52849 22.40862 -0.00000 -27.76340 -0.00000 -9.49821 10.91043 -48.52465 7.12502 -0.00000 -0.00000 9.74620 -6.53496 -78.52825
-0.69468 0.94203 0.12654 -7.56288 -18.16720 -183.76966 -0.00000 0.00000 -0.00000 322.90279 -35.83197 361.85026 -3.82480 32.14465 13.22134 -1.80746 1.45179 -28.45592 -0.11754 6.06781 2.21735 -0.00000 0.00000 -0.00000 63.66257 -58.07462 85.08724 120.59192 57.40137 -145.30872 -0.72204 5.48428 17.54102 1.12280 18.36186 -6.93872 9.96412 11.05567 -3.13186 4.42846 7.04638 -2.05427 -0.64958 0.99358 -0.32286 5.40464 2.35471 10.58674 -14.80986 -6.99322 14.01467 -5.82345 -0.87325 7.48746 0.00000 0.00000 0.00000 24.65880 47.36261 -66.49056 28.90204 -15.87744 -56.83763 0.00000 -3.42144 0.00000 17.90327 -13.73858 -36.32134 -7.12502 -0.00000 0.00000 -2.37541 3.21214 -8.48667 0.00000 0.00000 0.00000 71.72072 7.06181 46.12660 -13.56820 -2.89388 23.97535 -0.00000 -20.44110 -0.00000 -9.63164 9.39809 -43.89684 7.12502 -0.00000 -0.00000 11.10484 -6.16510 -73.68510
-0.70396 0.92663 0.13318 -10.66393 -16.61798 -185.04390 -0.00000 0.00000 -0.00000 319.46027 -35.60125 364.37743 -4.70496 35.08140 14.81068 -2.32646 -0.05949 -27.44548 -1.30892 19.74986 7.50876 -0.00000 0.00000 -0.00000 65.07055 -53.63249 77.82809 92.74491 68.23134 -114.29546 -0.83118 6.00240 12.40505 1.07636 17.99540 -6.78989 10.35378 10.26900 -2.75149 3.04078 6.64348 -1.82453 -2.37928 0.97249 -0.26901 3.68713 1.67425 10.35587 -15.61250 -6.33765 13.81609 -5.69352 -0.67019 7.45502 0.00000 0.00000 0.00000 27.11625 47.52247 -67.11212 24.59838 -10.60913 -46.13502 0.00000 -3.45292 0.00000 15.69682 -10.50842 -32.98258 -7.12502 -0.00000 0.00000 -4.86714 5.69068 -4.34543 0.00000 0.00000 0.00000 60.10363 26.13419 55.67716 -13.81867 -3.00633 24.43748 -0.00000 -6.28529 -0.00000 -9.28176 7.82760 -39.80590 7.12502 -0.00000 -0.00000 12.68425 -5.83429 -69.30599
-0.71293 0.90966 0.13993 -12.95645 -15.54547 -185.04546 -0.00000 0.00000 -0.00000 317.07526 -37.33758 367.97901 -5.52675 37.46975 16.19928 -3.99707 -3.72067 -27.86883 -1.07608 17.99316 6.78898 -0.00000 0.00000 -0.00000 61.43822 -52.79233 64.38301 45.87073 67.99021 -64.21264 -0.21403 3.34966 4.74977 0.91434 16.64156 -6.24567 11.09324 9.03489 -2.60747 1.98126 6.63418 -1.86440 -3.96834 1.59727 -0.25945 3.23393 0.68145 10.14343 -16.86470 -6.05350 13.72492 -5.90817 -0.38294 7.47431 -0.00000 0.00000 -0.00000 26.10566 46.38267 -66.85118 19.12344 -6.00136 -34.57103 0.00000 -2.08800 0.00000 14.17446 -7.80117 -28.25490 -7.12502 -0.00000 0.00000 -7.21634 7.03397 0.95717 -0.00000 0.00000 -0.00000 39.09777 37.37866 75.52131 -13.90704 -3.04659 24.60082 -0.00000 3.57675 0.00000 -8.81906 6.75889 -37.18290 7.12502 -0.00000 -0.00000 13.87166 -5.57332 -66.46849
-0.72264 0.88889 0.14760 -13.75389 -14.29098 -183.52790 -0.00000 0.00000 -0.00000 315.04132 -37.21658 369.27710 -6.25453 39.36040 17.37038 -6.84267 -10.31146 -28.67811 -0.54953 13.00017 4.82027 -0.00000 0.00000 -0.00000 56.48781 -54.94705 45.94542 22.84757 59.80572 -38.71942 -0.48562 8.72326 2.11633 1.97881 23.95731 -9.30705 13.16674 7.21105 -2.43820 0.70213 7.13352 -1.84730 -6.59400 3.09616 -0.04370 6.23021 -0.30724 9.90354 -18.47810 -5.32995 13.56768 -6.75803 0.29777 7.31077 -0.00000 0.00000 -0.00000 25.78373 44.05365 -66.33457 14.31977 -3.23861 -25.36567 0.00000 -0.69232 0.00000 11.33006 -5.20758 -24.37027 -7.12502 -0.00000 0.00000 -10.46023 8.76906 5.45159 -0.00000 0.00000 -0.00000 20.28773 38.13607 95.62412 -13.66178 -2.93561 24.14787 -0.00000 3.04761 0.00000 -7.44855 5.90225 -38.18647 7.12502 -0.00000 -0.00000 15.23697 -6.33236 -67.04415
-0.73331 0.86705 0.15607 -14.32427 -13.54893 -181.59719 -0.00000 0.00000 -0.00000 311.59093 -35.56505 367.27408 -6.49691 39.95009 17.75018 -9.86763 -17.11037 -30.25004 -0.47938 12.16015 4.49822 -0.00000 0.00000 -0.00000 51.75164 -59.22756 29.45722 18.98398 57.06665 -34.18694 -0.34164 13.31139 -0.74906 4.00285 32.77587 -13.55307 15.41131 5.61557 -1.11693 -0.97770 7.26574 -1.84107 -9.87410 4.28300 -0.44363 11.18344 -1.45473 10.25804 -19.46507 -4.30187 13.15934 -7.72870 1.15182 6.33847 -0.00000 0.00000 -0.00000 31.73556 43.14517 -67.85137 12.36015 -2.38488 -21.76224 0.00000 -4.56825 0.00000 7.74409 -2.72526 -19.27151 -7.12502 -0.00000 0.00000 -14.61723 10.10965 11.05748 -0.00000 0.00000 -0.00000 17.25250 37.35200 103.69214 -13.34958 -2.79770 23.57294 -0.00000 0.38668 0.00000 -7.34168 6.23827 -40.14368 7.12502 -0.00000 -0.00000 14.90073 -6.79908 -68.98485
-0.74675 0.85401 0.16685 -14.40587 -14.14304 -179.32014 -0.00000 0.00000 -0.00000 308.87846 -35.68405 365.94356 -6.68160 40.38719 18.03649 -10.83567 -18.27393 -31.45506 -0.41472 11.32584 4.18052 -0.00000 0.00000 -0.00000 48.17836 -64.58019 20.22347 24.01957 60.51582 -40.07051 0.75447 9.90073 -6.09695 4.87819 35.61021 -15.11013 16.53747 5.27401 -1.23865 -0.95427 6.40734 -1.81587 -10.45169 3.53104 -0.43853 12.27579 -0.99574 9.82794 -20.35200 -4.80117 12.51111 -8.28558 0.98615 6.02824 -0.00000 0.00000 -0.00000 23.15032 42.18380 -63.01556 11.79641 -2.16582 -20.73777 0.00000 -1.33178 0.00000 4.59679 -1.46400 -17.62844 -7.12502 -0.00000 0.00000 -17.65965 11.47965 12.98921 -0.00000 0.00000 -0.00000 21.30438 38.29288 102.31521 -13.63285 -2.92268 24.09453 -0.00000 -0.31116 -0.00000 -6.67186 6.14638 -42.46829 7.12502 -0.00000 -0.00000 15.12080 -7.60746 -71.10184
-0.76597 0.85504 0.17823 -14.06628 -15.60881 -179.71113 -0.00000 0.00000 -0.00000 307.47358 -37.20426 366.27353 -5.94405 38.57686 16.87670 -10.38474 -16.74340 -31.59044 -0.44971 11.78520 4.35519 -0.00000 0.00000 -0.00000 49.85192 -67.73942 22.51162 34.24532 65.07365 -51.55113 0.54104 4.35424 -6.87458 5.03479 36.07604 -15.37757 17.02907 5.63537 -1.15948 0.37620 5.95931 -1.64300 -9.21377 2.91938 -0.46155 10.68786 -0.52283 9.89064 -21.38196 -5.27756 12.42893 -8.41837 0.74391 5.98887 -0.00000 0.00000 -0.00000 15.02691 42.77702 -59.53611 12.59095 -2.47792 -22.18313 0.00000 -3.28064 0.00000 7.27497 -2.38884 -18.08202 -7.12502 -0.00000 0.00000 -15.26987 10.09877 12.28808 -0.00000 0.00000 -0.00000 27.78626 38.38566 95.02144 -14.71783 -3.43017 26.10662 -0.00000 1.47018 0.00000 -6.71531 6.21145 -42.58072 7.12502 -0.00000 -0.00000 15.03858 -7.60778 -71.23236
-0.79040 0.86567 0.18763 -13.39961 -17.38719 -182.67407 -0.00000 0.00000 -0.00000 304.94469 -37.32865 362.94578 -4.36512 33.99983 14.21135 -8.41260 -16.91997 -27.19002 -0.53197 12.79556 4.74162 -0.00000 0.00000 -0.00000 54.97177 -67.11877 31.95502 43.50677 67.53302 -61.65880 0.23332 3.25511 -4.23914 5.61637 37.71303 -16.34619 17.21325 5.91860 -2.10300 1.62979 6.32507 -1.43205 -7.87233 3.06454 0.25007 9.43563 0.01106 9.56855 -21.76903 -5.70579 13.28904 -8.39492 0.60025 7.29533 -0.00000 0.00000 -0.00000 10.61584 44.62404 -58.28712 14.38214 -3.26821 -25.48156 0.00000 -4.10108 0.00000 12.41548 -4.09467 -17.97043 -7.12502 -0.00000 0.00000 -10.88195 7.21453 11.84498 -0.00000 0.00000 -0.00000 35.90909 35.02832 85.33523 -15.07894 -3.60943 26.78169 -0.00000 -0.15970 -0.00000 -9.87125 8.78837 -41.28379 7.12502 -0.00000 -0.00000 11.58233 -5.74750 -71.04160
-0.81476 0.88010 0.19345 -10.45724 -19.65349 -184.47631 -0.00000 0.00000 -0.00000 305.89672 -37.50004 361.30866 -2.98227 28.83973 11.56170 -6.85665 -13.73009 -25.67194 -0.78423 15.45387 5.77501 -0.00000 0.00000 -0.00000 57.84595 -65.00740 38.23689 44.90792 67.81113 -63.17349 0.03730 7.39525 -1.61193 5.62299 37.73089 -16.35702 15.84232 6.24098 -2.38774 4.70744 6.34705 -1.52390 -3.79192 2.91149 0.19335 9.29506 0.54285 10.21416 -22.02637 -4.03540 14.25569 -8.34395 1.14091 7.65838 0.00000 0.00000 0.00000 2.74538 46.15174 -58.40849 16.49805 -4.36610 -29.46372 0.00000 -2.61788 0.00000 16.04804 -5.26915 -17.70590 -7.12502 -0.00000 0.00000 -7.81170 5.17500 11.67657 0.00000 0.00000 0.00000 48.70963 25.85309 72.46598 -14.25353 -3.20734 25.24270 -0.00000 3.07693 0.00000 -13.17688 11.42702 -40.23865 7.12502 -0.00000 -0.00000 7.96366 -3.92672 -71.08256
-0.83650 0.89183 0.19744 -6.52310 -22.53652 -183.03484 -0.00000 0.00000 -0.00000 308.59556 -38.77452 362.77734 -2.21009 25.20281 9.86302 -5.51638 -5.69070 -30.28542 -1.70562 22.36420 8.61254 -0.00000 0.00000 -0.00000 56.21113 -63.89793 39.48078 40.34978 66.82436 -58.23390 -0.06247 8.90137 -1.13969 5.65972 37.82960 -16.41697 13.04022 5.30720 -2.86396 7.96040 6.13314 -2.12596 1.11986 3.24157 -0.13642 9.42305 -0.03221 10.54070 -18.75082 -2.04920 14.46455 -7.11426 1.54023 7.44417 0.00000 0.00000 0.00000 -0.83407 46.98906 -63.12196 19.24395 -6.08431 -34.81079 0.00000 -4.52829 0.00000 19.57502 -6.11219 -16.66934 -7.12502 -0.00000 0.00000 -4.95019 3.18615 12.31136 0.00000 0.00000 0.00000 57.39599 10.39811 62.95251 -13.57254 -2.89581 23.98336 -0.00000 -0.72023 -0.00000 -11.43792 10.65173 -42.41410 7.12502 -0.00000 -0.00000 9.36972 -4.98816 -72.78697
-0.85743 0.89414 0.19917 -2.81721 -24.99979 -178.25231 -0.00000 0.00000 -0.00000 311.47907 -41.09847 369.22050 -2.04046 24.29784 9.45787 -1.82317 4.37934 -37.89392 -3.43822 30.69849 12.47988 -0.00000 0.00000 -0.00000 48.09390 -63.88021 34.52537 34.66244 65.21172 -52.01083 -0.73062 7.39330 5.88364 5.81349 38.23740 -16.66655 10.38601 3.74473 -0.92490 10.46989 5.06037 -3.21854 5.06402 3.43819 -2.20294 10.28316 -2.12317 9.85212 -14.19100 -0.12819 13.21473 -5.61200 1.93768 6.57416 -0.00000 0.00000 -0.00000 4.33709 45.96676 -75.78388 22.09118 -8.27050 -40.64667 0.00000 -4.02877 0.00000 21.34898 -6.85267 -16.97535 -7.12502 -0.00000 0.00000 -3.38468 2.22321 11.73849 -0.00000 0.00000 -0.00000 58.52083 -8.03284 53.76829 -12.80388 -2.56550 22.57222 -0.00000 -10.12400 -0.00000 -10.29678 10.61919 -45.40830 7.12502 -0.00000 -0.00000 9.80687 -5.85221 -75.53550
-0.87531 0.88644 0.20257 0.93096 -26.70780 -170.78138 -0.00000 0.00000 -0.00000 312.85495 -40.88372 374.27358 -2.20482 25.17541 9.85065 -2.12017 4.90478 -41.06258 -2.88712 28.42788 11.36316 -0.00000 0.00000 -0.00000 38.16263 -62.66995 28.02027 29.16423 63.12429 -45.90434 -0.00044 3.37415 18.95874 6.13174 39.05442 -17.17613 8.65338 1.93154 -1.47493 11.68650 4.26703 -4.16175 7.29525 3.82089 -2.75416 12.52408 -4.74616 8.41846 -11.11897 -0.35876 10.84562 -5.00193 1.92852 5.34742 -0.00000 0.00000 -0.00000 12.75284 39.99822 -91.02076 24.16626 -10.17438 -45.15987 0.00000 -1.73008 0.00000 21.54179 -8.52651 -20.58588 -7.12502 -0.00000 0.00000 -2.67009 2.02935 7.78986 -0.00000 0.00000 -0.00000 55.54197 -25.84685 41.99285 -11.42641 -2.02829 20.06801 -0.00000 -7.98923 -0.00000 -8.46581 9.44774 -47.79987 7.12502 -0.00000 -0.00000 11.31061 -7.27168 -77.32696
-0.89110 0.87365 0.20923 5.33279 -27.02295 -160.63723 -0.00000 0.00000 -0.00000 310.11827 -34.87454 368.43990 -2.40815 26.20559 10.31965 -6.47225 -3.22620 -37.07305 -0.46317 11.95685 4.42062 -0.00000 0.00000 -0.00000 31.35455 -61.10582 21.85940 25.47029 61.32977 -41.73037 5.10270 -8.29667 25.59840 5.76711 38.11530 -16.59150 9.83260 0.49759 -2.99953 11.66477 3.51293 -6.10302 6.47879 3.83687 -3.58130 14.23266 -6.20570 7.20799 -8.27880 -2.68585 8.98702 -4.53445 1.18388 4.47245 0.00000 0.00000 0.00000 17.18980 32.06824 -102.36617 25.02391 -11.05144 -47.10912 0.00000 2.43896 -0.00000 22.69762 -11.73612 -25.93416 -7.12502 -0.00000 0.00000 -0.81237 0.76602 1.68463 0.00000 0.00000 0.00000 47.02198 -37.10821 25.22146 -10.46411 -1.69332 18.33512 -0.00000 0.40998 0.00000 -8.50804 10.34494 -50.20392 7.12502 -0.00000 -0.00000 10.42228 -7.37059 -79.89386
-0.90320 0.86173 0.21676 8.43369 -26.71249 -152.46062 -0.00000 0.00000 -0.00000 309.56147 -31.74012 366.96910 -3.42164 30.63399 12.44738 -4.56253 -2.24268 -32.65413 -0.00608 -1.38306 -0.50350 -0.00000 0.00000 -0.00000 32.37930 -59.43063 25.53906 26.45283 61.84378 -42.84745 6.43132 -23.02733 19.82411 2.98489 28.85096 -11.56714 10.55570 -0.58946 -4.95418 10.57046 3.27914 -8.43447 4.67879 3.98362 -4.51305 14.68362 -5.73105 7.46565 -4.65604 -5.43340 8.56000 -4.05362 0.14718 3.74513 0.00000 0.00000 -0.00000 16.00291 28.00954 -107.16893 25.13054 -11.16457 -47.35548 0.00000 5.88613 -0.00000 24.81350 -14.09625 -27.77883 -7.12502 -0.00000 0.00000 1.17641 -1.21462 -0.90932 0.00000 0.00000 -0.00000 38.37309 -37.61680 9.98530 -11.06232 -1.89772 19.41087 -0.00000 -3.36013 -0.00000 -9.15749 11.44716 -50.91461 7.12502 -0.00000 -0.00000 9.31327 -6.82790 -80.94019
-0.91285 0.85210 0.22488 9.48573 -25.78994 -148.50684 -0.00000 0.00000 -0.00000 312.91468 -34.24779 369.75341 -7.85495 42.94490 19.80097 -1.98327 0.39105 -26.61713 -1.93043 -23.68547 -9.18726 -0.00000 0.00000 -0.00000 33.16676 -57.08896 30.59141 28.65676 62.89892 -45.33485 5.16001 -29.27926 15.92730 1.59150 21.65288 -8.30802 9.39452 -0.42293 -6.35673 9.33546 3.45935 -9.90445 3.89239 3.99189 -5.12190 14.68637 -3.73580 7.61918 -3.24495 -7.04083 9.07671 -3.74641 -0.74664 3.88747 -0.00000 0.00000 0.00000 13.76344 25.20865 -108.54112 24.07337 -10.08275 -44.95199 0.00000 4.43119 -0.00000 25.11043 -14.19579 -27.62195 -7.12502 -0.00000 0.00000 1.38126 -1.42135 -0.81118 -0.00000 0.00000 0.00000 34.49611 -38.10886 4.54140 -11.61799 -2.09889 20.41454 -0.00000 -1.50659 -0.00000 -10.20169 12.29874 -49.80748 7.12502 -0.00000 -0.00000 8.37584 -5.96216 -80.20204
-0.93024 0.85271 0.23590 9.01676 -24.21088 -150.30554 -0.00000 0.00000 -0.00000 318.83002 -39.11530 371.23161 -19.84097 57.73358 35.20416 -1.95486 -1.17134 -22.73331 -5.26418 -36.73856 -15.76404 -0.00000 0.00000 -0.00000 29.92944 -55.35572 26.58724 25.78104 61.49544 -42.08425 6.23918 -29.90404 17.92809 1.42721 20.57329 -7.85195 8.42452 0.72026 -6.34591 7.71012 4.44904 -9.59458 2.72694 4.22509 -4.88176 15.13377 -2.44874 7.82386 -3.57988 -6.93274 9.62189 -4.02016 -0.84087 4.19753 -0.00000 0.00000 -0.00000 11.47132 22.67955 -105.19998 22.45025 -8.57958 -41.40960 0.00000 3.86802 -0.00000 24.46507 -13.47759 -27.12342 -7.12502 -0.00000 0.00000 0.79470 -0.79688 -0.07600 -0.00000 0.00000 -0.00000 33.16245 -32.66231 6.35437 -12.59637 -2.48013 22.19303 -0.00000 -2.54348 -0.00000 -11.04638 13.66287 -50.42710 7.12502 -0.00000 -0.00000 7.04795 -5.19783 -81.23268
-0.95461 0.86424 0.25067 8.23663 -23.02581 -157.01399 -0.00000 0.00000 -0.00000 324.37098 -45.46171 367.86643 -44.39690 67.71215 62.62141 -1.07237 0.08228 -19.37459 -3.38358 -30.48504 -12.37252 -0.00000 0.00000 -0.00000 27.62055 -54.34186 21.31246 20.27341 58.05627 -35.71467 7.92912 -24.41303 22.51718 1.97327 23.92643 -9.29341 7.83954 2.45526 -4.59378 6.23983 5.49814 -7.07621 1.71107 4.24548 -3.61401 14.46309 -1.61921 7.89779 -5.17461 -6.89122 9.92296 -4.04393 -0.80595 4.47469 0.00000 0.00000 0.00000 5.96263 21.58011 -97.92620 20.73416 -7.17239 -37.82142 0.00000 5.90471 -0.00000 25.46067 -13.98414 -26.90929 -7.12502 -0.00000 0.00000 1.53863 -1.54425 -0.09412 0.00000 0.00000 0.00000 31.08930 -23.30242 11.81611 -14.88964 -3.51481 26.42747 -0.00000 -6.46562 -0.00000 -12.47197 14.95619 -49.40260 7.12502 -0.00000 -0.00000 5.62706 -4.06174 -80.71230
-0.98135 0.88184 0.26812 6.37552 -22.13086 -164.77889 -0.00000 0.00000 -0.00000 325.69330 -49.94777 357.17120 -71.09418 69.99620 91.16441 0.32006 4.30043 -18.53035 -1.23158 -19.18785 -7.27670 -0.00000 0.00000 -0.00000 26.18056 -52.21260 19.66576 15.43118 53.84512 -29.87602 7.16542 -17.40563 23.97962 2.25368 25.42830 -9.96498 6.84291 5.06824 -2.88440 4.76494 6.75396 -4.67345 0.92860 4.09673 -2.46495 13.12522 -0.32125 8.55377 -6.81415 -8.27042 10.99323 -4.49877 -1.25743 5.07188 -0.00000 0.00000 0.00000 -3.33561 19.31875 -87.71666 18.39145 -5.51291 -33.12551 0.00000 8.07332 -0.00000 27.09293 -14.19128 -25.60514 -7.12502 -0.00000 0.00000 2.61570 -2.53157 0.96560 -0.00000 0.00000 0.00000 28.31369 -15.05389 21.70505 -17.61033 -5.01997 31.60213 -0.00000 -5.28261 -0.00000 -13.86135 16.08021 -48.30271 7.12502 -0.00000 -0.00000 4.30986 -3.03288 -80.07085
-1.01028 0.90393 0.28442 3.06955 -21.73654 -172.70963 -0.00000 0.00000 -0.00000 322.52782 -51.00114 340.65762 -78.77247 69.75296 99.34036 1.86605 9.00101 -17.60673 -0.34724 -10.37832 -3.82210 -0.00000 0.00000 -0.00000 25.76598 -49.04948 21.73900 11.87656 49.63506 -25.35301 4.31707 -16.64501 16.95269 1.55860 21.44216 -8.21844 5.46890 7.82235 -1.22916 2.16293 7.90410 -2.37560 -0.88946 3.76471 -1.35602 12.09689 0.15199 9.30819 -7.22733 -9.46962 12.01725 -4.59178 -1.59544 5.58061 -0.00000 0.00000 0.00000 -12.51052 14.51881 -77.33733 15.82350 -3.99589 -28.18284 0.00000 9.73083 -0.00000 28.42989 -14.03442 -24.12973 -7.12502 -0.00000 0.00000 3.46231 -3.19794 2.32271 -0.00000 0.00000 0.00000 26.17520 -8.92192 33.66568 -20.06463 -6.66898 36.45789 -0.00000 -1.51400 -0.00000 -15.09050 17.03776 -47.37737 7.12502 -0.00000 -0.00000 3.14555 -2.16752 -79.53648
-1.04071 0.92259 0.29588 -0.86440 -21.40479 -182.67372 -0.00000 0.00000 -0.00000 322.80688 -49.46536 328.36688 -66.25840 69.95545 86.01789 1.58881 8.39051 -15.85498 -0.09635 -5.49635 -2.00708 -0.00000 0.00000 -0.00000 27.74916 -47.47074 22.16186 10.68984 47.92408 -23.77552 -0.24296 -20.65804 2.94621 1.29899 19.67878 -7.47931 4.16210 10.24804 -0.32346 -2.21890 8.37913 0.99680 -4.58565 3.10749 1.18955 12.10066 -0.79145 10.02147 -6.09319 -9.09472 12.89232 -4.17750 -1.34229 5.95480 -0.00000 0.00000 0.00000 -16.71738 8.06344 -67.76155 13.70845 -2.95655 -24.23398 0.00000 9.70738 -0.00000 29.29720 -13.82143 -23.06226 -7.12502 -0.00000 0.00000 4.01299 -3.57786 3.34587 -0.00000 0.00000 0.00000 23.35917 -2.83786 45.77126 -22.21737 -8.37821 40.91401 -0.00000 -1.27021 -0.00000 -14.90780 17.00070 -47.68105 7.12502 -0.00000 -0.00000 3.25069 -2.26229 -79.79980
-1.07238 0.92971 0.30150 -4.97552 -20.57845 -193.88695 -0.00000 0.00000 -0.00000 326.89290 -45.38878 321.68565 -42.97041 67.42086 61.07815 0.60180 4.96619 -13.97937 -0.00049 0.39135 0.14244 -0.00000 0.00000 -0.00000 29.54419 -49.55688 15.41955 14.21173 52.53309 -28.35302 -1.94153 -22.66967 -1.47342 1.72814 22.50114 -8.67154 1.71455 11.88606 2.49331 -6.36405 7.86994 4.77218 -7.83769 2.33738 3.13366 12.31871 -2.20487 10.55190 -5.23000 -7.92667 13.46433 -4.15877 -0.87495 6.22315 -0.00000 0.00000 0.00000 -16.44887 2.37586 -58.54701 12.50545 -2.44322 -22.02710 0.00000 9.99436 -0.00000 29.49287 -13.03945 -21.74711 -7.12502 -0.00000 0.00000 4.01501 -3.39559 4.84080 -0.00000 0.00000 0.00000 18.23213 1.57012 57.55100 -23.62982 -9.65393 43.96755 -0.00000 -2.88516 -0.00000 -15.20369 17.34675 -47.65125 7.12502 -0.00000 -0.00000 2.89419 -2.01987 -79.88297
-1.10365 0.92113 0.30180 -8.74397 -19.60343 -206.17176 -0.00000 0.00000 -0.00000 332.55767 -40.04762 318.23113 -26.60862 61.92269 43.02409 0.63920 5.13383 -15.57190 -0.03696 3.40871 1.24223 -0.00000 0.00000 -0.00000 31.17927 -51.69621 8.21440 27.51366 62.36774 -44.04772 -2.49376 -23.80108 -2.54325 2.12192 24.73810 -9.65417 -1.89945 11.10239 6.66775 -9.65401 6.52366 10.09977 -9.72502 2.30880 5.79916 12.12006 -4.09915 10.58950 -5.21641 -6.69217 13.27307 -3.85823 -0.20275 6.17790 -0.00000 0.00000 0.00000 -12.92483 -0.46008 -50.34372 12.13867 -2.29744 -21.35915 0.00000 10.21720 -0.00000 28.42078 -12.18253 -21.30317 -7.12502 -0.00000 0.00000 3.10059 -2.54910 5.61189 -0.00000 0.00000 0.00000 12.30384 2.95452 67.32505 -24.13659 -10.14504 45.09340 -0.00000 -3.57542 -0.00000 -15.57453 16.62566 -45.74975 7.12502 -0.00000 -0.00000 3.18951 -2.06814 -77.92741
-1.13406 0.90133 0.29676 -11.54424 -18.74293 -217.11323 -0.00000 0.00000 -0.00000 336.79218 -35.26711 317.66460 -20.61465 58.30468 36.11626 -0.45629 2.86576 -22.64107 -0.07589 -4.87991 -1.78074 -0.00000 0.00000 -0.00000 30.25363 -51.67896 0.01439 56.34997 69.39268 -75.45525 -1.54084 -21.88889 -0.60658 2.10494 24.64721 -9.61353 -3.60770 8.74636 10.07839 -12.11205 4.37260 14.57456 -11.69732 2.42596 8.07821 11.57209 -5.31427 10.92805 -5.21802 -5.82948 13.61978 -3.58642 0.25632 6.39797 -0.00000 0.00000 0.00000 -9.28335 -1.47498 -40.32263 12.86121 -2.58937 -22.67711 0.00000 10.16630 -0.00000 27.66371 -11.29724 -20.49108 -7.12502 -0.00000 0.00000 2.38534 -1.88416 6.71620 -0.00000 0.00000 0.00000 8.58982 3.07361 77.33650 -23.86218 -9.87681 44.48162 -0.00000 -2.26027 -0.00000 -13.84654 15.94055 -48.09252 7.12502 -0.00000 -0.00000 4.41235 -3.07805 -79.83339
-1.16449 0.87711 0.29106 -13.61605 -19.05601 -223.74385 -0.00000 0.00000 -0.00000 336.46822 -36.20682 320.19426 -22.14911 59.35817 37.90949 -4.93802 -9.41087 -23.86651 -0.80687 -15.66795 -5.85941 -0.00000 0.00000 -0.00000 26.41423 -51.04187 -10.55217 87.48772 68.98613 -108.65004 1.39842 -15.06045 8.07695 0.88241 16.35924 -6.13324 -2.78839 5.48563 11.75007 -13.38521 2.51558 17.02741 -13.28682 3.30500 9.38655 11.17619 -6.42121 11.52800 -5.92412 -5.97335 14.29817 -3.65974 0.47164 6.72527 0.00000 0.00000 -0.00000 -9.66659 -4.82541 -31.82672 13.59546 -2.90600 -24.02559 0.00000 11.05050 -0.00000 28.23415 -10.74640 -19.14974 -7.12502 -0.00000 0.00000 2.69406 -2.02167 8.14077 0.00000 0.00000 -0.00000 6.87876 2.59770 85.22765 -23.73658 -9.75586 44.20330 -0.00000 -1.53233 -0.00000 -13.92472 15.36676 -46.90539 7.12502 -0.00000 -0.00000 4.77847 -3.17928 -78.56231
-1.18842 0.86274 0.29158 -13.25827 -18.80497 -222.78007 -0.00000 0.00000 -0.00000 334.77254 -37.88523 323.09389 -23.20921 60.03014 39.13735 -7.02120 -18.79470 -22.88457 -0.46376 -11.96425 -4.42344 -0.00000 0.00000 -0.00000 21.27573 -47.78094 -22.92062 102.79650 65.99124 -125.19908 2.49619 -5.66777 18.29746 0.62943 13.88987 -5.16391 -2.40312 4.31440 12.01806 -13.06007 2.36592 17.43073 -12.80933 3.80724 9.55433 10.73166 -5.80204 11.09304 -6.62878 -7.13715 13.77854 -3.98450 -0.01042 6.45621 0.00000 0.00000 0.00000 -16.83387 -12.06727 -31.40946 13.62229 -2.91797 -24.07506 0.00000 14.10220 -0.00000 29.55591 -9.87479 -16.82682 -7.12502 -0.00000 0.00000 3.54784 -2.43547 10.57394 0.00000 0.00000 0.00000 9.46456 5.05428 86.32392 -24.50444 -10.51341 45.92188 -0.00000 0.45501 0.00000 -16.05029 15.90325 -43.60471 7.12502 -0.00000 -0.00000 3.41799 -2.03579 -75.74325
-1.20925 0.85461 0.29671 -12.97915 -17.58056 -217.14324 -0.00000 0.00000 -0.00000 332.24214 -36.40477 324.16278 -19.07569 57.13983 34.29616 -10.63023 -25.61537 -27.27160 -0.63911 -13.99346 -5.20410 -0.00000 0.00000 -0.00000 17.30934 -46.52132 -29.37107 112.22919 62.49017 -135.66219 0.37326 3.34935 23.80746 0.87695 16.31038 -6.11382 -3.00982 4.72659 11.63191 -13.08560 2.88369 17.06567 -12.46948 3.88775 9.41420 10.52071 -6.41857 9.23475 -5.30892 -5.59602 11.29513 -3.39757 0.26075 5.28391 -0.00000 0.00000 0.00000 -23.09522 -12.07678 -36.23046 14.82272 -3.48170 -26.30243 0.00000 11.73070 -0.00000 30.83654 -9.77079 -15.86907 -7.12502 -0.00000 0.00000 4.53496 -3.01390 11.45966 -0.00000 0.00000 0.00000 16.89807 9.29193 79.81617 -24.96086 -10.98499 46.96390 -0.00000 2.97120 0.00000 -17.68141 16.84746 -42.27584 7.12502 -0.00000 -0.00000 1.95123 -1.12088 -74.86391
-1.22308 0.86045 0.30663 -14.13861 -17.53164 -208.23298 -0.00000 0.00000 -0.00000 328.01227 -36.77809 325.10555 -14.21511 52.53689 28.35727 -12.76437 -26.78612 -30.57064 -1.15300 -18.59560 -7.03401 -0.00000 0.00000 -0.00000 15.70958 -50.86823 -27.35058 117.51324 59.57689 -141.69851 -0.28390 4.95948 23.94970 1.10206 18.19926 -6.87260 -4.12186 5.35167 9.82413 -13.16842 3.39951 14.79883 -11.99290 3.37430 8.31232 9.57512 -6.24440 7.29954 -3.52695 -4.60093 8.83777 -2.64066 0.21299 4.12943 0.00000 0.00000 -0.00000 -24.87330 -3.33478 -41.12292 16.89088 -4.59075 -30.21507 0.00000 8.91023 -0.00000 31.65445 -10.49303 -16.45692 -7.12502 -0.00000 0.00000 5.26483 -3.61601 10.61091 0.00000 0.00000 -0.00000 26.28101 13.28450 68.16467 -25.34433 -11.39420 47.85225 -0.00000 2.94475 0.00000 -18.79017 17.81922 -41.96879 7.12502 -0.00000 -0.00000 0.74755 -0.43015 -74.91519
-1.23445 0.87487 0.32223 -12.75779 -18.95430 -195.35160 -0.00000 0.00000 -0.00000 324.28553 -40.43721 327.27349 -11.73727 49.44351 25.16994 -11.62150 -19.53545 -32.18243 -1.92674 -23.66459 -9.17808 -0.00000 0.00000 -0.00000 20.56118 -57.25555 -15.60196 118.78896 58.72614 -143.18439 0.42511 3.13788 23.44852 1.00671 17.42850 -6.56096 -2.81622 7.47645 6.65138 -11.40829 4.94605 10.43278 -10.80703 2.84067 6.07160 7.16622 -5.04675 5.66724 -3.33468 -6.00553 6.89895 -2.29022 -0.64900 3.18945 -0.00000 0.00000 0.00000 -26.41660 8.46125 -47.64836 19.72490 -6.42272 -35.77296 0.00000 6.29857 -0.00000 32.37606 -11.49295 -17.44551 -7.12502 -0.00000 0.00000 5.93750 -4.28844 9.28370 -0.00000 0.00000 0.00000 33.98997 14.61021 53.40433 -25.83726 -11.93857 49.01283 -0.00000 0.41617 0.00000 -20.99698 19.20118 -40.59369 7.12502 -0.00000 -0.00000 -1.34223 0.74878 -74.15023
-1.23941 0.88976 0.33500 -8.33414 -19.48496 -181.35528 -0.00000 0.00000 -0.00000 324.63826 -44.42973 335.88354 -10.02800 46.88523 22.87651 -9.41051 -19.09591 -28.02063 -2.93868 -28.65217 -11.47107 -0.00000 0.00000 -0.00000 30.66202 -58.74009 3.28804 116.66125 60.10936 -140.71317 1.49297 -1.03381 19.97720 0.54294 12.92386 -4.79091 -1.00724 9.36316 4.87186 -7.43649 7.20967 5.37041 -7.48174 2.98122 2.39539 5.77380 -4.18078 4.73088 -4.25790 -7.37525 5.67868 -2.43305 -1.30555 2.59989 0.00000 0.00000 0.00000 -26.75668 20.32798 -56.25193 22.22471 -8.38450 -40.92957 0.00000 6.48425 -0.00000 32.78897 -13.45547 -19.86055 -7.12502 -0.00000 0.00000 6.46223 -5.21101 6.27557 0.00000 0.00000 0.00000 40.81051 12.03524 38.51114 -25.16401 -11.20026 47.43300 -0.00000 2.15099 0.00000 -22.83640 15.99510 -33.19896 7.12502 -0.00000 -0.00000 -0.96017 0.37679 -66.42384
-1.24126 0.90085 0.33555 -3.59784 -18.92977 -166.13180 -0.00000 0.00000 -0.00000 327.19815 -46.16731 348.27744 -8.10600 43.44818 20.16774 -6.84705 -22.46822 -20.91995 -3.05196 -29.13582 -11.70550 -0.00000 0.00000 -0.00000 34.72206 -56.24693 18.21030 112.89780 62.16819 -136.41713 1.26580 -2.79837 14.90785 0.54718 12.97302 -4.80982 1.18512 9.33323 0.35989 -3.23261 8.23738 -0.32275 -4.09330 3.33996 -0.38737 4.64399 -4.15198 4.17616 -3.60833 -5.98238 5.08539 -1.96205 -0.94272 2.37095 0.00000 0.00000 0.00000 -23.03604 31.38534 -66.64705 23.70390 -9.72457 -44.13106 0.00000 7.62251 -0.00000 32.13273 -15.45967 -22.99609 -7.12502 -0.00000 0.00000 6.21999 -5.70178 2.64844 0.00000 0.00000 0.00000 46.95714 8.32890 25.19115 -23.69549 -9.71653 44.11248 -0.00000 0.06430 0.00000 -23.28306 11.97850 -25.74828 7.12502 -0.00000 -0.00000 0.50287 -0.11798 -58.20348
-1.24477 0.90645 0.32658 0.74136 -17.52949 -150.38223 -0.00000 0.00000 -0.00000 330.18079 -46.08296 356.71391 -7.53793 42.28853 19.33278 -5.43243 -23.51516 -17.47773 -1.62309 -21.85277 -8.39326 -0.00000 0.00000 -0.00000 33.20227 -51.15170 27.06213 105.67129 65.10149 -128.35693 0.72998 -1.66973 12.17142 0.50181 12.43545 -4.60352 3.44932 7.70478 -4.60430 0.31278 8.43979 -6.80914 -1.76971 4.14570 -3.52823 4.81038 -4.51897 3.83384 -2.34754 -4.15617 4.71081 -1.51843 -0.35584 2.21579 -0.00000 0.00000 0.00000 -15.26926 39.24006 -79.88335 23.99260 -10.00361 -44.77174 0.00000 8.81351 -0.00000 31.59216 -16.98826 -25.41102 -7.12502 -0.00000 0.00000 6.04148 -6.10129 -0.12158 -0.00000 0.00000 0.00000 51.49199 5.83529 13.02230 -22.31028 -8.45814 41.11138 -0.00000 -7.89857 -0.00000 -22.80081 9.95896 -22.36218 7.12502 -0.00000 -0.00000 1.70675 -0.28092 -54.34382
-1.24813 0.90044 0.31233 3.83535 -16.21805 -135.98565 -0.00000 0.00000 -0.00000 331.50482 -46.80332 360.19718 -8.39709 44.01441 20.58882 -6.36952 -20.64864 -20.52983 -0.51092 -12.54541 -4.64564 -0.00000 0.00000 -0.00000 31.43811 -44.39982 34.88182 96.74971 67.47979 -118.61881 0.22971 0.97476 12.07952 0.66268 14.24209 -5.30073 3.28432 5.41883 -8.90321 2.95762 8.23804 -12.68757 0.52122 5.52971 -6.45189 5.99564 -4.72125 3.47017 -1.18622 -3.65458 4.16100 -1.33925 -0.18917 1.92337 -0.00000 0.00000 0.00000 -5.95738 42.63143 -94.58517 23.07017 -9.13259 -42.74356 0.00000 9.94246 -0.00000 30.78296 -20.31593 -30.23454 -7.12502 -0.00000 0.00000 5.94847 -7.32199 -5.73172 -0.00000 0.00000 0.00000 56.41780 3.03080 0.49535 -21.65402 -7.90492 39.72687 -0.00000 -7.25720 -0.00000 -24.74609 10.35234 -21.29940 7.12502 -0.00000 -0.00000 -0.12687 0.01909 -53.55598
-1.25280 0.88641 0.29886 4.64454 -15.91629 -126.39511 -0.00000 0.00000 -0.00000 331.01472 -48.15330 363.29251 -9.78536 46.48753 22.54304 -8.25625 -17.30472 -26.58745 -0.50993 -12.53352 -4.64109 -0.00000 0.00000 -0.00000 29.72508 -37.22314 42.62880 89.12169 68.77735 -110.40163 -0.30014 3.62163 12.46490 1.42468 20.55607 -7.84473 2.62045 4.40807 -11.89991 3.10001 7.71324 -16.63028 0.68360 5.72039 -8.38592 7.29465 -4.87774 2.93184 0.34635 -2.68632 3.33665 -1.06213 0.09957 1.51081 -0.00000 0.00000 0.00000 2.04056 43.00547 -105.12782 21.87451 -8.08786 -40.18957 0.00000 11.44180 -0.00000 27.79748 -25.62453 -39.36351 -7.12502 -0.00000 0.00000 4.95926 -8.88979 -15.68546 -0.00000 0.00000 0.00000 62.99284 -1.81046 -11.14822 -22.02253 -8.21232 40.50158 -0.00000 -7.34775 -0.00000 -27.05204 10.30333 -19.30253 7.12502 -0.00000 -0.00000 -2.15203 0.25488 -51.75121
-1.26179 0.87878 0.29583 4.92971 -14.96344 -124.97950 -0.00000 0.00000 -0.00000 330.44364 -47.82994 360.54264 -11.30686 48.83648 24.60086 -8.70512 -17.76012 -27.30875 -0.23445 -8.54830 -3.13619 -0.00000 0.00000 -0.00000 30.18845 -31.65097 48.85888 79.03699 69.73767 -99.62231 -0.20028 2.97539 10.37018 1.33438 19.93068 -7.58378 3.76694 4.28491 -12.94962 2.47360 7.95277 -18.02138 -0.69401 5.50404 -8.97868 9.39605 -4.96007 3.39620 -0.14699 -1.73583 3.80057 -1.55957 0.48498 1.75129 -0.00000 0.00000 0.00000 -0.04818 42.89967 -104.18871 21.39893 -7.69688 -39.19451 0.00000 15.89710 -0.00000 25.05556 -29.80705 -46.75722 -7.12502 -0.00000 0.00000 4.09268 -10.45026 -23.47147 -0.00000 0.00000 0.00000 66.93152 -5.96478 -15.11672 -22.50985 -8.63167 41.53691 -0.00000 -10.99270 -0.00000 -30.60157 12.18400 -19.63879 7.12502 -0.00000 -0.00000 -5.88636 0.81322 -52.83819
-1.27229 0.88086 0.30473 4.53332 -15.94198 -132.56238 -0.00000 0.00000 -0.00000 331.01202 -48.78005 360.66184 -11.50211 49.11473 24.85966 -7.20807 -21.20104 -22.20206 -0.27871 -9.31156 -3.42132 -0.00000 0.00000 -0.00000 30.22477 -33.34280 50.20765 65.07930 69.92284 -84.76264 0.37582 -6.89342 4.31263 0.75090 15.13250 -5.64867 3.11694 5.27622 -11.85194 1.71963 8.23323 -16.56366 -0.86284 5.27338 -8.31491 10.43700 -5.11885 4.73472 -1.63947 -1.70444 5.52317 -2.18951 0.68967 2.60006 0.00000 0.00000 -0.00000 -11.92424 41.24711 -91.59263 21.61856 -7.87577 -39.65267 0.00000 14.24520 -0.00000 24.63693 -33.42224 -50.21827 -7.12502 -0.00000 0.00000 4.00293 -13.00651 -27.72801 0.00000 0.00000 -0.00000 66.97048 -3.67963 -9.65090 -23.72440 -9.74418 44.17636 -0.00000 -14.86790 -0.00000 -34.27213 14.78726 -20.53322 7.12502 -0.00000 -0.00000 -9.89566 1.71020 -54.70794
-1.28825 0.88929 0.32186 3.47017 -17.00653 -145.70276 -0.00000 0.00000 -0.00000 331.66173 -49.30887 359.86959 -11.02461 48.42550 24.22476 -3.19312 -26.04501 -12.08807 -0.33013 -10.12309 -3.72595 -0.00000 0.00000 -0.00000 30.74082 -39.37920 44.77375 46.76029 68.14732 -65.17159 -1.14675 -16.87048 -1.37002 2.24209 25.36860 -9.93794 2.64744 6.94731 -9.35600 0.86951 8.67462 -13.30889 -1.07419 4.82184 -6.79089 10.01480 -3.43426 6.36173 -3.48784 -3.38585 7.95665 -2.80289 0.08866 3.78244 -0.00000 0.00000 0.00000 -25.91262 34.24599 -75.05220 21.18913 -7.52862 -38.75898 0.00000 12.87910 -0.00000 24.17778 -36.38090 -52.87816 -7.12502 -0.00000 0.00000 3.72004 -15.16654 -31.04378 -0.00000 0.00000 0.00000 62.39456 3.34904 2.42971 -25.07240 -11.10277 47.22104 -0.00000 -12.32020 -0.00000 -35.87202 13.58367 -17.99314 7.12502 -0.00000 -0.00000 -10.98795 1.35941 -51.96624
-1.30909 0.89436 0.33958 1.43598 -17.68033 -161.36371 -0.00000 0.00000 -0.00000 329.95446 -48.90589 351.81189 -12.28176 50.17930 25.88268 2.57245 -30.19666 0.07656 -0.02150 -2.60062 -0.94724 -0.00000 0.00000 -0.00000 31.95415 -47.25531 35.03401 36.53628 65.79639 -54.06996 -2.07514 -20.67847 -2.83198 1.94889 23.78973 -9.23314 1.49943 9.07198 -6.13141 -0.29848 9.22051 -9.24256 -1.31938 4.31514 -4.92994 8.93191 -1.44957 7.95210 -5.63343 -4.94529 10.54922 -3.50866 -0.48796 5.26902 -0.00000 0.00000 -0.00000 -33.46034 23.36256 -61.19663 19.79535 -6.47329 -35.91461 0.00000 12.56020 -0.00000 24.56524 -37.17298 -52.89206 -7.12502 -0.00000 0.00000 3.80371 -15.95873 -31.40613 -0.00000 0.00000 -0.00000 53.20331 11.08805 17.76542 -26.55221 -12.76722 50.73704 -0.00000 -8.15112 -0.00000 -37.18088 12.30981 -15.69920 7.12502 -0.00000 -0.00000 -11.85664 0.92558 -49.39989
-1.33129 0.88748 0.35223 -0.18587 -17.59466 -177.61231 -0.00000 0.00000 -0.00000 330.84799 -49.36930 342.84496 -17.45227 55.77527 32.34859 2.71359 -26.69599 1.80116 -1.04980 -17.78170 -6.70341 -0.00000 0.00000 -0.00000 35.51481 -54.71682 26.39283 40.18422 66.78384 -58.05378 -2.32399 -21.39778 -3.25514 2.04248 24.30887 -9.46277 0.26952 11.14152 -2.18172 -1.89178 9.46895 -4.31189 -2.15952 3.51608 -2.63670 7.85599 -0.57322 9.23968 -7.02342 -5.30194 12.23435 -3.87284 -0.58066 6.13653 0.00000 0.00000 0.00000 -33.10466 15.03472 -49.42787 18.37075 -5.49947 -33.08489 0.00000 6.49834 -0.00000 25.55148 -37.38853 -51.78565 -7.12502 -0.00000 0.00000 4.15080 -16.52085 -30.68323 0.00000 0.00000 0.00000 43.17348 15.12136 32.80782 -28.05628 -14.68160 54.55281 -0.00000 -5.62007 -0.00000 -38.82516 12.83154 -15.42791 7.12502 -0.00000 -0.00000 -13.47731 1.05269 -49.38361
-1.35295 0.86936 0.35728 -2.34785 -17.42426 -192.06077 -0.00000 0.00000 -0.00000 332.08630 -51.01382 335.90269 -29.09847 63.09543 45.83060 -3.18885 -17.81083 -13.29836 -2.81278 -28.09973 -11.20616 -0.00000 0.00000 -0.00000 35.37467 -62.11312 17.07368 56.42856 69.39984 -75.53921 -3.53864 -22.53179 -6.37272 2.64557 27.34008 -10.84668 -0.86118 12.21287 -0.26588 -4.73963 9.09772 1.03539 -4.40255 2.80061 1.18133 7.93124 -0.38031 9.72953 -7.48397 -5.79621 12.88088 -4.10300 -0.67599 6.47065 -0.00000 0.00000 0.00000 -27.75398 11.92373 -37.59152 17.71888 -5.08677 -31.81271 0.00000 -1.11175 0.00000 27.60924 -36.90576 -48.94648 -7.12502 -0.00000 0.00000 4.98649 -16.97276 -28.35912 -0.00000 0.00000 0.00000 36.47581 15.13801 45.42554 -29.32402 -16.51185 58.02384 -0.00000 -3.07317 -0.00000 -38.72435 11.94524 -14.47350 7.12502 -0.00000 -0.00000 -13.18505 0.74115 -48.16034
-1.37398 0.83629 0.35480 -5.52011 -16.31146 -204.42868 -0.00000 0.00000 -0.00000 330.51305 -52.73965 330.83447 -51.84778 68.90390 70.63792 -3.50217 -15.84599 -14.88262 -9.26005 -45.59299 -21.81329 -0.00000 0.00000 -0.00000 27.65926 -69.00891 5.11076 81.52243 69.57049 -102.27307 -3.22616 -21.49884 -6.09830 2.20177 25.15948 -9.84347 -2.52863 12.91482 2.96023 -7.19942 8.39906 5.14268 -6.38360 2.15048 3.23838 7.57661 0.03225 10.00500 -7.63019 -7.12410 13.27282 -4.24302 -1.14698 6.69872 0.00000 0.00000 0.00000 -24.12833 11.67836 -24.93231 17.62230 -5.02731 -31.62533 0.00000 -5.81074 0.00000 27.74682 -35.14232 -47.57552 -7.12502 -0.00000 0.00000 5.16582 -15.66457 -26.48793 0.00000 0.00000 0.00000 30.38198 13.64040 55.99040 -30.46962 -18.38452 61.43686 -0.00000 -2.09193 -0.00000 -38.11108 10.50852 -13.08914 7.12502 -0.00000 -0.00000 -12.30891 0.28678 -46.31408
-1.39290 0.79504 0.34478 -8.59122 -15.30501 -214.13940 -0.00000 0.00000 -0.00000 323.88362 -55.88128 322.72978 -79.05866 69.73640 99.64540 -0.52316 -15.04088 -4.76372 -14.42079 -52.76683 -28.61600 -0.00000 0.00000 -0.00000 10.58662 -74.89809 -12.98830 101.33667 66.39476 -123.60351 -1.83081 -19.90818 -2.41060 1.61714 21.81531 -8.37727 -3.95056 12.71595 5.36628 -8.01056 7.46286 7.95409 -6.76406 1.53771 4.53938 5.00959 -0.74163 10.52219 -7.98977 -7.26736 13.88566 -3.85852 -1.16255 7.07333 0.00000 0.00000 -0.00000 -26.37957 10.29578 -11.74384 17.34910 -4.86142 -31.09679 0.00000 -4.85231 0.00000 26.91967 -34.78839 -48.33239 -7.12502 -0.00000 0.00000 4.84997 -15.03825 -26.89107 0.00000 0.00000 -0.00000 22.59295 11.17562 65.01120 -31.52336 -20.35015 64.90370 -0.00000 -1.29376 -0.00000 -37.69432 9.24524 -11.74521 7.12502 -0.00000 -0.00000 -11.66317 -0.08855 -44.57104
-1.40949 0.74612 0.33210 -11.81960 -15.48950 -221.59914 -0.00000 0.00000 -0.00000 314.13031 -58.56266 310.36837 -94.40767 67.93941 116.08769 0.53550 -13.36133 0.17319 -10.99102 -48.37587 -24.17984 -0.00000 0.00000 -0.00000 -24.24952 -80.15679 -47.24303 113.19037 62.02349 -136.74820 -0.45142 -18.99893 1.89001 1.56175 21.46243 -8.22704 -5.10046 11.15205 7.06893 -7.44260 6.78761 9.88033 -5.54283 1.56351 5.31858 1.75775 -3.50033 11.11680 -9.35111 -6.84304 14.75497 -3.48662 -0.65848 7.60467 -0.00000 0.00000 -0.00000 -31.78382 5.37503 0.37024 17.19198 -4.76755 -30.79379 0.00000 -4.08553 0.00000 26.79809 -34.98955 -48.62527 -7.12502 -0.00000 0.00000 4.79220 -15.14189 -27.20599 -0.00000 0.00000 -0.00000 13.81539 6.58700 72.83565 -32.38638 -22.19925 68.08391 -0.00000 -0.96275 -0.00000 -37.03368 9.28969 -12.07681 7.12502 -0.00000 -0.00000 -11.05708 -0.02244 -44.88517
-1.42570 0.69372 0.32219 -14.05866 -16.39414 -226.32593 -0.00000 0.00000 -0.00000 304.95499 -59.30856 295.94467 -108.05740 64.25479 130.99650 -0.31326 -11.11536 -3.65210 -4.77208 -35.28802 -14.92717 -0.00000 0.00000 -0.00000 -72.35084 -78.76487 -95.76507 119.82475 57.98382 -144.40104 1.66315 -18.78655 8.60015 1.90120 23.51922 -9.11427 -4.91348 10.85498 7.72094 -6.44372 6.64855 10.57130 -4.62263 1.45323 5.56303 -0.65945 -7.40454 11.69519 -10.89708 -7.91229 16.00055 -3.38020 -0.37870 8.41245 -0.00000 0.00000 -0.00000 -36.37524 -3.50910 11.67720 17.84026 -5.16211 -32.04860 0.00000 -6.20441 0.00000 28.37446 -33.08916 -45.30711 -7.12502 -0.00000 0.00000 5.50739 -14.38861 -23.79328 -0.00000 0.00000 -0.00000 6.28882 -0.24540 79.69826 -33.03985 -23.80303 70.79585 -0.00000 -1.89066 -0.00000 -35.35386 9.79056 -13.47884 7.12502 -0.00000 -0.00000 -9.60266 0.22808 -46.34784
-1.44225 0.63076 0.31565 -16.72916 -17.43842 -228.89518 -0.00000 0.00000 -0.00000 283.89402 -60.60161 272.37708 -121.87987 56.35489 146.84646 -1.85452 -9.13199 -11.98961 -1.38184 -20.26232 -7.72188 -0.00000 0.00000 -0.00000 -101.43383 -71.29373 -124.02300 126.62384 51.55932 -152.70662 4.56922 -19.06275 16.70510 2.77307 27.92207 -11.12160 -4.62148 11.20044 7.91868 -5.46753 6.69193 10.70730 -3.83616 1.17926 5.57010 -1.81776 -10.29002 11.75245 -12.78866 -11.11387 16.76768 -3.94228 -0.82567 9.23123 0.00000 0.00000 -0.00000 -38.58578 -13.79126 21.37064 18.49655 -5.58144 -33.33195 0.00000 -8.37132 0.00000 26.77999 -30.74146 -45.36474 -7.12502 -0.00000 0.00000 4.83152 -11.93208 -22.76379 0.00000 0.00000 -0.00000 0.74803 -7.82042 83.71839 -33.53039 -25.17223 73.08722 -0.00000 -2.44963 -0.00000 -32.73162 10.41451 -15.70778 7.12502 -0.00000 -0.00000 -7.33111 0.46330 -48.59632
-1.45821 0.56599 0.31267 -19.07254 -18.35388 -230.01521 -0.00000 0.00000 -0.00000 254.79827 -58.52796 244.30572 -130.19101 46.52666 157.42439 -1.43756 -0.83206 -20.02854 -0.75709 15.19273 5.67231 -0.00000 0.00000 -0.00000 -114.33066 -61.32247 -135.15211 131.43244 44.33779 -159.16655 7.22684 -18.04502 23.76447 3.32874 30.26838 -12.26407 -3.31258 11.56105 8.33849 -5.15445 7.17945 11.39896 -4.21858 1.71383 5.94971 -0.45881 -9.58831 11.07696 -15.68352 -17.27997 16.14294 -5.27679 -2.20264 9.74573 0.00000 0.00000 -0.00000 -37.73446 -22.39757 27.30320 18.61183 -5.65722 -33.55881 0.00000 -9.96807 0.00000 28.37232 -31.60074 -44.13439 -7.12502 -0.00000 0.00000 5.52305 -13.29288 -22.19113 0.00000 0.00000 -0.00000 -2.69308 -15.42776 84.43085 -33.70016 -25.69047 73.95041 -0.00000 -2.66235 -0.00000 -30.73808 10.61381 -17.20980 7.12502 -0.00000 -0.00000 -5.56395 0.49001 -50.01719
-1.47144 0.50790 0.31195 -19.80641 -18.95476 -230.39042 -0.00000 0.00000 -0.00000 235.48541 -55.12385 225.24494 -133.88475 39.01294 162.85005 1.51966 7.78446 -21.92657 -3.98862 32.72617 13.52677 -0.00000 0.00000 -0.00000 -120.09287 -51.64075 -140.16043 134.60150 37.11610 -164.01240 8.38206 -18.27536 26.27950 3.39546 30.53167 -12.39593 -2.89012 12.02851 9.04262 -3.86354 8.45134 12.50880 -2.97626 2.66535 6.49937 1.04049 -7.87555 10.05024 -18.32871 -22.93132 15.03966 -7.02829 -3.82210 10.10311 -0.00000 0.00000 -0.00000 -37.54240 -30.26537 29.36458 18.36081 -5.49304 -33.06540 0.00000 -11.45800 0.00000 32.55984 -32.47100 -40.05653 -7.12502 -0.00000 0.00000 7.42545 -15.86279 -19.50766 -0.00000 0.00000 -0.00000 -6.28398 -20.42005 83.07525 -33.60685 -25.40237 73.47077 -0.00000 -0.25259 -0.00000 -30.13053 10.08730 -16.79257 7.12502 -0.00000 -0.00000 -4.87032 0.37754 -49.42194
-1.47991 0.46594 0.31290 -18.99481 -19.19100 -229.83718 -0.00000 0.00000 -0.00000 224.80830 -54.14585 213.81947 -135.43992 34.62771 165.44281 4.26573 13.92136 -22.96759 -5.92951 38.53936 16.85337 -0.00000 0.00000 -0.00000 -121.43567 -45.45709 -141.57021 136.32000 31.61560 -167.05282 9.31854 -21.90379 26.34744 2.08739 24.55280 -9.57137 -2.50747 13.11551 9.04108 -2.53966 9.94739 12.77644 -1.68989 3.46442 6.66657 1.89750 -7.50965 9.67774 -18.09211 -25.50793 14.79616 -7.42162 -4.64005 10.26561 0.00000 0.00000 0.00000 -37.62351 -35.14792 28.36215 18.06768 -5.30512 -32.49179 0.00000 -18.58240 0.00000 36.51911 -32.67097 -36.09235 -7.12502 -0.00000 0.00000 9.39133 -17.87395 -16.68091 0.00000 0.00000 0.00000 -8.51007 -21.77193 80.04561 -33.37499 -24.71961 72.33168 -0.00000 1.08819 0.00000 -31.08619 11.29535 -17.99735 7.12502 -0.00000 -0.00000 -6.06528 0.64065 -51.00706
-1.48360 0.45095 0.31431 -17.02724 -18.57646 -227.35809 -0.00000 0.00000 -0.00000 223.44903 -53.63572 213.56418 -135.87768 33.18814 166.22747 5.40671 16.69003 -21.88308 -6.95662 41.01957 18.45821 -0.00000 0.00000 -0.00000 -117.75790 -42.94628 -136.77039 136.87785 29.42946 -168.15099 10.70031 -25.09735 27.60686 0.90891 16.59392 -6.22668 -1.32348 15.49599 7.74773 -1.86945 11.27621 11.47667 -1.69294 3.69936 6.18405 2.64220 -7.36952 9.59654 -16.76558 -26.72128 14.80521 -7.28100 -5.10827 10.18548 -0.00000 0.00000 0.00000 -37.08021 -37.43565 24.04207 17.60875 -5.01900 -31.59906 0.00000 -20.28020 0.00000 37.73834 -36.05317 -37.25023 -7.12502 -0.00000 0.00000 9.61584 -20.81108 -19.50549 -0.00000 0.00000 0.00000 -8.52486 -18.76699 75.60019 -32.72953 -23.01497 69.46774 -0.00000 -0.42612 -0.00000 -31.29897 13.06375 -20.39399 7.12502 -0.00000 -0.00000 -6.76774 1.06180 -53.87522
-1.48375 0.46307 0.31522 -15.70578 -18.57429 -223.23748 -0.00000 0.00000 -0.00000 227.98921 -50.86503 217.99552 -135.43331 34.64863 165.43119 5.55006 18.10252 -19.31480 -7.54466 42.30272 19.34278 -0.00000 0.00000 -0.00000 -119.15978 -46.74008 -134.62278 136.63948 30.39426 -167.67299 9.60436 -27.53001 24.72569 0.30724 9.77067 -3.59347 0.54550 16.50699 5.67376 -1.46276 12.08221 9.22264 -2.13206 4.14061 5.26259 2.81597 -7.02541 9.72375 -15.70705 -27.10194 14.98718 -7.05511 -5.35104 10.15110 -0.00000 0.00000 -0.00000 -37.67050 -37.44502 14.22382 17.22563 -4.78756 -30.85862 0.00000 -18.61660 0.00000 37.00072 -37.26951 -38.78504 -7.12502 -0.00000 0.00000 9.07124 -21.34230 -21.31305 -0.00000 0.00000 -0.00000 -6.10458 -12.39926 69.56156 -30.85444 -19.07135 62.66008 -0.00000 -0.18301 -0.00000 -30.83686 13.68586 -21.61929 7.12502 -0.00000 -0.00000 -6.55414 1.18667 -55.21805
-1.48110 0.49534 0.31477 -15.84486 -19.68499 -218.37758 -0.00000 0.00000 -0.00000 232.17467 -47.21639 222.52635 -134.09795 38.46831 163.19075 4.98848 18.67896 -15.69398 -6.94771 40.99943 18.44463 -0.00000 0.00000 -0.00000 -129.82409 -55.32718 -139.18649 135.75562 33.60047 -166.00569 5.50243 -26.80766 16.94701 0.05329 4.09151 -1.49189 1.04145 15.67202 4.37697 -0.34867 11.45574 7.43977 -1.15793 3.66172 4.32533 1.36178 -5.97063 9.43424 -14.99370 -25.30685 14.19927 -6.37835 -5.23103 9.57480 -0.00000 0.00000 0.00000 -39.89296 -33.10170 -0.94385 16.78358 -4.52872 -30.00944 0.00000 -16.25940 0.00000 36.42649 -37.26816 -39.37053 -7.12502 -0.00000 0.00000 8.79870 -21.08057 -21.71584 -0.00000 0.00000 0.00000 -0.96800 -2.97600 61.39790 -27.32191 -13.71580 52.65459 -0.00000 -5.11800 -0.00000 -28.13385 13.70670 -23.90009 7.12502 -0.00000 -0.00000 -4.23084 0.92047 -57.25200
-1.47168 0.53995 0.31427 -15.12735 -21.81404 -212.76975 -0.00000 0.00000 -0.00000 235.20469 -47.33486 225.86460 -131.85702 43.52112 159.77853 4.45376 18.71091 -13.34696 -5.74484 38.05640 16.55539 -0.00000 0.00000 -0.00000 -142.49590 -65.87705 -147.36781 134.16087 38.30455 -163.29206 1.74990 -24.32606 8.74935 0.02929 3.03483 -1.10569 -0.17981 14.16752 4.84681 1.48416 9.59093 7.58154 1.26550 2.04821 4.16245 1.14878 -2.48452 8.31449 -15.59635 -22.99412 11.81107 -6.33442 -5.28480 8.15971 -0.00000 0.00000 -0.00000 -43.94871 -27.23642 -22.51207 15.47830 -3.81387 -27.53163 0.00000 -7.87233 0.00000 34.00641 -38.32755 -42.58915 -7.12502 -0.00000 0.00000 7.52664 -20.78238 -24.57598 -0.00000 0.00000 -0.00000 9.58190 5.88774 47.49305 -22.52874 -8.64822 41.57728 -0.00000 -7.33394 -0.00000 -27.33015 12.96504 -23.46672 7.12502 -0.00000 -0.00000 -3.28223 0.67245 -56.56573
-1.45851 0.58645 0.31071 -13.44812 -24.75956 -206.43326 -0.00000 0.00000 -0.00000 235.18119 -48.98369 226.29547 -129.00017 48.38890 155.80838 4.07363 19.00105 -11.41280 -4.41685 34.16841 14.30365 -0.00000 0.00000 -0.00000 -163.69384 -74.63519 -164.43800 131.95685 43.32351 -159.92376 -0.12421 -19.33994 3.04224 0.00911 1.69316 -0.61645 -0.56319 12.24401 4.68429 2.78588 7.97053 7.11982 2.82046 1.14166 3.82854 1.97523 -0.89654 7.34386 -15.26200 -21.02971 10.12022 -6.14366 -5.09034 6.98640 -0.00000 0.00000 -0.00000 -47.43157 -19.78086 -42.40738 14.53703 -3.34238 -25.76968 0.00000 0.17996 -0.00000 33.31992 -37.57372 -42.84902 -7.12502 -0.00000 0.00000 7.32767 -19.91998 -24.32191 -0.00000 0.00000 -0.00000 24.46419 6.97889 32.08639 -17.79909 -5.13648 31.96855 -0.00000 -0.68301 -0.00000 -27.20341 14.00321 -25.20946 7.12502 -0.00000 -0.00000 -3.55346 0.85656 -58.53543
-1.43237 0.64359 0.30416 -8.73281 -23.39910 -196.49197 -0.00000 0.00000 -0.00000 240.06448 -56.00846 235.49436 -125.77263 52.55070 151.62728 2.33922 13.12378 -10.51081 -2.43145 26.32003 10.37230 -0.00000 0.00000 -0.00000 -252.00531 -87.14899 -252.36125 128.34917 49.32345 -154.94393 -1.03299 -17.34636 -0.72267 0.02845 -2.99116 1.08975 -0.94992 15.12406 2.00491 3.80163 8.38726 3.84244 4.25030 0.10993 2.28815 2.86564 -1.53194 7.62602 -13.49880 -20.48241 10.64045 -5.69457 -4.82522 6.91476 -0.00000 0.00000 -0.00000 -42.55673 -12.11806 -53.39338 15.04655 -3.59314 -26.72102 0.00000 1.42775 -0.00000 34.25772 -36.27242 -40.97975 -7.12502 -0.00000 0.00000 7.91758 -19.37678 -22.25768 -0.00000 0.00000 -0.00000 41.22829 1.11976 22.15112 -14.91436 -3.52708 26.47367 -0.00000 0.83769 0.00000 -28.35617 16.08284 -27.17091 7.12502 -0.00000 -0.00000 -5.28988 1.53111 -61.09727
-1.40302 0.69117 0.28974 -4.68459 -23.29451 -188.55028 -0.00000 0.00000 -0.00000 234.74368 -65.00627 237.77045 -121.73367 56.47828 146.67096 0.05959 1.69119 -6.45098 -0.95597 17.00143 6.38950 -0.00000 0.00000 -0.00000 -306.85868 -74.20458 -307.29828 123.65665 54.75110 -149.00075 -1.19380 -14.52162 -2.78817 0.02748 2.93979 -1.07100 -0.71092 15.51048 -1.74080 4.69407 9.24257 -0.82329 5.60856 1.22937 0.02309 3.40342 -0.87110 8.98637 -12.26963 -22.61309 12.69236 -5.81152 -5.42768 7.87192 -0.00000 0.00000 0.00000 -33.76709 -7.91498 -56.94141 16.36779 -4.29309 -29.21548 0.00000 1.59595 -0.00000 33.53065 -35.16995 -40.99834 -7.12502 -0.00000 0.00000 7.69671 -18.24514 -21.65186 -0.00000 0.00000 0.00000 53.60516 -2.33360 16.93582 -14.71171 -3.42718 26.09521 -0.00000 -2.21404 -0.00000 -29.29192 18.60470 -29.62711 7.12502 -0.00000 -0.00000 -7.00728 2.45712 -64.22854
-1.38494 0.71895 0.26752 -0.77803 -23.45017 -182.49402 -0.00000 0.00000 -0.00000 226.08756 -73.91896 237.93588 -109.62826 63.63632 132.74501 -1.65828 -7.43639 -12.16654 -0.71126 -14.73989 -5.49487 -0.00000 0.00000 -0.00000 -313.58462 -66.90138 -315.26233 119.30857 58.35983 -143.79352 0.35364 -10.15834 3.85906 0.35517 10.49449 -3.86591 2.21818 15.18198 -5.73104 5.62718 10.01437 -5.55756 5.32868 2.59303 -2.18300 5.19881 -0.39747 10.80136 -12.83063 -23.49314 15.08930 -6.63198 -5.30277 8.92477 -0.00000 0.00000 0.00000 -29.11654 -6.25314 -58.60572 17.52621 -4.96858 -31.43919 0.00000 5.87349 -0.00000 32.14147 -33.86182 -41.56705 -7.12502 -0.00000 0.00000 7.15304 -16.66349 -21.36330 -0.00000 0.00000 0.00000 59.38985 -1.84650 13.75207 -15.84930 -4.00969 28.23162 -0.00000 -2.29307 -0.00000 -29.89795 19.59553 -30.25453 7.12502 -0.00000 -0.00000 -7.86372 2.90473 -65.14831
-1.37426 0.74131 0.24221 -1.08318 -22.42942 -183.09845 -0.00000 0.00000 -0.00000 216.50742 -85.45289 242.27647 -79.79393 69.69127 100.42929 -4.55954 -9.80836 -22.21553 -1.88747 -23.44053 -9.07979 -0.00000 0.00000 -0.00000 -311.99161 -53.30201 -310.82665 114.68554 61.24557 -138.44731 0.89965 -8.82030 7.18876 1.17324 18.75031 -7.09723 2.67652 15.28539 -7.42119 3.98660 10.61856 -7.77060 3.41968 3.09693 -3.20829 7.62995 1.14743 12.36252 -11.85697 -22.93419 17.25036 -6.97487 -4.97262 9.56034 0.00000 0.00000 0.00000 -24.16120 -2.13209 -57.15155 19.67577 -6.38760 -35.67426 0.00000 3.82680 -0.00000 31.58359 -31.34927 -40.23800 -7.12502 -0.00000 0.00000 6.99394 -14.61376 -19.06951 0.00000 0.00000 0.00000 63.03184 -0.83327 12.22928 -16.78106 -4.52727 30.00461 -0.00000 -1.12486 -0.00000 -30.79705 21.28368 -31.34082 7.12502 -0.00000 -0.00000 -9.20263 3.69922 -66.71418
-1.37777 0.76262 0.22076 -2.62503 -21.72309 -188.66148 -0.00000 0.00000 -0.00000 391.09209 -86.95824 63.57662 -63.02163 69.84429 82.57132 -5.65607 -20.35036 -18.96252 -1.99386 -24.04104 -9.34405 -0.00000 0.00000 -0.00000 -311.26411 -44.95263 -311.60352 109.58471 63.65417 -132.69641 0.59146 -8.91182 5.36455 0.10319 5.68728 -2.07728 3.45083 13.95500 -7.43355 1.49779 10.97588 -7.91700 0.14382 3.67570 -3.17205 8.73705 1.23342 13.63492 -10.88367 -19.89311 18.74194 -6.56646 -3.89252 9.95197 0.00000 0.00000 0.00000 -23.23377 2.66328 -52.56351 20.83606 -7.25115 -38.03059 0.00000 3.51907 -0.00000 30.89879 -31.88396 -41.43167 -7.12502 -0.00000 0.00000 6.65932 -14.66938 -20.24857 0.00000 0.00000 0.00000 61.37589 3.79972 13.00981 -18.90307 -5.85154 34.13393 -0.00000 -5.95935 -0.00000 -31.42347 23.47404 -33.10332 7.12502 -0.00000 -0.00000 -10.50313 4.73949 -69.02113
-1.38997 0.77386 0.20435 -3.84087 -21.36130 -195.80532 -0.00000 0.00000 -0.00000 343.96575 -85.44653 12.54837 -58.22816 69.55133 77.46077 -2.27782 -22.88993 -10.07594 -0.32640 -10.06655 -3.70468 -0.00000 0.00000 -0.00000 -312.00865 -46.86464 -320.69295 108.32570 64.15277 -131.29451 0.69525 -7.80372 6.29779 0.27045 -9.17417 3.36990 3.61439 12.98427 -6.43981 0.15527 11.10939 -6.73733 -1.54800 4.13622 -2.55286 8.77490 1.59179 14.70940 -11.35254 -17.81039 19.87852 -6.53654 -3.13509 10.44230 -0.00000 0.00000 0.00000 -26.62450 6.04060 -45.58976 20.88085 -7.28597 -38.12270 0.00000 4.96415 -0.00000 31.53198 -30.47259 -39.57437 -7.12502 -0.00000 0.00000 6.98066 -13.97887 -18.12085 -0.00000 0.00000 0.00000 53.82677 7.83141 18.26739 -22.02491 -8.21434 40.50661 -0.00000 -6.18431 -0.00000 -31.41784 23.64301 -33.28666 7.12502 -0.00000 -0.00000 -10.56232 4.81573 -69.23860
-1.40492 0.78296 0.19019 -7.64161 -20.38464 -206.83675 -0.00000 0.00000 -0.00000 306.12922 -84.54254 -31.91878 -61.60357 69.77389 81.06043 0.21455 -18.84910 -2.64355 -0.12757 -6.32003 -2.31030 -0.00000 0.00000 -0.00000 -312.42180 -50.93013 -329.10128 110.28472 63.36209 -133.47854 0.71149 -3.23545 9.60018 0.00510 -1.26652 0.46106 0.91540 12.42456 -3.93480 -2.28819 11.10009 -3.67597 -2.74493 4.56242 -1.12488 7.26806 2.49391 15.33939 -11.19384 -18.32228 20.64687 -6.47191 -3.47475 10.89427 -0.00000 0.00000 0.00000 -31.55360 6.97713 -36.80389 20.05507 -6.66197 -36.43856 0.00000 6.12899 -0.00000 32.78316 -28.07811 -36.15994 -7.12502 -0.00000 0.00000 7.60346 -12.97735 -14.27126 -0.00000 0.00000 0.00000 44.39693 9.98499 26.48921 -25.66554 -11.74652 48.60605 -0.00000 -4.97355 -0.00000 -30.48613 22.31100 -32.81583 7.12502 -0.00000 -0.00000 -9.35822 4.08281 -68.36569
-1.41930 0.79425 0.17013 -11.36459 -17.25517 -219.90044 -0.00000 0.00000 -0.00000 308.36428 -81.35006 -38.63396 -65.04577 69.92178 84.72694 -0.02096 -12.42040 -2.30187 -1.18226 -18.81876 -7.12524 -0.00000 0.00000 -0.00000 -314.54827 -52.57588 -339.90489 110.39857 63.31354 -133.60593 0.30880 -0.25864 9.75803 0.06046 4.35709 -1.58912 -2.34858 12.50838 -0.66592 -5.95260 10.99662 0.59360 -4.84704 4.70369 0.97855 6.05617 2.35125 15.98482 -11.42202 -18.03813 21.32111 -6.34859 -3.38820 11.28929 -0.00000 0.00000 -0.00000 -36.13205 6.13296 -26.88945 18.81954 -5.79538 -33.96868 0.00000 4.59487 -0.00000 35.57162 -25.67195 -31.20522 -7.12502 -0.00000 0.00000 9.12743 -12.84982 -9.15462 -0.00000 0.00000 -0.00000 35.61476 9.98734 35.38966 -28.94526 -15.94119 56.95759 -0.00000 -3.94674 -0.00000 -28.97953 20.16447 -31.89850 7.12502 -0.00000 -0.00000 -7.37758 2.96850 -66.79958
-1.42695 0.80341 0.14463 -14.46531 -14.00826 -230.55574 -0.00000 0.00000 -0.00000 314.10347 -75.78335 -41.99209 -65.58044 69.93779 85.29618 -1.01343 -8.10289 -8.13075 -2.16399 -24.96132 -9.75428 -0.00000 0.00000 -0.00000 -319.55817 -53.22331 -354.61433 106.04390 64.97613 -128.76793 -0.25647 3.25875 8.84733 0.21443 8.17868 -2.99855 -5.50707 11.26946 2.12221 -9.21316 10.50087 4.35502 -6.58791 5.26839 2.83817 4.80236 1.46047 16.59545 -11.52119 -17.40762 21.97175 -6.05129 -3.13916 11.65523 0.00000 0.00000 0.00000 -40.59312 3.30634 -17.34864 17.62503 -5.02898 -31.63063 0.00000 2.32827 -0.00000 35.78355 -21.96619 -27.42751 -7.12502 -0.00000 0.00000 9.17357 -10.79441 -4.22968 0.00000 0.00000 0.00000 27.40202 7.95944 44.27345 -31.09666 -19.52113 63.45395 -0.00000 -3.93011 -0.00000 -28.13489 18.22512 -30.32225 7.12502 -0.00000 -0.00000 -5.95109 2.13897 -64.69980
-1.43014 0.80294 0.11397 -17.13232 -12.11414 -239.84664 -0.00000 0.00000 -0.00000 318.28572 -70.75190 -44.21470 -63.87369 69.88017 83.47887 -2.18086 -10.47473 -12.66888 -2.84292 -28.23346 -11.27001 -0.00000 0.00000 -0.00000 -324.35023 -52.61943 -369.69329 96.05818 67.62165 -117.87057 -0.35073 3.88868 8.40860 0.03303 3.22232 -1.17415 -6.24248 8.65366 4.80517 -11.87558 9.09639 8.12249 -8.97011 5.88399 4.78186 3.60861 0.48903 16.86123 -11.58937 -16.45780 22.20639 -5.68287 -2.84724 11.79006 0.00000 0.00000 0.00000 -44.08855 0.56559 -8.62498 16.60665 -4.42753 -29.67104 0.00000 2.52583 -0.00000 35.06103 -19.11831 -25.01790 -7.12502 -0.00000 0.00000 8.55934 -8.91100 -0.82353 0.00000 0.00000 0.00000 19.56436 4.92050 50.94317 -32.21030 -21.80032 67.40327 -0.00000 -4.39884 -0.00000 -26.33318 15.75710 -28.75178 7.12502 -0.00000 -0.00000 -3.53068 1.10615 -62.37391
-1.42651 0.79460 0.08457 -19.36628 -10.84964 -247.64819 -0.00000 0.00000 -0.00000 323.18416 -66.70404 -40.84916 -61.54719 69.77081 81.00034 -3.20157 -19.58622 -12.90888 -3.49968 -30.93579 -12.59985 -0.00000 0.00000 -0.00000 -328.15850 -49.54123 -383.78800 75.58808 69.90039 -95.94797 0.65747 -1.10651 12.50094 0.28324 -9.38612 3.44924 -5.80439 5.28057 6.89841 -13.74293 7.38478 11.19676 -10.99287 6.78532 6.40831 2.38610 -1.39838 17.46657 -11.73276 -15.10131 22.96020 -5.20059 -2.27923 12.15116 0.00000 0.00000 -0.00000 -46.90595 -3.14920 0.51041 15.95342 -4.06569 -28.42867 0.00000 4.57090 -0.00000 33.55199 -17.50436 -24.39581 -7.12502 -0.00000 0.00000 7.41454 -7.35040 0.48807 0.00000 0.00000 -0.00000 11.52332 1.48748 57.19646 -32.65825 -22.84105 69.17352 -0.00000 -5.95381 -0.00000 -24.01802 13.67410 -27.94648 7.12502 -0.00000 -0.00000 -0.80900 0.22963 -60.84538
-1.41873 0.78132 0.05998 -20.89000 -10.09486 -251.80026 -0.00000 0.00000 -0.00000 323.21261 -63.46238 -39.68284 -61.38809 69.76202 80.83078 -1.43795 -30.40743 -8.46188 -4.29677 -33.77477 -14.08876 -0.00000 0.00000 -0.00000 -332.26378 -45.68713 -399.02381 43.57109 67.54625 -61.72839 0.74384 -4.55094 8.51374 0.00327 1.01517 -0.36953 -3.94284 2.66817 7.56327 -14.87835 5.66014 12.22864 -13.21506 7.20379 7.09150 1.79245 -2.88661 18.48140 -11.48567 -14.33058 24.35345 -4.82551 -1.86745 12.79171 -0.00000 0.00000 -0.00000 -49.49017 -7.78997 10.57401 16.64281 -4.44810 -29.74012 0.00000 2.86862 -0.00000 33.13633 -16.09993 -23.01622 -7.12502 -0.00000 0.00000 6.99150 -6.49166 2.32646 -0.00000 0.00000 -0.00000 6.08751 -1.23865 63.12731 -32.69764 -22.93686 69.33565 -0.00000 -6.32260 -0.00000 -23.80944 12.07923 -25.37282 7.12502 -0.00000 -0.00000 0.02526 -0.00579 -57.90800
-1.41077 0.77281 0.04305 -21.54373 -9.09521 -252.35868 -0.00000 0.00000 -0.00000 320.82567 -61.07228 -40.72858 -61.56383 69.77172 81.01808 -0.74635 -35.19859 -7.76676 -4.63942 -34.87748 -14.69636 -0.00000 0.00000 -0.00000 -335.28608 -41.94130 -411.36319 24.13229 60.58155 -40.19996 0.11675 -8.78879 2.35338 0.56830 13.21515 -4.90305 -3.17653 0.99302 8.03114 -15.23233 4.38002 12.86451 -13.97050 7.13864 7.44452 1.87103 -2.72670 18.74231 -10.45725 -13.69412 24.76079 -4.49373 -1.81122 12.90386 -0.00000 0.00000 0.00000 -52.83846 -12.16465 18.70635 19.19037 -6.04734 -34.70413 0.00000 -0.88422 0.00000 34.70446 -15.86228 -21.53753 -7.12502 -0.00000 0.00000 8.08251 -7.16999 3.68744 -0.00000 0.00000 0.00000 4.84939 0.44589 64.77495 -32.96830 -23.61660 70.48236 -0.00000 -3.99992 -0.00000 -22.87603 10.47320 -23.30762 7.12502 -0.00000 -0.00000 1.44692 -0.26571 -55.40364
-1.40934 0.77644 0.02880 -21.39651 -6.98037 -252.43896 -0.00000 0.00000 -0.00000 319.38133 -58.99109 -39.63032 -59.31723 69.63176 78.62276 -2.50911 -33.94720 -10.84467 -3.95745 -32.61689 -13.46904 -0.00000 0.00000 -0.00000 -333.36962 -40.17593 -406.91222 22.18086 59.37893 -37.94638 -0.03358 -6.92543 0.92413 0.27225 9.20425 -3.38116 -4.26382 0.31735 9.10015 -14.80537 3.78839 14.18785 -12.63470 6.75197 7.94537 1.81309 -1.25439 18.06798 -10.48904 -13.10774 23.82927 -4.56152 -1.90614 12.42248 0.00000 0.00000 -0.00000 -59.02816 -13.88476 23.32978 22.86655 -8.94818 -42.30296 0.00000 -5.17780 0.00000 37.75395 -17.62440 -21.35474 -7.12502 -0.00000 0.00000 10.37066 -9.50203 2.94747 0.00000 0.00000 -0.00000 5.70836 8.08939 61.79537 -33.82884 -26.10210 74.63484 -0.00000 -2.73362 -0.00000 -22.03189 9.47157 -22.12883 7.12502 -0.00000 -0.00000 2.55402 -0.40168 -53.93205
-1.41250 0.78839 0.01671 -20.43374 -5.24472 -250.10923 -0.00000 0.00000 -0.00000 318.93442 -57.01127 -36.27351 -53.09450 69.05523 71.97352 -5.07139 -29.88901 -15.69682 -2.92641 -28.59903 -11.44546 -0.00000 0.00000 -0.00000 -330.76157 -41.46717 -394.94759 31.88094 64.23147 -48.93503 0.08235 -0.52611 4.18333 0.01960 2.48281 -0.90427 -4.28481 1.28879 9.17577 -13.86680 4.00757 14.02048 -11.67103 6.13210 7.76413 0.66784 -0.21840 17.42693 -10.76448 -12.08819 22.90052 -4.45109 -1.92852 11.97798 0.00000 0.00000 -0.00000 -66.62219 -11.35603 24.08753 25.71331 -11.79968 -48.71893 0.00000 -8.33811 0.00000 39.42850 -19.48812 -22.08404 -7.12502 -0.00000 0.00000 11.59061 -11.27446 1.37144 0.00000 0.00000 -0.00000 9.46270 20.54970 55.65824 -34.59975 -29.08807 79.58623 -0.00000 -4.18307 -0.00000 -22.27150 7.97557 -18.71584 7.12502 -0.00000 -0.00000 2.86333 -0.26294 -50.24243
-1.41331 0.80912 0.01208 -18.71063 -3.87284 -242.71336 -0.00000 0.00000 -0.00000 320.42957 -54.19793 -29.35144 -41.24296 67.03700 59.20472 -8.00143 -21.17002 -23.94496 -1.05875 -17.85403 -6.73265 -0.00000 0.00000 -0.00000 -333.38308 -45.72231 -388.58630 60.93332 69.73592 -80.34604 -0.16012 2.59754 8.08557 0.00179 0.75139 -0.27350 -3.38946 3.65015 7.39323 -12.77248 5.15588 11.43298 -11.32753 5.50381 6.47983 -0.75466 -0.83773 16.69724 -9.46740 -9.53721 22.01931 -3.84621 -1.66868 11.40800 0.00000 0.00000 -0.00000 -72.49171 -3.21322 21.89335 27.91590 -14.49206 -54.18425 0.00000 -12.61890 0.00000 38.83997 -20.68520 -23.68737 -7.12502 -0.00000 0.00000 11.17875 -11.62396 -0.55523 0.00000 0.00000 -0.00000 19.48328 34.96618 44.03277 -34.95816 -31.10642 82.94430 -0.00000 -4.71658 -0.00000 -21.93197 6.26107 -15.15527 7.12502 -0.00000 -0.00000 3.66841 -0.08434 -46.31530
-1.41000 0.83740 0.01377 -17.17789 -3.85009 -232.93435 -0.00000 0.00000 -0.00000 324.60496 -51.67584 -20.32243 -28.71977 62.92724 45.40562 -5.72460 -5.01588 -31.94403 -0.06561 4.53837 1.65552 -0.00000 0.00000 -0.00000 -337.33045 -51.56176 -383.04927 104.12712 65.59587 -126.65795 0.42750 1.08135 15.52491 1.88238 -23.41130 9.06700 -1.01324 5.07106 4.50591 -11.32085 6.66165 7.55992 -11.27058 5.67503 4.62344 -2.58718 -1.12600 16.11320 -8.42405 -8.88421 21.28851 -3.09966 -1.78506 11.04063 -0.00000 0.00000 0.00000 -73.82916 8.00410 17.02663 29.76548 -17.20573 -59.30295 0.00000 -14.38320 0.00000 36.43992 -21.56162 -26.46140 -7.12502 -0.00000 0.00000 9.58409 -10.90227 -3.24277 -0.00000 0.00000 0.00000 38.66933 45.68633 24.80926 -35.07177 -31.98005 84.40736 -0.00000 -5.40215 -0.00000 -23.23881 5.53326 -12.65598 7.12502 -0.00000 -0.00000 2.61878 0.05676 -43.75930
-1.40295 0.86731 0.02035 -15.40572 -4.49600 -222.38953 -0.00000 0.00000 -0.00000 328.90521 -48.06725 -12.82935 -18.83105 56.94362 34.00460 4.61660 13.03535 -34.67798 -1.98045 23.96649 9.31110 -0.00000 0.00000 -0.00000 -338.17637 -56.81383 -373.28306 124.88058 53.52118 -150.51090 0.22906 3.18439 21.37127 4.04008 -32.90530 13.62173 2.35779 6.04432 0.81647 -9.95311 7.81530 2.65261 -11.99721 5.47340 2.31681 -2.81699 0.09298 16.15822 -8.30546 -9.25068 21.24624 -3.22628 -2.11821 11.04204 0.00000 0.00000 -0.00000 -68.55373 18.34235 10.75255 31.42850 -20.16155 -64.57533 0.00000 -11.53900 0.00000 33.73852 -22.93380 -30.26063 -7.12502 -0.00000 0.00000 7.95006 -10.29937 -7.00697 0.00000 0.00000 -0.00000 62.05378 48.94727 4.92466 -34.97710 -31.23944 83.16659 -0.00000 -5.08139 -0.00000 -26.13875 6.17776 -12.36866 7.12502 -0.00000 -0.00000 -0.23541 -0.00500 -43.78401
-1.39313 0.89757 0.03093 -13.37885 -3.01840 -213.20471 -0.00000 0.00000 -0.00000 331.19668 -40.72668 -7.43048 -11.38185 48.94392 24.70038 12.33189 23.81945 -33.02053 -3.29527 30.13494 12.19754 -0.00000 0.00000 -0.00000 -336.62567 -58.40592 -358.03151 132.31803 42.58972 -160.45377 -5.59487 16.42491 23.80079 0.86378 -16.19190 6.06677 4.61756 8.64106 -3.16408 -8.99943 9.02124 -2.47071 -12.37338 4.11160 -0.12722 -1.43079 1.03407 16.56468 -9.49039 -8.73892 21.70827 -3.86703 -1.78396 11.24342 0.00000 0.00000 0.00000 -57.56981 25.47026 2.71723 32.72709 -23.00898 -69.45761 0.00000 -8.49393 0.00000 33.19680 -25.25990 -33.11174 -7.12502 -0.00000 0.00000 7.74990 -11.40119 -10.45431 0.00000 0.00000 0.00000 77.89157 48.20154 -5.75093 -34.91529 -30.81927 82.46492 -0.00000 -3.58746 -0.00000 -23.98381 5.06069 -11.21490 7.12502 -0.00000 -0.00000 2.01051 0.09617 -42.26269
-1.38035 0.93053 0.04060 -10.92570 -1.67214 -205.98109 -0.00000 0.00000 -0.00000 332.37396 -30.75815 -6.67842 -5.92481 38.52722 16.84583 14.31795 27.72421 -30.55580 -2.88521 28.41950 11.35913 -0.00000 0.00000 -0.00000 -330.64464 -56.71977 -337.38653 134.58786 37.15404 -163.98980 -16.47528 37.82207 22.07181 0.69713 14.59705 -5.43907 5.19822 10.41473 -5.97162 -6.89275 10.35333 -6.04172 -10.23669 3.87286 -1.86941 -0.25900 2.81996 16.69080 -11.14045 -9.23865 21.73793 -4.38545 -1.68881 11.33699 -0.00000 0.00000 0.00000 -43.26115 28.79976 -9.66952 33.38024 -24.73457 -72.35668 0.00000 -6.36098 0.00000 32.44610 -26.60006 -35.15718 -7.12502 -0.00000 0.00000 7.38836 -11.85768 -12.74567 -0.00000 0.00000 0.00000 81.66803 48.84002 -5.89661 -35.08819 -32.12538 84.65153 -0.00000 -2.83573 -0.00000 -24.61691 4.25286 -9.19356 7.12502 -0.00000 -0.00000 1.54553 0.13259 -40.09779
-1.37113 0.96348 0.04757 -9.00967 -1.89084 -205.96799 -0.00000 0.00000 -0.00000 334.34161 -21.05438 -10.08159 -2.53081 26.80033 10.59451 10.66756 24.68304 -25.98986 -1.27868 19.53249 7.41880 -0.00000 0.00000 -0.00000 -313.17215 -50.87040 -305.04313 134.61674 37.07364 -164.03767 -15.71619 42.32389 17.05605 1.67625 22.18394 -8.53505 4.61552 11.07535 -5.77312 -5.36980 10.53005 -5.86462 -8.15961 3.92856 -1.88540 0.06141 4.74950 16.72120 -10.93289 -9.14106 21.68729 -4.56392 -1.90726 11.30985 -0.00000 0.00000 0.00000 -27.79168 26.91787 -23.63635 33.34318 -24.62927 -72.18067 0.00000 -2.13802 0.00000 29.78108 -27.67578 -39.06374 -7.12502 -0.00000 0.00000 6.06783 -11.22907 -16.37054 -0.00000 0.00000 0.00000 73.59575 53.67743 6.03334 -35.21560 -33.62544 87.18751 -0.00000 -1.78645 -0.00000 -27.10424 4.92146 -9.51534 7.12502 -0.00000 -0.00000 -0.91404 -0.06904 -40.68055
-1.36889 0.99077 0.05358 -8.70624 -4.37895 -210.75357 -0.00000 0.00000 -0.00000 336.38669 -15.74593 -16.38363 -1.16056 18.65361 7.05770 4.73554 17.74043 -16.09050 -0.04302 3.67697 1.34027 -0.00000 0.00000 -0.00000 -299.24314 -46.37054 -277.91845 133.08579 40.92347 -161.60647 -5.10688 25.67205 8.64424 1.19474 18.91302 -7.16385 3.53867 9.58919 -3.37636 -4.42525 9.74811 -3.08713 -6.61722 4.43191 -0.72310 1.14316 5.01490 16.32945 -11.53426 -7.05739 21.29803 -4.64743 -1.22333 11.03465 0.00000 0.00000 -0.00000 -15.52726 20.86684 -36.57893 32.72563 -23.00538 -69.45151 0.00000 3.73245 -0.00000 26.67242 -29.89651 -44.77617 -7.12502 -0.00000 0.00000 4.75844 -11.26847 -21.92629 0.00000 0.00000 -0.00000 52.38167 54.87215 30.17305 -35.25519 -34.55633 88.77877 -0.00000 1.76599 0.00000 -26.35492 5.15831 -10.28590 7.12502 -0.00000 -0.00000 -0.24532 -0.01512 -41.47403
-1.36818 1.01225 0.06116 -6.60647 -5.93100 -209.51961 -0.00000 0.00000 -0.00000 339.22689 -12.91165 -15.24565 -0.53236 12.80015 4.74338 3.18427 17.74855 -9.10453 -0.64875 -14.09575 -5.24382 -0.00000 0.00000 -0.00000 -294.79630 -49.56446 -272.05834 129.75441 47.23402 -156.82627 -0.10682 5.72395 0.17045 3.32543 30.25525 -12.25751 3.74204 9.59942 -2.85109 -2.03164 10.00216 -2.47333 -4.19696 4.85288 -0.49287 2.38019 4.43012 15.39032 -12.37436 -5.07444 20.26479 -4.74953 -0.48109 10.44287 0.00000 0.00000 -0.00000 -8.29039 12.63014 -48.00165 31.45376 -20.21151 -64.66239 0.00000 8.11022 -0.00000 24.15799 -31.52602 -49.37667 -7.12502 -0.00000 0.00000 3.81191 -11.33474 -26.27298 0.00000 0.00000 -0.00000 30.73917 47.72166 53.20044 -35.26268 -34.95978 89.47338 -0.00000 3.06677 0.00000 -25.37767 5.56538 -11.55479 7.12502 -0.00000 -0.00000 0.60208 0.02326 -42.78812
-1.36589 1.02229 0.07033 -4.67048 -6.76479 -205.25472 -0.00000 0.00000 -0.00000 340.41611 -16.84180 -6.46183 -0.77397 15.35570 5.73637 3.16447 16.64015 -10.25169 -3.63970 -31.46576 -12.87014 -0.00000 0.00000 -0.00000 -297.43380 -54.88314 -276.99206 121.76823 56.44922 -146.71242 0.02852 -0.24914 2.58531 5.15578 36.42832 -15.58215 2.94769 9.28880 -2.99044 0.69790 10.21241 -2.74565 -0.91908 5.37914 -0.74463 4.45557 5.26090 13.99655 -14.11454 -4.58156 18.59107 -5.55656 -0.25598 9.64431 -0.00000 0.00000 -0.00000 -4.81426 4.85227 -58.50065 29.21551 -16.34612 -57.71557 0.00000 10.05590 -0.00000 22.96230 -31.36785 -50.85531 -7.12502 -0.00000 0.00000 3.37018 -10.69003 -27.38710 -0.00000 0.00000 -0.00000 17.63044 36.75675 66.64350 -35.25364 -34.49885 88.68005 -0.00000 2.54160 0.00000 -27.07415 6.59394 -12.66137 7.12502 -0.00000 -0.00000 -1.19890 -0.01617 -44.22717
-1.36489 1.02221 0.07644 -3.69687 -6.51426 -201.63031 -0.00000 0.00000 -0.00000 340.99388 -21.55000 -0.27881 -2.06309 24.42121 9.51273 0.72399 5.88729 -9.75870 -4.47999 -34.37224 -14.41578 -0.00000 0.00000 -0.00000 -307.67486 -58.77985 -288.75181 100.99130 66.48584 -123.22673 -0.80203 8.37459 5.26324 3.10952 29.37694 -11.82328 2.30234 8.87000 -2.91882 2.32530 9.99380 -2.72687 1.13109 5.48868 -0.83011 6.93431 6.25751 12.51063 -15.52136 -3.59263 16.90973 -6.32547 0.02041 8.81797 -0.00000 0.00000 -0.00000 -3.91524 -1.46573 -69.32470 25.49385 -11.55709 -48.20199 0.00000 11.96770 -0.00000 22.09234 -31.92124 -52.48802 -7.12502 -0.00000 0.00000 3.08048 -10.75087 -28.90717 -0.00000 0.00000 -0.00000 10.76777 25.34139 74.07250 -35.06259 -31.90143 84.27539 -0.00000 1.26090 0.00000 -29.35571 7.42908 -12.94644 7.12502 -0.00000 -0.00000 -3.51042 -0.00943 -44.84629
-1.36066 1.01211 0.07908 -3.17800 -5.28961 -199.16327 -0.00000 0.00000 -0.00000 342.49881 -23.42947 5.26597 -3.96463 32.64211 13.48235 -0.15774 -4.94365 -2.70439 -2.85106 -28.26940 -11.28720 -0.00000 0.00000 -0.00000 -322.98854 -58.83760 -305.71729 59.23494 69.62598 -78.53498 -1.70064 18.57872 2.63479 1.97552 23.93895 -9.29894 1.31304 8.33090 -2.78111 3.11570 9.73453 -2.64230 2.49832 5.59970 -0.88568 8.64435 6.69634 11.33796 -15.91766 -2.02282 15.66031 -6.60502 0.39217 8.15991 -0.00000 0.00000 -0.00000 -5.82882 -5.23259 -78.66598 20.82950 -7.24607 -38.01713 0.00000 15.43240 -0.00000 21.98102 -30.47111 -51.48116 -7.12502 -0.00000 0.00000 2.99156 -9.56704 -27.54490 -0.00000 0.00000 -0.00000 7.10803 15.85378 80.24573 -34.13902 -27.17619 76.41727 -0.00000 -1.15406 -0.00000 -32.28517 7.79750 -12.11939 7.12502 -0.00000 -0.00000 -6.32394 -0.08096 -44.26947
-1.35300 0.99092 0.07744 -2.98329 -3.62208 -196.38665 -0.00000 0.00000 -0.00000 344.69870 -23.16633 10.29286 -6.16986 39.14993 17.23656 0.90746 -10.89140 3.63359 -2.02380 -24.20644 -9.41730 -0.00000 0.00000 -0.00000 -339.75059 -55.53044 -325.10016 25.36907 61.27516 -41.61497 0.34215 20.87655 -4.73358 1.64469 21.98812 -8.45113 1.19842 7.08838 -2.99009 2.82203 9.30348 -3.05653 2.18014 5.82784 -1.12484 9.86742 6.95533 10.48371 -15.14342 0.05747 14.83681 -6.41427 0.84566 7.68753 -0.00000 0.00000 -0.00000 -6.74028 -5.68300 -85.36118 16.76768 -4.51957 -29.97899 0.00000 17.47110 -0.00000 23.28027 -27.10934 -46.64416 -7.12502 -0.00000 0.00000 3.18885 -7.65374 -22.29984 -0.00000 0.00000 -0.00000 8.09480 9.95992 86.21448 -31.83776 -20.99447 66.01954 -0.00000 -1.16927 -0.00000 -29.65635 4.76006 -8.29207 7.12502 -0.00000 -0.00000 -3.30377 -0.31753 -39.51616
-1.34144 0.95857 0.07167 -3.06165 -2.06962 -193.68050 -0.00000 0.00000 -0.00000 347.24563 -20.95440 13.53418 -7.86160 42.95842 19.81074 0.62125 -13.60366 0.49542 -1.30071 -19.69117 -7.48444 -0.00000 0.00000 -0.00000 -352.36578 -50.00633 -341.36694 11.27759 48.79435 -24.56197 2.20836 15.33120 -10.88004 2.08748 24.55326 -9.57158 1.97721 4.58377 -3.18017 1.05451 9.01087 -3.46772 -0.27926 6.76426 -1.26181 11.22188 5.34193 10.06507 -12.61993 2.84724 14.42319 -5.53609 1.72488 7.36510 0.00000 0.00000 -0.00000 -0.06919 -4.12281 -87.91667 14.72529 -3.43382 -26.12055 0.00000 18.40430 -0.00000 29.15105 -26.35238 -38.51433 -7.12502 -0.00000 0.00000 5.67716 -10.04485 -15.31887 0.00000 0.00000 -0.00000 13.28178 6.77275 91.64811 -28.30761 -15.02709 55.21992 -0.00000 2.43276 0.00000 -23.97860 2.28028 -5.11178 7.12502 -0.00000 -0.00000 2.36723 0.39339 -35.57013
-1.32751 0.91622 0.06299 -3.17998 -0.83482 -192.16701 -0.00000 0.00000 -0.00000 349.99752 -17.74367 15.79981 -7.88399 43.00386 19.84359 -2.59556 -17.08981 -11.70459 -1.81598 -23.02528 -8.89857 -0.00000 0.00000 -0.00000 -358.45896 -44.29270 -348.70909 6.22173 39.27914 -17.31861 2.42835 7.56155 -15.92444 3.82884 32.15919 -13.22893 2.42785 1.93900 -2.15508 -0.94101 8.02200 -2.28618 -2.61346 7.13374 -0.66887 12.44549 4.80949 9.03605 -10.49430 5.00499 13.20676 -4.93966 2.20979 6.79202 0.00000 0.00000 -0.00000 12.09712 -0.45495 -89.68940 15.21141 -3.67652 -27.03005 0.00000 18.31680 -0.00000 38.69396 -26.06100 -28.74429 -7.12502 -0.00000 0.00000 11.00033 -14.64912 -7.45295 0.00000 0.00000 -0.00000 16.42830 4.51636 93.58912 -24.19658 -10.20442 45.22786 -0.00000 4.14950 0.00000 -20.55921 1.66741 -4.43616 7.12502 -0.00000 -0.00000 5.64466 1.03003 -34.69178
-1.31025 0.87989 0.05790 -4.18290 0.08040 -191.32141 -0.00000 0.00000 -0.00000 351.61711 -15.77984 16.52988 -8.37464 43.97139 20.55650 -7.27864 -22.15674 -21.97306 -2.92558 -28.59544 -11.44373 -0.00000 0.00000 -0.00000 -360.88534 -38.49339 -347.76849 4.64087 34.88203 -14.69890 1.24336 2.91099 -14.55733 2.05443 24.37413 -9.49178 0.75158 0.82405 -0.57155 -2.70295 6.37794 -0.21703 -3.27083 6.14320 0.20247 12.27660 5.32686 8.10325 -8.77866 6.24521 12.13903 -4.38763 2.25396 6.34572 -0.00000 0.00000 -0.00000 15.29324 3.87855 -94.31579 16.27042 -4.23900 -29.03021 0.00000 13.74290 -0.00000 24.47386 -22.00234 -39.45702 -7.12502 -0.00000 0.00000 2.90146 -4.88856 -14.25792 -0.00000 0.00000 -0.00000 17.34912 4.11787 93.68148 -21.57096 -7.83676 39.55318 -0.00000 6.37462 0.00000 -15.75264 2.12170 -7.47720 7.12502 -0.00000 -0.00000 10.21876 1.33832 -37.61767
-1.28731 0.85933 0.05918 -5.03353 -0.41384 -188.99829 -0.00000 0.00000 -0.00000 351.69921 -17.02600 14.06368 -9.50356 46.01351 22.15293 -8.03918 -27.90910 -21.71262 -3.38176 -30.47788 -12.36893 -0.00000 0.00000 -0.00000 -361.78569 -37.47978 -350.56940 4.80904 35.40086 -14.99107 -0.33807 -4.22370 -5.90210 0.02672 2.89893 -1.05608 -1.64593 1.59981 0.67865 -3.93188 5.28687 1.52582 -3.04166 4.63631 0.97527 10.34785 3.88872 7.86341 -6.50102 6.39264 11.47883 -3.69455 2.44787 5.99938 0.00000 0.00000 0.00000 15.97222 9.04176 -98.76065 17.95213 -5.23215 -32.26641 0.00000 11.80220 -0.00000 16.31137 -15.44513 -42.30399 -7.12502 -0.00000 0.00000 -2.07874 3.53649 -14.52622 0.00000 0.00000 0.00000 16.78584 5.83058 90.12766 -23.39810 -9.43546 43.45839 -0.00000 7.55584 0.00000 -7.48562 1.38998 -10.45967 7.12502 -0.00000 -0.00000 18.20864 1.65663 -39.97750
-1.25935 0.86484 0.06282 -3.09080 -2.87130 -185.98318 -0.00000 0.00000 -0.00000 352.75736 -17.62761 7.21974 -8.62045 44.43692 20.90906 -5.24603 -30.20189 -16.00522 -4.87163 -35.59044 -15.09886 -0.00000 0.00000 -0.00000 -356.55462 -39.33499 -348.20349 5.80403 38.21255 -16.65125 -1.69590 -10.31300 -10.60262 0.22289 8.33706 -3.05749 -0.82430 1.94127 1.42916 -5.26610 5.44875 2.72839 -4.83370 4.77863 1.71208 9.60742 3.65015 8.32858 -5.97597 3.80409 11.38712 -3.50728 1.56561 5.74327 -0.00000 0.00000 -0.00000 15.65156 17.39521 -99.91517 20.87221 -7.27924 -38.10491 0.00000 12.38060 -0.00000 14.68635 -12.74529 -40.08934 -7.12502 -0.00000 0.00000 -3.81909 5.82793 -11.67853 -0.00000 0.00000 -0.00000 17.34452 10.93451 84.95426 -28.03907 -14.65823 54.50746 -0.00000 6.50300 0.00000 -1.93832 0.44716 -12.98564 7.12502 -0.00000 -0.00000 23.64558 1.38351 -41.84362
-1.22002 0.88548 0.06316 -0.08171 -5.79697 -179.80904 -0.00000 0.00000 -0.00000 354.99042 -16.73113 -1.20428 -6.13475 39.06196 17.18090 -2.32995 -27.04374 -10.15157 -6.03407 -38.80742 -17.02070 -0.00000 0.00000 -0.00000 -350.97904 -42.63450 -348.57177 7.58540 42.38835 -19.40326 -3.14446 -13.42777 -15.50239 2.13066 24.78469 -9.67503 -1.58458 2.60737 2.31233 -6.38798 5.87021 2.52574 -5.64675 4.85121 1.01650 9.78206 4.78610 8.20684 -4.92273 1.18622 11.31056 -3.40855 0.47705 5.68800 -0.00000 0.00000 -0.00000 15.90720 30.12691 -97.91552 23.91579 -9.92878 -44.60075 0.00000 11.15820 -0.00000 13.13964 -10.87960 -38.95737 -7.12502 -0.00000 0.00000 -5.27151 7.59630 -10.08629 -0.00000 0.00000 -0.00000 17.92259 20.81566 79.75077 -31.89296 -21.11083 66.22011 -0.00000 4.09683 0.00000 -3.92730 1.09758 -15.59017 7.12502 -0.00000 -0.00000 21.67854 0.20909 -44.47403
-1.16972 0.91597 0.05658 4.71921 -9.42471 -167.64505 -0.00000 0.00000 -0.00000 358.46735 -19.24116 -11.04474 -4.13409 33.22829 13.79403 -0.36930 -18.86089 -4.55728 -6.40017 -39.71694 -17.59915 -0.00000 0.00000 -0.00000 -346.35940 -45.46870 -351.03099 8.99220 45.11821 -21.43683 -1.94136 -10.27808 -13.17068 2.33195 25.82626 -10.14593 -3.14299 4.14047 1.99069 -7.38906 5.95429 1.89518 -5.91726 4.00509 0.61487 10.84843 3.66167 6.75126 -0.89774 0.42637 9.18768 -2.22909 0.09374 4.50626 -0.00000 0.00000 -0.00000 20.31906 41.61091 -97.55479 25.23280 -11.27393 -47.59262 0.00000 6.85511 -0.00000 8.94090 -6.62729 -36.26259 -7.12502 -0.00000 0.00000 -9.24142 11.75383 -6.38468 -0.00000 0.00000 -0.00000 24.04576 34.78392 71.50373 -33.83630 -26.12650 74.67538 -0.00000 4.25678 0.00000 -6.23838 1.43238 -12.88064 7.12502 -0.00000 -0.00000 19.42314 0.99644 -42.17654
-1.12144 0.94055 0.04606 12.15016 -12.26462 -151.01644 -0.00000 0.00000 -0.00000 358.99472 -29.59057 -20.92211 -4.67812 34.99817 14.76395 1.19109 -13.29524 3.55766 -5.19955 -36.55421 -15.65576 -0.00000 0.00000 -0.00000 -340.74376 -48.05103 -351.40258 9.25062 45.57650 -21.80009 -0.07640 -4.74976 -0.18074 1.25827 19.38404 -7.35751 -1.90817 5.35346 1.08002 -6.49239 6.46656 0.80442 -5.71683 3.77660 0.18027 9.11824 1.44692 4.11238 2.99559 -1.47853 5.44930 -0.65053 -0.52587 2.51929 0.00000 0.00000 0.00000 23.31336 47.98952 -97.06132 25.58602 -11.65847 -48.41857 0.00000 1.95985 -0.00000 4.16844 -2.60623 -31.96044 -7.12502 -0.00000 0.00000 -14.27325 15.39463 -1.21944 0.00000 0.00000 0.00000 35.83849 48.88446 59.62140 -34.53660 -28.79438 79.09916 -0.00000 4.78492 0.00000 -4.76668 0.64118 -7.64336 7.12502 -0.00000 -0.00000 20.76851 3.01327 -37.10831
-1.07689 0.95148 0.03385 17.78427 -13.61102 -135.02724 -0.00000 0.00000 -0.00000 352.50667 -45.04233 -20.42675 -9.25496 45.58409 21.80616 1.46620 -12.69731 5.59049 -2.65288 -27.37395 -10.86260 -0.00000 0.00000 -0.00000 -334.97955 -48.24589 -344.69950 8.71856 44.61933 -21.04896 0.53534 -2.61749 8.57549 2.17421 25.01513 -9.77846 -0.95632 5.98686 0.47976 -4.45846 6.71626 0.19393 -4.11279 3.61221 -0.04154 5.42407 1.77110 1.15056 2.97103 -5.17050 1.74280 -0.05173 -1.89336 0.63180 -0.00000 0.00000 0.00000 20.21735 52.68161 -94.13149 25.98964 -12.11118 -49.37608 0.00000 1.46770 -0.00000 1.15519 -0.68126 -30.52543 -7.12502 -0.00000 0.00000 -17.10324 17.53470 0.60387 -0.00000 0.00000 0.00000 53.97900 58.57515 41.92010 -34.63206 -29.24353 79.84415 -0.00000 6.01789 0.00000 -2.74109 0.31977 -6.64891 7.12502 -0.00000 -0.00000 22.65056 3.76189 -36.06469
-1.03416 0.95100 0.02067 19.89981 -13.10834 -120.79133 -0.00000 0.00000 -0.00000 343.34817 -54.39619 -18.62817 -24.10489 60.56561 40.16850 0.62444 -8.39486 3.56347 -4.99299 -35.95280 -15.30647 -0.00000 0.00000 -0.00000 -333.13361 -44.84294 -338.01950 8.69872 44.58258 -21.02070 1.33145 -9.25901 9.33955 3.59267 31.28938 -12.77982 0.03755 7.11273 0.07638 -2.65726 6.84131 -0.25031 -2.79255 3.08366 -0.22122 3.16538 3.03306 -1.25465 0.80533 -7.97339 -1.52503 -0.20070 -3.09659 -0.92334 -0.00000 0.00000 -0.00000 13.04038 57.82606 -87.36023 27.18904 -13.54760 -52.31862 0.00000 0.59703 -0.00000 0.34927 -0.20351 -30.22808 -7.12502 -0.00000 0.00000 -17.83463 18.10662 0.99139 -0.00000 0.00000 -0.00000 75.74395 62.19762 19.91582 -34.69544 -29.56015 80.36971 -0.00000 7.62749 0.00000 -5.34693 0.44288 -4.72115 7.12502 -0.00000 -0.00000 20.07724 3.92906 -34.38179
-0.99710 0.93943 0.00426 19.18908 -10.17594 -107.15597 -0.00000 0.00000 -0.00000 340.11286 -55.19959 -15.38223 -64.83515 69.91496 84.50269 0.13421 -5.35744 0.66579 -7.68150 -42.58875 -19.54553 -0.00000 0.00000 -0.00000 -335.72439 -41.50332 -340.95914 8.77777 44.72848 -21.13317 1.60560 -17.76857 8.49614 3.15231 29.55424 -11.91027 2.97329 8.38213 -0.89183 -1.26368 7.17045 -1.36082 -2.97509 2.65790 -0.67618 1.81480 3.93766 -3.10359 0.68041 -10.11728 -4.10016 0.22547 -4.01059 -2.18549 0.00000 0.00000 0.00000 4.41168 62.31711 -76.31309 28.98021 -15.99294 -57.05484 0.00000 -2.11525 0.00000 3.31011 -1.99785 -31.08017 -7.12502 -0.00000 0.00000 -15.22156 15.91165 -0.21571 0.00000 0.00000 0.00000 89.25544 63.39999 5.32530 -34.90196 -30.73353 82.32192 -0.00000 4.97246 0.00000 0.40167 -0.03483 -4.95606 7.12502 -0.00000 -0.00000 25.49789 5.13843 -34.36435
-0.96971 0.92862 -0.01455 17.83868 -7.12095 -95.68971 -0.00000 0.00000 -0.00000 347.58186 -51.71081 -4.88070 -104.50293 65.47917 127.07083 -0.20332 -1.62333 -5.28159 -7.84456 -42.92377 -19.78572 -0.00000 0.00000 -0.00000 -338.85825 -41.19405 -349.60675 8.56976 44.34191 -20.83659 -0.02603 -25.52124 4.50945 2.12093 24.73282 -9.65181 4.56594 7.91664 -1.51265 0.28674 6.79830 -2.05326 -2.24250 2.48629 -0.97450 1.57836 5.62295 -4.73956 0.70043 -12.95313 -6.32676 0.55913 -4.79557 -3.30130 -0.00000 0.00000 0.00000 -6.86985 64.71946 -61.41787 30.88559 -19.12840 -62.76108 0.00000 -4.98844 0.00000 5.61960 -3.49800 -31.80227 -7.12502 -0.00000 0.00000 -13.16821 14.15338 -1.26380 -0.00000 0.00000 0.00000 88.00568 65.37541 2.15011 -35.06522 -31.92382 84.31297 -0.00000 3.01530 0.00000 5.80574 -0.64947 -6.36117 7.12502 -0.00000 -0.00000 30.68365 5.78910 -35.35251
-0.94627 0.92216 -0.02871 16.77458 -4.08867 -86.56703 -0.00000 0.00000 -0.00000 359.82857 -45.59956 7.40994 -119.41517 58.28319 143.91878 0.34056 3.92588 -14.24463 -7.80502 -42.84311 -19.72763 -0.00000 0.00000 -0.00000 -341.59820 -44.02447 -359.25339 9.21130 45.50756 -21.74501 -1.26584 -28.00644 2.14328 2.34800 25.90682 -10.18272 5.21257 6.32285 -1.76159 1.84447 6.22860 -2.39878 -1.02720 2.78961 -1.13445 1.25383 6.31558 -5.94903 1.08178 -14.83533 -7.98271 0.99728 -5.44028 -4.13489 0.00000 0.00000 -0.00000 -19.94989 63.48913 -45.51568 32.38484 -22.19573 -68.07791 0.00000 -6.40482 0.00000 5.90888 -3.69402 -31.90288 -7.12502 -0.00000 0.00000 -12.90850 13.93034 -1.40860 0.00000 0.00000 -0.00000 71.01461 67.99678 12.58790 -35.15184 -32.76362 85.72677 -0.00000 3.71961 0.00000 -0.96089 0.10245 -6.08502 7.12502 -0.00000 -0.00000 24.30071 4.35483 -35.45403
-0.92183 0.92259 -0.04122 16.52477 -3.41945 -77.92501 -0.00000 0.00000 -0.00000 364.37007 -38.90744 14.33844 -122.21898 56.06391 147.25449 1.96803 8.98108 -20.35351 -7.65872 -42.54146 -19.51187 -0.00000 0.00000 -0.00000 -346.66267 -46.58971 -365.53421 9.70164 46.34808 -22.42747 -2.43383 -27.74106 -0.68802 2.09042 24.56910 -9.57865 3.71289 4.50748 -2.10074 2.20216 5.63856 -2.92722 0.11635 3.23040 -1.43111 -0.27624 5.16320 -7.08133 2.87767 -15.27297 -9.47369 1.91811 -5.18842 -4.91737 0.00000 0.00000 0.00000 -29.79434 58.69940 -34.72428 33.03067 -23.77895 -70.75538 0.00000 -5.41207 0.00000 7.06143 -4.60355 -32.94031 -7.12502 -0.00000 0.00000 -11.69000 13.11700 -2.64367 0.00000 0.00000 0.00000 45.05697 66.65616 32.54707 -35.22851 -33.86070 87.58824 -0.00000 -3.69035 -0.00000 -5.36904 0.67829 -7.17924 7.12502 -0.00000 -0.00000 20.17524 3.07033 -36.70635
-0.89830 0.93234 -0.05150 16.19817 -1.45493 -68.42958 -0.00000 0.00000 -0.00000 362.32300 -33.60421 14.99050 -116.33783 60.30448 140.34050 2.24967 9.80725 -19.54779 -7.66469 -42.55386 -19.52069 -0.00000 0.00000 -0.00000 -349.45008 -46.33666 -369.39546 8.48662 44.18500 -20.71748 -4.78031 -28.11283 -6.15662 2.46311 26.47447 -10.44353 3.64932 2.48191 -2.89526 2.74775 4.99745 -4.04341 0.59869 3.71158 -1.97667 -2.77284 4.61764 -8.09062 5.44034 -14.90597 -10.72745 3.16435 -4.64796 -5.56188 -0.00000 0.00000 0.00000 -36.37173 52.50615 -30.86027 32.86923 -23.36325 -70.05567 0.00000 -4.92701 0.00000 8.38576 -5.59263 -33.46868 -7.12502 -0.00000 0.00000 -10.49048 12.03957 -3.40386 -0.00000 0.00000 0.00000 27.26060 60.44555 44.89566 -35.23547 -34.00508 87.83464 -0.00000 -6.74704 -0.00000 -9.08238 1.00479 -6.26011 7.12502 -0.00000 -0.00000 16.60237 2.69881 -36.02584
-0.87383 0.94634 -0.06264 15.09366 -0.25124 -58.58480 -0.00000 0.00000 -0.00000 357.06065 -28.79001 12.91506 -95.40076 67.75167 117.15994 1.91934 9.44531 -15.97663 -5.46730 -37.30665 -16.10138 -0.00000 0.00000 -0.00000 -350.67767 -42.60795 -368.72443 6.69341 40.41480 -18.05472 -8.05463 -29.55140 -12.93887 3.18701 29.69683 -11.98047 2.71231 2.45206 -3.58448 3.22873 4.38166 -4.92346 1.62519 3.19398 -2.45631 -4.27317 3.76135 -9.28642 6.56525 -13.60191 -12.30200 3.72111 -3.84814 -6.31303 -0.00000 0.00000 0.00000 -41.34956 46.72894 -32.19415 31.99145 -21.32100 -66.58172 0.00000 -3.21723 0.00000 9.72667 -6.65634 -34.06771 -7.12502 -0.00000 0.00000 -9.26415 10.91549 -4.25866 -0.00000 0.00000 0.00000 19.31700 52.62319 47.75881 -35.13249 -32.55425 85.37348 -0.00000 -5.61139 -0.00000 -14.04277 1.02810 -4.10316 7.12502 -0.00000 -0.00000 11.83189 2.31149 -34.10255
-0.84914 0.95558 -0.07227 14.39319 1.20887 -48.02007 -0.00000 0.00000 -0.00000 352.79527 -25.13191 10.60411 -53.47201 69.09858 72.37768 0.49711 4.53351 -11.56737 -5.37571 -37.05259 -15.94982 -0.00000 0.00000 -0.00000 -351.35206 -38.22378 -363.66907 5.80485 38.21471 -16.65258 -10.47031 -31.56611 -16.56018 4.23871 33.58151 -13.98406 2.15067 1.80132 -4.35047 3.44192 3.83617 -5.93339 2.11106 3.08096 -2.97222 -5.49528 2.73758 -10.99771 7.86774 -12.04578 -14.52840 4.23423 -2.87045 -7.41108 0.00000 0.00000 -0.00000 -45.30410 41.84857 -36.21674 30.51683 -18.46705 -61.58458 0.00000 -1.18640 0.00000 11.99142 -8.56608 -35.04086 -7.12502 -0.00000 0.00000 -7.22383 8.91236 -5.71142 0.00000 0.00000 -0.00000 15.64562 45.21970 46.64941 -34.75477 -29.87238 80.88841 -0.00000 -6.38991 -0.00000 -17.91275 1.08494 -3.35244 7.12502 -0.00000 -0.00000 8.15440 1.67675 -33.45853
-0.82558 0.95251 -0.08020 12.84677 3.87056 -37.12125 -0.00000 0.00000 -0.00000 352.22141 -22.54460 9.48700 -22.78699 59.76765 38.64932 -0.21312 -0.67491 -7.06396 -3.65829 -31.53501 -12.90571 -0.00000 0.00000 -0.00000 -350.29241 -33.43946 -355.74891 6.23612 39.31484 -17.34134 -7.38186 -29.70275 -11.23996 2.68601 27.52667 -10.93448 2.46490 0.21186 -5.02240 3.88222 3.23125 -6.87676 2.24579 3.37765 -3.42904 -6.22762 1.38855 -12.99768 9.02915 -9.71590 -17.13703 4.45713 -1.61464 -8.69658 0.00000 0.00000 -0.00000 -48.00540 39.14067 -41.46858 28.55549 -15.37583 -55.88741 0.00000 -0.79289 0.00000 14.71699 -11.00313 -36.00394 -7.12502 -0.00000 0.00000 -4.86579 6.33059 -7.33051 0.00000 0.00000 -0.00000 12.92007 39.14955 43.75434 -33.78513 -25.96029 74.39915 -0.00000 -8.26985 -0.00000 -20.76346 1.49151 -3.92737 7.12502 -0.00000 -0.00000 5.45390 1.04776 -34.15791
-0.80521 0.93877 -0.08736 9.93056 6.55835 -25.71634 -0.00000 0.00000 -0.00000 355.27345 -22.87894 11.77575 -11.04526 48.45592 24.25235 -0.32730 -7.60216 -3.83646 -2.70239 -27.60167 -10.96986 -0.00000 0.00000 -0.00000 -347.85641 -28.13823 -349.60455 7.37875 41.94974 -19.09543 -2.83884 -28.26650 -1.43458 1.77391 22.77625 -8.79047 2.31943 -1.02513 -5.64607 4.20829 2.46420 -7.72895 2.55949 3.35370 -3.85703 -6.40866 0.46717 -14.98191 10.81261 -7.06237 -19.76876 4.67307 -0.30835 -10.00575 0.00000 0.00000 -0.00000 -46.91173 39.16895 -47.79072 26.34337 -12.52017 -50.22806 0.00000 -1.33537 0.00000 15.27503 -11.37810 -35.84361 -7.12502 -0.00000 0.00000 -4.48045 5.81757 -7.29381 0.00000 0.00000 -0.00000 9.63933 35.60712 40.40466 -31.91493 -21.15742 66.30035 -0.00000 -11.10080 -0.00000 -24.17724 2.29266 -5.09202 7.12502 -0.00000 -0.00000 2.17778 0.36235 -35.55789
-0.78700 0.92423 -0.09162 5.80977 8.49842 -11.76378 -0.00000 0.00000 -0.00000 359.98852 -27.44692 16.24161 -7.20114 41.56413 18.82875 0.94281 -13.65634 2.05296 -1.87448 -23.36583 -9.04710 -0.00000 0.00000 -0.00000 -346.89178 -23.88831 -351.05533 7.56910 42.35414 -19.37907 -4.39253 -33.55610 -2.51299 1.12195 18.35524 -6.93603 2.31938 -1.93423 -6.70498 4.38283 1.95966 -9.15916 2.59335 3.39800 -4.56600 -6.71704 0.66396 -16.87057 13.55347 -6.09411 -22.35117 5.38609 0.53395 -11.32760 0.00000 0.00000 0.00000 -40.08667 40.56119 -57.67879 23.87243 -9.88673 -44.50437 0.00000 -0.49214 0.00000 14.14587 -10.53544 -35.95986 -7.12502 -0.00000 0.00000 -5.31446 6.87512 -7.14972 0.00000 0.00000 0.00000 7.84048 34.57868 35.59804 -29.10081 -16.17291 57.39218 -0.00000 -10.41570 -0.00000 -25.58830 3.05842 -6.35751 7.12502 -0.00000 -0.00000 0.77176 0.10803 -37.03173
-0.76614 0.91534 -0.09449 1.14193 8.75010 4.60539 -0.00000 0.00000 -0.00000 364.11005 -35.15859 22.70345 -6.57584 40.13814 17.87285 1.64565 -16.61682 3.53461 -2.40807 -26.20522 -10.31948 -0.00000 0.00000 -0.00000 -348.29266 -20.73393 -358.95198 6.73578 40.51350 -18.12001 -6.23507 -37.29786 -4.28219 0.91400 16.63857 -6.24448 3.99814 -1.90785 -7.81989 4.06854 1.71348 -10.65312 1.32525 2.80862 -5.26571 -5.69579 1.82253 -18.43326 14.92451 -6.84973 -24.41067 5.83470 0.47495 -12.45983 0.00000 0.00000 -0.00000 -29.22668 42.96433 -71.05290 21.16367 -7.50838 -38.70628 0.00000 0.41438 -0.00000 12.37327 -9.14537 -35.92377 -7.12502 -0.00000 0.00000 -6.68704 8.54260 -6.71662 0.00000 0.00000 -0.00000 12.40708 35.50172 26.63102 -25.82503 -11.92479 48.98375 -0.00000 -3.74893 -0.00000 -24.36337 3.94271 -8.63363 7.12502 -0.00000 -0.00000 1.83029 0.17759 -39.45984
-0.74177 0.91307 -0.10016 -3.19498 7.93797 18.91886 -0.00000 0.00000 -0.00000 367.44908 -42.38422 30.34223 -7.27375 41.72275 18.93801 0.63214 -17.49881 -0.83110 -2.54863 -26.88521 -10.63399 -0.00000 0.00000 -0.00000 -348.80361 -17.46048 -363.98878 6.11112 39.00252 -17.14337 -6.75954 -36.03027 -5.88310 0.29220 9.53151 -3.50373 6.16251 -0.75629 -8.56976 4.75085 1.63973 -11.58681 1.06825 1.84363 -5.71030 -6.63062 1.62082 -18.48286 15.84485 -7.95791 -24.41562 6.33447 0.44692 -12.48039 -0.00000 0.00000 -0.00000 -23.95600 44.72718 -81.60502 18.05714 -5.29843 -32.47120 0.00000 2.10290 -0.00000 10.72810 -7.65517 -35.11136 -7.12502 -0.00000 0.00000 -8.18704 10.06242 -5.53076 -0.00000 0.00000 -0.00000 18.11568 36.77577 18.53117 -22.24414 -8.40118 40.97082 -0.00000 -2.69559 -0.00000 -22.15211 4.33379 -10.51524 7.12502 -0.00000 -0.00000 3.86858 0.24944 -41.31642
-0.71664 0.91660 -0.10429 -5.04614 7.84337 30.28787 -0.00000 0.00000 -0.00000 363.51644 -46.78357 29.81317 -7.79996 42.83276 19.72018 0.21391 -17.42127 -2.33072 -1.69760 -22.31514 -8.59143 -0.00000 0.00000 -0.00000 -352.06009 -15.20083 -365.78621 6.43511 39.80148 -17.65378 -4.08341 -27.88100 -4.59545 0.01523 2.18884 -0.79709 5.94450 -0.41754 -8.53768 4.65914 1.79174 -11.50570 1.12455 1.84190 -5.66698 -6.39580 1.77652 -17.26016 16.47368 -9.47150 -22.58420 6.71430 -0.14431 -11.63474 0.00000 0.00000 -0.00000 -23.33611 48.58922 -85.81784 15.65999 -3.90905 -27.87403 0.00000 5.43607 -0.00000 9.26848 -5.96584 -32.49278 -7.12502 -0.00000 0.00000 -10.06842 11.19351 -2.55182 0.00000 0.00000 -0.00000 27.54545 36.72013 12.13652 -17.89278 -5.19492 32.15082 -0.00000 -3.77145 -0.00000 -17.94379 4.99854 -15.05923 7.12502 -0.00000 -0.00000 7.68596 -0.09215 -45.68281
-0.69135 0.91896 -0.10643 -5.78129 8.28186 39.11102 -0.00000 0.00000 -0.00000 354.59504 -48.77025 21.32290 -8.51197 44.23298 20.75383 -0.13455 -16.69517 -3.45965 -1.09015 -18.10513 -6.83439 -0.00000 0.00000 -0.00000 -356.51601 -14.21307 -361.86783 8.74762 44.67299 -21.09032 -0.49882 -10.89510 -1.00725 0.11498 6.00174 -2.19301 5.92205 -0.62025 -6.81768 3.09940 2.55355 -9.25371 -0.55778 2.52350 -4.49676 -2.35410 0.73206 -16.16726 14.51365 -10.56910 -20.81050 5.60345 -1.19179 -10.80347 0.00000 0.00000 -0.00000 -13.04859 53.71906 -92.42981 15.16372 -3.65229 -26.94061 0.00000 4.36816 -0.00000 7.43019 -4.40645 -30.50394 -7.12502 -0.00000 0.00000 -12.09255 12.46578 -0.21462 0.00000 0.00000 -0.00000 42.32634 30.84279 5.32263 -13.53100 -2.87739 23.90682 -0.00000 -2.68728 -0.00000 -10.72492 4.37912 -21.95635 7.12502 -0.00000 -0.00000 14.36793 -1.70569 -51.62799
-0.66901 0.91354 -0.10492 -6.35886 8.65197 45.03698 -0.00000 0.00000 -0.00000 346.76916 -48.71503 11.33646 -9.70653 46.35625 22.43422 -0.70764 -17.30794 -5.54762 -0.74516 -15.07630 -5.62662 -0.00000 0.00000 -0.00000 -358.44364 -13.94931 -350.44968 15.01774 53.41388 -29.36257 -0.61932 8.68770 3.25875 1.07224 17.96246 -6.77655 5.65962 -0.08917 -4.74573 1.72874 3.16324 -6.44831 -1.72005 2.87264 -3.07198 0.33473 -0.74598 -13.74429 11.54283 -10.69911 -17.56513 4.64068 -2.10699 -9.11311 -0.00000 0.00000 0.00000 1.09524 57.07595 -98.15151 15.71490 -3.93809 -27.97766 0.00000 0.22986 -0.00000 6.15222 -3.55647 -29.91981 -7.12502 -0.00000 0.00000 -13.28513 13.38382 0.56888 -0.00000 0.00000 0.00000 54.82268 18.75184 3.95093 -9.67453 -1.44251 16.92221 -0.00000 2.64276 0.00000 -3.67449 1.76877 -25.67026 7.12502 -0.00000 -0.00000 21.40737 -3.50759 -53.86980
-0.65043 0.90273 -0.09615 -6.08555 8.13290 48.93477 -0.00000 0.00000 -0.00000 342.75458 -47.16420 5.39892 -11.19951 48.68141 24.45809 -1.66278 -18.88903 -8.59254 -0.60637 -13.63969 -5.06700 -0.00000 0.00000 -0.00000 -357.50865 -12.45294 -336.82392 30.33587 63.62158 -47.21495 -1.94544 18.23796 3.73866 3.14565 29.52675 -11.89676 2.79570 1.74884 -3.55378 1.76420 3.33286 -4.72988 0.11268 2.36367 -2.30022 -1.66433 -0.64588 -9.45225 10.51909 -10.26785 -11.87854 4.37922 -2.35759 -6.15790 0.00000 0.00000 0.00000 0.47958 60.96642 -90.37676 15.45967 -3.80419 -27.49658 0.00000 -0.22768 0.00000 4.65459 -2.91468 -31.98672 -7.12502 -0.00000 0.00000 -13.87989 14.99276 -1.31316 0.00000 0.00000 0.00000 63.72390 9.15776 6.47274 -7.37121 -0.83051 12.83931 -0.00000 14.47060 0.00000 -2.79103 1.48203 -27.94679 7.12502 -0.00000 -0.00000 22.13862 -4.45655 -55.81272
-0.63019 0.88825 -0.08189 -5.17532 7.99960 55.52490 -0.00000 0.00000 -0.00000 335.60736 -44.97259 -3.33446 -13.67525 51.91536 27.67430 -1.76699 -22.01995 -8.77666 -0.68513 -14.47450 -5.39125 -0.00000 0.00000 -0.00000 -357.07278 -11.28860 -329.10095 63.19206 69.85185 -82.75287 -1.44332 17.88001 2.03590 2.11213 24.68575 -9.63075 0.85495 2.31439 -2.45449 -0.30446 3.66852 -3.22356 -0.87290 2.40204 -1.56588 0.24197 -0.83001 -5.60224 9.12902 -10.03138 -6.68322 3.29433 -2.75262 -3.57169 0.00000 0.00000 0.00000 7.05600 62.45799 -85.37245 14.57720 -3.36178 -25.84449 0.00000 -4.74657 0.00000 3.94824 -2.37035 -30.93149 -7.12502 -0.00000 0.00000 -14.75812 15.35533 -0.14912 0.00000 0.00000 0.00000 76.95657 1.82993 8.41213 -7.02743 -0.75407 12.23412 -0.00000 23.31130 0.00000 -5.27519 2.85348 -28.33232 7.12502 -0.00000 -0.00000 19.40384 -4.20266 -56.75317
-0.60616 0.87153 -0.06630 -5.13766 7.17798 64.11938 -0.00000 0.00000 -0.00000 329.36365 -41.78760 -12.25565 -16.49726 54.89811 31.18754 -2.16593 -26.01234 -9.76644 -0.88084 -16.34523 -6.12767 -0.00000 0.00000 -0.00000 -355.45642 -12.35081 -326.47243 98.74938 67.03878 -120.78697 -1.06096 16.76673 1.07645 1.87902 23.39200 -9.05855 0.37884 2.60813 -1.68967 -1.45174 3.37919 -2.18442 -1.73465 1.93419 -1.04568 1.81624 0.14621 -2.09620 6.51027 -10.78389 -1.99816 1.93573 -3.47035 -1.24162 0.00000 0.00000 -0.00000 2.75183 61.33076 -74.37859 12.14300 -2.29913 -21.36703 0.00000 -6.37484 0.00000 3.30461 -1.55213 -25.13162 -7.12502 -0.00000 0.00000 -16.92727 14.40525 5.73647 0.00000 0.00000 -0.00000 86.46757 4.12681 10.27192 -8.01859 -0.98484 13.98166 -0.00000 18.60260 0.00000 -7.41450 4.03972 -28.42874 7.12502 -0.00000 -0.00000 17.07026 -3.85362 -57.34544
-0.57973 0.86186 -0.04965 -5.42027 6.06589 71.83223 -0.00000 0.00000 -0.00000 327.58364 -38.64944 -15.49305 -17.86160 56.13366 32.84259 -4.18207 -28.19938 -14.06213 -0.68378 -14.46065 -5.38585 -0.00000 0.00000 -0.00000 -353.60896 -17.38557 -326.79321 116.09201 60.45032 -140.05772 -0.84320 16.24159 0.42249 2.54797 26.88207 -10.63253 -0.23177 2.70818 -0.21354 -2.32902 3.33181 -0.19880 -2.26346 1.89373 -0.05054 4.74755 -0.64097 0.28819 2.62992 -11.27302 0.97034 -0.03788 -3.52474 0.27050 0.00000 0.00000 -0.00000 -12.87982 53.19022 -58.03451 9.75790 -1.46798 -17.07104 0.00000 6.71906 -0.00000 2.93383 -1.32380 -24.26510 -7.12502 -0.00000 0.00000 -17.46422 14.42053 6.63602 0.00000 0.00000 -0.00000 93.33093 5.71553 15.39084 -8.34248 -1.06719 14.55463 -0.00000 16.05520 0.00000 -10.21786 5.74333 -29.03839 7.12502 -0.00000 -0.00000 13.92861 -3.44400 -58.61618
-0.55243 0.86252 -0.03300 -5.67919 5.04611 80.04384 -0.00000 0.00000 -0.00000 327.33519 -35.34778 -16.92786 -17.62194 55.92506 32.55361 -6.59601 -26.47659 -19.24021 -0.43392 -11.58028 -4.27719 -0.00000 0.00000 -0.00000 -353.40483 -24.87380 -331.10301 121.52117 56.65546 -146.41633 -1.27155 16.58407 2.00848 2.88887 28.43553 -11.36683 -1.19034 2.85588 0.98416 -2.74008 2.93786 1.38406 -2.13845 1.45436 0.72762 5.82817 -0.24433 1.68540 -0.16350 -11.34704 2.65324 -1.25025 -3.55952 1.16752 -0.00000 0.00000 -0.00000 -11.58471 48.43335 -57.63148 9.99655 -1.54222 -17.49753 0.00000 7.19792 -0.00000 2.24569 -1.06954 -25.45394 -7.12502 -0.00000 0.00000 -17.71033 15.24285 5.53553 -0.00000 0.00000 -0.00000 93.16086 13.59291 21.27034 -8.78111 -1.18424 15.33219 -0.00000 12.70790 0.00000 -10.88557 6.36867 -29.97677 7.12502 -0.00000 -0.00000 13.03507 -3.48933 -59.72924
-0.52160 0.87493 -0.01706 -5.61083 3.11845 88.85476 -0.00000 0.00000 -0.00000 328.86456 -30.66865 -17.73030 -15.64056 54.05849 30.13499 -7.94587 -22.93419 -23.08794 -0.26629 -9.10410 -3.34369 -0.00000 0.00000 -0.00000 -352.43076 -31.37820 -337.81508 120.09734 57.78016 -144.72290 -1.80904 16.68968 4.17351 2.15368 24.90686 -9.72982 -1.27154 2.61923 1.84492 -2.65832 2.78324 2.53429 -2.00035 1.45442 1.30075 6.18421 0.28486 1.98849 -1.75084 -10.85233 2.94066 -1.85683 -3.45522 1.36305 0.00000 0.00000 -0.00000 -1.80652 46.96397 -64.99828 11.17304 -1.93693 -19.61050 0.00000 -2.13855 0.00000 5.20598 -2.55898 -26.10624 -7.12502 -0.00000 0.00000 -15.10170 13.30721 4.53729 0.00000 0.00000 -0.00000 82.99782 27.76582 28.17848 -10.86403 -1.82858 19.05376 -0.00000 6.31472 0.00000 -10.79477 5.73703 -27.66731 7.12502 -0.00000 -0.00000 13.52808 -3.02451 -57.36919
-0.48712 0.89468 -0.00198 -4.90169 0.47723 98.55440 -0.00000 0.00000 -0.00000 331.29361 -25.31244 -19.17271 -13.59474 51.82037 27.57195 -6.99570 -17.15384 -23.71658 -0.10169 -5.64582 -2.06203 -0.00000 0.00000 -0.00000 -350.17294 -35.19499 -345.16676 111.38634 62.87949 -134.71357 -1.74304 14.20196 5.76104 1.53443 21.28571 -8.15210 -0.61359 2.34965 1.90162 -2.33045 2.86028 2.62480 -2.01590 1.69958 1.35487 6.19853 -0.84696 1.68576 -1.78626 -9.06145 2.41861 -1.76819 -2.65291 1.12895 0.00000 0.00000 -0.00000 -0.55695 44.21658 -67.46750 11.94784 -2.22353 -21.01247 0.00000 -4.98602 0.00000 8.68488 -4.53919 -27.38884 -7.12502 -0.00000 0.00000 -11.90982 11.03882 2.76562 0.00000 0.00000 -0.00000 70.29298 34.96567 36.72143 -12.85817 -2.58810 22.67154 -0.00000 6.76669 0.00000 -11.44020 4.93169 -23.01650 7.12502 -0.00000 -0.00000 13.49901 -1.88969 -52.82134
-0.44989 0.91618 0.01354 -3.31366 -2.16063 108.10815 -0.00000 0.00000 -0.00000 334.37446 -21.96193 -18.90179 -13.27367 51.43532 27.16242 -4.14795 -11.28041 -19.56443 -0.14171 -6.65908 -2.43541 -0.00000 0.00000 -0.00000 -346.73337 -36.86528 -350.59862 90.51064 68.58200 -111.89261 -1.15765 9.75324 6.71012 1.23817 19.23650 -7.29672 0.18485 2.33997 1.70375 -2.14142 2.71040 2.36291 -2.27804 1.56654 1.23475 5.16121 -0.81999 0.66127 0.11525 -7.86318 1.13342 -0.89322 -2.31449 0.48567 0.00000 0.00000 -0.00000 -3.21553 42.84559 -67.29735 12.96976 -2.63490 -22.87586 0.00000 -6.50592 0.00000 9.59377 -5.13304 -27.89316 -7.12502 -0.00000 0.00000 -11.03702 10.43799 2.11280 0.00000 0.00000 -0.00000 59.82415 37.18630 43.63224 -14.38042 -3.26739 25.47837 -0.00000 3.73649 0.00000 -12.20570 4.50061 -19.93885 7.12502 -0.00000 -0.00000 13.04799 -1.12906 -49.85988
-0.40935 0.93598 0.02899 -1.95492 -4.08573 116.59663 -0.00000 0.00000 -0.00000 336.97235 -22.46886 -14.94240 -14.91703 53.30677 29.23705 -1.36215 -9.02008 -9.61071 -1.06984 -17.94324 -6.76876 -0.00000 0.00000 -0.00000 -343.56088 -37.41846 -353.21341 55.05562 69.26824 -74.07187 -0.25483 3.53522 5.67008 1.00023 17.37463 -6.53928 0.15922 1.35483 1.49167 -1.99636 2.89645 2.09543 -2.07732 2.29147 1.10444 3.78552 -1.08968 -0.44240 2.15478 -6.89461 -0.27031 0.04159 -1.96954 -0.20237 -0.00000 0.00000 0.00000 -5.89960 42.26733 -66.12409 14.69047 -3.41680 -26.05560 0.00000 -9.91598 0.00000 9.93594 -5.48346 -28.61269 -7.12502 -0.00000 0.00000 -10.57334 10.26742 1.32194 -0.00000 0.00000 0.00000 49.46469 37.50378 50.11457 -15.96052 -4.06952 28.44211 -0.00000 -1.26611 -0.00000 -10.93741 3.89081 -19.34786 7.12502 -0.00000 -0.00000 14.40447 -1.04607 -49.06581
-0.36500 0.94877 0.04207 -0.94672 -5.07952 125.09777 -0.00000 0.00000 -0.00000 338.91542 -23.57592 -8.26916 -15.36254 53.77445 29.79097 0.60129 -12.60393 0.81518 -2.37045 -26.01891 -10.23401 -0.00000 0.00000 -0.00000 -342.55919 -36.53212 -354.96900 25.96553 61.59243 -42.29410 0.19355 -3.66322 3.49172 1.06630 17.91478 -6.75724 -0.01918 0.39004 1.25726 -2.15920 2.78985 1.79740 -2.12989 2.71237 0.95497 2.32943 -0.69864 -1.82717 3.30784 -5.99019 -2.11039 0.69725 -1.72908 -1.10334 0.00000 0.00000 -0.00000 -6.11735 43.13886 -65.89118 16.86439 -4.57539 -30.16428 0.00000 -12.87920 0.00000 10.34451 -5.80458 -28.98943 -7.12502 -0.00000 0.00000 -10.14440 9.99622 0.86845 0.00000 0.00000 -0.00000 40.77609 36.54196 54.36110 -17.47339 -4.93647 31.33697 -0.00000 -3.49810 -0.00000 -11.97794 4.05086 -18.41645 7.12502 -0.00000 -0.00000 13.42245 -0.78732 -48.29535
-0.31635 0.95168 0.05136 -0.60875 -4.96626 134.64695 -0.00000 0.00000 -0.00000 340.15767 -22.98994 -0.42198 -12.30285 50.20711 25.91013 0.52000 -17.43926 -1.22454 -3.40102 -30.55342 -12.40685 -0.00000 0.00000 -0.00000 -343.96759 -34.39998 -355.05839 12.53483 50.50974 -26.21138 -0.33055 -11.71364 0.29778 1.25168 19.33586 -7.33765 -1.00501 -0.22637 0.72468 -2.62498 2.57626 1.13455 -2.07861 2.80629 0.61325 0.95721 -0.79364 -3.26444 3.46302 -4.51209 -4.13267 0.98995 -1.19772 -2.08258 -0.00000 0.00000 -0.00000 -3.84880 44.44297 -67.29325 19.01165 -5.92506 -34.34908 0.00000 -14.43110 0.00000 10.87224 -6.31949 -29.81671 -7.12502 -0.00000 0.00000 -9.50375 9.66193 -0.07257 -0.00000 0.00000 -0.00000 32.06608 35.54700 57.39271 -18.92121 -5.86378 34.16984 -0.00000 -4.50994 -0.00000 -13.54477 4.30952 -17.32399 7.12502 -0.00000 -0.00000 11.92388 -0.51188 -47.42254
-0.26710 0.94272 0.05689 -0.86685 -5.75381 145.22027 -0.00000 0.00000 -0.00000 341.92817 -23.74988 7.42206 -9.60201 46.18062 22.28957 -3.11084 -15.63093 -13.74656 -3.86912 -32.30370 -13.30445 -0.00000 0.00000 -0.00000 -344.97646 -32.63134 -348.89968 7.84169 42.91793 -19.78151 -3.53952 -23.72517 -5.58363 1.85927 23.27795 -9.00869 -1.29561 -1.41290 -0.15601 -3.14674 2.23530 0.02048 -2.51497 3.09312 0.06437 -0.01204 -1.42158 -4.67309 3.04581 -3.18935 -6.10252 0.98759 -0.63840 -3.04096 0.00000 0.00000 0.00000 -1.34737 45.13862 -68.65555 21.28508 -7.60526 -38.95791 0.00000 -14.44390 0.00000 10.31223 -6.42139 -31.57776 -7.12502 -0.00000 0.00000 -9.48824 10.24894 -1.79169 0.00000 0.00000 0.00000 22.79460 34.74030 59.55409 -20.77248 -7.20194 37.90002 -0.00000 -7.60191 -0.00000 -13.07195 3.94172 -16.49172 7.12502 -0.00000 -0.00000 12.46857 -0.33495 -46.51441
-0.22282 0.92711 0.06016 -0.14708 -7.17492 156.76028 -0.00000 0.00000 -0.00000 344.28513 -24.41856 12.06050 -8.82168 44.80901 21.19553 -5.07463 -16.04365 -19.36353 -0.30836 -9.78812 -3.60002 -0.00000 0.00000 -0.00000 -345.51458 -27.00442 -334.88361 6.18448 39.18645 -17.25972 -11.71170 -40.25467 -12.08883 4.36040 33.98435 -14.20290 -0.15006 -2.66350 -1.10582 -3.17751 2.12969 -1.26616 -3.30983 3.61881 -0.54828 -1.26569 -0.87491 -6.23009 2.43953 -3.47729 -8.19540 1.06042 -0.75508 -4.07430 -0.00000 0.00000 0.00000 1.94826 45.20088 -71.18421 23.78284 -9.80027 -44.30569 0.00000 -14.63380 0.00000 9.97202 -6.44752 -32.56511 -7.12502 -0.00000 0.00000 -9.48997 10.60484 -2.75039 -0.00000 0.00000 0.00000 14.53821 33.55300 59.81787 -22.66921 -8.77205 41.87826 -0.00000 -9.65882 -0.00000 -11.98155 3.75104 -17.13302 7.12502 -0.00000 -0.00000 13.52152 -0.48348 -47.00968
-0.18407 0.91196 0.06467 0.15471 -7.84893 168.38176 -0.00000 0.00000 -0.00000 344.14791 -22.79313 8.05603 -8.24863 43.72788 20.37460 -7.87577 -21.93568 -23.34282 -0.17950 -7.48867 -2.74233 -0.00000 0.00000 -0.00000 -351.24702 -19.36631 -326.27917 4.97484 35.89905 -15.27554 -8.06521 -53.06232 -0.52818 7.15485 41.46227 -18.75891 -0.79947 -2.75551 -2.06097 -2.72923 2.02353 -2.53409 -2.58196 3.53400 -1.20480 -2.85876 1.42660 -7.40645 2.02543 -5.33613 -9.82405 1.44916 -1.62389 -4.84851 -0.00000 0.00000 0.00000 2.82048 45.32263 -73.76500 26.15818 -12.30459 -49.78046 0.00000 -13.58300 0.00000 9.30115 -6.08092 -32.89528 -7.12502 -0.00000 0.00000 -9.92997 11.20040 -2.97208 -0.00000 0.00000 0.00000 6.40912 33.89374 58.79787 -24.96305 -10.98730 46.96893 -0.00000 -11.05680 -0.00000 -10.06667 3.39803 -18.46293 7.12502 -0.00000 -0.00000 15.36497 -0.84074 -48.05659
-0.14500 0.90532 0.07179 -0.69143 -8.28185 179.64990 -0.00000 0.00000 -0.00000 342.28026 -20.19383 -0.62369 -7.00474 41.12803 18.53145 -10.30482 -24.38796 -27.16371 -0.61565 -13.74096 -5.10620 -0.00000 0.00000 -0.00000 -357.05458 -12.46292 -322.57860 4.17710 33.37428 -13.87237 -20.99721 -58.27904 -14.17102 4.90140 35.67997 -15.14996 -3.79131 -0.39542 -2.69327 -2.55460 2.14920 -3.31735 -0.65742 2.49457 -1.63414 -4.49537 2.53983 -8.35113 2.90575 -7.36127 -11.09660 2.26388 -2.28735 -5.41315 0.00000 0.00000 0.00000 1.42373 46.13972 -76.27911 28.25627 -14.95585 -55.08286 0.00000 -11.46360 0.00000 7.56759 -4.98335 -33.17881 -7.12502 -0.00000 0.00000 -11.22024 12.71374 -2.96961 0.00000 0.00000 0.00000 4.35232 36.72312 53.98240 -27.95023 -14.53819 54.27412 -0.00000 -12.88050 -0.00000 -8.36960 2.54868 -16.81729 7.12502 -0.00000 -0.00000 17.18657 -0.37325 -46.20660
-0.09878 0.91241 0.07672 1.19083 -10.86007 190.13423 -0.00000 0.00000 -0.00000 343.70008 -22.19843 -8.38554 -6.34128 39.57359 17.50685 -9.76115 -21.69828 -27.33530 -0.80872 -15.68534 -5.86627 -0.00000 0.00000 -0.00000 -358.57039 -18.58590 -339.42028 4.08251 33.05176 -13.69969 -9.36123 -36.31802 -10.56632 1.67107 22.15197 -8.52134 -4.64606 0.88531 -2.07560 -2.57949 2.48136 -2.89899 -0.13918 2.14526 -1.58839 -4.27780 2.63100 -9.24153 4.22254 -10.48256 -12.76749 3.01694 -3.18822 -6.53192 -0.00000 0.00000 0.00000 -0.26042 49.04735 -77.73612 30.41145 -18.28347 -61.25571 0.00000 -11.28650 0.00000 4.40880 -2.89223 -33.20235 -7.12502 -0.00000 0.00000 -13.70363 15.43993 -2.51313 -0.00000 0.00000 0.00000 12.94539 41.53173 44.82791 -30.53219 -18.49401 61.63279 -0.00000 -16.55260 -0.00000 -4.16500 1.24806 -16.65212 7.12502 -0.00000 -0.00000 21.41926 -0.19465 -45.49619
-0.05105 0.92663 0.07699 6.96803 -13.47349 202.58684 -0.00000 0.00000 -0.00000 346.44175 -27.01110 -19.80085 -6.36593 39.63372 17.54551 -7.28412 -15.22044 -25.66402 -0.96364 -17.06679 -6.41569 -0.00000 0.00000 -0.00000 -354.10330 -22.31555 -346.01939 4.57871 34.68665 -14.58994 -0.07580 -23.90012 4.07567 0.05875 4.29532 -1.56650 -1.99739 1.46498 -1.90157 -2.10732 2.67477 -2.63638 -1.10424 1.91065 -1.38506 -3.71518 1.94557 -9.97626 5.78343 -14.13941 -13.85338 3.42442 -3.71297 -7.28702 0.00000 0.00000 -0.00000 -2.01088 54.93369 -77.58894 32.23945 -21.86552 -67.51471 0.00000 -12.33050 0.00000 3.42171 -2.29187 -33.77574 -7.12502 -0.00000 0.00000 -14.29756 16.41833 -2.96043 0.00000 0.00000 -0.00000 28.99253 46.84145 32.23364 -32.39143 -22.21090 68.10374 -0.00000 -21.56490 -0.00000 -1.34569 0.35367 -14.72275 7.12502 -0.00000 -0.00000 24.24655 0.73447 -43.36977
0.00130 0.93915 0.07648 11.86816 -14.52342 216.01668 -0.00000 0.00000 -0.00000 344.36496 -34.05738 -30.67546 -7.97643 43.19020 19.97887 -3.21082 -10.66591 -16.67525 -1.71571 -22.42570 -8.63903 -0.00000 0.00000 -0.00000 -348.66370 -25.02144 -346.01538 5.56241 37.56692 -16.25783 5.08824 -15.23538 19.84401 0.16941 7.27663 -2.66377 -0.77401 3.78922 -1.82858 -1.28169 3.01454 -2.56649 -0.85552 0.94585 -1.33049 -3.86571 1.00731 -10.27110 6.22888 -18.09769 -14.57997 3.90934 -4.64277 -7.79113 -0.00000 0.00000 0.00000 -3.18131 61.41766 -76.88828 33.51741 -25.13368 -73.02294 0.00000 -16.19790 0.00000 3.76754 -2.56743 -34.22544 -7.12502 -0.00000 0.00000 -13.88529 16.20451 -3.46487 -0.00000 0.00000 0.00000 47.56390 49.81141 17.83716 -33.54335 -25.21089 73.15168 -0.00000 -25.32210 -0.00000 -0.13803 0.03145 -12.83526 7.12502 -0.00000 -0.00000 25.40473 1.65157 -41.52729
0.05558 0.94332 0.07041 15.32848 -14.08678 227.69078 -0.00000 0.00000 -0.00000 339.59414 -44.36406 -30.69079 -13.98927 52.28011 28.07226 0.08962 -10.43995 -1.31537 -1.15777 -18.63225 -7.04897 -0.00000 0.00000 -0.00000 -342.48553 -25.70803 -341.25624 6.60384 40.20440 -17.91626 5.00288 -10.70959 22.84643 1.33270 19.91876 -7.57883 -0.23733 4.75565 -1.39682 -0.32861 3.73485 -1.99941 -0.17994 1.16826 -1.05491 -4.37853 1.15855 -9.74038 5.40278 -21.85028 -14.32188 4.08564 -5.86241 -7.62258 0.00000 0.00000 -0.00000 -5.83994 67.75068 -73.61138 34.34537 -27.97341 -77.73850 0.00000 -19.49850 0.00000 6.46428 -4.42286 -34.23991 -7.12502 -0.00000 0.00000 -11.77370 13.81277 -3.87859 0.00000 0.00000 -0.00000 63.33067 51.16438 5.89315 -34.20491 -27.42238 76.82534 -0.00000 -27.94870 -0.00000 -0.95455 0.21454 -12.66571 7.12502 -0.00000 -0.00000 24.60258 1.62573 -41.45453
0.10690 0.93979 0.05781 15.11580 -11.45329 239.91829 -0.00000 0.00000 -0.00000 334.33538 -48.33797 -29.90394 -29.50296 63.27130 46.28384 0.77457 -9.75968 3.60474 -1.16913 -18.71908 -7.08445 -0.00000 0.00000 -0.00000 -339.06163 -22.64904 -339.60680 7.19567 41.55213 -18.82050 3.96422 -18.98528 15.12854 1.26915 19.46335 -7.39024 0.27727 7.06353 -1.82613 0.27080 4.56085 -2.59995 0.21506 0.74956 -1.37383 -3.95448 1.40156 -8.86183 3.97628 -22.54681 -13.20898 3.54510 -6.34922 -6.92696 0.00000 0.00000 -0.00000 -13.04482 74.15288 -63.77471 34.86858 -30.52520 -81.97468 0.00000 -21.71860 0.00000 9.31981 -6.45400 -34.40858 -7.12502 -0.00000 0.00000 -9.48633 11.29734 -4.53682 0.00000 0.00000 -0.00000 78.42257 51.86745 -5.42374 -34.67680 -29.46533 80.21227 -0.00000 -27.22560 -0.00000 -1.66405 0.35922 -12.17828 7.12502 -0.00000 -0.00000 23.89917 1.74113 -41.07751
0.15500 0.92626 0.04347 14.19736 -9.49454 252.74689 -0.00000 0.00000 -0.00000 329.40529 -48.98660 -31.34216 -63.02893 69.84461 82.57910 0.25706 -5.45378 2.22903 -2.88695 -28.42714 -11.36280 -0.00000 0.00000 -0.00000 -337.04819 -22.18938 -340.12376 8.42041 44.05901 -20.62237 0.89443 -28.53567 7.10263 0.84489 16.02014 -5.99866 1.70535 8.82977 -2.58543 0.12169 4.68432 -3.49056 -0.59907 -0.17396 -1.79295 -3.05568 2.29574 -8.17880 3.98291 -23.87659 -12.13051 3.44464 -7.05151 -6.40636 -0.00000 0.00000 -0.00000 -20.50935 77.73449 -51.81226 35.16888 -32.96310 -86.06393 0.00000 -22.52800 0.00000 9.99380 -6.73979 -33.66384 -7.12502 -0.00000 0.00000 -9.16778 10.65743 -3.88992 -0.00000 0.00000 -0.00000 95.43421 49.37251 -18.20344 -35.09769 -32.21251 84.79802 -0.00000 -21.82320 -0.00000 -0.86500 0.15147 -9.93159 7.12502 -0.00000 -0.00000 24.60236 2.77799 -38.95787
0.19440 0.91360 0.02950 15.94606 -6.61190 262.98118 -0.00000 0.00000 -0.00000 331.44196 -50.70877 -28.67755 -96.26289 67.58020 118.09199 0.01645 -2.07594 0.13811 -3.49509 -30.91818 -12.59092 -0.00000 0.00000 -0.00000 -333.39319 -26.44504 -342.49484 9.31723 45.69267 -21.89327 -1.86607 -35.08074 2.91521 1.23966 19.24750 -7.30125 5.15510 7.00702 -2.74629 0.28780 4.10919 -3.47107 -2.41309 0.05561 -1.70631 -1.70428 3.11294 -7.30961 3.31072 -26.54475 -11.04736 3.12093 -8.27432 -5.90872 0.00000 0.00000 -0.00000 -25.04818 77.83559 -42.59961 35.26383 -35.43778 -90.30064 0.00000 -23.27900 0.00000 9.92185 -6.65109 -33.51033 -7.12502 -0.00000 0.00000 -9.26735 10.71080 -3.71804 0.00000 0.00000 -0.00000 107.62092 45.99812 -26.97286 -35.25980 -34.76480 89.13728 -0.00000 -17.13320 -0.00000 -0.63142 0.09801 -8.82267 7.12502 -0.00000 -0.00000 24.77547 3.28118 -37.93086
0.22680 0.90975 0.01414 16.19264 -4.92033 268.99087 -0.00000 0.00000 -0.00000 341.50619 -48.39807 -16.12540 -107.46098 64.47646 130.33498 0.06645 1.67603 -5.21610 -3.84448 -32.21545 -13.25830 -0.00000 0.00000 -0.00000 -331.53385 -29.51370 -344.31910 9.61566 46.20366 -22.30848 -3.64229 -37.28011 0.36918 1.58914 21.63782 -8.30161 5.13172 5.74419 -2.19264 0.27263 3.78011 -2.77539 -2.49852 0.46422 -1.34320 -0.72767 3.06370 -6.47878 3.35284 -28.13078 -9.79598 2.88277 -8.93860 -5.39970 0.00000 0.00000 0.00000 -38.52658 76.82806 -25.94832 35.16606 -37.53445 -93.99391 0.00000 -23.75300 0.00000 9.45761 -6.46234 -34.04466 -7.12502 -0.00000 0.00000 -9.48201 11.15114 -4.18583 0.00000 0.00000 0.00000 112.93016 45.42138 -31.20390 -35.23770 -36.45602 92.08013 -0.00000 -14.97310 -0.00000 -1.14247 0.15511 -7.73082 7.12502 -0.00000 -0.00000 24.22993 3.64074 -36.96875
0.25964 0.91058 0.00298 15.86247 -5.00233 272.34562 -0.00000 0.00000 -0.00000 349.69899 -41.70643 -3.32752 -105.35134 65.20721 128.00434 0.19069 3.03351 -11.68090 -5.90975 -38.48828 -16.82164 -0.00000 0.00000 -0.00000 -331.45059 -32.65863 -344.85200 10.25305 47.24585 -23.18390 -4.37552 -36.16829 -1.38304 1.91425 23.59363 -9.14691 3.36652 5.04908 -1.65073 -0.31507 3.67500 -2.14569 -2.16283 0.82228 -1.04108 -0.21578 1.90698 -5.81160 3.90583 -27.85688 -8.58931 2.69589 -8.69396 -4.92472 -0.00000 0.00000 0.00000 -59.48996 73.88898 -3.66543 34.97204 -39.13156 -96.89351 0.00000 -22.78000 0.00000 9.21749 -6.47721 -34.80521 -7.12502 -0.00000 0.00000 -9.45230 11.41458 -4.92815 -0.00000 0.00000 0.00000 111.58720 48.30021 -31.59490 -35.14357 -37.77630 94.42767 -0.00000 -14.68170 -0.00000 -1.00553 0.11664 -6.61586 7.12502 -0.00000 -0.00000 24.29336 4.12675 -35.94158
0.28759 0.91941 -0.00410 15.61339 -4.98885 275.62852 -0.00000 0.00000 -0.00000 351.32025 -31.68500 3.36222 -86.35133 69.11847 107.43324 0.09688 3.28183 -16.53912 -9.60149 -46.17975 -22.28886 -0.00000 0.00000 -0.00000 -333.01707 -35.11213 -347.97367 9.61184 46.19722 -22.30320 -4.21875 -33.73752 -2.08890 2.26138 25.46782 -9.98289 3.04651 3.47557 -1.82685 -1.10591 3.31264 -2.41425 -2.84090 1.28657 -1.16077 0.22766 1.44740 -5.00743 4.05431 -26.63981 -7.22106 2.36039 -8.26579 -4.28284 -0.00000 0.00000 -0.00000 -75.70465 69.13298 12.81186 34.77499 -40.22303 -98.92811 0.00000 -21.94370 0.00000 10.77212 -7.83989 -35.63889 -7.12502 -0.00000 0.00000 -8.00419 10.03181 -6.08849 -0.00000 0.00000 -0.00000 104.81502 53.26230 -28.71062 -35.01667 -38.83257 96.34409 -0.00000 -16.66060 -0.00000 -1.35249 0.15978 -6.73647 7.12502 -0.00000 -0.00000 23.97238 4.00608 -36.07084
0.31475 0.93093 -0.00885 15.57155 -4.72152 279.45182 -0.00000 0.00000 -0.00000 349.35157 -21.58206 6.20745 -48.55628 68.44116 67.10462 0.67019 5.23983 -15.24092 -11.79697 -49.52589 -25.24847 -0.00000 0.00000 -0.00000 -335.07972 -37.13654 -351.37665 8.57219 44.34648 -20.84007 -4.23582 -31.09102 -3.31502 2.57471 27.00868 -10.69154 2.97707 1.42748 -2.28660 -1.30366 2.99191 -3.06546 -3.09405 2.04629 -1.46777 0.43856 1.14413 -4.92111 2.66921 -25.47272 -7.27317 1.81256 -7.88055 -4.14611 0.00000 0.00000 0.00000 -80.28085 64.46676 15.98949 34.82497 -39.97293 -98.45770 0.00000 -20.06280 0.00000 13.38707 -10.34712 -37.04131 -7.12502 -0.00000 0.00000 -5.60673 7.51796 -8.11844 0.00000 0.00000 0.00000 90.73863 56.88841 -20.08057 -34.91378 -39.48722 97.55136 -0.00000 -19.07510 -0.00000 -3.56523 0.43905 -7.01140 7.12502 -0.00000 -0.00000 21.88650 3.46383 -36.44694
0.34417 0.93987 -0.01198 15.99967 -4.52525 282.82052 -0.00000 0.00000 -0.00000 346.28031 -12.36986 8.04586 -19.70152 57.62759 35.03916 0.82956 7.06756 -7.84955 -11.77328 -49.49325 -25.21732 -0.00000 0.00000 -0.00000 -336.80965 -39.42849 -353.01568 7.90662 43.04964 -19.87674 -4.48308 -29.04049 -4.91485 3.05683 29.15634 -11.71550 2.54346 -0.15087 -2.39176 -1.14262 2.26124 -3.22258 -2.73317 2.19660 -1.55509 0.00519 0.77916 -5.11855 1.02524 -23.94072 -7.78705 1.34996 -7.34461 -4.15890 -0.00000 0.00000 -0.00000 -79.93069 61.14598 13.02282 35.08207 -38.33721 -95.44073 0.00000 -17.09330 0.00000 14.95073 -12.33243 -38.65473 -7.12502 -0.00000 0.00000 -4.00078 5.77847 -10.21370 -0.00000 0.00000 -0.00000 74.09436 56.65358 -9.65128 -34.91523 -39.47879 97.53572 -0.00000 -21.50330 -0.00000 -5.63964 0.70853 -7.13773 7.12502 -0.00000 -0.00000 19.91547 3.03631 -36.68220
0.37657 0.94302 -0.01407 16.64778 -4.21440 285.79258 -0.00000 0.00000 -0.00000 343.12709 -4.14203 9.15764 -7.15376 41.45987 18.75726 0.20870 3.78477 -3.45740 -10.10786 -47.01410 -22.98579 -0.00000 0.00000 -0.00000 -338.09252 -42.09148 -353.46675 7.61185 42.44374 -19.44248 -4.79835 -28.00892 -6.26379 3.60070 31.31962 -12.79528 2.37220 -1.18862 -2.35419 -0.93351 1.49525 -3.18129 -2.43233 2.01349 -1.54641 -0.63380 -0.48944 -5.06466 -0.31164 -21.49011 -7.80485 0.88401 -6.36787 -3.98709 0.00000 0.00000 0.00000 -76.59447 58.55351 6.60969 35.26281 -35.55578 -90.50562 0.00000 -14.86580 0.00000 15.30371 -12.84818 -39.09851 -7.12502 -0.00000 0.00000 -3.62368 5.34313 -10.78096 0.00000 0.00000 0.00000 58.62012 53.90446 -0.29539 -35.07487 -38.39593 95.54739 -0.00000 -24.22690 -0.00000 -7.31472 0.86894 -6.73785 7.12502 -0.00000 -0.00000 18.30297 2.86935 -36.39433
0.40966 0.94134 -0.01607 17.53501 -3.52430 289.34967 -0.00000 0.00000 -0.00000 341.01887 2.29361 9.68581 -2.16796 24.98225 9.76368 -0.14081 -2.37561 -3.39516 -6.75117 -40.54922 -18.14369 -0.00000 0.00000 -0.00000 -338.78199 -44.46943 -351.98791 7.50192 42.21244 -19.27922 -5.56649 -28.47717 -7.82929 4.16492 33.33305 -13.85021 2.38074 -2.64324 -2.46477 -0.56862 0.97077 -3.36147 -2.12220 2.29899 -1.63712 -1.90549 -1.45056 -5.20315 -0.82338 -19.25458 -7.93407 0.82088 -5.47768 -3.92101 0.00000 0.00000 0.00000 -71.52327 56.73687 -1.81184 35.07377 -31.99746 -84.43661 0.00000 -12.79260 0.00000 16.01298 -12.88894 -37.85596 -7.12502 -0.00000 0.00000 -3.41426 4.82193 -9.63490 0.00000 0.00000 0.00000 45.15695 49.64510 7.16681 -35.24891 -36.17366 91.58418 -0.00000 -26.10490 -0.00000 -8.03944 1.03448 -7.28425 7.12502 -0.00000 -0.00000 17.62673 2.57205 -36.96085
0.44370 0.93510 -0.01857 18.37749 -1.90309 294.11179 -0.00000 0.00000 -0.00000 341.22116 3.58807 10.82214 -0.77397 15.35580 5.73641 -1.05662 -6.34767 -9.41075 -6.01831 -38.76726 -16.99554 -0.00000 0.00000 -0.00000 -338.58682 -46.00688 -348.58754 7.36689 41.92425 -19.07770 -7.55912 -31.03977 -10.61895 5.05774 36.14335 -15.41650 3.30323 -3.82508 -2.90684 -0.12641 0.22478 -4.02408 -2.24562 2.12413 -1.96929 -3.15899 -1.86283 -5.59814 -1.12705 -17.26956 -8.36870 0.86807 -4.75778 -4.04096 -0.00000 0.00000 0.00000 -65.31750 55.80837 -10.93541 34.39770 -28.18907 -78.09587 0.00000 -11.80560 0.00000 16.60662 -12.45282 -35.86806 -7.12502 -0.00000 0.00000 -3.46104 4.54567 -7.65202 -0.00000 0.00000 0.00000 33.91232 45.69312 12.58775 -35.15527 -32.80251 85.79246 -0.00000 -27.05710 -0.00000 -9.91675 1.42005 -8.06790 7.12502 -0.00000 -0.00000 15.83950 2.04327 -37.83727
0.48253 0.92668 -0.02633 18.70123 0.01016 300.52120 -0.00000 0.00000 -0.00000 342.20865 2.15233 10.65570 -0.53953 12.88415 4.77565 -2.13301 -6.55681 -15.45584 -4.33999 -33.91739 -14.16636 -0.00000 0.00000 -0.00000 -339.04747 -47.60850 -345.34561 7.31790 41.81855 -19.00429 -11.31424 -35.08760 -15.16559 6.59419 40.18160 -17.90131 4.09667 -3.96048 -3.71907 0.13957 -0.18524 -5.14575 -2.45316 1.65838 -2.53873 -3.98210 -1.25140 -6.38768 -0.93087 -16.83885 -9.40173 1.14805 -4.65730 -4.49469 -0.00000 0.00000 0.00000 -56.13253 55.76377 -22.12618 33.31346 -24.54553 -72.04062 0.00000 -10.55680 0.00000 17.15938 -11.68039 -33.25135 -7.12502 -0.00000 0.00000 -3.66494 4.37426 -4.97633 -0.00000 0.00000 0.00000 26.32907 42.29743 16.27722 -34.46539 -28.47769 78.57418 -0.00000 -26.30850 -0.00000 -11.92775 2.23633 -10.46605 7.12502 -0.00000 -0.00000 13.88249 1.15108 -40.35314
0.52740 0.91859 -0.03985 18.03176 1.49116 307.29543 -0.00000 0.00000 -0.00000 342.51762 1.71635 8.47982 -0.62839 13.87873 5.15959 -1.09793 -6.60503 -9.49871 -3.55312 -31.13980 -12.70350 -0.00000 0.00000 -0.00000 -342.19684 -50.12120 -346.54183 7.26080 41.69457 -18.91856 -14.13468 -37.05937 -18.69278 8.25180 43.73405 -20.37919 5.02535 -2.09473 -4.50530 0.20963 0.04801 -6.12890 -2.77668 0.70302 -3.04349 -4.65736 -1.32218 -7.38984 -0.44673 -15.89324 -10.64832 1.56599 -4.76301 -5.09671 0.00000 0.00000 -0.00000 -45.18703 56.37366 -33.81936 32.33126 -22.07304 -67.86886 0.00000 -7.10059 0.00000 15.75477 -9.67682 -30.78709 -7.12502 -0.00000 0.00000 -5.34912 5.76783 -2.02552 0.00000 0.00000 -0.00000 26.10979 39.90883 15.14780 -33.55654 -25.25038 73.21751 -0.00000 -21.18020 -0.00000 -13.65563 4.10060 -16.40061 7.12502 -0.00000 -0.00000 11.88696 -0.31605 -46.50110
0.57344 0.91055 -0.05784 16.22974 3.37980 311.63180 -0.00000 0.00000 -0.00000 344.38233 -2.16956 7.46702 -1.39974 20.38570 7.77342 -1.27310 -10.25470 -8.64602 -2.39253 -26.12848 -10.28424 -0.00000 0.00000 -0.00000 -342.38585 -50.71752 -345.11554 6.68175 40.38755 -18.03673 -16.60238 -38.76710 -21.40416 10.00290 46.84454 -22.84212 5.90289 1.35445 -4.40336 0.82779 0.99568 -5.80501 -2.37815 -0.22521 -2.88475 -4.54890 -1.77778 -8.49653 0.04877 -15.92649 -12.05279 1.78827 -4.60825 -5.82152 -0.00000 0.00000 0.00000 -36.46457 57.46722 -42.25969 32.37976 -22.18404 -68.05800 0.00000 -1.15835 0.00000 13.37729 -8.83947 -32.86894 -7.12502 -0.00000 0.00000 -6.71565 7.70876 -3.72241 -0.00000 0.00000 0.00000 31.86375 38.72104 9.32740 -33.66341 -25.57602 73.75993 -0.00000 -18.35550 -0.00000 -15.83968 6.12657 -20.61451 7.12502 -0.00000 -0.00000 9.22475 -1.00468 -51.16195
0.61647 0.90335 -0.07736 16.58952 2.94826 313.23229 -0.00000 0.00000 -0.00000 343.18989 -6.33496 7.51263 -1.94909 23.79084 9.23363 -3.02120 -15.97734 -13.34413 -2.90768 -28.51761 -11.40627 -0.00000 0.00000 -0.00000 -343.61727 -50.68788 -340.42245 6.08926 38.94738 -17.10863 -17.22105 -38.59738 -22.59051 11.44045 49.02739 -24.77805 2.20452 4.77083 -3.77838 0.96777 2.47907 -4.94716 -0.04726 -0.20676 -2.46446 -4.69098 -0.02408 -9.10923 1.63634 -18.90811 -12.92429 2.52706 -5.14005 -6.27721 0.00000 0.00000 0.00000 -32.04039 59.27928 -45.49027 33.37289 -24.71361 -72.32165 0.00000 -1.43300 0.00000 12.98253 -8.85915 -33.74301 -7.12502 -0.00000 0.00000 -6.79830 8.04002 -4.55765 0.00000 0.00000 0.00000 41.23824 39.14495 2.88755 -34.47590 -28.52352 78.65014 -0.00000 -20.38310 -0.00000 -13.89462 4.56770 -17.84483 7.12502 -0.00000 -0.00000 11.52275 -0.61262 -48.00219
0.65850 0.89718 -0.09640 18.19841 2.97708 314.15030 -0.00000 0.00000 -0.00000 340.74265 -10.55764 4.27889 -2.41393 26.23406 10.33274 -4.95877 -21.62895 -16.88088 -3.47379 -30.83619 -12.54941 -0.00000 0.00000 -0.00000 -345.99989 -51.74344 -335.48965 5.64035 37.77759 -16.38536 -12.73439 -31.07494 -22.02289 8.97824 45.09310 -21.41712 -1.55625 6.61702 -3.22276 0.62574 3.79019 -4.40570 1.69921 0.38361 -2.24770 -4.94002 1.96210 -9.09240 3.22110 -20.19395 -12.81394 3.27195 -5.72035 -6.28385 -0.00000 0.00000 0.00000 -30.71318 62.96793 -44.59969 34.39629 -28.18320 -78.08614 0.00000 -7.25278 0.00000 13.50409 -9.02277 -33.14558 -7.12502 -0.00000 0.00000 -6.54459 7.59433 -4.03936 -0.00000 0.00000 0.00000 54.01952 41.13444 -3.07289 -35.05206 -31.81338 84.12766 -0.00000 -20.56300 -0.00000 -7.50667 1.88865 -14.04219 7.12502 -0.00000 -0.00000 18.15256 0.51792 -43.42074
0.69962 0.89196 -0.11439 18.85980 4.93236 316.00943 -0.00000 0.00000 -0.00000 339.44775 -16.89223 -0.94689 -3.66279 31.55177 12.91433 -5.93255 -26.92805 -17.80495 -3.40296 -30.56103 -12.41068 -0.00000 0.00000 -0.00000 -350.33121 -56.43596 -339.09072 5.75753 38.09000 -16.57598 -3.12929 -15.61995 -11.40738 1.65975 22.08180 -8.49125 -1.96543 8.23351 -3.20982 0.57488 4.91503 -4.45107 1.90509 0.68937 -2.29706 -5.32643 1.95090 -9.06568 4.07026 -19.55965 -12.62971 3.52091 -5.44746 -6.24445 -0.00000 0.00000 0.00000 -34.80126 67.71188 -39.00645 35.03326 -31.66122 -83.87255 0.00000 -12.20170 0.00000 11.65432 -7.95701 -33.86745 -7.12502 -0.00000 0.00000 -7.80637 9.21008 -4.41802 -0.00000 0.00000 0.00000 69.06144 43.77859 -9.22160 -35.25487 -34.54434 88.75816 -0.00000 -18.11010 -0.00000 -1.67398 0.33399 -11.28012 7.12502 -0.00000 -0.00000 23.86722 2.10438 -40.25580
0.73907 0.88615 -0.13390 17.82555 5.20838 316.10008 -0.00000 0.00000 -0.00000 338.51434 -23.26986 -2.48590 -5.94995 38.59206 16.88616 -4.84565 -30.95361 -15.18544 -3.34619 -30.33761 -12.29867 -0.00000 0.00000 -0.00000 -350.82527 -59.70747 -339.74244 8.04985 43.33683 -20.08600 -0.22580 -7.99020 -0.38388 0.02447 2.77418 -1.01056 -2.58155 13.40458 -2.66759 0.45748 6.45717 -3.93797 2.31640 -0.48734 -2.07091 -6.20836 1.35783 -8.75260 5.17336 -19.95310 -12.09033 3.94419 -5.37907 -6.01114 -0.00000 0.00000 0.00000 -47.77739 71.15852 -25.90115 35.23726 -34.04505 -87.90292 0.00000 -13.36280 0.00000 9.02826 -6.39228 -35.01911 -7.12502 -0.00000 0.00000 -9.53802 11.59902 -5.11482 -0.00000 0.00000 0.00000 84.57644 46.34354 -14.91684 -35.25212 -36.07420 91.40995 -0.00000 -12.07340 -0.00000 3.16864 -0.46284 -8.30186 7.12502 -0.00000 -0.00000 28.36513 4.23688 -37.20818
0.77755 0.88063 -0.15334 15.34058 5.39270 314.87890 -0.00000 0.00000 -0.00000 340.00423 -28.70987 -1.52944 -8.66375 44.51766 20.97086 -4.58521 -32.47298 -14.63173 -2.91214 -28.53704 -11.41562 -0.00000 0.00000 -0.00000 -346.64915 -62.94283 -338.93927 15.92244 54.34056 -30.48253 -0.04581 -7.60532 0.97168 0.13643 6.53460 -2.38946 -2.47978 19.69796 -2.02344 0.50233 7.68202 -3.28850 2.47425 -2.52363 -1.75154 -7.18690 0.94131 -8.29977 5.62042 -20.96966 -11.51042 4.24861 -5.58683 -5.69284 0.00000 0.00000 0.00000 -67.85351 70.90953 -6.96039 35.26149 -34.86779 -89.31471 0.00000 -12.30350 0.00000 8.86147 -6.37924 -35.47599 -7.12502 -0.00000 0.00000 -9.53456 11.78070 -5.55668 0.00000 0.00000 0.00000 98.86890 48.67764 -20.53921 -35.25212 -36.07420 91.40995 -0.00000 -7.41618 -0.00000 6.02756 -0.86904 -8.17406 7.12502 -0.00000 -0.00000 31.06117 4.91210 -36.90884
0.80975 0.87430 -0.17251 13.02655 6.08528 312.84493 -0.00000 0.00000 -0.00000 343.56333 -33.32389 1.60836 -10.85508 48.17350 23.99769 -5.23984 -33.37455 -15.78869 -2.82177 -28.13973 -11.22524 -0.00000 0.00000 -0.00000 -338.84281 -65.27969 -335.01244 38.21923 66.27522 -55.91162 0.27758 -6.32880 3.62735 0.14915 6.83074 -2.49883 -3.24838 23.48771 -1.07483 0.14832 8.15469 -2.39973 2.42516 -3.97262 -1.31917 -7.22016 1.60144 -7.98960 6.08246 -21.89384 -11.09627 4.47592 -5.98535 -5.51737 0.00000 0.00000 -0.00000 -84.15999 67.25869 8.82028 35.26315 -35.00478 -89.55106 0.00000 -11.39130 0.00000 10.96552 -7.67106 -34.56440 -7.12502 -0.00000 0.00000 -8.15454 9.83548 -5.00834 0.00000 0.00000 -0.00000 110.19822 50.08279 -26.52636 -35.26430 -35.19328 89.87689 -0.00000 -5.80484 -0.00000 5.89733 -1.06090 -10.16225 7.12502 -0.00000 -0.00000 31.10061 3.86002 -38.63250
0.83596 0.86758 -0.19014 14.63014 7.21005 310.51251 -0.00000 0.00000 -0.00000 344.75580 -40.42114 3.84231 -13.08378 51.20281 26.91917 -5.39677 -33.26748 -16.07410 -3.15757 -29.57594 -11.92094 -0.00000 0.00000 -0.00000 -332.43927 -69.14009 -331.62855 81.94815 69.53752 -102.72741 0.61256 -3.15161 8.73185 0.02188 -2.62325 0.95550 -6.18062 22.06538 0.07476 -1.16292 7.61549 -1.55456 2.35565 -3.85699 -0.90897 -7.36527 2.28562 -8.14885 8.00929 -22.51666 -11.04746 5.19559 -6.14878 -5.64231 -0.00000 0.00000 0.00000 -92.71683 62.96330 17.99015 35.26437 -35.29578 -90.05438 0.00000 -12.14690 0.00000 12.53841 -8.52329 -33.68045 -7.12502 -0.00000 0.00000 -7.16290 8.43145 -4.40047 -0.00000 0.00000 0.00000 114.60380 50.69340 -30.98858 -35.26122 -34.84979 89.28369 -0.00000 -2.86196 -0.00000 5.64565 -1.05641 -10.56441 7.12502 -0.00000 -0.00000 30.88967 3.60536 -38.99942
0.85718 0.87198 -0.20437 17.54008 9.67115 309.49397 -0.00000 0.00000 -0.00000 345.06681 -47.28087 4.54379 -13.52588 51.73862 27.48430 -6.03606 -30.73441 -17.44351 -2.85189 -28.27309 -11.28897 -0.00000 0.00000 -0.00000 -333.71041 -71.03014 -338.38872 108.71044 64.00393 -131.72228 0.60303 -1.54952 11.01854 0.00971 1.74819 -0.63650 -7.38293 16.91211 0.19146 -2.37241 6.94085 -1.20767 1.67233 -1.94771 -0.76542 -7.27028 2.08137 -8.64921 9.40029 -22.54500 -11.49182 5.65238 -5.97382 -5.98999 0.00000 0.00000 -0.00000 -93.93904 60.59347 20.47999 35.26304 -35.53378 -90.46738 0.00000 -12.59630 0.00000 13.52829 -9.18057 -33.54901 -7.12502 -0.00000 0.00000 -6.42137 7.56366 -4.46857 0.00000 0.00000 -0.00000 112.26809 50.77360 -32.26094 -35.26366 -35.06528 89.65555 -0.00000 -0.04825 -0.00000 3.71105 -0.49865 -7.64229 7.12502 -0.00000 -0.00000 28.82847 4.66595 -36.59287
0.87454 0.88733 -0.21706 20.25316 12.51237 309.91082 -0.00000 0.00000 -0.00000 343.29772 -51.97132 2.93062 -11.68697 49.37375 25.10370 -4.85868 -27.66615 -15.50174 -3.02139 -29.00652 -11.64260 -0.00000 0.00000 -0.00000 -343.60428 -68.43989 -355.96339 115.58138 60.74659 -139.47160 0.36839 0.25357 12.08549 0.12780 6.32578 -2.31243 -6.85877 11.43369 -0.25446 -3.51779 6.15897 -1.21035 0.21760 0.11090 -0.76723 -7.19600 0.78934 -9.58532 10.55949 -21.19048 -12.52720 5.87722 -5.13511 -6.58941 0.00000 0.00000 0.00000 -88.85537 61.21848 17.78384 35.25671 -35.90574 -91.11540 0.00000 -12.68740 0.00000 14.38162 -9.77777 -33.51712 -7.12502 -0.00000 0.00000 -5.76188 6.81365 -4.61875 0.00000 0.00000 0.00000 106.86548 49.84847 -30.84164 -35.25950 -35.77676 90.89033 -0.00000 -2.26037 -0.00000 2.38429 -0.33029 -7.88226 7.12502 -0.00000 -0.00000 27.59071 4.27201 -36.88740
0.88883 0.90616 -0.22908 21.48650 14.43546 310.50364 -0.00000 0.00000 -0.00000 341.06727 -53.37921 0.36064 -9.29158 45.64803 21.85741 -2.71301 -25.10005 -11.03973 -2.98963 -28.87122 -11.57695 -0.00000 0.00000 -0.00000 -350.41029 -60.68927 -369.82010 111.50037 62.82787 -134.84172 -0.39301 4.22110 15.38782 1.02766 17.60129 -6.63057 -6.10899 8.04246 -0.48291 -4.60587 5.38089 -1.15963 -1.32694 1.10621 -0.71130 -7.15414 -0.17519 -10.52915 12.44386 -19.19479 -13.52562 6.25919 -4.10309 -7.19671 -0.00000 0.00000 -0.00000 -79.24338 63.18456 11.02650 35.24320 -36.32709 -91.85343 0.00000 -11.91820 0.00000 14.60600 -9.87067 -33.33803 -7.12502 -0.00000 0.00000 -5.63168 6.62494 -4.47868 -0.00000 0.00000 -0.00000 100.38290 47.81183 -28.51741 -35.22680 -36.67634 92.46853 -0.00000 -4.70238 -0.00000 -0.64345 0.09057 -8.01215 7.12502 -0.00000 -0.00000 24.72085 3.61851 -37.19421
0.90267 0.92028 -0.24092 21.08907 15.04281 309.23641 -0.00000 0.00000 -0.00000 342.04036 -52.07161 -0.79245 -8.04767 43.33251 20.08283 -0.22331 -25.99956 -5.20105 -3.31819 -30.22641 -12.24313 -0.00000 0.00000 -0.00000 -350.77881 -50.84266 -373.99371 95.76940 67.67933 -117.55834 -1.40535 7.55227 18.70517 2.40059 26.16833 -10.30253 -5.60111 6.54444 0.14189 -5.59650 4.76817 -0.20805 -2.66375 1.26870 -0.20950 -6.33040 -0.75362 -11.39290 13.77865 -16.79312 -14.55743 6.30760 -3.12795 -7.79472 0.00000 0.00000 0.00000 -66.65583 64.99115 1.03145 35.22995 -36.61640 -92.36273 0.00000 -10.14330 0.00000 15.07364 -10.23364 -33.41098 -7.12502 -0.00000 0.00000 -5.24810 6.20903 -4.65978 0.00000 0.00000 0.00000 93.65053 44.55235 -25.77789 -35.15318 -37.67609 94.24772 -0.00000 -7.95483 -0.00000 -4.21374 0.66427 -8.94254 7.12502 -0.00000 -0.00000 21.34433 2.63484 -38.29062
0.91835 0.92405 -0.25255 20.70636 14.64369 305.30279 -0.00000 0.00000 -0.00000 345.37463 -48.85174 -1.99390 -8.76495 44.70490 21.11495 0.69084 -27.23500 -3.27964 -2.72178 -27.69014 -11.01166 -0.00000 0.00000 -0.00000 -350.62554 -42.34946 -372.91751 67.36687 69.97796 -87.19775 0.66396 0.24891 15.86757 1.40907 20.44966 -7.80017 -4.98838 4.80527 1.16101 -6.75443 3.84021 1.25601 -4.22691 1.32240 0.54925 -5.90344 -0.80607 -11.78938 15.05999 -13.86452 -15.09189 6.35968 -2.13406 -8.07271 0.00000 0.00000 -0.00000 -55.45878 65.02618 -7.54111 35.21614 -36.86215 -92.79708 0.00000 -8.57438 0.00000 15.75777 -10.79278 -33.56908 -7.12502 -0.00000 0.00000 -4.67623 5.59101 -4.98392 0.00000 0.00000 -0.00000 86.98149 40.61589 -22.28843 -35.07369 -38.40539 95.56458 -0.00000 -10.98690 -0.00000 -6.54094 1.12946 -9.75455 7.12502 -0.00000 -0.00000 19.11833 2.00828 -39.22724
0.93333 0.91606 -0.26055 19.99038 13.59677 299.18708 -0.00000 0.00000 -0.00000 350.67001 -42.76656 -1.04735 -10.66454 47.88555 23.74142 -1.41629 -25.18079 -7.97709 -2.82154 -28.13872 -11.22476 -0.00000 0.00000 -0.00000 -352.01396 -34.58013 -370.43382 35.36416 65.43735 -52.78306 1.12372 -11.39397 7.60579 1.02138 17.54967 -6.60976 -3.73895 2.00471 2.16981 -7.48505 2.92236 2.81279 -5.62454 2.09653 1.35904 -5.51707 -0.85638 -11.40349 15.59171 -10.84109 -14.69756 6.16818 -1.30522 -7.80914 -0.00000 0.00000 0.00000 -49.10433 62.91060 -12.04940 35.22712 -36.67035 -92.45795 0.00000 -6.58818 0.00000 15.84876 -10.91518 -33.70334 -7.12502 -0.00000 0.00000 -4.57263 5.49826 -5.14819 -0.00000 0.00000 0.00000 80.88057 36.31757 -17.71089 -35.03167 -38.72571 96.14850 -0.00000 -10.99550 -0.00000 -7.67988 1.32824 -9.75374 7.12502 -0.00000 -0.00000 18.01565 1.85557 -39.31418
0.94602 0.89840 -0.26578 19.48507 11.99816 292.55434 -0.00000 0.00000 -0.00000 353.44233 -33.27961 -0.65579 -10.33069 47.36847 23.28953 -3.89351 -24.16895 -13.85555 -3.70806 -31.71926 -13.00062 -0.00000 0.00000 -0.00000 -355.61933 -27.84446 -368.86421 14.97012 53.36333 -29.30323 -1.04342 -20.95211 0.57021 1.73320 22.53179 -8.68477 -1.77389 -0.29859 2.98478 -7.95104 1.63872 3.99054 -7.15147 2.31450 1.99173 -4.72580 -0.41972 -10.83929 15.23747 -8.25605 -14.11386 5.74410 -0.80455 -7.44292 0.00000 0.00000 -0.00000 -47.29780 60.97029 -12.19129 35.24243 -36.34608 -91.88679 0.00000 -4.54269 0.00000 16.29825 -10.87625 -32.83567 -7.12502 -0.00000 0.00000 -4.43310 5.17618 -4.32675 0.00000 0.00000 -0.00000 77.71788 31.61301 -13.68526 -35.03373 -38.71079 96.12123 -0.00000 -8.48278 -0.00000 -10.40171 1.90488 -10.26400 7.12502 -0.00000 -0.00000 15.37245 1.37106 -40.02605
0.95145 0.87664 -0.27118 19.66368 9.18919 285.57435 -0.00000 0.00000 -0.00000 352.80778 -23.59131 0.31844 -7.36074 41.91102 19.06849 -6.78093 -30.83678 -18.80742 -3.40266 -30.55984 -12.41008 -0.00000 0.00000 -0.00000 -360.09068 -22.39426 -364.48760 6.13028 39.05074 -17.17381 -4.65100 -29.06752 -5.29188 2.79953 28.04064 -11.17800 -1.52552 -2.34847 3.42972 -7.82315 0.23100 4.60567 -7.08277 2.08027 2.28180 -3.93298 -0.37441 -9.82225 13.83108 -5.91062 -12.91624 5.01475 -0.43896 -6.72937 0.00000 0.00000 0.00000 -49.43706 59.92851 -8.68420 35.24775 -36.20665 -91.64202 0.00000 -3.13569 0.00000 15.39186 -9.96303 -32.14803 -7.12502 -0.00000 0.00000 -5.30956 6.00653 -3.39076 0.00000 0.00000 0.00000 77.07134 27.98071 -10.91578 -35.04432 -38.63273 95.97864 -0.00000 -5.10041 -0.00000 -11.79937 2.50228 -11.80469 7.12502 -0.00000 -0.00000 13.97693 0.82890 -41.67361
0.95295 0.86115 -0.28541 20.76645 4.45427 279.45518 -0.00000 0.00000 -0.00000 348.57852 -18.83150 2.50589 -5.29652 36.83016 15.81806 -3.70493 -40.11951 -13.35715 -5.16812 -36.46389 -15.60293 -0.00000 0.00000 -0.00000 -363.78419 -17.81028 -348.00464 3.72234 31.77182 -13.02777 -15.76034 -44.00465 -15.91579 3.90901 32.44579 -13.37896 -6.49363 -4.01306 2.30377 -6.65980 -0.11423 3.33581 -3.04922 2.15338 1.55449 -5.14418 -2.72397 -7.85331 13.55343 -4.64585 -10.32229 4.91517 0.09796 -5.28308 -0.00000 0.00000 0.00000 -55.67593 58.52190 -2.11391 35.23535 -36.50698 -92.16986 0.00000 -1.49879 0.00000 14.50125 -9.07827 -31.38521 -7.12502 -0.00000 0.00000 -6.20030 6.78377 -2.39457 -0.00000 0.00000 0.00000 76.91148 28.49861 -7.24300 -34.99461 -38.98360 96.62121 -0.00000 -2.67293 -0.00000 -12.26541 3.10466 -13.98893 7.12502 -0.00000 -0.00000 13.43158 0.26275 -43.89994
0.95610 0.86114 -0.30372 21.51509 1.55487 272.49844 -0.00000 0.00000 -0.00000 345.68679 -16.45605 2.72731 -4.41483 34.16186 14.30005 3.12208 -44.23769 -3.45829 -5.04065 -36.09326 -15.38752 -0.00000 0.00000 -0.00000 -365.20176 -22.54670 -342.45271 3.66223 31.54966 -12.91324 -17.63504 -44.90318 -18.03336 3.21180 29.79803 -12.03043 -9.17566 -3.94971 1.44419 -6.02686 0.23701 2.29907 -0.96916 2.34748 0.98041 -5.35313 -6.61138 -6.12089 14.25584 -4.69575 -7.95553 5.03755 0.52858 -4.00102 0.00000 0.00000 0.00000 -60.30846 58.96518 4.32692 35.22238 -36.75627 -92.60974 0.00000 -1.76421 0.00000 14.41535 -9.09594 -31.59269 -7.12502 -0.00000 0.00000 -6.21732 6.85089 -2.59538 0.00000 0.00000 0.00000 82.48962 32.74518 -5.48714 -34.89924 -39.57097 97.70697 -0.00000 -3.79269 -0.00000 -12.84528 3.12228 -13.43415 7.12502 -0.00000 -0.00000 12.88265 0.36396 -43.40909
0.95741 0.86947 -0.32206 19.73575 2.19604 263.60222 -0.00000 0.00000 -0.00000 347.75902 -12.71265 3.69758 -4.35764 33.97533 14.19797 8.04970 -42.56441 4.84901 -5.08421 -36.22071 -15.46133 -0.00000 0.00000 -0.00000 -362.03440 -34.43489 -356.40270 5.01903 36.02965 -15.35077 -4.22219 -27.38789 -5.21211 0.93503 16.82155 -6.31754 -7.53475 -2.26403 1.54510 -5.39113 1.35268 2.26757 -1.21975 2.59545 0.96963 -3.02395 -7.27509 -3.95216 12.70385 -6.15343 -5.13650 4.71883 -0.24209 -2.69425 -0.00000 0.00000 0.00000 -68.33079 61.66040 13.81076 35.24500 -36.28112 -91.77268 0.00000 -5.75572 0.00000 14.33062 -8.81517 -30.95845 -7.12502 -0.00000 0.00000 -6.44083 6.93134 -1.91027 -0.00000 0.00000 0.00000 91.32410 39.76937 -7.25232 -34.98684 -39.03525 96.71617 -0.00000 -5.80208 -0.00000 -12.07438 2.38582 -11.01234 7.12502 -0.00000 -0.00000 13.72795 1.00102 -40.90950
0.95535 0.87914 -0.34422 18.08779 2.62456 256.53894 -0.00000 0.00000 -0.00000 350.01217 -12.09901 3.80902 -6.19694 39.21750 17.27943 7.83824 -36.71928 7.50436 -5.47730 -37.33419 -16.11787 -0.00000 0.00000 -0.00000 -355.36022 -39.34888 -358.31405 8.64712 44.48668 -20.94713 -0.05804 -19.00385 3.19135 0.23826 8.61683 -3.16174 -7.25590 -1.31648 1.19276 -5.14253 2.46312 1.75066 -1.14199 3.23324 0.67508 0.56329 -6.13577 -1.60834 9.92794 -6.27027 -2.19786 3.08969 -0.81450 -1.31987 -0.00000 0.00000 -0.00000 -80.89577 64.84351 26.88308 35.26412 -35.38528 -90.20954 0.00000 -11.35340 0.00000 14.93916 -8.32099 -28.47543 -7.12502 -0.00000 0.00000 -6.54526 6.45549 0.58122 -0.00000 0.00000 -0.00000 100.59215 45.91170 -11.94462 -35.19551 -37.16921 93.34210 -0.00000 -4.61045 -0.00000 -10.35015 1.91543 -10.37101 7.12502 -0.00000 -0.00000 15.42167 1.34748 -40.12745
0.95218 0.88586 -0.36510 17.56969 3.71790 254.12093 -0.00000 0.00000 -0.00000 352.43119 -15.98044 -2.37529 -13.00605 51.10658 26.81937 3.42359 -25.47648 4.22962 -4.66942 -34.97109 -14.74877 -0.00000 0.00000 -0.00000 -348.24425 -39.89401 -356.73265 13.16714 51.30531 -27.02605 2.05617 -15.58517 10.30190 0.10750 5.80427 -2.12032 -5.35550 0.05055 -0.48452 -4.57100 3.17810 -0.61059 -1.75111 3.25694 -0.45736 2.94946 -5.79195 0.73752 6.73280 -4.64278 0.73265 1.59930 -0.48587 0.20606 -0.00000 0.00000 -0.00000 -92.43293 67.06115 37.25733 35.23283 -33.94862 -87.73825 0.00000 -17.09460 0.00000 13.93158 -7.13267 -26.59043 -7.12502 -0.00000 0.00000 -7.80085 7.15106 2.73956 -0.00000 0.00000 -0.00000 108.70781 48.41836 -18.72660 -35.26313 -35.00278 89.54760 -0.00000 -1.82068 -0.00000 -6.86989 1.14374 -9.40709 7.12502 -0.00000 -0.00000 18.79509 2.07719 -38.92082
0.94749 0.88393 -0.38213 16.63503 5.96480 251.56080 -0.00000 0.00000 -0.00000 355.70055 -21.10626 -8.35656 -31.36486 64.03330 48.36148 -1.41381 -12.67064 -8.57041 -4.89874 -35.67199 -15.14540 -0.00000 0.00000 -0.00000 -341.15186 -36.37722 -354.89700 14.84507 53.22974 -29.14726 2.95650 -16.84382 12.87621 0.21333 8.15791 -2.99082 -1.57888 2.93765 -1.48726 -3.34729 3.99824 -2.09289 -2.60686 2.39399 -1.09807 4.86829 -5.59841 2.95385 2.69687 -4.32295 3.58012 0.05413 -0.37328 1.64860 -0.00000 0.00000 0.00000 -99.59983 68.88734 40.81069 35.13756 -32.60758 -85.46342 0.00000 -17.44650 0.00000 10.81251 -5.02640 -24.64321 -7.12502 -0.00000 0.00000 -10.82747 9.15316 5.24873 -0.00000 0.00000 0.00000 112.86792 47.31847 -24.49263 -35.20499 -33.45417 86.89633 -0.00000 -2.01077 -0.00000 -0.82059 0.13408 -9.27904 7.12502 -0.00000 -0.00000 24.61631 3.05736 -38.36022
0.93520 0.87636 -0.39802 15.17040 6.56955 248.01580 -0.00000 0.00000 -0.00000 358.94171 -27.51550 -8.87935 -70.67255 69.99856 90.71571 -1.75997 -4.55814 -15.68302 -4.53507 -34.54830 -14.51313 -0.00000 0.00000 -0.00000 -338.93943 -30.60134 -356.45574 12.04029 49.85727 -25.56754 3.44074 -26.06024 12.63732 0.01737 2.33735 -0.85123 1.60391 4.71948 -1.76042 -2.71805 4.87886 -2.44276 -3.72402 2.20053 -1.20297 5.56860 -3.44538 4.72619 -0.26871 -6.28274 6.06209 -1.09780 -1.19074 2.85025 0.00000 0.00000 -0.00000 -101.29475 70.08638 37.27015 35.03526 -31.67713 -83.89921 0.00000 -12.30040 0.00000 7.92416 -3.81373 -25.54096 -7.12502 -0.00000 0.00000 -13.00554 11.27676 4.74744 0.00000 0.00000 -0.00000 113.25624 45.97138 -27.68646 -35.10190 -32.25185 84.86420 -0.00000 -5.13709 -0.00000 0.46753 -0.09426 -11.39812 7.12502 -0.00000 -0.00000 25.94792 2.35392 -40.17539
0.91498 0.86913 -0.41241 16.32542 5.99917 242.15511 -0.00000 0.00000 -0.00000 368.40547 -37.42778 -0.82212 -106.54778 64.80269 129.32440 -0.82952 -0.92079 -14.69991 -3.07921 -29.25037 -11.76138 -0.00000 0.00000 -0.00000 -338.50016 -28.55649 -359.42636 9.64032 46.24521 -22.34264 6.25782 -29.95286 17.95663 0.05336 4.09392 -1.49277 5.24416 3.54068 -1.07814 -2.31439 4.62755 -1.46375 -5.39061 2.62027 -0.59442 5.96862 -2.60904 6.20199 -2.77346 -6.00855 8.02487 -2.00904 -1.06622 3.88150 -0.00000 0.00000 -0.00000 -98.44829 69.54071 28.44627 34.96045 -31.12230 -82.97082 0.00000 -6.84563 0.00000 7.17574 -3.85574 -28.10735 -7.12502 -0.00000 0.00000 -12.95436 12.27371 2.25736 -0.00000 0.00000 -0.00000 111.80839 45.48346 -29.14324 -34.95873 -31.11039 82.95093 -0.00000 -4.96757 -0.00000 -4.85680 0.99496 -11.54980 7.12502 -0.00000 -0.00000 20.77538 1.60154 -40.78660
0.89517 0.86378 -0.42287 18.23228 4.27666 232.66929 -0.00000 0.00000 -0.00000 388.85155 -44.34130 19.66657 -120.58795 57.40446 145.30401 0.12720 3.85725 -19.53503 -2.64973 -27.35937 -10.85575 -0.00000 0.00000 -0.00000 -336.84713 -30.27443 -356.91252 10.09920 47.00017 -22.97395 8.68742 -26.11544 23.45208 0.21898 8.26421 -3.03037 7.26392 2.85898 0.72458 -1.87318 4.17000 0.93926 -6.02302 2.89065 0.66322 7.00714 -2.67229 7.98778 -6.18389 -4.90364 10.33705 -3.26240 -0.35428 5.08133 0.00000 0.00000 -0.00000 -92.99923 65.48717 17.27349 34.85366 -30.43491 -81.82428 0.00000 -2.01729 0.00000 9.63669 -5.69680 -30.31090 -7.12502 -0.00000 0.00000 -10.36983 10.68308 -0.37117 0.00000 0.00000 -0.00000 106.08273 46.51848 -26.22081 -34.72815 -29.73024 80.65223 -0.00000 -5.22516 -0.00000 -8.64281 1.88081 -12.18446 7.12502 -0.00000 -0.00000 17.06856 1.00079 -41.74419
0.87580 0.86452 -0.43274 17.09550 2.67002 228.17155 -0.00000 0.00000 -0.00000 399.25212 -47.60159 32.01197 -123.95832 54.45814 149.37082 1.18305 7.10115 -24.81353 -4.51637 -34.48871 -14.48013 -0.00000 0.00000 -0.00000 -339.12302 -30.31705 -357.90185 10.83681 48.14612 -23.97318 9.16103 -21.25735 26.33849 0.67371 14.35680 -5.34538 6.53437 4.20280 0.51272 -1.72320 5.03791 0.63726 -5.46641 2.98080 0.48268 8.12001 -2.35194 9.85178 -8.77732 -4.48264 12.82580 -4.33051 0.17311 6.34050 -0.00000 0.00000 0.00000 -86.19476 59.49644 8.39820 34.80694 -30.16182 -81.36972 0.00000 -1.09425 0.00000 13.62139 -8.71232 -32.00929 -7.12502 -0.00000 0.00000 -6.74238 7.51023 -2.87022 -0.00000 0.00000 0.00000 98.45163 47.78580 -19.59559 -34.58277 -29.00783 79.45314 -0.00000 -7.90056 -0.00000 -10.32266 2.39180 -12.90513 7.12502 -0.00000 -0.00000 15.39873 0.65705 -42.61583
0.85938 0.86668 -0.44193 16.28011 1.24312 226.32992 -0.00000 0.00000 -0.00000 401.70335 -54.22099 37.87637 -122.34509 55.95396 147.40659 2.15357 9.20105 -24.53758 -4.77160 -35.28657 -14.92635 -0.00000 0.00000 -0.00000 -341.47486 -32.57802 -358.64245 13.81445 52.07818 -27.85095 6.97207 -14.36505 25.49174 1.42602 20.56519 -7.84855 5.42289 5.98521 -0.30152 -1.78112 6.16310 -0.51529 -4.92037 2.99812 -0.15147 8.50737 -1.77787 11.13663 -10.47733 -5.19850 14.52515 -4.56352 0.18254 7.21216 -0.00000 0.00000 -0.00000 -75.12906 53.76242 0.39699 34.84127 -30.36108 -81.70134 0.00000 -6.72193 0.00000 17.54129 -11.29951 -31.79383 -7.12502 -0.00000 0.00000 -3.70557 4.19811 -3.50082 -0.00000 0.00000 -0.00000 92.36371 46.85869 -11.77632 -34.64666 -29.31506 79.96284 -0.00000 -10.20530 -0.00000 -11.24764 2.64164 -13.04823 7.12502 -0.00000 -0.00000 14.48040 0.55487 -42.85249
0.83887 0.86797 -0.44544 16.02203 -0.76474 223.82850 -0.00000 0.00000 -0.00000 400.56631 -61.81277 41.12603 -115.33144 60.88842 139.18532 1.32263 7.28408 -20.81177 -3.82082 -32.13028 -13.21385 -0.00000 0.00000 -0.00000 -345.35653 -40.36401 -360.74334 22.98484 59.89148 -38.87817 2.05174 -3.95942 18.24284 2.06375 24.42482 -9.51434 5.30087 8.14848 -0.80279 -2.01326 6.95358 -1.21916 -5.08061 2.54699 -0.55186 7.80892 -0.46749 12.02211 -11.90403 -6.72953 15.67393 -5.09295 -0.25447 7.85970 -0.00000 0.00000 0.00000 -64.60132 46.55114 -4.82471 34.77412 -29.97800 -81.06400 0.00000 -13.34770 0.00000 21.01832 -13.04470 -30.43151 -7.12502 -0.00000 0.00000 -1.28545 1.42174 -2.87441 -0.00000 0.00000 0.00000 88.14290 44.59961 -5.52216 -34.86105 -30.47941 81.89839 -0.00000 -13.72400 -0.00000 -13.97356 3.10701 -12.28804 7.12502 -0.00000 -0.00000 11.81938 0.55035 -42.37197
0.81360 0.86653 -0.44907 15.25932 -3.90847 221.22014 -0.00000 0.00000 -0.00000 396.59917 -68.34912 41.37403 -98.38796 67.12199 120.39457 0.06898 3.27661 -17.10970 -3.31579 -30.21686 -12.23836 -0.00000 0.00000 -0.00000 -352.56722 -51.03236 -365.56885 40.74795 66.92039 -58.66687 0.09562 0.80359 8.47319 1.52795 21.24348 -8.13423 3.79429 10.13564 -0.91433 -2.61845 7.44248 -1.51997 -4.83496 1.94244 -0.80503 7.59749 0.09235 12.60272 -12.95209 -7.52824 16.40484 -5.48566 -0.40062 8.27325 0.00000 0.00000 0.00000 -55.18379 37.72333 -8.36865 34.32427 -27.88812 -77.59718 0.00000 -17.06280 0.00000 21.68695 -12.69788 -28.93053 -7.12502 -0.00000 0.00000 -1.05906 1.11186 -1.38794 0.00000 0.00000 0.00000 86.00793 41.53137 -1.27329 -35.09967 -32.23094 84.82901 -0.00000 -16.83170 -0.00000 -14.26928 2.56227 -9.96953 7.12502 -0.00000 -0.00000 11.60982 1.01964 -40.04966
0.78717 0.85627 -0.45533 14.76557 -7.35989 218.71875 -0.00000 0.00000 -0.00000 394.88535 -73.39446 41.81310 -69.02310 69.99697 88.96040 -0.41241 0.68672 -14.03234 -2.70376 -27.60795 -10.97282 -0.00000 0.00000 -0.00000 -361.74021 -61.50155 -373.14398 64.30478 69.89652 -83.93795 0.07727 -4.07919 1.82443 1.15079 18.57863 -7.02708 1.40732 11.24006 -0.57145 -3.11810 7.66327 -1.34589 -4.01876 1.61047 -0.83754 7.75461 0.13941 12.80934 -13.76405 -7.73696 16.65942 -5.77325 -0.34570 8.41874 0.00000 0.00000 0.00000 -46.78754 29.36494 -11.10808 33.19995 -24.23151 -71.51488 0.00000 -19.22080 0.00000 22.19316 -11.82217 -26.66587 -7.12502 -0.00000 0.00000 -1.08409 1.04738 0.99180 0.00000 0.00000 0.00000 84.86568 38.30657 1.16683 -35.25310 -34.47985 88.64745 -0.00000 -19.27930 -0.00000 -15.27845 2.52696 -9.16862 7.12502 -0.00000 -0.00000 10.64745 1.07239 -39.31493
0.75954 0.83485 -0.46225 15.68431 -9.98186 216.43679 -0.00000 0.00000 -0.00000 398.71864 -77.61448 44.01477 -42.30470 67.27708 60.35680 -0.36946 0.04350 -11.51365 -1.73319 -22.53170 -8.68473 -0.00000 0.00000 -0.00000 -372.28018 -70.68775 -383.96636 80.45974 69.64721 -101.13934 0.35260 -4.19512 5.09386 1.54576 21.35919 -8.18324 0.83818 12.13113 -0.38907 -3.22439 7.54352 -1.19930 -3.80969 1.01937 -0.80365 8.44764 0.04796 13.04010 -15.16206 -7.77664 16.94670 -6.29024 -0.11180 8.57069 0.00000 0.00000 -0.00000 -40.38792 21.83333 -12.63955 31.08551 -19.50011 -63.41697 0.00000 -21.05260 0.00000 23.37295 -11.27783 -24.34741 -7.12502 -0.00000 0.00000 -0.54196 0.48300 3.29343 0.00000 0.00000 -0.00000 83.43125 35.43815 3.84473 -35.25532 -35.96123 91.21234 -0.00000 -19.33310 -0.00000 -15.73971 2.34103 -8.24664 7.12502 -0.00000 -0.00000 10.21960 1.19418 -38.40579
0.73138 0.80254 -0.46805 16.48195 -11.62467 214.33959 -0.00000 0.00000 -0.00000 409.02995 -80.82965 50.93706 -32.11367 64.31909 49.19337 -0.83781 -2.68022 -11.53941 -1.28881 -19.60564 -7.44904 -0.00000 0.00000 -0.00000 -386.90651 -77.55044 -399.05870 86.49258 69.10258 -107.58442 0.01941 2.72678 15.78172 1.26463 19.43045 -7.37666 1.25992 14.11774 -0.47188 -3.22518 7.34450 -1.32279 -4.01655 -0.26553 -0.88754 9.11864 0.19219 13.50178 -16.37948 -8.03076 17.56225 -6.79082 0.06230 8.89607 -0.00000 0.00000 0.00000 -35.74207 15.19874 -12.94570 27.70073 -14.20614 -53.62469 0.00000 -21.47560 0.00000 24.89554 -11.04245 -22.42660 -7.12502 -0.00000 0.00000 0.38989 -0.32591 5.10900 -0.00000 0.00000 0.00000 81.67577 32.90089 6.99071 -35.23492 -36.51598 92.18570 -0.00000 -18.13360 -0.00000 -16.75255 2.21900 -7.32965 7.12502 -0.00000 -0.00000 9.25700 1.22468 -37.52915
0.70352 0.76011 -0.47280 16.34355 -12.74083 211.87713 -0.00000 0.00000 -0.00000 441.63986 -82.92804 80.26858 -40.38044 66.83183 58.26726 -1.67595 -7.18140 -12.46376 -1.77719 -22.79575 -8.79892 -0.00000 0.00000 -0.00000 -407.26864 -82.13030 -418.89768 85.83173 69.17557 -106.87721 -1.84369 8.60598 21.23941 2.60165 27.13535 -10.75072 1.96458 16.28211 -0.61500 -3.55307 7.44135 -1.53665 -4.72766 -1.33692 -1.02932 9.59741 0.78058 14.02183 -17.19406 -9.10415 18.22409 -7.26850 -0.08835 9.26971 0.00000 0.00000 0.00000 -32.69465 8.87869 -12.38019 23.37985 -9.41841 -43.41842 0.00000 -23.43180 0.00000 25.38922 -10.17088 -20.40857 -7.12502 -0.00000 0.00000 0.50393 -0.38985 7.27512 0.00000 0.00000 0.00000 79.77020 30.94722 10.43302 -35.22451 -36.71830 92.54265 -0.00000 -16.78550 -0.00000 -16.96468 2.50537 -8.15466 7.12502 -0.00000 -0.00000 9.03617 1.05508 -38.39537
0.67646 0.70981 -0.47724 14.92934 -14.53412 209.12690 -0.00000 0.00000 -0.00000 489.32800 -79.88582 126.58438 -69.67525 69.99967 89.65441 -2.25988 -9.73571 -13.45545 -1.52394 -21.21734 -8.12316 -0.00000 0.00000 -0.00000 -438.70945 -84.74841 -447.16074 87.71435 68.95850 -108.89284 1.09385 1.62810 24.05596 2.51144 26.70768 -10.55149 1.91054 17.26542 -0.52495 -4.43583 7.84244 -1.61878 -5.66185 -1.44727 -1.11677 9.98550 1.43949 14.42795 -18.13298 -10.63559 18.67537 -7.84273 -0.38288 9.54783 0.00000 0.00000 0.00000 -31.45362 3.08644 -11.47450 19.08302 -5.97370 -34.49073 0.00000 -26.56470 0.00000 26.97289 -8.57138 -16.32282 -7.12502 -0.00000 0.00000 1.32179 -0.87169 11.60176 0.00000 0.00000 0.00000 78.04876 29.59029 14.01972 -35.21407 -36.89561 92.85634 -0.00000 -15.77300 -0.00000 -16.82344 3.22398 -10.53653 7.12502 -0.00000 -0.00000 9.09471 0.66568 -40.84894
0.64933 0.65665 -0.48033 13.74878 -17.08992 206.82531 -0.00000 0.00000 -0.00000 509.38362 -71.89574 146.10693 -97.34714 67.35291 119.26585 -3.05767 -10.83036 -15.97960 -1.35507 -20.07607 -7.64425 -0.00000 0.00000 -0.00000 -492.45394 -83.22254 -496.03325 102.92839 65.95325 -125.34349 5.74440 -9.54513 26.28460 1.32880 19.89118 -7.56738 1.70335 17.18069 -0.35661 -5.01257 8.06395 -1.54004 -6.20299 -1.16524 -1.09902 9.46815 1.70322 14.78868 -19.22537 -11.91168 18.96484 -8.27530 -0.63841 9.75940 0.00000 0.00000 -0.00000 -34.06607 -2.90350 -9.90826 16.23437 -4.21907 -28.96168 0.00000 -27.96810 0.00000 27.27843 -6.63048 -12.62132 -7.12502 -0.00000 0.00000 1.21975 -0.68320 15.75057 0.00000 0.00000 -0.00000 77.81085 28.03457 17.43859 -35.21113 -36.94205 92.93865 -0.00000 -14.05230 -0.00000 -15.86912 3.38527 -11.73464 7.12502 -0.00000 -0.00000 9.97686 0.52890 -41.99617
0.62033 0.60471 -0.48269 12.99601 -18.48052 204.78501 -0.00000 0.00000 -0.00000 515.59226 -64.63718 150.77642 -112.44165 62.38915 135.90184 -4.73497 -12.32808 -20.68427 -1.50487 -21.09230 -8.07031 -0.00000 0.00000 -0.00000 -512.89090 -78.49637 -511.47190 114.87143 61.14414 -138.65945 7.78888 -15.51903 26.68557 0.48028 12.17129 -4.50248 2.14148 18.16646 -0.11985 -5.09227 8.45545 -1.28454 -6.60316 -1.22652 -0.99908 8.92964 1.60440 15.08145 -20.23465 -12.70490 19.17410 -8.59383 -0.73460 9.91054 0.00000 0.00000 -0.00000 -39.21349 -5.80393 -7.81967 15.27363 -3.70828 -27.14685 0.00000 -28.04880 0.00000 27.69366 -5.61960 -10.56798 -7.12502 -0.00000 0.00000 1.41914 -0.72237 18.02855 0.00000 0.00000 -0.00000 77.17102 27.06663 19.87458 -35.19973 -37.11080 93.23823 -0.00000 -12.58520 -0.00000 -15.33299 3.25712 -11.70704 7.12502 -0.00000 -0.00000 10.50598 0.57273 -41.91466
0.59205 0.55833 -0.48415 11.50846 -17.52062 202.61351 -0.00000 0.00000 -0.00000 514.50099 -59.49386 149.03230 -121.95762 56.28877 146.93989 -6.76342 -14.30759 -24.99494 -1.59931 -21.70253 -8.32917 -0.00000 0.00000 -0.00000 -517.70629 -75.62493 -509.50769 121.78036 56.43901 -146.72698 8.33031 -14.76179 28.53057 0.00046 0.38246 -0.13921 2.20866 21.81189 0.75357 -5.23250 9.29757 -0.48079 -7.06196 -2.05106 -0.72274 9.27209 1.20405 14.91127 -20.46451 -12.91118 18.91228 -8.70033 -0.71257 9.74500 -0.00000 0.00000 -0.00000 -45.40213 -5.00088 -7.04723 15.19503 -3.66819 -26.99932 0.00000 -28.07400 0.00000 26.91792 -5.72782 -11.12083 -7.12502 -0.00000 0.00000 0.78030 -0.40643 17.48807 -0.00000 0.00000 -0.00000 76.23661 25.58596 21.87602 -35.18126 -37.35436 93.67203 -0.00000 -12.85990 -0.00000 -16.16567 3.52159 -11.96393 7.12502 -0.00000 -0.00000 9.67301 0.46713 -42.26153
0.56577 0.51777 -0.48206 10.88932 -15.33483 201.85352 -0.00000 0.00000 -0.00000 513.26020 -54.03591 148.24280 -128.11069 49.65247 154.63027 -7.76043 -15.00824 -26.98404 -1.44222 -20.67484 -7.89455 -0.00000 0.00000 -0.00000 -514.69416 -73.16639 -501.18745 125.83566 52.47957 -151.70671 8.41484 -12.94118 30.22754 0.29803 -9.62493 3.53877 3.25730 25.76481 1.33460 -5.24878 10.00646 0.16716 -7.99629 -3.07046 -0.51501 9.85975 0.51314 14.67830 -20.19624 -12.65227 18.63729 -8.60343 -0.56271 9.52888 -0.00000 0.00000 -0.00000 -51.89256 -2.41844 -6.50648 15.41169 -3.77932 -27.40631 0.00000 -30.36450 0.00000 25.77094 -4.70676 -9.64589 -7.12502 -0.00000 0.00000 -0.34519 0.16645 19.25670 -0.00000 0.00000 -0.00000 73.70168 24.07256 24.30694 -35.18158 -37.35037 93.66491 -0.00000 -15.50810 -0.00000 -18.03861 4.06739 -12.28712 7.12502 -0.00000 -0.00000 7.80451 0.30311 -42.78968
0.53802 0.47294 -0.48046 11.45480 -12.87137 203.18830 -0.00000 0.00000 -0.00000 513.71392 -46.87584 149.03976 -132.30008 42.62691 160.42725 -8.21444 -12.89402 -29.78530 -1.17035 -18.72831 -7.08823 -0.00000 0.00000 -0.00000 -504.59877 -67.99678 -488.12170 129.30202 47.93646 -156.21351 9.40390 -15.44606 30.45363 1.54055 -21.32543 8.16893 6.18060 27.55484 0.95449 -5.35002 10.50118 0.27610 -9.82814 -3.22568 -0.44549 10.71642 0.03660 14.52370 -19.84827 -12.84464 18.42601 -8.60089 -0.53680 9.34536 -0.00000 0.00000 -0.00000 -57.83082 0.01028 -5.25745 15.54527 -3.84879 -27.65775 0.00000 -33.17790 0.00000 27.47486 -5.16068 -9.81369 -7.12502 -0.00000 0.00000 1.17366 -0.57492 18.90549 -0.00000 0.00000 -0.00000 70.55447 21.99247 27.17054 -35.21750 -36.83967 92.75729 -0.00000 -18.77380 -0.00000 -20.48304 4.79914 -12.62412 7.12502 -0.00000 -0.00000 5.35860 0.14909 -43.41098
0.51144 0.43172 -0.47890 11.57874 -9.39743 204.89199 -0.00000 0.00000 -0.00000 510.81674 -40.43588 147.65798 -134.87284 36.34558 164.46608 -9.37252 -10.81336 -34.50962 -0.67233 -14.34249 -5.33981 -0.00000 0.00000 -0.00000 -494.00732 -61.99270 -474.73644 131.60020 44.01960 -159.40728 10.43084 -18.50598 30.48941 3.10662 -29.36489 11.81738 8.02919 28.85531 0.75261 -5.94332 10.84518 0.44789 -10.87036 -3.22283 -0.32843 10.69407 -0.73312 14.51331 -18.72826 -13.43888 18.31184 -8.23737 -0.74099 9.19924 -0.00000 0.00000 -0.00000 -62.51846 0.15218 -3.97798 15.03531 -3.58750 -26.69999 0.00000 -33.93180 0.00000 26.94922 -4.51974 -8.81063 -7.12502 -0.00000 0.00000 0.64164 -0.29804 20.08607 -0.00000 0.00000 -0.00000 66.72632 19.01913 29.87153 -35.25152 -36.09369 91.44407 -0.00000 -19.62390 -0.00000 -21.54715 5.56070 -13.78810 7.12502 -0.00000 -0.00000 4.19632 0.01573 -44.78558
0.48959 0.39636 -0.47937 11.52041 -5.32258 205.84199 -0.00000 0.00000 -0.00000 503.16051 -32.34669 142.11521 -136.57346 30.65307 167.54301 -11.68585 -9.63028 -40.70478 -0.21555 -8.19995 -3.00646 -0.00000 0.00000 -0.00000 -488.70989 -57.78648 -464.71889 132.96408 41.19796 -161.42118 11.12907 -16.80230 33.06301 3.73282 -31.81027 13.04765 6.82904 28.78500 2.22227 -6.43230 10.93371 1.93474 -11.20696 -2.78150 0.39656 10.88853 -1.33243 14.34556 -17.59794 -13.62485 18.04718 -7.87904 -0.86292 8.99106 0.00000 0.00000 0.00000 -64.52032 -2.07864 -3.07821 14.25702 -3.20899 -25.24917 0.00000 -35.10710 0.00000 25.82551 -3.69100 -7.57679 -7.12502 -0.00000 0.00000 -0.43867 0.19023 21.55663 0.00000 0.00000 0.00000 63.75415 14.75896 31.21767 -35.25157 -36.09219 91.44145 -0.00000 -21.49510 -0.00000 -22.95628 5.88236 -13.60165 7.12502 -0.00000 -0.00000 2.80720 0.01185 -44.75829
0.47191 0.36913 -0.48090 11.98133 -0.59024 206.58192 -0.00000 0.00000 -0.00000 495.21401 -22.69314 134.51143 -137.65567 25.88841 169.82569 -14.63854 -8.51916 -47.26983 -0.02532 -2.82205 -1.02803 -0.00000 0.00000 -0.00000 -485.51615 -57.88808 -456.88405 133.81023 39.19964 -162.73191 10.63835 -14.20386 34.10568 3.76795 -31.93868 13.11419 3.57097 27.36141 4.91348 -6.44659 10.45134 4.59513 -10.80702 -2.27647 1.67054 11.36658 -1.64245 13.81049 -16.01459 -13.18544 17.40953 -7.38876 -0.93452 8.60468 0.00000 0.00000 0.00000 -64.11199 -7.02575 -3.19206 13.38815 -2.81454 -23.64388 0.00000 -36.15160 0.00000 28.16861 -3.34722 -6.22263 -7.12502 -0.00000 0.00000 1.59800 -0.64844 22.91914 0.00000 0.00000 0.00000 61.62855 9.22132 30.30892 -35.20339 -37.05838 93.14509 -0.00000 -23.59480 -0.00000 -24.13489 5.79407 -12.69759 7.12502 -0.00000 -0.00000 1.72365 0.03279 -43.91049
0.45391 0.35500 -0.48070 13.16515 4.99739 209.90227 -0.00000 0.00000 -0.00000 492.54729 -20.84673 130.95334 -138.19024 22.98870 171.11733 -15.81843 -8.11311 -49.59591 -0.05145 4.02022 1.46581 -0.00000 0.00000 -0.00000 -475.92161 -60.08040 -444.53380 134.04956 38.59332 -163.11306 7.62470 -8.26361 33.06156 2.43774 -26.35081 10.38648 1.48144 24.87357 6.05217 -5.89911 9.82159 5.93424 -9.03957 -1.84154 2.36643 10.74465 -2.18262 12.91743 -12.47371 -11.67005 16.44488 -6.01985 -1.00520 8.05842 -0.00000 0.00000 0.00000 -63.17203 -15.38581 -4.13728 12.80679 -2.56671 -22.57754 0.00000 -37.83940 0.00000 30.73334 -3.76687 -6.30559 -7.12502 -0.00000 0.00000 3.90815 -1.60941 22.65161 -0.00000 0.00000 0.00000 58.88502 4.10407 28.84547 -35.11303 -38.06981 94.95653 -0.00000 -23.72060 -0.00000 -23.84893 5.14874 -11.47520 7.12502 -0.00000 -0.00000 2.12132 0.09141 -42.53369
0.43662 0.35680 -0.47706 15.46453 11.95074 213.80110 -0.00000 0.00000 -0.00000 491.82202 -23.88954 127.34135 -138.32775 22.15922 171.47555 -15.47810 -7.25556 -50.02940 -0.34232 10.30565 3.79471 -0.00000 0.00000 -0.00000 -454.66431 -67.41447 -425.56319 133.39794 40.20020 -162.08650 2.20360 0.62619 28.49051 0.55382 -13.04970 4.83933 0.35527 22.87660 6.71260 -4.73475 9.08122 6.97479 -7.09873 -1.83483 2.91947 10.49480 -3.03929 11.26525 -6.93950 -8.74348 14.54205 -4.42698 -0.89156 7.01589 -0.00000 0.00000 0.00000 -61.15525 -20.82234 -6.14868 12.84214 -2.58141 -22.64221 0.00000 -41.38960 0.00000 33.50063 -4.57378 -6.86962 -7.12502 -0.00000 0.00000 6.39589 -2.75741 21.77269 -0.00000 0.00000 0.00000 55.49254 -0.35851 26.61803 -34.97743 -39.09681 96.82949 -0.00000 -25.39870 -0.00000 -23.95437 5.02703 -11.15741 7.12502 -0.00000 -0.00000 2.04444 0.10018 -42.19579
0.41587 0.37147 -0.46630 17.46406 18.55547 217.74022 -0.00000 0.00000 -0.00000 493.03302 -33.12932 126.79107 -138.14082 23.27739 170.99155 -10.25434 -3.11567 -46.33167 -1.49658 21.03769 8.04726 -0.00000 0.00000 -0.00000 -418.26444 -72.39071 -395.46530 130.61242 45.81453 -158.00852 -0.34382 5.02712 23.44000 0.37602 10.79326 -3.97876 0.30932 21.30923 6.82651 -3.78735 8.62217 7.43081 -5.91678 -1.66406 3.20196 9.85391 -3.91350 9.31396 -1.47057 -6.30746 11.99337 -2.20578 -0.62849 5.72303 0.00000 0.00000 0.00000 -59.49711 -23.46163 -9.07063 12.99124 -2.64396 -22.91522 0.00000 -45.40960 0.00000 33.72543 -7.38551 -10.89944 -7.12502 -0.00000 0.00000 6.69674 -3.59250 16.91295 0.00000 0.00000 0.00000 50.68339 -4.42357 25.11263 -34.85029 -39.84035 98.20936 -0.00000 -27.92150 -0.00000 -24.53961 5.15204 -11.12720 7.12502 -0.00000 -0.00000 1.46942 0.07127 -42.22391
0.38887 0.39162 -0.44766 18.39305 23.58319 219.78518 -0.00000 0.00000 -0.00000 489.03071 -40.87220 124.40358 -137.75435 25.38693 170.05376 -6.26435 -0.33031 -41.80920 -2.67131 27.45903 10.90262 -0.00000 0.00000 -0.00000 -388.59125 -72.93490 -373.57655 122.69693 55.64208 -147.83200 0.92687 0.33406 18.75801 0.57601 13.30231 -4.93666 1.36510 19.61857 6.75661 -3.76440 8.41202 7.70766 -6.25718 -0.88450 3.43443 8.53750 -4.08601 7.79271 2.90350 -4.00875 9.96523 -0.46505 -0.30801 4.76496 -0.00000 0.00000 0.00000 -58.30804 -21.20165 -8.47362 14.22299 -3.19299 -25.18603 0.00000 -48.62340 0.00000 30.73529 -7.73634 -12.75666 -7.12502 -0.00000 0.00000 4.21634 -2.42690 15.12765 -0.00000 0.00000 0.00000 44.31875 -7.43472 26.22065 -34.83754 -39.90764 98.33532 -0.00000 -28.57080 -0.00000 -24.89456 5.50877 -11.68746 7.12502 -0.00000 -0.00000 1.06771 0.03950 -42.88137
0.36023 0.41209 -0.42432 17.81612 27.14866 221.21021 -0.00000 0.00000 -0.00000 481.50815 -46.69744 120.22102 -137.12043 28.39481 168.65272 -0.80856 5.63963 -37.16810 -4.57200 34.66546 14.57816 -0.00000 0.00000 -0.00000 -378.83735 -73.53386 -371.00016 106.78261 64.72028 -129.58401 1.61607 -3.20602 16.72325 0.95718 17.01179 -6.39365 2.90390 18.71714 6.43867 -4.55423 8.46088 7.56400 -7.77905 -0.06457 3.46808 7.91555 -3.15717 7.08197 4.75130 -2.49272 9.06600 0.21798 -0.13361 4.36398 0.00000 0.00000 -0.00000 -56.81791 -13.95951 -6.08883 15.70343 -3.93201 -27.95601 0.00000 -51.73780 0.00000 32.82265 -7.59691 -11.58298 -7.12502 -0.00000 0.00000 5.94612 -3.28003 16.21810 0.00000 0.00000 -0.00000 37.20571 -9.59083 30.32125 -34.97142 -39.13553 96.90083 -0.00000 -28.14200 -0.00000 -25.49744 6.02128 -12.40458 7.12502 -0.00000 -0.00000 0.39843 0.00871 -43.74703
0.33236 0.43228 -0.40097 15.58208 29.68448 223.43090 -0.00000 0.00000 -0.00000 478.40829 -53.33872 119.87684 -136.16453 32.18307 166.75861 7.02053 16.96293 -31.13219 -4.71444 35.11074 14.82719 -0.00000 0.00000 -0.00000 -383.88744 -74.72083 -382.92926 90.66591 68.55911 -112.05941 1.66127 -2.99324 17.36682 1.00732 17.43354 -6.56299 2.77184 18.56939 6.39737 -5.45566 8.88032 7.38383 -8.60563 0.55154 3.39884 7.01767 -2.67492 6.58709 6.14360 -1.20970 8.39522 0.80701 0.07471 4.07827 0.00000 0.00000 -0.00000 -57.57859 -13.60038 -7.52524 15.25388 -3.69818 -27.10976 0.00000 -49.50700 0.00000 34.20148 -9.44368 -13.57264 -7.12502 -0.00000 0.00000 7.21532 -4.43105 13.60601 0.00000 0.00000 -0.00000 29.64987 -12.05963 35.62604 -35.16398 -37.55790 94.03587 -0.00000 -29.00770 -0.00000 -26.82674 7.37438 -14.24096 7.12502 -0.00000 -0.00000 -1.14348 0.01954 -45.97881
0.30739 0.44689 -0.38280 13.06484 31.77098 227.60645 -0.00000 0.00000 -0.00000 486.95647 -63.18008 130.47213 -134.23692 38.10468 163.41502 9.44179 22.70160 -25.79838 -0.10193 -5.65265 -2.06454 -0.00000 0.00000 -0.00000 -403.42453 -75.46491 -409.66108 96.05818 67.62165 -117.87057 1.65051 -2.39449 18.33542 0.67247 14.34389 -5.34035 2.90419 19.10234 5.98847 -6.15098 9.24025 6.78599 -9.41634 0.68076 3.11735 6.07277 -2.08518 6.19236 6.70158 -0.73111 7.93535 1.11783 0.06839 3.86935 -0.00000 0.00000 -0.00000 -58.61740 -15.62246 -10.31722 13.86756 -3.02857 -24.52783 0.00000 -43.49670 0.00000 33.50041 -10.51518 -15.41445 -7.12502 -0.00000 0.00000 6.72665 -4.47712 11.50165 -0.00000 0.00000 -0.00000 22.35506 -14.94982 39.87590 -35.26430 -35.33328 90.11937 -0.00000 -31.22660 -0.00000 -26.97476 8.91599 -16.93596 7.12502 -0.00000 -0.00000 -1.67610 0.11872 -49.05026
0.28170 0.45529 -0.37409 11.96569 33.46232 232.24751 -0.00000 0.00000 -0.00000 509.85365 -68.59061 153.75635 -130.26366 46.40601 157.52460 3.49527 13.91402 -16.85216 -0.39930 -11.11684 -4.10125 -0.00000 0.00000 -0.00000 -426.94737 -72.97271 -442.15097 113.54080 61.84702 -137.14533 1.75830 -1.27094 21.27431 0.53595 12.84229 -4.75957 3.22957 19.32828 5.39289 -6.45626 9.39322 6.06941 -9.85928 0.66300 2.79348 5.72531 -1.86259 6.04679 6.36637 -1.22133 7.84005 1.03799 -0.11488 3.81314 0.00000 0.00000 -0.00000 -58.10920 -15.01709 -12.39665 12.82726 -2.57522 -22.61499 0.00000 -40.01480 0.00000 32.78221 -10.20043 -15.37521 -7.12502 -0.00000 0.00000 6.12594 -4.04484 11.68643 0.00000 0.00000 -0.00000 15.88200 -18.21984 42.52832 -35.17528 -33.04242 86.19815 -0.00000 -33.33660 -0.00000 -24.90693 10.12356 -20.73404 7.12502 -0.00000 -0.00000 -0.18988 0.02653 -52.95496
0.25287 0.46654 -0.36451 11.71143 34.12462 237.30214 -0.00000 0.00000 -0.00000 529.07163 -69.10676 174.03234 -119.94305 57.89587 144.54064 0.38940 4.03353 -9.81811 -0.94711 -16.92560 -6.35914 -0.00000 0.00000 -0.00000 -432.06068 -67.58246 -458.24389 123.60205 54.80344 -148.93392 1.34830 1.73836 26.31350 0.75324 15.15523 -5.65759 3.07214 19.12585 5.13907 -7.24660 9.11856 5.73859 -10.62514 0.47394 2.66271 5.58186 -2.14927 5.29790 7.54618 -1.77546 6.85256 1.41420 -0.27867 3.28774 0.00000 0.00000 -0.00000 -57.47452 -15.92522 -16.40102 11.59163 -2.08910 -20.36683 0.00000 -34.40880 0.00000 31.84336 -9.89946 -15.47264 -7.12502 -0.00000 0.00000 5.34778 -3.51931 11.74461 0.00000 0.00000 -0.00000 10.85029 -20.51862 41.08683 -34.98174 -31.27270 83.22220 -0.00000 -33.50050 -0.00000 -23.43937 10.45141 -22.70470 7.12502 -0.00000 -0.00000 0.97231 -0.16892 -54.85457
0.22061 0.48220 -0.35333 11.38570 34.45784 242.68711 -0.00000 0.00000 -0.00000 535.86267 -69.49270 183.32360 -94.81564 67.86352 116.52801 -0.27574 -3.89779 -4.39861 -0.97926 -17.19901 -6.46872 -0.00000 0.00000 -0.00000 -419.42141 -63.51569 -458.48566 126.75836 51.39635 -152.87856 0.23051 5.15927 30.85372 4.06501 32.99150 -13.66758 1.79981 18.77875 5.34934 -8.44136 8.54164 5.78527 -11.30188 0.03597 2.66993 5.73867 -2.62020 4.22040 10.00216 -1.47823 5.28051 2.19850 -0.15393 2.48550 0.00000 0.00000 -0.00000 -56.73564 -17.14158 -20.78686 10.48324 -1.69967 -18.36945 0.00000 -27.38400 0.00000 31.48131 -10.57664 -16.68593 -7.12502 -0.00000 0.00000 5.13929 -3.56079 10.37286 0.00000 0.00000 -0.00000 7.57046 -20.50876 36.25433 -34.82333 -30.25601 81.52645 -0.00000 -33.02520 -0.00000 -22.13817 9.84912 -22.80442 7.12502 -0.00000 -0.00000 2.31895 -0.39640 -54.69498
0.18812 0.50365 -0.34305 10.53536 35.91992 249.69126 -0.00000 0.00000 -0.00000 540.94614 -71.80046 191.17055 -56.06246 69.36612 75.14806 0.04001 -7.18402 -0.92520 -0.59782 -13.54561 -5.03062 -0.00000 0.00000 -0.00000 -403.16877 -58.57585 -451.62270 126.09951 52.17791 -152.04005 4.82346 -2.86692 32.44721 10.38738 47.45743 -23.36653 0.50109 18.33247 5.38596 -9.47877 8.37044 5.60034 -11.69834 0.01654 2.56998 5.86680 -4.04965 2.77264 13.65413 -0.23489 2.88350 3.46484 0.50231 1.35281 0.00000 0.00000 -0.00000 -54.65970 -17.22459 -24.71224 9.87335 -1.50365 -17.27728 0.00000 -21.44520 0.00000 31.44039 -10.44490 -16.51668 -7.12502 -0.00000 0.00000 5.09170 -3.50015 10.58157 0.00000 0.00000 -0.00000 6.69366 -17.91381 28.01877 -34.79128 -30.07330 81.22247 -0.00000 -31.13810 -0.00000 -21.17076 8.24066 -20.30901 7.12502 -0.00000 -0.00000 3.75536 -0.44734 -51.78333
0.16225 0.52443 -0.33458 7.79280 38.84601 257.75870 -0.00000 0.00000 -0.00000 548.39076 -75.97300 199.96000 -32.40083 64.42572 49.51185 0.24416 -6.59610 1.24401 -0.40919 -11.25143 -4.15228 -0.00000 0.00000 -0.00000 -399.63733 -56.12280 -443.29750 125.15593 53.22868 -150.85398 0.99674 3.43644 29.60119 6.29014 39.44819 -17.42647 0.78490 18.87488 5.39563 -9.67722 8.61579 5.66436 -12.15239 0.08641 2.64234 6.71292 -2.45806 1.23236 14.74376 -1.47227 1.08024 3.62999 -0.08896 0.27266 -0.00000 0.00000 -0.00000 -51.79560 -13.89351 -26.92139 9.84044 -1.49344 -17.21847 0.00000 -18.70360 0.00000 31.23395 -9.67484 -15.48931 -7.12502 -0.00000 0.00000 4.83807 -3.17082 11.83549 -0.00000 0.00000 -0.00000 7.17969 -12.41540 18.13779 -34.61924 -29.18138 79.74103 -0.00000 -25.49370 -0.00000 -23.72420 6.99638 -15.49152 7.12502 -0.00000 -0.00000 1.82245 -0.06156 -46.93402
0.13801 0.53931 -0.33046 3.53614 44.62487 264.39643 -0.00000 0.00000 -0.00000 548.59543 -80.46100 197.56777 -25.25842 61.21510 41.48875 0.88660 -8.37579 6.11505 -0.08838 -5.26488 -1.92203 -0.00000 0.00000 -0.00000 -393.81581 -59.40641 -426.50720 124.53769 53.87706 -150.08543 -10.74391 23.45146 28.66656 6.68515 40.39550 -18.04198 2.17196 19.16078 4.99973 -7.90875 9.01276 5.59162 -10.84102 0.27605 2.65834 6.93875 -0.41400 0.75714 14.59090 -1.31103 0.68623 3.52196 -0.37381 0.01183 -0.00000 0.00000 0.00000 -49.89945 -10.04138 -24.52719 10.22332 -1.61456 -17.90342 0.00000 -18.85370 0.00000 32.68290 -9.54400 -14.49032 -7.12502 -0.00000 0.00000 5.98615 -3.79132 12.76521 -0.00000 0.00000 0.00000 11.53828 -4.77252 12.13086 -34.05712 -26.87979 75.92578 -0.00000 -15.29260 -0.00000 -26.43343 6.36526 -12.57193 7.12502 -0.00000 -0.00000 -0.55064 -0.00916 -44.04704
0.11217 0.56213 -0.33382 -2.95087 49.13744 275.12633 -0.00000 0.00000 -0.00000 535.46253 -85.00957 186.73733 -23.89576 60.44311 39.92822 1.13396 -10.53960 5.56017 -0.13245 6.43916 2.35424 -0.00000 0.00000 -0.00000 -378.01205 -63.58456 -397.80710 124.10101 54.31732 -149.54633 -5.16586 16.18701 21.83766 4.90198 35.68170 -15.15094 1.69217 19.19899 3.65262 -6.00565 9.99208 3.95111 -8.08456 0.71676 1.82085 6.33475 -0.10583 0.93697 15.84309 0.53191 0.65848 4.08866 0.16133 0.10202 -0.00000 0.00000 -0.00000 -48.91432 -11.34236 -22.58327 10.08867 -1.57139 -17.66234 0.00000 -16.24130 0.00000 32.66344 -8.75245 -13.35237 -7.12502 -0.00000 0.00000 5.90174 -3.54281 14.12928 -0.00000 0.00000 -0.00000 20.31769 4.01382 7.95570 -33.04267 -23.81044 70.80831 -0.00000 -12.10700 -0.00000 -27.90874 6.78168 -12.56823 7.12502 -0.00000 -0.00000 -2.01969 -0.02731 -44.22548
0.08364 0.58679 -0.33751 -8.06359 49.58245 288.32606 -0.00000 0.00000 -0.00000 582.94577 -88.36272 241.30464 -25.46977 61.32949 41.72977 -0.32619 -9.47542 -3.70940 -1.79349 22.89260 8.84093 -0.00000 0.00000 -0.00000 -359.76565 -65.03215 -361.11828 122.74651 55.59752 -147.89207 -2.39690 11.08173 15.54513 4.10712 33.13620 -13.74476 1.61646 18.98982 1.76638 -5.35612 10.52424 1.66706 -6.96115 0.98229 0.73211 5.49084 1.40837 0.18267 17.27347 1.42027 -0.36612 4.77740 0.24497 -0.43236 -0.00000 0.00000 0.00000 -48.11938 -13.78229 -23.94758 9.68051 -1.44433 -16.93289 0.00000 -12.14830 0.00000 29.95905 -6.88217 -11.74400 -7.12502 -0.00000 0.00000 3.47863 -1.89826 16.41305 -0.00000 0.00000 0.00000 31.26948 12.82497 -0.88668 -31.78052 -20.87487 65.81309 -0.00000 -13.48780 -0.00000 -28.74303 6.88750 -12.33355 7.12502 -0.00000 -0.00000 -2.82268 -0.04625 -44.06214
0.04919 0.60633 -0.34143 -12.14382 50.14666 300.09045 -0.00000 0.00000 -0.00000 657.57689 -84.76994 318.19608 -25.12497 61.14216 41.33643 -0.88075 -9.47752 -6.88112 -2.19519 25.12513 9.82799 -0.00000 0.00000 -0.00000 -342.32994 -61.72663 -324.04235 118.76509 58.74269 -143.15646 -1.68094 9.07618 13.99835 3.23864 29.90702 -12.08435 1.94957 18.72969 0.55080 -4.39889 10.77145 0.30805 -5.89569 1.17809 0.10382 4.35814 2.19240 -0.65284 18.92302 1.88396 -1.52106 4.97916 0.29918 -1.01422 0.00000 0.00000 -0.00000 -46.69248 -13.13062 -26.05157 9.09251 -1.27122 -15.88541 0.00000 -9.87696 0.00000 28.44603 -6.42915 -11.67832 -7.12502 -0.00000 0.00000 2.15860 -1.16399 16.67803 0.00000 0.00000 -0.00000 42.55743 17.76139 -11.24461 -29.76337 -17.20233 59.29673 -0.00000 -8.01351 -0.00000 -28.61841 5.52382 -10.00503 7.12502 -0.00000 -0.00000 -2.44561 -0.15463 -41.38430
0.01647 0.62157 -0.34047 -16.56171 52.61697 310.96958 -0.00000 0.00000 -0.00000 657.57474 -80.67962 316.59524 -24.97113 61.05738 41.16071 -1.22725 -12.37411 -7.84969 -2.44417 26.38223 10.40097 -0.00000 0.00000 -0.00000 -332.20894 -59.57073 -298.95691 109.02729 63.87905 -132.07498 -0.32205 3.67890 11.56987 1.88427 23.42216 -9.07175 3.58663 18.55828 -0.97870 -2.72724 10.73915 -1.26215 -4.78072 1.05542 -0.60658 4.31446 0.04507 -0.76187 18.24964 3.45244 -2.10704 4.74209 1.17247 -1.03969 0.00000 0.00000 0.00000 -44.12398 -9.76546 -24.25306 9.82911 -1.48993 -17.19824 0.00000 -10.46920 0.00000 28.88812 -7.00734 -12.46777 -7.12502 -0.00000 0.00000 2.60223 -1.46044 15.71717 0.00000 0.00000 0.00000 51.19055 20.72366 -17.31756 -26.31793 -12.49036 50.16636 -0.00000 -1.11010 -0.00000 -26.40211 5.49591 -10.91930 7.12502 -0.00000 -0.00000 -0.34998 -0.01718 -42.18905
-0.01313 0.63380 -0.33840 -20.81254 55.16377 318.94284 -0.00000 0.00000 -0.00000 661.48684 -77.91890 318.05252 -23.94545 60.47236 39.98534 -1.78360 -17.55892 -9.08153 -3.43638 30.69134 12.47627 -0.00000 0.00000 -0.00000 -317.88384 -62.34136 -279.16817 89.91916 68.66725 -111.25744 0.40421 -0.50255 10.64668 1.85867 23.27442 -9.00715 3.46350 18.88717 -1.37187 -1.38975 10.57820 -1.68945 -3.20386 0.69686 -0.85033 2.83979 0.88897 -1.09770 20.28142 0.55714 -2.01692 5.65454 0.19660 -1.29499 -0.00000 0.00000 -0.00000 -40.66485 -6.22117 -22.74398 10.77121 -1.79669 -18.88678 0.00000 -12.56620 0.00000 29.19584 -7.39964 -12.97892 -7.12502 -0.00000 0.00000 2.90748 -1.67441 15.08730 -0.00000 0.00000 -0.00000 58.20351 22.45703 -20.17852 -21.85872 -8.07467 40.15637 -0.00000 -0.17649 -0.00000 -22.76483 5.67513 -13.25981 7.12502 -0.00000 -0.00000 3.03246 0.03381 -44.36189
-0.04154 0.64826 -0.33709 -27.37514 56.58018 327.32550 -0.00000 0.00000 -0.00000 672.30214 -74.37439 324.94013 -21.61820 59.00497 37.29128 -1.93319 -23.72207 -9.19413 -3.78023 31.98334 13.13738 -0.00000 0.00000 -0.00000 -290.13427 -64.93174 -260.00357 65.39020 69.93231 -85.09365 0.60179 -0.91597 12.27178 1.34743 20.02252 -7.62196 1.94049 20.48618 -0.81935 -0.21584 10.76814 -1.16168 -1.16930 0.16945 -0.69910 1.92639 1.25685 -1.71778 21.81962 -0.79929 -2.62041 6.32141 -0.17600 -1.75890 -0.00000 0.00000 -0.00000 -37.55069 -4.87955 -21.77190 11.88649 -2.20005 -20.90113 0.00000 -13.08380 0.00000 28.68925 -7.65386 -13.67878 -7.12502 -0.00000 0.00000 2.52865 -1.49934 14.35379 -0.00000 0.00000 -0.00000 64.56643 20.89052 -21.99294 -18.16285 -5.36568 32.67771 -0.00000 3.92803 0.00000 -18.99649 5.27306 -14.94695 7.12502 -0.00000 -0.00000 6.63980 -0.08164 -45.70126
-0.06983 0.66888 -0.33573 -32.40182 57.07615 333.39959 -0.00000 0.00000 -0.00000 678.81761 -70.62181 326.44405 -19.84310 57.73519 35.20668 -0.36501 -28.98994 -6.01555 -4.10294 33.12187 13.73710 -0.00000 0.00000 -0.00000 -256.16924 -61.51751 -242.24489 48.40027 68.41684 -66.93686 0.39938 0.52921 13.35981 1.30480 19.72042 -7.49656 -0.82273 21.29691 0.31352 -0.21197 11.22153 -0.20820 0.17525 0.28904 -0.35098 0.80110 0.17012 -2.17301 23.74673 -0.47622 -3.45782 7.11823 0.25552 -2.11945 -0.00000 0.00000 -0.00000 -33.87403 -7.30590 -21.57346 12.50976 -2.44496 -22.03497 0.00000 -10.77520 0.00000 26.32852 -7.39784 -14.58474 -7.12502 -0.00000 0.00000 0.58687 -0.35736 13.66313 -0.00000 0.00000 -0.00000 71.99253 18.79937 -23.29653 -16.02752 -4.10582 28.56905 -0.00000 9.26364 0.00000 -18.83968 5.29808 -15.14291 7.12502 -0.00000 -0.00000 6.77886 -0.10553 -45.88775
-0.09937 0.69249 -0.33460 -34.76115 56.70457 338.34313 -0.00000 0.00000 -0.00000 680.00405 -66.57386 324.02079 -17.93142 56.19380 32.92665 1.85142 -31.44384 -1.87751 -3.53594 31.07443 12.67024 -0.00000 0.00000 -0.00000 -233.77139 -54.13130 -237.09909 41.30010 67.05027 -59.26677 -0.71084 5.38837 15.06584 1.95486 23.82330 -9.24793 -3.47499 21.51422 0.75038 -1.10825 11.85297 -0.13397 0.62975 0.88736 -0.40626 0.61730 -0.98804 -2.16173 24.58914 -1.04905 -3.42395 7.42014 0.31557 -2.09476 -0.00000 0.00000 0.00000 -29.50905 -13.25897 -23.52467 11.38458 -2.01305 -19.99241 0.00000 -6.59506 0.00000 23.72093 -6.36421 -14.15852 -7.12502 -0.00000 0.00000 -1.70814 1.00696 14.48911 -0.00000 0.00000 0.00000 80.89591 20.54123 -25.29774 -15.82116 -3.99464 28.17841 -0.00000 8.43786 0.00000 -18.48952 5.20116 -15.16816 7.12502 -0.00000 -0.00000 7.12814 -0.10859 -45.86824
-0.12837 0.71645 -0.33255 -38.83195 55.88961 348.46859 -0.00000 0.00000 -0.00000 678.60864 -62.62572 321.39135 -15.23946 53.64681 29.63827 1.96040 -30.21248 -1.26109 -2.62258 27.23320 10.79654 -0.00000 0.00000 -0.00000 -219.46141 -49.66119 -240.11514 37.17388 65.98273 -54.76849 -2.70691 12.11725 15.38216 2.48711 26.59062 -10.49724 -3.35073 22.60726 -0.51947 -0.98314 12.32488 -1.67752 0.93475 0.94357 -1.13458 1.68037 -0.69009 -1.97597 24.39425 -2.91131 -2.72773 7.21066 -0.38450 -1.94790 0.00000 0.00000 -0.00000 -29.27676 -23.95774 -28.96186 8.76857 -1.18080 -15.30994 0.00000 5.55026 -0.00000 22.81702 -5.31813 -12.42421 -7.12502 -0.00000 0.00000 -2.68904 1.46163 16.49401 0.00000 0.00000 -0.00000 89.49957 25.70997 -28.99207 -16.14776 -4.17143 28.79715 -0.00000 6.85155 0.00000 -18.90524 4.84418 -13.85131 7.12502 -0.00000 -0.00000 6.82807 0.05612 -44.53135
-0.15694 0.73973 -0.32827 -43.27012 54.61251 361.34811 -0.00000 0.00000 -0.00000 676.21378 -61.11492 322.89600 -12.68254 50.69936 26.40252 -0.70953 -24.80356 -6.21828 -1.72622 22.48953 8.66654 -0.00000 0.00000 -0.00000 -212.02573 -48.93232 -246.17185 29.50372 63.27163 -46.28468 -3.78421 16.88266 12.89039 4.01239 32.80912 -13.57069 -1.50557 23.43857 -2.54403 -0.07101 12.96337 -3.75372 1.26938 1.31854 -2.06120 2.74056 -1.35237 -2.53967 25.19235 -4.34976 -3.30381 7.31812 -0.61732 -2.39234 0.00000 0.00000 0.00000 -36.26355 -34.22599 -40.95570 6.91284 -0.72943 -12.03261 0.00000 27.51090 -0.00000 26.69394 -5.64109 -11.06140 -7.12502 -0.00000 0.00000 0.57913 -0.30047 17.57952 0.00000 0.00000 0.00000 95.90874 29.38986 -31.86988 -15.15921 -3.65000 26.93215 -0.00000 11.13980 0.00000 -20.28575 4.33220 -11.55021 7.12502 -0.00000 -0.00000 5.63420 0.27206 -42.24439
-0.18867 0.75866 -0.32244 -45.33688 52.70449 373.79836 -0.00000 0.00000 -0.00000 672.94087 -61.29345 329.54537 -11.15093 48.61073 24.39338 -2.72512 -13.30278 -13.38101 -0.02145 2.59738 0.94606 -0.00000 0.00000 -0.00000 -215.16963 -49.18953 -247.53488 24.08381 60.55333 -40.14429 0.00421 1.17198 6.85057 5.86210 38.36448 -16.74496 0.18410 23.12923 -4.69900 0.98231 13.21515 -5.96274 1.81690 1.84089 -3.03862 3.63272 -1.42415 -3.87727 25.91223 -5.13615 -5.03692 7.44493 -0.62883 -3.39202 -0.00000 0.00000 0.00000 -26.58336 -21.87138 -44.98116 6.83834 -0.71364 -11.90165 0.00000 34.37360 -0.00000 32.04499 -8.83357 -13.78394 -7.12502 -0.00000 0.00000 5.40245 -3.29428 13.71577 -0.00000 0.00000 0.00000 100.51510 29.07206 -35.41679 -13.67004 -2.93932 24.16312 -0.00000 13.88160 0.00000 -16.93623 3.94407 -12.72817 7.12502 -0.00000 -0.00000 8.86747 0.29160 -43.13161
-0.22199 0.77293 -0.31871 -45.24944 49.38292 381.54140 -0.00000 0.00000 -0.00000 675.92075 -63.49070 342.65705 -13.26143 51.42043 27.14676 -1.53697 -2.93099 -16.63738 -6.27532 -39.41170 -17.40313 -0.00000 0.00000 -0.00000 -229.45675 -47.87790 -243.79766 22.40353 59.52339 -38.20494 -0.33597 -5.36245 -3.49581 12.32951 50.24218 -25.94481 0.42073 23.75636 -5.51688 1.73994 12.91580 -6.79625 2.75608 1.35124 -3.41721 1.91318 -0.78332 -5.43991 26.62072 -4.87610 -7.16238 8.00236 -0.30293 -4.42273 0.00000 0.00000 -0.00000 -7.50281 -1.32822 -49.83855 9.52920 -1.39867 -16.66298 0.00000 17.34650 -0.00000 32.73394 -16.43588 -23.75689 -7.12502 -0.00000 0.00000 6.74798 -6.43798 1.53974 0.00000 0.00000 -0.00000 102.32377 26.26205 -40.90902 -12.17999 -2.31362 21.43430 -0.00000 15.86530 0.00000 -13.06021 3.51850 -14.81852 7.12502 -0.00000 -0.00000 12.59384 0.03881 -44.82628
-0.24570 0.78865 -0.32026 -46.82939 45.37670 386.79060 -0.00000 0.00000 -0.00000 682.72004 -67.28026 351.47834 -22.09921 59.32546 37.85148 -1.44834 -3.47489 -15.17611 -10.29263 -47.30847 -23.23777 -0.00000 0.00000 -0.00000 -241.19434 -47.94495 -242.49327 19.60192 57.55129 -34.92117 -0.23986 -5.37537 -2.05850 14.88526 53.27282 -29.19742 2.27257 25.44578 -6.23944 2.51966 12.59400 -7.16775 2.96791 0.14509 -3.52078 -0.29168 -0.79352 -5.76178 25.77834 -4.02263 -7.71042 8.05562 0.07684 -4.48421 0.00000 0.00000 -0.00000 4.98619 6.70682 -60.10118 11.87588 -2.19600 -20.88188 0.00000 8.88184 -0.00000 25.46075 -18.01212 -33.00106 -7.12502 -0.00000 0.00000 2.53343 -3.25711 -7.09060 0.00000 0.00000 -0.00000 101.36752 27.35200 -46.66927 -11.18101 -1.93977 19.62487 -0.00000 16.60880 0.00000 -9.58996 2.82179 -16.24475 7.12502 -0.00000 -0.00000 15.98896 -0.23195 -45.80942
-0.26318 0.81412 -0.32661 -49.65744 43.65124 390.73021 -0.00000 0.00000 -0.00000 685.47227 -74.05552 352.10390 -37.02404 65.93949 54.60443 -1.53488 -5.06419 -13.67801 -9.31934 -45.69634 -21.89621 -0.00000 0.00000 -0.00000 -246.20228 -50.85383 -247.25606 12.49222 50.45459 -26.15614 -1.05728 10.37435 5.16207 10.52928 47.67801 -23.55879 1.75816 25.03620 -6.73793 3.06246 12.41757 -7.86900 3.92959 0.34799 -3.90222 -0.28473 -0.87344 -4.97805 24.68302 -3.33654 -6.70434 7.65772 0.09792 -3.85892 0.00000 0.00000 0.00000 14.42977 8.11532 -67.84743 12.94826 -2.62585 -22.83649 0.00000 12.48730 -0.00000 19.48990 -15.93941 -37.80929 -7.12502 -0.00000 0.00000 -0.86533 1.26305 -10.58026 0.00000 0.00000 0.00000 91.91514 27.31344 -44.81991 -10.10444 -1.57642 17.69057 -0.00000 20.51320 0.00000 -6.49535 2.12615 -18.04854 7.12502 -0.00000 -0.00000 19.01769 -0.73613 -47.13470
-0.27390 0.84739 -0.33688 -54.11722 43.43055 392.39915 -0.00000 0.00000 -0.00000 686.17648 -83.02475 347.63799 -50.74364 68.75914 69.45389 -1.60662 -6.27709 -12.86116 -3.98961 -32.72965 -13.52860 -0.00000 0.00000 -0.00000 -242.63943 -54.13946 -257.22432 6.43081 39.79110 -17.64706 -4.96699 23.58212 9.93690 5.04115 36.09471 -15.38835 0.29348 23.67362 -6.66440 2.72981 12.49835 -8.15309 4.16491 1.23573 -4.10906 1.76899 -1.81751 -3.63195 24.39663 -2.74563 -5.04252 7.16902 0.14299 -2.94073 0.00000 0.00000 -0.00000 17.73613 5.50224 -73.02901 12.88624 -2.59983 -22.72292 0.00000 14.23380 -0.00000 16.10338 -12.95727 -37.83546 -7.12502 -0.00000 0.00000 -3.35198 4.73391 -9.63686 0.00000 0.00000 -0.00000 79.31956 25.05785 -36.31058 -9.77468 -1.47314 17.10101 -0.00000 20.44520 0.00000 -7.82597 3.01092 -20.91500 7.12502 -0.00000 -0.00000 17.46964 -1.61033 -50.10257
-0.28395 0.87935 -0.34665 -59.10266 43.10828 394.47507 -0.00000 0.00000 -0.00000 562.51978 -88.43422 215.87115 -56.35359 69.39301 75.45912 -1.86827 -11.60416 -10.80478 -3.34367 -30.32760 -12.29366 -0.00000 0.00000 -0.00000 -236.03356 -58.16207 -266.11350 3.60292 31.32796 -12.79954 -13.00286 35.56086 17.96086 4.98812 35.93839 -15.29817 -0.61372 22.30135 -7.07220 2.38757 12.86997 -8.88264 4.10993 2.44694 -4.51996 3.74124 -3.11921 -2.19007 24.59622 -2.60693 -3.26088 6.88658 0.16710 -1.99015 -0.00000 0.00000 -0.00000 12.42081 1.67848 -76.99264 11.92093 -2.21322 -20.96363 0.00000 16.67440 -0.00000 16.66857 -11.77082 -34.26727 -7.12502 -0.00000 0.00000 -3.80213 4.69864 -5.94769 -0.00000 0.00000 -0.00000 72.96559 28.54122 -28.27622 -10.78877 -1.80270 18.91836 -0.00000 11.14510 0.00000 -10.78487 4.42444 -22.04725 7.12502 -0.00000 -0.00000 14.29568 -1.72308 -51.72990
-0.29705 0.89747 -0.35768 -60.64205 41.68000 395.97271 -0.00000 0.00000 -0.00000 539.64849 -84.38010 184.94888 -53.81155 69.13660 72.74108 -1.21443 -18.24253 -7.23064 -2.89481 -28.46151 -11.37930 -0.00000 0.00000 -0.00000 -249.14754 -60.39846 -270.26488 3.50474 30.95523 -12.60970 -8.43018 28.55606 14.75189 4.64044 34.88066 -14.69814 -1.60747 21.20906 -7.81508 1.90744 13.26208 -9.98040 3.99586 3.61223 -5.10044 4.24239 -3.46971 -1.74413 25.07229 -2.00172 -2.84644 6.95119 0.36314 -1.71056 0.00000 0.00000 0.00000 1.61290 0.61865 -82.88319 10.61996 -1.74537 -18.61493 0.00000 21.03260 -0.00000 17.47188 -10.56032 -30.21036 -7.12502 -0.00000 0.00000 -4.11902 4.39589 -1.78499 0.00000 0.00000 0.00000 68.85824 29.95933 -21.60566 -11.68155 -2.12260 20.52963 -0.00000 6.39315 0.00000 -11.07113 4.34438 -21.16336 7.12502 -0.00000 -0.00000 14.09315 -1.48597 -50.89731
-0.31664 0.89854 -0.36948 -60.26425 38.13942 395.23314 -0.00000 0.00000 -0.00000 521.54941 -83.95508 156.97852 -44.21173 67.67559 62.42127 -1.37235 -21.70420 -7.71280 -1.36472 -20.14350 -7.67233 -0.00000 0.00000 -0.00000 -274.46830 -60.69480 -286.84097 4.35264 33.95893 -14.18902 -3.27403 14.01926 15.05944 3.57165 31.21001 -12.73929 -2.51426 20.43911 -7.74442 1.31967 13.17628 -10.04025 3.73780 3.93495 -5.15363 3.97248 -3.07779 -2.15857 25.01047 -0.16863 -3.77469 6.93535 0.93587 -1.99284 -0.00000 0.00000 0.00000 -3.84081 4.52578 -87.23089 10.50403 -1.70658 -18.40676 0.00000 20.77700 -0.00000 16.29033 -8.96285 -28.06242 -7.12502 -0.00000 0.00000 -5.54658 5.42769 0.75317 -0.00000 0.00000 0.00000 67.04386 26.60442 -17.91113 -11.96003 -2.22821 21.03460 -0.00000 6.38134 0.00000 -11.81512 4.43504 -20.28757 7.12502 -0.00000 -0.00000 13.41479 -1.23082 -50.14625
-0.33577 0.88889 -0.37845 -58.15300 34.28262 392.72868 -0.00000 0.00000 -0.00000 458.13835 -85.08154 84.18810 -29.55148 63.29214 46.33815 -2.59610 -25.24206 -10.76361 -1.00007 -17.37333 -6.53876 -0.00000 0.00000 -0.00000 -301.76460 -54.67016 -309.54891 4.62021 34.81730 -14.66275 -0.59546 4.96515 15.26230 1.98397 23.98606 -9.31974 -4.04818 18.98211 -7.24681 0.27670 12.82208 -9.63382 3.24175 4.26446 -4.99043 3.11004 -3.12376 -2.66098 25.32232 2.03381 -4.94191 7.11102 1.74670 -2.32308 -0.00000 0.00000 -0.00000 -2.16834 9.39300 -88.33852 11.45151 -2.03747 -20.11336 0.00000 17.51810 -0.00000 14.33296 -8.80976 -30.93875 -7.12502 -0.00000 0.00000 -6.44376 6.92960 -1.89005 -0.00000 0.00000 -0.00000 67.85209 21.69868 -16.65034 -12.06668 -2.26940 21.22830 -0.00000 6.08056 0.00000 -13.67854 4.93691 -19.47372 7.12502 -0.00000 -0.00000 11.58329 -0.95061 -49.62758
-0.35569 0.87197 -0.38471 -52.93190 30.63791 388.10472 -0.00000 0.00000 -0.00000 420.17781 -79.05599 44.63005 -26.89610 62.06650 43.34970 -7.08398 -27.57038 -19.96193 -0.53369 -12.81570 -4.74935 -0.00000 0.00000 -0.00000 -323.38873 -43.31812 -329.09774 4.10670 33.13474 -13.74398 0.54342 -0.92339 11.55659 1.57841 21.56938 -8.27249 -7.36497 17.65207 -6.59252 -1.49443 12.27007 -9.18742 2.98547 4.53625 -4.87429 1.37120 -3.94505 -3.26331 24.62191 4.43453 -6.23657 7.05269 2.76157 -2.66004 0.00000 0.00000 -0.00000 -3.63229 13.59203 -85.95729 11.84020 -2.18243 -20.81716 0.00000 19.93170 -0.00000 14.13942 -10.15945 -34.99937 -7.12502 -0.00000 0.00000 -5.56976 6.94939 -6.13176 0.00000 0.00000 -0.00000 68.97236 13.42304 -16.19980 -12.94591 -2.62486 22.83218 -0.00000 5.43000 0.00000 -14.10253 4.48620 -17.29371 7.12502 -0.00000 -0.00000 11.36128 -0.49693 -47.47157
-0.37693 0.85428 -0.39169 -47.94541 27.45631 383.03590 -0.00000 0.00000 -0.00000 418.10788 -74.60440 44.75735 -32.56164 64.48473 49.69009 -8.71288 -30.35283 -22.38301 -0.52822 -12.75136 -4.72464 -0.00000 0.00000 -0.00000 -336.51593 -31.19633 -341.69437 3.70689 31.71496 -12.99840 0.35695 -7.95424 4.00572 1.11617 18.31009 -6.91766 -9.59020 15.09470 -6.36111 -3.40263 10.95740 -9.01593 2.00997 4.43664 -4.79684 -1.19203 -4.62411 -3.67555 22.38844 6.98144 -6.95794 6.64533 3.68610 -2.80898 -0.00000 0.00000 -0.00000 -11.56280 16.32672 -78.75700 11.17003 -1.93586 -19.60506 0.00000 22.09790 -0.00000 15.19607 -10.57930 -34.05594 -7.12502 -0.00000 0.00000 -4.99187 6.05476 -5.37232 -0.00000 0.00000 -0.00000 70.92623 5.22819 -19.26636 -17.12526 -4.72802 30.66533 -0.00000 1.15397 0.00000 -14.42901 4.25307 -16.07887 7.12502 -0.00000 -0.00000 11.13300 -0.25144 -46.27749
-0.39339 0.84498 -0.39610 -43.73473 23.15638 374.96818 -0.00000 0.00000 -0.00000 411.66861 -67.01979 37.73293 -37.08685 65.95765 54.67320 -6.59384 -34.07230 -18.12615 -0.98994 -17.28874 -6.50475 -0.00000 0.00000 -0.00000 -344.36775 -20.12039 -351.04418 3.79523 32.03779 -13.16569 -0.87639 -12.04406 -2.63185 1.12551 18.38304 -6.94734 -11.97063 12.90681 -5.34136 -4.86361 9.36557 -7.85354 1.68278 3.85202 -4.25194 -3.59103 -5.57668 -3.31052 18.98564 9.33330 -6.26033 5.95268 4.39611 -2.40299 -0.00000 0.00000 -0.00000 -25.41285 13.44903 -66.20836 9.61561 -1.42465 -16.81708 0.00000 26.96510 -0.00000 15.85049 -9.42584 -29.97691 -7.12502 -0.00000 0.00000 -5.46310 5.72102 -1.18658 -0.00000 0.00000 -0.00000 71.91782 0.93300 -23.02005 -22.86621 -8.94787 42.30224 -0.00000 -3.27223 -0.00000 -16.82332 4.62404 -14.92916 7.12502 -0.00000 -0.00000 8.82068 -0.06272 -45.40416
-0.40576 0.83712 -0.39950 -39.93397 19.24207 362.56846 -0.00000 0.00000 -0.00000 408.07054 -55.64726 32.49829 -41.34217 67.06001 59.31246 -4.60125 -35.51049 -14.63274 -1.74043 -22.57545 -8.70362 -0.00000 0.00000 -0.00000 -351.43538 -15.72679 -355.89181 6.23392 39.30937 -17.33785 -0.85869 -11.09795 -3.15741 1.40182 20.40003 -7.77941 -13.98964 8.83014 -3.58654 -7.05313 7.54771 -5.31762 0.29419 3.75769 -3.00981 -3.47757 -5.85917 -1.91824 15.89334 10.51035 -4.12187 5.11849 4.48475 -1.39208 0.00000 0.00000 0.00000 -29.20559 7.03741 -51.17899 8.60001 -1.13514 -15.01093 0.00000 26.86900 -0.00000 15.85328 -7.47380 -24.60973 -7.12502 -0.00000 0.00000 -6.65313 5.72174 4.47898 0.00000 0.00000 0.00000 72.41331 0.22457 -23.63616 -27.57792 -14.04540 53.30817 -0.00000 -3.74843 -0.00000 -18.82819 5.29249 -15.13719 7.12502 -0.00000 -0.00000 6.79095 -0.10478 -45.87978
-0.41520 0.83245 -0.39977 -37.46472 14.94142 348.76350 -0.00000 0.00000 -0.00000 404.12946 -41.84770 28.25409 -42.12404 67.23718 60.16091 -1.85453 -36.36601 -9.90651 -2.84922 -28.26129 -11.28332 -0.00000 0.00000 -0.00000 -358.87166 -17.55934 -358.16168 13.98024 52.26975 -28.06084 -0.07516 -8.06011 0.84637 1.04569 17.74838 -6.68995 -14.29646 3.74447 -1.98887 -9.12883 5.78060 -2.54442 -1.80569 4.28869 -1.63177 -0.33624 -5.78414 0.04593 12.62359 12.02116 -1.52547 3.78943 4.64741 -0.08829 -0.00000 0.00000 -0.00000 -21.54191 7.66579 -31.33481 9.09521 -1.27198 -15.89020 0.00000 17.16920 -0.00000 14.74014 -5.43009 -19.78292 -7.12502 -0.00000 0.00000 -8.55333 6.11542 9.68967 -0.00000 0.00000 -0.00000 72.50709 3.17530 -21.03193 -31.00131 -19.34237 63.13908 -0.00000 -5.41157 -0.00000 -19.41539 6.29133 -17.27118 7.12502 -0.00000 -0.00000 5.97136 -0.33783 -48.22638
-0.42394 0.83551 -0.39372 -37.36762 9.28741 335.47447 -0.00000 0.00000 -0.00000 397.75054 -24.96905 22.86984 -36.46415 65.77492 53.99087 1.54182 -35.33617 -3.58966 -4.84888 -35.52175 -15.05974 -0.00000 0.00000 -0.00000 -365.83091 -21.01080 -360.01783 33.70773 64.89121 -50.95788 0.46697 -6.71136 5.05596 1.05525 17.82584 -6.72126 -13.55650 -0.00002 -0.49853 -9.97374 4.63043 -0.06347 -2.99776 4.96936 -0.41693 2.49644 -4.40927 1.96324 10.16481 12.60347 1.12036 2.78342 4.46105 1.18502 -0.00000 0.00000 0.00000 -18.14482 13.90762 -7.75500 10.31267 -1.64355 -18.06352 0.00000 3.31649 -0.00000 14.44458 -4.27644 -16.14522 -7.12502 -0.00000 0.00000 -9.45921 5.86381 13.48376 -0.00000 0.00000 0.00000 70.71769 8.78195 -16.98326 -33.21184 -24.26399 71.56931 -0.00000 -7.79641 -0.00000 -19.66128 7.07252 -19.01446 7.12502 -0.00000 -0.00000 5.49973 -0.49490 -50.12623
-0.43432 0.84006 -0.38195 -39.55922 4.32448 322.15538 -0.00000 0.00000 -0.00000 390.46430 -7.53161 16.74726 -31.90882 64.24202 48.96599 1.91496 -29.42875 -1.10720 -5.55584 -37.54906 -16.24706 -0.00000 0.00000 -0.00000 -371.36352 -25.44913 -361.35691 74.57432 69.93335 -94.86858 0.77095 -4.72220 8.58942 1.23062 19.18076 -7.27379 -11.42509 -4.08205 1.22346 -9.40181 4.01675 2.74847 -3.21783 6.54063 0.95870 2.31266 -2.06909 3.02409 9.26948 13.18333 2.75041 2.64472 4.17613 1.88253 -0.00000 0.00000 0.00000 -22.31402 13.50628 14.09033 10.81555 -1.81189 -18.96653 0.00000 -1.46861 0.00000 14.66460 -3.87391 -14.47633 -7.12502 -0.00000 0.00000 -9.54030 5.52838 15.17779 -0.00000 0.00000 0.00000 66.17482 14.35522 -12.73114 -34.35696 -28.02066 77.81680 -0.00000 -8.46790 -0.00000 -20.25001 7.61684 -19.76266 7.12502 -0.00000 -0.00000 4.78883 -0.50695 -51.02880
-0.44536 0.84065 -0.36527 -43.20930 2.18493 309.67411 -0.00000 0.00000 -0.00000 382.97534 5.75690 10.37377 -32.17084 64.34044 49.25679 1.12258 -19.32256 0.26588 -6.36596 -39.63381 -17.54557 -0.00000 0.00000 -0.00000 -374.55793 -29.93532 -364.07472 106.69261 64.75199 -129.48450 0.80058 -1.45358 13.29924 1.39464 20.35069 -7.75878 -4.63782 -8.84752 4.03841 -8.83499 3.35210 6.47009 -5.56456 9.04565 3.05988 3.76363 2.38594 2.73444 7.64078 13.30864 2.66159 2.03146 3.88958 1.69353 0.00000 0.00000 -0.00000 -26.85985 17.80555 31.36404 11.47960 -2.04776 -20.16415 0.00000 -4.77391 0.00000 14.15982 -3.63333 -14.09989 -7.12502 -0.00000 0.00000 -10.04001 5.72213 15.61395 0.00000 0.00000 -0.00000 63.92039 16.60707 -11.67748 -34.86318 -30.49233 81.91992 -0.00000 -7.70154 -0.00000 -22.17557 8.39604 -19.70928 7.12502 -0.00000 -0.00000 2.81111 -0.31117 -51.31137
-0.45780 0.83405 -0.34628 -45.65725 1.36022 299.74536 -0.00000 0.00000 -0.00000 371.93673 15.67817 3.88421 -30.30096 63.60721 47.17599 -1.52291 -14.43390 -8.63427 -4.89336 -35.65584 -15.13618 -0.00000 0.00000 -0.00000 -377.88015 -32.09379 -370.27906 117.38868 59.65646 -141.55412 0.44054 1.57247 17.41379 1.51992 21.19101 -8.11203 2.10609 -12.02873 6.64939 -7.49361 3.13145 9.21059 -6.95278 11.57498 4.77516 4.16290 3.65943 1.99334 6.41176 15.46172 1.64589 1.51438 4.46718 1.17592 0.00000 0.00000 0.00000 -35.98535 23.18813 45.96119 12.81858 -2.57160 -22.59910 0.00000 -13.75530 0.00000 12.58532 -3.46126 -15.13211 -7.12502 -0.00000 0.00000 -11.24353 6.66691 14.71489 0.00000 0.00000 0.00000 61.77013 15.84110 -12.60609 -35.10746 -32.30464 84.95302 -0.00000 -7.81363 -0.00000 -23.43006 8.65339 -19.14623 7.12502 -0.00000 -0.00000 1.60707 -0.16653 -50.91466
-0.46926 0.81833 -0.32954 -44.77771 -0.82702 292.07118 -0.00000 0.00000 -0.00000 357.61428 19.63194 1.00379 -27.30625 62.26772 43.81350 -3.91308 -15.69224 -16.19144 -3.64805 -31.49690 -12.88613 -0.00000 0.00000 -0.00000 -380.64100 -33.48458 -376.25811 116.75300 60.05331 -140.81903 0.03497 3.60985 20.80426 1.75524 22.66453 -8.74211 4.78368 -12.69018 8.05586 -6.69210 1.53954 10.52934 -7.27371 10.65256 5.49469 5.15720 3.68797 1.19894 4.93646 20.13196 0.34648 0.64724 5.50914 0.62474 -0.00000 0.00000 0.00000 -41.61816 21.88413 56.87080 13.74437 -2.97273 -24.30028 0.00000 -22.49320 0.00000 11.70645 -3.47952 -16.32549 -7.12502 -0.00000 0.00000 -11.79658 7.32587 13.59386 -0.00000 0.00000 0.00000 62.11651 13.24527 -16.77551 -35.20083 -33.39127 86.78951 -0.00000 -7.88494 -0.00000 -25.01902 8.03255 -16.66795 7.12502 -0.00000 -0.00000 0.35426 -0.02125 -48.43193
-0.48038 0.80342 -0.32047 -43.98767 -1.24844 284.36489 -0.00000 0.00000 -0.00000 350.04580 18.93567 3.76754 -29.96298 63.46670 46.79844 -4.67193 -15.62089 -18.44993 -2.24606 -25.38906 -9.94720 -0.00000 0.00000 -0.00000 -372.94210 -34.33735 -376.62067 101.62303 66.31800 -123.91611 0.35061 2.78376 21.09362 2.07775 24.50072 -9.54814 7.08289 -11.68971 8.35167 -4.66690 0.56716 10.45192 -6.59815 9.03110 5.47386 4.24495 2.00913 1.36567 2.76339 22.84657 0.70048 0.18088 6.65209 0.64246 0.00000 0.00000 0.00000 -35.49574 7.18869 58.48667 12.53648 -2.45578 -22.08372 0.00000 -22.54090 0.00000 14.29340 -4.35640 -16.60182 -7.12502 -0.00000 0.00000 -9.51204 6.00278 13.03088 0.00000 0.00000 0.00000 63.53708 7.79345 -19.90994 -35.17520 -33.04142 86.19646 -0.00000 -5.22933 -0.00000 -25.62761 7.47694 -15.17689 7.12502 -0.00000 -0.00000 -0.05797 0.00188 -46.86000
-0.49025 0.79047 -0.32058 -40.66114 -2.17688 276.98411 -0.00000 0.00000 -0.00000 345.87849 15.50863 11.03853 -31.45529 64.06842 48.46205 -5.15494 -21.03129 -17.52708 -2.17026 -24.99438 -9.76914 -0.00000 0.00000 -0.00000 -363.66341 -35.30173 -373.95288 59.10326 69.61662 -78.39452 0.99973 0.17019 18.97372 2.48202 26.56604 -10.48587 8.19832 -12.01270 8.25957 -3.89685 0.64053 10.10484 -6.39481 9.28386 5.34718 3.76451 -0.46882 1.94267 0.86338 20.46361 1.92471 -0.17995 6.31440 1.09631 0.00000 0.00000 -0.00000 -31.74782 -5.56268 58.65671 11.15683 -1.93116 -19.58126 0.00000 -22.77640 0.00000 26.92373 -6.88299 -13.27772 -7.12502 -0.00000 0.00000 0.97143 -0.55969 15.05434 0.00000 0.00000 -0.00000 68.35104 -0.90182 -20.63853 -34.95413 -31.07863 82.89788 -0.00000 -3.05417 -0.00000 -24.67492 8.29064 -17.42515 7.12502 -0.00000 -0.00000 0.59476 -0.04388 -49.21977
-0.50029 0.77786 -0.33080 -35.94571 -5.64406 270.41155 -0.00000 0.00000 -0.00000 342.34997 11.24636 20.16737 -30.45749 63.67143 47.35068 -5.20470 -30.38598 -15.91009 -3.60692 -31.34299 -12.80723 -0.00000 0.00000 -0.00000 -355.99543 -35.48233 -367.93672 21.31695 58.79936 -36.93948 1.42375 -2.95995 15.80172 3.25920 29.99008 -12.12553 6.63681 -12.34542 7.90579 -4.92023 0.29884 9.88335 -6.71646 8.99307 5.16491 4.21236 -2.05993 2.22826 0.62003 17.10305 2.39289 -0.28960 5.53889 1.35669 -0.00000 0.00000 -0.00000 -35.09803 -9.62122 55.71311 10.99988 -1.87580 -19.29835 0.00000 -26.49020 0.00000 35.78821 -8.24598 -11.25193 -7.12502 -0.00000 0.00000 8.48141 -4.70474 16.18765 -0.00000 0.00000 -0.00000 75.33257 -9.74428 -19.28451 -33.85654 -26.19306 74.78596 -0.00000 -3.96936 -0.00000 -23.53434 10.01752 -21.77182 7.12502 -0.00000 -0.00000 1.04926 -0.16319 -53.83951
-0.50684 0.75953 -0.34614 -31.61242 -7.92023 266.13856 -0.00000 0.00000 -0.00000 343.01096 5.83742 26.78635 -33.87945 64.95004 51.14748 -5.50437 -36.83261 -16.16433 -3.46906 -30.81794 -12.54018 -0.00000 0.00000 -0.00000 -347.46729 -33.53598 -359.05731 7.21177 41.58743 -18.84476 1.23444 -4.83748 11.95373 3.46212 30.79115 -12.52665 5.55102 -11.61919 6.73875 -5.03600 0.39588 8.52010 -6.66167 8.35927 4.45825 4.47243 -3.13406 2.64157 -0.97243 12.73588 3.23135 -0.84343 4.90272 1.69948 0.00000 0.00000 0.00000 -40.24799 -10.73245 47.08786 11.01763 -1.88202 -19.33033 0.00000 -25.31800 0.00000 34.99051 -9.14885 -12.79788 -7.12502 -0.00000 0.00000 7.84934 -4.67353 14.41611 0.00000 0.00000 0.00000 80.32428 -17.71549 -16.30609 -31.44717 -20.19845 64.63964 -0.00000 -6.78471 -0.00000 -21.64970 11.42185 -26.51484 7.12502 -0.00000 -0.00000 2.07946 -0.50583 -58.66582
-0.50684 0.73738 -0.35741 -27.95321 -10.44239 265.95038 -0.00000 0.00000 -0.00000 345.03820 -0.87510 27.20353 -48.27276 68.39679 66.79973 -6.82300 -35.98925 -18.38448 -3.61600 -31.37707 -12.82468 -0.00000 0.00000 -0.00000 -343.21750 -31.04023 -348.40478 2.91850 28.56468 -11.42891 0.58354 -6.84117 5.87626 2.64529 27.33879 -10.84608 5.01982 -9.45040 4.32692 -4.91667 0.91923 5.46265 -7.06795 7.19430 2.95731 4.98351 -3.31202 3.49705 -3.95779 7.88105 4.66414 -1.87999 3.35904 2.30716 0.00000 0.00000 -0.00000 -43.17108 -8.78067 35.53146 11.17163 -1.93643 -19.60795 0.00000 -20.94070 0.00000 33.83937 -11.20520 -16.16400 -7.12502 -0.00000 0.00000 7.05225 -4.87298 10.52415 0.00000 0.00000 -0.00000 82.57194 -22.22458 -14.25431 -28.07812 -14.71131 54.61041 -0.00000 -12.87830 -0.00000 -14.75317 9.79418 -32.86148 7.12502 -0.00000 -0.00000 8.15057 -2.78483 -63.73855
-0.50268 0.71167 -0.36692 -25.03409 -13.64410 266.97404 -0.00000 0.00000 -0.00000 348.26431 -9.38890 25.19685 -75.41260 69.90657 95.76111 -9.15555 -27.06343 -24.04112 -3.89275 -32.38801 -13.34863 -0.00000 0.00000 -0.00000 -341.52275 -29.23013 -332.71868 2.25233 25.42136 -9.96183 -1.15386 -14.41882 -2.65767 3.61590 31.37670 -12.82449 3.72672 -6.78264 1.66895 -4.65571 1.57532 2.10338 -6.72278 5.77804 1.23682 5.15655 -2.46055 4.26398 -6.27288 3.12963 5.71679 -2.72592 1.77527 2.79640 -0.00000 0.00000 0.00000 -39.59233 -9.50549 22.02636 10.76558 -1.79477 -18.87665 0.00000 -15.31700 0.00000 36.25235 -14.13615 -18.42058 -7.12502 -0.00000 0.00000 9.11814 -7.16125 7.16288 -0.00000 0.00000 0.00000 81.67454 -23.90573 -11.41368 -22.60243 -8.71303 41.73504 -0.00000 -17.23100 -0.00000 -13.62118 10.35732 -36.57349 7.12502 -0.00000 -0.00000 8.49074 -3.51597 -67.33292
-0.49747 0.68159 -0.37363 -23.72149 -15.72559 266.55792 -0.00000 0.00000 -0.00000 354.27129 -15.91688 26.19323 -96.16717 67.59964 117.98844 -9.90926 -14.99517 -31.90655 -1.98638 -23.99950 -9.32569 -0.00000 0.00000 -0.00000 -340.44348 -31.92153 -331.89373 2.10624 24.65416 -9.61663 -1.00765 -12.96944 -2.78743 5.39317 37.10128 -15.97878 3.23738 -3.15881 -0.20954 -3.60077 2.78832 -0.34561 -5.62904 4.62988 -0.01764 4.06484 -2.58085 4.63984 -7.37211 -0.25174 6.09086 -2.96417 0.74473 2.97115 0.00000 0.00000 0.00000 -34.53775 -14.08342 6.70239 10.62072 -1.74563 -18.61629 0.00000 -12.93660 0.00000 37.96827 -15.47114 -18.87137 -7.12502 -0.00000 0.00000 10.47043 -8.57373 6.10695 0.00000 0.00000 0.00000 78.24411 -29.12543 -6.94976 -15.19034 -3.66580 26.99052 -0.00000 -9.90158 -0.00000 -10.20168 8.36094 -38.93857 7.12502 -0.00000 -0.00000 11.82775 -5.27896 -68.71780
-0.49463 0.64673 -0.37892 -23.50240 -19.91059 264.96446 -0.00000 0.00000 -0.00000 357.13542 -17.49202 29.92388 -105.68354 65.09741 128.37044 -10.33661 -9.40260 -38.17447 -0.66748 -14.29206 -5.32017 -0.00000 0.00000 -0.00000 -341.52057 -33.39341 -328.95361 2.06495 24.43131 -9.51722 -1.92338 -14.97394 -5.99802 5.07037 36.18031 -15.43791 0.59885 -0.13086 -1.39239 -3.16975 4.21641 -1.86840 -3.76908 4.29727 -0.88864 4.02916 -1.83527 4.77464 -9.38867 -3.37435 6.03763 -3.78433 -0.30118 2.97128 -0.00000 0.00000 -0.00000 -28.65679 -18.05317 -7.13307 10.59393 -1.73662 -18.56818 0.00000 -10.13010 0.00000 38.14596 -16.35027 -19.71914 -7.12502 -0.00000 0.00000 10.62541 -9.07266 4.95193 -0.00000 0.00000 -0.00000 76.21873 -39.82185 -3.38648 -10.70090 -1.77273 18.76036 -0.00000 4.92416 0.00000 -9.70898 8.93448 -42.23046 7.12502 -0.00000 -0.00000 11.50686 -5.94622 -71.97035
-0.49933 0.61200 -0.38214 -21.58092 -23.92685 265.17511 -0.00000 0.00000 -0.00000 359.52271 -18.61855 34.16072 -113.48249 61.87662 137.07920 -12.44486 -10.08883 -41.67698 -0.56366 -13.16234 -4.88270 -0.00000 0.00000 -0.00000 -343.00591 -40.71465 -333.11742 2.16764 24.98058 -9.76293 -2.36963 -20.84612 -3.70692 4.60762 34.77776 -14.64068 -1.08070 0.33682 -2.93797 -2.31047 4.54020 -3.95066 -2.08067 4.39004 -2.01089 4.25512 -1.58237 5.16555 -13.29830 -4.25023 6.33345 -4.73745 -0.39097 3.12665 -0.00000 0.00000 -0.00000 -24.13308 -24.24728 -20.46112 9.90792 -1.51442 -17.33907 0.00000 -3.47857 0.00000 38.73799 -17.15556 -20.18743 -7.12502 -0.00000 0.00000 11.07813 -9.74839 4.14715 -0.00000 0.00000 -0.00000 74.83182 -36.35158 -4.56320 -12.32506 -2.37090 21.69832 -0.00000 -1.56793 -0.00000 -10.49690 10.95888 -45.73587 7.12502 -0.00000 -0.00000 9.45040 -5.73113 -75.96088
-0.50363 0.57774 -0.38378 -19.39252 -27.18635 265.76062 -0.00000 0.00000 -0.00000 365.01963 -19.49956 40.19150 -121.02679 57.05802 145.82590 -12.64764 -10.36161 -41.77022 -0.18244 -7.54926 -2.76479 -0.00000 0.00000 -0.00000 -344.00625 -48.15916 -337.51071 2.26573 25.49012 -9.99300 -4.80375 -30.86489 -4.66235 4.09863 33.10709 -13.72921 -2.35944 1.27741 -4.83285 -0.58013 4.75770 -6.56842 0.28606 4.36215 -3.40814 3.65962 -2.84817 5.95755 -16.77309 -4.40342 7.20119 -5.66269 -0.01706 3.46557 0.00000 0.00000 0.00000 -20.04203 -28.41376 -30.71218 10.63741 -1.75125 -18.64627 0.00000 -3.54564 0.00000 39.03791 -19.95212 -22.82234 -7.12502 -0.00000 0.00000 11.31537 -11.32824 0.53017 0.00000 0.00000 0.00000 73.09024 -33.76187 -2.97564 -13.48732 -2.85809 23.82638 -0.00000 -4.66681 -0.00000 -10.15249 8.30756 -38.89876 7.12502 -0.00000 -0.00000 11.89583 -5.29596 -68.66085
-0.50686 0.54817 -0.38105 -18.43460 -31.06344 263.61006 -0.00000 0.00000 -0.00000 369.13508 -18.26557 46.79207 -125.29900 53.07425 151.03277 -11.77210 -7.79705 -42.98214 -0.01169 1.91756 0.69821 -0.00000 0.00000 -0.00000 -343.75479 -54.02529 -339.29843 2.35619 25.94779 -10.20146 -6.96868 -33.49842 -7.72324 5.60705 37.68788 -16.33095 -3.20342 2.80218 -6.08110 0.63781 4.99888 -8.36861 2.03945 4.12708 -4.38922 2.94698 -3.56370 6.68522 -19.50789 -4.97283 7.95967 -6.38501 0.12604 3.76783 0.00000 0.00000 0.00000 -16.31785 -32.34108 -39.35204 12.07177 -2.27138 -21.23754 0.00000 -1.99147 0.00000 39.61602 -27.10927 -28.83365 -7.12502 -0.00000 0.00000 11.51676 -15.75297 -8.11130 0.00000 0.00000 0.00000 70.31304 -33.86843 1.06651 -12.34147 -2.37743 21.72821 -0.00000 3.88599 0.00000 -12.53831 9.47742 -36.51570 7.12502 -0.00000 -0.00000 9.74793 -3.96756 -66.93754
-0.51313 0.52555 -0.37660 -18.12212 -35.05882 257.67645 -0.00000 0.00000 -0.00000 371.34546 -15.43573 52.85283 -126.86234 51.26915 153.01173 -7.68162 1.51840 -49.04933 -0.56186 13.14184 4.87480 -0.00000 0.00000 -0.00000 -337.27378 -58.55715 -333.84517 2.55948 26.93665 -10.65795 -4.23610 -27.45624 -5.20746 4.32607 33.87155 -14.14139 -2.93500 3.10362 -6.58924 1.06780 4.96400 -9.09490 2.34149 4.00188 -4.75873 2.58428 -3.74229 7.68530 -21.47529 -4.69665 9.30608 -6.90739 0.48749 4.35242 0.00000 0.00000 -0.00000 -15.33002 -33.97720 -48.10110 14.62483 -3.38485 -25.93323 0.00000 0.07509 -0.00000 36.07953 -34.76638 -38.04567 -7.12502 -0.00000 0.00000 8.96264 -19.12870 -19.29872 0.00000 0.00000 -0.00000 69.22102 -36.67240 7.69803 -10.89547 -1.83945 19.11034 -0.00000 13.87540 0.00000 -13.56311 10.03400 -35.83778 7.12502 -0.00000 -0.00000 8.75115 -3.48303 -66.53741
-0.52601 0.50438 -0.37514 -20.27188 -39.96611 247.47153 -0.00000 0.00000 -0.00000 371.00940 -11.24799 57.65124 -126.53694 51.66365 152.59575 14.10237 20.05170 -55.94269 -1.29240 19.63145 7.45972 -0.00000 0.00000 -0.00000 -323.76349 -67.94109 -333.67679 3.91923 32.48199 -13.39799 -0.04450 6.57534 -0.74268 0.40975 -11.25893 4.15513 -2.46506 2.23493 -6.05094 -0.52062 5.11498 -8.33074 0.35781 4.26953 -4.33269 3.12628 -4.48422 8.59046 -22.31537 -2.71006 10.98073 -7.07934 1.46633 4.99640 -0.00000 0.00000 0.00000 -13.93977 -29.28070 -55.90700 18.42228 -5.53296 -33.18602 0.00000 -1.99993 0.00000 41.45169 -30.62792 -29.97721 -7.12502 -0.00000 0.00000 12.31024 -18.90170 -11.03423 -0.00000 0.00000 0.00000 71.66468 -33.84090 13.29440 -11.49486 -2.05337 20.19175 -0.00000 15.31840 0.00000 -18.23797 14.62008 -37.45189 7.12502 -0.00000 -0.00000 2.93589 -1.35361 -69.73131
-0.54276 0.47529 -0.37520 -26.65991 -43.56442 234.17054 -0.00000 0.00000 -0.00000 371.53244 -6.58751 59.04789 -126.39188 51.83619 152.41104 45.26445 38.02684 -59.13761 -1.58167 21.59021 8.28135 -0.00000 0.00000 -0.00000 -327.30960 -81.22784 -356.81338 11.46546 49.06288 -24.81117 -7.64747 18.48967 28.96484 11.84659 -49.59404 25.31366 -2.09298 2.55703 -5.04023 -2.89570 5.71070 -7.03310 -2.24764 4.32967 -3.67549 3.20960 -4.95165 9.16707 -22.82488 -1.20172 12.11420 -7.09804 2.15276 5.41390 0.00000 0.00000 0.00000 -13.02720 -18.61594 -63.17825 21.83386 -8.05392 -40.10409 0.00000 -2.41729 0.00000 49.95749 -16.09902 -13.11763 -7.12502 -0.00000 0.00000 19.81566 -14.42041 10.35055 0.00000 0.00000 0.00000 75.85602 -29.16053 16.97390 -12.90812 -2.60899 22.76298 -0.00000 17.61850 0.00000 -22.86626 26.28828 -46.40228 7.12502 -0.00000 -0.00000 -6.00236 4.45004 -81.42457
-0.55647 0.44449 -0.37994 -33.26247 -45.03835 223.11119 -0.00000 0.00000 -0.00000 374.40655 -8.65460 54.14700 -126.98720 51.11496 153.17196 46.79619 38.96238 -59.31334 -2.75015 27.81880 11.07258 -0.00000 0.00000 -0.00000 -333.51940 -80.67834 -364.65982 22.50172 59.58648 -38.31883 -9.05119 21.24122 27.58873 4.87886 -35.61221 15.11127 -2.17029 3.22605 -4.24192 -5.25567 6.07495 -6.09385 -4.58348 4.11755 -3.24019 3.51980 -4.77031 9.46836 -21.84639 -0.44918 12.69830 -6.77357 2.34975 5.72545 -0.00000 0.00000 0.00000 -9.07618 -2.80670 -69.60208 23.97086 -9.98238 -44.72330 0.00000 -3.09333 0.00000 42.37314 -16.19407 -16.99907 -7.12502 -0.00000 0.00000 13.83208 -10.99068 7.24890 -0.00000 0.00000 0.00000 81.94422 -25.94426 17.21565 -16.01035 -4.09650 28.53651 -0.00000 17.91680 0.00000 -13.46721 44.52792 -71.14537 7.12502 -0.00000 -0.00000 16.59226 -9.07231 -252.88741
-0.56872 0.41508 -0.39282 -39.71800 -45.22480 211.47487 -0.00000 0.00000 -0.00000 375.07565 -17.60353 45.39496 -125.46476 52.89320 151.24037 -8.00158 -1.21271 -44.58036 -2.76133 -27.86924 -11.09651 -0.00000 0.00000 -0.00000 -310.98471 -70.32402 -336.46789 33.59199 64.85126 -50.83004 -8.30686 34.61142 9.68324 8.39502 44.01046 -20.58584 -4.86977 4.21314 -3.64193 -7.48099 5.77282 -5.62408 -5.28063 3.32126 -3.18683 4.55364 -3.92936 10.59419 -20.00754 -0.71710 14.22294 -6.35543 2.24172 6.65115 0.00000 0.00000 0.00000 -2.27380 15.07226 -74.95503 24.73728 -10.75193 -46.45145 0.00000 -8.02578 0.00000 31.06208 -16.69973 -25.50436 -7.12502 -0.00000 0.00000 5.65261 -5.69359 -0.06665 0.00000 0.00000 0.00000 85.51560 -16.35995 12.72546 -20.29250 -6.83759 36.91988 -0.00000 15.69690 0.00000 -6.48929 48.26172 -81.33282 7.12502 -0.00000 -0.00000 19.82471 -7.76394 -245.54223
-0.57679 0.38868 -0.40925 -42.59223 -44.22817 200.42490 -0.00000 0.00000 -0.00000 372.89101 -27.81809 34.43672 -115.14261 60.99421 138.96930 -2.51383 -12.01174 -13.20408 -1.57530 -21.54948 -8.26403 -0.00000 0.00000 -0.00000 -303.22880 -52.97345 -326.85046 48.18719 68.38325 -66.70769 15.91886 29.67082 -34.52474 32.62608 64.50824 -49.76148 -7.37575 5.79877 -2.96041 -8.83979 5.29074 -5.26882 -5.15620 2.04411 -3.17313 5.95470 -5.38717 12.31806 -17.67796 -1.61579 16.39860 -5.70298 2.35522 7.76834 -0.00000 0.00000 -0.00000 4.28632 29.79004 -81.52154 23.35399 -9.39429 -43.36185 0.00000 -12.63490 0.00000 27.53005 -12.08612 -21.88552 -7.12502 -0.00000 0.00000 2.45357 -2.05007 5.14297 -0.00000 0.00000 -0.00000 88.16202 -5.81775 10.45619 -22.98070 -9.05123 42.54968 -0.00000 14.64020 0.00000 -4.14343 49.34663 -84.54552 7.12502 -0.00000 -0.00000 20.89636 -7.31426 -243.44145
-0.58625 0.36350 -0.41738 -40.99911 -44.35652 194.43941 -0.00000 0.00000 -0.00000 370.29180 -33.21836 20.52482 -77.78647 69.80581 98.28960 -0.56126 -14.52481 -4.89452 -1.13804 -18.48033 -6.98698 -0.00000 0.00000 -0.00000 -301.60424 -45.73473 -326.35949 83.86612 69.37278 -104.77563 16.05892 12.58240 -45.47754 30.87796 63.84129 -47.81947 -5.96280 7.37864 -3.39034 -9.27488 5.30033 -6.15048 -6.27453 0.95599 -3.62908 6.71835 -5.31586 13.48478 -17.11246 -6.37476 17.26225 -6.01540 1.13687 8.28373 -0.00000 0.00000 -0.00000 4.90494 39.38365 -84.86208 20.79331 -7.21804 -37.94279 0.00000 -8.71322 0.00000 27.52729 -11.31844 -20.63523 -7.12502 -0.00000 0.00000 2.29180 -1.81905 6.57985 -0.00000 0.00000 -0.00000 92.35064 1.21656 9.76616 -25.75967 -11.85146 48.82868 -0.00000 16.11740 0.00000 -7.40574 49.77809 -80.33913 7.12502 -0.00000 -0.00000 21.18314 -8.53084 -245.94594
-0.60364 0.33754 -0.42740 -40.82613 -46.56885 190.20752 -0.00000 0.00000 -0.00000 367.16609 -34.06594 6.94101 -28.88579 63.00141 45.59201 1.43877 -18.35597 1.78881 -1.00059 -17.37762 -6.54049 -0.00000 0.00000 -0.00000 -300.09891 -37.85827 -318.30541 107.34607 64.51837 -130.20767 12.55454 6.80213 -45.66806 27.20229 62.21715 -43.69602 -5.27463 7.77811 -4.33639 -9.40769 5.46055 -7.57683 -6.74484 0.71484 -4.38514 5.64230 -4.23292 13.80209 -16.77824 -10.11875 17.24117 -6.19667 -0.18061 8.37425 -0.00000 0.00000 -0.00000 -1.19465 44.90363 -82.54982 19.44791 -6.22638 -35.21778 0.00000 -5.18326 0.00000 32.83327 -18.17626 -25.80012 -7.12502 -0.00000 0.00000 6.99782 -7.30555 -1.01203 -0.00000 0.00000 -0.00000 92.46887 9.51387 7.12398 -28.00789 -14.61599 54.42545 -0.00000 13.34750 0.00000 -7.42982 50.14204 -80.35859 7.12502 -0.00000 -0.00000 21.51302 -8.64882 -245.88194
-0.61835 0.31437 -0.44627 -43.61241 -51.46366 181.96028 -0.00000 0.00000 -0.00000 366.21731 -32.23006 -3.21999 -9.47212 45.95980 22.10922 2.79458 -23.63669 3.48213 -2.59220 -27.09104 -10.73000 -0.00000 0.00000 -0.00000 -300.84771 -34.13428 -311.02942 113.00858 62.11368 -136.54244 13.54764 10.86069 -42.90220 26.48685 61.86107 -42.88603 -7.20357 6.25357 -3.92764 -9.78942 5.09536 -7.08202 -6.21792 1.37176 -4.21752 5.18199 -4.81672 13.60115 -16.55169 -11.45304 16.77091 -6.14193 -0.58399 8.11744 0.00000 0.00000 -0.00000 -8.44477 46.62541 -76.13273 21.02350 -7.39758 -38.41659 0.00000 -1.58613 0.00000 29.95215 -42.44338 -49.50730 -7.12502 -0.00000 0.00000 5.12559 -22.28001 -31.68933 0.00000 0.00000 -0.00000 90.83098 15.90829 3.90970 -30.03913 -17.65271 60.11758 -0.00000 9.37796 0.00000 -2.21192 50.08700 -87.11722 7.12502 -0.00000 -0.00000 21.68248 -6.91185 -241.83979
-0.63432 0.29703 -0.46037 -48.13969 -55.27336 174.36918 -0.00000 0.00000 -0.00000 366.56464 -32.44486 -12.02065 -4.99042 35.94518 15.30209 3.32837 -28.23097 2.60634 -5.64686 -37.79508 -16.39598 -0.00000 0.00000 -0.00000 -297.86049 -31.30592 -304.14492 114.52045 61.33475 -138.25908 11.78482 14.44346 -36.22650 26.89197 62.06445 -43.34502 -8.38134 4.65402 -2.98422 -10.36974 5.94096 -5.66039 -6.46666 3.27555 -3.60806 4.04023 -4.74398 12.20596 -15.53632 -12.44471 14.77414 -5.75529 -1.28445 7.18194 0.00000 0.00000 0.00000 -2.15709 44.86600 -75.95986 24.38876 -10.39646 -45.66029 0.00000 -5.64969 0.00000 24.65130 -46.32492 -57.60453 -7.12502 -0.00000 0.00000 2.30853 -23.56150 -39.24117 0.00000 0.00000 0.00000 90.10427 17.49708 0.10826 -31.78835 -20.89116 65.84122 -0.00000 6.18102 0.00000 1.67656 -49.33073 92.20995 7.12502 -0.00000 -0.00000 21.30549 -5.47889 -238.75667
-0.64747 0.29106 -0.47082 -53.45946 -55.30078 170.02663 -0.00000 0.00000 -0.00000 364.51735 -37.44943 -13.42914 -5.42584 37.19206 16.03288 1.88086 -26.59399 -0.22462 -4.75224 -35.22718 -14.89280 -0.00000 0.00000 -0.00000 -296.86134 -28.96730 -303.03710 112.66788 62.28026 -136.15727 9.22026 14.44697 -30.82832 26.79138 62.01438 -43.23114 -9.02162 7.15881 -2.42383 -10.26600 7.01639 -5.31916 -5.93691 3.10049 -3.51122 2.59663 -5.50096 10.74567 -16.09008 -10.01906 13.08714 -5.43981 -0.71462 6.37225 -0.00000 0.00000 0.00000 5.11719 42.60575 -79.77250 26.30217 -12.47194 -50.12820 0.00000 -9.67786 0.00000 23.46252 -46.41723 -59.07073 -7.12502 -0.00000 0.00000 1.87756 -23.25874 -40.25446 -0.00000 0.00000 0.00000 89.02205 16.18334 -4.91481 -32.96066 -23.59686 70.44914 -0.00000 3.72677 0.00000 3.66009 -48.84152 94.85634 7.12502 -0.00000 -0.00000 21.07184 -4.74050 -237.10584
-0.65827 0.29678 -0.47704 -56.44023 -53.25722 167.26362 -0.00000 0.00000 -0.00000 363.61037 -43.78461 -8.84507 -9.56916 46.12505 22.24403 -0.22880 -20.98781 -4.41656 -3.33022 -30.27426 -12.26701 -0.00000 0.00000 -0.00000 -295.86928 -26.83282 -302.15038 106.09063 64.96024 -128.81951 6.73615 15.45184 -24.12863 25.89253 61.55418 -42.21109 -8.93109 11.11637 -1.86215 -9.32985 7.93159 -5.10550 -4.83727 1.97638 -3.40506 2.76666 -5.52253 10.37710 -18.73543 -9.80172 12.45730 -6.25767 -0.48602 6.03164 -0.00000 0.00000 0.00000 5.07151 42.30815 -81.40149 27.61177 -14.08952 -53.39520 0.00000 -9.72028 0.00000 24.33802 -46.99736 -58.26358 -7.12502 -0.00000 0.00000 2.02375 -24.02485 -40.03964 -0.00000 0.00000 0.00000 86.61783 13.95122 -6.88030 -33.60446 -25.39509 73.45864 -0.00000 3.11419 0.00000 4.29428 -48.91008 95.68967 7.12502 -0.00000 -0.00000 21.21265 -4.57037 -236.60172
-0.66950 0.30645 -0.48035 -57.93901 -51.79727 163.31944 -0.00000 0.00000 -0.00000 368.92137 -50.31605 1.68202 -21.16466 58.69393 36.76134 -1.44124 -15.87219 -8.13151 -3.28124 -30.07873 -12.16957 -0.00000 0.00000 -0.00000 -293.27016 -23.78733 -297.13603 92.51123 68.27020 -114.04387 2.65421 17.25039 -11.84713 24.29958 60.67831 -40.39191 -9.19919 11.27166 -1.49476 -8.95506 8.60817 -4.66720 -4.37130 2.67047 -3.25053 3.13272 -4.37949 10.86350 -18.49242 -12.14599 12.77730 -6.49628 -1.28538 6.27237 -0.00000 0.00000 0.00000 5.05898 41.46868 -81.31676 27.96292 -14.55528 -54.30739 0.00000 -10.56930 0.00000 25.02873 -48.80872 -58.18135 -7.12502 -0.00000 0.00000 1.73292 -25.75985 -41.01782 -0.00000 0.00000 0.00000 84.17980 13.52186 -3.25167 -33.54045 -25.20223 73.13724 -0.00000 4.13294 0.00000 1.90871 -49.24811 92.51891 7.12502 -0.00000 -0.00000 21.25271 -5.38426 -238.56408
-0.67341 0.32098 -0.48701 -58.45538 -50.31887 160.93006 -0.00000 0.00000 -0.00000 378.08337 -53.90788 14.86542 -45.68544 67.95648 64.01276 -2.26173 -12.79195 -11.89237 -4.06647 -32.99653 -13.67025 -0.00000 0.00000 -0.00000 -293.83656 -24.07327 -297.39271 67.97079 69.98691 -87.84050 0.47051 15.50794 -4.58714 19.89156 57.77180 -35.26399 -9.57375 10.35326 -1.59850 -8.86995 8.84134 -4.75967 -4.15051 3.45711 -3.36938 4.58194 -4.05600 11.57098 -18.16249 -12.52679 13.79116 -6.69160 -1.23808 6.73002 -0.00000 0.00000 0.00000 6.31903 41.01031 -81.82572 27.37962 -13.78945 -52.80117 0.00000 -13.11610 0.00000 25.51622 -46.86502 -56.81147 -7.12502 -0.00000 0.00000 2.46550 -24.29467 -39.02553 -0.00000 0.00000 0.00000 81.86798 14.72605 3.65748 -32.70712 -22.96002 69.37482 -0.00000 5.35216 0.00000 -1.33955 48.66493 271.78376 7.12502 -0.00000 -0.00000 20.43421 -6.21745 -241.20832
-0.67388 0.33887 -0.49358 -57.41200 -49.13145 162.82542 -0.00000 0.00000 -0.00000 388.39011 -56.14939 27.59810 -82.84160 69.46411 103.68126 -3.96122 -9.71062 -20.21572 -4.85867 -35.55133 -15.07657 -0.00000 0.00000 -0.00000 -294.25157 -23.70745 -297.70056 46.93972 68.17806 -65.36490 -0.44068 11.30739 0.47737 16.03707 54.45361 -30.62351 -8.94071 9.59940 -2.24580 -8.21094 8.98503 -5.42030 -3.84204 4.03048 -3.68215 7.14270 -5.11603 12.01257 -19.87714 -10.87394 14.54944 -7.41179 -0.14877 6.94362 -0.00000 0.00000 0.00000 8.38539 40.62995 -85.09222 25.89120 -11.99943 -49.14116 0.00000 -15.93700 0.00000 22.96027 -46.76011 -59.81972 -7.12502 -0.00000 0.00000 1.61876 -23.39240 -40.92856 -0.00000 0.00000 0.00000 79.46137 14.65733 9.58045 -31.45882 -20.22154 64.67987 -0.00000 6.05875 0.00000 -2.87306 48.28924 273.84609 7.12502 -0.00000 -0.00000 19.99146 -6.59188 -242.51294
-0.66929 0.35596 -0.50021 -55.82958 -47.67774 165.55849 -0.00000 0.00000 -0.00000 403.23159 -53.51114 45.86899 -109.63603 63.63313 132.75368 -4.97351 -4.59768 -30.08875 -5.19163 -36.53149 -15.64246 -0.00000 0.00000 -0.00000 -295.42735 -24.25890 -299.57778 32.98970 64.63941 -50.16411 -0.46651 6.74943 3.59496 12.38826 50.31922 -26.02119 -8.34571 9.14247 -2.66697 -7.94276 8.89768 -5.85071 -3.90052 4.15719 -3.86004 10.05577 -5.96382 12.68006 -21.26296 -9.51426 15.57456 -8.11032 0.88723 7.29215 0.00000 0.00000 -0.00000 10.90933 40.47351 -89.47427 23.85077 -9.86578 -44.45630 0.00000 -18.02340 0.00000 19.63598 -48.98203 -64.69134 -7.12502 -0.00000 0.00000 -0.10452 -24.33499 -45.25364 0.00000 0.00000 -0.00000 78.02176 13.00600 14.38620 -29.68698 -17.07995 59.07243 -0.00000 5.69381 0.00000 -7.25607 48.35657 279.66918 7.12502 -0.00000 -0.00000 19.89583 -8.05101 -246.15568
-0.66704 0.37126 -0.50216 -54.07437 -46.23026 168.49406 -0.00000 0.00000 -0.00000 419.04732 -42.98216 65.42468 -124.32806 54.09018 149.82626 -2.01673 5.44737 -42.48252 -2.65531 -27.38521 -10.86789 -0.00000 0.00000 -0.00000 -296.35394 -24.91044 -299.88434 26.94020 62.08836 -43.39961 -0.07477 1.87376 7.00130 9.58467 46.15131 -22.26554 -8.70281 8.80462 -2.80318 -7.51348 8.72600 -5.94661 -3.24959 4.24362 -3.90865 11.31726 -5.53229 13.45464 -21.10776 -9.24187 16.75143 -8.22956 1.17252 7.86305 0.00000 0.00000 0.00000 12.49891 40.08498 -94.42145 21.44297 -7.73252 -39.28620 0.00000 -19.46210 0.00000 16.65942 -49.84934 -68.61972 -7.12502 -0.00000 0.00000 -1.32740 -24.32881 -48.21924 0.00000 0.00000 0.00000 74.55602 12.37738 18.91827 -27.26090 -13.63833 52.50005 -0.00000 3.36984 0.00000 -7.83665 48.53945 280.40679 7.12502 -0.00000 -0.00000 20.05326 -8.30422 -246.58727
-0.66590 0.38476 -0.49984 -50.72233 -45.30737 174.40830 -0.00000 0.00000 -0.00000 430.36472 -25.29426 78.84807 -131.73851 43.75290 159.60679 -3.58244 7.48108 -54.21561 -5.66776 -37.85115 -16.43008 -0.00000 0.00000 -0.00000 -296.98801 -27.20143 -300.95903 22.68036 59.70030 -38.52586 0.96322 -5.08419 9.76803 6.79519 40.65100 -18.21132 -7.50018 8.71611 -3.86459 -6.90021 8.67462 -7.24208 -3.27127 4.18559 -4.47884 12.29201 -5.11435 14.36993 -20.83696 -8.84527 18.16746 -8.23282 1.49920 8.56526 0.00000 0.00000 0.00000 12.49446 39.50713 -97.91353 18.38720 -5.51015 -33.11717 0.00000 -19.83110 0.00000 17.43821 -49.92947 -67.68330 -7.12502 -0.00000 0.00000 -1.10528 -24.58981 -47.65459 0.00000 0.00000 0.00000 72.15118 11.90328 24.15751 -23.91670 -9.92966 44.60276 -0.00000 3.47610 0.00000 -5.65986 48.68191 277.51706 7.12502 -0.00000 -0.00000 20.22993 -7.61367 -244.77481
-0.66212 0.39590 -0.49489 -44.82888 -44.68425 183.63679 -0.00000 0.00000 -0.00000 433.74055 -13.18280 87.08309 -134.38008 37.72259 163.64801 -4.33038 9.07243 -60.58616 -8.48570 -44.18324 -20.71615 -0.00000 0.00000 -0.00000 -295.77970 -29.96827 -303.34738 17.81100 56.08991 -32.78164 1.23723 -8.35223 9.28047 6.70064 40.43168 -18.06587 -4.84372 9.07745 -5.58294 -5.89371 8.71043 -9.34000 -3.62981 3.79986 -5.36468 12.83578 -5.12714 15.17286 -19.60169 -8.57495 19.32465 -7.84174 1.65019 9.11831 -0.00000 0.00000 0.00000 15.78183 37.71670 -101.59721 15.52431 -3.83784 -27.61828 0.00000 -21.44470 0.00000 19.99978 -49.42996 -64.39871 -7.12502 -0.00000 0.00000 -0.12446 -24.82051 -45.29649 -0.00000 0.00000 0.00000 73.84086 8.94925 29.71742 -19.88361 -6.53701 36.09237 -0.00000 5.27692 0.00000 -9.76930 49.03339 282.84513 7.12502 -0.00000 -0.00000 20.48939 -9.12658 -248.00014
-0.63871 0.41403 -0.49710 -38.98607 -43.81146 193.87923 -0.00000 0.00000 -0.00000 430.73548 -30.12686 95.79326 -132.49486 42.21927 160.71598 7.45007 15.70610 -51.91931 -4.63143 -34.85248 -14.68239 -0.00000 0.00000 -0.00000 -297.68002 -27.94055 -302.13638 10.99386 48.38007 -24.18363 0.77705 -11.55702 5.95081 18.03176 56.27971 -33.04735 -2.65579 10.47133 -6.89914 -4.53783 8.69561 -10.89484 -3.15438 2.91141 -6.00217 12.88381 -5.29260 15.21201 -18.52379 -9.42260 19.17765 -7.59548 1.29434 9.00185 0.00000 0.00000 0.00000 20.48270 34.77698 -106.27760 13.87271 -3.03091 -24.53734 0.00000 -21.84940 0.00000 35.56924 -42.64523 -43.45085 -7.12502 -0.00000 0.00000 7.35787 -24.69917 -27.82724 0.00000 0.00000 0.00000 77.72451 3.26383 32.18204 -16.84735 -4.56552 30.13160 -0.00000 7.27127 0.00000 -14.67061 49.49613 288.99887 7.12502 -0.00000 -0.00000 20.99626 -11.07084 -251.58033
-0.62540 0.42257 -0.48827 -34.25815 -43.26420 203.76769 -0.00000 0.00000 -0.00000 428.30132 -49.26432 100.16598 -128.97928 48.41976 155.78044 4.41916 12.92888 -45.87809 -1.87690 -23.37975 -9.05319 -0.00000 0.00000 -0.00000 -297.69828 -32.12078 -301.42246 9.07394 45.26449 -21.55204 0.37213 -5.44778 4.69494 15.77988 54.19864 -30.30692 -1.23173 11.93708 -7.79222 -3.07753 8.51449 -11.83176 -2.06715 2.00249 -6.37169 11.70211 -5.41690 14.91816 -17.24484 -10.66673 18.56448 -7.16939 0.62021 8.68507 -0.00000 0.00000 -0.00000 17.48147 32.91014 -107.00199 13.22311 -2.74288 -23.34055 0.00000 -16.02580 0.00000 35.25256 -18.16753 -23.80419 -7.12502 -0.00000 0.00000 8.63012 -8.53117 0.65404 -0.00000 0.00000 -0.00000 80.56716 -2.12963 31.75729 -15.54802 -3.85023 27.66293 -0.00000 7.71905 0.00000 -16.69185 50.14603 291.33584 7.12502 -0.00000 -0.00000 21.65017 -12.04774 -252.73709
-0.62225 0.42233 -0.47437 -29.47275 -42.62190 215.19914 -0.00000 0.00000 -0.00000 424.42424 -59.56176 98.55241 -128.70205 48.82366 155.41098 -13.22538 -9.09351 -44.20067 -3.19301 -29.72137 -11.99258 -0.00000 0.00000 -0.00000 -293.56113 -41.83549 -300.87216 9.95065 46.75947 -22.77044 0.14391 -1.39986 4.40041 12.63269 50.63562 -26.33807 0.41058 12.63552 -8.85311 -1.30366 8.60949 -12.94506 -0.93296 1.83149 -6.84408 11.17121 -5.28088 14.45006 -16.85435 -11.23447 17.85787 -7.06319 0.25536 8.36250 0.00000 0.00000 -0.00000 11.14459 29.56932 -104.23772 13.91246 -3.04906 -24.61084 0.00000 -12.57840 0.00000 9.65295 -4.33292 -23.95037 -7.12502 -0.00000 0.00000 -11.95527 9.83055 6.11940 0.00000 0.00000 -0.00000 80.21220 -5.71305 30.29272 -14.84064 -3.49055 26.33589 -0.00000 5.18956 0.00000 -16.72632 50.15049 291.37703 7.12502 -0.00000 -0.00000 21.65580 -12.06242 -252.75864
-0.61094 0.42734 -0.46743 -26.41148 -41.57948 226.73406 -0.00000 0.00000 -0.00000 419.84493 -66.80999 95.41243 -128.27937 49.42046 154.85197 -13.86176 -15.78572 -39.00215 -2.83676 -28.20618 -11.25697 -0.00000 0.00000 -0.00000 -293.27561 -47.34412 -295.39127 9.70393 46.35191 -22.43063 -0.09977 -2.58871 -2.44915 13.61953 51.84968 -27.60348 1.47208 13.55613 -10.03768 0.67000 8.72934 -14.32968 0.77757 1.80537 -7.51524 9.78577 -5.83869 13.95887 -16.23576 -9.14806 17.46677 -6.42196 0.65452 8.26123 -0.00000 0.00000 0.00000 5.79646 23.88085 -100.16195 15.58857 -3.87147 -27.73936 0.00000 -15.52340 0.00000 -0.82422 0.47305 -29.85080 -7.12502 -0.00000 0.00000 -18.88174 18.94540 1.49104 -0.00000 0.00000 0.00000 78.05625 -8.35736 28.05030 -14.51957 -3.33397 25.73718 -0.00000 0.96537 0.00000 -15.07574 50.19320 289.32285 7.12502 -0.00000 -0.00000 21.62559 -11.43226 -251.56353
-0.60176 0.43344 -0.46345 -24.23639 -40.57677 238.38099 -0.00000 0.00000 -0.00000 417.16864 -72.36606 94.48845 -128.13865 49.61425 154.66696 -9.42412 -10.92377 -34.51417 -1.18939 -18.87265 -7.14731 -0.00000 0.00000 -0.00000 -296.17308 -52.28830 -288.77877 10.67238 47.89750 -23.75199 -0.00182 -0.34981 -1.58989 12.26582 50.15824 -25.86192 3.07722 14.13256 -11.43774 3.18137 8.21337 -15.85009 2.91416 1.41663 -8.24715 7.25909 -6.39267 12.87582 -16.90667 -6.19438 16.44763 -5.96530 1.27709 7.82579 0.00000 0.00000 -0.00000 -3.11222 18.19151 -94.33285 18.30007 -5.45376 -32.94632 0.00000 -16.42170 0.00000 7.03683 -4.85338 -34.42751 -7.12502 -0.00000 0.00000 -11.26892 13.32875 -4.16292 0.00000 0.00000 -0.00000 74.14132 -11.00067 24.17145 -14.89283 -3.51639 26.43342 -0.00000 -3.43158 -0.00000 -13.77015 49.77504 287.79547 7.12502 -0.00000 -0.00000 21.21399 -10.81153 -250.79249
-0.60117 0.44016 -0.46083 -24.56960 -40.37049 246.35320 -0.00000 0.00000 -0.00000 407.23442 -71.69730 88.47786 -127.89122 49.94929 154.34292 -5.75859 -5.14423 -31.85960 -0.31719 -9.92551 -3.65164 -0.00000 0.00000 -0.00000 -300.91191 -55.82989 -282.09154 15.51319 53.92909 -29.97754 -0.03028 1.40205 6.30439 8.74853 44.67466 -21.09160 2.97024 14.83135 -12.08697 5.62414 7.42768 -16.60250 5.95121 1.15039 -8.70828 3.08880 -3.99199 11.06799 -17.84994 -5.27525 14.26690 -5.78315 0.69216 6.93399 -0.00000 0.00000 0.00000 -15.06156 11.41317 -87.43838 21.23845 -7.56795 -38.86118 0.00000 -19.42880 0.00000 11.38723 -7.84904 -34.13963 -7.12502 -0.00000 0.00000 -7.94165 9.45071 -4.64897 -0.00000 0.00000 0.00000 67.72266 -13.05435 19.10410 -15.19628 -3.66882 27.00166 -0.00000 -7.81700 -0.00000 -12.25421 48.87764 286.08367 7.12502 -0.00000 -0.00000 20.37921 -9.97653 -250.00241
-0.60529 0.44784 -0.46038 -25.81247 -40.22350 251.29250 -0.00000 0.00000 -0.00000 401.77569 -64.82723 84.73537 -127.29521 50.72772 153.56874 0.74779 7.28687 -33.64259 -0.00498 -1.25177 -0.45568 -0.00000 0.00000 -0.00000 -305.74523 -57.94899 -277.13447 26.37157 61.80234 -42.75526 0.26685 -0.74449 7.92146 6.05680 38.86519 -17.05695 2.70361 14.22534 -11.56685 6.49686 7.78985 -16.07036 6.66621 2.06412 -8.51142 2.67246 -2.98678 8.89133 -18.55845 -1.46178 11.86782 -5.80907 1.38208 5.66368 -0.00000 0.00000 -0.00000 -22.38634 1.71997 -81.97031 22.10766 -8.28451 -40.68154 0.00000 -24.01960 0.00000 13.54419 -9.48519 -34.37550 -7.12502 -0.00000 0.00000 -6.19391 7.52250 -5.34170 -0.00000 0.00000 -0.00000 65.12459 -18.59405 15.57945 -14.39796 -3.27574 25.51097 -0.00000 -8.28279 -0.00000 -12.92073 46.45569 287.56251 7.12502 -0.00000 -0.00000 18.25481 -9.47954 -251.53358
-0.61190 0.45701 -0.46116 -26.89765 -40.00099 254.57589 -0.00000 0.00000 -0.00000 403.33673 -56.45064 85.34672 -126.51880 51.68534 152.57263 13.38393 24.28663 -35.17699 -0.01972 2.49039 0.90704 -0.00000 0.00000 -0.00000 -309.84229 -59.89322 -274.10816 48.44800 68.42430 -66.98818 0.43203 -3.34301 6.60622 5.67453 37.86926 -16.44111 2.26811 12.64855 -10.90323 6.85700 8.57058 -15.49308 6.58762 3.74144 -8.28173 2.59574 -2.89772 6.93872 -19.36251 3.10302 9.89868 -5.90201 2.50185 4.41837 0.00000 0.00000 -0.00000 -25.96815 -9.92412 -76.08995 20.36446 -6.89141 -37.06621 0.00000 -25.94000 0.00000 15.48591 -9.75972 -31.46002 -7.12502 -0.00000 0.00000 -5.40173 5.96098 -2.68160 0.00000 0.00000 -0.00000 62.93160 -23.54134 13.05933 -12.81054 -2.56826 22.58439 -0.00000 -6.80726 -0.00000 -15.11992 43.50240 291.43020 7.12502 -0.00000 -0.00000 15.80857 -9.37223 -254.90593
-0.62036 0.46652 -0.46161 -27.82706 -39.48938 256.47836 -0.00000 0.00000 -0.00000 406.17481 -47.82612 86.90169 -126.19976 52.06164 152.16706 21.37839 34.28240 -34.68335 -0.11993 -6.12904 -2.23991 -0.00000 0.00000 -0.00000 -313.61791 -61.94811 -272.82053 78.87560 69.74706 -99.45027 0.64464 -2.70411 9.62915 5.36001 37.00867 -15.92374 2.51003 11.07851 -10.28366 6.87665 9.54652 -14.91758 5.81816 5.38361 -7.98545 1.84196 -1.77664 5.65951 -20.62605 5.74452 8.52762 -6.19763 2.95072 3.53630 -0.00000 0.00000 0.00000 -20.53311 -20.21116 -65.15111 17.09275 -4.70884 -30.60280 0.00000 -27.29410 0.00000 15.83413 -8.65688 -27.95528 -7.12502 -0.00000 0.00000 -5.93976 5.77515 0.95636 -0.00000 0.00000 0.00000 59.55531 -25.13888 9.22993 -11.25576 -1.96651 19.75976 -0.00000 -5.35842 -0.00000 -16.67337 40.16325 294.90904 7.12502 -0.00000 -0.00000 13.14170 -8.84892 -258.37970
-0.62658 0.47557 -0.46080 -27.46446 -39.75536 257.78370 -0.00000 0.00000 -0.00000 408.01120 -41.38547 87.21324 -126.75424 51.40137 152.87328 17.26966 29.93355 -33.53481 -2.55433 -26.91227 -10.64659 -0.00000 0.00000 -0.00000 -317.81530 -66.33712 -273.22701 100.93412 66.50076 -123.16438 0.67259 -0.60877 13.76922 5.19794 36.54959 -15.65306 2.58044 10.50951 -9.28968 6.39246 10.73128 -13.76056 4.87171 6.64187 -7.37956 2.26830 -1.60194 4.92528 -22.03395 6.65925 7.68288 -6.75619 3.16317 3.00112 0.00000 0.00000 -0.00000 -4.79175 -22.47238 -44.81511 14.97218 -3.55589 -26.58181 0.00000 -26.26860 0.00000 17.56238 -8.54485 -25.14837 -7.12502 -0.00000 0.00000 -5.13289 4.54180 3.60220 0.00000 0.00000 -0.00000 57.22060 -25.76346 5.84523 -9.63107 -1.42932 16.84467 -0.00000 -3.23333 -0.00000 -18.59671 34.40450 300.77356 7.12502 -0.00000 -0.00000 8.87798 -7.45913 -264.72983
-0.63021 0.47920 -0.45831 -23.52719 -37.60372 260.07908 -0.00000 0.00000 -0.00000 415.50033 -38.56226 88.20290 -128.31860 49.36601 154.90364 9.91288 20.30421 -33.94832 -4.51444 -34.48253 -14.47671 -0.00000 0.00000 -0.00000 -313.56551 -73.12418 -269.42110 113.60574 61.81393 -137.21899 0.81609 0.09307 17.04110 4.75641 35.23998 -14.90003 3.51792 11.31423 -8.15211 7.28506 10.99935 -12.16633 5.47459 6.40673 -6.58075 1.14136 -0.76665 4.69861 -22.48211 5.41509 7.09957 -6.79596 2.56822 2.80078 0.00000 0.00000 -0.00000 8.01812 -10.42374 -19.34154 15.18346 -3.66231 -26.97762 0.00000 -30.52840 0.00000 19.88535 -8.99582 -23.37843 -7.12502 -0.00000 0.00000 -3.56375 2.98882 5.06352 0.00000 0.00000 -0.00000 54.69717 -23.73945 2.30290 -8.75111 -1.17603 15.27894 -0.00000 -2.47228 -0.00000 -17.66693 28.25992 303.92874 7.12502 -0.00000 -0.00000 4.39309 -4.31326 -269.39138
-0.63204 0.47910 -0.45476 -18.40821 -35.81780 262.68379 -0.00000 0.00000 -0.00000 421.34029 -40.66641 88.75974 -128.94438 48.47117 155.73380 5.60282 14.46462 -33.94569 -1.74630 -22.61084 -8.71891 -0.00000 0.00000 -0.00000 -296.67563 -81.59738 -254.89268 119.18440 58.44846 -143.64774 2.26878 -2.37255 22.15198 3.17154 29.63340 -11.94922 3.36818 13.27177 -6.47795 7.59732 11.34832 -9.77595 6.20698 5.62980 -5.43894 0.02646 -1.72322 4.52575 -21.60983 3.68075 6.59005 -6.35784 2.11006 2.64254 0.00000 0.00000 0.00000 6.90939 2.28803 1.97131 15.60640 -3.88084 -27.77297 0.00000 -34.60420 0.00000 22.33953 -8.94322 -20.72144 -7.12502 -0.00000 0.00000 -1.98222 1.52176 7.50069 0.00000 0.00000 0.00000 54.66798 -19.82144 -2.84979 -9.37980 -1.35434 16.39671 -0.00000 -3.42291 -0.00000 -14.66615 20.80947 306.37829 7.12502 -0.00000 -0.00000 0.94005 -0.82591 -446.29822
-0.63589 0.47051 -0.45261 -13.56453 -33.70063 265.15400 -0.00000 0.00000 -0.00000 426.16654 -45.50470 90.01720 -128.79259 48.69287 155.53139 4.28667 12.56441 -35.07228 -0.73143 -14.94107 -5.57361 -0.00000 0.00000 -0.00000 -233.35023 -81.52333 -195.30586 120.56610 57.42145 -145.27807 1.06072 1.27321 22.67573 3.84970 32.23420 -13.26809 2.13117 17.07478 -4.18659 7.34511 12.15749 -6.64324 6.94523 4.31633 -3.98576 0.59310 -1.80376 3.57240 -20.70727 -0.86450 4.43391 -6.33039 0.56370 1.94621 -0.00000 0.00000 -0.00000 -3.57316 8.01799 19.88599 15.01016 -3.57488 -26.65289 0.00000 -36.01340 0.00000 26.43911 -8.82525 -17.14690 -7.12502 -0.00000 0.00000 0.96383 -0.65613 10.75812 -0.00000 0.00000 -0.00000 56.59874 -21.32474 -8.44367 -9.57117 -1.41125 16.73781 -0.00000 3.41663 0.00000 -9.80573 9.90199 315.14450 7.12502 -0.00000 -0.00000 10.59209 -6.13813 -434.76047
-0.63964 0.45743 -0.45390 -9.32824 -29.78402 267.68675 -0.00000 0.00000 -0.00000 433.10685 -49.43181 93.40419 -129.38321 47.81259 156.32298 -1.43285 4.86270 -37.62653 -1.27380 -19.49708 -7.40417 -0.00000 0.00000 -0.00000 -211.41118 -76.58702 -177.56045 121.98346 56.26671 -146.97096 0.60168 2.48934 22.65882 3.28898 30.10977 -12.18501 1.80421 21.59479 -1.28215 6.80028 12.97701 -2.65636 6.50124 2.44818 -2.00185 1.03742 -2.03464 2.44203 -19.01990 -4.98211 2.23395 -5.95089 -0.85079 1.12892 0.00000 0.00000 0.00000 -17.57737 6.44514 30.19716 13.75724 -2.97853 -24.32403 0.00000 -35.46190 0.00000 30.64404 -8.37365 -13.81019 -7.12502 -0.00000 0.00000 4.21208 -2.54548 13.90832 0.00000 0.00000 0.00000 58.75700 -29.33984 -16.30996 -9.52350 -1.39696 16.65281 -0.00000 9.86686 0.00000 1.55162 -0.83150 331.82026 7.12502 -0.00000 -0.00000 26.82595 -5.12432 -415.01622
-0.64612 0.44250 -0.45588 -6.31290 -24.72219 269.89548 -0.00000 0.00000 -0.00000 442.12828 -48.53471 98.71433 -131.20137 44.76678 158.83720 -8.11122 -5.97104 -37.28724 -1.94035 -23.74159 -9.21194 -0.00000 0.00000 -0.00000 -206.24058 -73.14457 -176.37387 123.81356 54.59951 -149.19307 1.11322 1.65358 24.29093 3.44973 30.74317 -12.50242 2.42767 25.31740 1.48079 5.98413 13.47120 1.21150 4.78916 0.85415 -0.01427 1.00824 -1.24912 1.78617 -17.37833 -9.18613 0.74835 -5.46841 -2.38550 0.65965 0.00000 0.00000 0.00000 -32.39937 1.28104 32.77783 12.80883 -2.56755 -22.58126 0.00000 -34.27660 0.00000 32.35931 -6.76264 -10.52809 -7.12502 -0.00000 0.00000 5.49707 -2.86735 17.53478 0.00000 0.00000 0.00000 65.15647 -32.00159 -21.93521 -10.41728 -1.67785 18.25110 -0.00000 -2.63563 -0.00000 0.16994 -0.06302 339.65409 7.12502 -0.00000 -0.00000 25.71918 -1.57351 -408.26277
-0.65372 0.42091 -0.46185 -5.19365 -20.33639 273.11236 -0.00000 0.00000 -0.00000 449.84048 -43.92653 102.67104 -132.70039 41.77892 161.02315 -12.80331 -13.61207 -38.90693 -2.53974 -26.84291 -10.61431 -0.00000 0.00000 -0.00000 -202.89813 -70.42464 -176.22970 126.41370 51.81037 -152.43879 1.47368 1.90952 27.70641 3.86203 32.27837 -13.29119 0.71184 29.15894 3.87252 5.17889 12.64817 4.16649 4.07800 -2.05033 1.43910 1.72699 1.73080 1.75566 -16.15471 -13.24740 0.22207 -5.27922 -4.15934 0.68534 0.00000 0.00000 0.00000 -46.05963 -4.06253 30.80479 12.08175 -2.27525 -21.25568 0.00000 -33.34080 0.00000 32.48889 -5.36744 -8.35671 -7.12502 -0.00000 0.00000 5.53055 -2.57666 20.09498 0.00000 0.00000 0.00000 74.79538 -34.16729 -22.51394 -11.87433 -2.19542 20.87908 -0.00000 -7.10246 -0.00000 -16.07136 7.98717 334.25139 7.12502 -0.00000 -0.00000 8.19587 -1.68982 -416.57092
-0.66484 0.39591 -0.47048 -5.45669 -16.69229 277.17053 -0.00000 0.00000 -0.00000 455.60922 -33.24393 104.97731 -133.84972 39.10092 162.79447 -18.96154 -17.96955 -45.53934 -3.12439 -29.43874 -11.85356 -0.00000 0.00000 -0.00000 -198.80481 -68.74201 -174.09109 129.26803 47.98804 -156.16775 2.23824 1.00951 29.69199 4.33102 33.88786 -14.15028 -1.31541 31.61963 6.57930 3.63899 11.57280 7.19337 2.28254 -4.44086 2.96099 3.92074 1.86351 1.28601 -14.23693 -16.70828 -0.41715 -5.07387 -5.28332 0.29962 -0.00000 0.00000 0.00000 -55.08672 -9.29193 23.32618 11.31069 -1.98628 -19.85893 0.00000 -32.44720 0.00000 31.64896 -2.79419 -4.52199 -7.12502 -0.00000 0.00000 4.70340 -1.74607 24.67821 -0.00000 0.00000 0.00000 85.12547 -36.43022 -19.11246 -14.52900 -3.33851 25.75473 -0.00000 -26.78530 -0.00000 -29.68148 24.80244 323.64700 7.12502 -0.00000 -0.00000 -9.74729 5.08266 -432.28133
-0.67681 0.37132 -0.47445 -6.79895 -12.81403 284.98339 -0.00000 0.00000 -0.00000 461.95033 -28.67340 108.43871 -134.97519 36.04668 164.63939 -23.94347 -22.48334 -49.43178 -3.13735 -29.49245 -11.87991 -0.00000 0.00000 -0.00000 -175.90403 -67.71275 -152.89553 131.53519 44.14360 -159.31383 3.81257 -2.67356 28.95371 4.12769 33.20648 -13.78235 0.08009 31.25256 6.65055 3.22690 10.74541 7.89468 0.88187 -4.98207 3.39936 4.47205 1.16151 1.36404 -12.62776 -21.44407 -0.55925 -4.74737 -6.66265 0.15321 -0.00000 0.00000 -0.00000 -62.82330 -9.90780 16.95696 11.69799 -2.12876 -20.55941 0.00000 -37.13360 0.00000 31.97370 -0.43910 -0.70339 -7.12502 -0.00000 0.00000 5.02672 -1.43105 29.14922 -0.00000 0.00000 -0.00000 88.18699 -31.21034 -14.18218 -16.23148 -4.21747 28.95617 -0.00000 -33.31290 -0.00000 -33.75874 33.26386 320.62734 7.12502 -0.00000 -0.00000 -15.70660 10.29172 -437.42870
-0.68701 0.35133 -0.47716 -10.56416 -9.48339 293.22216 -0.00000 0.00000 -0.00000 472.27481 -35.22478 111.69585 -135.81912 33.38706 166.12077 -22.32601 -21.36806 -47.98111 -2.95787 -28.73495 -11.51103 -0.00000 0.00000 -0.00000 -147.70805 -64.02563 -127.55227 133.13977 40.80039 -161.68899 5.47417 -5.45674 30.48488 3.64201 31.47437 -12.87456 3.13597 30.59594 6.28115 2.83196 9.94625 8.50106 -1.25108 -5.08356 3.79811 4.11241 0.73729 1.45023 -10.91106 -26.22552 -0.60793 -4.24273 -8.18907 0.07179 0.00000 0.00000 -0.00000 -64.30152 -9.08621 12.28438 12.49403 -2.43861 -22.00629 0.00000 -39.84380 0.00000 33.19265 0.10541 0.16113 -7.12502 -0.00000 0.00000 6.18613 -1.64515 30.16470 0.00000 0.00000 -0.00000 84.01378 -27.33089 -8.07285 -17.03935 -4.67743 30.50012 -0.00000 -23.17880 -0.00000 -36.95177 28.08635 327.95876 7.12502 -0.00000 -0.00000 -16.25698 7.70301 -429.68616
-0.69542 0.33869 -0.48150 -13.27367 -9.73892 298.95600 -0.00000 0.00000 -0.00000 476.63442 -39.77464 113.44180 -136.13163 32.30105 166.69694 -21.41161 -19.92281 -47.65860 -3.07638 -29.23850 -11.75558 -0.00000 0.00000 -0.00000 -132.90258 -58.17456 -112.24296 134.03383 38.63378 -163.08785 6.88663 -7.09287 32.51520 2.99760 28.90528 -11.59346 1.62493 28.11738 7.32347 1.37189 9.10831 9.47905 -2.21272 -4.77948 4.38378 3.11472 0.76637 1.88659 -9.31631 -29.50109 0.05597 -3.72651 -9.32164 0.39126 0.00000 0.00000 0.00000 -60.10415 -10.40906 10.28247 13.01996 -2.65610 -22.96785 0.00000 -40.11090 0.00000 36.62763 -0.93089 -1.25193 -7.12502 -0.00000 0.00000 9.31734 -2.79927 28.42355 0.00000 0.00000 0.00000 75.54252 -26.33449 2.88429 -17.35107 -4.86261 31.10060 -0.00000 -15.48300 -0.00000 -39.79190 21.22200 336.51072 7.12502 -0.00000 -0.00000 -16.47695 4.50294 -419.86570
-0.69820 0.33483 -0.48387 -16.54525 -9.69014 302.54525 -0.00000 0.00000 -0.00000 479.27718 -43.18414 113.24940 -136.15893 32.20319 166.74811 -20.42359 -18.14238 -47.50024 -3.02415 -29.01821 -11.64828 -0.00000 0.00000 -0.00000 -121.06569 -54.04266 -101.06350 134.27941 37.99208 -163.48396 8.05083 -8.48589 33.89736 2.48301 26.57085 -10.48809 1.46064 23.86210 7.35681 0.89012 8.70014 9.57944 -2.12009 -3.19489 4.56311 1.48465 -1.31339 2.57363 -9.19213 -30.34361 0.80886 -3.48349 -9.21910 0.88942 -0.00000 0.00000 0.00000 -54.84198 -14.51844 12.02727 13.23152 -2.74651 -23.35599 0.00000 -38.43400 0.00000 40.42274 -3.04298 -3.56633 -7.12502 -0.00000 0.00000 12.67040 -4.59960 25.36873 -0.00000 0.00000 0.00000 63.28163 -24.92804 21.29308 -17.14373 -4.73894 30.70088 -0.00000 -12.94030 -0.00000 -37.10866 20.84632 334.80832 7.12502 -0.00000 -0.00000 -14.12161 4.19042 -421.19574
-0.69685 0.34096 -0.48409 -19.34418 -11.04977 307.09688 -0.00000 0.00000 -0.00000 487.51347 -61.88853 120.63697 -135.75998 33.58588 166.01358 -12.93552 -17.16840 -36.26164 -3.21336 -29.80437 -12.03356 -0.00000 0.00000 -0.00000 -109.69940 -47.95455 -88.79333 133.82713 39.15747 -162.75866 8.87352 -7.88055 36.65414 2.18795 25.08726 -9.81093 3.23723 19.76814 6.47708 0.14165 7.33960 8.89177 -3.31647 -2.34770 4.35973 0.44215 -2.81244 2.56552 -9.46887 -30.39942 0.64479 -3.32434 -8.99549 0.95208 0.00000 0.00000 0.00000 -47.78056 -17.63837 16.17724 13.25596 -2.75706 -23.40089 0.00000 -34.82260 0.00000 42.49324 -6.39769 -6.93494 -7.12502 -0.00000 0.00000 14.32765 -6.59595 20.78493 0.00000 0.00000 0.00000 49.19879 -24.27276 39.05994 -16.90350 -4.59808 30.23926 -0.00000 -11.86980 -0.00000 -38.36652 19.86005 336.77391 7.12502 -0.00000 -0.00000 -14.89049 3.83137 -419.10613
-0.69630 0.36316 -0.48541 -23.74372 -13.75252 311.80777 -0.00000 0.00000 -0.00000 494.46416 -82.61435 128.08505 -134.64164 37.00407 164.07900 -8.06821 -19.00376 -25.16794 -3.26271 -30.00422 -12.13256 -0.00000 0.00000 -0.00000 -93.36495 -42.70879 -72.70209 132.28509 42.65790 -160.40513 9.11839 -7.01376 38.32655 2.00468 24.10103 -9.37060 5.83518 17.51140 6.37063 -1.41585 5.45613 9.23397 -6.37025 -2.48344 4.60408 2.21082 -2.09461 2.60666 -10.53087 -31.60415 0.51812 -4.07231 -9.53230 0.89213 -0.00000 0.00000 0.00000 -38.83134 -16.68266 19.15394 13.41076 -2.82443 -23.68546 0.00000 -32.56140 0.00000 43.40203 -8.37234 -8.75267 -7.12502 -0.00000 0.00000 15.00992 -7.77612 18.22418 -0.00000 0.00000 0.00000 35.52268 -25.52969 49.71974 -17.97849 -5.24874 32.31778 -0.00000 -15.56330 -0.00000 -39.76759 19.16102 338.47571 7.12502 -0.00000 -0.00000 -15.89790 3.57464 -417.34771
-0.70023 0.40533 -0.48857 -30.63368 -17.07459 316.49967 -0.00000 0.00000 -0.00000 344.40098 -78.52643 -22.59838 -132.41109 42.39571 160.59153 -6.50969 -19.68134 -21.26235 -1.91991 -23.62582 -9.16105 -0.00000 0.00000 -0.00000 -70.84789 -35.48524 -54.66508 128.86667 48.58506 -155.63008 7.53883 -5.30447 36.76056 2.09572 24.59764 -9.59138 6.28780 15.51594 6.43731 -2.05655 4.56519 9.35173 -7.16136 -2.19441 4.69553 2.49468 -4.87632 4.39446 -9.58014 -31.85137 3.35332 -4.17742 -8.92443 2.08882 0.00000 0.00000 -0.00000 -31.20446 -16.55260 21.83010 13.68251 -2.94491 -24.18612 0.00000 -31.73360 0.00000 44.78082 -9.19150 -9.14398 -7.12502 -0.00000 0.00000 16.14901 -8.68526 17.45797 0.00000 0.00000 -0.00000 24.76504 -29.93204 57.94539 -19.07104 -5.96552 34.46694 -0.00000 -19.58790 -0.00000 -40.92921 16.74846 341.61677 7.12502 -0.00000 -0.00000 -16.30048 2.54280 -413.62677
-0.71034 0.46272 -0.49126 -39.76236 -20.28268 322.52559 -0.00000 0.00000 -0.00000 345.98624 -60.73956 -25.53940 -128.67292 48.86553 155.37229 -5.49279 -17.87770 -19.57681 -1.29320 -19.63722 -7.46211 -0.00000 0.00000 -0.00000 -49.33269 -22.16459 -42.81679 122.19620 56.08367 -147.22704 3.25820 -0.24105 31.57590 1.97836 23.95481 -9.30594 5.90529 13.23386 6.80059 -2.43312 3.16180 9.72025 -7.29455 -2.40373 4.85131 1.38871 -7.37470 4.53499 -8.25120 -31.72448 3.94805 -3.51619 -8.49201 2.44374 -0.00000 0.00000 -0.00000 -22.11170 -15.14164 22.14608 12.82357 -2.57368 -22.60823 0.00000 -29.48850 0.00000 48.37641 -12.38875 -10.79328 -7.12502 -0.00000 0.00000 18.93138 -11.73276 14.33764 -0.00000 0.00000 -0.00000 17.82183 -35.64786 59.50201 -19.86197 -6.52135 36.04876 -0.00000 -20.10080 -0.00000 -40.85454 14.96794 343.37209 7.12502 -0.00000 -0.00000 -15.81034 1.80477 -411.34638
-0.72426 0.52673 -0.48856 -49.80230 -23.33509 327.34457 -0.00000 0.00000 -0.00000 353.31224 -44.49450 -26.88712 -122.75446 55.59036 147.90171 -4.61329 -13.38598 -19.57371 -0.67809 -14.40208 -5.36302 -0.00000 0.00000 -0.00000 -30.31028 -9.75153 -36.42273 108.78077 63.97639 -131.80053 -4.63423 15.29842 20.98751 3.94569 32.57549 -13.44721 2.81993 8.30456 7.98325 -3.10316 1.50307 10.77835 -5.89192 -1.76058 5.37227 0.89032 -7.84247 4.68779 -6.57452 -32.38501 4.70366 -2.98650 -8.68869 2.85668 -0.00000 0.00000 0.00000 -11.19917 -12.65708 21.20967 12.60930 -2.48540 -22.21663 0.00000 -32.64060 0.00000 52.24380 -15.71227 -11.84484 -7.12502 -0.00000 0.00000 21.70553 -15.24738 11.54839 -0.00000 0.00000 0.00000 13.27761 -41.53678 55.68009 -20.34537 -6.87710 37.02736 -0.00000 -22.37510 -0.00000 -40.35781 16.23275 341.79144 7.12502 -0.00000 -0.00000 -15.66689 2.33344 -413.25993
-0.72244 0.59906 -0.47866 -60.11874 -26.32301 326.95183 -0.00000 0.00000 -0.00000 361.65905 -26.81213 -26.79404 -109.54111 63.67200 132.64776 -2.80655 -7.03566 -18.19370 -0.38071 -10.85935 -4.00376 -0.00000 0.00000 -0.00000 -13.39820 -0.82580 -31.49935 77.63584 69.81331 -98.12910 -1.40366 31.66585 -2.86738 7.58058 42.37825 -19.39611 0.00961 1.45581 9.69160 -4.36143 -0.26632 12.80294 -4.76323 -0.02458 6.36138 1.30122 -8.78760 4.91635 -5.22554 -31.09032 5.51966 -2.62911 -8.05775 3.18583 0.00000 0.00000 -0.00000 1.17332 -10.28032 21.42060 13.36871 -2.80604 -23.60812 0.00000 -39.71230 0.00000 56.12298 -19.45860 -12.60713 -7.12502 -0.00000 0.00000 24.13036 -19.28581 8.59853 0.00000 0.00000 -0.00000 9.52742 -45.43270 49.59357 -21.15045 -7.49788 38.67890 -0.00000 -24.62580 -0.00000 -40.49214 16.46956 341.63203 7.12502 -0.00000 -0.00000 -15.84422 2.43028 -413.49777
-0.70262 0.66425 -0.46417 -71.02059 -30.27504 322.11138 -0.00000 0.00000 -0.00000 365.89110 -6.98886 -27.52344 -84.77499 69.28524 105.74703 0.10244 2.62944 -11.97856 -0.13950 -6.60729 -2.41629 -0.00000 0.00000 -0.00000 -3.55744 8.10199 -28.49448 42.10298 67.23250 -60.13807 6.01828 17.63298 -21.03511 8.42930 44.07598 -20.63516 -1.18681 -5.12645 10.85535 -5.02491 -2.06870 14.35125 -3.72350 1.53679 7.04236 2.14645 -8.79052 4.83201 -3.20154 -28.59560 5.95338 -2.06311 -7.21109 3.18307 0.00000 0.00000 0.00000 15.30214 -13.50074 23.11289 13.90076 -3.04372 -24.58920 0.00000 -41.85110 0.00000 57.12819 -24.88103 -15.21059 -7.12502 -0.00000 0.00000 23.65592 -23.15765 3.08400 0.00000 0.00000 0.00000 3.50074 -43.81641 41.27852 -22.37204 -8.51157 41.24282 -0.00000 -23.03020 -0.00000 -40.17014 14.40821 343.57657 7.12502 -0.00000 -0.00000 -15.06282 1.60190 -410.93020
-0.67232 0.71651 -0.44943 -79.83403 -34.95518 316.67122 -0.00000 0.00000 -0.00000 363.83888 10.32280 -28.68947 -51.30723 68.83432 70.05841 2.20292 18.42572 -4.59754 -0.22415 -8.36041 -3.06619 -0.00000 0.00000 -0.00000 -2.01514 16.01678 -27.15234 19.89370 57.77341 -35.26652 4.78359 11.58634 -21.40767 9.23229 45.54439 -21.77441 -2.09306 -11.55658 11.05914 -5.47098 -4.11428 14.64258 -2.73422 2.59912 7.05135 2.66974 -6.91574 5.02375 0.10318 -25.61392 6.93276 -1.14858 -6.58851 3.35082 0.00000 0.00000 -0.00000 29.03247 -15.37107 24.63625 14.14514 -3.15655 -25.04165 0.00000 -43.99030 0.00000 57.53563 -17.08871 -10.58908 -7.12502 -0.00000 0.00000 25.71787 -18.52886 11.58412 0.00000 0.00000 -0.00000 -1.25060 -38.09530 34.06774 -23.58708 -9.61335 43.87338 -0.00000 -23.25040 -0.00000 -39.85816 13.94392 343.90041 7.12502 -0.00000 -0.00000 -14.67280 1.43115 -410.44873
-0.64247 0.75070 -0.43975 -88.52889 -38.57564 310.57943 -0.00000 0.00000 -0.00000 359.46336 19.65292 -25.66748 -29.66650 63.34132 46.46688 4.11803 31.88895 -2.69453 -2.39605 -26.14586 -10.29222 -0.00000 0.00000 -0.00000 -5.77632 18.21118 -25.17945 13.00551 51.10591 -26.81867 3.35130 15.15352 -14.69209 6.59559 40.18491 -17.90348 -0.39739 -15.97876 10.91426 -5.58281 -5.92875 14.14412 -3.25865 3.34014 6.71445 3.91527 -6.23781 5.94357 1.78669 -21.81276 8.35366 -0.82375 -5.47244 3.84844 -0.00000 0.00000 -0.00000 36.21339 -10.22566 24.36621 14.47972 -3.31483 -25.66302 0.00000 -48.82380 0.00000 54.95105 -9.13922 -6.35762 -7.12502 -0.00000 0.00000 24.94942 -12.72229 19.66872 -0.00000 0.00000 -0.00000 -0.49818 -33.84677 30.36640 -25.01905 -11.04631 47.09792 -0.00000 -22.50910 -0.00000 -40.04544 13.06386 344.94668 7.12502 -0.00000 -0.00000 -14.64280 1.08689 -409.15235
-0.61460 0.76875 -0.44146 -98.60852 -41.47363 303.94175 -0.00000 0.00000 -0.00000 354.59696 19.12850 -16.87582 -26.63561 61.93629 43.05467 2.06966 26.79898 -0.16558 -1.93379 -23.70448 -9.19562 -0.00000 0.00000 -0.00000 -10.66426 15.15697 -22.89864 14.30711 52.64020 -28.47310 1.71832 6.90596 -12.92570 6.89191 40.87273 -18.35947 2.78444 -15.08965 10.61929 -5.11591 -6.86213 13.27693 -4.94429 2.51788 6.28938 5.86641 -4.34472 6.71901 0.16972 -20.72769 9.15106 -1.73881 -5.24934 4.15471 -0.00000 0.00000 -0.00000 36.03113 -6.14228 21.32589 13.93858 -3.06103 -24.65915 0.00000 -39.46190 0.00000 53.28111 -23.26008 -16.41266 -7.12502 -0.00000 0.00000 21.24384 -20.19848 3.39008 -0.00000 0.00000 -0.00000 0.83823 -31.13351 24.33629 -26.56074 -12.77740 50.75793 -0.00000 -21.66520 -0.00000 -39.91684 11.46748 346.63251 7.12502 -0.00000 -0.00000 -14.17848 0.49964 -406.97686
-0.58470 0.77780 -0.45062 -106.14387 -43.06904 299.58293 -0.00000 0.00000 -0.00000 350.02239 10.39311 -5.72546 -29.72943 63.36810 46.53729 3.02417 27.11084 -2.38635 -3.49125 -30.90342 -12.58344 -0.00000 0.00000 -0.00000 -13.42528 8.61992 -18.92297 17.09807 55.45681 -31.91940 -0.78835 -5.67403 -15.07491 9.79610 46.50532 -22.55784 5.88218 -13.35470 9.91556 -4.08598 -6.67540 12.11990 -5.98383 2.15907 5.75008 5.22642 -5.39619 8.09907 -0.55152 -17.88740 10.63640 -1.88009 -4.65797 4.96994 0.00000 0.00000 0.00000 35.36974 -23.50204 18.04957 13.50765 -2.86706 -23.86382 0.00000 -11.43480 0.00000 38.44145 -48.34885 -43.26921 -7.12502 -0.00000 0.00000 6.71654 -30.17870 -31.81525 0.00000 0.00000 0.00000 -0.09441 -28.19787 14.77456 -27.76604 -14.29234 53.79386 -0.00000 -24.60870 -0.00000 -39.25276 10.95724 346.90481 7.12502 -0.00000 -0.00000 -13.45860 0.36270 -406.51520
-0.56289 0.78763 -0.45918 -111.68071 -43.37317 298.04857 -0.00000 0.00000 -0.00000 347.53747 -1.42083 3.89876 -35.15198 65.36999 52.54971 4.15683 24.63815 -6.75238 -4.58456 -34.70511 -14.60021 -0.00000 0.00000 -0.00000 -13.68899 1.18928 -14.48539 19.08086 57.14394 -34.30232 -1.03986 -7.30796 -10.53312 9.58863 46.15801 -22.27103 10.31312 -9.46185 9.16947 -3.40440 -6.85667 11.16658 -8.60439 0.50726 5.19937 2.72570 -5.34229 9.31998 -2.70233 -15.86165 11.82278 -2.06543 -3.88074 5.72900 -0.00000 0.00000 -0.00000 29.58648 -22.20601 19.76354 17.23373 -4.79238 -30.87423 0.00000 -12.83540 0.00000 31.63524 -48.22918 -50.44289 -7.12502 -0.00000 0.00000 4.23185 -27.50933 -35.89866 -0.00000 0.00000 -0.00000 -2.95093 -22.06276 -0.08465 -29.01417 -16.04340 57.14957 -0.00000 -30.85350 -0.00000 -39.02120 9.95829 347.95428 7.12502 -0.00000 -0.00000 -13.03955 0.03475 -405.15003
-0.54187 0.80500 -0.46803 -114.91820 -44.87329 301.64746 -0.00000 0.00000 -0.00000 344.15088 -12.39833 10.06236 -39.05503 66.49793 56.82379 4.03725 20.06761 -10.11801 -5.16149 -36.44479 -15.59177 -0.00000 0.00000 -0.00000 -14.52647 -4.44191 -11.57641 19.47928 57.45666 -34.77578 -1.10113 -9.38810 -6.72226 8.01857 43.27452 -20.04040 12.84519 -6.96257 9.42680 -3.94461 -6.10204 11.71883 -10.89712 0.67000 5.50103 1.67220 -2.91525 9.10270 -6.49660 -13.45787 11.17854 -3.07826 -3.32550 5.57123 -0.00000 0.00000 -0.00000 21.80209 -19.55046 12.51670 18.22317 -5.40429 -32.79571 0.00000 -16.13450 0.00000 28.81995 -49.99618 -54.31085 -7.12502 -0.00000 0.00000 2.63230 -27.95630 -39.39895 -0.00000 0.00000 -0.00000 -7.16694 -15.04247 -23.90960 -28.75566 -15.66351 56.43375 -0.00000 -26.24320 -0.00000 -38.69931 9.63179 348.20338 7.12502 -0.00000 -0.00000 -12.67531 -0.04784 -404.78731
-0.52581 0.81805 -0.47749 -117.16327 -47.06511 309.46775 -0.00000 0.00000 -0.00000 339.28842 -21.67793 12.31935 -43.05145 67.43801 61.16591 3.42677 16.63596 -11.50744 -4.01903 -32.83223 -13.58294 -0.00000 0.00000 -0.00000 -16.75075 -7.31765 -9.44070 18.10492 56.34198 -33.13528 -2.52831 -16.05492 -7.89860 8.43604 44.08882 -20.64483 14.69405 -4.24358 8.66976 -4.61877 -4.74674 11.07446 -13.03186 0.93797 5.29732 3.85227 -2.46278 9.55214 -10.55725 -8.37967 11.80805 -4.47118 -1.29181 5.83207 -0.00000 0.00000 0.00000 13.82302 -17.16600 2.94615 17.69976 -5.07497 -31.77561 0.00000 -19.76610 0.00000 23.65465 -51.42476 -60.73872 -7.12502 -0.00000 0.00000 0.39127 -27.53964 -44.15381 -0.00000 0.00000 0.00000 -5.76158 -11.06011 -42.45322 -26.11918 -12.25961 49.68666 -0.00000 -28.05740 -0.00000 -37.50768 11.91693 344.94209 7.12502 -0.00000 -0.00000 -12.06370 0.78440 -408.66511
-0.51719 0.82500 -0.48979 -119.68421 -48.60090 316.29572 -0.00000 0.00000 -0.00000 336.02547 -31.06002 13.38245 -50.14346 68.67609 68.80979 2.69728 12.04750 -15.49392 -7.21404 -41.59241 -18.84819 -0.00000 0.00000 -0.00000 -19.28307 -10.49559 -5.06228 16.17730 54.59064 -30.79572 -2.74114 -17.28951 -7.66084 7.55350 42.32133 -19.35591 15.60591 -0.55427 6.26087 -3.40240 -2.74274 8.42842 -12.60770 0.13797 4.06213 5.17790 -2.68547 10.19602 -14.26182 -7.47454 12.57306 -5.29442 -0.43653 6.19644 -0.00000 0.00000 -0.00000 8.74014 -5.99227 1.55346 17.15054 -4.74298 -30.71400 0.00000 -33.00480 0.00000 8.45507 -56.26809 -79.86589 -7.12502 -0.00000 0.00000 -6.37147 -28.33923 -58.23729 -0.00000 0.00000 -0.00000 -4.24085 -13.69596 -47.50026 -20.46729 -6.96881 37.27568 -0.00000 -38.55170 -0.00000 -32.36032 15.78194 336.76984 7.12502 -0.00000 -0.00000 -8.53829 1.90623 -417.49269
-0.51578 0.83022 -0.50730 -123.93812 -48.23647 319.81150 -0.00000 0.00000 -0.00000 337.77753 -42.67899 13.94237 -61.06015 69.74334 80.48124 1.13581 6.76940 -19.37176 -11.89385 -49.65867 -25.37569 -0.00000 0.00000 -0.00000 -20.42065 -16.92847 -0.60554 14.61692 52.98270 -28.86199 -2.14637 -16.42370 -5.82257 6.42566 39.77865 -17.63901 15.49224 3.31896 3.78867 -0.39491 -0.11541 5.73137 -9.34334 -0.43328 2.85879 6.07567 -3.14256 10.65711 -17.16543 -10.88214 12.64372 -6.54406 -1.02658 6.35329 -0.00000 0.00000 -0.00000 3.24758 -2.98561 1.71661 17.11879 -4.72420 -30.65288 0.00000 -41.54020 0.00000 -1.25543 55.62719 91.52091 -7.12502 -0.00000 0.00000 -9.28973 -26.52061 -65.11915 -0.00000 0.00000 -0.00000 0.72616 -18.46365 -48.34681 -14.82416 -3.48241 26.30511 -0.00000 -35.64660 -0.00000 -17.42199 17.22239 316.66435 7.12502 -0.00000 -0.00000 1.86941 -1.12127 -435.94471
-0.52169 0.83946 -0.53213 -127.42815 -48.24867 322.62909 -0.00000 0.00000 -0.00000 341.45140 -56.09272 13.55689 -70.84066 69.99776 90.89462 -0.35235 2.57202 -20.21726 -13.26294 -51.42227 -27.14870 -0.00000 0.00000 -0.00000 -22.18126 -27.08380 2.00304 14.45064 52.79990 -28.65349 -1.91660 -16.01890 -5.11625 6.48202 39.91437 -17.72697 12.69834 8.46019 2.26203 1.35698 2.52006 4.26204 -5.99161 -1.25989 2.21942 7.26740 -4.77354 11.27371 -16.22496 -15.33361 13.01240 -6.70444 -1.98464 6.59412 0.00000 0.00000 0.00000 0.58967 -12.98654 -1.99893 16.69582 -4.47835 -29.84148 0.00000 -38.47610 0.00000 1.95271 -55.10219 -87.61960 -7.12502 -0.00000 0.00000 -7.98216 -26.40306 -62.50179 0.00000 0.00000 0.00000 20.39600 -20.36274 -47.38082 -14.62537 -3.38511 25.93423 -0.00000 -38.93500 -0.00000 -8.41840 11.84527 305.79088 7.12502 -0.00000 -0.00000 9.00870 -7.41726 -444.15487
-0.53262 0.85910 -0.55632 -131.70284 -48.56505 323.64852 -0.00000 0.00000 -0.00000 350.96703 -70.48283 15.71317 -77.22945 69.83280 97.69615 -1.69639 -2.77371 -17.96752 -12.30247 -50.20660 -25.90963 -0.00000 0.00000 -0.00000 -23.59003 -41.72629 1.00650 16.74883 55.13495 -31.49459 -0.96558 -13.58791 -2.20486 5.29838 36.83540 -15.82115 8.62389 13.29060 1.87938 2.13832 4.61445 3.88183 -3.00016 -2.12670 2.04699 8.11950 -6.08623 11.28333 -12.22839 -19.05997 13.20812 -5.86508 -3.14393 6.61972 -0.00000 0.00000 -0.00000 3.23787 -20.62259 -5.82517 16.01378 -4.09836 -28.54302 0.00000 -36.26360 0.00000 5.16626 -55.41035 -83.73253 -7.12502 -0.00000 0.00000 -7.05554 -27.08957 -60.20515 -0.00000 0.00000 -0.00000 45.66750 -17.31124 -39.92117 -13.95469 -3.06842 24.68895 -0.00000 -33.07430 -0.00000 -10.25640 11.87027 311.33708 7.12502 -0.00000 -0.00000 8.73000 -5.94353 -438.99292
-0.54363 0.88827 -0.57359 -137.15477 -50.58413 322.51198 -0.00000 0.00000 -0.00000 388.38407 -82.19469 43.61492 -76.80280 69.85207 97.24166 -2.14753 -7.39195 -14.72738 -10.77044 -48.04622 -23.88400 -0.00000 0.00000 -0.00000 -24.28038 -58.36038 -2.49201 20.01821 57.86693 -35.41363 0.12229 -10.21528 2.53085 4.57580 34.67746 -14.58483 3.52236 17.93064 2.63504 1.35817 5.65680 4.40250 -1.30933 -3.76184 2.24652 10.38683 -5.47775 10.52380 -6.80844 -21.97402 13.20224 -4.91539 -4.44672 6.31496 0.00000 0.00000 -0.00000 12.04166 -23.73176 -10.17586 14.43610 -3.29394 -25.58187 0.00000 -34.86340 0.00000 10.88445 -56.78764 -77.05636 -7.12502 -0.00000 0.00000 -5.83984 -29.20285 -56.83945 0.00000 0.00000 -0.00000 71.10004 -6.40164 -32.11760 -11.43281 -2.03063 20.07956 -0.00000 -18.61290 -0.00000 -5.78156 6.91635 310.05768 7.12502 -0.00000 -0.00000 14.08016 -9.51757 -438.39496
-0.54947 0.91816 -0.58053 -144.67671 -54.58233 320.17185 -0.00000 0.00000 -0.00000 475.40008 -82.95129 119.51745 -66.09679 69.95151 85.84587 -1.54198 -15.60371 -8.51887 -10.52700 -47.67448 -23.55570 -0.00000 0.00000 -0.00000 -25.69216 -72.74242 -9.30238 20.36193 58.12124 -35.81896 0.69816 -8.05917 6.23347 4.60051 34.75539 -14.62821 -1.26338 21.41087 3.41971 -0.18916 6.88424 4.47692 -0.54496 -4.45754 2.25593 15.00566 -5.74485 9.30059 -2.72721 -24.04983 12.64062 -4.59283 -5.24657 5.53780 -0.00000 0.00000 -0.00000 20.82428 -30.17893 -16.72025 12.47631 -2.43146 -21.97396 0.00000 -27.87780 0.00000 31.70878 -53.20025 -52.34721 -7.12502 -0.00000 0.00000 2.30576 -31.46899 -40.58950 -0.00000 0.00000 -0.00000 94.55510 8.67665 -28.21278 -11.71528 -2.13525 20.59073 -0.00000 -22.25500 -0.00000 -3.05262 3.85376 308.43072 7.12502 -0.00000 -0.00000 17.23461 -11.96231 -438.74871
-0.54720 0.94132 -0.57695 -154.31716 -60.30917 316.59075 -0.00000 0.00000 -0.00000 509.82406 -78.70531 143.06178 -49.09410 68.52330 67.68273 2.09598 -24.70141 1.04916 -8.99556 -45.12424 -21.44157 -0.00000 0.00000 -0.00000 -28.87346 -81.96863 -16.45826 15.37266 53.78489 -29.80351 0.83087 -4.85105 8.96037 5.68472 37.89648 -16.45769 -5.94193 24.26817 3.05431 -1.38787 8.35950 2.84170 0.94973 -4.42008 1.41323 16.55442 -6.11064 8.41160 2.53904 -26.43013 12.93882 -3.46902 -6.37166 5.24896 -0.00000 0.00000 0.00000 25.22523 -36.54942 -22.19220 12.38822 -2.39609 -21.81338 0.00000 -20.00890 0.00000 46.82495 -40.14034 -31.16764 -7.12502 -0.00000 0.00000 13.21696 -27.94761 -18.38331 -0.00000 0.00000 0.00000 114.50772 26.27761 -31.41821 -14.93243 -3.53607 26.50746 -0.00000 -26.50380 -0.00000 -2.39551 2.80510 310.52466 7.12502 -0.00000 -0.00000 18.70662 -11.89507 -436.32987
-0.53551 0.95120 -0.56767 -170.29186 -66.39926 307.39450 -0.00000 0.00000 -0.00000 521.15354 -75.33592 145.56215 -31.77567 64.19149 48.81812 5.30346 -30.75957 5.81729 -7.73108 -42.69127 -19.61872 -0.00000 0.00000 -0.00000 -14.67829 -84.45092 -1.51023 9.49142 45.99279 -22.13606 0.90808 -5.00368 9.42554 5.13907 36.38007 -15.55401 -8.33228 25.64510 2.19392 -2.12516 9.73480 1.23068 1.81785 -3.46885 0.58769 16.06579 -7.23392 8.30848 5.03155 -26.74310 13.36388 -2.61233 -6.52525 5.48909 -0.00000 0.00000 -0.00000 28.16582 -34.11292 -28.47831 12.42789 -2.41198 -21.88568 0.00000 -16.92370 0.00000 49.98666 -29.03109 -22.16570 -7.12502 -0.00000 0.00000 17.83315 -22.13213 -4.50583 -0.00000 0.00000 -0.00000 134.29680 38.62551 -41.79049 -19.03613 -5.94171 34.39765 -0.00000 -31.47840 -0.00000 -3.77771 4.34912 311.04650 7.12502 -0.00000 -0.00000 17.01625 -10.79298 -436.46173
-0.51387 0.94461 -0.55072 -198.32313 -71.13458 287.60032 -0.00000 0.00000 -0.00000 527.47979 -72.24540 148.77879 -19.38367 57.38236 34.66231 6.76586 -33.42286 7.35776 -7.07588 -41.28719 -18.63943 -0.00000 0.00000 -0.00000 -13.21643 -82.82580 4.48116 6.81181 40.68929 -18.23683 0.92824 -9.69133 7.07652 4.43888 34.23980 -14.34285 -7.25529 26.29190 0.79676 -2.67596 10.96300 -0.02017 1.02045 -2.30086 0.03399 15.78906 -9.34514 8.76487 3.42989 -24.22513 13.04350 -2.65305 -5.28351 5.75556 -0.00000 0.00000 -0.00000 30.41738 -26.45391 -37.07437 12.40086 -2.40115 -21.83641 0.00000 -16.29510 0.00000 49.32636 -19.71719 -16.16797 -7.12502 -0.00000 0.00000 18.87313 -16.16359 5.84304 -0.00000 0.00000 -0.00000 153.90413 47.61468 -55.08798 -21.89514 -8.10513 40.23300 -0.00000 -34.94420 -0.00000 -3.70913 4.27778 310.99358 7.12502 -0.00000 -0.00000 17.09171 -10.85367 -436.48324
-0.48556 0.91673 -0.52923 -241.25712 -71.35317 253.21441 -0.00000 0.00000 -0.00000 529.82735 -70.31023 154.07752 -13.59038 51.81520 27.56640 9.09277 -35.34458 10.71391 -4.23054 -33.55415 -13.96928 -0.00000 0.00000 -0.00000 -32.34911 -82.60555 -13.93086 7.31207 41.80593 -18.99555 1.25273 -10.52843 8.45443 4.23544 33.57056 -13.97815 -5.17048 27.50836 -0.71810 -3.20905 11.67529 -1.13041 -0.32154 -2.06172 -0.31788 17.26236 -8.58836 9.71453 0.30226 -21.90687 13.70352 -3.69986 -4.27082 6.25816 0.00000 0.00000 0.00000 31.96142 -16.98332 -46.64283 13.19870 -2.73237 -23.29573 0.00000 -17.89640 0.00000 42.88045 -10.75194 -11.35934 -7.12502 -0.00000 0.00000 14.44486 -8.62311 14.79792 0.00000 0.00000 0.00000 171.30714 54.46634 -70.74526 -23.54761 -9.57599 43.78652 -0.00000 -38.02090 -0.00000 -2.31529 2.53314 312.45220 7.12502 -0.00000 -0.00000 19.30638 -11.38004 -434.39014
-0.45221 0.86641 -0.50606 -277.08894 -63.04319 222.17052 -0.00000 0.00000 -0.00000 522.18983 -68.01631 152.19029 -17.73283 56.02201 32.68742 8.10949 -40.50982 5.94662 -0.48162 -12.18788 -4.50882 -0.00000 0.00000 -0.00000 -71.62769 -86.47658 -59.19330 11.44935 49.04002 -24.78983 1.57957 -6.17491 12.79927 4.20975 33.48438 -13.93164 -3.46276 27.99500 -1.15173 -4.66207 12.42870 -0.65936 -2.79709 -1.49435 0.22120 18.76977 -8.20552 10.97927 -1.71618 -17.88300 14.83277 -4.19041 -2.73206 7.01173 -0.00000 0.00000 -0.00000 30.47854 -10.06434 -56.58794 14.56264 -3.35474 -25.81737 0.00000 -20.08900 0.00000 24.63385 -4.22852 -9.13493 -7.12502 -0.00000 0.00000 -1.39375 0.65232 19.92353 -0.00000 0.00000 -0.00000 176.51178 58.50965 -77.22884 -22.48691 -8.61159 41.48787 -0.00000 -35.60670 -0.00000 0.54835 -0.49833 317.73738 7.12502 -0.00000 -0.00000 24.04760 -10.98086 -428.11632
-0.41677 0.81543 -0.48691 -297.49196 -51.34219 208.17837 -0.00000 0.00000 -0.00000 515.57913 -69.55084 150.62497 -41.49688 67.09565 59.48043 4.85731 -45.18065 -1.13206 -0.15708 7.00865 2.56460 -0.00000 0.00000 -0.00000 -153.60164 -85.43184 -145.43802 18.99846 57.07823 -34.20419 1.28776 -2.22390 16.05995 3.77039 31.94756 -13.11880 -5.18338 29.42607 -0.97161 -5.57456 12.86881 -0.21499 -2.90222 -1.55484 0.67982 19.13807 -8.25139 11.70597 -3.24549 -13.60667 15.27718 -4.26504 -1.24648 7.41708 0.00000 0.00000 -0.00000 28.87291 -5.31342 -62.99977 17.01090 -4.66074 -30.44546 0.00000 -30.04670 0.00000 -7.75680 1.45960 -10.59194 -7.12502 -0.00000 0.00000 -29.78008 15.22228 20.35277 0.00000 0.00000 -0.00000 163.45497 60.45961 -65.98464 -18.15456 -5.36039 32.66151 -0.00000 -27.85090 -0.00000 2.12448 -1.65213 322.14564 7.12502 -0.00000 -0.00000 26.59057 -9.64434 -423.50492
-0.38055 0.77568 -0.48149 -306.89022 -39.96295 204.66020 -0.00000 0.00000 -0.00000 502.69975 -71.67436 137.78166 -74.77783 69.92727 95.08525 -2.01559 -43.34073 -11.09495 -0.20481 -7.99481 -2.93018 -0.00000 0.00000 -0.00000 -209.64710 -81.99695 -205.22038 26.60304 61.91987 -43.01776 -0.05590 3.55615 19.01996 5.59834 37.66434 -16.31670 -9.62788 31.63927 5.04553 -4.68597 13.04664 -0.18184 -1.22829 -2.57565 -1.26154 18.65348 -9.56741 11.68406 -3.72740 -10.30628 14.79014 -3.93801 -0.13434 7.31146 0.00000 0.00000 0.00000 32.42329 -3.03935 -64.14321 20.35880 -6.88716 -37.05468 0.00000 -48.86000 0.00000 -29.91490 6.23461 -10.68868 -7.12502 -0.00000 0.00000 -47.24115 30.39589 19.92696 0.00000 0.00000 0.00000 134.38685 54.69535 -37.70476 -11.92565 -2.21502 20.97220 -0.00000 -13.10060 -0.00000 -1.86244 1.47704 321.59601 7.12502 -0.00000 -0.00000 21.77337 -8.53899 -425.39178
-0.34450 0.74274 -0.48543 -312.45255 -28.65560 206.70795 -0.00000 0.00000 -0.00000 488.97488 -70.52539 122.97966 -100.68485 66.56529 122.89263 -7.88157 -34.81586 -20.24456 -0.73622 -14.98839 -5.59215 -0.00000 0.00000 -0.00000 -230.67989 -77.17557 -230.27276 34.83223 65.26707 -52.19781 -0.37482 4.76040 20.90998 5.70336 37.94622 -16.48803 -12.62852 35.63227 7.52253 -3.80260 12.35010 1.21585 0.14150 -4.29318 -0.70182 17.29025 -9.77953 11.93411 -4.16818 -9.38742 13.57267 -3.76780 0.05718 5.80260 -0.00000 0.00000 -0.00000 32.48805 -4.96207 -63.83238 24.15282 -10.16109 -45.12977 0.00000 -47.99600 0.00000 -17.42716 3.66267 -11.50316 -7.12502 -0.00000 0.00000 -37.63317 21.35777 19.71653 -0.00000 0.00000 -0.00000 111.52621 36.62447 -15.77465 -7.81297 -0.93434 13.61843 -0.00000 -3.92153 -0.00000 -6.85631 5.43357 321.77874 7.12502 -0.00000 -0.00000 15.92292 -6.58040 -426.88470
-0.30427 0.70654 -0.49349 -318.33135 -21.33779 212.40215 -0.00000 0.00000 -0.00000 485.81025 -65.86462 121.36803 -115.23277 60.94385 139.07241 -11.09649 -22.74968 -29.39883 -0.65693 -14.18183 -5.27729 -0.00000 0.00000 -0.00000 -229.69799 -71.78615 -227.25143 45.88383 67.99258 -64.22677 0.40378 3.10429 23.07495 5.29544 36.82709 -15.81624 -13.73773 35.00002 8.22865 -3.41954 12.38345 2.11075 0.87331 -4.10373 -0.28546 14.55745 -9.48281 10.39347 -2.45803 -8.12931 11.98782 -3.08672 0.02530 5.27099 -0.00000 0.00000 0.00000 31.09621 -9.63012 -64.15657 25.26064 -11.30385 -47.65732 0.00000 -32.85080 0.00000 4.16479 -1.64635 -21.53183 -7.12502 -0.00000 0.00000 -17.13100 12.84397 9.20092 -0.00000 0.00000 0.00000 101.86719 35.13398 -8.29457 -8.49781 -1.10791 14.82976 -0.00000 -13.02540 -0.00000 -10.06654 8.15812 321.36272 7.12502 -0.00000 -0.00000 12.06413 -5.29703 -428.36187
-0.26596 0.65800 -0.50998 -323.53060 -16.11854 221.71037 -0.00000 0.00000 -0.00000 485.70723 -59.64998 124.36133 -123.71692 54.69308 149.07457 -11.21982 -12.15613 -37.16234 -0.17311 -7.35503 -2.69281 -0.00000 0.00000 -0.00000 -222.15594 -68.05845 -214.27312 58.82420 69.59638 -78.09680 2.39783 -2.45397 22.71220 3.67338 31.59106 -12.93454 -10.39982 32.35947 6.36202 -3.17232 12.66224 1.88878 0.25738 -2.92899 -0.22084 11.08393 -9.44226 8.87866 -1.53971 -5.22609 10.44008 -2.05852 0.58090 4.84797 -0.00000 0.00000 0.00000 23.26897 -15.10754 -66.62942 24.46185 -10.47023 -45.82545 0.00000 -17.71190 0.00000 15.81624 -8.26797 -26.91417 -7.12502 -0.00000 0.00000 -6.18661 5.78957 2.05883 -0.00000 0.00000 0.00000 90.87835 31.73198 0.14110 -7.91543 -0.95933 13.79938 -0.00000 -8.40238 -0.00000 -12.37591 9.52305 322.98386 7.12502 -0.00000 -0.00000 9.80466 -4.08705 -427.41230
-0.23479 0.60682 -0.53364 -329.51880 -11.03243 233.20299 -0.00000 0.00000 -0.00000 481.44691 -53.34788 124.00593 -128.84202 48.62100 155.59723 -10.25430 -5.68992 -42.60829 -0.09191 -5.36866 -1.96015 -0.00000 0.00000 -0.00000 -215.17400 -69.04818 -200.91473 68.65565 69.99426 -88.56935 2.23119 -3.35316 20.21296 2.35732 25.95343 -10.20404 -5.88688 31.13620 3.98767 -2.52042 13.01868 0.89194 -0.63922 -2.36289 -0.47766 9.68934 -10.87686 7.65900 -3.12109 -0.42942 8.95458 -2.13075 2.32818 4.33925 0.00000 0.00000 0.00000 13.86529 -20.02867 -67.77974 24.00936 -10.01999 -44.80910 0.00000 -7.85461 0.00000 16.87987 -8.31171 -25.47309 -7.12502 -0.00000 0.00000 -5.62618 5.02048 3.38416 0.00000 0.00000 0.00000 82.87033 13.50159 9.24385 -5.99630 -0.54749 10.42436 -0.00000 4.02324 0.00000 -14.44528 10.43932 324.87760 7.12502 -0.00000 -0.00000 7.93357 -3.07351 -426.04382
-0.20973 0.55241 -0.56202 -337.03574 -6.75653 243.37087 -0.00000 0.00000 -0.00000 473.06472 -41.73588 117.88263 -132.40940 42.39925 160.58903 -9.71135 0.22930 -50.77435 -0.00357 -1.05975 -0.38576 -0.00000 0.00000 -0.00000 -206.85681 -72.97875 -185.48669 88.33601 68.88052 -109.55908 1.91146 -2.97128 18.98691 0.90988 16.60242 -6.23006 -3.50260 31.44298 2.92811 -2.41500 13.00626 0.47719 -1.56331 -2.47045 -0.52797 8.96075 -11.88742 6.52928 -3.94812 3.70823 7.58669 -1.98173 3.44300 3.71033 -0.00000 0.00000 -0.00000 13.23732 -22.28994 -62.34252 24.24320 -10.25075 -45.33251 0.00000 -14.91890 0.00000 18.72720 -8.23519 -22.90477 -7.12502 -0.00000 0.00000 -4.61056 3.77339 5.78325 -0.00000 0.00000 -0.00000 81.01053 -5.03728 17.25145 -6.73384 -0.69179 11.71804 -0.00000 5.44564 0.00000 -17.21511 11.84963 326.46596 7.12502 -0.00000 -0.00000 5.22842 -1.92443 -425.15213
-0.19151 0.49512 -0.58875 -344.76442 -4.00867 251.35231 -0.00000 0.00000 -0.00000 469.05383 -24.75226 111.21459 -134.87190 36.34830 164.46450 -6.90128 8.44507 -63.17308 -0.67451 14.36504 5.34859 -0.00000 0.00000 -0.00000 -184.40161 -75.24933 -158.60248 109.02253 63.88094 -132.06969 2.84938 -4.92485 20.99903 0.08937 5.29415 -1.93278 -2.19720 32.32848 3.02539 -2.67831 12.71003 1.10045 -2.71062 -3.14054 -0.12092 7.80711 -11.72589 5.14463 -5.01512 6.19209 6.10864 -2.19988 4.10227 2.94014 0.00000 0.00000 -0.00000 14.79997 -21.65220 -53.38283 24.46734 -10.47579 -45.83788 0.00000 -16.22960 0.00000 23.50855 -10.26588 -22.27901 -7.12502 -0.00000 0.00000 -0.76818 0.63192 5.56103 0.00000 0.00000 -0.00000 78.74110 -12.71582 24.49403 -10.10401 -1.57628 17.68981 -0.00000 -1.77401 -0.00000 -19.50527 12.22289 329.13362 7.12502 -0.00000 -0.00000 3.37608 -1.09137 -422.89384
-0.17867 0.44878 -0.60793 -351.64417 -3.07232 256.81453 -0.00000 0.00000 -0.00000 469.73682 -10.89142 106.39732 -136.25384 31.85915 166.92704 0.56432 14.77220 -71.90966 -2.24618 25.38971 9.94750 -0.00000 0.00000 -0.00000 -161.58046 -73.11156 -132.84676 119.25454 58.39849 -143.73006 3.63615 -5.02231 24.35924 0.00134 -0.64912 0.23627 -1.96263 33.67853 4.11167 -3.08450 12.08972 2.57747 -3.55817 -3.79167 0.65297 6.35180 -12.84774 4.28196 -7.91121 9.14527 5.56331 -2.83302 5.21264 2.41838 0.00000 0.00000 -0.00000 11.55446 -19.78370 -43.63781 24.99129 -11.01703 -47.03395 0.00000 -17.48050 0.00000 24.62314 -11.07926 -22.74739 -7.12502 -0.00000 0.00000 0.21652 -0.18292 4.80731 0.00000 0.00000 -0.00000 73.89092 -16.00162 31.91527 -14.04985 -3.11227 24.86508 -0.00000 -7.27296 -0.00000 -20.07744 11.08806 332.24781 7.12502 -0.00000 -0.00000 3.49497 -0.91429 -419.64211
-0.16823 0.41473 -0.61936 -357.83808 -3.54947 260.78710 -0.00000 0.00000 -0.00000 472.19644 -5.14746 102.81886 -136.92919 29.21513 168.25582 16.96276 19.81853 -77.30105 -2.36919 26.01262 10.23113 -0.00000 0.00000 -0.00000 -149.02060 -70.21194 -116.50726 123.77531 54.63663 -149.14615 3.85641 -3.89066 27.02045 0.01353 -2.06302 0.75122 -1.92555 34.84748 5.48979 -3.53321 12.36607 4.22974 -4.62024 -3.73734 1.47061 5.34457 -12.33114 4.09944 -13.11400 8.57905 6.04209 -4.26945 5.14445 2.27452 -0.00000 0.00000 0.00000 3.85692 -16.44730 -34.65894 25.61575 -11.69132 -48.48859 0.00000 -19.62910 0.00000 28.25999 -11.47804 -20.31394 -7.12502 -0.00000 0.00000 2.85114 -2.24668 6.79231 -0.00000 0.00000 0.00000 65.46427 -17.49068 39.70335 -17.16792 -4.75327 30.74746 -0.00000 -9.23301 -0.00000 -21.59559 10.51683 335.24522 7.12502 -0.00000 -0.00000 2.51112 -0.52122 -416.71858
-0.15704 0.39506 -0.62617 -362.63140 -4.68218 265.00351 -0.00000 0.00000 -0.00000 474.80112 -10.13028 102.69695 -137.02870 28.79269 168.46106 51.28017 27.12239 -78.36054 -2.28956 25.61181 10.04826 -0.00000 0.00000 -0.00000 -139.52686 -68.34125 -103.13593 125.68351 52.65069 -151.51510 4.02239 -3.24842 28.77468 0.00055 -0.41637 0.15155 -1.58613 35.24104 6.68934 -4.12425 13.10192 5.79122 -5.83007 -2.82177 2.28705 5.36956 -11.13698 4.06805 -18.97566 6.70335 6.31213 -6.17439 4.64906 2.14265 0.00000 0.00000 -0.00000 -7.69830 -10.31540 -27.52474 26.38975 -12.57467 -50.34070 0.00000 -22.95140 0.00000 30.94433 -11.17913 -17.92001 -7.12502 -0.00000 0.00000 4.80103 -3.49595 9.01994 0.00000 0.00000 -0.00000 54.47777 -18.64686 45.63381 -19.84146 -6.50653 36.00744 -0.00000 -11.88290 -0.00000 -24.55345 11.20159 336.96400 7.12502 -0.00000 -0.00000 -0.26407 0.04875 -415.45989
-0.14563 0.38882 -0.63287 -365.07284 -5.39212 269.55737 -0.00000 0.00000 -0.00000 477.42284 -21.15442 106.10854 -136.74078 29.99017 167.87442 67.25577 36.25003 -75.11506 -3.00669 28.94403 11.61226 -0.00000 0.00000 -0.00000 -131.98984 -67.08256 -93.31008 126.69712 51.47076 -152.80023 4.66026 -4.49811 29.13252 0.02864 3.00095 -1.09332 -1.54825 33.90156 7.77090 -5.08511 13.56817 7.30693 -7.06010 -1.54296 3.15067 4.95669 -10.95661 3.85850 -21.16629 5.99586 6.14273 -6.85418 4.47634 1.96606 -0.00000 0.00000 0.00000 -19.44682 -0.64565 -19.57946 26.94177 -13.23961 -51.69901 0.00000 -25.38370 0.00000 31.94640 -9.05759 -14.16889 -7.12502 -0.00000 0.00000 5.34383 -3.31511 13.27495 -0.00000 0.00000 0.00000 44.20297 -19.54765 49.22258 -22.59533 -8.70677 41.71983 -0.00000 -15.31210 -0.00000 -25.24245 10.89739 338.15010 7.12502 -0.00000 -0.00000 -0.75010 0.12251 -414.27520
-0.13334 0.39252 -0.64182 -366.28510 -4.72988 275.68309 -0.00000 0.00000 -0.00000 482.05197 -36.27908 112.52433 -136.29547 31.70626 167.00609 54.10277 37.86347 -66.13454 -2.31104 25.72080 10.09785 -0.00000 0.00000 -0.00000 -120.00101 -66.53558 -81.35029 127.21104 50.83453 -153.46009 5.31280 -7.90827 26.73577 0.07114 4.72531 -1.72404 -2.52903 31.63892 8.58993 -5.64074 13.46930 8.38659 -7.14590 -0.72223 3.75251 4.05512 -10.70328 3.08988 -18.58807 5.28248 4.92216 -5.98345 3.94962 1.55473 -0.00000 0.00000 0.00000 -31.71317 8.26091 -11.52670 26.48302 -12.68490 -50.56790 0.00000 -30.31990 0.00000 31.81024 -6.52251 -10.37784 -7.12502 -0.00000 0.00000 5.01193 -2.58548 17.77987 -0.00000 0.00000 0.00000 35.92314 -19.94896 50.53971 -25.68532 -11.76851 48.65277 -0.00000 -17.20820 -0.00000 -26.43670 10.40727 340.03289 7.12502 -0.00000 -0.00000 -1.63643 0.21224 -412.38797
-0.12066 0.40368 -0.65329 -368.03225 -1.75037 284.18159 -0.00000 0.00000 -0.00000 491.24609 -52.35437 122.24298 -135.65244 33.94226 165.82007 32.77024 31.53131 -56.40823 -2.03420 24.26355 9.44264 -0.00000 0.00000 -0.00000 -101.57624 -64.25275 -66.97742 127.49398 50.47247 -153.82597 4.78371 -12.06238 21.03626 0.13027 6.38631 -2.33475 -2.73723 29.24128 9.01778 -5.59134 12.99068 9.28010 -7.31720 -0.28279 4.27412 3.97039 -10.11286 0.86840 -11.54764 4.98799 1.43441 -4.04931 3.25986 0.24650 -0.00000 0.00000 0.00000 -42.71314 10.11148 -7.62486 24.35872 -10.36626 -45.59252 0.00000 -36.22350 0.00000 30.29783 -4.40308 -7.48533 -7.12502 -0.00000 0.00000 3.55583 -1.56200 21.31489 -0.00000 0.00000 0.00000 31.23637 -21.25642 49.45210 -28.59964 -15.43880 56.00731 -0.00000 -16.95060 -0.00000 -26.96472 9.99988 341.15425 7.12502 -0.00000 -0.00000 -1.98113 0.21584 -411.21527
-0.11037 0.42170 -0.66415 -371.64881 1.97603 293.37530 -0.00000 0.00000 -0.00000 500.29832 -65.08443 131.25178 -134.84153 36.43611 164.41330 8.39344 16.46406 -49.81267 -1.06422 17.89807 6.75048 -0.00000 0.00000 -0.00000 -83.05055 -61.20701 -55.53863 127.29521 50.72772 -153.56874 2.63086 -12.03388 13.63925 1.33784 19.95508 -7.59393 -2.95994 28.19940 9.49768 -5.91396 11.97165 10.07736 -7.70198 -0.82206 4.72530 5.08692 -9.53249 -1.93675 -1.52888 5.28310 -3.12352 -1.65310 3.29932 -1.50516 -0.00000 0.00000 -0.00000 -48.61707 5.80046 -6.69026 21.26122 -7.58615 -38.90841 0.00000 -43.98890 0.00000 31.33168 -3.07459 -5.03510 -7.12502 -0.00000 0.00000 4.42172 -1.69255 24.09495 -0.00000 0.00000 -0.00000 29.52347 -22.17875 47.44879 -30.91454 -19.18164 62.85524 -0.00000 -17.99610 -0.00000 -28.19056 10.22113 341.68187 7.12502 -0.00000 -0.00000 -3.14918 0.32238 -410.83914
-0.10018 0.44432 -0.67116 -376.41979 5.24639 302.49254 -0.00000 0.00000 -0.00000 510.39286 -74.89064 142.51543 -133.90327 38.96624 162.87949 -4.47469 1.82255 -41.12869 -0.12052 6.14397 2.24541 -0.00000 0.00000 -0.00000 -64.02618 -59.65449 -44.81326 123.53208 54.87021 -148.84833 1.43596 -8.82734 10.09091 2.93577 28.63955 -11.46499 -2.98415 26.24837 9.57686 -6.16246 11.78721 10.47899 -7.64829 -0.08051 4.98776 5.47575 -9.44808 -4.27933 9.48977 5.64981 -7.29800 1.58874 3.68338 -3.11360 -0.00000 0.00000 0.00000 -51.84542 -3.50269 -8.61185 17.85553 -5.17164 -32.07832 0.00000 -47.33750 0.00000 32.65767 -2.36294 -3.68053 -7.12502 -0.00000 0.00000 5.61838 -1.98302 25.62071 -0.00000 0.00000 0.00000 27.86962 -23.66238 46.15529 -32.46855 -22.38979 68.40806 -0.00000 -20.70000 -0.00000 -29.09009 10.35783 342.09125 7.12502 -0.00000 -0.00000 -4.00031 0.38804 -410.53145
-0.09000 0.46276 -0.67308 -381.52445 7.06589 310.71167 -0.00000 0.00000 -0.00000 519.92926 -81.38660 153.10287 -132.85236 41.44635 161.25199 -5.47219 -2.41350 -35.44965 -0.49325 12.33110 4.56358 -0.00000 0.00000 -0.00000 -46.68263 -58.71326 -34.82022 109.89131 63.52759 -133.03873 1.48350 -6.18134 12.22447 1.54770 21.37175 -8.18856 -3.13626 24.73074 9.44470 -6.29876 11.60169 10.51939 -7.42181 0.37880 5.04239 4.84074 -8.81865 -5.75851 19.16948 5.75812 -10.24716 4.27020 3.95993 -4.23337 -0.00000 0.00000 0.00000 -54.14210 -11.88343 -11.04762 15.04015 -3.58992 -26.70904 0.00000 -45.34310 0.00000 30.60496 -1.79768 -3.03577 -7.12502 -0.00000 0.00000 3.74239 -1.25723 26.45658 -0.00000 0.00000 0.00000 25.12431 -25.19729 45.47934 -33.29965 -24.50686 71.97594 -0.00000 -20.84590 -0.00000 -30.05332 10.38254 342.69927 7.12502 -0.00000 -0.00000 -4.87962 0.42793 -409.99977
-0.07830 0.47705 -0.67058 -386.67913 6.89467 317.25554 -0.00000 0.00000 -0.00000 529.10130 -86.05072 161.94958 -131.75979 43.71149 159.63758 -3.29811 0.91056 -34.49240 -0.99027 17.29145 6.50584 -0.00000 0.00000 -0.00000 -36.11960 -57.53487 -30.32091 78.56417 69.76467 -99.11834 1.44864 -7.37383 11.05924 1.16850 18.71423 -7.08247 -3.96259 23.91983 9.46893 -6.44434 11.68181 10.51724 -6.95652 0.70796 5.02318 5.06687 -7.61641 -6.17971 23.66062 4.87680 -11.08945 5.67178 3.84795 -4.67618 0.00000 0.00000 -0.00000 -58.47146 -23.12523 -15.91001 12.28455 -2.35483 -21.62456 0.00000 -39.24850 0.00000 29.94399 -2.04859 -3.55097 -7.12502 -0.00000 0.00000 3.14118 -1.08982 25.88488 0.00000 0.00000 -0.00000 21.75484 -26.61791 45.99943 -33.87142 -26.24229 74.86772 -0.00000 -21.19140 -0.00000 -30.33173 10.89111 342.10335 7.12502 -0.00000 -0.00000 -5.27196 0.53204 -410.74651
-0.06814 0.48366 -0.66542 -391.49262 5.90181 322.03410 -0.00000 0.00000 -0.00000 508.91156 -86.85802 141.79333 -131.37809 44.43964 159.08886 1.24778 7.86667 -31.90475 -1.54576 21.35919 8.18324 -0.00000 0.00000 -0.00000 -31.18978 -58.19120 -29.90445 48.97691 68.50563 -67.55679 1.02368 -9.28668 7.71384 1.41655 20.50077 -7.82156 -4.54678 22.84737 9.44624 -6.94010 11.74342 10.52871 -6.95168 1.26143 5.03222 5.71267 -6.77152 -6.03872 25.43875 4.66173 -11.01991 6.19839 3.72801 -4.68022 -0.00000 0.00000 -0.00000 -63.23716 -33.77995 -22.13453 10.27495 -1.63128 -17.99593 0.00000 -28.22270 0.00000 29.61322 -5.06114 -8.82246 -7.12502 -0.00000 0.00000 3.00553 -1.41382 19.82989 -0.00000 0.00000 -0.00000 19.38775 -27.41366 48.07774 -34.20644 -27.42817 76.83495 -0.00000 -21.75430 -0.00000 -30.58292 11.23009 341.76153 7.12502 -0.00000 -0.00000 -5.59350 0.60893 -411.19325
-0.05670 0.48512 -0.65975 -396.77972 5.27102 327.10684 -0.00000 0.00000 -0.00000 512.47490 -85.52094 146.17096 -130.87971 45.34688 158.38276 5.01471 15.04365 -24.63215 -1.05052 17.78758 6.70579 -0.00000 0.00000 -0.00000 -30.32923 -60.24528 -34.15294 40.86994 66.94941 -58.79946 1.08970 -6.21588 9.72474 1.21448 19.06088 -7.22452 -4.08821 21.65026 8.62610 -6.60040 11.74679 9.78861 -6.44268 1.70267 4.69071 6.03551 -6.91330 -5.67238 25.13890 4.85602 -10.58503 6.06816 3.73620 -4.43788 -0.00000 0.00000 0.00000 -63.17430 -33.61121 -21.65127 11.30984 -1.98598 -19.85740 0.00000 -27.05180 0.00000 32.09686 -11.03006 -16.96347 -7.12502 -0.00000 0.00000 5.67063 -3.99886 9.91914 -0.00000 0.00000 0.00000 17.02712 -27.78352 50.75262 -34.41850 -28.27657 78.24088 -0.00000 -21.94960 -0.00000 -30.13461 11.71224 340.72526 7.12502 -0.00000 -0.00000 -5.33053 0.68656 -412.31804
-0.05187 0.48054 -0.65473 -400.06666 4.57213 334.33743 -0.00000 0.00000 -0.00000 573.37055 -81.93708 210.89332 -127.32821 50.68563 153.61138 4.36456 16.56173 -16.37182 -0.00561 -1.32866 -0.48369 -0.00000 0.00000 -0.00000 -43.77449 -63.76994 -51.53903 58.27070 69.55463 -77.50617 1.17352 -3.80613 12.74026 1.25267 19.34313 -7.34064 -3.49011 20.78307 6.50162 -5.46516 11.66306 7.36538 -5.03573 1.60729 3.50374 6.29428 -7.95659 -4.92788 21.02489 4.73074 -9.21524 4.77681 3.49727 -3.80164 -0.00000 0.00000 -0.00000 -57.81786 -22.40506 -13.26771 14.30827 -3.23317 -25.34433 0.00000 -37.05260 0.00000 36.36371 -15.13690 -19.52721 -7.12502 -0.00000 0.00000 9.25325 -7.65415 5.73248 -0.00000 0.00000 -0.00000 13.45655 -28.37816 54.65666 -34.49388 -28.60266 78.78132 -0.00000 -21.29710 -0.00000 -28.54020 11.98099 339.10869 7.12502 -0.00000 -0.00000 -3.99978 0.62517 -413.86917
-0.04847 0.48244 -0.64558 -403.50700 4.38992 341.43054 -0.00000 0.00000 -0.00000 587.51498 -79.04146 229.62321 -111.90312 62.64292 135.29481 2.20985 11.37850 -12.89752 -0.09986 -5.59505 -2.04336 -0.00000 0.00000 -0.00000 -60.52929 -65.12316 -74.20547 92.45535 68.27941 -113.98371 1.39726 -2.70239 16.03732 1.33421 19.92947 -7.58328 -0.89176 20.41391 3.68462 -4.40284 11.80853 4.30506 -4.81704 1.76415 2.10961 7.37643 -11.20991 -3.77010 16.07383 4.61267 -7.65443 3.12134 3.62166 -3.01040 -0.00000 0.00000 -0.00000 -53.22892 -14.05384 -7.94465 15.71074 -3.93588 -27.96980 0.00000 -42.12680 0.00000 39.63781 -16.30999 -18.72740 -7.12502 -0.00000 0.00000 11.74177 -9.76482 5.78582 -0.00000 0.00000 -0.00000 10.47344 -30.19716 58.95151 -34.59351 -29.05847 79.53712 -0.00000 -20.03230 -0.00000 -26.64885 12.32366 336.95940 7.12502 -0.00000 -0.00000 -2.47022 0.47710 -415.92471
-0.04238 0.48770 -0.62917 -405.92249 3.87532 346.80940 -0.00000 0.00000 -0.00000 583.72560 -80.63644 232.82724 -65.54194 69.93670 85.25520 0.63001 5.11324 -12.49066 -0.92153 -16.70433 -6.27072 -0.00000 0.00000 -0.00000 -72.31025 -63.78647 -92.88467 116.53314 60.18710 -140.56546 0.61926 2.27118 22.01231 0.51225 12.56133 -4.65175 1.15119 19.36840 2.00702 -4.21076 12.00952 2.56354 -5.43517 2.43661 1.37912 8.45871 -12.81499 -3.40499 15.24688 3.16643 -7.24055 2.76036 3.35557 -2.87657 0.00000 0.00000 0.00000 -51.22022 -11.45541 -6.81743 16.67620 -4.46714 -29.80395 0.00000 -42.26740 0.00000 41.02767 -16.51035 -18.08718 -7.12502 -0.00000 0.00000 12.79296 -10.51969 6.19874 0.00000 0.00000 0.00000 7.63233 -33.25787 59.76136 -34.65598 -29.36115 80.03933 -0.00000 -19.88540 -0.00000 -24.35673 12.74497 334.01939 7.12502 -0.00000 -0.00000 -0.69744 0.17028 -418.71996
-0.03015 0.49073 -0.60959 -406.10785 1.94007 349.99608 -0.00000 0.00000 -0.00000 572.56529 -83.87335 229.96259 -23.72618 60.34266 39.73317 -0.52054 -0.15181 -13.08899 -4.31905 -33.84841 -14.12880 -0.00000 0.00000 -0.00000 -73.00435 -60.82476 -100.77242 127.34863 50.65954 -153.63777 -2.82460 10.49364 26.52526 0.99867 17.36166 -6.53406 0.60944 19.06397 1.39292 -4.10064 11.91294 1.72789 -4.91279 2.35950 0.94349 8.35347 -13.61892 -3.90969 14.51468 3.49748 -8.00262 2.46374 3.57046 -3.22070 -0.00000 0.00000 0.00000 -50.19387 -7.65260 -5.89951 16.71357 -4.48851 -29.87542 0.00000 -43.55210 0.00000 41.46694 -17.65780 -18.94492 -7.12502 -0.00000 0.00000 13.10035 -11.30787 4.88306 -0.00000 0.00000 0.00000 3.56741 -35.36947 59.58804 -34.61932 -29.18178 79.74168 -0.00000 -20.32450 -0.00000 -23.11325 13.23827 331.78458 7.12502 -0.00000 -0.00000 0.10290 -0.02934 -420.91397
-0.01171 0.48976 -0.58950 -405.35680 -1.26909 352.51155 -0.00000 0.00000 -0.00000 587.09358 -86.17783 248.10793 -10.08280 46.97378 22.95153 -1.37933 -6.20730 -11.57068 -4.92378 -35.74700 -15.18830 -0.00000 0.00000 -0.00000 -61.14008 -54.72299 -97.62512 131.59192 44.03544 -159.39537 -7.34511 19.36334 24.93438 4.34521 33.93451 -14.17570 0.10818 19.16807 0.94843 -4.24533 12.00091 1.11009 -4.72527 2.33488 0.62922 7.64120 -12.89787 -4.78718 15.00451 3.35951 -9.00225 2.65336 3.48647 -3.74736 -0.00000 0.00000 -0.00000 -51.24501 -6.15709 -6.12722 16.50599 -4.37058 -29.47888 0.00000 -41.69490 0.00000 41.69952 -19.15389 -20.21698 -7.12502 -0.00000 0.00000 13.22986 -12.20189 3.04392 -0.00000 0.00000 -0.00000 1.04129 -36.26763 59.47387 -34.56882 -28.94262 79.34497 -0.00000 -19.66440 -0.00000 -22.32984 12.98626 331.31668 7.12502 -0.00000 -0.00000 0.83615 -0.24347 -421.23322
0.00808 0.48808 -0.57135 -403.69614 -5.11702 354.56559 -0.00000 0.00000 -0.00000 634.85252 -84.25156 289.81995 -6.34190 39.57511 17.50783 -0.36990 -14.16873 -4.08934 -5.29003 -36.81181 -15.80722 -0.00000 0.00000 -0.00000 -44.76420 -48.92467 -89.15638 131.69489 43.83743 -159.54377 -9.08266 23.11425 23.77015 7.99829 43.23399 -20.01081 -0.92194 18.94744 0.97748 -4.45466 12.04617 1.03958 -4.36311 2.47335 0.56310 6.53023 -11.31490 -6.14089 15.86123 3.94803 -10.64776 2.96233 3.55455 -4.56401 -0.00000 0.00000 0.00000 -53.55467 -5.51864 -7.32989 15.92141 -4.04842 -28.36806 0.00000 -37.43040 0.00000 41.98633 -20.16550 -20.95927 -7.12502 -0.00000 0.00000 13.40126 -12.88574 1.89349 -0.00000 0.00000 0.00000 0.87130 -34.84512 59.78814 -34.63424 -29.25416 79.86179 -0.00000 -19.34020 -0.00000 -20.02995 11.08104 332.20180 7.12502 -0.00000 -0.00000 3.53596 -0.92757 -419.68037
0.02245 0.48265 -0.54685 -400.62946 -8.84817 357.01555 -0.00000 0.00000 -0.00000 634.49587 -80.90138 280.01785 -8.22967 43.69097 20.34717 0.78521 -17.59942 -0.30081 -4.71092 -35.09984 -14.82106 -0.00000 0.00000 -0.00000 -32.95800 -41.24684 -79.95224 130.69691 45.66808 -158.12649 -5.76667 14.58550 35.01460 11.13462 48.58694 -24.37164 -2.54299 17.66598 1.12898 -4.68987 11.90754 1.10788 -3.68189 2.95543 0.53610 2.47025 -10.48266 -7.63856 17.90624 6.40679 -12.66007 3.92707 4.59811 -5.36595 -0.00000 0.00000 -0.00000 -55.59579 -4.60144 -8.99460 14.62844 -3.38660 -25.93994 0.00000 -33.46790 0.00000 41.84313 -21.42159 -22.18890 -7.12502 -0.00000 0.00000 13.24749 -13.50866 0.22357 -0.00000 0.00000 -0.00000 2.05196 -31.00893 60.13184 -34.78800 -30.05497 81.19199 -0.00000 -19.17800 -0.00000 -17.60909 8.91659 333.97181 7.12502 -0.00000 -0.00000 6.50354 -1.41313 -417.20671
0.03059 0.47553 -0.51971 -396.86307 -12.56998 359.89400 -0.00000 0.00000 -0.00000 612.59550 -79.11161 252.07170 -18.24279 56.45849 33.30079 -1.34640 -14.11765 -8.01746 -5.31367 -36.87853 -15.84663 -0.00000 0.00000 -0.00000 -36.97519 -30.07586 -75.96276 131.68943 43.84800 -159.53588 -7.11142 15.60666 42.62079 10.78673 48.07079 -23.90590 -3.98282 15.98467 1.47498 -4.84775 11.50039 1.51481 -3.02308 3.37561 0.68146 -2.02860 -8.82522 -8.99191 18.98329 8.59260 -14.31646 4.75992 5.43852 -6.15814 -0.00000 0.00000 0.00000 -58.87011 -5.98699 -10.91877 13.09260 -2.68696 -23.10104 0.00000 -25.97340 0.00000 40.96995 -21.89959 -23.24452 -7.12502 -0.00000 0.00000 12.62256 -13.34679 -0.86979 -0.00000 0.00000 0.00000 4.70361 -24.97462 60.41930 -34.89955 -30.71817 82.29631 -0.00000 -18.64760 -0.00000 -15.86189 7.53804 335.21763 7.12502 -0.00000 -0.00000 8.58560 -1.60542 -415.51248
0.03717 0.46836 -0.50034 -393.06338 -17.58000 359.95570 -0.00000 0.00000 -0.00000 583.61976 -79.72527 217.65412 -54.67779 69.22952 73.66782 -1.85033 -11.19230 -10.90097 -5.26606 -36.74390 -15.76718 -0.00000 0.00000 -0.00000 -50.46332 -31.53942 -68.98307 132.33680 42.55076 -160.48152 -27.64933 41.95504 34.74589 13.20818 51.35553 -27.07861 -5.57296 16.04595 2.25994 -4.27004 10.96892 2.32067 -1.60893 2.71277 0.99404 -5.49072 -5.89119 -9.04005 17.26864 9.66857 -13.82194 4.95128 5.30729 -6.19276 -0.00000 0.00000 -0.00000 -65.13826 -10.19555 -9.71291 11.94910 -2.22402 -21.01476 0.00000 -16.00450 0.00000 39.97463 -21.02881 -23.17240 -7.12502 -0.00000 0.00000 11.95823 -12.37219 -0.33168 -0.00000 0.00000 -0.00000 9.80850 -14.88495 63.58821 -34.90808 -30.77268 82.38721 -0.00000 -15.59870 -0.00000 -14.50732 6.27966 337.08507 7.12502 -0.00000 -0.00000 10.30095 -1.51934 -413.30005
0.04457 0.46914 -0.48696 -389.84196 -23.33992 359.84361 -0.00000 0.00000 -0.00000 535.83854 -79.85984 163.53255 -108.33218 64.15029 131.30170 -2.23942 -7.52888 -15.05374 -4.64515 -34.89539 -14.70638 -0.00000 0.00000 -0.00000 -49.82999 -46.16386 -53.00512 129.65158 47.39634 -156.68637 -27.92965 46.98547 30.27184 12.39562 50.32884 -26.03076 -7.91959 17.01197 2.30986 -2.69478 11.45457 2.01921 1.32299 2.65262 0.65825 -8.00030 -4.73364 -8.24913 15.56744 10.77566 -12.40014 4.99768 5.33743 -5.66481 0.00000 0.00000 0.00000 -70.20137 -14.95025 -6.53657 10.44735 -1.68777 -18.30504 0.00000 -8.32362 0.00000 39.36657 -17.34952 -19.97452 -7.12502 -0.00000 0.00000 11.54308 -10.14726 4.21810 0.00000 0.00000 0.00000 18.60219 -0.22098 67.41692 -34.79388 -30.08793 81.24680 -0.00000 -10.52560 -0.00000 -15.32195 5.48116 340.77983 7.12502 -0.00000 -0.00000 9.92544 -0.81241 -409.63245
0.05351 0.47237 -0.47282 -386.84679 -27.52203 363.66033 -0.00000 0.00000 -0.00000 500.38318 -69.54286 120.18988 -127.91396 49.91879 154.37264 -1.41700 1.65321 -26.53122 -3.53048 -31.05362 -12.65966 -0.00000 0.00000 -0.00000 -32.66331 -55.91956 -26.45084 121.67092 56.53086 -146.59572 -8.69649 23.69370 21.50715 6.54654 40.06855 -17.82737 -6.96435 17.94158 0.93112 -1.39909 12.34161 0.32349 2.30658 3.26881 -0.21085 -8.06030 -3.53149 -8.54681 14.94507 10.83051 -12.77337 4.83596 5.15543 -5.92767 0.00000 0.00000 -0.00000 -72.76859 -22.17794 -6.42762 9.32917 -1.33949 -16.30654 0.00000 -1.06536 0.00000 27.59272 -4.60924 -8.74143 -7.12502 -0.00000 0.00000 1.20914 -0.56116 20.10772 0.00000 0.00000 -0.00000 32.89901 15.79109 63.52297 -34.40713 -28.22861 78.16139 -0.00000 -8.42331 -0.00000 -19.61814 6.07724 343.45767 7.12502 -0.00000 -0.00000 5.84924 -0.25422 -407.48001
0.06566 0.47815 -0.46259 -380.13006 -29.11240 370.17401 -0.00000 0.00000 -0.00000 487.51484 -50.66854 100.32208 -133.51108 39.93093 162.26227 4.93330 13.31827 -39.03376 -1.18159 -18.81372 -7.12318 -0.00000 0.00000 -0.00000 -13.30384 -55.19848 5.84090 93.82755 68.04438 -115.46198 -0.60395 6.10796 6.53837 6.09527 38.96256 -17.11819 -7.54391 18.35946 -0.30247 -0.60853 12.65268 -1.37302 3.59134 3.62542 -1.13151 -8.61357 -2.46125 -9.43809 15.57731 11.70225 -14.20516 4.99928 5.45923 -6.63331 0.00000 0.00000 -0.00000 -73.55304 -20.63266 -6.93945 9.84689 -1.49544 -17.23000 0.00000 2.45647 -0.00000 12.18577 1.34815 6.21784 -7.12502 -0.00000 0.00000 -13.63954 2.16708 36.14270 0.00000 0.00000 -0.00000 53.29801 25.62322 49.46886 -33.30555 -24.52336 72.00355 -0.00000 -8.70745 -0.00000 -25.31673 8.27093 343.08569 7.12502 -0.00000 -0.00000 0.01588 -0.00104 -408.75500
0.07600 0.47133 -0.44819 -372.44874 -28.05325 376.46135 -0.00000 0.00000 -0.00000 481.22937 -43.68944 90.81315 -134.75818 36.67498 164.27337 11.36552 18.61089 -51.97242 -0.00301 0.97378 0.35446 -0.00000 0.00000 -0.00000 -7.64752 -48.53208 28.59194 36.43026 65.76481 -53.95371 -0.05268 1.49222 3.57456 4.45840 34.30279 -14.37751 -9.19283 17.90662 -1.23331 0.16265 12.55846 -2.77173 5.41248 4.12298 -1.97688 -9.45340 -0.74875 -10.64702 16.45101 11.42667 -15.99078 5.35734 5.42453 -7.58473 -0.00000 0.00000 -0.00000 -75.54041 -9.78309 -6.28414 14.87874 -3.50940 -26.40709 0.00000 -5.96957 0.00000 23.82140 3.29084 7.40813 -7.12502 -0.00000 0.00000 -2.42620 0.29488 38.07444 -0.00000 0.00000 -0.00000 72.39812 22.82863 32.03939 -30.59588 -18.60631 61.83337 -0.00000 -10.27570 -0.00000 -28.21332 13.49395 336.49387 7.12502 -0.00000 -0.00000 -4.22366 0.88519 -416.81536
0.08859 0.45118 -0.43116 -368.50767 -26.52663 380.01912 -0.00000 0.00000 -0.00000 474.47192 -35.58565 87.22734 -135.90861 33.08226 166.28405 -4.10374 8.03603 -57.09914 -0.31761 9.93198 3.65407 -0.00000 0.00000 -0.00000 -7.64999 -46.35686 37.92757 10.89370 48.23127 -24.04951 -0.01246 -1.43624 -0.31408 3.79036 32.02013 -13.15650 -7.18027 17.48741 -2.77576 2.38197 12.15016 -4.54248 6.81310 4.19657 -2.83276 -12.40358 -0.15039 -11.67614 16.22219 11.36478 -17.24766 5.67311 5.68558 -8.34404 0.00000 0.00000 0.00000 -82.16068 -3.48677 -5.82394 22.80033 -8.88879 -42.16020 0.00000 -11.89350 0.00000 34.21626 -4.17021 -6.10392 -7.12502 -0.00000 0.00000 7.02810 -2.90775 22.63390 0.00000 0.00000 0.00000 78.62117 13.66948 21.42300 -24.64575 -10.65765 46.24276 -0.00000 -16.00960 -0.00000 -21.98526 17.64030 323.10785 7.12502 -0.00000 -0.00000 -1.17489 0.55581 -430.31430
0.10502 0.42255 -0.41650 -365.59098 -26.62606 380.13054 -0.00000 0.00000 -0.00000 469.91686 -20.84691 81.40263 -137.20412 28.02432 168.82977 -19.51923 -2.53225 -60.81958 -0.83935 15.96939 5.97856 -0.00000 0.00000 -0.00000 1.91602 -51.77097 40.84712 4.22752 33.54403 -13.96381 -0.48228 -6.00510 -4.79642 4.00235 32.77414 -13.55215 -5.27186 18.40148 -3.31857 4.53495 12.08632 -5.05947 8.21573 3.79133 -3.06409 -14.44208 0.42469 -12.80466 15.94199 10.79165 -18.64190 5.83004 5.77000 -9.14379 0.00000 0.00000 -0.00000 -87.23451 4.68665 -6.28075 29.41475 -16.65184 -58.28339 0.00000 -7.40922 0.00000 34.89032 -10.24465 -14.30750 -7.12502 -0.00000 0.00000 7.82654 -5.00750 12.58376 0.00000 0.00000 -0.00000 77.10465 4.93957 16.99040 -15.43927 -3.79360 27.45818 -0.00000 -19.04770 -0.00000 -12.98208 16.71338 308.71702 7.12502 -0.00000 -0.00000 4.19626 -3.28504 -442.99062
0.11880 0.39219 -0.40222 -361.20173 -26.50667 380.02375 -0.00000 0.00000 -0.00000 469.75636 -4.00609 72.33711 -137.91867 24.52009 170.44322 -44.35513 -12.59058 -74.26073 -0.48603 12.24240 4.52966 -0.00000 0.00000 -0.00000 31.63387 -67.43929 40.87091 4.27902 33.71589 -14.05681 -0.02373 1.34945 1.04157 4.53530 34.54903 -14.51353 -6.27705 19.64219 -3.44892 5.57928 12.19686 -5.44120 10.08142 3.63807 -3.38457 -15.51849 1.97480 -14.14868 17.78910 9.04897 -20.67699 6.62581 5.62641 -10.21855 0.00000 0.00000 -0.00000 -86.50917 15.24794 -10.55104 33.60446 -25.39509 -73.45864 0.00000 -2.77061 0.00000 32.56215 -10.46548 -15.87794 -7.12502 -0.00000 0.00000 5.97653 -4.03013 11.12557 0.00000 0.00000 -0.00000 78.42707 -6.75570 12.91570 -9.11319 -1.27711 15.92219 -0.00000 -6.91043 -0.00000 -6.76497 11.11854 301.59721 7.12502 -0.00000 -0.00000 9.56092 -8.99767 -447.87700
0.12815 0.36634 -0.39218 -355.61560 -24.99020 382.85059 -0.00000 0.00000 -0.00000 470.82780 9.31688 65.77371 -138.43008 21.51498 171.75064 -59.92904 -18.23722 -83.30419 -0.43272 11.56453 4.27121 -0.00000 0.00000 -0.00000 74.08083 -74.06705 63.48907 7.69778 42.62249 -19.56959 -0.45354 6.86339 3.32336 6.41943 39.76360 -17.62929 -7.74634 20.10743 -4.73321 6.23003 11.64771 -7.41048 11.93047 3.65080 -4.51156 -15.84630 3.83426 -15.32314 19.47459 7.56881 -22.52396 7.32631 5.47004 -11.21613 -0.00000 0.00000 -0.00000 -78.18566 27.98883 -21.17153 35.03632 -31.68558 -83.91337 0.00000 3.30668 -0.00000 28.14557 -10.90458 -19.47431 -7.12502 -0.00000 0.00000 2.65854 -2.02092 7.78486 -0.00000 0.00000 -0.00000 80.03340 -8.01562 4.93902 -10.29535 -1.63791 18.03250 -0.00000 -12.79230 -0.00000 -6.55760 11.75514 299.43380 7.12502 -0.00000 -0.00000 -9.16185 8.79051 -268.45730
0.13669 0.34651 -0.38815 -349.01990 -23.48255 386.52815 -0.00000 0.00000 -0.00000 468.82184 19.57728 59.81419 -138.73817 19.41004 172.63176 -64.89948 -22.67738 -86.31240 -1.12190 18.35487 6.93588 -0.00000 0.00000 -0.00000 94.26888 -69.30226 76.85672 13.27395 51.43565 -27.16277 -0.80691 9.47208 4.11276 6.64702 40.30614 -17.98309 -7.69514 20.52003 -7.32629 6.37660 10.91000 -10.86113 12.51100 3.72593 -6.26883 -15.75251 5.37951 -15.44793 19.51755 7.44799 -22.83551 7.46732 5.27137 -11.44164 0.00000 0.00000 0.00000 -62.37871 39.07027 -37.40581 35.24218 -34.16198 -88.10281 0.00000 3.91681 -0.00000 26.82171 -12.86438 -23.76609 -7.12502 -0.00000 0.00000 2.13955 -1.91754 3.15063 0.00000 0.00000 0.00000 81.03770 -3.62467 1.41365 -10.93961 -1.85477 19.18980 -0.00000 -17.60610 -0.00000 -9.97475 14.81801 304.51532 7.12502 -0.00000 -0.00000 6.34977 -5.60710 -446.28373
0.14872 0.34337 -0.39078 -343.13501 -21.98424 387.07912 -0.00000 0.00000 -0.00000 463.44416 30.14055 55.20526 -138.59367 20.43094 172.20766 -65.93539 -25.34741 -86.91881 -1.82658 23.08748 8.92564 -0.00000 0.00000 -0.00000 95.00633 -59.81221 73.59044 19.67967 57.61089 -35.01328 -1.27030 13.69120 3.70045 8.95882 45.05811 -21.38969 -5.64276 20.17793 -10.09514 6.44967 10.26423 -14.15310 11.77651 3.74130 -7.80588 -14.57976 5.83846 -14.71806 17.11886 8.20085 -21.62509 6.62431 4.82205 -10.84555 -0.00000 0.00000 0.00000 -45.25993 45.40735 -54.67664 35.16600 -32.92819 -86.00488 0.00000 0.37530 -0.00000 25.57717 -13.29127 -25.65648 -7.12502 -0.00000 0.00000 1.43248 -1.36926 1.30133 -0.00000 0.00000 0.00000 79.38917 3.10454 1.96603 -12.72791 -2.53406 22.43331 -0.00000 -19.26070 -0.00000 -14.07935 21.96566 303.84168 7.12502 -0.00000 -0.00000 0.46214 -0.44445 -448.88121
0.15491 0.36127 -0.40232 -336.43942 -18.85772 386.92066 -0.00000 0.00000 -0.00000 442.38093 26.20055 67.25849 -137.84185 24.93048 170.25958 -51.16007 -15.67055 -77.89608 -2.69767 27.58009 10.95967 -0.00000 0.00000 -0.00000 88.41261 -49.47487 67.60010 24.60980 60.85526 -40.74741 -0.93683 17.09293 0.45673 11.99608 49.79757 -25.50968 -4.01137 19.18816 -12.93620 6.13241 9.34655 -17.59547 10.78669 3.65528 -9.39233 -11.77040 5.81171 -13.30453 13.31706 9.21743 -19.27674 5.13662 4.13359 -9.64237 0.00000 0.00000 -0.00000 -32.08339 48.54069 -68.02057 34.70753 -29.62247 -80.47321 0.00000 -1.09202 0.00000 22.87720 -10.00004 -22.36919 -7.12502 -0.00000 0.00000 -1.27277 1.04616 5.58747 0.00000 0.00000 -0.00000 75.56852 6.80766 7.31481 -13.22596 -2.74411 23.34578 -0.00000 -19.83620 -0.00000 -14.25892 25.08465 300.93983 7.12502 -0.00000 -0.00000 1.45992 -1.35060 -627.76379
0.15627 0.39229 -0.41963 -328.95512 -14.27641 387.01064 -0.00000 0.00000 -0.00000 419.03666 -7.04679 80.27325 -136.37314 31.41775 167.15448 -2.24660 9.69947 -58.19327 -2.96592 28.76958 11.52776 -0.00000 0.00000 -0.00000 79.04203 -42.10056 62.50156 28.55542 62.85316 -45.22099 -0.59918 19.10633 -1.42546 12.47473 50.43190 -26.13346 -2.10722 18.30943 -15.46415 5.85616 8.42347 -20.53252 9.77778 3.16038 -10.67182 -9.13530 3.27212 -12.25078 9.21379 9.83060 -17.23642 3.39452 3.87409 -8.55280 0.00000 0.00000 0.00000 -20.20391 48.43766 -80.67590 33.43808 -24.90104 -72.63473 0.00000 -3.41516 0.00000 21.45131 -8.80234 -21.27843 -7.12502 -0.00000 0.00000 -2.63234 2.05466 7.05194 0.00000 0.00000 0.00000 70.28180 8.79499 14.69866 -12.88241 -2.59822 22.71591 -0.00000 -18.55670 -0.00000 -13.81882 24.54379 300.63185 7.12502 -0.00000 -0.00000 0.98774 -0.90930 -627.62816
0.15606 0.42676 -0.43713 -322.53088 -8.03371 385.94001 -0.00000 0.00000 -0.00000 407.56646 -27.52319 84.14857 -134.11286 38.42962 163.21472 19.60680 26.78970 -45.24635 -1.78618 22.84924 8.82211 -0.00000 0.00000 -0.00000 69.11411 -37.75941 60.03628 30.95593 63.87237 -47.90632 -0.49378 20.18387 -2.05846 12.50739 50.47424 -26.17581 -0.57079 16.33149 -16.70088 6.16122 7.70151 -21.87566 9.05786 3.15821 -11.19973 -7.97308 1.34536 -11.92073 7.12069 6.58309 -16.26237 3.04367 3.18788 -8.10091 0.00000 0.00000 -0.00000 -10.19208 44.80596 -92.17868 31.07560 -19.48147 -63.38416 0.00000 -4.34041 0.00000 21.38014 -8.79141 -21.32538 -7.12502 -0.00000 0.00000 -2.68379 2.09778 7.01362 0.00000 0.00000 -0.00000 64.21078 9.68071 21.52395 -12.67344 -2.51165 22.33378 -0.00000 -19.00050 -0.00000 -14.28072 24.69354 301.35341 7.12502 -0.00000 -0.00000 1.22065 -1.14759 -628.22677
0.15366 0.46041 -0.45571 -318.73935 -0.98603 384.08119 -0.00000 0.00000 -0.00000 404.01080 -36.96560 85.93179 -131.62728 43.96770 159.44627 14.69675 24.52888 -38.50845 -0.62268 13.81715 5.13572 -0.00000 0.00000 -0.00000 61.92402 -36.33322 62.59639 34.70928 65.22704 -52.06242 -0.37625 15.06433 -1.10724 10.53179 47.68189 -23.56219 2.41631 14.27592 -17.32957 6.77670 6.59666 -22.18621 8.07751 2.15372 -11.11665 -7.29167 0.11475 -11.81632 6.28852 3.43842 -15.86621 2.81400 2.20137 -7.90651 -0.00000 0.00000 0.00000 -4.82542 40.83772 -99.91078 27.59535 -14.06810 -53.35295 0.00000 -4.12941 0.00000 21.98545 -8.63409 -20.39718 -7.12502 -0.00000 0.00000 -2.32918 1.76164 7.91816 -0.00000 0.00000 0.00000 59.68091 8.27036 26.98341 -12.64723 -2.50090 22.28591 -0.00000 -19.67580 -0.00000 -15.09213 24.46918 303.06672 7.12502 -0.00000 -0.00000 1.32838 -1.31902 -629.78971
0.14642 0.49314 -0.47632 -316.78279 7.04329 380.41302 -0.00000 0.00000 -0.00000 403.80781 -44.04914 85.81416 -128.34367 49.33111 154.93668 6.73994 15.97067 -34.41993 -0.02525 2.81821 1.02663 -0.00000 0.00000 -0.00000 58.52733 -37.56232 68.44477 38.72964 66.41237 -56.46885 -0.23526 5.94444 1.55979 5.47596 37.33049 -16.11566 4.53976 12.23691 -16.82976 7.60772 5.58628 -21.22635 7.57707 1.42859 -10.49880 -6.61399 -1.86572 -11.74952 6.17750 0.96517 -15.59867 2.71052 1.65256 -7.75918 -0.00000 0.00000 0.00000 -2.98258 37.12086 -104.30374 23.78971 -9.80688 -44.32089 0.00000 -7.14989 0.00000 21.89298 -7.50926 -18.01492 -7.12502 -0.00000 0.00000 -2.77039 1.90374 10.52994 -0.00000 0.00000 0.00000 54.65052 8.03361 32.03426 -12.85489 -2.58673 22.66554 -0.00000 -22.53110 -0.00000 -15.61993 24.31794 304.17345 7.12502 -0.00000 -0.00000 -1.43979 1.39883 -809.16442
0.13904 0.51837 -0.49863 -311.61528 14.97438 374.28943 -0.00000 0.00000 -0.00000 394.93085 -50.60937 76.85530 -122.39655 55.90882 147.46872 2.28766 9.52317 -31.04352 -0.34995 -10.41826 -3.83716 -0.00000 0.00000 -0.00000 57.23145 -41.13775 76.66326 47.06070 68.19861 -65.49521 0.02032 0.75724 5.55912 4.27219 33.69319 -14.04450 1.60041 12.30609 -15.44779 7.12365 5.08398 -19.72128 8.55233 1.42210 -9.84024 -5.53927 -3.32205 -11.45952 7.03727 -2.07448 -15.09933 2.95508 0.90148 -7.51956 -0.00000 0.00000 0.00000 -2.15170 33.75907 -105.65367 20.81791 -7.23708 -37.99330 0.00000 -16.51480 0.00000 21.89259 -5.12673 -12.53691 -7.12502 -0.00000 0.00000 -3.48585 1.89760 16.47145 -0.00000 0.00000 0.00000 52.24175 6.96241 37.64610 -13.11014 -2.69443 23.13321 -0.00000 -23.48880 -0.00000 -15.71508 24.04787 304.62438 7.12502 -0.00000 -0.00000 -1.32975 1.27108 -808.70025
0.13371 0.53907 -0.52292 -307.67931 21.67883 365.80116 -0.00000 0.00000 -0.00000 381.75821 -56.62461 60.45968 -111.21444 62.95671 134.52050 1.90457 8.74678 -28.46711 -1.60195 -21.71927 -8.33630 -0.00000 0.00000 -0.00000 64.80421 -44.78024 89.01370 75.29256 69.91069 -95.63330 0.24831 1.02085 12.57824 5.98176 38.67378 -16.93711 0.17808 12.90947 -13.85676 6.11861 4.92521 -17.76989 8.31066 0.70026 -8.85681 -4.41466 -5.13337 -11.08000 7.84489 -4.60419 -14.51406 3.10991 0.35124 -7.26331 0.00000 0.00000 0.00000 -2.99393 31.61460 -103.88830 19.04981 -5.95104 -34.42481 0.00000 -28.32690 0.00000 23.89856 -3.15588 -7.08224 -7.12502 -0.00000 0.00000 -2.20065 0.92403 22.23385 0.00000 0.00000 0.00000 51.11653 7.38026 43.06900 -13.62915 -2.92103 24.08770 -0.00000 -24.97730 -0.00000 -15.77893 23.95560 304.83587 7.12502 -0.00000 -0.00000 -1.30456 1.23786 -808.48991
0.13447 0.55784 -0.54533 -305.57215 27.42440 355.10717 -0.00000 0.00000 -0.00000 366.59700 -59.75576 40.64769 -90.06683 68.64625 111.41597 4.96405 14.04132 -29.37434 -2.48351 -26.57325 -10.48920 -0.00000 0.00000 -0.00000 78.73928 -46.52396 101.94535 109.59716 63.64907 -132.71030 1.05103 -2.09938 14.38174 5.90531 38.47676 -16.81450 0.41509 13.89118 -11.71713 5.54620 5.08136 -14.88384 7.57546 -0.37559 -7.36390 -3.20932 -6.87313 -10.34455 8.08684 -7.80537 -13.49789 3.13529 -0.49860 -6.84741 -0.00000 0.00000 0.00000 -8.39878 30.14454 -99.92844 17.58976 -5.00737 -31.56227 0.00000 -35.92470 0.00000 26.09305 -1.47147 -3.00148 -7.12502 -0.00000 0.00000 -0.39729 0.13188 26.63736 -0.00000 0.00000 0.00000 49.59046 7.96692 48.48462 -14.24452 -3.20310 25.22597 -0.00000 -26.35460 -0.00000 -16.18916 24.36142 305.13885 7.12502 -0.00000 -0.00000 -1.69247 1.59677 -808.32141
0.14155 0.57502 -0.56241 -303.30335 32.51372 342.06913 -0.00000 0.00000 -0.00000 352.68407 -59.88710 23.34360 -57.26282 69.47298 76.43024 7.53285 17.40228 -32.56349 -1.40268 -20.40590 -7.78187 -0.00000 0.00000 -0.00000 91.28448 -48.12396 112.15566 126.34462 51.89198 -152.35095 1.56029 -2.53074 17.48071 5.57271 37.59489 -16.27471 0.57888 14.96954 -9.42709 4.83943 5.43813 -11.86186 6.56327 -1.24573 -5.83236 -2.25724 -8.30720 -8.81701 8.51226 -10.54869 -11.44365 3.24814 -1.28839 -5.92842 -0.00000 0.00000 0.00000 -17.53843 27.86553 -93.71706 16.07694 -4.13271 -28.66276 0.00000 -40.29430 0.00000 29.20265 -1.20216 -2.14961 -7.12502 -0.00000 0.00000 2.45050 -0.77229 27.51802 -0.00000 0.00000 0.00000 48.94571 8.07270 55.78192 -14.21647 -3.18992 25.17393 -0.00000 -25.86720 -0.00000 -16.27797 24.02048 305.65344 7.12502 -0.00000 -0.00000 -1.54376 1.42912 -807.78174
0.15007 0.59384 -0.57040 -301.29098 37.94234 328.07839 -0.00000 0.00000 -0.00000 345.51379 -60.29747 10.99231 -32.95266 64.62617 50.12311 5.64943 14.17971 -38.80351 -0.00813 -1.60008 -0.58254 -0.00000 0.00000 -0.00000 102.30165 -55.90489 121.49341 132.56249 42.07553 -160.81677 1.67420 -0.61173 22.19366 5.16051 36.44199 -15.59013 0.31436 15.55238 -6.86516 4.91521 5.78967 -8.58336 6.37588 -1.59147 -4.23319 -0.42188 -9.49654 -6.79726 7.46955 -12.87634 -8.91038 2.66436 -2.13330 -4.79342 0.00000 0.00000 0.00000 -30.29113 23.93434 -87.66206 14.29682 -3.22776 -25.32306 0.00000 -39.13200 0.00000 32.89568 -2.46875 -3.80993 -7.12502 -0.00000 0.00000 5.83475 -2.07882 25.45655 0.00000 0.00000 0.00000 47.42647 7.90599 63.45564 -14.14582 -3.15687 25.04291 -0.00000 -25.67950 -0.00000 -16.20162 22.97334 306.66552 7.12502 -0.00000 -0.00000 -0.93232 0.82836 -806.61726
0.15536 0.61181 -0.56889 -297.48872 42.12518 314.73088 -0.00000 0.00000 -0.00000 343.60543 -62.50920 3.69097 -25.34661 61.26300 41.58936 -3.82263 2.12051 -39.61474 -0.43993 -11.65871 -4.30703 -0.00000 0.00000 -0.00000 125.98579 -73.49418 147.16141 133.85080 39.09823 -162.79617 2.40836 -0.14240 27.68808 4.46538 34.32527 -14.38989 -1.18414 15.80211 -4.66507 4.90835 6.28055 -6.00297 6.77751 -1.38811 -3.01993 1.15766 -9.57231 -5.05673 6.29907 -15.80647 -6.74597 2.13258 -3.31469 -3.88038 -0.00000 0.00000 -0.00000 -40.58998 18.78027 -83.80003 13.60405 -2.90983 -24.04143 0.00000 -38.17380 0.00000 34.53676 -7.13803 -10.23457 -7.12502 -0.00000 0.00000 7.37754 -3.84694 17.60841 -0.00000 0.00000 -0.00000 45.02588 7.66503 70.18581 -14.26413 -3.21233 25.26237 -0.00000 -26.39220 -0.00000 -16.23980 21.90238 307.98475 7.12502 -0.00000 -0.00000 -0.34028 0.28712 -805.15715
0.15774 0.62452 -0.56032 -292.61372 44.96194 305.08045 -0.00000 0.00000 -0.00000 343.08040 -66.43726 0.41843 -23.51132 60.21394 39.48577 -8.15827 -6.39202 -36.82804 -2.26333 -25.47782 -9.98742 -0.00000 0.00000 -0.00000 216.66435 -79.84239 241.45365 130.92739 45.26213 -158.44983 3.36757 -1.10334 30.15974 4.30258 33.79400 -14.09921 -1.53036 15.30534 -3.56388 4.64199 6.72080 -4.68279 6.39749 -0.85215 -2.40410 2.20734 -8.15524 -4.43203 4.92746 -20.15608 -6.04384 1.53007 -4.65406 -3.73940 0.00000 0.00000 0.00000 -42.60069 15.84079 -81.34015 16.09576 -4.14298 -28.69846 0.00000 -42.33780 0.00000 31.55354 -9.79262 -15.48104 -7.12502 -0.00000 0.00000 5.10556 -3.35336 11.78755 0.00000 0.00000 0.00000 41.85195 7.00033 73.97931 -14.79622 -3.46864 26.25294 -0.00000 -28.17680 -0.00000 -16.57427 22.46459 307.91473 7.12502 -0.00000 -0.00000 -0.80555 0.68494 -805.37118
0.15470 0.63345 -0.54574 -287.29516 47.23998 295.87955 -0.00000 0.00000 -0.00000 347.34418 -69.25420 3.17557 -19.91345 57.78829 35.28986 -9.74428 -11.63356 -34.52430 -5.02312 -36.04170 -15.35773 -0.00000 0.00000 -0.00000 270.25583 -77.47814 295.69033 119.31809 58.35301 -143.80470 3.57895 -3.38319 26.71421 4.20322 33.46240 -13.91979 -0.69736 13.63432 -2.19932 4.12146 7.13288 -2.90481 5.00584 0.14606 -1.54095 1.66269 -7.45453 -4.80875 3.55181 -23.14001 -6.83847 1.39971 -5.71754 -4.13352 -0.00000 0.00000 -0.00000 -39.60957 14.87326 -80.73583 18.47543 -5.56762 -33.29044 0.00000 -43.21680 0.00000 32.08966 -10.06304 -15.57091 -7.12502 -0.00000 0.00000 5.56097 -3.68336 11.58225 -0.00000 0.00000 -0.00000 40.93117 6.13177 75.24396 -15.16466 -3.65277 26.94236 -0.00000 -27.23960 -0.00000 -18.73373 26.07372 307.65365 7.12502 -0.00000 -0.00000 -3.72330 3.30470 -806.53556
0.14284 0.64604 -0.52625 -281.38662 48.00071 284.77256 -0.00000 0.00000 -0.00000 349.37183 -67.67227 0.78433 -14.53045 52.88793 28.75362 -9.24811 -16.58589 -29.28057 -7.03087 -41.18665 -18.57115 -0.00000 0.00000 -0.00000 310.55085 -75.80718 334.20691 83.82433 69.37665 -104.73098 4.22068 -11.61794 19.55255 3.09795 29.32874 -11.79969 -1.39834 12.69597 -0.26465 2.59656 7.54436 -0.56490 3.52026 0.83806 -0.41383 1.25295 -7.74715 -4.82142 2.78630 -24.99962 -7.09239 1.32783 -6.28073 -4.23660 -0.00000 0.00000 -0.00000 -34.93044 12.43884 -81.15511 19.43324 -6.21609 -35.18845 0.00000 -44.11690 0.00000 34.28612 -11.27255 -15.99795 -7.12502 -0.00000 0.00000 7.41050 -5.10283 10.63387 -0.00000 0.00000 -0.00000 42.31597 6.15390 77.14916 -14.78068 -3.46099 26.22391 -0.00000 -22.52180 -0.00000 -19.68945 30.91606 304.85685 7.12502 -0.00000 -0.00000 6.60080 -6.46280 -629.20692
0.12983 0.66039 -0.50858 -275.31062 46.62427 274.08432 -0.00000 0.00000 -0.00000 339.73831 -63.63553 -19.38933 -14.13154 52.44241 28.25193 -3.18502 -21.74172 -12.48563 -9.85464 -46.60205 -22.63848 -0.00000 0.00000 -0.00000 330.38939 -74.24168 352.06693 37.25789 66.00682 -54.86045 2.58975 -20.92881 11.03867 2.64995 27.36039 -10.85622 -3.99583 12.01741 2.15886 0.58500 7.96050 2.26768 2.66401 1.43779 0.89617 -0.27989 -8.15109 -5.42163 2.23125 -27.01750 -8.17110 1.61613 -6.82027 -4.64058 -0.00000 0.00000 -0.00000 -30.29400 9.53512 -83.20924 19.82464 -6.49439 -35.97357 0.00000 -43.12530 0.00000 35.84696 -10.37622 -13.99844 -7.12502 -0.00000 0.00000 8.61193 -5.47639 12.78286 -0.00000 0.00000 -0.00000 43.24800 4.74967 78.40311 -14.26368 -3.21212 25.26153 -0.00000 -17.66180 -0.00000 -16.37527 34.22470 297.58484 7.12502 -0.00000 -0.00000 8.38116 -6.45054 -622.32687
0.11880 0.67381 -0.49211 -272.42839 45.04715 265.48871 -0.00000 0.00000 -0.00000 331.02302 -61.75962 -38.46409 -24.30281 60.68017 40.39562 -0.63632 -19.79059 -5.49087 -8.49817 -44.20688 -20.73405 -0.00000 0.00000 -0.00000 345.26062 -74.71211 361.19891 17.26145 55.60469 -32.11757 1.52589 -25.68349 8.26775 2.46091 26.46375 -10.43858 -5.88074 11.67838 4.77895 -1.81687 8.83893 5.43714 1.09427 2.42024 2.36034 -1.73121 -7.97366 -6.20968 1.37505 -29.16943 -9.65107 1.90365 -7.51367 -5.17247 0.00000 0.00000 0.00000 -26.35347 5.76376 -85.91449 19.65357 -6.37178 -35.62970 0.00000 -42.53510 0.00000 35.14035 -8.76082 -12.21005 -7.12502 -0.00000 0.00000 7.95591 -4.60731 15.11147 0.00000 0.00000 0.00000 45.27105 2.63923 79.26058 -14.16551 -3.16606 25.07941 -0.00000 -15.44270 -0.00000 -13.51722 35.70593 292.38687 7.12502 -0.00000 -0.00000 9.14362 -5.96370 -617.84270
0.11641 0.68136 -0.48112 -273.39500 45.13117 259.54412 -0.00000 0.00000 -0.00000 320.31610 -63.59088 -55.19503 -59.41678 69.63870 78.72896 -2.22278 -17.42018 -10.48155 -6.81747 -40.70232 -18.24552 -0.00000 0.00000 -0.00000 357.08949 -77.39801 360.12371 10.69380 47.93010 -23.78085 3.84638 -21.87739 14.12053 1.57567 21.55180 -8.26501 -6.35954 12.49071 6.81219 -3.48671 9.64023 7.85061 -0.52552 2.92697 3.49571 -2.52698 -8.35461 -6.30809 0.30238 -30.24764 -10.15698 1.82116 -7.83782 -5.23540 -0.00000 0.00000 -0.00000 -24.84925 3.08873 -86.73570 19.09677 -5.98310 -34.51805 0.00000 -41.40970 0.00000 35.52629 -8.50305 -11.70021 -7.12502 -0.00000 0.00000 8.26908 -4.68266 15.67608 -0.00000 0.00000 -0.00000 44.99131 2.12738 80.47318 -14.00517 -3.09164 24.78237 -0.00000 -16.22960 -0.00000 -13.77444 35.05434 293.11420 7.12502 -0.00000 -0.00000 8.65067 -5.79732 -618.58115
0.11848 0.68566 -0.47731 -277.02927 46.07609 256.41190 -0.00000 0.00000 -0.00000 301.46739 -67.08268 -75.33485 -102.53522 66.06572 124.91314 -2.60638 -12.00695 -13.56012 -1.25215 -19.33931 -7.33907 -0.00000 0.00000 -0.00000 367.89552 -78.82491 356.16388 8.52252 44.25293 -20.76895 5.10572 -12.79893 21.47494 0.98655 17.26026 -6.49331 -7.47320 14.35155 8.27769 -4.39898 10.12078 9.29491 -1.22525 2.48097 4.13243 -3.75926 -9.09913 -6.26228 0.89819 -30.64207 -9.95229 2.20255 -7.77617 -5.05370 0.00000 0.00000 -0.00000 -24.53353 1.64372 -85.74321 18.35635 -5.49014 -33.05665 0.00000 -39.55090 0.00000 36.32600 -9.10969 -12.15187 -7.12502 -0.00000 0.00000 8.96026 -5.22550 14.98831 0.00000 0.00000 -0.00000 42.46148 2.89863 82.42151 -12.90798 -2.60893 22.76272 -0.00000 -18.30840 -0.00000 -16.07432 34.20677 297.13772 7.12502 -0.00000 -0.00000 8.32029 -6.32240 -621.97967
0.11925 0.68670 -0.47901 -282.07109 47.82479 256.63225 -0.00000 0.00000 -0.00000 273.34908 -66.21163 -102.07389 -118.08772 59.20204 142.36601 -1.87754 -6.84435 -13.84014 -0.07852 4.96357 1.81143 -0.00000 0.00000 -0.00000 376.90419 -75.58856 354.00291 7.62483 42.47085 -19.46171 5.00187 -14.15860 20.24220 0.21189 8.13062 -2.98067 -8.06440 16.17303 8.87526 -4.96830 10.43044 9.66343 -1.84419 1.92991 4.27934 -4.00049 -9.63697 -6.40452 1.58258 -31.22952 -10.06886 2.49587 -7.84345 -5.15096 -0.00000 0.00000 -0.00000 -25.15131 0.82463 -84.19549 17.44843 -4.92134 -31.28871 0.00000 -37.31660 0.00000 35.06230 -8.72344 -12.19409 -7.12502 -0.00000 0.00000 7.88896 -4.56204 15.14353 -0.00000 0.00000 -0.00000 40.40407 4.57872 83.86068 -11.65915 -2.11423 20.48906 -0.00000 -19.98060 -0.00000 -19.79126 27.36626 308.05498 7.12502 -0.00000 -0.00000 -4.87962 4.33222 -446.50332
0.11878 0.68232 -0.48284 -288.52570 50.79322 258.79202 -0.00000 0.00000 -0.00000 254.84113 -59.50397 -118.37890 -120.00041 57.85299 144.60837 -2.54029 -8.60891 -15.51589 -0.85511 -16.11331 -6.03559 -0.00000 0.00000 -0.00000 379.89090 -69.78014 347.62636 6.87635 40.83723 -18.33568 5.30705 -19.14306 18.56418 0.00558 1.32523 -0.48244 -6.48734 17.84413 8.78936 -5.41686 10.41728 9.49331 -3.45152 1.41783 4.28110 -3.79813 -9.68931 -6.55789 2.39097 -31.00172 -10.11863 2.70327 -7.71030 -5.26379 0.00000 0.00000 0.00000 -26.49566 0.85374 -82.48646 16.07060 -4.12926 -28.65074 0.00000 -34.44840 0.00000 33.55281 -7.79847 -11.56280 -7.12502 -0.00000 0.00000 6.57385 -3.64159 16.13881 0.00000 0.00000 0.00000 39.80086 7.13384 83.83532 -10.94995 -1.85837 19.20843 -0.00000 -18.57070 -0.00000 -13.18238 12.40175 317.48154 7.12502 -0.00000 -0.00000 7.24041 -3.96026 -433.52934
0.11488 0.67464 -0.48384 -296.78979 52.76092 259.95809 -0.00000 0.00000 -0.00000 246.50044 -55.30218 -123.40402 -112.50788 62.35741 135.97660 -3.42571 -11.70195 -16.75552 -3.45449 -30.76161 -12.51173 -0.00000 0.00000 -0.00000 382.77810 -62.81207 346.53929 6.81743 40.70224 -18.24546 5.79992 -15.55106 21.61756 0.02252 2.66165 -0.96950 -5.90177 18.47439 9.23644 -5.94679 10.28657 9.98755 -4.54164 1.20538 4.54349 -3.46166 -9.86694 -6.28662 3.24921 -29.89099 -9.46524 2.75240 -7.28916 -5.04496 -0.00000 0.00000 0.00000 -27.06390 1.87061 -77.72242 15.26806 -3.70543 -27.13639 0.00000 -32.71660 0.00000 33.70867 -7.57980 -11.18433 -7.12502 -0.00000 0.00000 6.69293 -3.64207 16.57224 -0.00000 0.00000 0.00000 37.87078 9.61787 82.67613 -11.90360 -2.20658 20.93217 -0.00000 -18.51220 -0.00000 1.14962 -1.06250 317.26066 7.12502 -0.00000 -0.00000 24.72038 -11.44381 -428.31428
0.10882 0.66487 -0.47973 -304.36592 54.20671 258.86127 -0.00000 0.00000 -0.00000 243.73725 -55.85015 -124.61181 -90.50229 68.58323 111.88363 -3.56277 -15.80290 -15.08495 -4.06070 -32.97662 -13.65965 -0.00000 0.00000 -0.00000 384.51483 -58.37052 348.64786 9.19864 45.48530 -21.72726 2.36725 -2.34087 22.75748 1.00174 17.38724 -6.54435 -4.89897 18.99883 9.08931 -6.94430 9.29277 9.78419 -6.41522 0.23617 4.51574 -2.03122 -11.15311 -5.01563 5.13914 -27.91627 -7.14573 2.68656 -6.49059 -4.17962 0.00000 0.00000 -0.00000 -28.05326 2.75035 -68.70642 15.25571 -3.69912 -27.11320 0.00000 -31.42930 0.00000 34.15624 -7.35458 -10.68440 -7.12502 -0.00000 0.00000 7.06164 -3.75847 17.11399 0.00000 0.00000 -0.00000 29.13192 14.30868 83.06308 -14.94538 -3.54252 26.53168 -0.00000 -21.41870 -0.00000 4.37195 -3.88389 318.46031 7.12502 -0.00000 -0.00000 28.91986 -12.18389 -425.90702
0.10191 0.65489 -0.47007 -311.97508 55.75669 258.13073 -0.00000 0.00000 -0.00000 247.60701 -59.73992 -120.67376 -54.60357 69.22179 73.58844 -2.83386 -18.49076 -12.10594 -3.49387 -30.91351 -12.58855 -0.00000 0.00000 -0.00000 383.70463 -57.66048 349.63779 16.24878 54.65994 -30.88338 -2.02686 9.60198 16.89080 2.11873 24.72105 -9.64654 -3.15801 19.48507 8.38908 -7.43024 8.35405 9.07206 -8.03429 -0.72436 4.22472 0.85723 -11.10753 -3.00017 6.17953 -27.11320 -4.18487 2.19934 -6.40468 -3.05446 -0.00000 0.00000 0.00000 -30.68148 3.14922 -58.45280 15.49318 -3.82161 -27.55965 0.00000 -30.19400 0.00000 34.27453 -7.71142 -11.13871 -7.12502 -0.00000 0.00000 7.17886 -3.91359 16.54769 -0.00000 0.00000 0.00000 19.14533 18.37067 83.48270 -20.25194 -6.80737 36.83749 -0.00000 -22.12190 -0.00000 0.25678 -0.18109 324.80741 7.12502 -0.00000 -0.00000 24.72312 -7.94338 -421.70646
0.09381 0.64105 -0.46073 -322.65929 56.46211 259.49615 -0.00000 0.00000 -0.00000 257.64585 -66.13463 -109.96634 -35.96312 65.62355 53.44113 -1.66095 -20.33996 -8.52050 -2.35133 -25.92347 -10.19033 -0.00000 0.00000 -0.00000 383.05001 -58.45561 352.95026 35.49183 65.47753 -52.92342 -4.43332 17.33290 15.33315 1.36036 20.11305 -7.65964 -2.52634 19.85106 7.99334 -7.56673 7.64133 8.60295 -8.64846 -1.61839 3.98124 3.79151 -8.65029 -0.80867 7.11755 -25.70771 -0.80083 1.65114 -6.46400 -1.67432 0.00000 0.00000 -0.00000 -31.43644 5.11842 -46.81940 15.50757 -3.82911 -27.58675 0.00000 -31.84810 0.00000 34.92520 -8.39312 -11.80702 -7.12502 -0.00000 0.00000 7.75926 -4.39645 15.63849 0.00000 0.00000 -0.00000 13.89521 21.96814 82.84821 -25.70266 -11.78781 48.69374 -0.00000 -18.87540 -0.00000 -1.70172 1.17830 325.31050 7.12502 -0.00000 -0.00000 22.53698 -7.21578 -421.84044
0.08297 0.61702 -0.45609 -335.75901 56.32581 263.01840 -0.00000 0.00000 -0.00000 268.95831 -72.16076 -95.15997 -42.47540 67.31444 60.54184 -0.46250 -18.84368 -4.85526 -0.14682 -6.77745 -2.47913 -0.00000 0.00000 -0.00000 381.95837 -60.95116 354.97644 78.23177 69.78275 -98.76409 -6.67621 21.32373 18.30481 2.10078 24.62488 -9.60355 -1.42603 19.24569 7.36788 -7.34188 7.18723 8.09199 -8.85477 -1.77700 3.74908 5.20779 -5.28806 1.29024 8.51333 -22.01873 2.67203 1.49047 -5.88424 0.02750 -0.00000 0.00000 0.00000 -34.94836 7.22906 -34.21579 15.37770 -3.76175 -27.34238 0.00000 -32.98610 0.00000 34.87295 -8.28806 -11.68638 -7.12502 -0.00000 0.00000 7.71065 -4.34078 15.79386 -0.00000 0.00000 0.00000 12.61663 25.56530 81.36924 -29.40171 -16.63164 58.24599 -0.00000 -19.31370 -0.00000 0.05994 -0.03761 327.89202 7.12502 -0.00000 -0.00000 24.84979 -6.60281 -418.94374
0.06821 0.58727 -0.45156 -348.47417 54.53832 267.73848 -0.00000 0.00000 -0.00000 283.75935 -76.30915 -75.03698 -62.93835 69.84052 82.48261 -0.65140 -11.50185 -5.35113 -0.15829 7.03552 2.57453 -0.00000 0.00000 -0.00000 376.28798 -65.89489 350.21361 111.60377 62.78077 -134.95798 -7.45203 21.28635 21.27752 3.43789 30.69721 -12.47923 -0.75370 18.37199 6.08354 -6.50780 6.38625 6.76777 -8.00945 -2.46915 3.11599 4.72539 -1.08589 3.37701 9.78007 -16.57095 5.90621 1.69587 -4.95584 1.90208 -0.00000 0.00000 0.00000 -43.77303 5.83966 -20.82499 15.28554 -3.71438 -27.16920 0.00000 -30.90000 0.00000 34.37492 -8.49855 -12.19063 -7.12502 -0.00000 0.00000 7.30327 -4.19955 15.25663 -0.00000 0.00000 0.00000 13.35972 29.04459 78.78562 -31.72919 -20.76850 65.62921 -0.00000 -23.94780 -0.00000 3.28885 -1.95149 329.34903 7.12502 -0.00000 -0.00000 28.57513 -6.51577 -416.76898
0.04731 0.55427 -0.44590 -360.41234 51.31731 271.77419 -0.00000 0.00000 -0.00000 307.91897 -78.75119 -45.74768 -84.80184 69.28256 105.77573 -0.17279 -1.16570 -5.34697 -0.14534 6.74348 2.46658 -0.00000 0.00000 -0.00000 368.48279 -70.99394 340.24435 123.96409 54.45248 -149.37790 -9.70688 24.21958 23.84220 5.31668 36.88702 -15.85166 -1.79514 17.60012 5.35962 -5.24993 6.40239 5.84089 -5.77007 -2.46916 2.65406 3.70123 1.06551 5.45982 9.23844 -10.41424 8.34860 1.84147 -3.83046 3.56751 -0.00000 0.00000 -0.00000 -53.16840 1.39521 -9.88294 15.19194 -3.66662 -26.99354 0.00000 -28.42780 0.00000 34.12728 -9.44940 -13.61698 -7.12502 -0.00000 0.00000 7.15480 -4.40050 13.56505 -0.00000 0.00000 -0.00000 15.39016 30.00473 75.10765 -32.99022 -23.67341 70.57793 -0.00000 -24.26840 -0.00000 3.99436 -2.40609 328.98492 7.12502 -0.00000 -0.00000 29.33810 -6.80090 -416.89779
0.02214 0.51822 -0.43819 -370.86838 47.47741 275.94959 -0.00000 0.00000 -0.00000 330.00661 -79.65245 -19.35829 -104.13259 65.59418 126.66396 0.65761 9.12074 -3.21706 -0.45459 11.84779 4.37904 -0.00000 0.00000 -0.00000 358.52727 -75.28455 324.98740 128.21599 49.50804 -154.76857 -11.06909 25.90463 25.05972 6.96096 41.02938 -18.46482 -1.99453 16.63001 4.75274 -4.32690 7.52148 5.16123 -4.31216 -0.97409 2.31564 3.76354 1.59387 6.77394 8.17937 -5.93336 9.67713 1.55271 -2.36663 4.49332 0.00000 0.00000 -0.00000 -60.41067 -1.97803 -2.30102 15.71304 -3.93710 -27.97415 0.00000 -26.78420 0.00000 33.86333 -9.66333 -14.04408 -7.12502 -0.00000 0.00000 6.95371 -4.35498 13.09342 0.00000 0.00000 -0.00000 20.57540 28.80442 69.42745 -33.69645 -25.67884 73.93106 -0.00000 -21.77690 -0.00000 3.50991 -2.17180 328.29055 7.12502 -0.00000 -0.00000 28.75332 -7.06620 -417.63663
-0.00489 0.47853 -0.43000 -378.61441 44.00748 279.93799 -0.00000 0.00000 -0.00000 343.46149 -81.85868 -3.27295 -114.97411 61.08765 138.77672 1.07890 17.91288 -0.66352 -0.20154 7.93128 2.90658 -0.00000 0.00000 -0.00000 345.52856 -79.79032 306.22125 129.14429 48.17445 -156.00146 -8.39099 21.04587 25.41886 7.34471 41.87647 -19.04448 -1.06995 16.48818 4.02862 -2.99277 8.07980 4.46059 -3.22952 -0.41079 1.98500 3.39719 2.54527 7.01132 7.48120 -2.96754 9.74142 1.47707 -1.55415 4.65580 0.00000 0.00000 0.00000 -66.93328 -4.00897 2.80005 15.87614 -4.02408 -28.28239 0.00000 -24.43160 0.00000 33.74735 -10.07544 -14.67343 -7.12502 -0.00000 0.00000 6.88999 -4.44031 12.35204 0.00000 0.00000 0.00000 27.74775 27.89096 61.10881 -34.21290 -27.45271 76.87562 -0.00000 -19.05780 -0.00000 0.93598 -0.61087 326.87199 7.12502 -0.00000 -0.00000 25.73184 -7.22613 -419.62744
-0.03195 0.43766 -0.42019 -383.73327 38.43584 283.01271 -0.00000 0.00000 -0.00000 347.92914 -85.71610 5.04328 -119.89273 57.93336 144.48124 1.25958 15.82000 -2.35519 -0.02040 -2.53294 -0.92255 -0.00000 0.00000 -0.00000 320.29494 -81.61921 280.78687 128.46647 49.15905 -155.09880 -6.06591 16.39515 26.98455 6.26401 39.38381 -17.38532 -0.73915 16.71182 3.74018 -2.68350 8.29846 4.15984 -3.04220 -0.31454 1.84828 2.60146 4.06312 6.29464 7.45455 -2.09440 8.74730 1.60757 -1.55487 4.16540 -0.00000 0.00000 -0.00000 -71.73549 -4.03325 6.54996 16.08824 -4.13887 -28.68420 0.00000 -22.08250 0.00000 33.67738 -10.34861 -15.08739 -7.12502 -0.00000 0.00000 6.85483 -4.50092 11.86360 -0.00000 0.00000 -0.00000 37.21029 27.04495 50.07626 -34.66233 -29.39272 80.09173 -0.00000 -17.08060 -0.00000 -2.44261 1.74896 324.41729 7.12502 -0.00000 -0.00000 21.55392 -7.33103 -422.90275
-0.05663 0.39457 -0.40858 -386.89337 32.33521 284.32645 -0.00000 0.00000 -0.00000 210.98381 -88.51985 -129.31981 -116.55714 60.17258 140.59313 2.16585 13.44660 -8.95342 -1.53125 -21.26497 -8.14332 -0.00000 0.00000 -0.00000 315.48230 -81.11084 278.55052 128.48340 49.13519 -155.12118 -1.78005 8.49816 28.09975 7.93148 43.09983 -19.91315 0.35013 17.88459 4.02589 -3.01115 8.32756 4.65623 -4.15278 -0.72625 2.12644 0.82375 5.04169 4.83888 7.29251 -2.68614 6.78209 1.88586 -1.93948 3.17665 -0.00000 0.00000 -0.00000 -74.30998 0.22068 8.54495 15.47376 -3.81151 -27.52309 0.00000 -21.92990 0.00000 33.90864 -10.48058 -15.14219 -7.12502 -0.00000 0.00000 7.05045 -4.65061 11.75256 -0.00000 0.00000 -0.00000 48.55839 25.61598 36.96748 -34.98942 -31.32832 83.31521 -0.00000 -13.99150 -0.00000 -5.13659 3.93807 322.61971 7.12502 -0.00000 -0.00000 18.11088 -7.02005 -425.48980
-0.08233 0.35512 -0.39450 -388.53234 24.64719 283.77085 -0.00000 0.00000 -0.00000 191.05182 -84.61256 -146.33555 -98.66861 67.05752 120.69925 1.38524 8.53339 -11.71817 -3.31422 -30.21062 -12.23525 -0.00000 0.00000 -0.00000 307.08132 -78.02087 276.88071 132.51202 42.18290 -160.74153 6.03546 -8.11808 28.75559 8.56406 44.33120 -20.82843 0.56311 18.61815 5.05087 -4.24356 8.86215 5.92585 -5.80342 -0.22349 2.78277 -1.28812 3.04249 2.73555 6.45437 -2.02485 3.76110 2.15259 -1.31271 1.77734 0.00000 0.00000 -0.00000 -75.23735 7.99155 9.04269 14.58293 -3.36455 -25.85515 0.00000 -24.56420 0.00000 34.32483 -9.86628 -14.08774 -7.12502 -0.00000 0.00000 7.34337 -4.62661 12.95735 0.00000 0.00000 -0.00000 62.23060 22.94601 22.37344 -35.11796 -32.40676 85.12494 -0.00000 -9.85329 -0.00000 -8.95891 6.81413 323.03445 7.12502 -0.00000 -0.00000 13.76040 -5.47571 -426.28879
-0.10887 0.32963 -0.37748 -390.09575 15.97953 282.31977 -0.00000 0.00000 -0.00000 195.48183 -85.27768 -140.39382 -55.19458 69.28220 74.22044 -0.03738 1.16101 -8.15493 -4.82253 -35.44189 -15.01435 -0.00000 0.00000 -0.00000 291.74960 -67.27349 274.27710 135.15505 35.50986 -164.94703 8.34962 -8.42791 34.71631 7.42769 42.05459 -19.16858 -0.78518 18.38402 6.00875 -5.32433 9.26805 6.92429 -6.29950 0.44866 3.26901 -4.09726 1.94898 1.23066 4.75288 0.24020 1.56582 2.17692 -0.33236 0.75691 -0.00000 0.00000 -0.00000 -78.31870 14.27877 12.70960 14.79097 -3.46605 -26.24312 0.00000 -26.88430 0.00000 34.69247 -10.35626 -14.55764 -7.12502 -0.00000 0.00000 7.67301 -4.95901 12.31486 -0.00000 0.00000 -0.00000 76.92488 19.76313 7.66700 -34.94680 -31.02853 82.81419 -0.00000 -8.08864 -0.00000 -15.07031 11.06067 324.53055 7.12502 -0.00000 -0.00000 7.13240 -2.84019 -426.60296
-0.13226 0.32194 -0.35985 -393.62398 10.61348 281.41710 -0.00000 0.00000 -0.00000 303.60939 -85.19236 -39.57978 -21.29756 58.78599 36.91680 -0.13134 -5.87839 -2.35207 -5.44052 -37.23270 -16.05715 -0.00000 0.00000 -0.00000 286.22604 -52.29744 281.05883 136.10367 32.40072 -166.64470 9.19981 -2.90576 44.44447 5.78339 38.15826 -16.61787 -0.72610 17.19169 5.89967 -5.20465 9.76251 6.91442 -5.96545 1.56076 3.29342 -3.76356 2.28984 0.88627 2.64479 3.54236 1.03003 1.45816 0.67549 0.47189 -0.00000 0.00000 0.00000 -82.90296 16.33915 18.81158 15.58401 -3.86908 -27.73074 0.00000 -27.90790 0.00000 35.53923 -11.35457 -15.40907 -7.12502 -0.00000 0.00000 8.41216 -5.70394 11.09622 -0.00000 0.00000 0.00000 89.13101 14.63157 -2.32078 -33.55106 -25.23396 73.19014 -0.00000 -8.53038 -0.00000 -19.00293 16.06587 321.21518 7.12502 -0.00000 -0.00000 1.62057 -0.80642 -431.44859
-0.15143 0.33146 -0.34674 -398.38902 6.24457 282.21838 -0.00000 0.00000 -0.00000 332.49809 -72.23874 -24.83765 -9.79924 46.51052 22.56217 0.49993 -8.76267 2.20619 -4.12087 -33.18321 -13.76989 -0.00000 0.00000 -0.00000 285.08961 -42.27553 291.35343 136.27507 31.78134 -166.96731 8.38924 1.18253 49.90192 4.43461 34.22596 -14.33524 -1.06167 15.64340 4.60663 -4.64485 10.96620 5.29779 -4.73633 3.35457 2.45790 -2.38300 1.46928 1.13998 2.67939 7.96768 1.27453 1.30171 2.22212 0.58638 0.00000 0.00000 -0.00000 -86.09963 13.88098 23.23543 15.58760 -3.87096 -27.73752 0.00000 -28.11690 0.00000 34.33903 -10.18831 -14.51641 -7.12502 -0.00000 0.00000 7.37615 -4.74302 12.43220 0.00000 0.00000 -0.00000 97.35164 7.07838 -7.47711 -29.63559 -16.99818 58.92225 -0.00000 -10.78910 -0.00000 -14.93400 19.67143 308.39045 7.12502 -0.00000 -0.00000 1.53292 -1.24916 -444.16729
-0.17225 0.34895 -0.33709 -404.23819 1.85349 282.81629 -0.00000 0.00000 -0.00000 343.01243 -61.66097 -26.69948 -10.15504 47.08977 23.05026 -0.26987 -7.42458 -3.43078 -2.73319 -27.74197 -11.03618 -0.00000 0.00000 -0.00000 287.41961 -40.19718 302.88968 136.28478 31.74563 -166.98576 2.21859 6.60562 47.29874 3.96978 32.66021 -13.49190 0.16362 15.18701 3.06827 -4.83439 12.32673 3.41638 -5.42409 5.02032 1.59287 0.22469 2.46195 1.42202 2.30265 10.90209 1.51180 0.76982 3.03537 0.74080 0.00000 0.00000 -0.00000 -86.41593 10.72501 25.75549 14.12722 -3.14820 -25.00843 0.00000 -27.83350 0.00000 32.68605 -8.44647 -12.89398 -7.12502 -0.00000 0.00000 5.89545 -3.46306 14.67318 0.00000 0.00000 -0.00000 102.82116 -1.00033 -12.47451 -24.81214 -10.82952 46.62259 -0.00000 -26.42370 -0.00000 -9.61300 17.37458 299.56119 7.12502 -0.00000 -0.00000 -4.78206 4.47787 -268.02293
-0.19344 0.36680 -0.32836 -409.36361 -2.95329 281.84344 -0.00000 0.00000 -0.00000 350.93423 -60.09154 -20.61804 -24.03100 60.52250 40.08364 -0.77255 -4.46335 -8.83355 -3.36120 -30.39692 -12.32835 -0.00000 0.00000 -0.00000 292.73899 -43.90717 312.02404 136.22775 31.95433 -166.87768 -1.11283 8.34880 37.31757 3.28149 30.07974 -12.17007 1.79191 14.12967 1.51297 -5.04595 13.54684 1.51447 -6.51111 6.84279 0.79278 2.36085 4.81212 1.98839 -0.51040 12.62268 2.45493 -0.46475 3.26034 1.16615 0.00000 0.00000 -0.00000 -84.94411 2.90653 25.84520 10.88318 -1.83520 -19.08822 0.00000 -21.80560 0.00000 28.24779 -6.76990 -12.37516 -7.12502 -0.00000 0.00000 2.04019 -1.13580 15.90662 0.00000 0.00000 -0.00000 104.21982 -6.49489 -18.39458 -20.53429 -7.01955 37.41240 -0.00000 -37.04350 -0.00000 -6.73555 14.54005 295.19324 7.12502 -0.00000 -0.00000 -7.89778 6.48510 -264.15185
-0.20219 0.38699 -0.32185 -412.64049 -7.71001 278.43651 -0.00000 0.00000 -0.00000 366.91887 -60.36194 -3.81129 -65.90000 69.94648 85.63638 -1.02017 -2.64025 -13.20535 -3.83590 -32.18462 -13.24220 -0.00000 0.00000 -0.00000 317.76789 -55.28689 329.20576 134.78069 36.61075 -164.31109 0.01178 3.02061 17.23314 2.62212 27.23108 -10.79555 3.14017 13.03386 0.35396 -5.03086 13.79229 0.07384 -7.30836 7.56704 0.21253 3.54846 6.58577 2.94804 -4.84119 14.85660 4.15446 -2.02618 3.91968 1.86532 0.00000 0.00000 -0.00000 -80.90480 -12.09158 24.76067 6.89562 -0.72577 -12.00234 0.00000 -5.18099 0.00000 25.75546 -5.06187 -10.36363 -7.12502 -0.00000 0.00000 -0.30263 0.15116 18.45830 0.00000 0.00000 -0.00000 101.22687 -13.19738 -23.87874 -16.75473 -4.51212 29.95420 -0.00000 -32.01400 -0.00000 -5.38352 9.29001 300.27472 7.12502 -0.00000 -0.00000 11.01523 -10.66332 -88.54886
-0.20931 0.39923 -0.31664 -414.53848 -13.43516 273.83205 -0.00000 0.00000 -0.00000 390.52674 -56.96191 19.78553 -111.49453 62.83052 134.83516 -0.92656 1.91913 -23.62475 -4.52542 -34.51756 -14.49610 -0.00000 0.00000 -0.00000 351.02564 -58.88725 355.81669 128.87135 48.57821 -155.63634 0.08690 0.28826 6.40785 2.67985 27.49834 -10.92113 2.33849 12.79908 -0.11041 -5.50687 13.74992 -0.62303 -7.39734 7.53354 -0.19505 4.66568 6.52413 3.62204 -7.99215 16.82961 5.50312 -2.92046 4.28991 2.38746 -0.00000 0.00000 -0.00000 -79.38327 -20.85176 23.42887 5.84280 -0.51962 -10.15559 0.00000 10.59220 -0.00000 31.19477 -5.94666 -9.70948 -7.12502 -0.00000 0.00000 4.44245 -2.20668 18.63660 -0.00000 0.00000 -0.00000 96.01163 -19.51951 -26.60943 -14.38824 -3.27111 25.49290 -0.00000 -27.26790 -0.00000 -7.01866 9.29394 307.31921 7.12502 -0.00000 -0.00000 11.49156 -8.76285 -81.84657
-0.21933 0.39759 -0.31074 -415.70058 -19.59925 270.25140 -0.00000 0.00000 -0.00000 415.84695 -45.74777 39.33842 -128.72460 48.79119 155.44095 1.28520 8.69830 -38.17655 -5.03840 -36.08664 -15.38369 -0.00000 0.00000 -0.00000 365.48435 -56.17418 367.68680 111.89017 62.64893 -135.28023 -0.02555 1.27037 5.65603 1.84478 23.19376 -8.97195 0.60291 13.19253 -0.37482 -6.18641 13.60413 -1.13470 -7.14420 7.07440 -0.59886 4.77793 6.02937 3.67609 -8.85812 16.65774 5.70009 -3.18434 4.34760 2.45907 -0.00000 0.00000 -0.00000 -83.25929 -13.69516 19.42335 8.37210 -1.07490 -14.60708 0.00000 7.21668 -0.00000 41.13259 -11.70086 -13.07294 -7.12502 -0.00000 0.00000 12.96005 -8.30729 12.87870 -0.00000 0.00000 -0.00000 92.63019 -20.36197 -27.35628 -13.78620 -2.99162 24.37751 -0.00000 -22.09110 -0.00000 -7.42422 10.16801 306.43242 7.12502 -0.00000 -0.00000 10.61054 -8.41235 -82.98744
-0.22907 0.39006 -0.30553 -415.04229 -24.88673 268.13171 -0.00000 0.00000 -0.00000 435.19775 -30.00578 44.20919 -133.84901 39.10272 162.79333 16.13757 21.82013 -53.14026 -3.60846 -31.34876 -12.81018 -0.00000 0.00000 -0.00000 371.16741 -52.99039 370.75678 66.86901 69.96882 -86.66784 -0.05903 1.57886 3.79631 1.66468 22.11238 -8.50436 -0.22246 12.36556 -0.14745 -6.81706 13.01926 -0.80321 -7.32763 6.90606 -0.45460 5.10495 5.52251 3.15785 -8.97933 16.24190 5.02748 -3.31426 4.26662 2.16426 -0.00000 0.00000 0.00000 -83.75913 -5.54000 13.26614 13.35848 -2.80158 -23.58930 0.00000 -3.61506 0.00000 44.39561 -18.68265 -18.11584 -7.12502 -0.00000 0.00000 15.24947 -13.24039 4.96539 -0.00000 0.00000 0.00000 91.07190 -20.20060 -29.92981 -14.46049 -3.30561 25.62724 -0.00000 -26.45210 -0.00000 -9.63732 11.80122 309.70235 7.12502 -0.00000 -0.00000 8.92055 -6.42556 -80.48826
-0.23771 0.37948 -0.30290 -411.91476 -28.85397 267.92931 -0.00000 0.00000 -0.00000 435.90571 -24.52259 39.96896 -133.98926 38.74794 163.01655 54.11727 43.11068 -60.77941 -0.00048 0.38725 0.14095 -0.00000 0.00000 -0.00000 375.11151 -50.09469 372.34798 23.97340 60.48877 -40.01746 -0.18473 7.13711 0.38507 2.28595 25.59340 -10.03989 -0.94314 10.30505 0.54171 -7.30844 12.04256 0.27876 -7.36661 7.07781 0.10081 5.32759 4.27868 2.18357 -7.29264 15.65493 3.49733 -2.91206 4.17344 1.52271 0.00000 0.00000 -0.00000 -80.84162 0.51236 4.24176 18.94357 -5.87890 -34.21414 0.00000 -10.06050 0.00000 44.13567 -20.79457 -20.09729 -7.12502 -0.00000 0.00000 14.91547 -14.27648 2.20680 0.00000 0.00000 -0.00000 92.16735 -16.10225 -32.70605 -14.53712 -3.34243 25.76984 -0.00000 -30.47730 -0.00000 -9.16487 10.51233 311.48591 7.12502 -0.00000 -0.00000 10.17572 -6.79047 -78.37471
-0.24610 0.36572 -0.29993 -407.08310 -31.76802 270.39325 -0.00000 0.00000 -0.00000 461.29876 1.31713 -136.91381 -133.53903 -39.86380 197.69415 93.61492 -10.81939 -99.18388 -3.85297 32.24590 13.27421 -0.00000 0.00000 -0.00000 377.05825 -47.40527 373.45280 8.84263 44.84730 -21.22524 2.34745 11.55307 -12.78295 10.85897 48.17934 -24.00293 -2.03422 8.72778 0.89221 -7.24975 10.90723 0.84782 -6.57915 6.72762 0.33516 4.29903 2.06434 0.84046 -4.15496 13.82477 1.26287 -2.08145 4.25966 0.55206 -0.00000 0.00000 -0.00000 -77.06408 5.79141 -6.49661 24.06398 -10.07354 -44.93103 0.00000 -11.56790 0.00000 42.39985 -20.37124 -20.86794 -7.12502 -0.00000 0.00000 13.68937 -13.19928 1.84948 -0.00000 0.00000 -0.00000 93.35083 -13.65437 -35.02937 -14.51235 -3.33050 25.72374 -0.00000 -35.81970 -0.00000 -9.78302 10.37785 313.74656 7.12502 -0.00000 -0.00000 10.16643 -6.24075 -76.22433
-0.25493 0.35236 -0.29471 -401.28272 -32.37772 274.87914 -0.00000 0.00000 -0.00000 441.66656 -19.22963 39.91831 -135.36456 34.86503 165.31060 74.08947 32.36074 -80.79457 -2.63495 27.29080 10.82355 -0.00000 0.00000 -0.00000 379.23763 -45.06217 377.79560 4.27878 33.71507 -14.05636 2.93695 5.69214 -20.37327 18.18787 56.41221 -33.23489 -1.00604 8.40174 0.53656 -6.35148 9.83351 0.45154 -6.16536 5.67076 0.20560 2.84535 -0.65674 -0.60247 -2.29932 10.12416 -0.82907 -1.29965 3.35590 -0.43828 -0.00000 0.00000 -0.00000 -71.49065 12.23051 -17.47465 28.28362 -14.99375 -55.15581 0.00000 -10.80180 0.00000 38.67275 -20.56055 -23.69153 -7.12502 -0.00000 0.00000 11.06364 -11.47375 -0.49178 -0.00000 0.00000 -0.00000 93.41523 -14.05649 -37.42954 -15.19114 -3.66621 26.99203 -0.00000 -39.36540 -0.00000 -10.14161 10.08072 315.62180 7.12502 -0.00000 -0.00000 10.33014 -5.89188 -74.38695
-0.26145 0.34376 -0.28641 -395.93967 -31.76913 278.24624 -0.00000 0.00000 -0.00000 450.30279 -12.52700 41.84202 -136.44318 31.15382 167.28935 -19.00273 14.80604 -83.03375 -0.31990 9.96714 3.66729 -0.00000 0.00000 -0.00000 382.26278 -42.65143 387.56188 3.45906 30.77932 -12.52067 3.29218 9.45827 -17.92727 13.26679 51.42696 -27.15362 0.68090 8.23663 -0.29455 -4.92380 9.54459 -0.59350 -5.61612 5.32843 -0.24435 1.92718 -2.91697 -1.17338 -3.02586 4.90546 -1.52471 -1.35062 2.00082 -0.80715 0.00000 0.00000 0.00000 -63.91354 15.65709 -28.62506 31.34533 -19.99827 -64.29038 0.00000 -9.50068 0.00000 34.61691 -21.89338 -28.37703 -7.12502 -0.00000 0.00000 8.43217 -10.16137 -4.96077 0.00000 0.00000 0.00000 90.98774 -14.87648 -37.86749 -15.51286 -3.83187 27.59670 -0.00000 -38.78340 -0.00000 -8.73169 7.79557 318.55108 7.12502 -0.00000 -0.00000 12.90166 -6.36042 -70.81012
-0.26905 0.34619 -0.27391 -390.92310 -31.00709 280.02317 -0.00000 0.00000 -0.00000 450.66882 -11.66017 43.26828 -136.52374 30.84573 167.44576 -37.49127 13.80531 -85.77960 -0.37696 10.80658 3.98379 -0.00000 0.00000 -0.00000 385.71099 -43.22476 396.89648 3.66233 31.55003 -12.91343 3.80731 17.07816 -15.32197 9.09804 45.30739 -21.58596 2.20130 8.22726 -1.31966 -3.33739 9.02967 -1.92235 -4.79934 4.64202 -0.87484 1.36049 -3.78567 -0.85867 -4.58239 1.78726 -1.10593 -1.69815 1.16551 -0.62445 -0.00000 0.00000 -0.00000 -55.44319 15.75747 -37.79811 33.13140 -24.04607 -71.20394 0.00000 -8.36425 0.00000 28.74932 -23.39929 -35.90095 -7.12502 -0.00000 0.00000 5.18932 -7.99270 -11.84921 -0.00000 0.00000 -0.00000 85.08328 -18.22048 -37.44907 -15.48807 -3.81895 27.55003 -0.00000 -34.22140 -0.00000 -6.48085 5.00305 322.48643 7.12502 -0.00000 -0.00000 16.51528 -6.55515 -66.05764
-0.27793 0.36289 -0.26038 -387.37791 -31.87168 279.86115 -0.00000 0.00000 -0.00000 445.55084 -9.51535 45.20737 -136.34196 31.53409 167.09476 -22.76874 13.53364 -82.42804 -0.79489 15.55512 5.81490 -0.00000 0.00000 -0.00000 388.38516 -46.94545 402.76139 5.11124 36.29940 -15.50705 1.56402 13.49950 -8.98122 6.43314 39.79674 -17.65071 2.41055 7.87452 -2.38148 -1.91598 8.81812 -3.38197 -3.45178 4.53316 -1.64082 1.07810 -2.73005 -0.04445 -7.23786 0.56552 -0.05165 -2.47045 0.64445 -0.11369 0.00000 0.00000 0.00000 -47.21554 13.38034 -44.87914 33.60390 -25.39341 -73.45584 0.00000 -7.12356 0.00000 25.38294 -22.25916 -38.60237 -7.12502 -0.00000 0.00000 3.36291 -5.53122 -13.63220 0.00000 0.00000 0.00000 77.50147 -20.86551 -36.53097 -15.26271 -3.70269 27.12634 -0.00000 -28.99010 -0.00000 -3.94715 2.51217 327.57458 7.12502 -0.00000 -0.00000 20.31779 -5.82758 -60.33490
-0.29072 0.38771 -0.24634 -386.39300 -35.15257 278.72005 -0.00000 0.00000 -0.00000 431.07786 -11.98710 45.62820 -135.51525 34.38753 165.57578 25.37391 22.07108 -74.60399 -2.14347 24.85277 9.70555 -0.00000 0.00000 -0.00000 388.39926 -51.51806 404.39259 9.78688 46.49004 -22.54514 0.43520 11.42229 -4.28404 5.05360 36.13122 -15.40947 0.71408 8.26853 -3.88190 -0.95056 8.82495 -5.54106 -1.51064 4.40908 -2.86399 0.71086 -0.50987 1.46325 -10.92576 1.76080 2.01897 -3.63224 0.78333 0.87128 -0.00000 0.00000 -0.00000 -39.65881 10.49020 -47.05442 33.03071 -23.77904 -70.75554 0.00000 -7.00949 0.00000 25.17948 -20.34908 -36.48924 -7.12502 -0.00000 0.00000 2.90175 -4.31860 -11.05427 -0.00000 0.00000 -0.00000 69.68106 -20.66416 -34.95630 -14.78477 -3.46300 26.23155 -0.00000 -24.83850 -0.00000 -2.45063 1.45062 329.39503 7.12502 -0.00000 -0.00000 22.22184 -5.50632 -58.21781
-0.31191 0.41376 -0.23039 -386.60602 -37.51320 277.12116 -0.00000 0.00000 -0.00000 418.90986 -14.10580 43.83810 -134.37239 37.74333 163.63544 39.51279 29.93161 -66.40681 -3.23281 29.88340 12.07266 -0.00000 0.00000 -0.00000 390.98830 -56.19220 410.05195 25.11777 61.13821 -41.32821 -0.10673 7.86184 -0.54313 5.28786 36.80566 -15.80359 0.33176 8.50976 -5.57672 0.04819 8.92903 -7.92839 -0.30088 4.53354 -4.13290 0.38858 0.79279 3.14053 -15.53364 4.04974 4.51389 -4.63599 1.41955 1.93102 0.00000 0.00000 0.00000 -32.24958 8.76334 -45.90818 31.28098 -19.87323 -64.07174 0.00000 -6.96076 0.00000 24.29381 -17.48453 -33.64817 -7.12502 -0.00000 0.00000 1.79693 -2.33845 -7.44359 0.00000 0.00000 0.00000 61.00511 -21.44187 -31.66559 -13.50687 -2.86672 23.86239 -0.00000 -19.68920 -0.00000 -1.20448 0.70145 329.78937 7.12502 -0.00000 -0.00000 23.64125 -5.58323 -57.53062
-0.34012 0.43666 -0.21592 -386.74616 -38.63664 274.22260 -0.00000 0.00000 -0.00000 413.46372 -13.30964 42.41753 -133.36115 40.28692 162.02955 35.65833 31.17390 -60.37513 -2.53574 26.82388 10.60546 -0.00000 0.00000 -0.00000 399.36039 -60.33855 423.08522 72.41022 69.98153 -92.56500 -0.34363 4.59536 4.98091 5.58328 37.62357 -16.29204 1.20169 7.55084 -6.65508 0.24105 9.92564 -9.51190 -0.93971 6.01570 -4.89001 2.24734 0.30489 4.15997 -20.59285 4.43840 6.08861 -6.47291 1.94791 2.54307 -0.00000 0.00000 -0.00000 -23.42268 8.12936 -43.17504 28.82433 -15.76348 -56.62273 0.00000 -6.34468 0.00000 20.63387 -13.14052 -31.12126 -7.12502 -0.00000 0.00000 -1.44336 1.63396 -3.53432 -0.00000 0.00000 -0.00000 53.12933 -28.38476 -26.42096 -11.96204 -2.22899 21.03825 -0.00000 -12.95050 -0.00000 1.21312 -0.77193 327.53517 7.12502 -0.00000 -0.00000 26.11071 -6.99137 -58.94689
-0.36621 0.45471 -0.20486 -385.80475 -39.38489 271.40606 -0.00000 0.00000 -0.00000 412.13874 -14.24634 42.21241 -132.78563 41.59313 161.15132 10.75058 18.61679 -47.22634 -0.01946 -2.47393 -0.90103 -0.00000 0.00000 -0.00000 409.01163 -65.53412 437.73198 115.67243 60.69441 -139.57598 0.18963 0.12058 8.52785 5.41315 37.15684 -16.01187 1.37427 7.46549 -7.24049 0.28529 10.48147 -10.41294 -1.16360 6.62968 -5.34135 1.67685 0.02918 5.51656 -22.20822 3.57432 7.85234 -6.84987 2.00136 3.39028 0.00000 0.00000 0.00000 -19.71572 10.07575 -37.87559 26.86943 -13.15073 -51.51911 0.00000 -5.67922 0.00000 17.54222 -10.38883 -29.70299 -7.12502 -0.00000 0.00000 -4.17644 4.37580 -1.25680 0.00000 0.00000 0.00000 48.12371 -34.69167 -21.03272 -10.67148 -1.76276 18.70749 -0.00000 -6.96634 -0.00000 0.21633 -0.16790 322.18432 7.12502 -0.00000 -0.00000 24.32893 -9.02337 -64.13109
-0.38534 0.47185 -0.19813 -384.48514 -39.82165 269.81739 -0.00000 0.00000 -0.00000 405.61468 -21.37607 40.95938 -130.21982 46.47893 157.46410 0.47948 5.35958 -23.48384 -0.70913 -14.71837 -5.48646 -0.00000 0.00000 -0.00000 411.28106 -74.99622 444.53586 129.01698 48.36404 -155.83086 0.37403 -0.31177 10.66010 6.57218 40.12947 -17.86718 0.77170 9.09141 -7.39358 0.42663 11.52992 -10.80488 -0.65805 7.03008 -5.63926 1.85055 -1.14732 6.49125 -23.16875 1.69667 8.94284 -7.17254 1.86215 3.97614 -0.00000 0.00000 -0.00000 -21.72412 11.21108 -32.92681 25.24820 -11.29048 -47.62841 0.00000 -6.27636 0.00000 18.09603 -9.14051 -25.92602 -7.12502 -0.00000 0.00000 -4.53718 4.14505 2.67060 -0.00000 0.00000 -0.00000 50.16505 -32.97876 -14.98295 -10.69308 -1.77008 18.74631 -0.00000 -6.62674 -0.00000 -3.18001 3.30239 313.96369 7.12502 -0.00000 -0.00000 18.56377 -10.41091 -73.28396
-0.40424 0.47706 -0.19083 -381.61107 -38.83860 268.58157 -0.00000 0.00000 -0.00000 395.91875 -29.86971 34.78048 -121.62302 56.57085 146.53831 -0.36764 0.52246 -12.87253 -0.15893 -7.04966 -2.57977 -0.00000 0.00000 -0.00000 417.54651 -87.07117 453.77056 133.04409 41.01797 -161.54287 -0.26376 3.72209 15.25931 7.01454 41.15003 -18.54634 0.95458 11.60991 -7.17381 0.18408 11.79299 -10.50088 -0.61833 5.91281 -5.52004 1.49925 -1.50824 7.24230 -22.56644 -0.11433 9.66105 -6.95483 1.45273 4.46601 -0.00000 0.00000 -0.00000 -28.30048 11.07859 -27.27952 23.48286 -9.51494 -43.64423 0.00000 -6.29137 0.00000 20.42254 -8.79790 -22.33160 -7.12502 -0.00000 0.00000 -3.30762 2.67332 6.09510 -0.00000 0.00000 -0.00000 53.32275 -26.65263 -9.91379 -10.80888 -1.80960 18.95453 -0.00000 -6.58006 -0.00000 -7.08758 9.01553 308.43048 7.12502 -0.00000 -0.00000 11.80079 -8.63621 -80.70580
-0.42420 0.47449 -0.18462 -376.70706 -36.43766 267.42083 -0.00000 0.00000 -0.00000 389.51629 -35.80875 26.85497 -98.19996 67.16465 120.19055 -0.23124 1.13465 -12.68648 -0.24223 -8.68754 -3.18811 -0.00000 0.00000 -0.00000 240.39710 -86.68808 273.79427 133.25907 40.52547 -161.87206 1.84086 0.14527 25.11965 6.45617 39.85225 -17.68666 0.98501 12.74411 -6.27106 -0.06586 11.58347 -9.21045 -0.65921 5.03796 -4.86945 1.35881 -0.82138 7.83189 -22.44081 -1.70716 10.14395 -6.99312 0.93130 4.87716 0.00000 0.00000 -0.00000 -37.54187 9.20348 -21.58610 21.58788 -7.85061 -39.58854 0.00000 -4.87267 0.00000 22.22295 -7.88724 -18.56579 -7.12502 -0.00000 0.00000 -2.40980 1.69628 9.87788 0.00000 0.00000 -0.00000 55.15347 -21.12793 -5.28293 -11.51162 -2.05953 20.22207 -0.00000 -0.75399 -0.00000 -7.45859 9.47354 308.49890 7.12502 -0.00000 -0.00000 11.33284 -8.31208 -80.80383
-0.44522 0.46298 -0.17797 -372.52899 -33.64370 266.24382 -0.00000 0.00000 -0.00000 386.73109 -39.21039 18.75119 -56.90750 69.44245 76.05080 0.01889 1.14225 -5.24023 -0.17991 -7.49713 -2.74546 -0.00000 0.00000 -0.00000 221.22692 -78.78260 248.69010 134.25394 38.05964 -163.44262 4.83959 -3.88427 30.76021 8.03548 43.30824 -20.06506 -0.25898 14.03985 -4.86026 -0.50456 11.25421 -7.36440 -0.24554 4.08582 -4.00866 1.72590 0.08034 8.28377 -22.28502 -2.11814 10.67778 -7.06818 0.74196 5.24862 -0.00000 0.00000 0.00000 -46.13534 7.97840 -16.34623 19.76624 -6.45236 -35.85606 0.00000 -3.74780 0.00000 24.19091 -6.12977 -13.37100 -7.12502 -0.00000 0.00000 -1.38836 0.79216 15.29760 -0.00000 0.00000 0.00000 55.75953 -14.11704 -1.51845 -14.15172 -3.15962 25.05384 -0.00000 -10.38760 -0.00000 -7.58262 8.88364 310.76187 7.12502 -0.00000 -0.00000 11.96111 -8.04983 -78.46532
-0.46367 0.45300 -0.17518 -370.64591 -30.38485 265.12369 -0.00000 0.00000 -0.00000 384.62939 -40.27255 9.18631 -26.44687 61.84075 42.84070 0.18585 -2.93724 5.29381 -0.09053 -5.32839 -1.94536 -0.00000 0.00000 -0.00000 214.85282 -70.54721 236.79401 135.34507 34.92593 -165.27653 3.13318 -0.60450 30.19466 8.72378 44.62897 -21.05639 -1.21606 16.27666 -3.35392 -1.39983 11.77229 -5.55616 -0.59707 3.45514 -3.16383 2.51503 0.83282 8.45975 -21.79273 -3.33756 10.72350 -7.15557 0.29638 5.42032 -0.00000 0.00000 -0.00000 -52.71899 7.82641 -13.12704 18.06921 -5.30608 -32.49476 0.00000 -5.77923 0.00000 24.97653 -4.68215 -9.93955 -7.12502 -0.00000 0.00000 -1.02537 0.50008 19.00397 -0.00000 0.00000 -0.00000 55.11489 -11.25300 3.70626 -17.44672 -4.92030 31.28540 -0.00000 -16.66990 -0.00000 -10.00428 8.79175 319.09301 7.12502 -0.00000 -0.00000 11.52961 -5.63176 -70.69099
-0.47878 0.44363 -0.17304 -370.34158 -26.82959 264.35840 -0.00000 0.00000 -0.00000 383.20223 -41.03100 0.03306 -13.27863 51.44134 27.16876 0.79153 -5.97396 11.21857 -0.34101 -10.28615 -3.78736 -0.00000 0.00000 -0.00000 219.54807 -66.20484 237.37484 135.90356 33.09960 -166.27479 2.26563 1.69104 31.71262 8.96250 45.06476 -21.39490 -1.10156 18.32911 -1.80533 -2.89596 12.92891 -3.68577 -2.36912 3.55256 -2.22468 3.97951 1.13691 8.52995 -21.26711 -3.66238 10.86285 -7.26854 0.22883 5.54363 -0.00000 0.00000 -0.00000 -57.76530 8.94666 -12.81649 16.02378 -4.10378 -28.56196 0.00000 -11.74170 0.00000 25.14096 -4.12902 -8.72250 -7.12502 -0.00000 0.00000 -0.97344 0.44701 20.33730 -0.00000 0.00000 -0.00000 52.21940 -11.55243 10.95387 -20.07281 -6.67498 36.47443 -0.00000 -14.77970 -0.00000 -14.05584 9.89766 325.52817 7.12502 -0.00000 -0.00000 8.53982 -3.17446 -65.24293
-0.49151 0.43127 -0.16980 -369.81670 -23.20958 263.97342 -0.00000 0.00000 -0.00000 383.39973 -46.19718 -3.91865 -8.13819 43.51168 20.21451 0.40606 -4.09194 11.60872 -0.97300 -17.14617 -6.44751 -0.00000 0.00000 -0.00000 228.76869 -62.35372 242.70236 136.36530 31.44707 -167.13945 3.57969 1.20441 36.37471 9.31156 45.68282 -21.88535 -1.09277 19.48999 -0.27867 -4.62116 13.48837 -1.80182 -4.39912 3.60338 -1.24403 5.16783 1.23111 8.94997 -20.43702 -2.97468 11.64741 -7.15914 0.53044 5.91626 -0.00000 0.00000 -0.00000 -62.50260 10.71751 -12.83700 13.88327 -3.03573 -24.55687 0.00000 -17.41070 0.00000 26.38498 -3.91549 -7.83749 -7.12502 -0.00000 0.00000 0.07804 -0.03438 21.22412 -0.00000 0.00000 -0.00000 47.67869 -13.42033 20.12680 -22.58551 -8.69812 41.69880 -0.00000 -17.54720 -0.00000 -18.44391 11.60422 328.90433 7.12502 -0.00000 -0.00000 4.48761 -1.44853 -62.85324
-0.50492 0.41795 -0.16964 -370.37149 -19.95337 263.88601 -0.00000 0.00000 -0.00000 381.74655 -56.08264 -3.06357 -6.60448 40.20592 17.91726 0.58704 -5.41190 8.31930 -0.46296 -11.95413 -4.41958 -0.00000 0.00000 -0.00000 237.91872 -57.01135 248.40542 136.89333 29.36507 -168.18253 4.44888 1.27379 39.72648 9.55649 46.10356 -22.22645 -1.67524 20.69116 1.05957 -6.51168 13.82660 -0.31393 -6.33341 3.51294 -0.49335 5.88832 1.21143 9.64565 -19.29898 -2.80466 12.68325 -6.89243 0.68793 6.43123 -0.00000 0.00000 0.00000 -67.14560 11.17877 -12.14557 12.22777 -2.33240 -21.52122 0.00000 -20.81670 0.00000 25.98295 -3.26130 -6.65796 -7.12502 -0.00000 0.00000 -0.35028 0.14460 22.56924 -0.00000 0.00000 0.00000 43.54787 -16.62329 31.13233 -24.91260 -10.93435 46.85295 -0.00000 -17.48710 -0.00000 -21.35256 11.60882 332.76378 7.12502 -0.00000 -0.00000 2.23686 -0.57416 -59.38879
-0.51759 0.40489 -0.17297 -371.29531 -15.70177 263.83194 -0.00000 0.00000 -0.00000 379.72623 -69.25419 2.08947 -7.25207 41.67555 18.90543 0.32227 -4.65791 4.37727 -0.80397 -15.64075 -5.84867 -0.00000 0.00000 -0.00000 246.17366 -52.86481 252.64168 137.32190 27.49031 -169.08265 5.03284 1.59523 42.36206 9.09426 45.30067 -21.58064 -1.71406 22.21942 2.66268 -8.38499 13.85979 1.53937 -8.72625 3.11370 0.48610 6.91367 0.58106 10.03672 -17.69318 -2.73033 13.26764 -6.49962 0.83612 6.68981 0.00000 0.00000 -0.00000 -70.04394 11.76298 -11.68437 11.17530 -1.93774 -19.61459 0.00000 -22.25580 0.00000 26.44577 -3.97179 -7.92772 -7.12502 -0.00000 0.00000 0.13784 -0.06103 21.11847 0.00000 0.00000 -0.00000 41.92172 -20.77028 42.48919 -27.16636 -13.51908 52.26149 -0.00000 -16.97720 -0.00000 -20.38930 10.06825 334.81011 7.12502 -0.00000 -0.00000 3.70466 -0.78348 -56.92466
-0.52693 0.39502 -0.18071 -371.86843 -9.46875 264.22803 -0.00000 0.00000 -0.00000 375.90323 -83.06915 5.95549 -9.63613 46.23817 22.33685 0.65516 -7.23854 5.21275 -0.59423 -13.50583 -5.01524 -0.00000 0.00000 -0.00000 258.93918 -55.87736 257.40287 137.44757 26.90322 -169.35762 7.33844 -1.70761 42.06989 8.89723 44.94669 -21.30260 0.19605 23.71285 4.42872 -10.46780 13.42707 3.95781 -12.78086 2.73438 1.92273 10.03139 -0.71423 9.85944 -15.92996 -2.35135 13.06840 -6.34877 1.19615 6.51550 -0.00000 0.00000 0.00000 -69.08465 13.35277 -12.28353 10.84010 -1.82033 -19.01070 0.00000 -21.86850 0.00000 24.88227 -6.12205 -12.94935 -7.12502 -0.00000 0.00000 -0.83140 0.46699 15.67979 -0.00000 0.00000 0.00000 41.82398 -23.43889 50.10737 -29.47746 -16.74938 58.46377 -0.00000 -19.44550 -0.00000 -19.88365 9.76913 334.86637 7.12502 -0.00000 -0.00000 4.25334 -0.88691 -56.75706
-0.53430 0.38952 -0.19290 -371.90176 -2.20890 266.17520 -0.00000 0.00000 -0.00000 223.45576 -83.90988 -137.92760 -14.41952 52.76542 28.61441 1.01314 -9.41492 5.90172 -2.27769 -25.55129 -10.02076 -0.00000 0.00000 -0.00000 274.40682 -71.08311 262.43904 137.31527 27.52076 -169.06831 8.81863 -8.35997 35.94041 9.03350 45.19228 -21.49508 1.79781 24.61136 5.92838 -12.33257 12.51063 6.13929 -15.68516 1.74164 3.13760 12.73993 -1.63594 9.44576 -13.59775 -1.99290 12.43234 -6.00106 1.35540 6.15536 0.00000 0.00000 0.00000 -65.72255 13.42036 -14.82257 9.91031 -1.51517 -17.34334 0.00000 -15.07830 0.00000 27.04882 -11.79054 -21.81056 -7.12502 -0.00000 0.00000 2.05412 -1.70407 5.33764 0.00000 0.00000 0.00000 40.25737 -23.59194 53.53188 -31.48583 -20.27521 64.77332 -0.00000 -21.58030 -0.00000 -19.80282 9.15285 336.16596 7.12502 -0.00000 -0.00000 4.58568 -0.83737 -55.32647
-0.54165 0.39202 -0.20948 -371.98662 5.98597 269.62928 -0.00000 0.00000 -0.00000 226.40266 -74.37446 -128.38291 -20.94662 58.54123 36.50593 0.41523 -8.39081 1.74971 -2.30423 -25.68629 -10.08214 -0.00000 0.00000 -0.00000 365.71249 -87.28820 341.33716 136.83222 29.61796 -168.05839 8.30401 -16.16699 27.44695 9.25037 45.57606 -21.79974 1.31131 24.35326 7.32259 -12.66294 10.97812 7.84203 -16.24392 0.74347 3.94087 13.84106 -1.41178 8.89621 -10.04656 -1.63209 11.68661 -5.09950 1.14739 5.79343 0.00000 0.00000 0.00000 -62.19715 8.85881 -17.26416 9.25570 -1.31809 -16.17574 0.00000 -11.33140 0.00000 29.55308 -19.05342 -29.93129 -7.12502 -0.00000 0.00000 5.04429 -6.01705 -4.90087 0.00000 0.00000 0.00000 37.49312 -20.18908 53.88177 -32.93377 -23.52767 70.33267 -0.00000 -19.61590 -0.00000 -19.75971 7.72977 339.47324 7.12502 -0.00000 -0.00000 5.18214 -0.61615 -51.76212
-0.54879 0.40385 -0.22874 -372.41982 15.71334 274.40992 -0.00000 0.00000 -0.00000 236.42347 -68.30253 -113.18980 -29.83750 63.41388 46.65816 -0.40529 -5.34555 -5.03624 -1.53408 -21.28338 -8.15112 -0.00000 0.00000 -0.00000 467.57479 -72.96017 431.61422 135.90196 33.10508 -166.27187 5.30695 -19.01278 18.61549 9.98974 46.82314 -22.82407 0.39630 22.25654 8.17864 -11.07541 9.67332 9.04643 -14.60019 0.74312 4.49265 12.93249 -1.28308 8.34051 -6.07459 -0.25207 10.95851 -4.12633 1.28856 5.46960 -0.00000 0.00000 -0.00000 -56.52215 12.08344 -16.62460 11.43013 -2.02965 -20.07472 0.00000 -14.18080 0.00000 29.41615 -18.23712 -29.03166 -7.12502 -0.00000 0.00000 4.83600 -5.54012 -3.77032 -0.00000 0.00000 -0.00000 34.02653 -12.51126 53.01177 -33.83678 -26.12809 74.67802 -0.00000 -16.69050 -0.00000 -18.63750 6.42079 341.65568 7.12502 -0.00000 -0.00000 6.63502 -0.49428 -49.24135
-0.54887 0.42964 -0.24831 -374.31263 25.85877 281.19419 -0.00000 0.00000 -0.00000 253.31099 -66.54600 -91.35439 -39.48810 66.60958 57.29584 -0.30733 -1.47509 -7.24986 -0.29103 -9.51266 -3.49666 -0.00000 0.00000 -0.00000 457.78767 -81.14085 412.29103 134.16809 38.28565 -163.30372 1.74142 -2.99627 17.88136 12.01346 49.82106 -25.53243 -0.17603 20.10233 8.57689 -9.51240 9.50814 9.80150 -12.04380 1.32119 4.82000 12.31819 -2.70039 7.97552 -2.37797 1.59445 10.19529 -2.58421 1.76464 5.14221 0.00000 0.00000 -0.00000 -50.98728 12.20387 -19.43674 12.26389 -2.34665 -21.58695 0.00000 -11.46090 0.00000 31.34352 -19.88382 -29.18045 -7.12502 -0.00000 0.00000 6.23600 -7.38967 -4.64938 0.00000 0.00000 -0.00000 31.88331 -1.82613 53.02572 -34.18445 -27.34514 76.69732 -0.00000 -14.76510 -0.00000 -17.71098 5.93216 342.06704 7.12502 -0.00000 -0.00000 7.62932 -0.49190 -48.66720
-0.54624 0.46607 -0.26770 -376.11180 35.54717 288.31671 -0.00000 0.00000 -0.00000 273.97357 -67.11403 -68.42588 -48.92549 68.49783 67.50152 0.02876 1.14249 -4.09656 -0.00009 0.16744 0.06094 -0.00000 0.00000 -0.00000 380.86200 -85.76685 329.17201 131.01627 45.10299 -158.57512 -5.10268 21.91318 11.97497 13.18108 51.32239 -27.04390 -0.84005 18.39603 8.90684 -8.33184 9.34011 10.35213 -10.04017 1.68262 5.03514 10.87347 -4.87526 7.38930 1.54885 1.81633 9.07986 -0.97774 1.81298 4.63814 0.00000 0.00000 -0.00000 -48.21754 6.32769 -24.17611 13.45081 -2.84201 -23.75918 0.00000 -5.41749 0.00000 30.86242 -20.52180 -30.39684 -7.12502 -0.00000 0.00000 6.02034 -7.47321 -5.96264 0.00000 0.00000 -0.00000 30.18023 9.19057 55.97663 -33.85716 -26.19509 74.78933 -0.00000 -13.37370 -0.00000 -17.51114 6.36491 340.64027 7.12502 -0.00000 -0.00000 7.66223 -0.69252 -50.13362
-0.54539 0.50298 -0.28355 -375.09778 42.97871 293.91372 -0.00000 0.00000 -0.00000 291.76035 -67.02434 -50.69981 -55.03010 69.26565 74.04458 0.15500 3.80565 -2.17413 -0.39669 11.08113 4.08772 -0.00000 0.00000 -0.00000 330.63614 -84.85339 277.90627 126.68746 51.48246 -152.78789 -7.70631 39.36164 5.84810 13.20304 51.34925 -27.07203 -2.07772 16.28165 9.20722 -8.02064 8.74345 10.77337 -8.71977 1.83354 5.19327 8.67980 -6.42356 6.07002 3.57161 0.24231 7.34798 -0.05436 1.31097 3.75338 0.00000 0.00000 -0.00000 -45.92952 1.63284 -29.74866 14.60051 -3.37305 -25.88789 0.00000 0.87612 -0.00000 29.52982 -19.46035 -30.46124 -7.12502 -0.00000 0.00000 5.09104 -6.21154 -5.53245 0.00000 0.00000 -0.00000 27.62331 16.92630 61.99356 -32.47603 -22.40727 68.43778 -0.00000 -10.41340 -0.00000 -17.33728 6.60512 339.77312 7.12502 -0.00000 -0.00000 7.72856 -0.81931 -51.01466
-0.54319 0.53548 -0.30017 -374.09378 49.71259 300.69846 -0.00000 0.00000 -0.00000 304.92710 -66.42448 -40.61439 -59.16988 69.62137 78.46558 0.38154 3.96694 -10.90683 -2.01709 24.16955 9.40095 -0.00000 0.00000 -0.00000 308.70308 -84.34146 258.87371 123.61467 54.79136 -148.94935 -8.11719 40.35889 6.03588 12.49827 50.46243 -26.16399 -1.91027 15.97495 8.85373 -7.33491 8.29551 10.42639 -8.03652 1.32463 5.02342 6.43832 -7.76639 4.55384 3.64001 -1.96658 5.51363 0.23252 0.73096 2.77836 0.00000 0.00000 0.00000 -43.41221 -0.67081 -36.30574 14.92364 -3.53169 -26.49102 0.00000 4.21377 -0.00000 27.27711 -18.16701 -31.16012 -7.12502 -0.00000 0.00000 3.56511 -4.34419 -5.56237 0.00000 0.00000 0.00000 23.85994 19.66995 69.88281 -29.70987 -17.11650 59.13949 -0.00000 -6.25333 -0.00000 -18.33498 7.08160 339.59426 7.12502 -0.00000 -0.00000 6.67353 -0.74918 -51.37632
-0.54298 0.56334 -0.31834 -373.29051 55.20949 308.70397 -0.00000 0.00000 -0.00000 311.17531 -66.79286 -36.67689 -64.51556 69.90407 84.16239 -0.48197 0.55027 -14.55400 -2.28767 25.60219 10.04388 -0.00000 0.00000 -0.00000 299.96054 -84.96915 259.18886 123.48894 54.91122 -148.79559 -7.96335 37.92991 7.05276 11.17308 48.64299 -24.42289 -0.98444 16.43409 7.81147 -6.27777 8.26675 9.27643 -7.34773 0.82589 4.47933 3.85317 -9.51151 3.15433 3.08846 -4.06001 3.84968 0.42181 0.31138 1.91487 -0.00000 0.00000 0.00000 -39.83011 -0.89212 -42.65953 14.82313 -3.48190 -26.30318 0.00000 4.26236 -0.00000 26.67312 -17.54559 -30.96783 -7.12502 -0.00000 0.00000 3.09553 -3.71275 -5.13296 -0.00000 0.00000 0.00000 19.24803 18.04170 78.13916 -25.49119 -11.55419 48.19577 -0.00000 -3.83507 -0.00000 -18.91494 7.30335 339.64619 7.12502 -0.00000 -0.00000 6.08140 -0.68726 -51.42349
-0.54526 0.58598 -0.33691 -372.16506 60.40606 317.07798 -0.00000 0.00000 -0.00000 312.04714 -68.62548 -37.53147 -68.45604 69.99243 88.35693 -0.78430 -1.66427 -12.73242 -2.79874 28.03713 11.17633 -0.00000 0.00000 -0.00000 309.57649 -86.64709 281.63904 125.21545 53.16464 -150.92831 -7.03687 37.84892 5.44769 6.22288 39.28201 -17.32043 0.82022 16.76442 6.39040 -5.02917 8.08882 7.81037 -6.87738 0.29702 3.80929 1.76532 -10.83776 1.56379 2.32617 -6.89443 1.92044 0.45841 -0.36688 0.91542 0.00000 0.00000 -0.00000 -35.04331 0.27651 -48.03841 15.05348 -3.59662 -26.73401 0.00000 1.93715 -0.00000 26.86722 -17.15276 -30.20561 -7.12502 -0.00000 0.00000 3.12336 -3.63814 -4.30670 0.00000 0.00000 -0.00000 16.83916 14.15900 83.65704 -20.43858 -6.94714 37.21715 -0.00000 1.33421 0.00000 -19.95902 7.24052 340.86067 7.12502 -0.00000 -0.00000 5.17695 -0.48232 -50.30820
-0.55171 0.60676 -0.35177 -372.09227 65.07344 327.59985 -0.00000 0.00000 -0.00000 311.89076 -69.47199 -39.74614 -68.10937 69.98864 87.98798 -1.69971 -3.43692 -16.90455 -4.01060 32.80291 13.56740 -0.00000 0.00000 -0.00000 330.68362 -85.08569 316.47288 127.36179 50.64270 -153.65479 -6.67977 31.73379 8.22305 3.04045 29.08723 -11.68185 1.67004 16.72374 5.44546 -2.71789 8.21736 6.86278 -4.71730 0.09013 3.33519 -0.65711 -11.88291 -0.62414 0.83620 -10.14287 -0.86577 0.36253 -1.20092 -0.46929 0.00000 0.00000 0.00000 -34.26592 0.68302 -56.16243 15.21328 -3.67747 -27.03357 0.00000 2.13889 -0.00000 26.13609 -16.37279 -29.87670 -7.12502 -0.00000 0.00000 2.52797 -2.87990 -3.69296 0.00000 0.00000 0.00000 16.67666 9.02026 84.64873 -15.67283 -3.91583 27.89827 -0.00000 8.19228 0.00000 -20.50318 7.44864 340.87999 7.12502 -0.00000 -0.00000 4.62054 -0.43629 -50.38240
-0.56486 0.62289 -0.36352 -372.11589 68.70228 339.13231 -0.00000 0.00000 -0.00000 308.66618 -69.42473 -42.98367 -64.02111 69.88590 83.63586 -2.52533 -3.97524 -20.79708 -5.24776 36.69189 15.73658 -0.00000 0.00000 -0.00000 325.57841 -81.50141 325.06109 129.39220 47.79882 -156.33511 -3.96343 20.80173 9.14860 3.39560 30.53222 -12.39620 2.51524 17.17055 3.92330 -0.87090 8.17896 5.15347 -3.04553 -0.48996 2.49598 -3.96830 -12.83096 -2.91203 0.77504 -12.16656 -3.65392 0.90392 -1.63759 -1.76306 -0.00000 0.00000 0.00000 -32.14956 0.57811 -62.76293 15.80910 -3.98820 -28.15561 0.00000 0.69582 -0.00000 25.40800 -15.73811 -29.72749 -7.12502 -0.00000 0.00000 1.95551 -2.19619 -3.29977 -0.00000 0.00000 0.00000 18.76179 4.58893 84.27825 -12.77730 -2.55447 22.52361 -0.00000 11.61640 0.00000 -18.64791 7.05073 340.01205 7.12502 -0.00000 -0.00000 6.40878 -0.67554 -50.99218
-0.58430 0.63043 -0.37473 -372.53888 71.45240 350.29570 -0.00000 0.00000 -0.00000 305.04674 -68.96562 -45.32623 -60.57182 69.71418 79.96067 -3.65980 -6.65169 -22.27711 -4.33276 33.89361 14.15340 -0.00000 0.00000 -0.00000 326.59154 -79.74852 337.67728 130.70342 45.65675 -158.13559 -1.07765 8.86667 7.30094 3.75267 31.88295 -13.08529 2.32330 17.87637 2.80175 0.69332 8.10730 3.81016 -1.14848 -1.18012 1.81632 -6.46250 -12.67927 -5.07220 0.66321 -13.86316 -6.43369 1.36237 -2.10575 -3.04425 0.00000 0.00000 -0.00000 -31.89107 -0.10947 -70.28482 16.30614 -4.25879 -29.09814 0.00000 1.36280 -0.00000 25.19011 -15.59349 -29.74828 -7.12502 -0.00000 0.00000 1.79399 -2.01168 -3.25879 0.00000 0.00000 -0.00000 17.76642 0.62199 82.57360 -11.45277 -2.03793 20.11566 -0.00000 13.17810 0.00000 -17.58673 8.27948 335.56693 7.12502 -0.00000 -0.00000 6.81927 -1.27052 -55.50430
-0.60834 0.63050 -0.38448 -374.46396 73.24896 361.82745 -0.00000 0.00000 -0.00000 304.13762 -66.96929 -45.90879 -55.26209 69.28893 74.29261 -5.50325 -8.11046 -27.11214 -3.51109 30.97953 12.62203 -0.00000 0.00000 -0.00000 345.60910 -78.44060 363.36981 130.59422 45.84589 -157.98316 0.39747 -3.09793 6.44011 5.56546 37.57522 -16.26284 1.99820 18.96829 1.42012 1.38395 8.33783 2.10003 0.01069 -1.61867 0.98704 -6.81526 -11.63076 -6.34157 0.89390 -15.87398 -8.32807 1.67976 -2.87677 -3.95020 0.00000 0.00000 0.00000 -30.36077 -1.46258 -74.26531 18.57438 -5.63253 -33.48507 0.00000 2.22503 -0.00000 23.43421 -12.43295 -26.41396 -7.12502 -0.00000 0.00000 -0.14045 0.13573 0.97748 0.00000 0.00000 0.00000 15.34732 -1.79910 80.17589 -11.63196 -2.10409 20.43983 -0.00000 8.19923 0.00000 -23.27285 19.01912 322.84947 7.12502 -0.00000 -0.00000 -2.73504 1.33677 -71.02809
-0.63115 0.62626 -0.39384 -381.64283 74.77732 377.45694 -0.00000 0.00000 -0.00000 302.51804 -64.40446 -49.37229 -49.93822 68.64697 68.58945 -8.45297 -7.53992 -36.06073 -3.68730 31.64262 12.96109 -0.00000 0.00000 -0.00000 371.26261 -74.93071 389.71390 127.95807 49.85947 -154.43032 0.67423 -12.17364 5.41148 8.44042 44.09717 -20.65113 2.52577 19.76425 -0.58566 2.21221 8.98002 -0.23996 1.03066 -1.36691 -0.11438 -6.29064 -10.19587 -6.81119 1.51372 -18.67828 -9.23814 2.09459 -4.07889 -4.39907 -0.00000 0.00000 0.00000 -29.30272 -3.97025 -75.11990 21.94908 -8.15040 -40.34662 0.00000 1.07236 -0.00000 20.86226 -9.59114 -23.61442 -7.12502 -0.00000 0.00000 -2.71651 2.31260 4.62068 -0.00000 0.00000 0.00000 15.09556 -4.97325 78.00560 -13.42492 -2.83064 23.71153 -0.00000 -0.09754 -0.00000 -25.74863 34.39329 310.49228 7.12502 -0.00000 -0.00000 -11.16645 9.90837 -86.07901
-0.65153 0.62155 -0.40529 -393.24196 75.41640 395.80451 -0.00000 0.00000 -0.00000 298.60843 -63.87062 -54.89543 -49.68327 68.61029 68.31567 -10.12052 -6.02822 -41.86632 -4.46117 34.31171 14.38242 -0.00000 0.00000 -0.00000 386.07511 -70.04669 401.55330 121.02776 57.05724 -145.82705 0.57542 -16.88398 5.06455 8.78893 44.74899 -21.14903 3.76784 21.16120 -2.62151 3.07686 9.53400 -2.40566 1.74201 -1.45270 -1.10992 -5.84655 -6.98807 -6.93786 2.69879 -22.68881 -9.68204 2.65216 -5.27006 -4.64290 0.00000 0.00000 -0.00000 -29.15474 -6.74276 -75.50077 24.90814 -10.92968 -46.84271 0.00000 -0.03806 0.00000 21.15906 -9.51812 -23.13350 -7.12502 -0.00000 0.00000 -2.55776 2.14158 5.08631 0.00000 0.00000 -0.00000 13.42179 -9.00024 76.10149 -14.82735 -3.48398 26.31107 -0.00000 -2.70598 -0.00000 -21.33802 39.21836 301.70956 7.12502 -0.00000 -0.00000 12.94554 -10.54332 -263.52047
-0.67043 0.61941 -0.41716 -402.10451 75.35287 409.09239 -0.00000 0.00000 -0.00000 293.37195 -65.15038 -60.36724 -52.13004 68.93928 70.94043 -7.96902 -1.81019 -43.44875 -4.15298 33.29254 13.82846 -0.00000 0.00000 -0.00000 389.42583 -64.34245 400.51757 104.45412 65.49445 -127.01718 1.09222 -19.25964 6.85264 7.03262 41.19057 -18.57381 4.06114 23.40745 -4.28950 2.77796 10.21571 -4.21281 1.78505 -1.80872 -1.91657 -3.94703 -4.34413 -6.87591 4.32253 -24.89820 -9.53567 3.09554 -6.38367 -4.83153 0.00000 0.00000 -0.00000 -30.22598 -9.78691 -76.69245 27.31126 -13.70225 -52.62758 0.00000 1.84748 -0.00000 20.28809 -9.80015 -24.72310 -7.12502 -0.00000 0.00000 -2.98347 2.64004 3.53056 0.00000 0.00000 -0.00000 14.34270 -11.33618 74.76934 -16.81011 -4.54401 30.06025 -0.00000 -7.36453 -0.00000 -18.76654 42.26113 296.80453 7.12502 -0.00000 -0.00000 15.07884 -10.45173 -258.95291
-0.68412 0.61717 -0.42773 -411.60985 75.89333 420.52525 -0.00000 0.00000 -0.00000 286.83340 -66.27060 -68.35104 -50.28382 68.69579 68.96045 5.65201 14.08845 -42.36356 -2.88763 28.43009 11.36422 -0.00000 0.00000 -0.00000 387.14458 -58.41865 393.08336 68.71084 69.99472 -88.62809 0.55945 -19.49134 5.22681 8.03664 43.31053 -20.06674 2.80080 25.04085 -5.12557 1.77535 10.76656 -5.38103 1.74971 -1.93905 -2.43542 -0.92090 -3.31766 -6.84793 5.24661 -25.68099 -9.28773 2.93217 -6.92044 -5.08785 0.00000 0.00000 0.00000 -32.40002 -11.97518 -79.34219 29.38954 -16.61281 -58.21110 0.00000 4.04378 -0.00000 21.53415 -11.34762 -26.50246 -7.12502 -0.00000 0.00000 -1.64154 1.56806 1.32289 0.00000 0.00000 0.00000 14.49554 -12.88234 72.85041 -18.44997 -5.55100 33.24042 -0.00000 -12.82490 -0.00000 -17.37573 43.37929 294.49391 7.12502 -0.00000 -0.00000 15.87954 -10.23849 -256.99831
-0.69260 0.61626 -0.43378 -426.01692 76.99308 434.55156 -0.00000 0.00000 -0.00000 277.05305 -67.87071 -79.49258 -49.68183 68.61008 68.31412 9.41299 18.06866 -41.77568 -7.14453 41.43950 18.74332 -0.00000 0.00000 -0.00000 383.06312 -52.50512 382.92683 32.34128 64.40374 -49.44583 0.63527 -16.65668 5.26303 8.60445 44.40698 -20.88619 0.54142 25.06861 -4.97772 0.28190 10.97281 -5.71615 1.36863 -1.66204 -2.59128 1.65258 -2.97239 -7.01874 6.12662 -26.26691 -9.28352 2.81399 -7.27018 -5.44037 0.00000 0.00000 0.00000 -32.65799 -12.86343 -82.23206 31.02247 -19.38186 -63.20871 0.00000 6.18731 -0.00000 27.45026 -16.08427 -28.07277 -7.12502 -0.00000 0.00000 3.24589 -3.48671 -2.00029 0.00000 0.00000 0.00000 15.33552 -13.46443 70.68685 -19.82765 -6.49656 35.97964 -0.00000 -16.86510 -0.00000 -15.12102 44.75787 290.99510 7.12502 -0.00000 -0.00000 16.88586 -9.78150 -254.23465
-0.69638 0.62079 -0.43347 -444.89618 76.68979 451.01030 -0.00000 0.00000 -0.00000 267.08719 -69.64667 -91.90362 -48.38993 68.41522 66.92574 4.22519 12.57270 -42.68015 -10.41719 47.50400 23.40697 -0.00000 0.00000 -0.00000 380.23478 -46.38090 372.22818 17.68522 55.98048 -32.62999 -0.36211 -17.69822 1.86551 5.80115 38.20499 -16.64660 -1.34893 24.57489 -4.64975 -0.89821 10.50155 -5.78483 1.09350 -1.88534 -2.63690 2.95178 -3.14296 -7.06249 6.81426 -26.67792 -9.18981 2.81221 -7.42734 -5.60295 -0.00000 0.00000 -0.00000 -31.59079 -13.75695 -82.35895 32.46690 -22.38593 -68.40151 0.00000 10.91700 -0.00000 31.87375 -19.75221 -28.52404 -7.12502 -0.00000 0.00000 6.54825 -7.59860 -4.03926 -0.00000 0.00000 -0.00000 13.93342 -13.19151 68.88667 -20.94318 -7.33459 38.25099 -0.00000 -22.23600 -0.00000 -12.03847 45.74213 286.58150 7.12502 -0.00000 -0.00000 17.59508 -8.92781 -251.07556
-0.69479 0.63070 -0.43090 -461.07897 75.00777 463.09814 -0.00000 0.00000 -0.00000 259.40193 -71.15858 -103.70797 -44.99903 67.82848 63.27188 -1.76298 5.79985 -42.64678 -9.39496 45.82725 22.00176 -0.00000 0.00000 -0.00000 378.20177 -39.43089 364.07887 14.09517 52.40109 -28.20604 -0.77034 -16.47606 -0.04195 6.30692 39.48943 -17.45287 -2.28828 24.12530 -4.19550 -1.64036 9.57700 -5.52664 0.77175 -2.68736 -2.52125 2.50463 -3.56042 -6.95883 7.87002 -26.58322 -8.87340 3.16026 -7.25859 -5.49303 0.00000 0.00000 -0.00000 -27.64912 -16.42072 -79.13201 33.74259 -25.82427 -74.17299 0.00000 8.70920 -0.00000 33.46346 -22.68734 -30.26530 -7.12502 -0.00000 0.00000 7.77017 -10.01787 -6.88894 0.00000 0.00000 -0.00000 10.88803 -12.91282 67.64628 -21.76461 -7.99632 39.95865 -0.00000 -27.93640 -0.00000 -9.38963 46.32782 282.87776 7.12502 -0.00000 -0.00000 18.05721 -8.16548 -248.54039
-0.68835 0.64497 -0.42682 -476.09669 72.97402 473.24808 -0.00000 0.00000 -0.00000 252.15283 -72.12547 -114.43893 -38.28543 66.29322 55.98393 -7.50706 -2.95355 -40.34964 -6.48079 39.91142 17.72506 -0.00000 0.00000 -0.00000 375.24637 -31.77270 359.50012 14.77473 53.15404 -29.05942 -0.67128 -15.38688 -0.03593 6.87588 40.83616 -18.33496 -2.73968 23.06838 -3.75062 -2.17120 8.70212 -5.16032 0.34648 -3.16239 -2.36158 1.55779 -3.69017 -6.85464 9.64647 -26.17879 -8.42620 3.80672 -6.97723 -5.33791 0.00000 0.00000 0.00000 -21.99977 -20.95349 -74.29457 34.54903 -28.85119 -79.19337 0.00000 2.62666 -0.00000 34.28764 -25.52598 -32.29282 -7.12502 -0.00000 0.00000 8.37926 -12.11476 -9.93695 0.00000 0.00000 0.00000 10.30302 -13.77716 68.30580 -22.41815 -8.55162 41.34111 -0.00000 -31.03520 -0.00000 -9.98818 46.52710 283.64095 7.12502 -0.00000 -0.00000 18.24316 -8.43619 -248.99309
-0.67845 0.66275 -0.41864 -489.54577 69.12167 481.76848 -0.00000 0.00000 -0.00000 246.48501 -73.36422 -123.39042 -28.17236 62.67789 44.79016 -11.19840 -13.82845 -35.58354 -3.27170 30.04042 12.15053 -0.00000 0.00000 -0.00000 372.79925 -24.19216 357.52354 16.66710 55.05847 -31.39493 -0.34409 -14.10673 0.97286 7.44462 42.09071 -19.19384 -2.01994 21.78508 -3.35122 -2.16219 7.66537 -4.58343 -0.16036 -3.73936 -2.10315 1.92465 -4.51884 -6.55748 10.64349 -26.02494 -7.87297 3.94902 -6.79495 -5.19308 -0.00000 0.00000 -0.00000 -16.84311 -24.62249 -71.07425 34.87957 -30.59284 -82.08739 0.00000 1.10908 -0.00000 36.37068 -26.70276 -31.38959 -7.12502 -0.00000 0.00000 9.59279 -13.88488 -9.84364 -0.00000 0.00000 -0.00000 11.53392 -15.62866 69.75017 -23.01653 -9.08375 42.62726 -0.00000 -31.79720 -0.00000 -11.90950 46.92435 286.10520 7.12502 -0.00000 -0.00000 18.63579 -9.25164 -250.48880
-0.66572 0.68230 -0.40633 -502.94806 63.65086 489.96518 -0.00000 0.00000 -0.00000 241.74720 -75.07081 -130.20486 -16.49667 54.89755 31.18682 -9.69287 -25.15497 -25.70274 -0.28266 9.37657 3.44567 -0.00000 0.00000 -0.00000 370.75744 -18.33433 359.03264 19.30925 57.32421 -34.57393 -0.14839 -13.10805 1.61944 8.46370 44.14149 -20.68458 -1.27638 20.29828 -2.93129 -1.85910 6.09251 -3.97673 -0.35326 -4.72832 -1.83680 2.92208 -6.89685 -5.83893 11.47743 -26.58408 -6.81265 3.86319 -6.67588 -4.83760 0.00000 0.00000 -0.00000 -12.20176 -28.97028 -68.59811 34.95658 -31.09550 -82.92606 0.00000 5.18818 -0.00000 40.50452 -24.60075 -25.98175 -7.12502 -0.00000 0.00000 12.20349 -14.67433 -4.51153 0.00000 0.00000 -0.00000 11.87637 -18.25560 71.04742 -23.68569 -9.70717 44.09083 -0.00000 -32.56480 -0.00000 -13.72938 47.29802 288.38955 7.12502 -0.00000 -0.00000 19.02625 -10.04582 -251.83234
-0.65066 0.70181 -0.38673 -514.83304 56.66521 496.45555 -0.00000 0.00000 -0.00000 243.51814 -77.45817 -130.97544 -7.69325 42.61310 19.56289 -1.58472 -30.56567 -8.77658 -0.73807 -15.00663 -5.59930 -0.00000 0.00000 -0.00000 368.36439 -14.88598 360.75432 20.68815 58.35748 -36.20263 -0.39401 -12.21815 0.12859 8.60149 44.40145 -20.88197 -1.01101 18.42014 -2.38267 -1.46606 4.05850 -3.28541 -0.21925 -5.93163 -1.52923 3.93831 -9.46682 -5.00115 12.69827 -27.32898 -5.55675 3.91042 -6.59385 -4.42008 0.00000 0.00000 -0.00000 -6.93727 -35.34724 -64.71575 34.91300 -30.80440 -82.44012 0.00000 11.41520 -0.00000 43.86705 -22.02995 -21.31704 -7.12502 -0.00000 0.00000 14.63540 -14.84369 0.54905 0.00000 0.00000 -0.00000 10.84067 -21.55102 71.08342 -24.46330 -10.47170 45.82874 -0.00000 -34.15320 -0.00000 -14.03669 46.93853 288.89022 7.12502 -0.00000 -0.00000 18.72295 -10.05242 -252.24863
-0.63335 0.71647 -0.36861 -523.56716 49.81579 497.97622 -0.00000 0.00000 -0.00000 268.11782 -82.42210 -113.44436 -3.54342 31.10294 12.68474 5.67190 -27.24341 8.95957 -3.96403 -32.64001 -13.48124 -0.00000 0.00000 -0.00000 365.14586 -12.06461 361.34375 17.78713 56.06921 -32.75287 -0.23846 -11.89258 0.85258 7.33417 41.85373 -19.02869 -1.18164 16.34807 -1.18900 -0.93251 2.35008 -1.79609 0.07974 -6.63664 -0.83239 4.39438 -11.87105 -4.16548 13.42297 -28.19570 -4.40994 3.94537 -6.57651 -3.95694 -0.00000 0.00000 -0.00000 -0.45563 -43.08809 -58.42973 34.73571 -29.77026 -80.71871 0.00000 18.16500 -0.00000 48.53359 -16.68257 -14.23438 -7.12502 -0.00000 0.00000 18.61621 -14.08892 9.14611 -0.00000 0.00000 -0.00000 8.62291 -25.53465 70.63304 -25.19089 -11.22900 47.49532 -0.00000 -36.40460 -0.00000 -14.34439 46.65789 289.37268 7.12502 -0.00000 -0.00000 18.49256 -10.08048 -252.62483
-0.61528 0.72462 -0.36534 -528.32420 44.70185 494.24730 -0.00000 0.00000 -0.00000 298.62293 -86.92025 -82.96720 -3.59856 31.31156 12.79115 5.42333 -25.56489 9.59494 -7.82217 -42.87814 -19.75283 -0.00000 0.00000 -0.00000 360.68361 -8.36183 358.20433 11.66055 49.33699 -25.06887 -0.13878 -12.10031 1.43059 5.20919 36.58180 -15.67193 0.17226 15.24910 0.01884 -0.25401 1.05248 0.02144 -0.37518 -7.43872 -0.00558 5.41832 -13.47273 -3.11200 13.38100 -27.95789 -3.18116 3.61055 -6.36140 -3.39059 0.00000 0.00000 -0.00000 7.97617 -47.95760 -47.84251 34.66403 -29.40124 -80.10588 0.00000 21.63280 -0.00000 47.77499 -8.89357 -7.98677 -7.12502 -0.00000 0.00000 18.75968 -9.72539 18.55588 0.00000 0.00000 -0.00000 6.12274 -28.55730 71.76857 -25.45844 -11.51835 48.11901 -0.00000 -38.53160 -0.00000 -11.49826 46.34121 285.70471 7.12502 -0.00000 -0.00000 18.10825 -8.91897 -250.36593
-0.60165 0.73176 -0.37537 -531.52430 40.89806 489.97844 -0.00000 0.00000 -0.00000 247.10306 -88.64220 -130.42746 -7.76242 42.75579 19.66492 12.56613 23.75079 -33.94567 -13.61037 51.83886 27.59183 -0.00000 0.00000 -0.00000 355.18774 -5.75579 350.79122 6.83351 40.73918 -18.27011 -0.55732 -14.77435 0.23671 5.56201 37.56584 -16.25718 2.74280 14.22462 0.78622 0.37163 -0.00394 1.49502 -1.48939 -7.93603 0.60753 8.29542 -13.19345 -1.97215 12.30161 -28.10548 -2.01463 2.66790 -6.64095 -3.07389 0.00000 0.00000 0.00000 14.24656 -49.44442 -38.17296 34.73291 -29.75541 -80.69403 0.00000 20.06430 -0.00000 45.15263 -5.91039 -5.84817 -7.12502 -0.00000 0.00000 16.72043 -7.34725 21.94039 0.00000 0.00000 0.00000 3.72223 -30.57253 73.37490 -25.43319 -11.49078 48.05987 -0.00000 -40.24940 -0.00000 -12.01531 45.68268 286.56628 7.12502 -0.00000 -0.00000 17.54126 -8.90178 -251.08390
-0.58938 0.73965 -0.39097 -536.52694 39.38233 487.17907 -0.00000 0.00000 -0.00000 351.87996 -40.38233 32.84598 -17.89189 -56.15979 -32.87907 29.96914 42.63178 -37.04949 -14.97736 53.37104 29.31226 -0.00000 0.00000 -0.00000 347.14328 -5.94948 343.62025 4.10542 33.13036 -13.74164 -1.67273 -20.34946 -1.67246 6.33259 39.55235 -17.49322 3.19289 12.43185 1.81550 0.20433 -1.01849 2.88662 -2.23094 -7.90653 1.25024 8.51425 -13.71630 -1.37458 14.32742 -26.00244 -1.07329 3.16736 -5.84862 -2.59349 0.00000 0.00000 -0.00000 17.84247 -50.12920 -31.21435 34.72240 -29.69995 -80.60190 0.00000 20.16620 -0.00000 47.39092 -4.74386 -4.35023 -7.12502 -0.00000 0.00000 18.83081 -7.60379 23.79330 0.00000 0.00000 -0.00000 2.30284 -31.72163 74.78266 -25.50626 -11.57070 48.23112 -0.00000 -41.35740 -0.00000 -13.68888 43.46518 289.49741 7.12502 -0.00000 -0.00000 15.68280 -8.81056 -253.61427
-0.57338 0.73561 -0.39538 -540.00546 37.50885 482.16941 -0.00000 0.00000 -0.00000 343.01038 -21.24310 34.22442 -37.50963 -66.07841 -55.13593 18.85454 29.50108 -37.67260 -11.89279 49.65722 25.37430 -0.00000 0.00000 -0.00000 343.24992 -6.23836 341.95050 1.87173 23.34996 -9.04016 -5.56611 -28.34677 -7.91617 7.60423 42.42779 -19.43118 6.44690 11.79343 2.68183 0.15490 -2.08912 4.55094 -4.51241 -8.34008 1.87756 8.68751 -12.70902 -0.68498 17.70610 -23.24640 0.30759 4.09210 -5.10989 -1.93265 -0.00000 0.00000 0.00000 22.14781 -50.05577 -22.90558 34.77907 -30.00532 -81.10942 0.00000 17.67450 -0.00000 45.02621 -2.51227 -2.50756 -7.12502 -0.00000 0.00000 16.91205 -5.83276 26.51857 -0.00000 0.00000 0.00000 3.40810 -31.66464 77.73642 -26.00681 -12.13077 49.41716 -0.00000 -41.42450 -0.00000 -16.81168 40.25591 295.05904 7.12502 -0.00000 -0.00000 13.23282 -8.93745 -258.45123
-0.55797 0.72601 -0.40089 -543.06675 35.69024 475.10438 -0.00000 0.00000 -0.00000 337.78344 -11.00551 35.76908 -43.22143 -67.47375 -61.34996 3.86336 13.15534 -22.51064 -12.15667 50.01331 25.71961 -0.00000 0.00000 -0.00000 340.73123 -9.19797 347.47180 1.10511 18.22333 -6.88238 -12.18714 -38.17919 -14.34809 8.76080 44.69728 -21.10906 9.19422 11.66093 3.87378 0.60098 -2.53579 6.62678 -6.04192 -8.23424 2.75024 9.34971 -11.51285 0.66296 20.02905 -19.78633 2.23331 4.58871 -4.28249 -0.82448 0.00000 0.00000 0.00000 27.94288 -49.79982 -13.82182 34.77736 -29.99584 -81.09365 0.00000 16.10430 -0.00000 44.97102 -2.88365 -2.88291 -7.12502 -0.00000 0.00000 16.82569 -5.97330 26.01051 0.00000 0.00000 0.00000 8.76417 -30.48079 83.24206 -27.05513 -13.38000 51.98217 -0.00000 -38.35960 -0.00000 -23.59007 29.31158 311.73273 7.12502 -0.00000 -0.00000 -7.79927 6.32901 -83.82814
-0.54646 0.71415 -0.40863 -547.15063 35.46080 467.56452 -0.00000 0.00000 -0.00000 331.22548 -7.69158 34.68243 -35.94721 -65.61868 -53.42367 1.59847 10.78874 -8.85580 -14.95124 53.34326 29.27971 -0.00000 0.00000 -0.00000 336.88353 -17.02790 356.54343 1.44222 20.67484 -7.89455 -14.97383 -46.04546 -13.42017 9.47060 45.95719 -22.10710 10.26872 11.01705 5.37448 0.86825 -2.69466 8.76833 -6.71253 -7.53033 3.78614 9.87201 -11.03010 2.18169 20.54293 -12.80129 3.24773 4.66648 -2.21846 0.47846 0.00000 0.00000 -0.00000 33.94919 -48.20863 -3.88803 34.80567 -30.15461 -81.35771 0.00000 14.41040 -0.00000 45.15030 -4.27827 -4.24415 -7.12502 -0.00000 0.00000 16.85893 -6.63121 24.13987 0.00000 0.00000 -0.00000 15.09738 -27.36879 89.16902 -28.36245 -15.10354 55.36674 -0.00000 -30.60320 -0.00000 -21.19022 14.55765 327.04233 7.12502 -0.00000 -0.00000 0.94640 -0.35703 -65.66705
-0.53964 0.70664 -0.41996 -550.52217 35.35101 460.09096 -0.00000 0.00000 -0.00000 327.13730 -8.49843 31.35475 -24.73632 -60.92652 -40.89222 0.05491 -1.53281 3.48262 -2.14770 24.87519 9.71560 -0.00000 0.00000 -0.00000 335.03704 -26.23435 366.04964 2.55011 26.89223 -10.63726 -20.67077 -57.29214 -14.31291 9.97190 46.79413 -22.79961 12.38557 10.49522 6.93338 0.96533 -2.29424 11.03175 -7.95233 -5.98327 4.92367 10.10403 -11.61180 3.67664 19.39294 -4.57529 3.61369 4.44205 0.38839 1.69957 -0.00000 0.00000 0.00000 39.64261 -46.10370 4.74519 34.76603 -29.93360 -80.99018 0.00000 11.21310 -0.00000 45.57005 -5.97414 -5.82567 -7.12502 -0.00000 0.00000 17.08644 -7.52511 21.92343 -0.00000 0.00000 0.00000 16.70585 -24.94986 92.56759 -30.42539 -18.30763 61.29905 -0.00000 -29.92940 -0.00000 -26.21527 14.10814 333.66284 7.12502 -0.00000 -0.00000 -2.77315 0.72203 -59.58252
-0.53180 0.69357 -0.42618 -552.00474 35.04943 453.74750 -0.00000 0.00000 -0.00000 317.90436 -63.22769 -21.12626 -16.29069 54.70042 30.93474 -9.64327 7.66053 38.70712 -26.47763 61.85638 42.87557 -0.00000 0.00000 -0.00000 336.28621 -28.37782 379.62430 3.34613 30.33733 -12.29853 -44.34562 -74.70588 -30.30066 12.98399 51.07915 -26.79101 15.32503 11.62818 7.93556 1.04515 -1.78547 12.86115 -9.73797 -5.02573 5.78200 11.62643 -10.74945 5.02164 16.29008 1.41372 4.37788 3.79574 2.24220 2.61834 0.00000 0.00000 -0.00000 43.08010 -43.29466 9.34926 34.76805 -29.94462 -81.00849 0.00000 5.91645 -0.00000 45.70089 -9.96057 -9.58063 -7.12502 -0.00000 0.00000 16.88277 -9.41337 16.67937 0.00000 0.00000 -0.00000 13.10388 -24.36008 93.55651 -32.45030 -22.34722 68.33568 -0.00000 -23.37550 -0.00000 -34.21768 13.47420 341.08687 7.12502 -0.00000 -0.00000 -9.47755 1.29884 -52.73233
-0.52748 0.68966 -0.43783 -551.15264 35.50430 448.46527 -0.00000 0.00000 -0.00000 309.96138 -55.12510 -26.29699 -10.04961 46.92021 22.90611 8.49415 -29.17982 14.31409 -3.49805 -30.92956 -12.59668 -0.00000 0.00000 -0.00000 335.25801 -26.06184 391.24615 4.10217 33.11923 -13.73569 -109.46711 -84.37337 -89.48869 12.79495 50.84210 -26.54763 16.83625 13.22541 8.78516 1.28490 -1.12647 14.38094 -10.57872 -4.41604 6.51597 13.08368 -8.86181 4.97553 15.68474 6.38928 3.54555 3.03078 3.40690 2.53132 -0.00000 0.00000 0.00000 42.96528 -39.01804 8.74208 35.06860 -31.95268 -84.36141 0.00000 -11.51150 0.00000 42.47901 -20.70593 -21.11356 -7.12502 -0.00000 0.00000 13.73022 -13.42204 1.46805 -0.00000 0.00000 0.00000 6.44625 -25.40990 92.32770 -33.69264 -25.66693 73.91124 -0.00000 -14.12520 -0.00000 -34.98411 10.35516 345.59441 7.12502 -0.00000 -0.00000 -9.38723 0.39985 -47.41717
-0.52615 0.68641 -0.44806 -549.67012 35.48914 443.93354 -0.00000 0.00000 -0.00000 303.38432 -48.03350 -32.37352 -7.02189 41.16651 18.55751 -5.75585 -10.74420 -25.13647 -16.08663 -54.50220 -30.68440 -0.00000 0.00000 -0.00000 333.38119 -24.32854 396.22921 4.54497 34.57978 -14.53058 -152.41674 -82.84153 -130.43419 14.36036 52.69965 -28.54007 17.95567 14.20002 9.40953 2.03344 -0.59942 15.54217 -10.49606 -3.91482 7.09150 14.03813 -9.07733 5.09332 16.47531 11.82387 2.32078 3.16762 5.23743 2.41035 0.00000 0.00000 0.00000 39.55270 -36.30490 7.31281 35.25025 -36.13368 -91.51411 0.00000 -23.76570 0.00000 35.68727 -24.83363 -30.31674 -7.12502 -0.00000 0.00000 9.18687 -12.40134 -8.01742 0.00000 0.00000 0.00000 -0.94719 -26.03297 91.05374 -34.36235 -28.04271 77.85333 -0.00000 -12.01130 -0.00000 -36.78368 12.43754 343.92995 7.12502 -0.00000 -0.00000 -11.52520 0.97729 -49.78137
-0.52564 0.68214 -0.45570 -548.72947 34.40004 440.03888 -0.00000 0.00000 -0.00000 298.17846 -43.64161 -38.65830 -5.85647 38.34981 16.73590 -3.63617 -4.47670 -25.17685 -7.60524 -42.42992 -19.43268 -0.00000 0.00000 -0.00000 332.77557 -22.21950 400.80938 4.78443 35.32579 -14.94854 -170.16539 -80.62625 -146.85427 14.46205 52.81252 -28.66781 19.31687 14.72671 9.81384 2.96220 -0.28426 16.45281 -10.24054 -3.48840 7.53714 14.75348 -10.23814 5.49494 17.94181 15.27547 1.52054 3.57098 6.63474 2.43787 0.00000 0.00000 0.00000 38.06608 -35.95687 6.89146 35.11776 -38.02647 -94.87827 0.00000 -18.38400 0.00000 36.14690 -22.96652 -28.10977 -7.12502 -0.00000 0.00000 9.43356 -11.54175 -5.29331 0.00000 0.00000 0.00000 -3.89189 -25.20847 92.28937 -34.69689 -29.56760 80.38207 -0.00000 -9.41937 -0.00000 -39.56905 15.13760 342.46299 7.12502 -0.00000 -0.00000 -14.69545 1.90253 -52.21465
-0.52530 0.67894 -0.46160 -548.18167 33.71034 436.59459 -0.00000 0.00000 -0.00000 292.57983 -42.38300 -42.79640 -5.40126 37.12378 15.99217 -3.02283 -1.15909 -28.47428 -6.53677 -40.04529 -17.81219 -0.00000 0.00000 -0.00000 332.04576 -21.06074 404.84676 5.03100 36.06490 -15.37113 -179.06401 -78.30290 -154.63477 14.37785 52.71913 -28.56206 20.28055 15.75323 9.93945 3.89895 -0.00158 17.06150 -9.87140 -3.55858 7.77567 13.54495 -9.74863 5.57474 17.74464 14.51810 2.19362 3.73356 6.22569 2.63463 0.00000 0.00000 -0.00000 35.99685 -35.15060 7.83720 34.92216 -39.43814 -97.46030 0.00000 -16.51710 0.00000 36.27207 -22.43782 -27.48013 -7.12502 -0.00000 0.00000 9.49986 -11.30520 -4.51518 0.00000 0.00000 -0.00000 -3.78900 -23.63710 95.08893 -34.84700 -30.39507 81.75794 -0.00000 -7.14817 -0.00000 -39.25165 19.79935 337.48321 7.12502 -0.00000 -0.00000 -15.62754 3.83963 -58.46290
-0.52514 0.67859 -0.46492 -547.67858 33.45947 433.02217 -0.00000 0.00000 -0.00000 286.65371 -44.93999 -42.85497 -5.33693 36.94397 15.88537 0.31869 6.54716 -33.27636 -4.47011 -34.34047 -14.39827 -0.00000 0.00000 -0.00000 330.62294 -27.45431 395.99626 5.26998 36.75502 -15.77374 -237.38688 -86.44141 -216.41047 15.19952 53.60514 -29.58868 20.78090 17.02113 10.05575 4.42651 0.46150 17.55159 -9.71073 -3.56486 7.96997 13.30825 -9.47308 5.86663 16.47174 13.68853 3.09744 3.43292 5.86249 2.94854 0.00000 0.00000 0.00000 35.68619 -33.66159 9.80290 34.90054 -39.56354 -97.69315 0.00000 -17.98490 0.00000 35.95606 -22.85608 -28.16791 -7.12502 -0.00000 0.00000 9.31077 -11.38237 -5.28258 0.00000 0.00000 0.00000 -2.85801 -22.21843 95.92910 -34.89156 -30.66763 82.21205 -0.00000 -7.20177 -0.00000 -37.91290 21.25020 335.04461 7.12502 -0.00000 -0.00000 -14.91075 4.41994 -61.14132
-0.52456 0.67798 -0.46746 -546.89644 33.46174 429.07458 -0.00000 0.00000 -0.00000 281.34463 -49.10127 -41.44519 -5.42141 37.17978 16.02555 4.67873 13.08107 -35.62381 -2.50971 -26.69936 -10.54763 -0.00000 0.00000 -0.00000 328.72560 -33.96495 387.39576 5.45935 37.28471 -16.08825 -315.30312 -79.52241 -296.55885 16.31587 54.72467 -30.96559 20.19592 18.67731 9.88791 4.81022 1.10644 17.49427 -9.19530 -3.98564 7.87557 13.38250 -9.10252 6.29246 16.36757 13.21392 3.86618 3.45186 5.61952 3.27019 -0.00000 0.00000 0.00000 37.17611 -30.08677 13.92041 34.92157 -39.44161 -97.46674 0.00000 -18.20200 0.00000 36.17471 -22.61580 -27.74023 -7.12502 -0.00000 0.00000 9.44258 -11.35657 -4.81578 -0.00000 0.00000 0.00000 -3.14122 -21.69523 95.02574 -34.80873 -30.17201 81.38666 -0.00000 -6.53737 -0.00000 -38.21414 19.43803 337.08708 7.12502 -0.00000 -0.00000 -14.64198 3.64107 -58.66206
-0.52625 0.67337 -0.47002 -546.41308 33.75671 425.27605 -0.00000 0.00000 -0.00000 276.66027 -52.30437 -42.33106 -5.44460 37.24399 16.06389 5.99432 14.79728 -35.98407 -2.02952 -24.23787 -9.43125 -0.00000 0.00000 -0.00000 325.93867 -40.67315 377.72322 5.42216 37.18186 -16.02679 -335.22948 -70.55613 -318.62644 15.38594 53.79859 -29.81998 19.30934 19.42049 9.77433 5.05170 1.82838 17.19583 -8.43674 -3.96780 7.75256 13.31630 -8.41172 6.14422 17.04887 13.04395 3.71698 3.62717 5.44268 3.16595 -0.00000 0.00000 0.00000 37.86639 -25.57325 18.09830 34.82947 -39.94969 -98.41411 0.00000 -19.22890 0.00000 35.51066 -23.21702 -28.91851 -7.12502 -0.00000 0.00000 9.04336 -11.36354 -6.06930 -0.00000 0.00000 0.00000 -5.41431 -21.66120 92.67243 -34.76335 -29.91899 80.96589 -0.00000 -6.36311 -0.00000 -38.85682 19.49980 337.49451 7.12502 -0.00000 -0.00000 -15.20748 3.69483 -58.33659
-0.52871 0.66858 -0.47111 -545.75731 33.94180 422.37472 -0.00000 0.00000 -0.00000 272.91702 -53.55304 -45.45153 -5.50172 37.40125 16.15811 7.89428 17.24852 -35.89493 -1.47215 -20.87559 -7.97894 -0.00000 0.00000 -0.00000 321.52743 -45.80827 366.19983 5.32821 36.91947 -15.87086 -339.95328 -60.17365 -324.52658 15.31426 53.72453 -29.73111 18.77733 19.94870 9.67722 5.22749 2.48798 16.93875 -7.88384 -3.77659 7.65669 13.31548 -7.63784 5.90205 17.85197 12.43283 3.51252 3.80972 5.11346 2.99449 0.00000 0.00000 0.00000 37.92557 -22.43747 20.74223 34.73608 -40.40816 -99.27804 0.00000 -19.11890 0.00000 35.03124 -23.55930 -29.69032 -7.12502 -0.00000 0.00000 8.76016 -11.31839 -6.86240 0.00000 0.00000 0.00000 -8.18847 -21.60108 90.18195 -34.79835 -30.11309 81.28864 -0.00000 -6.23700 -0.00000 -39.02321 21.34637 335.81339 7.12502 -0.00000 -0.00000 -15.86521 4.52634 -60.51897
-0.53159 0.66511 -0.47095 -544.72745 34.07629 420.44519 -0.00000 0.00000 -0.00000 270.19285 -53.44252 -49.23795 -5.71937 37.98884 16.51406 9.46932 19.08963 -36.49570 -1.33951 -19.96682 -7.59880 -0.00000 0.00000 -0.00000 315.15341 -48.83863 352.81298 5.22406 36.62432 -15.69688 -339.63902 -50.72122 -323.89005 15.88781 54.30622 -30.43990 18.60798 20.74801 9.66127 5.52079 2.66834 17.05235 -7.61933 -4.08151 7.66017 13.40381 -7.58868 5.72111 17.97533 13.07422 3.08968 3.80839 5.33271 2.84369 -0.00000 0.00000 -0.00000 36.90850 -21.88170 21.38182 34.69690 -40.58720 -99.61785 0.00000 -17.22220 0.00000 35.49630 -23.28960 -29.00294 -7.12502 -0.00000 0.00000 9.03662 -11.39803 -6.17425 -0.00000 0.00000 -0.00000 -10.04709 -20.97286 88.60167 -34.86281 -30.49010 81.91620 -0.00000 -6.20051 -0.00000 -38.69907 23.20390 333.81138 7.12502 -0.00000 -0.00000 -16.13254 5.37596 -62.94757
-0.53550 0.66247 -0.46989 -543.48699 34.66397 418.74197 -0.00000 0.00000 -0.00000 267.98712 -53.23159 -53.04186 -6.12535 39.03835 17.16598 7.44398 16.73099 -35.53822 -1.90925 -23.56514 -9.13441 -0.00000 0.00000 -0.00000 306.99284 -50.65526 338.41904 5.09991 36.26644 -15.48789 -339.34728 -41.55821 -322.22380 17.37715 55.70839 -32.25771 18.39552 21.31911 9.79662 5.52986 2.93387 17.23770 -7.57891 -4.06382 7.73806 12.92007 -7.34402 5.84707 18.22273 12.57856 3.47595 3.97577 5.09245 2.97767 -0.00000 0.00000 0.00000 34.87567 -23.63897 21.32815 34.62567 -40.89602 -100.20734 0.00000 -17.61290 0.00000 35.34779 -23.07948 -28.92830 -7.12502 -0.00000 0.00000 8.93821 -11.20206 -6.00665 -0.00000 0.00000 0.00000 -9.80471 -21.32418 88.77768 -34.93747 -30.96553 82.70901 -0.00000 -7.85832 -0.00000 -37.42398 21.60850 334.30083 7.12502 -0.00000 -0.00000 -14.61187 4.55051 -61.92629
-0.54074 0.65898 -0.46869 -542.74607 34.68072 417.81661 -0.00000 0.00000 -0.00000 267.09921 -53.03080 -56.51235 -6.55030 40.07750 17.83321 5.04503 13.68386 -33.89328 -2.52928 -26.79303 -10.59112 -0.00000 0.00000 -0.00000 299.12329 -50.97307 323.59384 4.93769 35.78853 -15.21209 -340.24469 -31.84724 -320.67962 18.31763 56.52129 -33.39056 19.18292 21.76151 9.60066 5.59979 2.83878 17.28277 -7.96998 -4.19101 7.72184 13.03895 -6.28221 5.66632 17.81097 11.76883 3.64366 3.77339 4.64953 2.92832 0.00000 0.00000 -0.00000 33.74519 -25.08264 21.32638 34.66633 -40.72222 -99.87506 0.00000 -16.57500 0.00000 36.07666 -22.72696 -27.93514 -7.12502 -0.00000 0.00000 9.38336 -11.37000 -5.02950 0.00000 0.00000 -0.00000 -7.67433 -21.92898 90.58736 -34.91177 -30.79647 82.42689 -0.00000 -7.46582 -0.00000 -36.47646 19.93399 335.24337 7.12502 -0.00000 -0.00000 -13.31878 3.75698 -60.47120
-0.54750 0.65357 -0.46780 -542.07680 34.85785 416.82087 -0.00000 0.00000 -0.00000 266.31469 -53.83586 -58.55517 -6.64250 40.29550 17.97609 4.68363 13.17498 -33.81401 -2.55441 -26.91264 -10.64677 -0.00000 0.00000 -0.00000 291.89206 -50.78411 309.00740 4.73455 35.17278 -14.86212 -343.36537 -22.55560 -320.97272 17.81867 56.09655 -32.79088 19.76368 21.82782 9.46769 5.76511 2.76887 17.30394 -8.07616 -4.20388 7.72363 12.81361 -6.10499 5.64718 17.53468 11.77494 3.73497 3.72011 4.61089 2.95988 -0.00000 0.00000 0.00000 32.38943 -26.43232 21.66737 34.67197 -40.69759 -99.82808 0.00000 -15.77610 0.00000 36.86018 -22.38763 -26.93090 -7.12502 -0.00000 0.00000 9.87589 -11.57340 -4.04962 -0.00000 0.00000 0.00000 -6.63399 -22.30238 91.61796 -34.85631 -30.45080 81.85074 -0.00000 -6.58990 -0.00000 -36.44897 19.27210 335.92132 7.12502 -0.00000 -0.00000 -13.09633 3.47925 -59.62051
-0.55502 0.64886 -0.46634 -540.34910 35.83896 415.14868 -0.00000 0.00000 -0.00000 265.29699 -54.77688 -59.94256 -6.62999 40.26609 17.95675 3.44596 11.38421 -33.66622 -2.66742 -27.44113 -10.89419 -0.00000 0.00000 -0.00000 284.22265 -50.24554 294.90300 4.61668 34.80621 -14.65656 -347.18263 -13.69236 -321.13824 18.58143 56.74010 -33.70643 19.31464 22.31457 9.44329 5.57117 2.73722 17.26612 -8.20073 -4.54419 7.67570 12.65076 -6.41821 5.70621 17.70815 11.91579 3.74816 3.81750 4.70070 3.00708 0.00000 0.00000 0.00000 30.92830 -26.32493 21.11307 34.72126 -40.47674 -99.40803 0.00000 -14.04980 0.00000 37.47049 -22.35831 -26.39395 -7.12502 -0.00000 0.00000 10.27104 -11.86365 -3.60586 0.00000 0.00000 0.00000 -6.74076 -22.17403 91.67381 -34.83530 -30.32585 81.64270 -0.00000 -6.77417 -0.00000 -35.72245 18.47772 336.21699 7.12502 -0.00000 -0.00000 -12.24303 3.11202 -59.04616
-0.56386 0.64548 -0.46504 -538.24044 36.65537 413.47246 -0.00000 0.00000 -0.00000 265.00050 -54.94614 -62.32112 -6.80491 40.67341 18.22624 1.53250 8.40032 -32.59225 -2.93862 -28.65189 -11.47094 -0.00000 0.00000 -0.00000 277.70725 -48.76790 281.80941 4.54956 34.59433 -14.53866 -352.09979 -4.41818 -320.98359 18.34015 56.54012 -33.41755 19.26049 22.63333 9.27174 5.31918 2.78297 17.05623 -8.47064 -4.64790 7.57273 12.51569 -6.65880 5.63492 17.93582 12.44105 3.49473 3.91130 4.91359 2.94884 -0.00000 0.00000 0.00000 29.26313 -25.83691 20.37923 34.76661 -40.26353 -99.00453 0.00000 -12.34910 0.00000 38.03862 -22.34437 -25.91619 -7.12502 -0.00000 0.00000 10.64263 -12.14047 -3.21864 -0.00000 0.00000 0.00000 -7.54398 -21.83967 90.74788 -34.79119 -30.07281 81.22165 -0.00000 -6.49388 -0.00000 -35.10802 18.14999 336.10207 7.12502 -0.00000 -0.00000 -11.62232 2.94392 -59.02032
-0.57390 0.64163 -0.46523 -535.62736 37.45484 411.48111 -0.00000 0.00000 -0.00000 265.53256 -54.58073 -64.81378 -6.81072 40.68680 18.23516 0.35105 6.33965 -31.73589 -3.07129 -29.21716 -11.74517 -0.00000 0.00000 -0.00000 272.34939 -47.21029 269.22554 4.55733 34.61898 -14.55234 -357.35804 3.49809 -321.19540 18.56176 56.72392 -33.68290 19.03578 22.46697 9.08074 5.28702 3.26835 16.60048 -8.15114 -4.21749 7.43332 12.02889 -5.97771 5.47875 17.59635 12.28459 3.55845 3.84944 4.72683 2.90924 0.00000 0.00000 -0.00000 27.43640 -25.92736 20.06566 34.77397 -40.22797 -98.93743 0.00000 -11.53750 0.00000 38.32707 -22.03771 -25.39115 -7.12502 -0.00000 0.00000 10.83275 -12.11265 -2.63762 0.00000 0.00000 -0.00000 -8.83091 -21.81059 89.81472 -34.76306 -29.91741 80.96326 -0.00000 -8.14021 -0.00000 -34.89933 18.09349 336.00134 7.12502 -0.00000 -0.00000 -11.42806 2.90809 -59.08895
-0.58587 0.63608 -0.46676 -532.85633 38.57380 408.93222 -0.00000 0.00000 -0.00000 266.95307 -53.31377 -69.04737 -6.58267 40.15433 17.88345 -0.47705 4.63825 -30.50957 -3.81015 -32.09177 -13.19378 -0.00000 0.00000 -0.00000 267.34158 -46.64036 255.74158 4.63965 34.87821 -14.69677 -361.00285 8.64403 -319.73254 17.61653 55.92030 -32.54707 18.45266 22.74186 9.11317 4.94206 3.35574 16.50922 -8.28813 -4.31874 7.40108 12.12259 -5.64256 5.43115 17.72871 12.28811 3.53329 3.86243 4.67286 2.89167 0.00000 0.00000 0.00000 26.03954 -25.79150 18.94510 34.78760 -40.16127 -98.81171 0.00000 -10.68510 0.00000 38.26097 -22.00193 -25.40953 -7.12502 -0.00000 0.00000 10.78882 -12.05965 -2.63310 0.00000 0.00000 0.00000 -8.98529 -21.78665 89.07244 -34.74660 -29.82840 80.81531 -0.00000 -7.70112 -0.00000 -34.89828 17.10219 337.14086 7.12502 -0.00000 -0.00000 -11.12405 2.53823 -57.69278
-0.59857 0.63017 -0.46867 -529.67595 39.58379 405.74873 -0.00000 0.00000 -0.00000 270.43484 -51.26603 -74.64631 -6.22451 39.28604 17.32300 -1.43595 2.13666 -28.16927 -4.99474 -35.95796 -15.30945 -0.00000 0.00000 -0.00000 264.00704 -47.88140 245.21095 4.75818 35.24543 -14.90311 -361.08324 8.95239 -318.37294 14.35281 52.69123 -28.53057 17.70229 23.46533 9.14648 4.41481 3.50130 16.41581 -8.62233 -4.55361 7.34208 11.75579 -5.77026 5.32586 18.39462 12.63404 3.26324 4.11990 4.79695 2.80877 0.00000 0.00000 -0.00000 24.58643 -25.85017 18.50430 34.78529 -40.17264 -98.83312 0.00000 -9.99214 0.00000 38.74445 -21.99900 -25.02423 -7.12502 -0.00000 0.00000 11.11092 -12.29928 -2.32577 0.00000 0.00000 -0.00000 -8.36708 -21.88048 89.42018 -34.71952 -29.68486 80.57683 -0.00000 -7.72481 -0.00000 -33.49055 16.32612 336.98158 7.12502 -0.00000 -0.00000 -9.67862 2.17154 -57.52613
-0.61145 0.62593 -0.46978 -525.27771 40.63932 401.51196 -0.00000 0.00000 -0.00000 277.38406 -47.99315 -81.25722 -5.78257 38.15610 16.61654 -3.18218 -4.52838 -23.12076 -8.29150 -43.81111 -20.43658 -0.00000 0.00000 -0.00000 261.19099 -49.91021 235.75835 4.96202 35.86097 -15.25366 -361.71444 9.65129 -318.65138 12.58178 50.57025 -26.27218 15.86094 24.44110 9.36239 3.73196 3.83117 16.24791 -8.62869 -4.95035 7.24034 11.51561 -5.87901 4.85149 18.93920 13.33269 2.38112 4.26760 5.07150 2.45044 -0.00000 0.00000 0.00000 23.01967 -25.61746 17.86867 34.90642 -39.52984 -97.63052 0.00000 -7.51887 0.00000 40.41516 -22.42019 -24.12755 -7.12502 -0.00000 0.00000 12.22711 -13.36619 -1.85060 -0.00000 0.00000 0.00000 -7.07614 -21.41856 90.30029 -34.65804 -29.37139 80.05633 -0.00000 -9.83426 -0.00000 -29.04710 14.44624 335.81099 7.12502 -0.00000 -0.00000 -5.26695 1.20055 -57.80478
-0.62700 0.62689 -0.46791 -519.42359 41.63862 395.94081 -0.00000 0.00000 -0.00000 285.90395 -45.71889 -86.70608 -5.73257 38.02388 16.53549 -3.69637 -12.68841 -17.07028 -14.59117 -52.95455 -28.82974 -0.00000 0.00000 -0.00000 260.17908 -57.27148 235.94079 5.38604 37.08141 -15.96696 -355.12987 -0.48521 -322.76904 7.53364 42.27948 -19.32640 12.76196 25.17951 9.85481 2.64163 4.36268 15.93048 -8.37640 -5.23449 7.09925 11.69393 -5.92000 4.08110 20.06399 13.51098 1.03490 4.47200 5.21396 1.84855 0.00000 0.00000 0.00000 22.64402 -24.10756 18.11054 35.03297 -38.71626 -96.13123 0.00000 -3.81708 0.00000 41.83369 -21.79388 -22.52625 -7.12502 -0.00000 0.00000 13.22433 -13.71271 -0.24976 0.00000 0.00000 0.00000 -3.88268 -19.34276 91.08139 -34.46632 -28.48171 78.58084 -0.00000 -9.47154 -0.00000 -26.42461 12.09857 337.13145 7.12502 -0.00000 -0.00000 -2.19740 0.41470 -55.68205
-0.64485 0.63316 -0.46455 -512.20104 41.76158 388.68960 -0.00000 0.00000 -0.00000 293.86273 -46.02702 -87.99777 -6.76050 40.57083 18.15803 -1.90816 -18.13560 -9.40546 -19.93485 -57.80440 -35.31515 -0.00000 0.00000 -0.00000 265.69955 -65.33822 240.60478 5.60415 37.68003 -16.32620 -352.91776 -6.63965 -326.34158 4.16389 33.32958 -13.84835 8.42645 25.49049 10.61422 1.29844 5.44391 15.42318 -7.51757 -4.99396 6.90444 11.09143 -6.61267 3.43322 22.02044 13.59596 -0.26475 5.09314 5.44448 1.30554 0.00000 0.00000 -0.00000 22.61392 -21.69846 19.15900 35.17104 -37.47709 -93.89128 0.00000 4.63168 -0.00000 44.96247 -19.53425 -18.51099 -7.12502 -0.00000 0.00000 15.61322 -13.97550 4.16607 0.00000 0.00000 -0.00000 1.05591 -14.86179 91.57781 -34.11976 -27.10555 76.30014 -0.00000 -5.07846 -0.00000 -26.08383 9.85211 340.73447 7.12502 -0.00000 -0.00000 -1.14658 0.13124 -51.52869
-0.66536 0.64352 -0.46153 -503.82877 40.16827 380.81592 -0.00000 0.00000 -0.00000 300.82582 -47.28135 -84.59961 -10.00125 46.84185 22.83985 -0.80146 -17.05287 -5.85993 -19.54065 -57.50411 -34.84856 -0.00000 0.00000 -0.00000 294.39567 -72.52249 268.76770 5.42959 37.20245 -16.03908 -352.82943 -12.94581 -332.87952 3.78864 32.01391 -13.15327 3.61767 24.57289 11.45081 -0.09081 7.39176 14.83790 -5.89918 -3.39001 6.69606 11.09144 -7.27414 2.55994 22.62000 13.91976 -1.84466 5.13607 5.78691 0.62696 -0.00000 0.00000 0.00000 20.86974 -19.99089 18.03239 35.26333 -35.02528 -89.58646 0.00000 16.67700 -0.00000 47.99078 -14.56459 -12.76211 -7.12502 -0.00000 0.00000 18.39902 -12.70252 11.53335 -0.00000 0.00000 0.00000 6.36866 -8.10993 90.48802 -33.59205 -25.35742 73.39589 -0.00000 -1.24462 -0.00000 -25.29558 8.73554 342.18489 7.12502 -0.00000 -0.00000 -0.09842 0.00820 -49.75999
-0.69116 0.65387 -0.45589 -494.71974 37.68436 372.01481 -0.00000 0.00000 -0.00000 307.67970 -48.35646 -79.20518 -18.73859 56.86863 33.89424 -1.49930 -10.27574 -9.71812 -16.63089 -55.02446 -31.35076 -0.00000 0.00000 -0.00000 347.10682 -69.00436 323.49393 4.95129 35.82906 -15.23534 -355.10553 -21.00165 -343.09426 3.71141 31.73162 -13.00701 -0.75143 22.43578 12.21525 -2.53493 9.10233 14.51218 -5.38016 -1.06110 6.53561 11.03364 -7.82501 2.29144 24.57005 14.06388 -2.69172 5.72362 6.04671 0.33532 -0.00000 0.00000 -0.00000 20.58900 -18.79403 16.56805 35.11339 -32.36192 -85.04944 0.00000 27.88380 -0.00000 48.74391 -9.32190 -8.08668 -7.12502 -0.00000 0.00000 19.55524 -10.32143 18.23295 -0.00000 0.00000 -0.00000 14.33497 2.12685 88.23964 -32.96624 -23.61128 70.47340 -0.00000 -0.65560 -0.00000 -24.64254 7.23686 344.64471 7.12502 -0.00000 -0.00000 0.91282 -0.03060 -46.91976
-0.71865 0.65451 -0.44641 -487.60094 33.80377 363.38353 -0.00000 0.00000 -0.00000 317.30105 -49.10933 -71.21462 -44.20428 67.67411 62.41321 -0.91080 -1.12195 -15.04454 -8.35930 -43.94192 -20.53439 -0.00000 0.00000 -0.00000 367.04223 -53.79981 335.65095 4.42266 34.18726 -14.31399 -357.02000 -15.44332 -346.60349 3.73786 31.82876 -13.05722 -2.34379 19.62774 12.45287 -4.83322 9.98276 14.59699 -6.07975 1.37146 6.62137 10.65787 -7.01720 1.40490 23.56039 16.68155 -4.19684 5.25789 6.82367 -0.23190 0.00000 0.00000 -0.00000 17.52566 -18.47504 13.39017 34.79162 -30.07523 -81.22568 0.00000 35.90120 -0.00000 51.79116 -5.55809 -4.35988 -7.12502 -0.00000 0.00000 22.67435 -9.56362 23.31344 0.00000 0.00000 -0.00000 21.55637 15.05351 83.73938 -32.17684 -21.72589 67.27598 -0.00000 0.64777 0.00000 -25.65133 7.53410 344.72860 7.12502 -0.00000 -0.00000 -0.09437 0.00325 -46.97000
-0.74802 0.64503 -0.43666 -480.60698 30.38154 354.04471 -0.00000 0.00000 -0.00000 327.26440 -50.47354 -62.80821 -96.32589 67.56736 118.16014 -0.42079 1.35123 -16.36588 -6.40930 -39.73906 -17.61343 -0.00000 0.00000 -0.00000 374.40997 -37.89617 337.63219 5.52692 37.47020 -16.19955 -361.04674 6.86649 -347.21293 20.35641 58.11720 -35.81246 -2.95073 16.81027 12.30178 -7.22970 9.74343 14.52147 -7.63403 2.91123 6.69010 10.63886 -5.75394 1.42567 19.24022 18.72258 -3.43389 3.89316 7.07425 0.08353 0.00000 0.00000 -0.00000 12.20084 -19.63749 11.09443 34.35366 -28.00718 -77.79445 0.00000 42.94840 -0.00000 56.78079 -6.20464 -4.04849 -7.12502 -0.00000 0.00000 27.00768 -11.79291 23.15042 0.00000 0.00000 -0.00000 22.90834 25.93825 78.07768 -31.02357 -19.38391 63.21233 -0.00000 -1.23302 -0.00000 -24.58487 8.08678 342.90888 7.12502 -0.00000 -0.00000 0.73535 -0.04923 -48.82968
-0.77289 0.62360 -0.42640 -472.04377 28.27272 344.10035 -0.00000 0.00000 -0.00000 340.73303 -50.57555 -52.31168 -121.76450 56.45236 146.70794 0.52165 4.77707 -16.70155 -5.60532 -37.68319 -16.32811 -0.00000 0.00000 -0.00000 373.47992 -30.42222 339.68787 15.09120 53.49148 -29.45400 -361.03838 12.79667 -356.93495 22.89530 59.83562 -38.77464 -2.98205 13.74984 11.69848 -9.53475 8.47769 13.98658 -9.60632 3.56852 6.58659 8.65221 -4.26617 1.97264 14.82489 18.94747 -1.21015 3.04486 6.65278 0.79015 -0.00000 0.00000 -0.00000 5.16569 -21.52605 10.25292 33.76117 -25.88346 -74.27141 0.00000 48.52700 -0.00000 56.88886 -21.45533 -13.41702 -7.12502 -0.00000 0.00000 24.29228 -20.89108 6.68954 -0.00000 0.00000 -0.00000 17.85122 33.51002 73.92981 -29.80377 -17.26746 59.41588 -0.00000 -0.65238 -0.00000 -21.31123 6.12570 344.70161 7.12502 -0.00000 -0.00000 4.27741 -0.10369 -46.38613
-0.79041 0.59598 -0.40999 -461.84941 26.78314 334.48975 -0.00000 0.00000 -0.00000 350.54826 -45.02448 -47.12639 -129.97879 46.87424 157.13279 1.84217 9.84362 -13.37032 -6.44532 -39.82611 -17.66972 -0.00000 0.00000 -0.00000 367.81005 -28.33723 340.27135 53.00306 69.04456 -71.87561 -360.99896 6.42708 -344.69383 4.01134 32.80547 -13.56875 -3.02223 10.15940 11.32730 -11.67692 6.99827 13.79448 -11.41359 4.33032 6.61894 8.59918 -3.99567 2.59787 10.54229 18.89132 0.57448 1.89964 6.50396 1.41587 0.00000 0.00000 -0.00000 -1.60500 -23.68270 10.25922 33.05851 -23.85215 -70.87838 0.00000 52.17400 -0.00000 54.40843 -33.38888 -21.49785 -7.12502 -0.00000 0.00000 19.48518 -27.21543 -7.27201 0.00000 0.00000 -0.00000 12.95821 37.80274 69.01891 -29.62730 -16.98503 58.89809 -0.00000 1.50708 0.00000 -16.93305 4.04492 346.95535 7.12502 -0.00000 -0.00000 8.85025 0.24007 -43.45858
-0.81371 0.55926 -0.39448 -449.45501 26.26931 324.65133 -0.00000 0.00000 -0.00000 350.90290 -35.88630 -48.73837 -132.29880 42.62957 160.42536 2.87438 17.78643 -7.76427 -2.53243 -26.80809 -10.59812 -0.00000 0.00000 -0.00000 358.06486 -29.04487 336.50382 103.20396 65.87305 -125.64534 -364.78691 17.00614 -342.28038 4.51415 34.48162 -14.47621 -2.79614 6.10063 11.41118 -13.34129 5.02371 14.22820 -12.89401 4.93869 6.93693 8.16961 -3.31293 2.71892 8.25839 18.60181 1.33277 1.32768 6.26877 1.59737 0.00000 0.00000 -0.00000 -7.22284 -23.00821 11.21606 31.99471 -21.32802 -66.59378 0.00000 52.19300 -0.00000 48.83728 -44.86972 -31.66652 -7.12502 -0.00000 0.00000 12.38888 -32.17610 -22.58432 0.00000 0.00000 -0.00000 14.13387 39.58542 59.53029 -30.71296 -18.81503 62.20518 -0.00000 0.62237 0.00000 -14.93923 3.41036 347.43127 7.12502 -0.00000 -0.00000 10.85261 0.42950 -42.76080
-0.83218 0.51730 -0.37711 -435.22476 24.79352 314.27119 -0.00000 0.00000 -0.00000 346.72407 -25.80639 -47.35364 -130.94454 45.23153 158.47398 2.32985 13.47445 -9.92199 -0.08371 -5.12456 -1.87051 -0.00000 0.00000 -0.00000 344.17169 -30.15264 327.51701 121.87338 56.36039 -146.83866 -369.77552 29.01471 -342.44159 6.64961 40.31221 -17.98709 -3.15692 3.01369 11.62470 -14.32359 3.50376 14.72675 -13.40596 5.23906 7.20506 7.21628 -3.32834 2.45434 5.94978 18.50612 1.47096 0.77993 6.22199 1.46420 -0.00000 0.00000 -0.00000 -14.21220 -21.02644 12.54346 30.41499 -18.28961 -61.26672 0.00000 50.26810 -0.00000 39.14462 -51.75078 -43.97383 -7.12502 -0.00000 0.00000 5.48353 -32.99249 -35.00166 -0.00000 0.00000 -0.00000 20.34296 36.50482 48.37600 -32.12888 -21.61994 67.09459 -0.00000 -1.01324 -0.00000 -16.00230 3.79902 346.99119 7.12502 -0.00000 -0.00000 9.77572 0.28873 -43.32469
-0.84809 0.46974 -0.36631 -421.21609 21.96158 305.18487 -0.00000 0.00000 -0.00000 340.49344 -29.75623 -42.52788 -132.69219 41.79669 161.01085 -3.68202 -8.17657 -20.64791 -0.00226 -0.84341 -0.30700 -0.00000 0.00000 -0.00000 333.33894 -32.19574 318.03397 127.54728 50.40329 -153.89510 -372.31437 32.87221 -340.83046 6.54842 40.07303 -17.83029 -3.32848 2.53432 11.16566 -14.06495 2.47670 14.12957 -13.14614 4.15778 6.91425 4.87179 -3.70505 1.98942 3.89726 18.52832 1.38941 0.53381 6.25421 1.15084 0.00000 0.00000 -0.00000 -24.30820 -19.99266 14.24772 28.53110 -15.34116 -55.82129 0.00000 46.12870 -0.00000 33.54694 -51.64887 -49.78531 -7.12502 -0.00000 0.00000 3.60651 -30.87685 -37.99819 0.00000 0.00000 -0.00000 26.96367 29.56712 41.23507 -33.32882 -24.58872 72.11287 -0.00000 -3.00315 -0.00000 -17.40374 4.37502 346.32194 7.12502 -0.00000 -0.00000 8.33825 0.12182 -44.16888
-0.85993 0.42044 -0.36226 -412.36235 20.23511 299.04664 -0.00000 0.00000 -0.00000 342.25199 -48.87329 -32.00028 -135.59977 34.11441 165.72596 -6.14888 -17.09343 -21.64809 -0.30290 9.70221 3.56777 -0.00000 0.00000 -0.00000 335.13930 -35.80062 315.47541 128.74178 48.76640 -155.46379 -370.75694 24.11205 -332.65336 7.43310 42.06613 -19.17665 0.37734 6.54077 10.25476 -11.89924 2.66258 12.99948 -13.67549 2.32231 6.53106 2.86212 -5.12940 0.98712 1.77735 18.06089 0.56286 0.12965 6.33062 0.49590 -0.00000 0.00000 -0.00000 -36.72648 -21.87982 13.49856 26.24537 -12.40569 -49.99078 0.00000 43.12700 -0.00000 36.81249 -45.59586 -43.66803 -7.12502 -0.00000 0.00000 7.04946 -27.44766 -29.98228 -0.00000 0.00000 -0.00000 34.48880 21.32374 38.77319 -34.18877 -27.36139 76.72426 -0.00000 -1.69186 -0.00000 -21.09263 4.89950 347.51470 7.12502 -0.00000 -0.00000 4.76506 0.13960 -43.32581
-0.86528 0.38826 -0.35826 -405.28053 16.88021 292.37235 -0.00000 0.00000 -0.00000 356.32556 -67.97844 -13.73760 -136.93269 29.20041 168.26301 -5.87116 -8.09638 -28.28006 -1.05151 17.79561 6.70903 -0.00000 0.00000 -0.00000 330.93825 -41.25984 315.73952 131.76341 43.70445 -159.64282 -352.09670 -5.14362 -322.05950 3.45451 30.76170 -12.51177 1.34710 12.05882 9.84051 -9.63223 3.71276 12.43842 -12.67792 0.10019 6.21852 0.36457 -7.10039 -0.43160 0.90168 16.22730 -0.87578 0.11257 6.08316 -0.38934 -0.00000 0.00000 -0.00000 -46.92218 -22.91505 12.27542 22.97209 -9.04342 -42.53103 0.00000 42.65240 -0.00000 43.36329 -34.50580 -30.95598 -7.12502 -0.00000 0.00000 12.80904 -22.41443 -14.19356 -0.00000 0.00000 -0.00000 43.37156 16.27367 39.28693 -34.69608 -29.56341 80.37512 -0.00000 -0.68390 -0.00000 -24.68508 5.74439 347.71495 7.12502 -0.00000 -0.00000 1.21772 0.03146 -43.52033
-0.87206 0.36294 -0.36113 -398.45062 10.75055 287.58506 -0.00000 0.00000 -0.00000 401.97174 -76.48449 39.14800 -137.68928 25.71913 169.90291 -4.04701 -1.96283 -31.23833 -3.78857 32.01363 13.15312 -0.00000 0.00000 -0.00000 308.66058 -51.36043 306.12907 134.79145 36.57999 -164.32913 -353.47272 -5.41307 -326.20284 1.94555 23.77090 -9.22484 -1.25749 17.58832 10.01235 -8.63159 5.11081 11.95202 -11.10318 -2.08020 5.80998 -1.49802 -7.37171 -2.51913 1.03713 11.09192 -3.35619 0.24253 4.56329 -1.66132 -0.00000 0.00000 -0.00000 -52.44720 -18.91587 9.68300 18.09792 -5.32431 -32.55082 0.00000 42.72800 -0.00000 45.90684 -27.88217 -24.37436 -7.12502 -0.00000 0.00000 15.39408 -19.36135 -5.29001 -0.00000 0.00000 -0.00000 54.60991 13.95008 35.30369 -34.94658 -31.02704 82.81171 -0.00000 -2.46500 -0.00000 -30.19938 6.42456 349.11713 7.12502 -0.00000 -0.00000 -4.09790 -0.17447 -42.56624
-0.87529 0.35443 -0.36828 -392.37335 7.42220 289.42882 -0.00000 0.00000 -0.00000 431.31993 -81.54794 75.60873 -137.86944 24.78414 170.32521 -2.25084 -0.32047 -26.40285 -3.33089 30.27692 12.26834 -0.00000 0.00000 -0.00000 279.44796 -64.33762 283.52020 134.96255 36.08383 -164.61793 -359.12919 4.32574 -327.84295 2.95331 28.71534 -11.50156 -0.68380 22.11942 8.57134 -7.02307 6.59810 10.01044 -9.91764 -3.36471 4.78101 -0.22236 -6.07322 -4.94267 -0.08392 3.36149 -6.57150 -0.31703 2.07000 -3.28100 -0.00000 0.00000 0.00000 -55.83598 -12.18660 3.44372 12.95454 -2.62849 -22.84798 0.00000 44.03680 -0.00000 41.46260 -15.28862 -16.61668 -7.12502 -0.00000 0.00000 13.15100 -10.12136 8.05181 -0.00000 0.00000 0.00000 65.88075 9.47065 25.84447 -34.82269 -30.25231 81.52028 -0.00000 -9.28191 -0.00000 -35.87418 7.01335 350.41681 7.12502 -0.00000 -0.00000 -9.54006 -0.56082 -41.66680
-0.87599 0.36232 -0.37677 -386.76254 9.13796 294.19473 -0.00000 0.00000 -0.00000 470.33707 -79.13028 114.16098 -137.85341 24.86935 170.28701 -3.52139 -1.04199 -30.95490 -1.86237 23.29586 9.01652 -0.00000 0.00000 -0.00000 224.83151 -80.46126 229.78577 130.07825 46.71224 -157.26924 -358.50373 1.21676 -334.22592 2.86991 28.35242 -11.32696 2.80264 23.53165 5.00561 -3.01750 8.78278 6.40119 -6.33371 -2.55433 3.03283 -2.44256 -9.53276 -5.51327 2.18065 -2.68470 -7.19605 0.82625 0.90093 -3.58238 -0.00000 0.00000 0.00000 -62.87723 -11.69387 -4.16539 12.35713 -2.38368 -21.75674 0.00000 41.68990 -0.00000 15.23935 -1.15743 -4.24049 -7.12502 -0.00000 0.00000 -10.26917 3.65185 25.63045 -0.00000 0.00000 0.00000 71.55316 3.94587 22.59368 -33.09597 -23.95140 71.04506 -0.00000 -18.86060 -0.00000 -36.93051 10.84218 345.95006 7.12502 -0.00000 -0.00000 -11.29086 0.46232 -47.31430
-0.87818 0.38001 -0.38520 -382.06290 9.63857 299.91786 -0.00000 0.00000 -0.00000 467.31390 -79.07537 113.90057 -137.35248 27.34913 169.14907 -6.57881 -4.91153 -34.69110 -2.64652 27.34451 10.84877 -0.00000 0.00000 -0.00000 149.42137 -79.33200 163.25751 112.77402 62.22870 -136.27721 -357.65570 -4.14275 -340.40995 2.31262 25.72875 -10.10147 5.98516 25.12740 1.13191 0.54923 10.33190 2.23552 -3.17683 -2.24923 0.96309 -1.62600 -9.40262 -5.23047 3.29448 -9.68839 -6.98155 1.32266 -1.29224 -3.57908 0.00000 0.00000 -0.00000 -66.43225 -5.35198 -10.17359 15.71857 -3.94003 -27.98459 0.00000 33.69030 -0.00000 -18.03747 -1.39312 4.26970 -7.12502 -0.00000 0.00000 -41.59970 10.90082 32.97562 0.00000 0.00000 -0.00000 76.18466 -1.32201 23.74122 -27.62200 -14.10289 53.42155 -0.00000 -20.21340 -0.00000 -29.56705 19.04289 330.09596 7.12502 -0.00000 -0.00000 -7.39239 2.65360 -64.63855
-0.87574 0.40699 -0.38900 -379.10968 8.84377 305.35576 -0.00000 0.00000 -0.00000 504.01104 -87.06627 153.81319 -136.37216 31.42142 167.15260 -6.12494 -4.73246 -33.61812 -2.61981 27.22028 10.79048 -0.00000 0.00000 -0.00000 93.54279 -78.68971 119.78013 53.75361 69.13018 -72.67908 -357.77911 -10.83247 -347.35851 3.08937 29.29287 -11.78215 8.99705 26.99762 -2.10719 3.78982 11.55971 -1.07760 -0.39689 -2.00231 -0.70368 -1.06011 -7.03317 -5.98543 5.54373 -14.51138 -7.95676 2.34522 -3.19697 -4.25792 -0.00000 0.00000 0.00000 -65.75924 4.22167 -18.09979 20.10433 -6.69815 -36.53822 0.00000 28.77800 -0.00000 -15.79933 1.22179 -4.30944 -7.12502 -0.00000 0.00000 -38.00837 15.64191 25.96559 -0.00000 0.00000 0.00000 78.84767 -5.90258 24.84945 -19.29524 -6.11984 34.91299 -0.00000 -29.69070 -0.00000 -20.77309 22.19187 315.12244 7.12502 -0.00000 -0.00000 -2.77979 1.87007 -78.90462
-0.87619 0.43089 -0.38720 -375.92613 6.75056 309.06343 -0.00000 0.00000 -0.00000 623.72792 -82.19846 277.98699 -135.10479 35.66138 164.86066 -5.41628 -5.08030 -30.85029 -2.09739 24.60663 9.59540 -0.00000 0.00000 -0.00000 48.20503 -74.83099 87.46691 13.59756 51.82370 -27.57553 -360.87236 -19.52941 -359.35411 2.99025 28.87389 -11.57825 10.83105 27.30559 -3.77313 6.07203 11.87023 -2.67414 1.58465 -1.78365 -1.50983 -2.86583 -6.54917 -8.48863 9.55283 -13.70011 -10.95353 4.10084 -2.55781 -5.78416 -0.00000 0.00000 0.00000 -63.58480 11.27561 -31.04535 24.28817 -10.29560 -45.43361 0.00000 25.62290 -0.00000 8.89167 -2.23837 -14.01734 -7.12502 -0.00000 0.00000 -14.65496 8.27633 16.16908 -0.00000 0.00000 0.00000 81.56839 -10.83032 21.07176 -12.44539 -2.41901 21.91759 -0.00000 -29.00750 -0.00000 -12.93535 19.09351 305.07451 7.12502 -0.00000 -0.00000 2.61042 -2.35333 -87.00737
-0.88028 0.44485 -0.37816 -373.34178 3.45580 309.52037 -0.00000 0.00000 -0.00000 631.50048 -77.52137 291.04754 -134.11702 38.41883 163.22141 -3.19734 -2.10827 -27.35402 -3.93274 32.52979 13.42314 -0.00000 0.00000 -0.00000 47.48444 -71.97759 88.25187 5.09316 36.24679 -15.47647 -362.84518 -19.21329 -366.44901 1.85153 23.23303 -8.98908 11.19191 26.55055 -4.11053 7.32698 11.82321 -3.09542 2.81936 -1.42116 -1.73392 -4.40253 -4.75077 -11.00518 12.68801 -12.39979 -14.09043 4.95844 -1.56529 -7.37548 -0.00000 0.00000 0.00000 -57.47239 17.68915 -46.81855 28.34564 -15.08006 -55.32167 0.00000 21.15660 -0.00000 21.46766 -8.21018 -19.95758 -7.12502 -0.00000 0.00000 -2.83288 2.09948 8.48598 -0.00000 0.00000 0.00000 85.20387 -12.82733 12.92816 -11.35839 -2.00354 19.94509 -0.00000 -26.76110 -0.00000 -6.78134 10.59327 302.89641 7.12502 -0.00000 -0.00000 10.08844 -9.04812 -86.47370
-0.88659 0.44981 -0.36371 -371.93066 -2.22297 307.20684 -0.00000 0.00000 -0.00000 641.33054 -76.09451 307.62006 -133.54275 39.85485 162.31165 -0.55575 2.77728 -23.31920 -10.08952 46.98459 22.96072 -0.00000 0.00000 -0.00000 113.18825 -72.12029 114.45404 6.36423 39.62960 -17.54286 -360.09739 2.20760 -356.57861 0.33085 10.13406 -3.73008 8.49577 25.34050 -4.66743 8.01415 11.67276 -4.62845 5.16684 -0.83751 -2.60096 -5.26105 -1.37556 -11.43694 13.10414 -9.10614 -14.78358 5.19230 -0.96805 -7.64677 0.00000 0.00000 0.00000 -50.17575 20.12732 -59.00941 31.42848 -20.16150 -64.57525 0.00000 15.98760 -0.00000 26.22127 -12.07575 -23.01394 -7.12502 -0.00000 0.00000 1.55114 -1.34164 4.15172 0.00000 0.00000 0.00000 88.40358 -13.84108 6.64685 -12.01069 -2.24773 21.12659 -0.00000 -30.81820 -0.00000 -2.44406 3.30444 306.51951 7.12502 -0.00000 -0.00000 17.50972 -12.93633 -80.35948
-0.89144 0.45254 -0.34457 -371.41268 -8.65557 303.70323 -0.00000 0.00000 -0.00000 659.26372 -77.32261 332.88936 -133.04764 41.00995 161.54828 1.96738 9.03949 -19.68814 -17.06620 55.42777 31.88070 -0.00000 0.00000 -0.00000 121.75747 -67.34478 106.00927 14.51757 52.87376 -28.73747 -359.53651 7.74771 -364.77281 0.00247 -0.88199 0.32105 6.87384 23.66222 -6.70484 8.65140 10.50670 -7.73488 7.27501 -0.85542 -4.22652 -7.07825 -1.40778 -10.10398 7.66046 0.46336 -13.45815 3.44109 1.45517 -6.69290 0.00000 0.00000 -0.00000 -45.27808 21.52248 -64.89939 32.81784 -23.23395 -69.83758 0.00000 15.89230 -0.00000 26.46040 -15.47202 -28.19044 -7.12502 -0.00000 0.00000 2.51108 -2.68067 -1.84214 0.00000 0.00000 -0.00000 88.56961 -23.60559 5.55713 -10.60105 -1.73901 18.58095 -0.00000 -22.76740 -0.00000 -2.13807 2.42503 311.42326 7.12502 -0.00000 -0.00000 19.28208 -11.80478 -75.31775
-0.89878 0.46264 -0.31838 -371.33844 -16.19501 297.41154 -0.00000 0.00000 -0.00000 714.07521 -74.35216 396.08177 -131.98563 43.26613 159.96572 6.17006 19.85335 -18.76400 -17.65166 55.95111 32.58948 -0.00000 0.00000 -0.00000 106.22166 -61.06621 88.00610 33.90833 64.95989 -51.17935 -357.92569 18.59039 -369.85625 2.15839 24.93178 -9.74101 7.77697 19.72310 -8.16543 7.89046 10.27731 -10.05075 5.63017 0.72424 -5.28737 -6.57510 -2.61925 -7.78383 -2.01550 9.19469 -10.09004 -0.20515 3.61767 -5.36128 -0.00000 0.00000 -0.00000 -38.68341 25.90972 -69.77851 33.42212 -24.85485 -72.55761 0.00000 14.16820 -0.00000 25.68803 -14.72148 -27.84775 -7.12502 -0.00000 0.00000 1.86488 -1.94762 -1.22754 -0.00000 0.00000 -0.00000 87.75128 -33.70253 8.44191 -10.21770 -1.61275 17.89336 -0.00000 -11.73830 -0.00000 -3.11003 2.94192 316.63188 7.12502 -0.00000 -0.00000 19.28136 -9.66402 -70.63461
-0.90629 0.47824 -0.29524 -370.58429 -24.26450 292.38221 -0.00000 0.00000 -0.00000 734.07122 -61.74706 424.81797 -129.57441 47.51711 156.58164 13.22885 34.58219 -19.30068 -12.90660 50.98256 26.69148 -0.00000 0.00000 -0.00000 85.88026 -56.63189 70.20100 46.64835 68.12798 -65.05098 -352.54960 21.13340 -382.76474 7.80325 42.83948 -19.72502 8.58374 15.52118 -9.57773 7.21155 10.53268 -12.50787 3.78630 2.88181 -6.37803 -5.47464 -2.79048 -4.79050 -10.83432 12.85286 -5.41279 -2.82057 4.14753 -3.69322 -0.00000 0.00000 0.00000 -31.50672 32.23105 -74.97925 33.23048 -24.31509 -71.65492 0.00000 12.11070 -0.00000 25.25051 -15.39296 -29.37061 -7.12502 -0.00000 0.00000 1.77716 -1.96401 -2.84454 -0.00000 0.00000 0.00000 84.25631 -34.31553 14.53964 -10.32465 -1.64746 18.08500 -0.00000 -12.43450 -0.00000 -4.81496 4.76797 315.38158 7.12502 -0.00000 -0.00000 16.85588 -9.09416 -72.54979
-0.91009 0.49050 -0.27641 -366.17395 -32.54350 289.57177 -0.00000 0.00000 -0.00000 738.96446 -54.19711 437.49346 -127.95870 49.85862 154.43114 18.19990 42.70590 -20.54598 -6.63064 40.26761 17.95775 -0.00000 0.00000 -0.00000 66.87810 -53.49534 58.79324 39.45784 66.60186 -57.26286 -357.08098 3.22898 -383.98759 10.29531 47.31270 -23.24142 6.90067 12.33743 -10.87602 6.43915 9.41745 -14.64267 3.49543 3.46937 -7.43049 -4.06545 -3.34982 -1.38117 -17.29771 13.93026 -0.14619 -4.66403 4.73657 -1.59357 -0.00000 0.00000 -0.00000 -25.28363 38.22693 -80.06343 31.79141 -20.89755 -65.85225 0.00000 13.31440 -0.00000 24.26338 -14.39064 -28.87129 -7.12502 -0.00000 0.00000 0.93601 -1.00378 -1.99677 -0.00000 0.00000 -0.00000 80.56351 -32.20810 21.39819 -10.01744 -1.54881 17.53490 -0.00000 -15.42700 -0.00000 -8.41507 8.82880 313.94580 7.12502 -0.00000 -0.00000 11.94052 -7.14755 -75.47155
-0.91343 0.49094 -0.25833 -361.19806 -37.10142 284.42909 -0.00000 0.00000 -0.00000 752.29785 -49.83014 451.52944 -128.55450 49.03456 155.21526 21.59083 43.08718 -25.20800 -4.21000 33.48520 13.93208 -0.00000 0.00000 -0.00000 62.10850 -50.33843 57.76896 32.74095 64.54995 -49.88872 -359.34666 1.17657 -372.31026 11.43817 49.02415 -24.77503 5.85398 12.00181 -11.75213 5.55514 7.81727 -15.63991 3.53607 2.01941 -7.93228 -2.63144 -4.44818 1.56873 -19.28144 14.16554 4.25472 -5.13189 5.36789 0.42949 0.00000 0.00000 -0.00000 -22.99734 42.74088 -81.46678 29.21904 -16.35149 -57.72557 0.00000 11.02300 -0.00000 22.22968 -10.34146 -23.71279 -7.12502 -0.00000 0.00000 -1.57897 1.36156 4.23849 0.00000 0.00000 -0.00000 78.12321 -23.31528 25.76323 -10.84587 -1.82232 19.02108 -0.00000 -16.81200 -0.00000 -10.66117 9.50067 318.75549 7.12502 -0.00000 -0.00000 10.64942 -5.32843 -71.28302
-0.90778 0.48701 -0.24610 -356.13738 -40.59367 279.38735 -0.00000 0.00000 -0.00000 766.43852 -45.91572 459.32827 -129.85797 47.06893 156.96752 25.63080 40.78965 -33.23359 -3.12155 29.42697 11.84779 -0.00000 0.00000 -0.00000 67.70933 -50.56986 65.04136 32.76286 64.55788 -49.91299 -360.51307 -4.70830 -370.00756 11.77914 49.50133 -25.22502 3.53908 13.57921 -12.41309 4.28221 7.05607 -16.51129 4.10946 0.78346 -8.41644 -1.51568 -6.46387 3.57999 -16.66920 12.82667 6.80005 -4.19817 5.44349 1.99893 -0.00000 0.00000 0.00000 -23.07127 44.18503 -79.87402 26.13212 -12.27452 -49.71777 0.00000 4.59153 -0.00000 22.88984 -8.69682 -19.70407 -7.12502 -0.00000 0.00000 -1.67888 1.24186 8.51976 -0.00000 0.00000 0.00000 77.91554 -13.02034 32.44226 -11.19293 -1.94402 19.64638 -0.00000 -18.09000 -0.00000 -11.95063 10.91670 318.17907 7.12502 -0.00000 -0.00000 8.93713 -4.66474 -72.34525
-0.89672 0.48865 -0.23706 -352.53771 -44.45327 274.88037 -0.00000 0.00000 -0.00000 774.72389 -44.65528 457.15102 -129.42080 47.75491 156.37374 27.25526 38.59674 -38.07170 -2.38167 26.07467 10.25956 -0.00000 0.00000 -0.00000 70.67295 -52.65981 67.02258 29.73049 63.36855 -46.53848 -361.17425 -9.48014 -367.25481 9.73368 46.40158 -22.47173 1.65429 15.81691 -11.92184 1.83274 7.60662 -16.10906 2.93792 0.02112 -8.23233 3.01607 -7.25163 4.42807 -14.39996 9.42199 7.02134 -4.27806 4.59865 2.72189 -0.00000 0.00000 0.00000 -18.60904 43.20966 -81.97628 22.42032 -8.55351 -41.34573 0.00000 0.61409 -0.00000 26.46762 -8.68909 -16.87958 -7.12502 -0.00000 0.00000 0.95684 -0.64413 11.05528 -0.00000 0.00000 0.00000 75.75612 -2.54421 34.84158 -12.86361 -2.59037 22.68151 -0.00000 -25.20410 -0.00000 -11.64964 11.73849 315.38165 7.12502 -0.00000 -0.00000 8.40439 -4.93439 -75.20723
-0.88489 0.48983 -0.22685 -346.68458 -46.64676 271.90966 -0.00000 0.00000 -0.00000 783.77005 -50.72668 453.28336 -126.90929 51.21135 153.07194 15.99137 26.80001 -36.56245 -0.23886 8.62753 3.16573 -0.00000 0.00000 -0.00000 77.64433 -54.72345 69.28992 23.35512 60.11932 -39.30570 -361.13849 -11.93450 -364.27881 10.73878 47.99836 -23.84142 0.72712 16.67844 -10.79891 -0.15038 7.96826 -14.84760 1.33899 -0.45161 -7.59742 6.12988 -8.01893 5.38577 -13.14479 6.16683 7.60552 -4.41266 3.85900 3.31612 0.00000 0.00000 0.00000 -14.89355 40.79496 -83.07033 19.04123 -5.94519 -34.40777 0.00000 -4.04925 0.00000 27.33602 -7.07200 -13.39636 -7.12502 -0.00000 0.00000 1.33852 -0.77717 14.86498 0.00000 0.00000 0.00000 74.60119 3.26163 38.08595 -13.62284 -2.91821 24.07607 -0.00000 -29.24470 -0.00000 -10.40710 10.58947 314.98311 7.12502 -0.00000 -0.00000 9.79843 -5.76087 -75.16579
-0.87344 0.49389 -0.22132 -340.23291 -51.40021 268.86364 -0.00000 0.00000 -0.00000 778.82094 -60.66176 438.71793 -118.74662 58.75547 143.13486 4.86410 14.58654 -25.33288 -0.00155 -0.69839 -0.25421 -0.00000 0.00000 -0.00000 82.46758 -55.91151 68.69028 17.16171 55.51461 -31.99663 -360.72438 -12.63613 -361.45370 11.44148 49.02884 -24.77940 -3.48263 17.15167 -8.91072 -3.12597 7.63065 -13.24479 0.36230 -0.96590 -6.89000 7.24029 -8.85785 6.74881 -11.70666 3.96485 9.00867 -4.07362 3.43786 4.14028 -0.00000 0.00000 0.00000 -9.22051 38.91100 -83.30361 17.52929 -4.97045 -31.44516 0.00000 -17.14530 0.00000 27.72295 -4.57731 -8.63477 -7.12502 -0.00000 0.00000 1.31852 -0.60889 20.21701 -0.00000 0.00000 0.00000 75.70477 6.09229 41.30079 -13.52880 -2.87642 23.90277 -0.00000 -30.51790 -0.00000 -10.33100 9.83386 316.86515 7.12502 -0.00000 -0.00000 10.48524 -5.68271 -73.14815
-0.86845 0.49909 -0.21616 -335.82474 -56.01540 262.66957 -0.00000 0.00000 -0.00000 751.94745 -64.62451 402.71446 -97.30455 67.36209 119.21969 2.99304 11.79738 -19.32105 -0.33143 -10.14278 -3.73336 -0.00000 0.00000 -0.00000 86.63885 -55.84895 63.52287 13.41127 51.60156 -27.33820 -359.71615 -11.12879 -356.50212 12.30613 50.21142 -25.91439 -7.61928 17.68254 -6.45916 -6.84491 7.32950 -11.22379 -1.58691 -1.72443 -6.00881 7.36451 -8.25172 8.29184 -11.15463 0.39672 10.79316 -3.98073 2.41667 5.13170 0.00000 0.00000 -0.00000 -1.23377 36.99929 -82.94264 17.64844 -5.04336 -31.67604 0.00000 -27.39250 0.00000 28.68522 -3.52839 -6.41764 -7.12502 -0.00000 0.00000 2.07078 -0.85124 22.66328 0.00000 0.00000 -0.00000 76.89394 9.72483 43.58727 -13.63591 -2.92405 24.10017 -0.00000 -32.64220 -0.00000 -10.39898 9.20009 318.93698 7.12502 -0.00000 -0.00000 11.01489 -5.44636 -70.99447
-0.87300 0.50137 -0.20818 -336.05914 -60.38397 251.19233 -0.00000 0.00000 -0.00000 724.87136 -54.69075 368.74952 -56.39831 69.39709 75.50689 3.40706 12.23420 -22.02770 -1.42155 -20.53484 -7.83584 -0.00000 0.00000 -0.00000 88.57486 -55.79460 53.60775 12.79395 50.84084 -26.54635 -358.58077 -7.33727 -349.08094 14.21724 52.53929 -28.35996 -11.82780 18.58402 -3.35900 -10.92154 6.98429 -8.83006 -4.16483 -2.82649 -5.00027 5.87965 -7.53926 9.60024 -10.37078 -2.98662 12.46761 -4.02100 1.43563 6.06201 0.00000 0.00000 0.00000 10.08235 34.81402 -83.38179 18.79419 -5.77841 -33.91858 0.00000 -29.90660 0.00000 32.60019 -5.32487 -8.25659 -7.12502 -0.00000 0.00000 5.62602 -2.60854 20.20279 0.00000 0.00000 0.00000 76.05854 14.88205 45.27706 -14.18397 -3.17469 25.11364 -0.00000 -37.38670 -0.00000 -10.59834 9.24543 319.34939 7.12502 -0.00000 -0.00000 10.89427 -5.29916 -70.63433
-0.88771 0.49564 -0.19909 -339.63545 -62.76117 234.69574 -0.00000 0.00000 -0.00000 715.98185 -39.63255 356.53636 -27.01327 62.12445 43.48228 2.21333 9.37001 -23.48221 -1.77071 -22.75712 -8.78219 -0.00000 0.00000 -0.00000 87.42054 -55.66125 38.75679 15.23640 53.64362 -29.63447 -359.12649 0.17943 -342.16603 17.81493 56.09331 -32.78637 -14.10531 17.54530 -0.27894 -14.63623 6.18640 -5.92601 -7.79062 -3.52743 -3.77591 2.47087 -7.10043 11.19475 -10.65520 -5.68832 14.69980 -3.65618 0.42441 7.28810 -0.00000 0.00000 -0.00000 10.36023 34.66974 -76.04664 21.41738 -7.71180 -39.23291 0.00000 -35.88060 0.00000 33.46835 -9.28110 -13.70994 -7.12502 -0.00000 0.00000 6.60348 -4.05747 13.56627 -0.00000 0.00000 -0.00000 74.49353 20.69850 47.38327 -14.88561 -3.51280 26.41992 -0.00000 -41.69790 -0.00000 -11.19074 9.83027 319.20641 7.12502 -0.00000 -0.00000 10.15005 -5.00603 -70.98514
-0.90879 0.47936 -0.18857 -342.06200 -63.10551 223.54344 -0.00000 0.00000 -0.00000 709.83752 -26.91318 348.34461 -13.14994 51.28422 27.00400 0.18569 4.86657 -24.80197 -1.05801 -17.84805 -6.73024 -0.00000 0.00000 -0.00000 86.34809 -56.74705 30.10648 23.08393 59.95295 -38.99268 -360.15375 3.85392 -340.99446 18.75163 56.87924 -33.90981 -13.13194 14.53630 0.53003 -16.18016 5.90360 -4.41544 -10.37147 -2.38719 -3.18438 0.04471 -6.27328 13.71693 -14.88668 -7.88488 18.05641 -4.94846 0.05171 9.14892 0.00000 0.00000 0.00000 1.13451 34.36588 -65.05191 23.06117 -9.12438 -42.72403 0.00000 -33.81660 0.00000 32.10833 -10.54346 -16.25684 -7.12502 -0.00000 0.00000 5.62657 -3.84470 10.76070 0.00000 0.00000 0.00000 70.36472 26.04512 50.92603 -15.85733 -4.01400 28.24682 -0.00000 -44.26640 -0.00000 -11.54410 10.19807 319.08056 7.12502 -0.00000 -0.00000 9.69349 -4.83007 -71.24020
-0.92654 0.45956 -0.17916 -344.45607 -62.57709 219.52239 -0.00000 0.00000 -0.00000 705.79240 -15.49798 340.44617 -7.10763 41.35779 18.68752 0.40560 5.43751 -25.29458 -0.49433 12.34441 4.56867 -0.00000 0.00000 -0.00000 85.11555 -60.87390 27.47391 37.11621 65.96613 -54.70536 -360.58954 5.11877 -341.62082 18.20920 56.43021 -33.26049 -11.31893 11.42479 -0.05690 -16.04692 6.24328 -4.17184 -11.20516 -0.36766 -3.09212 0.77884 -3.45765 15.33991 -21.03958 -8.33242 20.03874 -6.62434 0.50243 10.36260 -0.00000 0.00000 -0.00000 -8.88652 34.29185 -59.71471 22.57430 -8.68824 -41.67477 0.00000 -30.86920 0.00000 32.45074 -14.81307 -21.90398 -7.12502 -0.00000 0.00000 6.36800 -5.59002 3.88471 -0.00000 0.00000 -0.00000 66.64969 28.45374 52.85489 -16.38538 -4.30291 29.24898 -0.00000 -44.91160 -0.00000 -11.76306 11.28008 316.79173 7.12502 -0.00000 -0.00000 8.72744 -4.83136 -73.75111
-0.93446 0.44398 -0.17230 -348.66969 -62.92808 217.98713 -0.00000 0.00000 -0.00000 704.49107 -8.64318 339.57019 -4.68409 35.01671 14.77435 -1.74410 2.02544 -29.77318 -1.31776 19.81284 7.53487 -0.00000 0.00000 -0.00000 84.72183 -64.70403 29.83588 48.89447 68.49312 -67.46818 -360.60587 5.16650 -341.65505 18.63075 56.78058 -33.76540 -12.13040 8.20175 -0.72409 -15.39029 6.44492 -4.27558 -10.01101 1.75263 -3.19395 2.60237 -2.27604 15.19107 -22.64990 -5.22404 20.27268 -7.15017 1.58457 10.32879 -0.00000 0.00000 -0.00000 -15.17439 36.00935 -57.70702 22.05900 -8.24320 -40.57863 0.00000 -28.53010 0.00000 31.39138 -14.72316 -22.61191 -7.12502 -0.00000 0.00000 5.60801 -5.01511 3.32193 -0.00000 0.00000 -0.00000 66.27734 27.76600 52.34579 -16.11871 -4.15552 28.74201 -0.00000 -43.20890 -0.00000 -11.48454 11.71735 315.01236 7.12502 -0.00000 -0.00000 8.48247 -5.04902 -75.54533
-0.93474 0.43850 -0.16961 -349.50607 -63.19265 224.64762 -0.00000 0.00000 -0.00000 706.44839 -6.61773 343.74446 -2.31019 25.71645 10.09587 4.25457 12.49334 -36.89645 -1.81898 23.04292 8.90624 -0.00000 0.00000 -0.00000 83.14450 -70.09626 28.86103 49.20912 68.54053 -67.80632 -358.83709 -0.47550 -341.26747 18.78995 56.91035 -33.95556 -13.04958 7.56791 -2.04258 -13.85170 6.65511 -5.62269 -7.73402 2.48979 -3.84363 5.11587 -2.80453 13.94694 -22.97892 -0.72671 19.26501 -7.18079 3.03185 9.44609 -0.00000 0.00000 0.00000 -14.19162 38.59415 -62.73271 20.70497 -7.14993 -37.76158 0.00000 -27.14000 0.00000 30.17404 -12.16407 -19.92137 -7.12502 -0.00000 0.00000 4.36509 -3.44046 6.82635 -0.00000 0.00000 0.00000 69.67014 23.90681 49.20149 -15.50082 -3.82559 27.57403 -0.00000 -39.19050 -0.00000 -11.28877 12.02513 313.77482 7.12502 -0.00000 -0.00000 8.30048 -5.18855 -76.79325
-0.92997 0.44486 -0.16667 -346.83822 -62.34785 238.48859 -0.00000 0.00000 -0.00000 709.00480 -7.36779 341.02547 -1.41674 20.50207 7.82211 -6.51192 -2.32744 -38.74161 -1.78840 -22.86242 -8.82783 -0.00000 0.00000 -0.00000 86.93911 -74.87583 34.56747 40.65631 66.89846 -58.56725 -356.76841 -10.25851 -342.94645 17.65600 55.95491 -32.59472 -11.29362 9.46536 -4.01168 -11.58906 7.51694 -8.00109 -6.06179 2.41956 -4.86510 7.50006 -4.49517 12.26973 -23.94472 2.37269 17.42021 -7.60579 4.21085 8.16714 0.00000 0.00000 0.00000 -14.16835 39.27321 -70.52748 18.50519 -5.58710 -33.34894 0.00000 -24.35050 0.00000 25.88382 -9.90084 -19.51221 -7.12502 -0.00000 0.00000 0.79273 -0.59333 8.18878 0.00000 0.00000 0.00000 70.71795 19.36444 44.99035 -15.86303 -4.01705 28.25759 -0.00000 -37.93650 -0.00000 -12.11928 13.07811 313.50032 7.12502 -0.00000 -0.00000 7.17142 -4.58216 -77.41271
-0.91842 0.45771 -0.16270 -344.90930 -61.69399 252.25883 -0.00000 0.00000 -0.00000 707.94455 -14.55812 341.20752 -1.70676 22.37117 8.61554 -6.29804 -21.98287 -19.87325 -7.99776 -43.23293 -20.01004 -0.00000 0.00000 -0.00000 97.82424 -74.93204 54.77825 31.86383 64.22499 -48.91603 -358.15896 -20.40880 -350.97277 15.34927 53.76075 -29.77453 -9.04780 12.12287 -5.89973 -9.56102 8.53461 -10.39254 -4.83824 2.07376 -5.91144 7.77043 -6.31704 10.73817 -23.28253 3.72157 15.40669 -7.39534 4.54865 6.96550 0.00000 0.00000 0.00000 -13.15868 37.12660 -80.78586 14.76387 -3.45273 -26.19254 0.00000 -22.47190 0.00000 17.71664 -7.16676 -21.33193 -7.12502 -0.00000 0.00000 -5.74754 4.40912 7.62731 0.00000 0.00000 0.00000 71.10952 14.60065 39.83689 -17.07790 -4.70009 30.57422 -0.00000 -37.74370 -0.00000 -11.16672 12.04268 313.41458 7.12502 -0.00000 -0.00000 8.32597 -5.27470 -77.13581
-0.90067 0.46848 -0.16102 -343.25414 -59.11517 265.65097 -0.00000 0.00000 -0.00000 708.00026 -31.89163 357.41314 -3.30927 30.19087 12.22540 -6.21643 -11.93959 -25.39763 -0.79952 -15.59887 -5.83215 -0.00000 0.00000 -0.00000 98.94952 -72.17249 68.91304 25.26152 61.21679 -41.49229 -362.26725 -23.33917 -362.11723 13.77992 52.03796 -27.80717 -6.00165 15.12572 -7.98410 -6.83774 9.59404 -12.81868 -3.15524 1.68326 -6.95064 7.04409 -7.32017 9.43673 -21.65266 3.71437 13.48997 -6.86109 4.25523 5.99936 -0.00000 0.00000 0.00000 -13.38232 32.70766 -87.99029 11.87709 -2.19647 -20.88408 0.00000 -20.10270 0.00000 4.57997 -2.05637 -24.12946 -7.12502 -0.00000 0.00000 -16.13555 13.26348 6.58452 -0.00000 0.00000 0.00000 75.07236 6.69665 35.65111 -18.04231 -5.28904 32.44226 -0.00000 -34.05920 -0.00000 -9.52538 9.73733 314.77323 7.12502 -0.00000 -0.00000 10.82083 -6.34551 -75.03840
-0.88237 0.47167 -0.16611 -343.21969 -53.83864 276.50056 -0.00000 0.00000 -0.00000 714.72799 -48.63906 375.20020 -8.46005 44.13454 20.67933 10.47794 21.21592 -33.41519 -14.99627 53.39111 29.33582 -0.00000 0.00000 -0.00000 91.90227 -67.56043 77.57262 22.18449 59.38130 -37.95060 -363.38399 -17.88515 -369.81028 10.90705 48.25117 -24.06740 -2.52501 17.01251 -9.87162 -2.81833 10.45104 -14.58937 -0.45452 1.97604 -7.67870 5.38766 -7.08277 8.26325 -20.89829 3.06577 11.80985 -6.53195 3.65965 5.20914 0.00000 0.00000 0.00000 -8.67442 28.99845 -89.34734 15.64262 -3.89989 -27.84126 0.00000 -19.57880 0.00000 1.35504 -0.69402 -27.11549 -7.12502 -0.00000 0.00000 -17.96782 16.38248 3.98597 0.00000 0.00000 0.00000 75.91596 -0.21708 33.38720 -18.77880 -5.76812 33.88817 -0.00000 -33.91450 -0.00000 -9.82614 10.84999 312.61744 7.12502 -0.00000 -0.00000 9.72930 -6.25815 -77.44685
-0.87288 0.46457 -0.17017 -345.61839 -46.60231 284.36776 -0.00000 0.00000 -0.00000 725.47099 -61.23585 384.17631 -26.87188 62.05447 43.32228 20.48512 32.94713 -35.05366 -26.51764 61.87669 42.92095 -0.00000 0.00000 -0.00000 82.48445 -59.55394 89.88336 26.35780 61.79530 -42.73964 -363.17456 -14.35353 -373.73279 10.56067 47.72642 -23.60123 0.80371 18.21413 -10.86006 1.95620 10.46880 -15.08441 3.11785 2.01061 -7.84995 3.01294 -5.70210 7.02070 -20.23879 3.88311 10.30121 -6.06685 3.31438 4.46167 0.00000 0.00000 -0.00000 -7.76655 26.95150 -84.81968 23.28058 -9.32608 -43.20146 0.00000 -16.91570 0.00000 7.28003 -5.24337 -35.57841 -7.12502 -0.00000 0.00000 -10.73262 13.23811 -5.38548 0.00000 0.00000 -0.00000 72.72126 -5.75960 28.30765 -19.80472 -6.48004 35.93348 -0.00000 -34.77330 -0.00000 -8.11189 9.46976 310.90301 7.12502 -0.00000 -0.00000 11.32561 -7.63017 -78.54230
-0.87108 0.44879 -0.17122 -348.97033 -39.94142 290.08886 -0.00000 0.00000 -0.00000 742.94655 -71.47481 396.34143 -79.18941 69.72864 99.78478 12.40255 23.74078 -33.44187 -23.11182 59.97018 39.02489 -0.00000 0.00000 -0.00000 79.35179 -57.44965 99.07049 32.66210 64.52135 -49.80139 -362.16301 -9.50094 -380.19455 12.24262 50.12754 -25.83169 2.46442 19.58031 -10.90315 5.43342 10.38488 -14.69429 6.24141 1.86970 -7.72157 0.87684 -4.30147 6.24330 -18.23198 5.03177 9.35564 -5.15651 3.09970 4.02761 0.00000 0.00000 0.00000 -15.21013 24.63969 -74.69377 30.01446 -17.61184 -60.04339 0.00000 -15.28930 0.00000 10.73024 -7.84142 -35.75244 -7.12502 -0.00000 0.00000 -8.00459 10.07220 -6.19841 0.00000 0.00000 0.00000 70.23408 -10.44435 22.05577 -20.35212 -6.88216 37.04110 -0.00000 -36.12750 -0.00000 -5.92610 6.93052 310.70317 7.12502 -0.00000 -0.00000 14.09552 -9.31138 -77.79633
-0.86762 0.43678 -0.17551 -350.78051 -34.32193 292.43594 -0.00000 0.00000 -0.00000 784.28146 -72.99982 436.68298 -117.63483 59.49865 141.83957 -2.52654 3.11696 -37.14712 -0.02478 -2.79189 -1.01702 -0.00000 0.00000 -0.00000 78.90283 -58.57846 103.30094 24.59809 60.84864 -40.73401 -358.13682 2.56738 -379.39522 11.44093 49.02807 -24.77869 2.30520 20.88355 -9.03685 6.78380 10.33215 -12.10560 7.79186 1.19755 -6.49586 -0.38864 -2.76941 5.92520 -16.63326 6.06713 8.94931 -4.49959 2.97566 3.86755 0.00000 0.00000 -0.00000 -26.46226 19.18512 -62.18954 33.60516 -25.39724 -73.46223 0.00000 -23.14170 0.00000 15.75326 -12.06663 -36.54105 -7.12502 -0.00000 0.00000 -3.94056 5.27500 -8.15711 0.00000 0.00000 -0.00000 69.46171 -15.09411 15.33329 -20.36744 -6.89364 37.07226 -0.00000 -39.03790 -0.00000 -4.52972 5.37684 310.21281 7.12502 -0.00000 -0.00000 15.78013 -10.43639 -77.65974
-0.86511 0.42391 -0.17822 -351.23225 -29.34236 293.53195 -0.00000 0.00000 -0.00000 806.85786 -60.65460 462.71492 -130.37769 46.21487 157.68230 -7.47206 -0.38736 -44.83297 -2.68762 -27.53405 -10.93796 -0.00000 0.00000 -0.00000 75.17337 -61.80711 102.06383 12.29118 50.19172 -25.89494 -358.34930 2.93613 -377.39227 11.30983 48.84075 -24.60480 2.37678 21.69560 -6.61820 5.97204 11.12470 -8.89886 6.41412 0.97913 -4.84910 1.25884 -2.35361 6.43272 -17.81104 6.18457 9.67977 -5.10552 3.12908 4.25310 -0.00000 0.00000 0.00000 -34.55608 6.97792 -50.36713 34.72924 -29.73597 -80.66173 0.00000 -31.96910 0.00000 25.50060 -16.94032 -31.41929 -7.12502 -0.00000 0.00000 2.30303 -2.77405 -5.27423 -0.00000 0.00000 0.00000 73.11430 -20.80227 11.57183 -19.56879 -6.31158 35.45971 -0.00000 -40.92120 -0.00000 -3.27545 3.76330 311.08664 7.12502 -0.00000 -0.00000 17.68874 -11.13311 -76.19234
-0.86864 0.40696 -0.17865 -351.86484 -23.72633 295.17516 -0.00000 0.00000 -0.00000 808.55352 -43.54004 468.23356 -134.72157 36.77898 164.21214 -4.65051 6.88510 -55.01288 -0.04551 -3.78167 -1.37855 -0.00000 0.00000 -0.00000 60.59673 -64.54191 94.88869 5.79420 38.18671 -16.63536 -359.63480 -2.88869 -381.71590 12.65427 50.66324 -26.36597 4.37004 22.57959 -5.02438 4.30545 12.45112 -6.49434 3.12206 1.28137 -3.48895 3.69753 -2.93217 7.65147 -20.18591 5.06509 11.31014 -6.17728 3.32806 5.09436 -0.00000 0.00000 0.00000 -34.69307 -7.85168 -37.58436 34.43567 -28.34958 -78.36186 0.00000 -29.91310 0.00000 31.12468 -15.79867 -24.27003 -7.12502 -0.00000 0.00000 5.57064 -5.32869 1.40329 -0.00000 0.00000 0.00000 79.11274 -26.60284 10.62156 -17.64464 -5.04103 31.66866 -0.00000 -41.47490 -0.00000 -1.04834 1.09894 313.65505 7.12502 -0.00000 -0.00000 21.23470 -11.74623 -72.65060
-0.87627 0.38940 -0.17446 -352.11061 -17.88419 296.87139 -0.00000 0.00000 -0.00000 811.40814 -34.31518 470.69416 -136.21541 31.99917 166.85439 -12.85641 2.65639 -59.94474 -0.64094 14.01293 5.21166 -0.00000 0.00000 -0.00000 53.84266 -68.32227 89.08451 3.84367 32.21252 -13.25677 -369.26679 -20.61272 -390.13318 18.25455 56.46838 -33.31491 5.49584 23.58009 -3.05605 3.26876 13.17637 -3.69108 1.01114 1.36068 -1.99023 5.60761 -3.49965 9.23415 -23.26896 3.97832 13.50957 -7.36287 3.73127 6.17448 0.00000 0.00000 -0.00000 -27.59341 -12.35825 -20.45528 33.35016 -24.64903 -72.21371 0.00000 -28.75650 0.00000 33.16495 -11.37029 -16.78740 -7.12502 -0.00000 0.00000 6.53735 -4.61799 9.90918 0.00000 0.00000 -0.00000 82.67819 -34.43097 9.93829 -14.41925 -3.28589 25.55054 -0.00000 -40.02480 -0.00000 1.06412 -1.08078 314.56004 7.12502 -0.00000 -0.00000 24.15479 -12.54161 -70.83622
-0.88632 0.37153 -0.16651 -350.64391 -14.23311 299.55093 -0.00000 0.00000 -0.00000 817.36997 -33.61671 474.62419 -137.06013 28.65733 168.52644 -20.58340 -3.32377 -61.09001 -1.90487 23.54019 9.12346 -0.00000 0.00000 -0.00000 56.18067 -74.10815 90.20472 3.42597 30.65087 -12.45588 -376.21783 -34.21509 -385.40847 20.74833 58.40053 -36.27330 3.58261 24.16018 -0.31552 1.55747 13.36848 -0.46434 -0.29570 1.30980 -0.39294 6.72894 -4.08179 10.77235 -24.04985 2.59419 15.46515 -7.69802 3.87023 7.21609 -0.00000 0.00000 -0.00000 -23.89108 -4.01965 -4.24855 32.65972 -22.84460 -69.17953 0.00000 -32.99640 0.00000 32.20017 -7.55329 -11.79034 -7.12502 -0.00000 0.00000 5.41980 -3.00738 16.05838 -0.00000 0.00000 -0.00000 85.38735 -43.68195 8.03245 -11.55982 -2.07732 20.30927 -0.00000 -33.98770 -0.00000 1.02488 -1.14850 311.74927 7.12502 -0.00000 -0.00000 23.57569 -13.68856 -73.47027
-0.89393 0.35818 -0.15863 -349.95528 -12.13080 303.81343 -0.00000 0.00000 -0.00000 821.23060 -34.53529 479.70472 -137.61896 26.07152 169.74189 -26.10246 -11.86982 -59.15814 -0.09145 5.35518 1.95520 -0.00000 0.00000 -0.00000 36.49948 -76.74337 78.06112 3.22798 29.86383 -12.06297 -374.92021 -46.67682 -372.95510 22.46090 59.56030 -38.27149 2.94316 25.43175 2.42123 -0.94684 13.78332 2.95715 -3.22429 1.44468 1.41300 6.83626 -4.13886 11.09620 -22.60277 0.47978 15.46866 -7.37991 3.17018 7.41009 -0.00000 0.00000 0.00000 -29.48284 6.03419 1.49819 31.86752 -21.05708 -66.12751 0.00000 -30.26930 0.00000 29.92587 -6.10099 -10.46104 -7.12502 -0.00000 0.00000 3.36973 -1.72634 17.90388 -0.00000 0.00000 0.00000 86.15309 -45.38226 1.37483 -10.65328 -1.75661 18.67479 -0.00000 -30.93110 -0.00000 -1.40446 1.92410 306.13759 7.12502 -0.00000 -0.00000 18.87093 -13.93575 -80.16792
-0.89659 0.35061 -0.14946 -351.03344 -11.46443 309.71555 -0.00000 0.00000 -0.00000 820.77448 -38.97964 481.71341 -137.81546 25.06939 170.19712 -28.40647 -18.47570 -57.13296 -0.17877 -7.47338 -2.73666 -0.00000 0.00000 -0.00000 8.95499 -78.67196 50.51134 3.60421 31.33281 -12.80203 -368.95849 -44.39261 -365.39813 23.20707 60.02883 -39.13488 1.72863 27.89824 3.82118 -1.57746 14.49161 4.48283 -3.64799 1.24169 2.15074 5.11105 -4.41873 11.66446 -22.87530 -0.88436 16.13297 -7.22137 2.81595 7.81874 -0.00000 0.00000 0.00000 -44.61746 10.38528 3.80323 30.75419 -18.88925 -62.33709 0.00000 -30.48010 0.00000 30.48122 -4.60643 -7.76962 -7.12502 -0.00000 0.00000 3.72985 -1.66560 20.96954 -0.00000 0.00000 0.00000 84.13419 -41.73608 -1.88464 -9.31525 -1.33542 16.28175 -0.00000 -18.15950 -0.00000 -4.30506 7.99632 298.42004 7.12502 -0.00000 -0.00000 -12.34253 11.59726 92.42523
-0.89557 0.34440 -0.13878 -353.22089 -10.65572 315.19971 -0.00000 0.00000 -0.00000 819.70091 -43.84121 480.31482 -137.83343 24.97494 170.23961 -28.64945 -17.13281 -58.22904 -0.00430 1.16324 0.42345 -0.00000 0.00000 -0.00000 -13.48256 -78.82100 26.30578 4.83890 35.49153 -15.04255 -367.92611 -35.92427 -368.13131 23.18690 60.01644 -39.11160 0.86564 28.99564 5.10777 -1.74234 14.50411 5.97612 -3.75288 0.87054 2.87696 5.21415 -5.06414 11.77341 -23.23709 -0.44996 16.39782 -7.25400 3.11703 7.87902 0.00000 0.00000 -0.00000 -60.78015 11.10931 5.10993 28.64762 -15.50754 -56.13801 0.00000 -32.08790 0.00000 32.49065 -4.48897 -7.00646 -7.12502 -0.00000 0.00000 5.49776 -2.37632 21.69441 0.00000 0.00000 -0.00000 81.74444 -33.50193 -2.27311 -8.20019 -1.03059 14.30280 -0.00000 -1.86836 -0.00000 -3.25153 7.17516 294.45792 7.12502 -0.00000 -0.00000 -13.98728 11.49269 96.34450
-0.89694 0.33529 -0.12633 -356.78349 -9.77486 319.73754 -0.00000 0.00000 -0.00000 817.43126 -48.35541 476.78494 -137.90905 24.57198 170.42007 -26.75814 -14.30669 -58.06855 -0.48763 12.26216 4.53721 -0.00000 0.00000 -0.00000 -31.16280 -80.07843 4.33140 7.44304 42.08734 -19.19148 -365.43760 -22.33577 -372.64328 22.44470 59.54989 -38.25271 -0.02142 27.30366 6.29836 -1.34854 14.08539 7.46380 -2.98346 1.12791 3.58683 4.81253 -5.75967 11.69829 -21.42484 0.84463 16.40993 -6.46520 3.36783 7.77981 -0.00000 0.00000 0.00000 -74.17048 8.83671 7.89813 25.66443 -11.74529 -48.60342 0.00000 -40.38540 0.00000 32.78473 -2.15511 -3.34145 -7.12502 -0.00000 0.00000 5.73599 -1.98019 26.01681 -0.00000 0.00000 0.00000 78.87588 -24.57270 -1.39025 -9.98734 -1.53932 17.48106 -0.00000 -1.70642 -0.00000 -3.31074 7.77191 293.15995 7.12502 -0.00000 -0.00000 -13.80923 10.82616 97.61385
-0.89433 0.33119 -0.11480 -361.71904 -10.26177 324.71501 -0.00000 0.00000 -0.00000 815.57038 -52.72388 473.33248 -137.97782 24.19754 170.58664 -14.01419 -1.54035 -55.12399 -4.56014 34.62790 14.55729 -0.00000 0.00000 -0.00000 -43.20497 -78.17252 -11.03811 11.84207 49.58784 -25.30772 -361.28499 -10.36769 -366.93646 21.61411 59.00221 -37.28651 0.64573 25.09405 6.70919 -1.10488 13.33935 8.35942 -3.00462 1.41226 4.10534 4.04066 -6.08587 10.73592 -17.04024 2.91892 15.09345 -4.92009 3.39692 7.08019 -0.00000 0.00000 0.00000 -82.55399 3.42008 10.93858 22.46618 -8.59348 -41.44359 0.00000 -49.45160 0.00000 33.64376 0.23820 0.35793 -7.12502 -0.00000 0.00000 6.61466 -1.73099 30.39964 -0.00000 0.00000 0.00000 74.42459 -18.90371 0.06588 -12.23154 -2.33389 21.52808 -0.00000 -6.35135 -0.00000 -4.16264 9.08306 294.75079 7.12502 -0.00000 -0.00000 -12.37722 10.21772 96.04986
-0.88862 0.33402 -0.10548 -366.84299 -12.72582 330.35441 -0.00000 0.00000 -0.00000 816.29731 -56.82342 472.41028 -137.89803 24.63128 170.39359 8.22032 16.43383 -46.95883 -8.46926 44.15204 20.69255 -0.00000 0.00000 -0.00000 -55.20615 -75.66308 -28.46444 21.52156 58.93944 -37.17852 -360.03408 -2.19087 -360.64498 19.91009 57.78576 -35.28589 1.78986 23.54716 6.64208 -0.94755 12.72886 8.67848 -3.33282 1.61250 4.36494 1.86975 -6.08665 8.58155 -9.93628 5.82919 12.08221 -2.76246 3.70505 5.67035 -0.00000 0.00000 0.00000 -85.77900 -4.21425 10.76250 18.16745 -5.36862 -32.68672 0.00000 -49.70300 0.00000 34.38802 0.08008 0.11701 -7.12502 -0.00000 0.00000 7.29919 -1.95155 30.11139 -0.00000 0.00000 0.00000 68.07579 -17.14243 3.56722 -13.69306 -2.94964 24.20558 -0.00000 -8.49520 -0.00000 -6.03111 10.42598 300.27776 7.12502 -0.00000 -0.00000 10.05806 -9.83226 271.08734
-0.87903 0.34383 -0.10064 -371.84107 -16.37963 334.21722 -0.00000 0.00000 -0.00000 816.16737 -59.65074 469.48810 -137.61299 26.10111 169.72832 19.62065 30.54713 -37.32816 -8.84757 44.85632 21.23225 -0.00000 0.00000 -0.00000 -62.56497 -74.55085 -42.33320 44.71994 67.77504 -62.97046 -360.01453 0.90628 -356.15198 14.79339 53.17416 -29.08273 2.67381 23.02514 6.84178 -1.37745 12.29269 9.21417 -4.30378 1.65506 4.73180 -0.19684 -5.11173 6.20766 -3.17812 8.91246 8.63450 -0.32821 3.89185 4.11143 -0.00000 0.00000 0.00000 -85.73960 -14.80778 8.73594 15.41832 -3.78275 -27.41877 0.00000 -50.92610 0.00000 30.73944 -1.92554 -3.23386 -7.12502 -0.00000 0.00000 3.86628 -1.31666 26.22184 -0.00000 0.00000 0.00000 61.56150 -17.52215 9.89547 -15.02954 -3.58460 26.68918 -0.00000 -12.53680 -0.00000 -9.20712 11.19608 309.85538 7.12502 -0.00000 -0.00000 9.53554 -6.78919 279.86392
-0.86878 0.35512 -0.09961 -374.71763 -19.50149 338.63402 -0.00000 0.00000 -0.00000 820.35945 -62.36702 473.41655 -137.15664 28.23540 168.72906 21.23502 37.34715 -30.50300 -3.65624 31.52741 12.90180 -0.00000 0.00000 -0.00000 -79.31371 -72.67731 -64.72661 90.69474 68.55483 -112.09038 -360.07928 1.93704 -352.70331 9.09215 45.29691 -21.57767 3.25300 22.08006 6.74926 -2.97241 11.64832 9.27122 -6.28776 1.78888 4.89399 0.40353 -3.92292 4.53992 1.80372 10.92059 5.88240 1.01911 4.20706 2.99424 0.00000 0.00000 -0.00000 -83.01541 -19.89979 5.74374 14.63231 -3.38848 -25.94716 0.00000 -48.76120 0.00000 29.78298 -3.57199 -6.21283 -7.12502 -0.00000 0.00000 3.05117 -1.24492 22.82446 0.00000 0.00000 -0.00000 54.82669 -16.06000 16.49385 -17.58561 -5.00483 31.55423 -0.00000 -18.68840 -0.00000 -12.31820 11.90537 316.62833 7.12502 -0.00000 -0.00000 8.00303 -4.49293 285.87446
-0.86336 0.36158 -0.10076 -376.32676 -21.82505 345.23613 -0.00000 0.00000 -0.00000 843.43016 -71.43140 497.36090 -135.95523 32.92156 166.36963 13.39881 30.12663 -24.69079 -1.06385 17.89509 6.74927 -0.00000 0.00000 -0.00000 -92.31623 -64.53631 -84.48641 121.35208 56.79464 -146.21409 -359.97407 2.43933 -345.62769 4.18514 33.40147 -13.88699 4.08783 21.80132 5.96784 -4.87150 11.21823 8.45090 -8.73571 1.77435 4.63458 2.32965 -3.43854 3.43218 5.76742 10.92619 3.86516 1.82111 4.12132 2.26730 0.00000 0.00000 -0.00000 -78.22260 -22.89819 -1.07487 12.04760 -2.26200 -21.19364 0.00000 -41.41020 0.00000 30.53449 -8.82076 -14.57252 -7.12502 -0.00000 0.00000 4.17654 -2.61193 13.03346 0.00000 0.00000 -0.00000 45.80111 -16.21208 22.17000 -20.16201 -6.74069 36.65506 -0.00000 -19.72900 -0.00000 -14.52362 10.97663 323.68393 7.12502 -0.00000 -0.00000 7.52704 -3.11192 292.66475
-0.86248 0.36090 -0.09986 -377.42076 -22.22588 352.89404 -0.00000 0.00000 -0.00000 901.42720 -74.05188 554.72760 -131.79636 43.64012 159.69054 3.12283 14.17314 -13.74981 -0.31428 9.88049 3.63472 -0.00000 0.00000 -0.00000 -92.72296 -50.59763 -95.78692 131.86598 43.50348 -159.79153 -359.86230 3.99256 -335.85020 2.05768 24.39183 -9.49965 4.04180 21.06906 4.80451 -5.77577 11.19543 6.95500 -9.43955 1.90586 3.93842 2.96005 -4.59583 2.89788 8.17539 9.67423 2.89468 2.43959 3.92000 1.91236 0.00000 0.00000 -0.00000 -75.76556 -27.18168 -5.18526 10.87065 -1.83087 -19.06567 0.00000 -37.37270 0.00000 30.08858 -13.40649 -21.80931 -7.12502 -0.00000 0.00000 4.49711 -3.83534 4.62025 0.00000 0.00000 -0.00000 33.91239 -19.93726 27.22949 -22.39803 -8.53413 41.29820 -0.00000 -19.65470 -0.00000 -16.15948 10.35290 328.19263 7.12502 -0.00000 -0.00000 6.83846 -2.23399 296.99349
-0.85774 0.36366 -0.09543 -378.39421 -20.31502 359.41182 -0.00000 0.00000 -0.00000 916.99073 -70.55070 568.62606 -120.16137 57.73181 144.79860 0.52392 4.98797 -8.45942 -0.00217 -0.82743 -0.30118 -0.00000 0.00000 -0.00000 -83.52459 -45.99143 -102.00195 134.56017 37.23080 -163.94398 -361.80229 8.70119 -329.11862 6.20996 39.24989 -17.30001 4.74026 19.85472 3.46331 -6.56243 10.75227 5.31441 -10.44299 1.82703 3.17059 3.83586 -6.57241 3.23940 6.49278 8.03019 3.41528 1.75340 3.74059 2.10972 -0.00000 0.00000 -0.00000 -70.08372 -17.17441 -4.12253 11.22642 -1.95599 -19.70681 0.00000 -42.78440 0.00000 33.67903 -16.05705 -22.54161 -7.12502 -0.00000 0.00000 7.36828 -6.74613 2.74774 -0.00000 0.00000 -0.00000 22.98811 -25.99123 30.90308 -24.70111 -10.71459 46.36890 -0.00000 -22.42640 -0.00000 -16.88436 9.90578 330.45680 7.12502 -0.00000 -0.00000 6.56185 -1.86322 299.21682
-0.85111 0.37466 -0.08505 -379.40008 -18.35050 364.92795 -0.00000 0.00000 -0.00000 916.69137 -70.87896 568.97029 -91.96959 68.35827 113.46097 -0.37517 -1.58051 -8.08564 -2.50770 -26.68975 -10.54318 -0.00000 0.00000 -0.00000 -71.86353 -50.17553 -102.49819 134.42876 37.59092 -163.72768 -355.60691 -1.77361 -327.07075 12.41812 50.35822 -26.05998 4.34462 18.62573 2.75574 -7.07107 9.66858 4.27479 -10.65415 1.02144 2.57573 4.39173 -7.35775 3.49051 4.57955 7.53702 3.83210 1.05784 3.75359 2.24384 -0.00000 0.00000 0.00000 -68.69538 -17.03209 -4.63900 12.62903 -2.49346 -22.25266 0.00000 -40.84000 0.00000 34.25669 -17.53670 -23.86612 -7.12502 -0.00000 0.00000 7.89933 -7.72314 0.91517 -0.00000 0.00000 0.00000 13.43855 -30.56903 30.51443 -26.78106 -13.04287 51.30011 -0.00000 -24.35930 -0.00000 -20.02409 9.54942 335.52468 7.12502 -0.00000 -0.00000 4.23189 -0.82945 303.93065
-0.84698 0.39578 -0.07494 -382.39898 -19.04976 371.01728 -0.00000 0.00000 -0.00000 915.90785 -73.57735 569.15655 -57.31727 69.47758 76.48839 -0.65810 -5.12210 -7.34871 -6.86682 -40.81546 -18.32110 -0.00000 0.00000 -0.00000 -63.01202 -44.12651 -98.37518 133.74663 39.35753 -162.63145 -351.43946 -8.85566 -325.26803 9.64269 46.24921 -22.34593 4.23734 18.23266 2.43896 -6.82679 8.69628 3.83053 -10.29479 0.02248 2.26898 3.52368 -6.82306 2.31500 7.07883 7.55746 2.18410 1.89803 3.64296 1.51266 -0.00000 0.00000 -0.00000 -66.18827 -14.69582 -5.78711 13.32282 -2.78605 -23.52375 0.00000 -38.18410 0.00000 35.10120 -19.07969 -24.94250 -7.12502 -0.00000 0.00000 8.58395 -8.91163 -0.74209 -0.00000 0.00000 -0.00000 3.52869 -30.09461 23.84760 -27.53491 -13.98951 53.19777 -0.00000 -22.09200 -0.00000 -26.76551 9.44288 341.98142 7.12502 -0.00000 -0.00000 -1.63599 0.15002 309.76214
-0.84716 0.42217 -0.06455 -388.74220 -23.76434 376.50414 -0.00000 0.00000 -0.00000 920.61964 -77.52449 572.22479 -44.71684 67.77444 62.96711 -0.60147 -6.85375 -6.00076 -10.08834 -46.98269 -22.95910 -0.00000 0.00000 -0.00000 -55.19254 -38.51896 -92.22615 132.69301 41.79491 -161.01208 -358.22613 2.97911 -327.05663 6.15809 39.12049 -17.21792 5.41599 18.38467 1.78526 -4.98141 9.26941 3.26872 -8.77359 0.37339 2.01782 2.09062 -5.98047 1.32470 11.78182 5.73354 0.88555 3.61752 2.90690 0.93512 0.00000 0.00000 -0.00000 -64.30670 -13.21902 -7.52081 13.90140 -3.04401 -24.59038 0.00000 -35.20340 0.00000 35.73128 -20.63133 -26.09502 -7.12502 -0.00000 0.00000 9.08592 -10.03982 -2.46864 0.00000 0.00000 -0.00000 -3.15656 -25.55828 14.57813 -27.25373 -13.62925 52.48191 -0.00000 -14.92550 -0.00000 -31.10802 8.88025 345.65030 7.12502 -0.00000 -0.00000 -5.46644 0.16485 313.27787
-0.85448 0.45962 -0.05296 -396.29081 -29.23188 382.74846 -0.00000 0.00000 -0.00000 928.25188 -79.61347 578.17892 -48.83389 68.48389 67.40306 -0.30331 -7.42457 -3.68056 -9.75923 -46.44413 -22.50700 -0.00000 0.00000 -0.00000 -43.86416 -43.37757 -82.83564 129.59485 47.48520 -156.60936 -370.81291 24.56702 -333.35247 8.45612 44.12707 -20.67369 5.41897 18.10754 0.24787 -2.63305 10.04022 1.33796 -5.90585 0.86647 1.03123 2.80133 -6.70826 0.60267 15.68665 5.58409 -0.40442 4.26996 2.82250 0.50680 0.00000 0.00000 0.00000 -60.20561 -13.06073 -7.99245 13.86852 -3.02900 -24.52960 0.00000 -33.14780 0.00000 35.87909 -21.77075 -27.14709 -7.12502 -0.00000 0.00000 9.22784 -10.73440 -3.90327 0.00000 0.00000 0.00000 -1.47919 -17.55596 6.65707 -26.49213 -12.69571 50.59015 -0.00000 -13.97550 -0.00000 -32.91821 9.21620 346.10418 7.12502 -0.00000 -0.00000 -7.21937 0.18603 313.53174
-0.86262 0.50207 -0.03782 -401.51298 -32.84343 392.04251 -0.00000 0.00000 -0.00000 936.31906 -80.28447 589.84551 -62.29489 69.80988 81.79710 -0.15859 -7.46588 -2.58085 -9.45082 -45.92332 -22.07959 -0.00000 0.00000 -0.00000 -29.67439 -55.14486 -66.52022 122.69871 55.64049 -147.83415 -373.76389 40.10648 -344.41027 13.24789 51.40396 -27.12944 4.62157 17.23412 -1.56832 -1.08433 10.66597 -1.13186 -3.53110 1.66152 -0.23146 2.19684 -6.20136 -0.71172 19.21250 4.11041 -2.06952 5.36645 2.46992 -0.32406 0.00000 0.00000 -0.00000 -55.81922 -15.16574 -11.74461 12.95726 -2.62963 -22.85296 0.00000 -29.34140 0.00000 35.06408 -21.93097 -28.01880 -7.12502 -0.00000 0.00000 8.71524 -10.40994 -4.68938 0.00000 0.00000 -0.00000 5.25539 -7.57815 -4.18126 -25.32341 -11.37156 47.80346 -0.00000 -13.86660 -0.00000 -33.55713 8.93725 346.81864 7.12502 -0.00000 -0.00000 -7.75020 0.09710 314.28658
-0.86527 0.54726 -0.02027 -405.12469 -34.84237 402.68929 -0.00000 0.00000 -0.00000 947.01734 -82.51482 605.78012 -74.36386 69.93936 94.64452 -0.11027 -3.86091 -2.30697 -8.22827 -43.68824 -20.34515 -0.00000 0.00000 -0.00000 -5.85032 -65.96512 -33.80052 113.04724 62.09457 -136.58618 -366.91485 25.09408 -345.75993 8.29719 43.82211 -20.44479 3.20988 16.35409 -3.68722 0.77351 11.06499 -4.09462 -0.59047 2.51186 -1.80642 -0.18649 -6.32398 -1.38048 21.47820 3.29421 -2.77179 6.45771 2.38663 -0.69068 -0.00000 0.00000 0.00000 -53.19943 -17.32777 -16.19118 12.26687 -2.34783 -21.59237 0.00000 -25.76160 0.00000 34.45151 -21.46633 -28.07696 -7.12502 -0.00000 0.00000 8.30466 -9.84156 -4.50305 -0.00000 0.00000 0.00000 15.22921 -1.42357 -14.11241 -23.57125 -9.59835 43.83853 -0.00000 -9.00800 -0.00000 -34.67669 9.30053 346.85139 7.12502 -0.00000 -0.00000 -8.86850 0.13105 314.16016
-0.85858 0.59150 0.00131 -407.89474 -37.34202 414.12129 -0.00000 0.00000 -0.00000 998.29661 -85.42400 660.15726 -74.89781 69.92356 95.21298 0.01575 0.85749 -1.53592 -11.10424 -48.54251 -24.33110 -0.00000 0.00000 -0.00000 26.55204 -65.35313 13.16815 103.92039 65.65909 -126.43100 -360.33004 5.37571 -356.61433 2.74151 27.77969 -11.05405 2.89478 16.01666 -6.21993 2.06125 11.44432 -7.42454 1.09957 3.27776 -3.50967 -0.34446 -5.89862 -1.69419 23.13369 2.49432 -3.06447 7.01659 2.15339 -0.86683 -0.00000 0.00000 -0.00000 -49.62712 -19.22996 -19.62525 11.91079 -2.20934 -20.94523 0.00000 -23.37570 0.00000 32.69395 -21.22702 -29.42752 -7.12502 -0.00000 0.00000 7.19616 -8.80800 -5.49204 -0.00000 0.00000 -0.00000 28.59955 1.64982 -21.37981 -20.78540 -7.21192 37.92655 -0.00000 -8.25826 -0.00000 -33.27186 10.76899 344.10538 7.12502 -0.00000 -0.00000 -7.91349 0.54467 311.08767
-0.84221 0.62793 0.02760 -410.67905 -40.64436 425.28885 -0.00000 0.00000 -0.00000 1061.28334 -82.24807 723.63733 -61.80828 69.78488 81.27858 0.03157 -2.68260 0.28079 -20.83946 -58.46541 -36.38025 -0.00000 0.00000 -0.00000 41.93858 -56.99842 47.22698 98.88163 67.00793 -120.93062 -360.05308 -1.51968 -363.25861 1.70914 22.38566 -8.62178 2.86829 16.03523 -8.89680 4.04499 11.38662 -10.91806 3.41569 3.75232 -5.35196 0.20547 -5.41738 -1.94132 23.90986 2.00531 -3.32435 7.17180 1.96909 -1.03071 -0.00000 0.00000 0.00000 -47.57486 -22.01770 -21.92845 11.54260 -2.07095 -20.27811 0.00000 -21.16210 0.00000 31.19700 -21.85491 -31.58082 -7.12502 -0.00000 0.00000 6.36325 -8.37713 -7.56739 -0.00000 0.00000 0.00000 40.80254 0.95682 -26.18256 -17.38144 -4.88088 31.15925 -0.00000 -8.80812 -0.00000 -31.92872 10.37101 343.88632 7.12502 -0.00000 -0.00000 -6.58539 0.45602 311.05624
-0.81791 0.65093 0.05288 -413.50371 -43.76079 435.55082 -0.00000 0.00000 -0.00000 1076.82570 -76.65616 739.39504 -42.80808 67.38627 60.90232 0.82151 -7.18281 7.46583 -22.32312 -59.47145 -38.11161 -0.00000 0.00000 -0.00000 43.90755 -51.26486 69.58270 101.05823 66.46832 -123.29973 -359.91140 -3.54300 -357.94756 1.31528 19.79523 -7.52756 3.77160 15.60981 -11.99648 6.41160 11.01555 -14.94316 5.62180 4.39088 -7.48356 -0.00115 -5.40353 -1.83816 24.04491 0.74334 -2.88897 7.28075 1.55433 -0.91069 0.00000 0.00000 0.00000 -45.89230 -23.80511 -21.52490 11.67536 -2.12029 -20.51842 0.00000 -20.47010 0.00000 29.51003 -22.22829 -33.75743 -7.12502 -0.00000 0.00000 5.45392 -7.70507 -9.54439 0.00000 0.00000 0.00000 48.65705 -4.34075 -28.56605 -14.71738 -3.42995 26.10578 -0.00000 -5.41794 -0.00000 -32.80185 10.49714 344.21558 7.12502 -0.00000 -0.00000 -7.41595 0.48211 311.30124
-0.79421 0.66282 0.06962 -417.11441 -46.73672 440.45408 -0.00000 0.00000 -0.00000 1094.29700 -74.02052 760.87486 -34.45161 65.14231 51.77854 0.38122 -4.65501 19.92920 -15.11747 -53.51914 -29.48668 -0.00000 0.00000 -0.00000 47.85723 -50.69858 89.63896 102.36392 66.11401 -124.72576 -359.06948 -8.89122 -352.66098 2.07753 24.49951 -9.54761 5.51397 15.54768 -14.32548 8.68375 9.84687 -17.84177 7.62361 3.89134 -9.06782 -0.48021 -4.97197 -1.21489 22.99874 -0.35149 -1.70484 7.06609 0.99884 -0.45485 -0.00000 0.00000 -0.00000 -43.80293 -22.75900 -17.05083 12.34872 -2.38032 -21.74142 0.00000 -22.53210 0.00000 29.12586 -22.96992 -35.00713 -7.12502 -0.00000 0.00000 5.33596 -7.93421 -10.91629 -0.00000 0.00000 -0.00000 52.30957 -7.24920 -28.50250 -13.45686 -2.84467 23.77031 -0.00000 -3.89579 -0.00000 -31.25038 13.26907 339.28144 7.12502 -0.00000 -0.00000 -6.78724 1.10993 305.75582
-0.78073 0.67203 0.07366 -421.01389 -49.00040 437.86464 -0.00000 0.00000 -0.00000 1107.57547 -70.93214 778.04158 -27.39236 62.30939 43.91077 -3.22526 0.22732 31.46139 -8.94723 -45.03719 -21.37331 -0.00000 0.00000 -0.00000 63.88470 -52.85573 108.74118 92.67744 68.24261 -114.22281 -358.89296 -15.92801 -353.05550 4.81119 35.40740 -14.99477 6.26941 16.59518 -14.59936 10.28517 9.40169 -17.97949 9.47923 3.38115 -9.27277 -1.39396 -4.40916 -0.34883 23.21655 -1.85633 -0.08799 7.33476 0.27030 0.21276 0.00000 0.00000 0.00000 -42.58989 -21.92087 -12.28573 13.24310 -2.75151 -23.37726 0.00000 -25.33190 0.00000 29.59866 -24.44554 -36.07367 -7.12502 -0.00000 0.00000 5.74156 -9.06754 -12.46265 0.00000 0.00000 0.00000 55.11567 -6.05117 -23.04505 -13.12634 -2.70135 23.16293 -0.00000 -5.26874 -0.00000 -30.30410 16.20558 334.47470 7.12502 -0.00000 -0.00000 -6.94204 1.82906 300.31095
-0.77547 0.67909 0.07608 -422.54765 -49.82342 432.20158 -0.00000 0.00000 -0.00000 1100.76205 -67.54378 770.13798 -19.11555 57.17149 34.34360 0.06426 -5.91550 32.09260 -13.93804 -52.22123 -28.00747 -0.00000 0.00000 -0.00000 91.13528 -52.20861 119.63695 70.77831 69.99808 -90.82826 -358.48319 -18.63499 -351.83773 2.95372 28.71709 -11.50240 5.04490 18.49771 -13.06531 10.28550 10.20318 -15.89343 10.28113 3.32828 -8.28843 -1.29040 -4.71651 0.00983 23.09694 -1.12045 0.24738 7.28551 0.49106 0.45224 -0.00000 0.00000 -0.00000 -41.85899 -23.92389 -10.46157 13.71690 -2.96035 -24.24956 0.00000 -24.77500 0.00000 30.27706 -24.47574 -35.36161 -7.12502 -0.00000 0.00000 6.10066 -9.43450 -11.89441 -0.00000 0.00000 -0.00000 58.85122 -0.40987 -13.68655 -13.45237 -2.84270 23.76204 -0.00000 -7.68487 -0.00000 -31.48873 17.00943 334.47202 7.12502 -0.00000 -0.00000 -8.20879 2.21695 299.98910
-0.77516 0.68349 0.07696 -421.47923 -48.45572 425.89343 -0.00000 0.00000 -0.00000 1084.06243 -63.52792 747.84769 -14.07531 52.37848 28.18097 3.93085 -23.82499 6.65959 -21.13200 -58.67119 -36.72311 -0.00000 0.00000 -0.00000 120.82004 -49.47716 117.22968 56.53128 69.40912 -75.64894 -356.12287 -14.44002 -343.32177 1.08639 18.07527 -6.82227 2.10001 19.81897 -9.92950 8.68381 11.48429 -12.08428 9.71562 3.52109 -6.36203 -1.18211 -5.38038 -0.15525 23.18564 -0.06049 -0.24180 7.29235 0.97698 0.32848 0.00000 0.00000 -0.00000 -41.10932 -26.21376 -13.21445 12.58460 -2.47533 -22.17154 0.00000 -21.57470 0.00000 28.89294 -22.12991 -34.31760 -7.12502 -0.00000 0.00000 5.10681 -7.32372 -9.96736 0.00000 0.00000 -0.00000 61.59569 6.90181 -3.81042 -14.88511 -3.51256 26.41900 -0.00000 -8.25624 -0.00000 -30.16998 15.06761 335.90616 7.12502 -0.00000 -0.00000 -6.43457 1.48799 302.03365
-0.77509 0.69035 0.07343 -416.56243 -44.49587 423.27664 -0.00000 0.00000 -0.00000 1066.91941 -56.67640 727.62757 -10.60208 47.79004 23.65716 -2.74254 -15.69688 -12.54706 -1.04510 -17.74362 -6.68802 -0.00000 0.00000 -0.00000 137.71740 -49.57495 104.99344 61.24869 69.75417 -80.68220 -356.45310 -6.96036 -338.55015 5.42145 37.17987 -16.02561 -1.38712 21.59955 -6.35771 5.06631 12.39980 -7.79773 7.31979 2.69784 -4.08460 0.68708 -5.38548 -1.00347 23.77702 -1.20190 -1.29542 7.13396 0.77814 -0.27025 -0.00000 0.00000 0.00000 -40.98423 -29.32155 -20.82835 10.46900 -1.69494 -18.34389 0.00000 -14.67090 0.00000 28.16446 -17.68228 -29.56687 -7.12502 -0.00000 0.00000 3.98886 -4.59826 -3.98293 -0.00000 0.00000 0.00000 64.68359 12.97214 2.34062 -18.52340 -5.59903 33.38476 -0.00000 -9.07018 -0.00000 -29.57667 13.67514 337.38518 7.12502 -0.00000 -0.00000 -5.45681 1.07378 303.90117
-0.77107 0.69778 0.07231 -411.30295 -37.08741 423.51842 -0.00000 0.00000 -0.00000 1051.15655 -51.22469 714.85822 -7.54373 42.30077 19.34140 -2.63768 -9.47129 -15.26186 -1.52296 21.21092 8.12045 -0.00000 0.00000 -0.00000 141.61319 -50.89746 95.97393 65.97870 69.94852 -85.72016 -360.24659 4.14211 -340.95793 10.80863 48.10378 -23.93533 -5.44860 22.35044 -2.95718 0.34595 12.38530 -4.07403 3.99515 1.62949 -2.10901 2.25301 -5.37994 -2.85485 25.26963 -3.95414 -3.36149 7.35089 0.23696 -1.53477 0.00000 0.00000 -0.00000 -49.12562 -37.00121 -37.42264 8.45652 -1.09701 -14.75660 0.00000 -0.84805 0.00000 26.94577 -10.26669 -19.32150 -7.12502 -0.00000 0.00000 1.64941 -1.23434 8.20019 0.00000 0.00000 -0.00000 68.16394 17.58689 3.48463 -23.82181 -9.83781 44.39206 -0.00000 -10.75550 -0.00000 -29.89571 13.92451 337.28757 7.12502 -0.00000 -0.00000 -5.81499 1.16401 303.71912
-0.76167 0.70494 0.07530 -408.90272 -29.03557 426.60541 -0.00000 0.00000 -0.00000 1036.54401 -49.60661 706.77022 -5.52401 37.46226 16.19477 -1.82961 -6.83760 -13.58989 -0.40676 11.21853 4.13981 -0.00000 0.00000 -0.00000 140.09289 -53.48940 94.15280 58.25915 69.55373 -77.49383 -360.01557 3.53206 -340.41941 11.07060 48.49318 -24.28620 -7.04655 21.60638 -0.98908 -3.31053 11.78126 -1.79800 0.61820 0.99276 -0.84084 1.52948 -5.64770 -5.63940 25.92761 -6.16212 -6.86205 7.70621 0.13268 -3.47713 -0.00000 0.00000 -0.00000 -51.39434 -29.48103 -50.21543 8.43446 -1.09121 -14.71753 0.00000 2.88198 -0.00000 31.36692 -5.64570 -9.16714 -7.12502 -0.00000 0.00000 4.56988 -2.20910 19.25386 -0.00000 0.00000 -0.00000 70.67081 20.33004 0.98342 -28.26047 -14.96168 55.09407 -0.00000 -9.89876 -0.00000 -33.80607 12.90674 341.55223 7.12502 -0.00000 -0.00000 -8.95422 1.12170 307.91783
-0.75658 0.70517 0.08405 -410.21800 -24.87319 432.01754 -0.00000 0.00000 -0.00000 1024.98525 -54.67991 702.06618 -7.04886 41.22691 18.59846 -1.34095 -4.37686 -13.21705 -0.00085 -0.51694 -0.18816 -0.00000 0.00000 -0.00000 142.51737 -55.46306 99.88490 54.17156 69.17593 -73.12631 -357.69176 -2.12980 -337.16497 12.08320 49.91498 -25.62365 -5.29989 21.48801 -0.91401 -3.10344 10.32327 -1.55693 -0.10211 -0.65882 -0.61749 -1.99280 -5.27176 -8.12389 24.45322 -6.28423 -10.36174 7.77136 0.59490 -5.24959 -0.00000 0.00000 0.00000 -43.10923 -10.19912 -52.61661 12.88504 -2.59932 -22.72072 0.00000 -2.49055 0.00000 39.36679 -6.38128 -7.71485 -7.12502 -0.00000 0.00000 11.57199 -5.44360 20.14171 -0.00000 0.00000 0.00000 69.76677 22.37653 -2.77784 -29.73485 -17.15652 59.21284 -0.00000 -1.45725 -0.00000 -39.56389 10.65495 347.38587 7.12502 -0.00000 -0.00000 -13.68373 0.23422 314.03810
-0.75577 0.72060 0.09407 -411.25742 -25.32835 436.52401 -0.00000 0.00000 -0.00000 1023.18936 -63.91421 702.23668 -13.93883 52.22214 28.00848 -1.43992 -7.13505 -11.18367 -0.45692 -11.87749 -4.39036 -0.00000 0.00000 -0.00000 146.96309 -56.21454 106.62904 51.68095 68.88269 -70.45910 -357.92235 -2.73705 -339.61085 10.99426 48.38067 -24.18418 -4.82733 23.49454 -0.42001 -0.87581 9.60614 -0.94743 1.93897 -2.43832 -0.32256 -5.30007 -5.53568 -9.78860 23.51147 -6.55891 -12.63384 7.95901 1.02821 -6.34822 -0.00000 0.00000 -0.00000 -33.62584 5.51782 -57.74557 19.00169 -5.91829 -34.32932 0.00000 -4.07567 0.00000 41.22231 -10.90623 -12.18613 -7.12502 -0.00000 0.00000 13.05250 -7.99650 14.03397 -0.00000 0.00000 -0.00000 68.90291 26.62349 -5.12385 -27.87518 -14.43752 54.07786 -0.00000 1.43216 0.00000 -38.78581 12.92389 344.44739 7.12502 -0.00000 -0.00000 -13.46268 1.08717 310.46832
-0.75474 0.74668 0.10900 -411.02731 -27.58262 442.73998 -0.00000 0.00000 -0.00000 1020.36368 -71.04185 694.25465 -28.85166 62.98621 45.55370 -1.42476 -6.19696 -11.85660 -0.00783 -1.57010 -0.57162 -0.00000 0.00000 -0.00000 148.55290 -58.05858 111.02896 45.18436 67.86352 -63.47199 -357.91932 -4.01206 -341.67000 9.14939 45.39842 -21.65813 -4.48948 25.72819 -0.74840 0.88198 10.10278 -1.15746 3.76757 -2.91630 -0.40832 -6.09024 -4.76508 -10.76144 24.10754 -8.26981 -13.73690 8.43377 0.71181 -7.04478 0.00000 0.00000 -0.00000 -18.38421 14.06082 -68.65017 24.11983 -10.12851 -45.05591 0.00000 -4.78081 0.00000 37.11361 -11.31714 -14.53916 -7.12502 -0.00000 0.00000 9.67658 -6.39357 11.85244 0.00000 0.00000 -0.00000 73.00516 31.02907 -6.08357 -23.43244 -9.46760 43.53364 -0.00000 -1.48918 -0.00000 -34.41329 13.13845 341.64389 7.12502 -0.00000 -0.00000 -9.56130 1.20210 307.90054
-0.75516 0.77043 0.12704 -411.37944 -29.89300 449.85973 -0.00000 0.00000 -0.00000 1001.44757 -74.81014 668.43370 -50.47985 68.72302 69.17084 -1.97056 -6.23722 -14.93070 -0.03756 -3.43612 -1.25225 -0.00000 0.00000 -0.00000 150.33444 -59.93321 115.05944 36.41435 65.76005 -53.93625 -357.87307 -6.57182 -344.59072 8.43871 44.09392 -20.64868 -3.32237 26.36438 -2.30884 2.76033 10.54863 -2.62907 5.62590 -2.50460 -1.12298 -6.72575 -4.29762 -11.17753 24.46865 -8.16430 -14.37902 8.66794 0.85286 -7.39572 0.00000 0.00000 -0.00000 -1.93243 14.95981 -82.96262 26.59891 -12.82305 -50.85149 0.00000 -4.48350 0.00000 28.36616 -11.23049 -19.83454 -7.12502 -0.00000 0.00000 2.88161 -2.22773 7.32338 0.00000 0.00000 -0.00000 80.69360 33.92893 -9.43181 -19.68823 -6.39650 35.69929 -0.00000 1.77581 0.00000 -33.45832 12.91308 341.31629 7.12502 -0.00000 -0.00000 -8.64444 1.11526 307.70429
-0.75869 0.79970 0.14180 -412.74095 -31.93563 452.48116 -0.00000 0.00000 -0.00000 974.47802 -76.70617 635.80054 -63.31658 69.85725 82.88551 -2.66217 -7.34102 -17.22099 -0.45170 -11.81078 -4.36494 -0.00000 0.00000 -0.00000 148.92192 -60.12814 115.21367 27.36979 62.29849 -43.88528 -358.91243 -3.61297 -347.66189 7.99856 43.23452 -20.01120 -2.26468 25.88208 -4.16735 3.99534 10.61416 -4.65581 6.88392 -1.86704 -2.14765 -7.28729 -3.87536 -9.98123 24.25424 -7.07410 -12.84140 8.68218 0.85807 -6.57982 0.00000 0.00000 -0.00000 9.34379 12.88546 -91.80672 27.30311 -13.69188 -52.60691 0.00000 -2.02861 0.00000 20.18304 -12.58593 -30.65886 -7.12502 -0.00000 0.00000 -1.88920 2.09292 -2.91196 0.00000 0.00000 -0.00000 89.45679 36.57616 -15.32624 -19.81963 -6.49078 35.96349 -0.00000 0.44964 0.00000 -34.98919 10.66938 345.18371 7.12502 -0.00000 -0.00000 -9.46456 0.48551 312.09019
-0.76397 0.82968 0.14924 -415.25078 -32.62322 450.65682 -0.00000 0.00000 -0.00000 949.40779 -75.96243 606.67118 -60.21007 69.69153 79.57496 -1.99090 -4.04141 -17.76980 -0.07845 -4.96133 -1.81060 -0.00000 0.00000 -0.00000 143.51044 -58.57218 113.49121 20.47826 58.20605 -35.95589 -360.80817 6.32928 -350.21201 8.71567 44.61398 -21.04485 -1.24510 24.48989 -6.46336 4.30052 10.82890 -7.43398 7.05503 -0.57859 -3.57665 -6.14755 -5.43765 -7.37326 22.12684 -5.03274 -9.42690 7.66803 0.92387 -4.65115 0.00000 0.00000 0.00000 14.41888 11.10139 -94.38473 26.57135 -12.79007 -50.78390 0.00000 0.77345 -0.00000 17.28797 -13.01949 -35.89830 -7.12502 -0.00000 0.00000 -2.93825 3.88612 -7.86216 0.00000 0.00000 0.00000 94.22627 37.08723 -17.12554 -21.52372 -7.79818 39.45455 -0.00000 -0.85294 -0.00000 -34.77160 7.36914 349.53322 7.12502 -0.00000 -0.00000 -8.56913 -0.36080 317.39297
-0.76930 0.86003 0.14993 -417.67720 -32.86825 446.16287 -0.00000 0.00000 -0.00000 936.64154 -76.08737 589.33411 -44.10571 67.65450 62.30664 -1.32478 -3.96292 -13.63073 -0.17662 -7.42864 -2.72008 -0.00000 0.00000 -0.00000 133.29022 -56.49834 110.75487 14.61692 52.98270 -28.86199 -364.35187 22.15368 -350.74694 7.14659 41.44403 -18.74643 -0.59727 22.68493 -8.09085 4.81667 11.34882 -9.52296 7.24087 1.19190 -4.71667 -2.56971 -5.81822 -4.16111 17.84883 -4.92809 -5.07002 5.76968 0.10937 -2.47542 -0.00000 0.00000 0.00000 12.38089 10.66276 -93.58826 24.68906 -10.70218 -46.34143 0.00000 1.79290 -0.00000 17.30927 -11.76696 -33.19976 -7.12502 -0.00000 0.00000 -3.56099 4.24677 -4.95737 -0.00000 0.00000 0.00000 92.81764 37.37368 -12.67628 -22.93169 -9.00688 42.44366 -0.00000 -3.43873 -0.00000 -31.76477 5.53866 351.14002 7.12502 -0.00000 -0.00000 -5.41841 -0.44005 319.62918
-0.77467 0.88045 0.14887 -418.91406 -32.64274 440.76005 -0.00000 0.00000 -0.00000 934.02906 -78.93226 580.35896 -27.55652 62.38827 44.09609 -1.33551 -10.51893 -8.85176 -0.17701 -7.43690 -2.72314 -0.00000 0.00000 -0.00000 115.30695 -51.82211 109.93635 13.15417 51.28941 -27.00942 -364.17179 19.61440 -348.89520 4.22045 33.52032 -13.95102 1.40047 20.55331 -9.75259 4.39138 11.79737 -11.53888 5.47584 2.51418 -5.66601 1.79467 -4.40789 -0.54324 13.05722 -4.68242 -0.29745 3.94168 -0.70871 -0.16285 -0.00000 0.00000 0.00000 6.26877 12.33929 -88.84670 21.98398 -8.17978 -40.42021 0.00000 3.21301 -0.00000 16.45875 -10.22154 -30.99175 -7.12502 -0.00000 0.00000 -4.74287 5.17589 -2.39565 -0.00000 0.00000 0.00000 89.56066 37.54867 -4.90989 -23.87818 -9.89230 44.51715 -0.00000 -6.12896 -0.00000 -29.93391 4.90690 351.55051 7.12502 -0.00000 -0.00000 -3.58857 -0.33205 320.27960
-0.77857 0.88575 0.14982 -417.50347 -31.10824 435.93372 -0.00000 0.00000 -0.00000 949.12949 -84.53697 589.04617 -19.20493 57.24221 34.44994 -1.23664 -21.53193 -7.33538 -0.04251 -3.65505 -1.33226 -0.00000 0.00000 -0.00000 95.17694 -46.29436 109.17497 16.48533 54.88678 -31.17296 -360.87186 6.26953 -348.26401 1.89565 23.48748 -9.10036 2.69025 19.34579 -10.87456 3.47130 12.05706 -12.96533 3.64907 3.02272 -6.28087 3.54108 -3.02951 2.42049 9.38994 -3.47592 3.54293 2.33660 -0.69351 1.76864 -0.00000 0.00000 -0.00000 -1.03734 13.92969 -81.80147 18.81458 -5.79206 -33.95887 0.00000 4.42735 -0.00000 16.98861 -9.07868 -27.31532 -7.12502 -0.00000 0.00000 -5.14541 4.91786 1.40753 -0.00000 0.00000 -0.00000 86.04737 36.18851 3.24376 -25.18624 -11.22402 47.48453 -0.00000 -8.54164 -0.00000 -29.13138 4.80853 351.44614 7.12502 -0.00000 -0.00000 -2.81427 -0.25799 320.23366
-0.78515 0.88613 0.14961 -415.07338 -28.54002 431.77824 -0.00000 0.00000 -0.00000 1035.05278 -86.92710 672.26402 -16.90818 55.28279 31.68862 -0.80133 -27.26308 -6.73611 -0.07571 -4.87445 -1.77873 -0.00000 0.00000 -0.00000 81.43708 -44.59947 104.07782 19.88129 57.76405 -35.25185 -360.62503 5.17126 -348.75802 2.59647 27.11107 -10.73937 4.08775 18.81772 -11.86253 2.27137 11.65579 -14.16418 1.78191 2.30527 -6.76698 3.70615 -2.33937 4.83207 5.87811 -1.73818 6.58299 1.20385 -0.23592 3.33657 0.00000 0.00000 -0.00000 -9.20326 14.96470 -72.44275 16.08697 -4.13818 -28.68178 0.00000 5.46082 -0.00000 14.78046 -7.10307 -25.11064 -7.12502 -0.00000 0.00000 -7.43261 6.47986 4.13786 0.00000 0.00000 -0.00000 83.08565 34.63364 10.28424 -27.34064 -13.73966 52.70211 -0.00000 -10.74220 -0.00000 -28.99036 4.49187 351.95483 7.12502 -0.00000 -0.00000 -2.63395 -0.26884 320.82382
-0.79316 0.88099 0.14881 -411.88742 -23.95510 427.38794 -0.00000 0.00000 -0.00000 1070.96239 -83.26277 707.97567 -17.43404 55.75907 32.32654 -0.80901 -29.64999 -7.06496 -0.00005 0.12699 0.04622 -0.00000 0.00000 -0.00000 69.33193 -45.21509 95.48034 21.69495 59.05675 -37.38079 -360.90412 7.53858 -352.18482 3.98185 32.70251 -13.51425 2.70859 18.53797 -11.69935 0.69348 11.11129 -14.24307 0.91731 1.75327 -6.82352 4.24178 -2.95220 6.66555 1.95178 -0.18113 8.83374 0.03793 0.50356 4.47296 -0.00000 0.00000 0.00000 -13.97953 14.87935 -63.08134 14.18687 -3.17605 -25.11902 0.00000 4.88242 -0.00000 12.71136 -5.19885 -21.88573 -7.12502 -0.00000 0.00000 -9.84995 7.57297 7.80040 -0.00000 0.00000 0.00000 80.43130 33.25042 16.97329 -29.89059 -17.40840 59.67320 -0.00000 -11.47790 -0.00000 -28.91594 4.26359 352.33478 7.12502 -0.00000 -0.00000 -2.53125 -0.27802 321.26386
-0.80467 0.86561 0.14598 -408.49412 -18.33953 421.44214 -0.00000 0.00000 -0.00000 1076.88254 -82.38608 713.00172 -22.95558 59.87326 38.84434 1.32249 -31.50665 -2.99113 -0.01775 2.36278 0.86050 -0.00000 0.00000 -0.00000 59.97159 -47.16604 86.92804 22.72170 59.72646 -38.57373 -361.06994 10.26932 -354.63088 4.89720 35.66736 -15.14276 -0.18228 18.18252 -10.27452 -1.15883 10.40565 -12.90562 0.40788 1.27417 -6.22360 4.27443 -3.93940 7.97847 -1.77140 0.12764 10.50103 -1.00385 0.99226 5.24845 0.00000 0.00000 -0.00000 -17.32286 14.32811 -54.57012 12.96072 -2.63109 -22.85930 0.00000 4.07726 -0.00000 12.21989 -4.21579 -18.74932 -7.12502 -0.00000 0.00000 -10.90076 7.44283 11.07415 0.00000 0.00000 -0.00000 77.28631 32.76666 22.96460 -32.25061 -21.89057 67.55749 -0.00000 -12.04780 -0.00000 -30.02071 4.27618 352.64712 7.12502 -0.00000 -0.00000 -3.57947 -0.41072 321.53717
-0.81657 0.83884 0.14067 -404.25933 -14.23955 413.78104 -0.00000 0.00000 -0.00000 1099.00743 -83.13103 732.56544 -38.76038 66.42052 56.50240 1.26423 -28.93406 -2.40942 -0.00795 -1.58179 -0.57588 -0.00000 0.00000 -0.00000 54.75469 -49.88884 77.88157 25.28468 61.22939 -41.51871 -361.95358 14.74607 -353.64641 4.99691 35.96440 -15.31315 -2.36696 18.90224 -7.79835 -3.14931 9.88699 -10.11373 -0.62974 0.23341 -4.85165 2.51900 -4.43219 8.40137 -3.05539 -0.91004 11.09852 -1.12914 0.74476 5.51554 0.00000 0.00000 0.00000 -22.69124 12.24103 -47.18095 12.08897 -2.27806 -21.26882 0.00000 3.23427 -0.00000 13.72286 -4.53622 -17.94587 -7.12502 -0.00000 0.00000 -9.76441 6.48683 11.71568 0.00000 0.00000 0.00000 72.59498 32.72292 28.63663 -34.01291 -26.72391 75.66719 -0.00000 -13.23200 -0.00000 -29.50824 4.26817 352.50853 7.12502 -0.00000 -0.00000 -3.09303 -0.34841 321.42059
-0.82390 0.80495 0.13456 -398.53630 -11.02487 405.58639 -0.00000 0.00000 -0.00000 1120.41116 -81.05699 751.83555 -62.85268 69.83660 82.39134 -0.94927 -24.06729 -6.74144 -0.28028 -9.33747 -3.43102 -0.00000 0.00000 -0.00000 50.57884 -53.33240 68.98792 33.07472 64.66972 -50.25817 -362.97783 19.09858 -352.96223 5.04214 36.09760 -15.39003 -6.08930 19.93142 -4.36037 -4.97039 9.66259 -6.41518 -0.97542 -0.43326 -3.08424 -0.27338 -4.58624 8.18196 -3.39351 -1.77115 10.89187 -0.82918 0.36288 5.41682 -0.00000 0.00000 -0.00000 -31.00855 8.02510 -41.21664 11.40038 -2.01880 -20.02095 0.00000 1.60099 -0.00000 17.70163 -6.04974 -18.27340 -7.12502 -0.00000 0.00000 -6.29983 4.29258 10.86284 -0.00000 0.00000 -0.00000 65.56046 32.05999 34.71930 -34.94877 -31.04192 82.83656 -0.00000 -14.13990 -0.00000 -28.05444 3.85232 352.81477 7.12502 -0.00000 -0.00000 -1.66010 -0.20028 321.87710
-0.82851 0.76465 0.12991 -392.64888 -8.00550 397.62505 -0.00000 0.00000 -0.00000 1132.14809 -77.72006 763.00143 -85.96266 69.16138 107.01730 -4.35146 -18.56616 -16.30196 -0.22179 -8.31670 -3.04991 -0.00000 0.00000 -0.00000 48.25531 -58.59243 63.48870 51.28325 68.83117 -70.03270 -364.14892 23.37258 -352.36829 4.94925 35.82298 -15.23185 -10.72048 19.29999 -0.66565 -6.65937 9.55504 -2.44283 -0.95232 -0.18588 -1.24871 -3.86704 -4.39707 7.48335 -2.76699 -2.21194 10.08679 -0.12996 -0.02483 5.04525 0.00000 0.00000 -0.00000 -40.39854 2.61046 -36.25849 11.34390 -1.99829 -19.91892 0.00000 -1.06908 0.00000 24.32174 -7.54238 -16.19403 -7.12502 -0.00000 0.00000 -0.94837 0.61218 12.16017 0.00000 0.00000 -0.00000 57.68853 30.72253 40.55274 -35.25813 -34.68081 88.99274 -0.00000 -14.23960 -0.00000 -26.52357 3.35196 353.31822 7.12502 -0.00000 -0.00000 -0.14766 -0.01957 322.54997
-0.82997 0.72022 0.12637 -387.93293 -6.19824 390.96073 -0.00000 0.00000 -0.00000 1143.09216 -75.19512 773.22746 -104.18910 65.57678 126.72602 -6.67724 -12.86208 -25.88781 -0.29034 -9.50159 -3.49251 -0.00000 0.00000 -0.00000 46.10951 -65.50633 57.78933 78.88149 69.74672 -99.45655 -365.39321 27.09082 -351.64170 3.88736 32.36881 -13.33856 -13.76707 17.81574 2.17802 -7.53576 9.58289 0.93001 -0.71811 0.46318 0.27349 -7.98156 -4.63315 6.80587 -1.98808 -1.97471 9.38022 0.77797 -0.13863 4.70970 0.00000 0.00000 0.00000 -47.79076 -0.50472 -30.65009 12.02040 -2.25148 -21.14422 0.00000 -5.55701 0.00000 29.87166 -8.56723 -14.54004 -7.12502 -0.00000 0.00000 3.61107 -2.24435 13.17886 0.00000 0.00000 0.00000 49.85605 28.83221 46.11755 -35.19617 -37.16022 93.32612 -0.00000 -12.64300 -0.00000 -27.12587 3.90053 352.43631 7.12502 -0.00000 -0.00000 -0.78566 -0.08979 321.51938
-0.82886 0.67074 0.12453 -384.80969 -5.41067 386.77715 -0.00000 0.00000 -0.00000 1157.48582 -74.52270 786.40153 -116.98375 59.91101 141.08552 -6.96016 -8.00868 -31.57128 -0.02742 -2.93660 -1.06984 -0.00000 0.00000 -0.00000 35.58394 -74.13464 43.01613 103.18528 65.87852 -125.62486 -366.14365 28.42635 -350.73548 2.91981 28.57039 -11.43166 -14.52723 17.19142 3.67220 -7.31319 9.26849 2.76306 -0.29277 0.26376 1.13162 -11.36903 -5.16574 6.60338 -2.39745 -0.87557 9.37208 1.28939 0.14809 4.65640 0.00000 0.00000 -0.00000 -54.22196 -1.54657 -22.87852 13.21083 -2.73760 -23.31801 0.00000 -9.99418 0.00000 33.06198 -8.74451 -13.14581 -7.12502 -0.00000 0.00000 6.22915 -3.71405 14.31216 0.00000 0.00000 -0.00000 42.50895 26.99713 51.26172 -35.06111 -38.50490 95.74561 -0.00000 -11.00590 -0.00000 -27.70426 4.10283 352.24112 7.12502 -0.00000 -0.00000 -1.36097 -0.14904 321.24823
-0.82681 0.61996 0.12364 -382.28744 -4.59614 383.74181 -0.00000 0.00000 -0.00000 1176.27779 -73.05384 805.36608 -125.30809 53.06438 151.04414 -7.34043 -8.13218 -32.46327 -0.00140 -0.66384 -0.24163 -0.00000 0.00000 -0.00000 0.69102 -80.06805 4.64629 116.33662 60.30521 -140.33911 -365.58243 25.23496 -349.68987 1.38683 20.29687 -7.73630 -15.33207 16.57652 4.64814 -6.74003 9.00091 3.95911 0.62101 0.10834 1.67273 -13.84178 -5.87750 6.51513 -3.02732 -0.45182 9.53410 1.55634 0.30654 4.70071 -0.00000 0.00000 0.00000 -60.44365 -2.33163 -14.15182 15.01069 -3.57515 -26.65390 0.00000 -14.11670 0.00000 35.52003 -8.35124 -11.50098 -7.12502 -0.00000 0.00000 8.25837 -4.62950 15.92200 -0.00000 0.00000 0.00000 36.52496 25.38994 56.37453 -34.95228 -39.25612 97.12337 -0.00000 -9.80772 -0.00000 -28.71641 4.64060 351.59950 7.12502 -0.00000 -0.00000 -2.39633 -0.22814 320.43523
-0.82588 0.56767 0.12364 -380.37204 -3.72645 382.27461 -0.00000 0.00000 -0.00000 1194.59681 -70.22807 823.17494 -130.53642 45.94518 157.90266 -8.43447 -8.64495 -34.66907 -0.00033 -0.32022 -0.11655 -0.00000 0.00000 -0.00000 -49.87338 -77.47684 -49.05201 122.80299 55.54656 -147.96055 -363.17218 17.30489 -350.47621 0.88613 16.39241 -6.14643 -16.23068 16.26178 5.28452 -5.99596 8.99209 4.70880 1.81781 0.07756 1.98345 -15.31418 -7.06817 6.26796 -3.82972 -0.61994 9.53363 1.58440 0.42416 4.69217 0.00000 0.00000 -0.00000 -67.10385 -6.37570 -7.13015 16.99205 -4.64970 -30.40923 0.00000 -19.67780 0.00000 35.74964 -8.02849 -10.97956 -7.12502 -0.00000 0.00000 8.44216 -4.61662 16.52891 0.00000 0.00000 -0.00000 32.66620 23.86264 59.91747 -34.81668 -40.01546 98.53751 -0.00000 -9.77144 -0.00000 -29.95385 5.29479 350.90239 7.12502 -0.00000 -0.00000 -3.66851 -0.29109 319.53068
-0.82580 0.51591 0.12407 -378.77996 -2.58554 382.18809 -0.00000 0.00000 -0.00000 1209.95913 -64.68080 837.75457 -133.86261 39.06860 162.81490 -9.86113 -8.43014 -38.25848 -0.06058 -4.36163 -1.59078 -0.00000 0.00000 -0.00000 -72.43681 -67.13839 -73.45066 127.21967 50.82360 -153.47123 -358.62220 -0.39459 -339.38624 0.00011 0.18704 -0.06808 -17.43446 15.63357 5.70288 -5.07260 8.90180 5.21614 3.43339 0.09305 2.16621 -16.16003 -8.13934 5.90793 -4.60975 -0.71610 9.36537 1.50648 0.58543 4.59619 -0.00000 0.00000 -0.00000 -72.35189 -11.92296 -2.17371 18.82337 -5.79795 -33.97626 0.00000 -30.73990 0.00000 33.51332 -5.26048 -7.88244 -7.12502 -0.00000 0.00000 6.42442 -2.93330 20.55956 -0.00000 0.00000 -0.00000 29.85848 22.33993 60.97970 -34.61176 -40.95408 100.31864 -0.00000 -10.52920 -0.00000 -31.47157 6.62698 349.32314 7.12502 -0.00000 -0.00000 -5.33191 -0.23618 317.52900
-0.82466 0.46632 0.12409 -377.02123 -3.20409 380.71336 -0.00000 0.00000 -0.00000 1208.83526 -52.09012 836.17372 -136.05747 32.56434 166.55866 -15.61333 -12.80602 -44.55329 -1.06697 -17.92019 -6.75943 -0.00000 0.00000 -0.00000 -78.39503 -58.05836 -78.49434 129.64553 47.40583 -156.67816 -351.02588 -13.82120 -329.21560 0.61862 -13.77325 5.11871 -18.14540 15.64676 6.67948 -4.79446 9.02527 6.38707 3.95000 -0.04730 2.70606 -16.03897 -9.75007 5.42280 -5.26078 -0.35748 9.11279 1.35790 1.02968 4.40831 -0.00000 0.00000 0.00000 -74.35122 -16.51394 0.28300 19.71021 -6.41221 -35.74343 0.00000 -44.35820 0.00000 32.51884 -3.24438 -5.07294 -7.12502 -0.00000 0.00000 5.49542 -2.11862 23.98049 -0.00000 0.00000 0.00000 28.09168 20.00712 60.77648 -34.36732 -41.87855 102.11285 -0.00000 -9.89091 -0.00000 -33.04469 8.02078 347.89382 7.12502 -0.00000 -0.00000 -7.07934 -0.08011 315.64504
-0.82298 0.42455 0.12371 -375.80141 -5.99475 377.74886 -0.00000 0.00000 -0.00000 1206.08617 -35.63702 828.02005 -137.42533 27.00849 169.30855 -22.83778 -12.90107 -54.62300 -1.24905 -19.31657 -7.32970 -0.00000 0.00000 -0.00000 -84.84330 -51.12291 -82.47342 131.75346 43.72383 -159.62841 -348.89126 -12.60822 -323.49447 0.23310 -8.52398 3.12712 -18.60928 15.62091 7.76441 -4.69239 9.30717 7.75985 4.14561 -0.01283 3.33250 -17.10759 -9.82239 5.42754 -4.47246 -1.42844 9.13289 1.73854 0.60628 4.52688 0.00000 0.00000 -0.00000 -74.54835 -20.52019 1.53483 20.23005 -6.79110 -36.79305 0.00000 -50.70130 0.00000 33.07715 -4.34308 -6.63192 -7.12502 -0.00000 0.00000 6.01455 -2.55196 22.09119 0.00000 0.00000 -0.00000 26.04669 17.06255 60.71142 -34.18306 -42.48383 103.31132 -0.00000 -8.11104 -0.00000 -35.82884 9.91420 346.58713 7.12502 -0.00000 -0.00000 -10.06952 0.23783 313.66095
-0.82290 0.39616 0.12443 -375.98387 -10.86979 375.00731 -0.00000 0.00000 -0.00000 1207.64500 -21.80362 818.64289 -138.19433 22.96456 171.12783 -30.56358 -13.58865 -62.46279 -1.22903 -19.16902 -7.26896 -0.00000 0.00000 -0.00000 -90.21580 -43.39437 -85.89481 133.46015 40.05263 -162.18302 -353.95680 -1.94259 -321.92250 0.17177 7.32682 -2.68236 -18.54293 15.43594 8.12280 -4.36574 9.82331 8.36104 4.50152 0.50565 3.55116 -17.32099 -9.84616 6.18641 -3.80020 -1.49182 10.10726 2.01942 0.46987 5.01947 0.00000 0.00000 -0.00000 -74.39152 -23.07475 5.32071 21.54741 -7.81750 -39.50399 0.00000 -58.71310 0.00000 37.53673 -9.44432 -12.05507 -7.12502 -0.00000 0.00000 9.98102 -5.85468 14.90228 0.00000 0.00000 -0.00000 22.15661 14.16274 61.01649 -34.06297 -42.84674 104.03963 -0.00000 -9.02327 -0.00000 -36.70593 12.05583 344.34963 7.12502 -0.00000 -0.00000 -11.36322 0.85470 310.75503
-0.82420 0.38972 0.12399 -377.81807 -16.19994 373.08064 -0.00000 0.00000 -0.00000 1212.08738 -18.18389 812.25324 -138.31282 22.25122 171.43605 -33.04004 -10.50702 -66.71414 -0.78724 -15.48258 -5.78632 -0.00000 0.00000 -0.00000 -86.90923 -40.30323 -83.46966 133.62233 39.66230 -162.43608 -361.71066 9.00709 -324.06000 1.89220 23.46772 -9.09170 -18.03778 15.64846 8.04590 -4.10947 9.95348 8.30016 4.51214 0.55831 3.52200 -16.12121 -9.09130 7.54658 -4.20434 -1.11214 11.61382 1.69574 0.43882 5.71745 0.00000 0.00000 -0.00000 -74.52437 -27.17788 11.43739 23.59743 -9.62316 -43.89616 0.00000 -54.54250 0.00000 38.40396 -9.29438 -11.51595 -7.12502 -0.00000 0.00000 10.70811 -6.15806 15.43468 0.00000 0.00000 -0.00000 18.15096 12.54602 60.38129 -34.08781 -42.77347 103.89198 -0.00000 -9.13080 -0.00000 -37.77453 12.84798 343.98999 7.12502 -0.00000 -0.00000 -12.52470 1.09130 310.09976
-0.82609 0.40806 0.12028 -380.69264 -19.52316 372.19913 -0.00000 0.00000 -0.00000 1214.22038 -25.70656 812.78817 -137.80803 25.10828 170.17960 -24.51032 -4.04589 -64.27938 -0.46318 -11.95704 -4.42069 -0.00000 0.00000 -0.00000 -74.79481 -41.74039 -75.79416 131.92443 43.38793 -159.87653 -366.06936 15.00894 -325.13856 3.19834 29.74316 -12.00333 -16.86659 15.06597 7.70459 -4.74636 9.52404 8.08501 3.28903 0.60838 3.49400 -14.32740 -7.48557 8.63283 -4.12060 -0.89275 12.57195 1.36525 0.28329 6.18295 0.00000 0.00000 -0.00000 -69.46126 -26.34616 14.26783 23.85400 -9.86889 -44.46345 0.00000 -56.79380 0.00000 39.03744 -10.32980 -12.46963 -7.12502 -0.00000 0.00000 11.24053 -6.83130 14.09944 0.00000 0.00000 -0.00000 15.98721 12.14936 56.15019 -34.36760 -41.87757 102.11093 -0.00000 -3.89029 -0.00000 -41.57954 13.59755 345.15827 7.12502 -0.00000 -0.00000 -16.15925 1.21839 310.80297
-0.83090 0.44456 0.11458 -386.60548 -21.89276 373.28804 -0.00000 0.00000 -0.00000 1218.73067 -43.78177 818.98817 -136.71129 30.10867 167.81554 -10.75006 1.17879 -54.29813 -0.38748 -10.95393 -4.03955 -0.00000 0.00000 -0.00000 -55.10794 -41.52073 -67.45177 127.99577 49.80860 -154.47964 -367.75379 17.30542 -325.43901 4.18877 33.41369 -13.89356 -13.42061 14.16560 6.94672 -5.38437 9.22085 7.69905 0.98762 1.18649 3.44486 -12.21069 -6.52428 8.60886 -1.47497 -0.11328 12.25772 1.87933 0.34570 6.03974 -0.00000 0.00000 0.00000 -62.66916 -25.93327 11.39318 22.82796 -8.91354 -42.21975 0.00000 -55.33060 0.00000 38.98530 -10.38506 -12.55613 -7.12502 -0.00000 0.00000 11.19725 -6.83159 13.99836 -0.00000 0.00000 0.00000 16.55151 12.24180 46.94877 -34.95204 -39.25761 97.12612 -0.00000 3.68994 0.00000 -44.13687 14.67777 345.36493 7.12502 -0.00000 -0.00000 -18.71681 1.52091 310.52067
-0.83940 0.48917 0.11009 -393.12781 -24.49758 377.41872 -0.00000 0.00000 -0.00000 1227.12829 -67.80623 831.58990 -134.61221 37.08629 164.03014 -5.96921 -3.06934 -35.84772 -0.25193 -8.85799 -3.25173 -0.00000 0.00000 -0.00000 -40.07686 -37.97556 -66.25872 122.55631 55.76764 -147.66179 -369.55150 22.34455 -333.05945 7.69419 42.61505 -19.56428 -11.18796 13.66022 6.06863 -5.30185 9.29436 6.95153 0.06978 1.77361 3.15276 -9.70516 -5.84019 7.77171 3.27969 1.74344 10.93122 3.09958 0.76620 5.43686 0.00000 0.00000 0.00000 -56.33824 -26.02639 4.95703 21.35076 -7.65802 -39.09433 0.00000 -52.61420 0.00000 39.34967 -11.77757 -13.97888 -7.12502 -0.00000 0.00000 11.49939 -7.56669 12.08648 0.00000 0.00000 0.00000 19.90562 14.51132 32.85641 -35.24538 -34.24494 88.24477 -0.00000 7.17199 0.00000 -44.36111 14.95471 345.21799 7.12502 -0.00000 -0.00000 -18.97832 1.62975 310.27243
-0.85237 0.52926 0.10888 -399.62317 -26.90913 382.80636 -0.00000 0.00000 -0.00000 1270.54519 -82.91022 881.87783 -130.90530 45.30145 158.41874 -4.41686 -13.22643 -19.06864 -0.11933 -6.11363 -2.23423 -0.00000 0.00000 -0.00000 -30.98539 -37.38487 -68.83030 117.09533 59.84148 -141.21453 -367.66457 25.98096 -344.59637 8.21022 43.65299 -20.31900 -10.20956 13.64204 5.04496 -4.83998 9.52507 5.79012 0.16542 2.12565 2.60354 -7.29799 -5.70555 6.32152 9.12933 3.00514 8.74978 4.23752 1.04586 4.54272 0.00000 0.00000 0.00000 -49.94506 -25.04593 -1.75692 19.57076 -6.31297 -35.46365 0.00000 -50.55420 0.00000 40.02893 -13.12735 -15.13036 -7.12502 -0.00000 0.00000 12.04631 -8.45804 10.42379 0.00000 0.00000 0.00000 26.92604 19.32192 16.96396 -34.12962 -27.14164 76.35998 -0.00000 5.41630 0.00000 -44.11206 13.51121 346.45055 7.12502 -0.00000 -0.00000 -18.45401 1.01071 311.97419
-0.86503 0.56983 0.10609 -406.17753 -29.05308 388.29129 -0.00000 0.00000 -0.00000 1347.02137 -81.49587 966.54550 -123.94514 54.47108 149.35462 -3.97817 -13.93152 -17.26688 -3.76318 -31.92129 -13.10517 -0.00000 0.00000 -0.00000 -21.38692 -42.57945 -66.05350 108.09167 64.24184 -131.03455 -366.78402 28.41438 -349.16270 6.24130 39.32767 -17.34951 -8.37284 14.19767 3.68562 -3.98115 10.20352 4.25264 0.20320 2.68280 1.89093 -6.35178 -5.24464 4.91589 13.68429 1.19031 6.91295 5.33769 0.49020 3.73517 -0.00000 0.00000 -0.00000 -44.95686 -25.36572 -9.53782 17.24552 -4.79941 -30.89697 0.00000 -48.54480 0.00000 39.44000 -13.40224 -15.73675 -7.12502 -0.00000 0.00000 11.57730 -8.31587 9.77779 -0.00000 0.00000 -0.00000 36.53235 23.39774 2.08597 -31.05415 -19.44116 63.31319 -0.00000 2.90495 0.00000 -43.75304 11.24285 348.48943 7.12502 -0.00000 -0.00000 -17.67744 0.07591 314.76180
-0.87795 0.60379 0.10404 -411.37209 -30.24652 394.30514 -0.00000 0.00000 -0.00000 1363.02513 -78.76197 992.49071 -114.70626 61.23432 138.47095 -2.60151 -11.86815 -13.61331 -6.65978 -40.33608 -18.00280 -0.00000 0.00000 -0.00000 -10.18334 -51.52207 -53.87341 96.31720 67.56913 -118.15074 -363.53878 18.19036 -349.86924 2.63570 27.29431 -10.82519 -6.61180 14.81377 1.85585 -2.83294 10.72598 2.06729 0.58474 3.02719 0.86168 -5.44912 -4.75613 3.82384 15.57895 -0.68986 5.60112 5.67731 -0.01146 3.05297 -0.00000 0.00000 0.00000 -41.70607 -26.50167 -15.74642 14.89601 -3.51797 -26.43937 0.00000 -46.99690 0.00000 38.30083 -12.41603 -15.22913 -7.12502 -0.00000 0.00000 10.65882 -7.37302 10.71203 -0.00000 0.00000 0.00000 46.73506 25.26636 -9.50032 -26.35732 -12.53654 50.26192 -0.00000 1.56093 0.00000 -41.02650 8.27227 350.61069 7.12502 -0.00000 -0.00000 -14.59308 -0.76914 317.95152
-0.88636 0.63669 0.10085 -416.54379 -31.20571 401.78498 -0.00000 0.00000 -0.00000 1375.55601 -77.21210 1012.28207 -99.57810 66.84190 121.68765 -1.03099 -5.75947 -9.68137 -3.50824 -30.96862 -12.61649 -0.00000 0.00000 -0.00000 6.11725 -58.73703 -30.91923 79.93685 69.68207 -100.58169 -360.43332 5.81907 -355.65034 1.48503 20.96120 -8.01500 -3.80295 14.90277 -1.25708 -0.85423 10.74456 -1.70329 1.33748 3.15988 -0.92265 -4.28247 -4.27151 3.27636 16.33194 -1.62470 4.93391 5.67131 -0.27342 2.67501 -0.00000 0.00000 0.00000 -40.98432 -30.05787 -20.14870 12.81118 -2.56853 -22.58558 0.00000 -43.66510 0.00000 37.66545 -12.96243 -16.20323 -7.12502 -0.00000 0.00000 10.16660 -7.31720 9.61668 -0.00000 0.00000 0.00000 55.68334 24.58392 -17.48719 -20.50795 -6.99957 37.35863 -0.00000 3.01595 0.00000 -38.80395 6.44079 352.05851 7.12502 -0.00000 -0.00000 -12.19787 -1.09520 320.05297
-0.88766 0.66142 0.09935 -420.60163 -33.51505 410.69012 -0.00000 0.00000 -0.00000 1393.22002 -73.94486 1034.60374 -75.97617 69.88600 96.36125 0.21833 3.03933 -7.11281 -2.65667 -27.39149 -10.87084 -0.00000 0.00000 -0.00000 22.78981 -58.85407 -1.97160 64.51746 69.90413 -84.16442 -360.00653 -0.72720 -360.51783 1.85348 23.24435 -8.99402 -0.37814 15.52146 -5.10165 2.05417 10.59717 -6.38495 2.83642 2.94797 -3.18620 -3.44436 -3.81403 3.18695 16.56058 -2.18361 4.86688 5.57448 -0.48862 2.59770 -0.00000 0.00000 0.00000 -43.35163 -34.88208 -23.28462 11.60973 -2.09582 -20.39960 0.00000 -39.79810 0.00000 36.80957 -14.71187 -18.74490 -7.12502 -0.00000 0.00000 9.56841 -7.67789 6.60071 -0.00000 0.00000 0.00000 61.78864 21.97389 -24.59258 -15.83512 -4.00210 28.20481 -0.00000 0.65361 0.00000 -36.63486 6.00941 351.98608 7.12502 -0.00000 -0.00000 -10.08702 -0.92377 320.17847
-0.88439 0.67382 0.10484 -422.88043 -36.07499 419.30843 -0.00000 0.00000 -0.00000 1412.47525 -68.47859 1057.77346 -50.54619 68.73216 69.24204 0.92369 7.25835 -8.78216 -0.69088 -14.53334 -5.41420 -0.00000 0.00000 -0.00000 32.66935 -53.21191 24.90644 59.69091 69.65745 -79.02134 -360.17270 -3.74541 -362.64744 2.07077 24.46291 -9.53130 2.19318 15.82627 -9.09966 5.19344 10.19917 -11.35231 5.18894 3.00381 -5.71569 -3.31673 -3.94879 3.67211 16.06052 -1.96469 5.48211 5.40606 -0.45282 2.91731 0.00000 0.00000 0.00000 -44.35824 -37.45560 -21.33701 11.60931 -2.09566 -20.39883 0.00000 -39.49520 0.00000 36.79340 -16.20540 -20.46285 -7.12502 -0.00000 0.00000 9.62170 -8.35115 4.41219 0.00000 0.00000 0.00000 64.03362 16.38883 -31.70804 -14.98942 -3.56450 26.61408 -0.00000 4.26861 0.00000 -33.37291 6.62533 350.06500 7.12502 -0.00000 -0.00000 -7.11959 -0.39950 318.19515
-0.87781 0.67700 0.11438 -423.64067 -36.72647 426.17141 -0.00000 0.00000 -0.00000 1424.01071 -62.76465 1073.10502 -27.84185 62.52368 44.41789 2.75681 11.48129 -17.99443 -0.20557 -8.00954 -2.93566 -0.00000 0.00000 -0.00000 35.20357 -45.70783 49.06972 67.18214 69.97475 -87.00114 -360.00984 -2.55255 -359.78875 0.88300 16.36447 -6.13532 2.68680 15.04280 -12.64014 7.06664 9.63734 -16.09539 7.11944 3.84271 -8.25140 -2.47559 -4.61813 4.63389 14.56201 -1.23849 6.62390 4.85078 -0.17839 3.53258 -0.00000 0.00000 -0.00000 -42.56101 -39.33499 -15.42537 12.00252 -2.24457 -21.11175 0.00000 -40.87250 0.00000 36.00972 -16.73486 -21.61241 -7.12502 -0.00000 0.00000 9.07852 -8.21674 3.19009 -0.00000 0.00000 -0.00000 65.83857 14.81091 -37.23276 -16.59101 -4.41865 29.64115 -0.00000 0.37315 0.00000 -33.34820 7.22557 349.17983 7.12502 -0.00000 -0.00000 -7.20678 -0.27110 317.14293
-0.87279 0.67292 0.11992 -423.33754 -36.80960 430.09111 -0.00000 0.00000 -0.00000 1429.77331 -57.79330 1082.72793 -19.14402 57.19406 34.37749 1.45745 7.83091 -27.25813 -1.48768 -20.97879 -8.02242 -0.00000 0.00000 -0.00000 34.39325 -39.79931 69.28337 80.89383 69.61683 -101.60238 -359.87230 -0.06086 -353.43287 1.78082 22.81739 -8.80830 3.34768 15.37752 -14.87890 7.94032 8.91833 -18.96517 8.18076 3.56756 -9.77984 -1.49838 -5.49056 5.04222 13.20500 -0.21368 6.96388 4.82220 0.31594 3.75784 -0.00000 0.00000 -0.00000 -41.59445 -40.61707 -10.47357 12.39366 -2.39826 -21.82329 0.00000 -42.10020 0.00000 35.20450 -16.61845 -22.06562 -7.12502 -0.00000 0.00000 8.49501 -7.76414 2.87117 -0.00000 0.00000 -0.00000 66.78844 14.51381 -40.85469 -18.26233 -5.42945 32.87239 -0.00000 -4.12756 -0.00000 -34.52519 8.93915 347.27194 7.12502 -0.00000 -0.00000 -8.65056 0.04663 314.69353
-0.87176 0.66888 0.11094 -424.71735 -35.93774 429.36923 -0.00000 0.00000 -0.00000 1426.86303 -54.82340 1082.43067 -14.56773 52.92886 28.80036 -1.48373 1.56821 -26.72930 -1.32364 -19.85467 -7.55222 -0.00000 0.00000 -0.00000 35.81440 -41.11241 84.75120 88.75807 68.82574 -110.01161 -359.55500 -1.95246 -351.56385 3.76569 31.93045 -13.10992 4.81968 15.73730 -15.42683 8.84022 8.49219 -19.45049 8.73110 2.96155 -10.03013 -1.77447 -6.79493 5.02069 13.34854 -2.14925 7.13934 4.90232 -0.11128 3.82552 0.00000 0.00000 0.00000 -41.50057 -37.42405 -6.82491 13.41268 -2.82527 -23.68901 0.00000 -46.71000 0.00000 37.11366 -16.55921 -20.63933 -7.12502 -0.00000 0.00000 9.87084 -8.67352 4.08546 0.00000 0.00000 0.00000 67.34717 16.22076 -40.25695 -19.92840 -6.56950 36.18269 -0.00000 -8.93981 -0.00000 -34.91214 11.70911 343.78659 7.12502 -0.00000 -0.00000 -9.64352 0.78231 310.40599
-0.87666 0.66832 0.09350 -426.60843 -33.87977 424.16689 -0.00000 0.00000 -0.00000 1420.05290 -51.69357 1074.64956 -11.01886 48.41702 24.21707 -3.81303 -8.77104 -20.55015 -2.29998 -25.66473 -10.07233 -0.00000 0.00000 -0.00000 46.57581 -47.90438 95.61705 87.67596 68.96321 -108.85171 -359.46809 -9.49113 -355.07719 7.50037 42.20916 -19.27691 5.86566 15.94411 -14.24740 8.90657 8.79511 -17.71113 8.13320 2.58555 -9.06761 -2.27472 -7.02877 5.22624 12.92416 -6.20745 7.90047 4.68317 -1.45710 4.08238 0.00000 0.00000 -0.00000 -41.52386 -34.05190 -5.17998 14.41780 -3.28520 -25.54785 0.00000 -51.16500 0.00000 38.88760 -16.19820 -19.07913 -7.12502 -0.00000 0.00000 11.17648 -9.35441 5.55711 0.00000 0.00000 -0.00000 67.77028 19.60461 -35.45356 -22.40099 -8.53670 41.30452 -0.00000 -13.34580 -0.00000 -34.70286 12.96142 342.05345 7.12502 -0.00000 -0.00000 -9.77420 1.15282 308.33857
-0.88582 0.66278 0.08117 -425.84955 -31.99002 416.02070 -0.00000 0.00000 -0.00000 1418.14618 -46.95405 1070.08142 -8.77285 44.71945 21.12619 -3.31236 -18.47272 -13.47657 -3.44803 -30.73657 -12.49908 -0.00000 0.00000 -0.00000 70.39703 -52.49994 103.33632 83.47545 69.40851 -104.35825 -359.23743 -9.77624 -353.83378 3.96702 32.65052 -13.48679 4.85208 17.66809 -11.81318 8.09651 9.81087 -14.45144 7.68570 2.34890 -7.38627 -3.75457 -6.22158 5.75377 12.24321 -8.53068 8.89939 4.12567 -2.19704 4.49284 0.00000 0.00000 -0.00000 -43.71521 -36.81933 -6.17180 14.72246 -3.43243 -26.11526 0.00000 -50.92400 0.00000 39.17731 -15.14035 -17.77080 -7.12502 -0.00000 0.00000 11.38451 -8.98976 7.18726 0.00000 0.00000 -0.00000 65.56183 25.29728 -27.64826 -25.29359 -11.33935 47.73399 -0.00000 -14.17720 -0.00000 -34.71969 12.88749 342.15817 7.12502 -0.00000 -0.00000 -9.76974 1.13166 308.45672
-0.89503 0.65104 0.07088 -422.68358 -29.32878 406.45871 -0.00000 0.00000 -0.00000 1418.61309 -42.30071 1071.35039 -6.87260 40.82866 18.32994 -1.96041 -23.93640 -9.26169 -4.18914 -33.41497 -13.89425 -0.00000 0.00000 -0.00000 98.11037 -52.42702 106.91411 86.94573 69.05054 -108.06956 -358.88502 -3.86928 -347.78212 2.86595 28.33501 -11.31862 1.86260 19.65615 -8.20844 5.57319 10.69815 -10.02787 6.29576 1.67598 -5.12258 -4.71473 -5.91969 5.84461 11.76389 -8.14960 8.96887 4.13696 -2.16210 4.55112 0.00000 0.00000 -0.00000 -44.96258 -38.48397 -7.67797 14.71243 -3.42753 -26.09655 0.00000 -50.88160 0.00000 39.10565 -14.17009 -16.76057 -7.12502 -0.00000 0.00000 11.31968 -8.50914 8.52884 0.00000 0.00000 -0.00000 63.18577 29.94293 -19.23761 -28.04516 -14.66649 54.52350 -0.00000 -12.32270 -0.00000 -34.66560 12.80776 342.22631 7.12502 -0.00000 -0.00000 -9.70016 1.10661 308.55390
-0.90054 0.63787 0.05719 -418.75887 -25.05368 399.09303 -0.00000 0.00000 -0.00000 1415.06183 -38.42213 1070.11785 -4.94274 35.80358 15.22072 -1.56144 -24.19614 -8.28143 -3.17062 -29.62963 -11.94736 -0.00000 0.00000 -0.00000 121.61972 -51.98299 105.83780 99.20452 66.93172 -121.28147 -359.37293 -1.03617 -347.69347 3.20402 29.76632 -12.01476 -1.05072 20.41330 -4.57730 1.83753 11.08852 -5.77646 3.36832 1.02717 -2.92277 -4.39396 -6.56203 5.20560 12.42902 -8.54252 8.20442 4.31970 -2.11888 4.17184 -0.00000 0.00000 -0.00000 -45.84672 -38.37003 -12.16175 14.56846 -3.35755 -25.82820 0.00000 -51.00010 0.00000 38.87719 -13.83235 -16.51713 -7.12502 -0.00000 0.00000 11.13722 -8.25180 8.90649 -0.00000 0.00000 -0.00000 63.56097 33.53465 -13.41839 -30.61318 -18.63695 61.88803 -0.00000 -12.75620 -0.00000 -36.19201 13.90490 341.81777 7.12502 -0.00000 -0.00000 -11.35866 1.46727 307.73593
-0.90046 0.62511 0.04494 -414.81162 -20.05391 395.95096 -0.00000 0.00000 -0.00000 1408.72965 -35.36932 1064.87546 -3.59988 31.31650 12.79368 -2.23825 -23.61852 -9.95160 -1.58668 -21.62219 -8.29496 -0.00000 0.00000 -0.00000 140.12382 -52.75471 104.20654 110.57229 63.23887 -133.80044 -359.41764 -3.80477 -352.26109 4.29116 33.75618 -14.07867 -3.58608 20.90206 -1.68340 -1.52981 11.07731 -2.51190 0.72297 0.46209 -1.26324 -4.58536 -7.14846 3.81951 13.71478 -10.03970 6.62457 4.76567 -2.35818 3.35968 0.00000 0.00000 0.00000 -47.99309 -36.17571 -19.20030 14.87183 -3.50598 -26.39418 0.00000 -51.17430 0.00000 39.20215 -14.38156 -16.93645 -7.12502 -0.00000 0.00000 11.39691 -8.65018 8.27283 0.00000 0.00000 0.00000 63.09159 38.16675 -10.88959 -32.91564 -23.48126 70.25451 -0.00000 -15.27100 -0.00000 -37.02961 14.95578 341.11382 7.12502 -0.00000 -0.00000 -12.38176 1.83985 306.67959
-0.89856 0.61274 0.03685 -412.49382 -14.51072 395.53838 -0.00000 0.00000 -0.00000 1402.83690 -36.10307 1060.26302 -3.09344 29.30989 11.79047 -6.16725 -19.88559 -20.36518 -0.79206 -15.52829 -5.80433 -0.00000 0.00000 -0.00000 153.87317 -51.85260 105.25106 114.70367 61.23572 -138.46800 -359.64212 -3.68891 -354.51783 4.78175 35.31762 -14.94391 -5.92040 20.40366 0.12278 -3.61214 11.06384 -0.58269 -0.52795 0.64992 -0.33576 -5.68933 -7.01641 2.47284 14.63331 -12.18693 5.17976 5.24364 -2.90668 2.59928 0.00000 0.00000 0.00000 -47.15447 -29.32550 -21.82431 16.63998 -4.44649 -29.73471 0.00000 -55.45100 0.00000 40.62399 -13.10262 -14.80296 -7.12502 -0.00000 0.00000 12.52344 -8.71286 10.70704 0.00000 0.00000 0.00000 59.13220 41.97308 -9.03030 -34.54566 -28.83572 79.16772 -0.00000 -13.02290 -0.00000 -35.90218 14.03435 341.48025 7.12502 -0.00000 -0.00000 -11.13305 1.50921 307.37710
-0.89565 0.60158 0.03136 -410.78511 -9.80637 396.20914 -0.00000 0.00000 -0.00000 1397.51269 -36.55592 1056.19563 -2.79610 28.02533 11.17071 -8.34465 -11.33408 -31.55078 -0.47645 12.12361 4.48427 -0.00000 0.00000 -0.00000 160.83969 -53.18431 107.32143 112.71821 62.25585 -136.21413 -359.91836 -0.13777 -354.97532 7.25852 41.68960 -18.91512 -7.84007 21.33636 1.15373 -5.11464 11.57077 0.36407 -1.27779 0.76114 0.10388 -6.86300 -6.69896 1.38474 14.87591 -14.71750 4.04798 5.54957 -3.60618 2.00929 -0.00000 0.00000 0.00000 -45.38591 -23.83025 -22.75720 19.16134 -6.02737 -34.64639 0.00000 -59.25150 0.00000 44.06687 -10.37931 -10.54381 -7.12502 -0.00000 0.00000 15.46465 -8.94364 15.66719 -0.00000 0.00000 0.00000 54.41656 43.35005 -7.62084 -35.24851 -34.33290 88.39543 -0.00000 -7.46085 -0.00000 -36.85103 12.95283 343.34965 7.12502 -0.00000 -0.00000 -11.71161 1.14635 309.48757
-0.89431 0.58921 0.02386 -411.18347 -4.70227 396.78526 -0.00000 0.00000 -0.00000 1391.90830 -40.28225 1055.29186 -2.49650 26.63589 10.51821 -7.09310 -6.03476 -34.51535 -2.45779 26.44859 10.43158 -0.00000 0.00000 -0.00000 164.23971 -54.80994 110.99408 105.71502 65.08690 -128.40514 -360.01441 1.68930 -350.98479 8.58351 44.36773 -20.85626 -8.11270 22.32498 1.58604 -5.84291 11.83289 0.76097 -2.02867 0.57159 0.31819 -9.01047 -5.77959 0.67187 14.89906 -17.47678 3.38167 5.98017 -4.53647 1.71545 0.00000 0.00000 0.00000 -47.14519 -22.53520 -26.53782 21.04088 -7.41125 -38.45245 0.00000 -60.77370 0.00000 46.32597 -11.50186 -10.77885 -7.12502 -0.00000 0.00000 17.29350 -10.41674 14.85476 0.00000 0.00000 0.00000 52.02845 42.46809 -8.85449 -34.88234 -39.66608 97.88403 -0.00000 -2.00922 -0.00000 -40.45673 11.05287 347.32983 7.12502 -0.00000 -0.00000 -14.59103 0.30738 313.81935
-0.89372 0.56895 0.01590 -412.92491 0.55530 397.29365 -0.00000 0.00000 -0.00000 1384.65529 -44.45983 1051.61306 -2.45538 26.43685 10.42617 -6.02108 -2.25743 -37.43701 -4.37710 34.03900 14.23276 -0.00000 0.00000 -0.00000 167.12126 -52.49466 116.07204 103.66827 65.73529 -126.15436 -361.03956 6.49216 -340.86241 13.86884 52.14130 -27.91987 -6.96897 22.93329 1.58874 -5.63227 11.87482 0.88505 -2.46204 0.30287 0.41689 -13.18651 -4.10019 0.00963 15.03064 -20.68426 2.63537 6.90426 -5.75780 1.54978 0.00000 0.00000 -0.00000 -51.67705 -21.58720 -30.42935 22.69843 -8.79797 -41.94100 0.00000 -62.57330 0.00000 47.67697 -12.82870 -11.43115 -7.12502 -0.00000 0.00000 18.30693 -11.65952 13.58205 0.00000 0.00000 -0.00000 50.44936 41.38825 -12.16323 -33.60257 -44.06879 106.55092 -0.00000 2.26895 0.00000 -42.44007 9.33540 349.94054 7.12502 -0.00000 -0.00000 -16.10316 -0.54384 316.88307
-0.89440 0.55242 0.01049 -413.76063 5.62800 396.04766 -0.00000 0.00000 -0.00000 1377.95950 -49.53101 1049.59828 -2.49598 26.63340 10.51705 -1.59156 5.57623 -41.05634 -9.23702 45.55268 21.78104 -0.00000 0.00000 -0.00000 168.49198 -47.81949 117.18223 104.26916 65.55203 -126.81396 -359.44782 1.96872 -339.81798 14.11608 52.42486 -28.23242 -9.27299 23.83059 3.13897 -5.15317 11.87318 2.22723 -1.04752 -0.18818 0.94930 -14.42016 -4.02302 -0.67499 12.91962 -20.89280 1.25835 6.55444 -5.68298 1.07853 -0.00000 0.00000 0.00000 -52.70890 -17.80901 -30.31189 24.49142 -10.50019 -45.89238 0.00000 -66.56550 0.00000 49.42397 -12.29152 -10.33216 -7.12502 -0.00000 0.00000 19.81757 -12.12929 14.75502 -0.00000 0.00000 0.00000 50.93829 41.22771 -17.26792 -32.36079 -46.56486 112.01615 -0.00000 8.66170 0.00000 -46.23415 7.09063 353.25707 7.12502 -0.00000 -0.00000 -19.26917 -2.04318 320.82312
-0.89335 0.54679 0.00434 -413.88559 9.18579 394.93027 -0.00000 0.00000 -0.00000 1374.33167 -52.16243 1049.49671 -2.16800 24.98244 9.76377 4.34206 12.65837 -41.52683 -13.77557 52.03288 27.80165 -0.00000 0.00000 -0.00000 169.01658 -45.23046 117.31621 102.93592 65.95108 -125.35173 -357.31825 -5.12321 -340.08282 11.41046 48.98472 -24.73831 -11.34276 25.65086 4.47540 -4.95653 12.42095 3.21344 -0.11222 -0.52667 1.32194 -13.12014 -5.50597 -1.21133 10.34279 -20.04227 0.21880 5.51853 -5.07502 0.63700 0.00000 0.00000 -0.00000 -51.63289 -14.88145 -28.82194 26.20920 -12.36367 -49.90345 0.00000 -71.27990 0.00000 50.53416 -11.36421 -9.21505 -7.12502 -0.00000 0.00000 20.85923 -12.10917 16.16627 0.00000 0.00000 -0.00000 52.33972 41.70969 -20.11761 -32.01647 -47.12864 113.32563 -0.00000 12.39400 0.00000 -46.55259 5.35732 354.94597 7.12502 -0.00000 -0.00000 -19.30160 -2.86181 323.11325
-0.89373 0.54381 0.00055 -414.40959 11.06423 396.42888 -0.00000 0.00000 -0.00000 1371.20258 -52.25483 1048.47635 -1.97014 23.90890 9.28567 10.55276 19.31764 -41.35757 -17.14720 55.50146 31.97904 -0.00000 0.00000 -0.00000 167.98095 -43.08027 118.40190 100.83142 66.52745 -123.05240 -355.43231 -10.65015 -338.51522 10.59445 47.77833 -23.64686 -9.61120 27.58859 3.66654 -4.46180 13.02259 2.40693 -0.42137 -0.69581 0.98517 -12.82999 -4.77533 -1.32465 10.58783 -22.01518 0.09053 5.62782 -5.79304 0.56198 -0.00000 0.00000 0.00000 -51.29377 -13.96309 -27.59713 27.10644 -13.44399 -52.11083 0.00000 -74.51350 0.00000 51.01016 -10.47318 -8.37074 -7.12502 -0.00000 0.00000 21.37251 -11.83437 17.34318 -0.00000 0.00000 0.00000 52.27114 43.92723 -19.15084 -32.81417 -45.75086 110.17790 -0.00000 14.17040 0.00000 -46.42380 4.38271 355.84126 7.12502 -0.00000 -0.00000 -19.03966 -3.25861 324.35339
-0.89882 0.54736 -0.00013 -415.04182 11.43926 398.03462 -0.00000 0.00000 -0.00000 1370.36453 -51.68728 1047.45343 -1.96971 23.90649 9.28461 10.73351 19.51807 -41.28913 -17.10008 55.45865 31.92184 -0.00000 0.00000 -0.00000 166.25113 -40.43887 119.71114 99.15120 66.94439 -121.22352 -355.34814 -14.34579 -340.90452 9.07305 45.26291 -21.55080 -7.56686 28.33624 2.64712 -3.25730 13.67186 1.67683 0.01642 -0.29457 0.65564 -11.68546 -5.16015 -1.23356 10.58625 -23.36182 0.34787 5.43613 -6.18463 0.63317 -0.00000 0.00000 0.00000 -52.61495 -14.13357 -27.44166 26.94202 -13.23993 -51.69965 0.00000 -74.96730 0.00000 49.64767 -9.08627 -7.64203 -7.12502 -0.00000 0.00000 20.36235 -10.56125 18.71820 -0.00000 0.00000 0.00000 48.26873 46.09090 -13.43696 -33.86756 -43.39447 105.15355 -0.00000 16.71840 0.00000 -44.77487 5.85372 354.13097 7.12502 -0.00000 -0.00000 -17.71206 -2.29983 322.16162
-0.90594 0.56073 -0.00096 -415.66638 10.26985 400.13140 -0.00000 0.00000 -0.00000 1372.07545 -50.52185 1046.86432 -2.18633 25.07874 9.80709 4.56206 12.87990 -40.15659 -13.11668 51.24335 26.96138 -0.00000 0.00000 -0.00000 164.47179 -40.31234 119.87989 94.41755 67.93759 -116.09836 -355.76614 -16.82560 -343.35990 7.59102 42.40014 -19.41160 -5.63494 27.83325 1.32776 -1.24786 14.12781 0.69297 1.50152 0.45951 0.16638 -9.73423 -5.69581 -0.37497 10.17499 -23.19071 1.56049 4.81870 -6.16810 1.09678 -0.00000 0.00000 -0.00000 -55.17142 -15.47676 -27.95562 25.60014 -11.67407 -48.45183 0.00000 -72.37580 0.00000 47.34373 -7.13679 -6.53015 -7.12502 -0.00000 0.00000 18.55115 -8.71171 20.70866 -0.00000 0.00000 -0.00000 37.90461 50.05947 -0.17031 -34.43708 -41.63096 101.62818 -0.00000 13.30880 0.00000 -41.22698 6.67070 352.44858 7.12502 -0.00000 -0.00000 -14.51154 -1.37456 320.29498
-0.91714 0.58426 -0.00015 -415.63985 7.51602 403.85756 -0.00000 0.00000 -0.00000 1374.12311 -51.18650 1048.04114 -3.60044 31.31861 12.79476 -1.07008 5.51887 -38.18489 -6.92973 40.95869 18.41721 -0.00000 0.00000 -0.00000 162.85221 -42.76013 120.06817 86.28390 69.12600 -107.36106 -356.53659 -18.75426 -346.17417 6.66667 40.35225 -18.01345 -3.43106 28.00791 -0.43595 1.37160 13.77520 -0.86068 3.57720 0.07877 -0.56692 -8.09643 -5.59534 0.87488 9.73798 -21.59651 3.15650 4.20584 -5.81373 1.75470 0.00000 0.00000 -0.00000 -59.06293 -19.07341 -31.73716 22.04706 -8.23309 -40.55341 0.00000 -67.36110 0.00000 43.90647 -6.25668 -6.45976 -7.12502 -0.00000 0.00000 15.58730 -7.04998 21.25223 0.00000 0.00000 -0.00000 23.33037 51.50958 19.17349 -34.58017 -41.08340 100.56714 -0.00000 5.58847 0.00000 -37.67445 7.58849 350.29518 7.12502 -0.00000 -0.00000 -11.33205 -0.59591 317.97088
-0.93302 0.61624 0.00253 -414.28095 3.52101 408.65075 -0.00000 0.00000 -0.00000 1377.83588 -53.78022 1051.62617 -7.75639 42.74340 19.65604 -8.28299 -21.31505 -24.47960 -17.34087 -55.67596 -32.21378 -0.00000 0.00000 -0.00000 160.29515 -47.30098 119.38556 74.12896 69.94572 -94.39446 -357.71753 -20.20664 -349.72212 5.24706 36.68990 -15.73541 -1.63543 28.38738 -2.13344 3.66187 13.22258 -2.39092 5.57287 -0.52238 -1.28594 -5.42820 -5.71279 2.09708 8.40437 -18.47700 4.43033 3.20599 -4.86743 2.26882 0.00000 0.00000 0.00000 -67.57490 -26.88090 -43.10494 15.95069 -4.06421 -28.42349 0.00000 -53.93380 0.00000 44.85680 -7.14319 -7.12347 -7.12502 -0.00000 0.00000 16.36156 -7.78710 20.22636 0.00000 0.00000 0.00000 14.78224 46.85729 34.74791 -34.83603 -39.91556 98.35014 -0.00000 6.09180 0.00000 -33.02836 8.30855 347.46829 7.12502 -0.00000 -0.00000 -7.12376 -0.01736 315.13892
-0.95436 0.65079 0.00997 -411.30853 -1.22547 414.56411 -0.00000 0.00000 -0.00000 1383.77182 -52.97974 1050.49969 -16.38584 54.79184 31.05126 -1.45012 -3.84565 -14.65631 -9.36932 -45.78298 -21.96601 -0.00000 0.00000 -0.00000 155.90706 -52.58580 117.85838 61.06952 69.74388 -80.49122 -359.38362 -21.38189 -354.41283 4.53467 34.54703 -14.51242 -1.92165 29.00894 -3.03251 5.56675 12.98075 -3.37229 8.20677 -0.75218 -1.81729 -3.15284 -6.51772 2.36433 8.35287 -13.94600 4.42165 3.14547 -3.72375 2.22185 0.00000 0.00000 0.00000 -80.22190 -30.99052 -59.38645 10.30225 -1.64016 -18.04486 0.00000 -25.64610 0.00000 52.45872 -12.24166 -9.25464 -7.12502 -0.00000 0.00000 22.37081 -13.40169 15.61413 0.00000 0.00000 0.00000 10.13695 42.80018 45.67770 -35.17001 -37.48906 93.91269 -0.00000 5.82727 0.00000 -23.73669 7.30209 343.87857 7.12502 -0.00000 -0.00000 1.72972 -0.07944 312.37120
-0.98032 0.67980 0.02105 -409.59586 -5.16739 421.75679 -0.00000 0.00000 -0.00000 1389.32462 -54.46853 1048.91196 -36.73444 65.85496 54.28716 -0.53192 0.68030 -15.58183 -1.10921 -18.25552 -6.89546 -0.00000 0.00000 -0.00000 152.86336 -55.51569 119.10971 49.57130 68.59399 -68.19541 -361.26986 -21.50519 -359.93198 3.39237 30.51955 -12.38984 -1.13714 27.13443 -4.11486 6.63629 12.20202 -4.46831 9.17011 -0.53257 -2.32788 -1.26477 -6.68352 1.48999 10.41461 -10.14710 2.99639 3.57165 -2.30741 1.45317 0.00000 0.00000 0.00000 -70.41937 -19.46478 -62.01815 8.09039 -1.00280 -14.10859 0.00000 -1.80165 0.00000 50.22500 -16.73066 -13.47591 -7.12502 -0.00000 0.00000 19.95036 -14.89476 9.69647 0.00000 0.00000 0.00000 7.56933 42.73969 52.48513 -35.25942 -34.74480 89.10285 -0.00000 -3.73013 -0.00000 -15.77074 4.48203 344.53308 7.12502 -0.00000 -0.00000 9.83284 -0.14346 314.17234
-1.00494 0.70888 0.03226 -407.41805 -9.36730 428.76184 -0.00000 0.00000 -0.00000 1405.40502 -56.95962 1058.70687 -64.26863 69.89519 83.89945 -1.67026 -3.17570 -17.12734 -2.83992 -28.22019 -11.26367 -0.00000 0.00000 -0.00000 145.47949 -58.58312 119.70941 39.08285 66.50518 -56.85412 -361.61655 -18.95322 -362.14107 2.12253 24.74134 -9.65562 0.00769 25.64585 -5.14158 7.34801 11.35300 -5.47682 9.50690 -0.62368 -2.76550 -1.92691 -5.00382 0.29505 14.63039 -8.39992 1.51862 4.69588 -1.73765 0.65002 -0.00000 0.00000 0.00000 -39.70570 1.57494 -62.98133 10.62560 -1.74727 -18.62506 0.00000 -11.55580 0.00000 42.31701 -13.32639 -14.20668 -7.12502 -0.00000 0.00000 13.88217 -9.56848 11.07573 -0.00000 0.00000 0.00000 4.38096 43.62493 57.44824 -35.04789 -31.77907 84.07010 -0.00000 -8.69960 -0.00000 -11.17817 2.55122 347.30570 7.12502 -0.00000 -0.00000 14.56114 0.65158 317.50675
-1.02811 0.73400 0.04559 -404.29215 -12.62857 435.08067 -0.00000 0.00000 -0.00000 1427.78510 -57.94043 1074.50038 -82.65744 69.47971 103.48462 -2.41811 -13.60601 -12.15561 -7.05273 -41.23554 -18.60433 -0.00000 0.00000 -0.00000 129.28165 -61.56971 118.73226 32.10530 64.31595 -49.18408 -360.49007 -11.95162 -360.49242 0.06117 4.38276 -1.59852 -0.56785 24.70416 -6.02068 7.71825 10.73383 -6.73207 10.45161 -0.48144 -3.41005 -3.09255 -3.79154 -0.35246 17.41897 -5.67275 0.46202 5.77158 -1.03426 0.18778 -0.00000 0.00000 0.00000 -15.93637 11.98707 -71.66487 14.73820 -3.44014 -26.14463 0.00000 -19.68150 0.00000 31.64281 -11.10517 -17.35718 -7.12502 -0.00000 0.00000 5.32765 -3.80794 9.54286 -0.00000 0.00000 0.00000 -1.99533 44.21667 64.02362 -34.64741 -29.31875 79.96897 -0.00000 -12.33050 -0.00000 -9.30107 2.05360 347.65807 7.12502 -0.00000 -0.00000 16.41900 0.89687 318.04060
-1.04932 0.74971 0.05673 -401.79470 -15.26957 440.97896 -0.00000 0.00000 -0.00000 1450.19565 -58.05383 1090.78544 -85.50487 69.21041 106.52755 0.08831 -21.37639 -3.55448 -3.02942 -29.04058 -11.65915 -0.00000 0.00000 -0.00000 108.26457 -64.98961 116.17718 26.12205 61.67392 -42.47198 -359.69324 -2.01739 -353.54703 0.01943 2.47233 -0.90045 -1.32317 23.90005 -7.27380 8.39248 9.59898 -8.54012 12.04784 -0.68156 -4.35949 -4.42967 -3.24616 -0.35107 18.52279 -2.19241 0.02071 6.34514 -0.06684 0.12423 0.00000 0.00000 -0.00000 -6.31567 15.11011 -80.54816 17.33866 -4.85515 -31.07663 0.00000 -14.72190 0.00000 23.89286 -12.04492 -25.22364 -7.12502 -0.00000 0.00000 0.02282 -0.02113 2.19862 0.00000 0.00000 -0.00000 -8.93967 44.91283 70.01608 -34.35133 -27.99765 77.77866 -0.00000 -13.70920 -0.00000 -7.86713 1.92745 346.31955 7.12502 -0.00000 -0.00000 17.80424 0.60563 316.88514
-1.06856 0.75656 0.06298 -400.72966 -18.03911 445.72649 -0.00000 0.00000 -0.00000 1471.79152 -58.12982 1108.98626 -74.74811 69.92817 95.05360 1.27150 -25.26709 -1.31534 -4.76819 -35.27612 -14.92045 -0.00000 0.00000 -0.00000 81.89298 -69.24559 104.99291 15.94306 54.36097 -30.50791 -361.59751 9.38788 -348.15892 1.15761 18.63104 -7.04848 -1.42550 23.13863 -8.79836 9.47895 7.94651 -10.58126 13.97158 -1.29451 -5.41580 -5.86893 -3.30304 0.00943 18.67967 0.43814 0.17391 6.65313 0.67684 0.32893 -0.00000 0.00000 -0.00000 -4.43367 16.74195 -87.23654 19.47289 -6.24392 -35.26772 0.00000 -6.65751 0.00000 21.24504 -13.52790 -31.03429 -7.12502 -0.00000 0.00000 -0.98860 1.12148 -3.59871 -0.00000 0.00000 -0.00000 -16.17339 44.29674 75.94232 -34.03728 -26.80949 75.80916 -0.00000 -7.69687 -0.00000 -7.84183 1.90757 346.41276 7.12502 -0.00000 -0.00000 17.83139 0.63718 316.98004
-1.08652 0.75435 0.06563 -399.75846 -19.93255 450.78841 -0.00000 0.00000 -0.00000 1493.21973 -58.25235 1132.14047 -67.74200 69.98379 87.59700 0.93590 -28.74808 -3.09492 -6.45249 -39.84339 -17.68092 -0.00000 0.00000 -0.00000 40.82557 -71.27998 75.65344 8.32064 43.86746 -20.47865 -360.87272 7.18190 -351.78873 0.65565 14.16836 -5.27205 -1.29772 21.87932 -10.77295 9.99593 6.93987 -13.24116 14.94595 -0.84194 -6.83760 -6.15813 -4.41729 0.47816 18.57656 2.15463 0.61285 6.70049 1.30194 0.67794 0.00000 0.00000 -0.00000 -3.12359 15.82716 -91.31224 21.84490 -8.06313 -40.12731 0.00000 -1.20954 0.00000 16.87065 -14.62601 -39.78201 -7.12502 -0.00000 0.00000 -2.30387 3.54553 -11.95348 0.00000 0.00000 -0.00000 -21.80582 41.64381 81.66037 -33.53390 -25.18271 73.10469 -0.00000 -0.53455 -0.00000 -9.41037 2.63317 344.50676 7.12502 -0.00000 -0.00000 16.20639 -0.01395 314.95199
-1.10412 0.73937 0.06744 -397.45849 -21.54189 456.27310 -0.00000 0.00000 -0.00000 1516.40110 -54.44096 1158.68899 -76.47726 69.86597 96.89492 -0.92903 -26.62084 -6.95322 -6.25755 -39.36785 -17.37513 -0.00000 0.00000 -0.00000 5.24003 -65.61706 47.64920 5.25667 36.71722 -15.75148 -360.03223 -2.73303 -360.27274 0.11424 -5.98254 2.18595 -1.25786 21.45536 -12.56637 10.18954 6.24324 -15.64384 15.64519 -0.51688 -8.11656 -6.04797 -4.09913 0.77206 18.55695 2.69044 0.94039 6.68819 1.35817 0.85370 -0.00000 0.00000 0.00000 -5.07623 13.98195 -93.32970 22.52749 -8.64713 -41.57461 0.00000 4.07623 -0.00000 15.44194 -17.96172 -48.14752 -7.12502 -0.00000 0.00000 -1.21391 2.67925 -20.61471 -0.00000 0.00000 0.00000 -26.69928 39.99130 86.19954 -32.83710 -23.28226 69.91909 -0.00000 3.59020 0.00000 -10.54098 3.98208 339.53448 7.12502 -0.00000 -0.00000 14.70973 -1.34683 309.88385
-1.12249 0.71631 0.06824 -394.36518 -23.48679 462.11185 -0.00000 0.00000 -0.00000 1532.22559 -48.87619 1176.37214 -85.23673 69.23837 106.24076 -1.23073 -26.50664 -7.63967 -6.00202 -38.72565 -16.96951 -0.00000 0.00000 -0.00000 -10.82963 -56.43962 35.86837 4.21342 33.49670 -13.93828 -360.48872 -8.14765 -362.55069 0.41248 -11.29567 4.16907 -0.66627 21.40904 -13.82697 10.61023 5.43158 -17.16173 16.36965 -0.81920 -8.88459 -7.00856 -2.43868 0.17565 19.23013 2.91601 0.07205 7.04061 1.24518 0.34979 -0.00000 0.00000 0.00000 -12.80878 13.48165 -92.46882 22.14090 -8.31283 -40.75191 0.00000 12.51540 -0.00000 15.85275 -18.77224 -48.57446 -7.12502 -0.00000 0.00000 -0.84878 1.92746 -21.22762 -0.00000 0.00000 0.00000 -29.69339 40.63535 87.61458 -32.05083 -21.44934 66.80212 -0.00000 5.64808 0.00000 -8.23391 3.84621 335.12995 7.12502 -0.00000 -0.00000 16.65196 -2.72485 305.96885
-1.14276 0.69244 0.07087 -391.34202 -24.94016 468.11441 -0.00000 0.00000 -0.00000 1539.84980 -46.86959 1184.21152 -89.60868 68.71077 110.92417 -2.34328 -28.49325 -10.21626 -5.25924 -36.72454 -15.75579 -0.00000 0.00000 -0.00000 -17.52199 -49.10386 30.86179 4.31615 33.83884 -14.12359 -361.29249 -14.51366 -363.26602 0.60480 -13.62246 5.06034 -0.64681 22.17194 -14.32550 11.01176 4.30798 -17.72283 17.68771 -1.95895 -9.09082 -7.92353 -0.93395 -0.93555 19.58302 4.11413 -1.67379 7.27546 1.57220 -0.55386 -0.00000 0.00000 0.00000 -17.87886 11.86213 -88.13005 21.91684 -8.12332 -40.27870 0.00000 8.76322 -0.00000 17.24522 -17.10541 -43.45686 -7.12502 -0.00000 0.00000 -1.14864 2.07998 -16.08235 -0.00000 0.00000 0.00000 -31.43430 42.92203 87.19133 -31.21529 -19.74673 63.85013 -0.00000 5.29687 0.00000 -7.34941 3.58936 334.10860 7.12502 -0.00000 -0.00000 17.47077 -3.13219 305.15139
-1.16353 0.67385 0.07695 -389.31379 -25.00003 474.04903 -0.00000 0.00000 -0.00000 1543.45413 -48.95765 1187.74385 -94.97317 67.83376 116.69809 -4.63191 -29.25110 -14.88918 -5.26141 -36.73069 -15.75941 -0.00000 0.00000 -0.00000 -22.33678 -45.01917 27.20436 5.03843 36.08673 -15.38374 -362.09460 -18.29429 -364.27076 1.19215 -18.89354 7.15587 -2.46141 22.16087 -13.62429 11.39690 3.89371 -17.21207 18.32686 -2.30271 -8.81373 -9.29915 0.01529 -2.70931 20.83190 4.37518 -4.23284 7.86388 1.90065 -1.86649 -0.00000 0.00000 0.00000 -20.91772 8.41281 -81.66613 21.76601 -7.99747 -39.96157 0.00000 8.24494 -0.00000 19.07785 -17.26768 -40.63899 -7.12502 -0.00000 0.00000 -0.52911 0.86623 -13.58090 -0.00000 0.00000 0.00000 -28.92374 45.83946 83.36397 -30.76088 -18.90134 62.35857 -0.00000 2.06560 0.00000 -8.22365 4.05647 333.91973 7.12502 -0.00000 -0.00000 16.51466 -3.06569 304.77501
-1.18105 0.65588 0.08775 -387.58827 -25.25397 479.50403 -0.00000 0.00000 -0.00000 1549.74658 -51.04150 1193.41120 -101.49275 66.35306 123.77387 -6.02210 -28.37061 -17.73584 -3.94072 -32.55794 -13.43797 -0.00000 0.00000 -0.00000 -25.18329 -44.19333 25.03579 6.81006 40.68528 -18.23415 -362.27719 -18.56211 -364.78820 2.53055 -26.79913 10.59395 -3.77356 21.72493 -12.11087 11.16097 4.08205 -15.48978 18.21912 -2.34854 -7.89256 -10.36932 1.16212 -4.73646 21.66079 3.46789 -7.00742 8.28609 1.95015 -3.35931 -0.00000 0.00000 0.00000 -22.96778 3.89276 -73.48161 21.00192 -7.38062 -38.37207 0.00000 11.01230 -0.00000 19.77886 -17.92158 -40.55366 -7.12502 -0.00000 0.00000 -0.05918 0.09743 -13.72315 -0.00000 0.00000 0.00000 -23.35206 48.90984 76.89263 -31.06766 -19.46654 63.35788 -0.00000 1.08955 0.00000 -9.11820 4.70455 332.93235 7.12502 -0.00000 -0.00000 15.42396 -3.18572 303.61151
-1.19319 0.64049 0.10224 -384.10388 -25.71165 486.78874 -0.00000 0.00000 -0.00000 1557.31314 -54.15372 1198.91072 -106.03004 64.98084 128.75263 -6.22551 -25.95437 -18.60287 -3.16119 -29.59083 -11.92826 -0.00000 0.00000 -0.00000 -26.39261 -42.31179 22.76758 9.64564 46.25416 -22.35001 -361.94449 -18.13984 -363.79459 2.71998 -27.68193 11.00778 -3.22861 21.33918 -10.39951 10.46044 5.35864 -12.93782 16.88119 -1.79965 -6.53461 -9.65147 4.32319 -6.75191 20.97726 0.81258 -9.53302 8.10054 1.03172 -4.91582 -0.00000 0.00000 -0.00000 -21.32324 -0.44347 -64.95006 19.38327 -6.18113 -35.08863 0.00000 9.06001 -0.00000 21.27058 -15.66575 -34.74634 -7.12502 -0.00000 0.00000 -0.21377 0.28088 -7.72592 -0.00000 0.00000 -0.00000 -13.77890 51.35199 67.29150 -31.65844 -20.62326 65.37777 -0.00000 3.71778 0.00000 -10.15019 5.79382 330.58298 7.12502 -0.00000 -0.00000 13.93853 -3.54166 301.02307
-1.19654 0.62732 0.11922 -381.10105 -24.77371 495.44619 -0.00000 0.00000 -0.00000 1564.13856 -59.40346 1204.99947 -107.60199 64.42468 130.49127 -6.26417 -24.49976 -19.03729 -3.22502 -29.85179 -12.05701 -0.00000 0.00000 -0.00000 -28.47846 -38.76826 20.53612 14.29862 52.63070 -28.46242 -361.37333 -17.31734 -362.04681 2.79208 -28.00736 11.16215 -1.95247 19.93880 -8.65111 8.94521 7.05985 -10.30719 13.09464 -0.83535 -5.08692 -4.92615 5.64899 -8.71908 17.09938 1.52204 -11.96768 6.07409 0.88888 -6.12963 0.00000 0.00000 0.00000 -14.31843 -2.00586 -55.28551 17.50068 -4.95304 -31.38979 0.00000 9.01407 -0.00000 21.33209 -12.85562 -29.67135 -7.12502 -0.00000 0.00000 -1.19244 1.28425 -2.11649 0.00000 0.00000 0.00000 0.69074 52.39670 54.89142 -32.16606 -21.70201 67.23511 -0.00000 7.14377 0.00000 -9.81295 6.29474 327.62891 7.12502 -0.00000 -0.00000 13.76963 -4.26322 298.12499
-1.19093 0.61348 0.13616 -378.41150 -24.75542 505.65144 -0.00000 0.00000 -0.00000 1577.47742 -64.42592 1217.62459 -107.82965 64.34026 130.74375 -5.89872 -22.93747 -18.67507 -3.40228 -30.55837 -12.40935 -0.00000 0.00000 -0.00000 -29.15482 -33.96418 19.33205 21.84056 59.15431 -37.55048 -360.71034 -16.13405 -359.92637 2.37936 -26.06320 10.25430 2.13701 18.06857 -7.64629 6.85722 8.17201 -8.29311 7.60790 -0.29807 -3.80301 2.23145 4.25859 -9.14031 10.57063 5.81969 -12.33316 2.83158 1.70190 -5.93734 -0.00000 0.00000 0.00000 -3.51637 1.88164 -42.34778 17.30822 -4.83689 -31.01788 0.00000 7.73061 -0.00000 24.18462 -13.50949 -27.48215 -7.12502 -0.00000 0.00000 0.63569 -0.64485 -0.40791 -0.00000 0.00000 0.00000 17.23698 51.62248 42.21243 -32.50354 -22.47180 68.54740 -0.00000 13.49520 0.00000 -7.75098 4.99497 327.39359 7.12502 -0.00000 -0.00000 16.02890 -4.89745 298.44996
-1.17677 0.59695 0.15135 -376.37768 -24.65039 516.30298 -0.00000 0.00000 -0.00000 1594.78931 -67.04306 1234.84621 -107.76547 64.36416 130.67256 -5.96559 -20.02703 -19.82731 -3.07774 -29.24420 -11.75837 -0.00000 0.00000 -0.00000 -29.01805 -27.99407 19.10153 31.91992 64.24622 -48.97831 -359.93334 -14.99131 -357.06873 0.78075 -15.42068 5.76194 6.26505 16.98877 -6.52202 4.57636 8.79072 -6.20097 2.41508 -0.13988 -2.47376 -1.88619 1.41830 -6.54534 14.67093 13.49560 -9.77032 4.12247 4.52759 -3.99428 -0.00000 0.00000 0.00000 3.96282 8.10891 -29.52054 18.14226 -5.35254 -32.63746 0.00000 2.40854 -0.00000 27.36100 -14.94479 -26.48922 -7.12502 -0.00000 0.00000 2.95054 -2.96805 -0.13137 -0.00000 0.00000 0.00000 35.35780 49.71729 27.45295 -33.14534 -24.08352 71.26677 -0.00000 17.14940 0.00000 -9.50798 5.17586 331.69173 7.12502 -0.00000 -0.00000 14.81821 -3.42210 302.28514
-1.15487 0.57887 0.16256 -375.54354 -24.02195 527.44187 -0.00000 0.00000 -0.00000 1612.40103 -67.63807 1254.15774 -106.80974 64.71070 129.61401 -5.97705 -15.70481 -21.99687 -2.22231 -25.26632 -9.89169 -0.00000 0.00000 -0.00000 -28.93618 -20.56593 18.13365 43.29640 67.48941 -61.43111 -359.25445 -14.08804 -354.36029 0.07398 -4.81861 1.75825 9.24815 16.79870 -5.16455 2.39450 9.53990 -3.82926 -1.85319 0.38874 -0.99837 -13.31221 -9.46000 -2.95807 30.34540 29.61771 -6.17579 13.24466 12.57919 0.06907 -0.00000 0.00000 -0.00000 5.19549 10.59380 -18.84533 19.00824 -5.92274 -34.34233 0.00000 -1.94669 0.00000 26.12655 -12.10586 -23.15093 -7.12502 -0.00000 0.00000 1.49450 -1.29874 4.01774 -0.00000 0.00000 -0.00000 56.04871 45.41748 11.13367 -34.04626 -26.84124 75.86183 -0.00000 15.50400 0.00000 -13.26306 6.26362 335.16194 7.12502 -0.00000 -0.00000 11.33022 -2.03060 304.97145
-1.12752 0.56185 0.16877 -374.89134 -24.08506 539.46253 -0.00000 0.00000 -0.00000 1628.55406 -65.89978 1273.07638 -103.90938 65.66244 126.41892 -5.44454 -10.71197 -24.22433 -2.25210 -25.42016 -9.96129 -0.00000 0.00000 -0.00000 -27.54992 -13.55911 15.08791 56.64860 69.41962 -75.77427 -358.75005 -12.52375 -352.08441 0.00081 0.50419 -0.18351 11.20979 17.21321 -0.89774 1.25746 10.40604 -1.51545 -4.87747 1.56836 -1.01359 -7.32865 -11.35791 5.70137 22.38919 27.67150 0.68885 9.78446 10.39364 1.20843 -0.00000 0.00000 0.00000 2.47421 8.90087 -10.89205 20.44572 -6.95252 -37.23170 0.00000 -7.92710 0.00000 21.93916 -10.36271 -24.06462 -7.12502 -0.00000 0.00000 -1.75512 1.53110 3.91203 -0.00000 0.00000 0.00000 74.69056 37.50099 -1.78806 -34.79986 -30.12164 81.30287 -0.00000 12.40340 0.00000 -17.34913 6.42246 340.29986 7.12502 -0.00000 -0.00000 7.78538 -0.75003 309.53104
-1.09585 0.54542 0.16986 -373.43144 -25.02159 551.71542 -0.00000 0.00000 -0.00000 1639.22113 -62.58967 1286.31745 -99.11015 66.95413 121.17890 -3.96680 -4.38117 -26.67939 -1.95903 -23.84667 -9.25823 -0.00000 0.00000 -0.00000 -24.53783 -9.02315 9.62846 71.57773 69.99209 -91.67901 -358.50287 -10.58663 -350.41784 0.21059 8.10591 -2.97149 11.30991 18.30776 1.36292 0.46406 11.56034 1.57641 -6.06743 2.86925 0.69475 8.93739 -2.51735 5.46572 -4.22206 16.76814 6.80312 -2.10768 5.89467 3.41073 0.00000 0.00000 -0.00000 -3.97775 6.45014 -3.27731 21.96239 -8.16160 -40.37469 0.00000 -8.78350 0.00000 23.25389 -11.28778 -24.48950 -7.12502 -0.00000 0.00000 -0.61442 0.55012 3.16183 0.00000 0.00000 -0.00000 85.16590 30.03848 -6.57630 -35.16045 -32.86235 85.89358 -0.00000 9.52544 0.00000 -22.97156 6.22419 345.65291 7.12502 -0.00000 -0.00000 2.71313 -0.02746 314.42065
-1.06372 0.53423 0.16740 -370.36476 -26.63742 564.67569 -0.00000 0.00000 -0.00000 1647.16985 -58.19728 1296.27412 -91.33244 68.45837 112.77573 -2.48168 -0.99726 -26.11935 -3.73744 -31.82720 -13.05642 -0.00000 0.00000 -0.00000 -21.82472 -7.74818 0.79444 84.12039 69.34891 -105.04733 -358.32778 -7.99292 -348.16854 0.61536 13.73778 -5.10497 10.58198 19.31205 3.47570 -0.10485 12.58215 4.35367 -6.47617 4.05034 2.20226 11.90509 0.07048 6.16329 -11.03931 12.61984 8.89923 -4.72470 4.71021 4.37446 0.00000 0.00000 -0.00000 -13.74744 4.27105 3.45108 22.79519 -8.88420 -42.14913 0.00000 -9.18217 0.00000 27.63684 -16.35953 -28.27716 -7.12502 -0.00000 0.00000 3.41606 -3.70844 -2.29625 0.00000 0.00000 -0.00000 86.51338 26.01533 -5.10345 -35.26320 -35.01028 89.56055 -0.00000 3.55489 0.00000 -31.67232 7.84407 347.52620 7.12502 -0.00000 -0.00000 -5.76115 -0.04015 315.39798
-1.03567 0.53683 0.16359 -365.23327 -27.86404 577.22328 -0.00000 0.00000 -0.00000 1654.02733 -54.59410 1303.99553 -77.71157 69.80956 98.20980 -1.24842 1.07670 -23.57587 -5.28022 -36.78405 -15.79085 -0.00000 0.00000 -0.00000 -20.06705 -8.66736 -9.39545 88.95338 68.79989 -110.22109 -358.57568 -2.88756 -344.07646 1.65148 22.03041 -8.46923 11.16294 20.13827 4.94045 -1.08227 12.60934 6.67044 -8.03325 4.40440 3.56771 9.86019 0.91671 8.58955 -14.06044 12.00691 12.75591 -5.06019 4.83732 6.12537 0.00000 0.00000 0.00000 -26.96591 2.97685 9.64185 23.04874 -9.11305 -42.69707 0.00000 -8.42145 0.00000 31.03075 -18.12871 -27.34873 -7.12502 -0.00000 0.00000 5.82418 -6.34480 -2.29283 0.00000 0.00000 0.00000 78.33345 22.97839 -2.09995 -35.22460 -36.71681 92.54000 -0.00000 -2.49453 -0.00000 -39.43199 11.58472 346.27695 7.12502 -0.00000 -0.00000 -13.75678 0.57342 312.65917
-1.00859 0.54418 0.15829 -357.91305 -27.83828 588.61389 -0.00000 0.00000 -0.00000 1656.55332 -52.26207 1306.40105 -61.97393 69.79357 81.45511 -0.17744 3.31844 -21.33318 -6.14594 -39.09006 -17.19866 -0.00000 0.00000 -0.00000 -14.71364 -12.13463 -15.84437 91.14577 68.48699 -112.57507 -359.04648 0.38788 -340.84906 1.56458 21.48066 -8.23478 10.49874 19.55226 6.42528 -2.07333 11.81365 8.80483 -8.88699 4.36941 4.74130 9.01682 1.92835 10.33792 -17.17873 10.50448 15.48587 -5.81307 4.70613 7.43105 0.00000 0.00000 -0.00000 -42.14421 1.02482 16.14445 22.86146 -8.94360 -42.29198 0.00000 -8.25697 0.00000 31.33533 -17.82164 -26.68746 -7.12502 -0.00000 0.00000 5.97941 -6.35718 -1.59118 0.00000 0.00000 -0.00000 62.01360 17.77975 3.34868 -35.23830 -36.44253 92.05638 -0.00000 -5.46168 -0.00000 -43.02087 16.53753 343.03725 7.12502 -0.00000 -0.00000 -18.11528 2.40094 307.70280
-0.98001 0.55114 0.15139 -350.93680 -25.17596 600.86369 -0.00000 0.00000 -0.00000 1657.47124 -51.09323 1309.50577 -48.42330 68.42044 66.96163 -0.05570 3.31740 -19.57449 -5.86800 -38.37987 -16.75448 -0.00000 0.00000 -0.00000 -7.43329 -15.50731 -21.54338 92.30345 68.30431 -113.82021 -359.73540 3.04338 -338.82407 2.80715 28.07465 -11.19421 11.61707 19.55141 7.60277 -5.17192 10.27952 10.94205 -13.34975 4.21978 6.16989 14.00779 0.02768 10.46510 -18.34949 8.32002 15.35513 -7.01183 4.84461 7.49112 -0.00000 0.00000 -0.00000 -49.68507 2.18529 18.40131 21.97394 -8.17132 -40.39904 0.00000 -9.15134 0.00000 30.52458 -16.09987 -25.18862 -7.12502 -0.00000 0.00000 5.21129 -5.14595 0.47911 -0.00000 0.00000 -0.00000 50.93550 6.67716 6.23222 -35.26041 -35.72676 90.80320 -0.00000 -6.46191 -0.00000 -42.40982 16.38218 342.84086 7.12502 -0.00000 -0.00000 -17.53312 2.35390 307.59305
-0.95104 0.55243 0.14143 -347.11030 -21.01576 612.55907 -0.00000 0.00000 -0.00000 1654.76481 -52.34231 1314.57949 -40.58423 66.88115 58.48888 -1.52161 -1.59225 -18.99468 -4.97041 -35.88590 -15.26798 -0.00000 0.00000 -0.00000 -1.67089 -17.82008 -28.11236 93.00327 68.18776 -114.57369 -360.83686 6.05503 -338.39373 5.51579 37.43979 -16.18126 9.97499 18.84117 7.28846 -6.25207 9.70951 10.33696 -13.64044 3.58376 5.79925 14.16359 -0.63038 11.46030 -19.07185 4.89054 16.33011 -7.34146 4.21466 8.01412 0.00000 0.00000 -0.00000 -58.19423 1.14551 21.34420 21.17300 -7.51579 -38.72558 0.00000 -10.12730 0.00000 28.81397 -14.57381 -24.58142 -7.12502 -0.00000 0.00000 3.82065 -3.60925 1.69108 0.00000 0.00000 -0.00000 37.52679 -2.81221 8.11021 -35.26253 -35.58077 90.54908 -0.00000 -8.82345 -0.00000 -41.51460 15.93946 342.76381 7.12502 -0.00000 -0.00000 -16.62940 2.18966 307.71005
-0.92507 0.54369 0.12645 -344.95157 -16.42559 623.35888 -0.00000 0.00000 -0.00000 1649.53356 -55.29358 1318.69408 -38.65473 66.39247 56.38711 -2.52455 -11.82451 -13.33985 -7.21830 -41.60175 -18.85461 -0.00000 0.00000 -0.00000 2.53179 -20.63759 -35.34345 95.33270 67.76486 -117.08642 -361.61127 8.00464 -337.39206 6.69299 40.41382 -18.05407 8.62515 17.72658 6.89646 -7.82958 8.77092 9.66479 -14.66348 2.92148 5.42598 13.15361 -0.37595 11.91236 -17.77615 2.14806 16.54746 -6.95756 3.25300 8.20366 0.00000 0.00000 -0.00000 -61.09813 0.84368 21.88656 21.26711 -7.59086 -38.92062 0.00000 -10.45670 0.00000 27.20213 -13.68171 -24.71149 -7.12502 -0.00000 0.00000 2.57445 -2.40572 1.96812 0.00000 0.00000 -0.00000 27.64508 -11.19567 7.82615 -35.25229 -36.06870 91.40032 -0.00000 -13.67380 -0.00000 -40.84306 18.52725 339.81835 7.12502 -0.00000 -0.00000 -16.66634 3.31262 304.07535
-0.90537 0.53276 0.10917 -344.70514 -11.66854 632.18075 -0.00000 0.00000 -0.00000 1644.36425 -59.62099 1319.94297 -42.76816 67.37772 60.85908 0.66138 -19.37233 -1.29541 -7.03863 -41.20402 -18.58293 -0.00000 0.00000 -0.00000 6.52647 -22.97753 -39.97588 98.89195 67.00552 -120.94182 -361.63614 8.06380 -336.77319 6.93500 40.97063 -18.42525 7.26082 16.85468 7.06657 -9.95544 7.87259 9.66969 -16.46158 2.57864 5.43763 12.42310 -0.76371 11.78226 -15.34626 0.42953 15.99996 -6.21670 2.48191 7.95796 -0.00000 0.00000 0.00000 -58.84800 1.56768 19.77564 21.93691 -8.14017 -40.32098 0.00000 -9.40510 0.00000 26.95559 -13.55701 -24.74705 -7.12502 -0.00000 0.00000 2.38503 -2.22666 1.99054 -0.00000 0.00000 0.00000 20.76111 -16.88556 7.29819 -35.24649 -36.24164 91.70339 -0.00000 -18.98530 -0.00000 -39.58217 19.48121 338.03159 7.12502 -0.00000 -0.00000 -15.82389 3.71108 302.13592
-0.89218 0.52710 0.09127 -344.89071 -6.76365 640.08169 -0.00000 0.00000 -0.00000 1638.29703 -62.17477 1315.13232 -57.07514 69.45697 76.22983 1.28139 -20.37503 0.38879 -3.95119 -32.59487 -13.45742 -0.00000 0.00000 -0.00000 11.42648 -25.36541 -40.85652 101.78000 66.27543 -124.08753 -360.31905 4.69673 -338.44763 6.08212 38.92933 -17.09727 5.32352 15.70311 7.68999 -12.02790 6.28340 10.15525 -18.02638 1.70550 5.59257 12.40556 -0.49810 10.71571 -12.70964 -0.42156 14.39000 -5.56720 1.77686 7.17899 0.00000 0.00000 -0.00000 -53.98508 2.83070 15.83545 22.42927 -8.56130 -41.36483 0.00000 -8.92882 0.00000 27.24762 -14.08737 -25.29733 -7.12502 -0.00000 0.00000 2.69284 -2.57791 1.27990 0.00000 0.00000 -0.00000 17.26968 -16.94561 5.27862 -35.23075 -36.60091 92.33541 -0.00000 -21.23540 -0.00000 -38.24908 17.11470 339.52881 7.12502 -0.00000 -0.00000 -14.03167 2.68073 304.39996
-0.88504 0.52635 0.07460 -345.92617 -1.67157 650.73509 -0.00000 0.00000 -0.00000 1641.64656 -61.11015 1313.78593 -84.10649 69.35023 105.03248 -0.84282 -19.57303 -6.10407 -1.92790 -23.67118 -9.18098 -0.00000 0.00000 -0.00000 15.28555 -25.69778 -41.73050 102.91146 65.95814 -125.32494 -359.45615 1.28390 -342.33086 6.63801 40.28495 -17.96915 1.62130 12.44939 7.31035 -12.93827 5.91868 9.24389 -16.20938 2.13981 4.98447 11.15624 -2.54952 9.39375 -7.54497 0.24216 12.30981 -4.14384 1.78296 6.12395 -0.00000 0.00000 0.00000 -49.52469 3.18655 10.05826 22.59824 -8.70933 -41.72606 0.00000 -10.02150 0.00000 27.84271 -13.82949 -24.34908 -7.12502 -0.00000 0.00000 3.02927 -2.80678 2.22130 -0.00000 0.00000 0.00000 15.64171 -11.95269 2.92050 -35.14116 -37.80073 94.47158 -0.00000 -23.82850 -0.00000 -36.53909 12.43766 343.79345 7.12502 -0.00000 -0.00000 -11.30274 0.98236 310.09721
-0.87921 0.52648 0.06238 -347.14510 2.42729 662.21771 -0.00000 0.00000 -0.00000 1650.62996 -57.66083 1313.30915 -109.16008 63.82608 132.22292 -0.11935 -20.16078 -3.95766 -1.98775 -24.00711 -9.32905 -0.00000 0.00000 -0.00000 17.52409 -26.09099 -38.01004 106.45717 64.83422 -129.22428 -359.20457 -0.25078 -344.05900 6.67636 40.37495 -18.02842 -3.65761 9.28447 6.35937 -13.66794 5.63659 7.69114 -13.27411 2.37014 3.95239 9.08664 -3.81248 7.22230 -0.68242 1.71163 9.17051 -1.44321 1.63328 4.63142 0.00000 0.00000 -0.00000 -44.50948 3.82850 3.55081 21.79548 -8.02196 -40.02346 0.00000 -11.42390 0.00000 28.40427 -13.64476 -23.56745 -7.12502 -0.00000 0.00000 3.36980 -3.04074 2.98482 0.00000 0.00000 -0.00000 17.62227 -2.56379 -1.79482 -35.00044 -38.94436 96.54913 -0.00000 -22.44720 -0.00000 -34.92753 7.96093 348.78217 7.12502 -0.00000 -0.00000 -8.82763 -0.22717 316.46246
-0.87324 0.52544 0.05467 -349.31354 6.58618 673.14689 -0.00000 0.00000 -0.00000 1660.25482 -55.79593 1310.28877 -121.78782 56.43272 146.73593 -0.14326 -19.37203 -3.90490 -0.96346 -17.06530 -6.41509 -0.00000 0.00000 -0.00000 20.87319 -25.15043 -28.14065 110.78691 63.14566 -134.04089 -358.98393 -1.68223 -345.14233 6.03196 38.80203 -17.01732 -8.61602 7.31790 4.86534 -13.46769 5.74673 5.68088 -9.77736 2.60056 2.71261 5.64992 -4.73898 4.85831 6.29556 3.42904 5.81275 1.28877 1.84288 3.11165 -0.00000 0.00000 0.00000 -40.67391 2.92214 -3.07042 20.21920 -6.78305 -36.77104 0.00000 -12.77870 0.00000 29.43791 -12.09832 -20.37435 -7.12502 -0.00000 0.00000 3.81656 -3.04593 6.46171 -0.00000 0.00000 0.00000 22.81259 6.35170 -6.40805 -34.90771 -39.52241 97.61671 -0.00000 -16.14650 -0.00000 -31.12911 4.10887 353.23393 7.12502 -0.00000 -0.00000 -4.60637 -0.57801 322.13675
-0.86933 0.52546 0.05107 -353.42099 10.84891 684.74287 -0.00000 0.00000 -0.00000 1669.65791 -58.68945 1305.60866 -126.64185 51.53760 152.72961 -3.08109 -19.12175 -12.67446 -1.69179 -22.27956 -8.57613 -0.00000 0.00000 -0.00000 26.03045 -22.14386 -14.80808 113.67052 61.78081 -137.29250 -358.91845 -4.31890 -348.57298 4.26797 33.67915 -14.03690 -10.24922 7.38461 3.48389 -13.52164 5.88391 3.83423 -8.86743 2.41352 1.75339 4.64802 -3.89643 2.28672 12.44456 4.64322 2.08600 3.36206 2.09828 1.40472 -0.00000 0.00000 -0.00000 -36.12487 2.15944 -9.95711 18.27866 -5.43995 -32.90435 0.00000 -15.12220 0.00000 30.41410 -10.09009 -16.61757 -7.12502 -0.00000 0.00000 4.24545 -2.90712 10.65848 -0.00000 0.00000 -0.00000 35.20434 11.65111 -14.94213 -34.83499 -39.92100 98.36034 -0.00000 -6.68430 -0.00000 -30.70564 1.08085 358.18077 7.12502 -0.00000 -0.00000 -3.91384 -0.89849 327.90930
-0.86893 0.52328 0.05245 -358.25911 14.83058 696.20036 -0.00000 0.00000 -0.00000 1672.30708 -63.01172 1297.48563 -128.72816 48.78606 155.44567 -7.40359 -18.32134 -24.02687 -2.90983 -28.52700 -11.41079 -0.00000 0.00000 -0.00000 32.95322 -17.87475 2.43633 115.36676 60.86850 -139.22575 -359.27298 -6.35586 -352.86721 4.45160 34.28085 -14.36543 -11.05524 7.76125 1.55941 -12.61810 6.40702 1.36453 -7.33090 2.52477 0.50337 3.94584 -3.33056 0.60000 16.86561 5.41870 -0.46395 4.42047 2.20932 0.26044 0.00000 0.00000 0.00000 -34.93144 -1.24212 -15.24333 16.69478 -4.47776 -29.83948 0.00000 -18.49640 0.00000 32.37260 -7.37014 -11.43928 -7.12502 -0.00000 0.00000 5.55083 -3.03086 16.45136 0.00000 0.00000 0.00000 48.62207 12.04453 -22.84327 -34.92359 -39.42971 97.44467 -0.00000 0.00014 0.00000 -34.05738 -0.89396 361.32220 7.12502 -0.00000 -0.00000 -6.94098 -2.08166 331.61374
-0.87119 0.52115 0.05994 -363.77841 17.85565 706.61949 -0.00000 0.00000 -0.00000 1664.35017 -65.51071 1286.29597 -130.20726 46.49976 157.44678 -9.95579 -19.07621 -29.16523 -2.53700 -26.82988 -10.60825 -0.00000 0.00000 -0.00000 38.02218 -11.94584 19.60998 115.55388 60.76230 -139.44008 -359.71617 -8.36031 -356.52658 5.58125 37.61807 -16.28872 -10.91573 9.24744 -0.58226 -11.07760 7.16064 -1.51025 -5.65430 2.40706 -0.91849 4.30175 -3.12017 -0.41766 18.88836 5.11164 -1.93604 4.92473 2.20557 -0.45915 0.00000 0.00000 0.00000 -35.81505 -5.68215 -18.05350 15.60215 -3.87860 -27.76494 0.00000 -21.48280 0.00000 34.43802 -5.34433 -7.73545 -7.12502 -0.00000 0.00000 7.23987 -3.29648 20.64621 0.00000 0.00000 0.00000 60.85642 8.84094 -28.33546 -35.11319 -38.06832 94.95383 -0.00000 3.33355 0.00000 -35.78744 0.17310 359.75989 7.12502 -0.00000 -0.00000 -8.60979 -2.28267 329.73815
-0.87124 0.51886 0.07343 -370.45183 18.93413 716.09709 -0.00000 0.00000 -0.00000 1655.94334 -65.12629 1279.49463 -130.88858 45.33116 158.39522 -11.28652 -19.74501 -31.41005 -1.39344 -20.34240 -7.75532 -0.00000 0.00000 -0.00000 38.73562 -6.98375 31.30077 114.57256 61.30669 -138.31848 -361.15529 -13.80863 -363.03339 5.35733 37.00117 -15.91929 -9.95265 12.64704 -2.97016 -8.40692 8.21852 -4.89028 -3.10374 1.78763 -2.57537 4.73593 -3.16333 -0.75210 19.68990 4.49903 -2.38129 5.08829 2.07487 -0.71774 -0.00000 0.00000 -0.00000 -36.70242 -9.80016 -17.28379 14.59005 -3.36799 -25.86842 0.00000 -23.93610 0.00000 35.06948 -4.21285 -5.97392 -7.12502 -0.00000 0.00000 7.79137 -3.21297 22.72525 -0.00000 0.00000 -0.00000 69.49736 4.58452 -29.90529 -35.26076 -35.70577 90.76662 -0.00000 5.96211 0.00000 -37.96456 3.27054 355.81828 7.12502 -0.00000 -0.00000 -10.95505 -1.92116 324.82576
-0.85673 0.52025 0.08903 -377.65921 18.14200 722.91771 -0.00000 0.00000 -0.00000 1649.85996 -64.64451 1272.66166 -131.49393 44.22182 159.25463 -11.12176 -12.85321 -36.30411 -0.23929 -8.63530 -3.16862 -0.00000 0.00000 -0.00000 33.52394 -8.25931 34.83571 109.62359 63.63823 -132.73980 -366.27106 -21.65544 -376.34404 5.04439 36.10422 -15.39385 -7.67597 18.18005 -5.39194 -4.66942 8.75282 -8.27978 0.33134 -0.16310 -4.18065 3.51962 -3.30880 -0.41101 19.69441 4.58188 -1.89971 5.31004 2.09146 -0.49142 0.00000 0.00000 0.00000 -37.84629 -13.68117 -11.58790 13.87881 -3.03369 -24.54862 0.00000 -29.48120 0.00000 37.31089 -4.78561 -6.24736 -7.12502 -0.00000 0.00000 9.78800 -4.15792 22.20358 0.00000 0.00000 0.00000 71.95346 1.12855 -28.09233 -35.15325 -32.77957 85.75372 -0.00000 2.53269 0.00000 -38.73252 1.79099 357.76857 7.12502 -0.00000 -0.00000 -11.50815 -2.53044 327.23498
-0.82770 0.51773 0.10363 -384.22535 17.92714 723.84573 -0.00000 0.00000 -0.00000 1635.57327 -64.23083 1258.57752 -132.30136 42.62426 160.42915 -11.74501 -14.86491 -35.79487 -0.72630 -14.89019 -5.55368 -0.00000 0.00000 -0.00000 23.83279 -16.41894 32.59260 91.45479 68.43944 -112.90729 -368.17921 -26.05701 -376.74540 6.95228 41.00977 -18.45160 -5.02441 21.45262 -6.54630 -1.36363 9.08277 -9.43711 2.95821 -1.16960 -4.74250 2.34693 -4.16309 0.19702 17.76810 4.22343 -0.90430 4.94487 2.03363 -0.03422 0.00000 0.00000 0.00000 -39.02102 -17.75615 -4.32262 13.12151 -2.69929 -23.15406 0.00000 -36.39860 0.00000 38.75761 -4.54404 -5.63604 -7.12502 -0.00000 0.00000 11.08917 -4.57707 22.84625 0.00000 0.00000 0.00000 71.03582 -0.09913 -25.40239 -34.98098 -31.26724 83.21307 -0.00000 -3.76518 -0.00000 -38.32596 2.56824 356.75563 7.12502 -0.00000 -0.00000 -11.21218 -2.20282 325.97375
-0.79280 0.50239 0.11846 -389.00896 17.52878 720.29536 -0.00000 0.00000 -0.00000 1613.71811 -62.01383 1237.22363 -133.75569 39.33511 162.64575 -12.31367 -12.97798 -38.55333 -0.00085 -0.51679 -0.18810 -0.00000 0.00000 -0.00000 12.68610 -26.86398 22.82317 61.56545 69.77181 -81.01980 -365.01928 -23.57158 -370.10513 6.35714 39.61230 -17.53174 -3.61204 21.69569 -5.83161 0.43196 10.04955 -8.23176 3.80882 -0.32641 -4.24163 0.58740 -3.63383 0.15706 16.47297 2.77293 -0.52435 4.84481 1.47549 -0.00391 -0.00000 0.00000 -0.00000 -40.08611 -19.18638 1.29102 12.35379 -2.38234 -21.75065 0.00000 -44.73510 0.00000 39.41089 -3.22370 -3.91491 -7.12502 -0.00000 0.00000 11.73947 -4.34189 24.98258 -0.00000 0.00000 -0.00000 68.57125 0.30894 -23.75260 -35.03856 -31.70348 83.94337 -0.00000 -9.77406 -0.00000 -38.88469 4.81459 354.05836 7.12502 -0.00000 -0.00000 -12.02647 -1.62006 322.55934
-0.75983 0.47887 0.13554 -389.79868 16.33479 714.74667 -0.00000 0.00000 -0.00000 1591.97868 -56.68935 1218.15398 -135.17750 35.44180 164.98571 -14.12314 -11.91014 -42.87944 -0.07228 4.76290 1.73783 -0.00000 0.00000 -0.00000 -3.26518 -37.49446 6.04555 45.38642 67.90132 -63.69010 -360.90663 -15.04364 -361.19662 4.97384 35.89605 -15.27382 -5.74080 20.62817 -3.57995 0.34896 10.56060 -5.72858 4.29055 0.66450 -3.14674 -0.09549 -3.72725 -0.88568 15.65107 4.03243 -2.05643 4.64573 1.98141 -0.71102 0.00000 0.00000 0.00000 -44.07552 -22.19983 2.91559 12.39050 -2.39700 -21.81753 0.00000 -48.16230 0.00000 37.52411 -3.72446 -4.83467 -7.12502 -0.00000 0.00000 10.00797 -3.89501 23.94687 0.00000 0.00000 0.00000 64.26442 -0.51638 -23.19551 -35.19437 -33.29742 86.63024 -0.00000 -13.60400 -0.00000 -38.94970 5.53738 353.19249 7.12502 -0.00000 -0.00000 -12.19387 -1.40211 321.46023
-0.72975 0.45467 0.15371 -390.91639 13.34484 708.35402 -0.00000 0.00000 -0.00000 1571.36386 -45.55360 1199.60520 -136.32568 31.59454 167.06367 -17.22441 -12.30711 -47.54044 -0.14390 6.71019 2.45429 -0.00000 0.00000 -0.00000 -18.41616 -45.92943 -11.23050 35.48298 65.47475 -52.91369 -360.07015 1.98308 -351.60740 2.73248 27.73874 -11.03466 -7.90210 20.58262 -0.31203 -0.86113 10.31432 -1.98751 3.61780 -0.01828 -1.33084 0.98318 -2.64567 -2.01615 16.03152 4.93185 -3.76590 4.51100 2.19024 -1.53912 0.00000 0.00000 0.00000 -47.03250 -25.17786 4.42642 13.11033 -2.69451 -23.13355 0.00000 -47.92330 0.00000 30.07769 -8.54529 -14.38963 -7.12502 -0.00000 0.00000 3.77406 -2.33303 13.32088 0.00000 0.00000 0.00000 59.07630 -2.75001 -22.44110 -35.26388 -35.42978 90.28676 -0.00000 -14.28180 -0.00000 -39.13898 6.89422 351.60937 7.12502 -0.00000 -0.00000 -12.58721 -0.99574 319.45018
-0.70186 0.43597 0.17163 -393.94041 9.67125 701.21922 -0.00000 0.00000 -0.00000 1559.56909 -29.23378 1184.53460 -137.12295 28.38375 168.65802 -18.84424 -8.39123 -53.62671 -1.04824 17.76910 6.69832 -0.00000 0.00000 -0.00000 -29.45841 -54.70431 -28.73814 33.17586 64.70561 -50.37006 -363.67696 15.58573 -345.56557 2.12979 24.78006 -9.67296 -6.52493 21.31052 3.35389 -3.80550 9.88180 2.71410 -1.12063 -1.20542 1.11266 5.04511 -0.11805 -3.27801 16.50171 3.01892 -5.16799 4.48325 1.36017 -2.46007 0.00000 0.00000 -0.00000 -48.34207 -19.20851 8.57092 17.31587 -4.84148 -31.03265 0.00000 -51.49710 0.00000 28.56515 -10.97473 -19.27372 -7.12502 -0.00000 0.00000 2.98081 -2.25454 7.93001 0.00000 0.00000 -0.00000 56.77679 -5.37574 -19.43846 -35.04982 -38.59145 95.90333 -0.00000 -17.23230 -0.00000 -37.77029 10.00697 347.35996 7.12502 -0.00000 -0.00000 -11.88841 0.14627 314.30523
-0.67811 0.42532 0.19091 -396.85120 6.45181 695.00464 -0.00000 0.00000 -0.00000 1554.23885 -18.65023 1176.09383 -137.43217 26.97617 169.32362 -16.83410 -6.32773 -53.08612 -1.63834 21.94843 8.43414 -0.00000 0.00000 -0.00000 -45.40738 -61.26241 -54.34741 46.47455 68.09771 -64.86368 -361.58055 9.45868 -348.55353 1.31282 19.77772 -7.52030 -4.37839 21.42462 4.95953 -5.15314 10.04801 5.08531 -4.15526 -0.78811 2.34965 5.90157 1.20222 -2.85092 14.16307 1.78918 -4.14590 3.54133 0.56946 -2.08196 0.00000 0.00000 -0.00000 -50.52122 -10.86131 14.32163 20.13841 -6.72327 -36.60725 0.00000 -56.25790 0.00000 33.76699 -12.77782 -18.30387 -7.12502 -0.00000 0.00000 7.13033 -5.42251 7.93162 0.00000 0.00000 -0.00000 49.60093 -3.29117 -9.94009 -34.45211 -41.57610 101.52121 -0.00000 -21.68160 -0.00000 -36.51471 13.83648 342.09842 7.12502 -0.00000 -0.00000 -11.63021 1.44657 308.00733
-0.65227 0.42791 0.20767 -398.81223 4.38376 692.71527 -0.00000 0.00000 -0.00000 1551.86756 -24.55653 1177.90050 -137.02248 28.81938 168.44815 -5.39677 3.03817 -46.83275 -1.35866 20.10122 7.65472 -0.00000 0.00000 -0.00000 -63.46906 -60.54143 -81.00297 77.80560 69.80485 -98.30998 -361.37408 9.13795 -350.08570 2.44264 26.37475 -10.39752 -1.71082 20.55225 4.93495 -5.66079 10.54180 5.63291 -6.06674 0.52402 2.74463 6.19500 2.38596 -2.27955 11.81446 1.35793 -3.10502 2.70795 0.12752 -1.61226 -0.00000 0.00000 0.00000 -52.64137 -9.52900 14.36994 20.06418 -6.66865 -36.45699 0.00000 -55.42750 0.00000 35.58020 -14.91250 -19.78449 -7.12502 -0.00000 0.00000 8.65701 -7.17676 5.62960 -0.00000 0.00000 0.00000 39.73213 -1.04455 1.59645 -34.00243 -43.02171 104.39351 -0.00000 -21.77290 -0.00000 -35.87522 19.69972 335.00993 7.12502 -0.00000 -0.00000 -12.74512 3.61496 299.42386
-0.63013 0.43485 0.21876 -398.71934 2.38587 692.51496 -0.00000 0.00000 -0.00000 1553.70043 -51.17462 1190.15071 -134.91210 36.23149 164.53241 0.66257 7.04532 -32.93088 -0.17775 7.45226 2.72883 -0.00000 0.00000 -0.00000 -73.93890 -56.02200 -96.14441 110.35612 63.33168 -133.55842 -362.87186 12.93585 -345.36765 0.98891 17.28006 -6.50127 -0.29506 20.58066 4.69063 -6.69168 11.16563 5.56702 -7.90846 1.45867 2.83318 6.77646 2.61296 -2.26168 10.46153 1.09254 -2.98311 2.16421 -0.02805 -1.56117 0.00000 0.00000 -0.00000 -53.28753 -11.95312 10.14040 18.43732 -5.54276 -33.21558 0.00000 -50.85000 0.00000 34.97372 -15.45620 -20.85561 -7.12502 -0.00000 0.00000 8.24725 -7.12113 4.46040 0.00000 0.00000 -0.00000 31.10471 -2.04256 11.44319 -34.08454 -42.78318 103.91152 -0.00000 -18.43670 -0.00000 -34.56057 24.95352 328.51439 7.12502 -0.00000 -0.00000 -13.40691 5.84726 291.85784
-0.61206 0.43790 0.22979 -397.75698 2.29304 693.49582 -0.00000 0.00000 -0.00000 1584.41739 -70.61065 1224.95300 -129.34268 47.87454 156.26831 -0.47578 0.39781 -14.02018 -0.01920 -2.45793 -0.89520 -0.00000 0.00000 -0.00000 -75.26277 -50.40791 -103.56823 125.96817 52.32886 -151.87395 -363.61664 14.72720 -344.23410 1.98943 24.01647 -9.33319 1.28844 20.62548 4.56251 -7.85341 11.52485 5.67078 -10.09248 2.18732 3.04810 8.09903 1.93519 -2.84862 10.19155 -0.23248 -3.67862 1.87596 -0.33947 -1.97511 0.00000 0.00000 -0.00000 -53.81319 -14.26892 3.92458 16.90376 -4.59823 -30.23976 0.00000 -44.83570 0.00000 33.71967 -12.89974 -18.49477 -7.12502 -0.00000 0.00000 7.10526 -5.44698 7.70964 0.00000 0.00000 -0.00000 25.26489 -5.74077 16.98493 -34.61968 -40.92112 100.25543 -0.00000 -16.98160 -0.00000 -36.44868 25.72232 329.56018 7.12502 -0.00000 -0.00000 -15.11552 6.42600 292.49347
-0.58913 0.44665 0.23768 -396.15339 4.18761 696.29255 -0.00000 0.00000 -0.00000 1620.86804 -74.29042 1262.33540 -107.86580 64.32676 130.78386 -0.54082 -6.38172 -5.73480 -0.00594 1.36743 0.49781 -0.00000 0.00000 -0.00000 -68.01707 -45.65680 -105.12138 131.10441 44.94371 -158.69972 -364.58321 17.21070 -343.71377 2.80477 28.06405 -11.18915 2.06848 20.28910 4.56173 -8.40543 11.29937 5.81987 -11.17311 2.30807 3.20753 9.69183 1.57191 -4.04975 10.51026 -2.13191 -5.10859 1.79217 -0.88501 -2.83522 0.00000 0.00000 -0.00000 -54.77830 -13.89197 -2.14087 16.05961 -4.12326 -28.62988 0.00000 -40.53330 0.00000 31.64937 -9.38822 -14.82304 -7.12502 -0.00000 0.00000 5.13789 -3.27747 12.54999 0.00000 0.00000 -0.00000 21.51526 -10.26480 18.36639 -35.06777 -38.45266 95.65053 -0.00000 -18.27520 -0.00000 -36.69513 23.95572 331.41720 7.12502 -0.00000 -0.00000 -14.74507 5.58301 294.71295
-0.56531 0.45756 0.24494 -393.68791 6.31481 698.64836 -0.00000 0.00000 -0.00000 1644.59875 -76.59899 1284.18117 -48.42542 68.42077 66.96391 -0.30074 -6.13856 -3.86207 -2.52552 -26.77511 -10.58280 -0.00000 0.00000 -0.00000 -56.17327 -46.09607 -101.12462 131.76883 43.69387 -159.65067 -367.76666 20.94542 -336.84477 10.41415 47.49926 -23.40285 0.72741 19.84142 5.19028 -9.02389 10.88812 6.40205 -11.18125 2.13746 3.44781 10.90551 1.04613 -5.43405 11.49228 -3.04911 -6.92989 1.98252 -1.07747 -3.84492 0.00000 0.00000 0.00000 -56.19337 -13.02591 -8.45986 15.03621 -3.58795 -26.70167 0.00000 -36.28110 0.00000 31.13252 -8.09735 -13.12675 -7.12502 -0.00000 0.00000 4.58181 -2.69108 14.63518 0.00000 0.00000 0.00000 20.27385 -13.85062 17.29347 -35.26144 -35.66227 90.69088 -0.00000 -20.50810 -0.00000 -34.71639 19.05350 334.77174 7.12502 -0.00000 -0.00000 -11.57551 3.26494 299.46102
-0.54350 0.46683 0.25406 -390.62007 6.54395 700.27471 -0.00000 0.00000 -0.00000 1688.95784 -78.75593 1321.13598 -18.68536 56.82525 33.83066 0.89727 -8.58231 5.92805 -5.70224 -37.94325 -16.48621 -0.00000 0.00000 -0.00000 -48.29549 -46.76516 -96.47866 130.81053 45.46915 -158.28561 -362.41462 9.99864 -323.97495 13.84498 52.11365 -27.88965 -2.02252 19.99573 6.03311 -10.21600 10.75206 6.96433 -11.12702 1.88362 3.62842 10.80855 -0.03733 -6.63946 13.41273 -2.15011 -8.87273 2.57808 -0.49498 -4.74538 -0.00000 0.00000 0.00000 -58.30997 -13.95116 -13.61568 14.36532 -3.26021 -25.45030 0.00000 -30.88950 0.00000 30.49727 -8.07185 -13.40919 -7.12502 -0.00000 0.00000 4.05757 -2.40439 14.39969 -0.00000 0.00000 0.00000 22.51294 -14.79707 15.51420 -35.12443 -32.47153 85.23405 -0.00000 -20.44500 -0.00000 -29.86456 13.27639 338.20137 7.12502 -0.00000 -0.00000 -5.57592 1.00760 304.78907
-0.53061 0.46501 0.26752 -388.82129 5.61499 701.00791 -0.00000 0.00000 -0.00000 1700.75522 -77.41543 1329.06600 -18.34916 56.54764 33.42835 3.25088 -13.12369 17.12505 -0.08944 -5.29639 -1.93361 -0.00000 0.00000 -0.00000 -50.74178 -44.07539 -97.37858 131.49486 44.22006 -159.25597 -356.64002 1.43753 -323.92347 11.53946 49.16741 -24.90904 -3.18157 19.79904 6.73160 -11.03042 10.40690 7.65066 -11.53697 1.73854 3.95149 9.53279 0.03379 -7.70522 14.71515 -0.02794 -10.63500 3.11801 0.34778 -5.44892 0.00000 0.00000 -0.00000 -61.00388 -14.60517 -16.36879 13.73629 -2.96908 -24.28537 0.00000 -25.59700 0.00000 31.16401 -8.93267 -14.39972 -7.12502 -0.00000 0.00000 4.69718 -2.92788 13.13241 0.00000 0.00000 -0.00000 26.30445 -11.75336 13.70704 -34.52898 -28.75982 79.04186 -0.00000 -18.52280 -0.00000 -24.60595 9.32612 340.51322 7.12502 -0.00000 -0.00000 0.33991 -0.03873 308.50011
-0.52308 0.46438 0.27667 -391.06325 3.75285 699.56844 -0.00000 0.00000 -0.00000 1680.21934 -78.73457 1307.31853 -33.80245 64.92373 51.06247 0.53369 -6.75218 4.40645 -0.97079 -17.12749 -6.44002 -0.00000 0.00000 -0.00000 -50.84473 -42.53819 -95.95883 132.16608 42.90210 -160.22990 -358.96230 3.36249 -330.37861 9.73368 46.40158 -22.47173 -2.46486 20.00117 7.49498 -10.67443 9.87981 8.71752 -11.78441 1.33800 4.49633 8.75828 0.92767 -7.89723 15.56212 2.48004 -11.16940 3.43797 1.11667 -5.53193 -0.00000 0.00000 0.00000 -62.70079 -15.21513 -15.04416 13.52294 -2.87382 -23.89198 0.00000 -21.83940 0.00000 32.99619 -11.00407 -16.38177 -7.12502 -0.00000 0.00000 6.37079 -4.41192 10.43376 -0.00000 0.00000 0.00000 31.77096 -5.58628 14.15581 -33.03589 -23.79264 70.77839 -0.00000 -15.60550 -0.00000 -19.65182 6.26694 343.00246 7.12502 -0.00000 -0.00000 5.76321 -0.30052 312.02513
-0.51767 0.47524 0.28271 -394.40852 1.40679 698.59153 -0.00000 0.00000 -0.00000 1661.12887 -79.37755 1285.37164 -70.73738 69.99827 90.78471 -0.31676 0.80547 -12.98551 -2.05539 -24.37932 -9.49409 -0.00000 0.00000 -0.00000 -48.01419 -43.23951 -90.19764 131.52732 44.15854 -159.30253 -363.11652 11.24127 -335.53768 10.03110 46.89025 -22.88075 -2.86608 19.95657 7.31135 -9.78331 10.32997 8.47785 -10.39793 1.55740 4.31270 7.67262 1.55779 -7.04460 17.73613 3.58298 -10.25576 4.40007 1.53652 -5.01921 0.00000 0.00000 0.00000 -61.92800 -16.04326 -11.10200 13.16789 -2.71914 -23.23917 0.00000 -21.20020 0.00000 35.32627 -13.52426 -18.26119 -7.12502 -0.00000 0.00000 8.37668 -6.46362 7.60240 0.00000 0.00000 0.00000 40.51618 0.97007 17.73600 -30.46511 -18.37666 61.42278 -0.00000 -12.47630 -0.00000 -14.38551 5.11070 340.84740 7.12502 -0.00000 -0.00000 10.89257 -0.85015 310.59106
-0.51288 0.48817 0.28995 -397.10997 -1.22383 697.77646 -0.00000 0.00000 -0.00000 1633.34938 -79.48232 1253.78970 -112.49521 62.36349 135.96230 -0.27110 1.62837 -15.23663 -2.04338 -24.31379 -9.46495 -0.00000 0.00000 -0.00000 -44.51312 -45.53099 -80.58970 130.05174 46.75557 -157.23284 -369.39072 24.53486 -337.65687 10.71513 47.96251 -23.80959 -3.10238 20.27010 6.51938 -9.03224 11.16631 7.46380 -9.19925 1.95875 3.75976 5.63709 2.81404 -6.14505 20.69390 3.92431 -9.14760 5.23246 1.41178 -4.51221 0.00000 0.00000 0.00000 -61.51783 -23.39006 -8.68452 11.62150 -2.10020 -20.42090 0.00000 -17.43970 0.00000 34.04068 -12.49139 -17.75387 -7.12502 -0.00000 0.00000 7.31516 -5.44279 8.53994 0.00000 0.00000 0.00000 51.02920 6.36013 21.49269 -26.83490 -13.10848 51.43342 -0.00000 -10.45970 -0.00000 -11.37974 5.37329 335.04875 7.12502 -0.00000 -0.00000 13.30915 -2.33155 305.24206
-0.50622 0.50822 0.29428 -397.28323 -3.31360 696.74003 -0.00000 0.00000 -0.00000 1584.55295 -73.60760 1201.03401 -128.13306 49.62190 154.65962 0.00854 3.55920 -19.84789 -2.13813 -24.82443 -9.69284 -0.00000 0.00000 -0.00000 -41.84061 -50.87262 -69.67777 127.43262 50.55171 -153.74646 -374.34405 33.73648 -337.66295 10.79117 48.07750 -23.91187 -4.99502 19.86518 5.86267 -8.30517 11.90497 6.40086 -7.05586 2.47246 3.07901 3.53779 3.40415 -5.36164 21.59822 5.01053 -8.34072 5.85064 1.67309 -4.07145 -0.00000 0.00000 0.00000 -63.14210 -37.45880 -9.53095 8.96309 -1.23467 -15.65536 0.00000 -7.15776 0.00000 28.33566 -8.20097 -14.81692 -7.12502 -0.00000 0.00000 2.32739 -1.44956 13.10105 -0.00000 0.00000 0.00000 62.58486 8.26761 23.58996 -22.59031 -8.70234 41.70907 -0.00000 -7.81749 -0.00000 -10.57085 6.45090 328.95040 7.12502 -0.00000 -0.00000 13.18206 -3.78558 299.25756
-0.50045 0.52304 0.30036 -394.08346 -5.16359 696.94648 -0.00000 0.00000 -0.00000 1566.16854 -58.56527 1176.74542 -133.40437 40.18500 162.09646 0.82802 6.95915 -30.32695 -1.30493 -19.72136 -7.49694 -0.00000 0.00000 -0.00000 -42.27732 -56.05551 -58.81731 124.68172 53.72869 -150.26391 -371.12120 29.76201 -340.08504 9.19765 45.48355 -21.72587 -8.45393 19.38226 5.53047 -8.19705 12.79806 5.55285 -4.81808 3.31094 2.41236 1.83683 2.98391 -5.08071 22.91013 5.01584 -8.13830 6.53979 1.83593 -3.96580 -0.00000 0.00000 0.00000 -63.55134 -37.13784 -9.27803 7.95301 -0.96859 -13.86578 0.00000 -2.24496 0.00000 24.28197 -6.24685 -13.56045 -7.12502 -0.00000 0.00000 -1.28881 0.74192 15.07734 -0.00000 0.00000 0.00000 75.32950 5.38543 22.01155 -19.08074 -5.97214 34.48620 -0.00000 -6.72314 -0.00000 -10.47734 7.58186 324.49317 7.12502 -0.00000 -0.00000 12.35239 -4.63847 294.73222
-0.49379 0.53139 0.30630 -391.06908 -5.09314 698.92796 -0.00000 0.00000 -0.00000 1561.91960 -54.71726 1165.39689 -134.28788 37.96956 163.49772 -1.24628 5.63738 -39.59478 -1.45087 -20.73311 -7.91902 -0.00000 0.00000 -0.00000 -39.12681 -61.25169 -45.54533 118.90363 58.64633 -143.31861 -364.45207 18.03408 -345.69560 7.09072 41.32023 -18.66192 -8.06590 19.10400 4.64637 -7.53374 13.26861 4.59644 -4.12751 3.88874 1.93194 0.73702 3.52627 -5.68200 23.47189 3.49566 -8.66351 6.97908 1.42963 -4.40226 0.00000 0.00000 0.00000 -63.08576 -17.73002 -7.40944 9.26156 -1.31979 -16.18617 0.00000 -3.17822 0.00000 28.13684 -6.94658 -12.74351 -7.12502 -0.00000 0.00000 1.97398 -1.11731 15.50065 0.00000 0.00000 0.00000 86.14346 -0.48034 17.01010 -16.70604 -4.48420 29.86103 -0.00000 -10.19180 -0.00000 -9.50110 7.65736 321.47429 7.12502 -0.00000 -0.00000 12.75389 -5.52995 291.93850
-0.48630 0.52984 0.31173 -388.10649 -4.33039 701.62829 -0.00000 0.00000 -0.00000 1548.74935 -62.15446 1153.57451 -133.17325 40.72365 161.74026 -7.85667 0.01243 -46.49788 -0.98857 -17.27726 -6.50014 -0.00000 0.00000 -0.00000 -29.65779 -64.40023 -25.10435 104.75321 65.40018 -127.34600 -361.11280 8.60863 -351.86261 6.73294 40.50689 -18.11563 -5.53714 19.40381 3.40183 -6.39067 13.57165 3.39337 -4.14957 4.05307 1.47470 0.60720 3.03006 -6.73620 22.73573 2.58521 -9.91727 6.75559 1.37692 -5.05649 -0.00000 0.00000 -0.00000 -64.76231 3.51496 -6.31602 15.08113 -3.61054 -26.78580 0.00000 -7.55756 0.00000 33.31520 -7.12138 -10.68163 -7.12502 -0.00000 0.00000 6.33349 -3.35069 17.22933 -0.00000 0.00000 -0.00000 92.71249 -5.72092 10.91339 -14.77470 -3.45805 26.21276 -0.00000 -14.83590 -0.00000 -6.90771 5.99618 319.23022 7.12502 -0.00000 -0.00000 15.26586 -7.13268 290.53709
-0.47747 0.51746 0.31717 -385.09477 -3.34470 702.95478 -0.00000 0.00000 -0.00000 1543.27142 -61.40423 1152.49892 -133.44210 40.09557 162.15498 -13.48155 -5.31966 -49.15936 -0.50820 -12.51263 -4.63308 -0.00000 0.00000 -0.00000 -15.77381 -63.42985 1.35333 73.76266 69.95494 -94.00452 -360.19179 3.65464 -356.73468 5.36876 37.03316 -15.93828 -2.87337 19.76343 2.32080 -4.70078 13.97497 2.39446 -3.69240 4.26509 1.09412 -0.56622 1.34121 -7.82429 22.10824 1.37982 -11.27011 6.68801 1.50709 -5.70927 0.00000 0.00000 -0.00000 -68.62355 15.66637 -6.83346 22.89831 -8.97677 -42.37154 0.00000 -14.34690 0.00000 38.45023 -10.44130 -12.85704 -7.12502 -0.00000 0.00000 10.75369 -6.62667 13.71659 0.00000 0.00000 -0.00000 95.19889 -9.09082 6.00808 -12.69122 -2.51895 22.36625 -0.00000 -16.84780 -0.00000 -4.33267 4.02739 317.16941 7.12502 -0.00000 -0.00000 17.89435 -8.89034 289.42244
-0.46991 0.49287 0.32376 -382.65593 -2.94707 702.72654 -0.00000 0.00000 -0.00000 1550.41629 -52.24546 1163.35640 -135.06085 35.79288 164.78541 -16.98510 -9.60095 -49.78843 -0.39490 -11.05648 -4.07838 -0.00000 0.00000 -0.00000 -7.40195 -58.80760 22.80042 36.80388 65.87535 -54.36326 -359.89143 2.71892 -362.62534 4.60357 34.76503 -14.63359 -0.12501 21.01945 1.23391 -2.58546 14.25724 1.34364 -2.86938 3.88859 0.66019 -1.90511 0.34335 -8.80019 21.12337 0.02725 -12.35660 6.58510 1.43850 -6.27365 0.00000 0.00000 0.00000 -72.89163 24.04618 -8.13805 29.36990 -16.58248 -58.15488 0.00000 -15.43580 0.00000 41.72552 -14.59222 -15.77581 -7.12502 -0.00000 0.00000 13.37334 -9.90525 9.11220 0.00000 0.00000 0.00000 95.58713 -10.83653 1.84936 -11.09053 -1.90767 19.46172 -0.00000 -15.91950 -0.00000 -2.22287 2.20015 315.31569 7.12502 -0.00000 -0.00000 20.09997 -10.53499 288.45219
-0.45967 0.46426 0.33192 -381.45771 -2.93222 700.15453 -0.00000 0.00000 -0.00000 1557.30247 -39.33906 1168.97930 -136.44125 31.16116 167.28562 -20.42407 -8.71053 -55.34571 -0.20660 -8.02943 -2.94305 -0.00000 0.00000 -0.00000 -1.75533 -54.75384 37.36528 16.18793 54.60097 -30.80876 -359.27915 2.25380 -371.07322 6.74139 40.52654 -18.12865 2.91866 22.78571 0.50401 -0.45548 14.55909 0.87207 -2.21194 3.37013 0.50376 -3.39398 0.02654 -9.90938 20.88301 -0.66097 -13.74623 6.73583 1.55007 -6.97619 0.00000 0.00000 0.00000 -73.28611 32.33956 -14.07042 32.94813 -23.56459 -70.39483 0.00000 -10.25870 0.00000 41.71436 -16.97359 -18.13314 -7.12502 -0.00000 0.00000 13.30425 -11.07583 5.90942 0.00000 0.00000 0.00000 96.00153 -12.31853 -1.74580 -11.34451 -1.99851 19.92002 -0.00000 -18.42280 -0.00000 -1.00847 1.07813 313.09249 7.12502 -0.00000 -0.00000 21.16390 -11.96422 286.83301
-0.44678 0.43210 0.34408 -377.14139 -4.08012 695.45119 -0.00000 0.00000 -0.00000 1556.77473 -24.73652 1166.70510 -137.41220 27.07035 169.27966 -30.11060 -8.63250 -65.48633 -0.06899 -4.65377 -1.69782 -0.00000 0.00000 -0.00000 4.12257 -58.20849 43.81160 7.94245 43.12192 -19.92919 -358.56059 3.41188 -375.20815 7.28323 41.74337 -18.95226 2.36201 23.73896 0.41047 -0.11513 14.96846 0.58124 -1.52955 3.34472 0.27969 -3.60591 0.30182 -11.24436 21.30686 -0.50488 -15.60792 6.85218 1.83400 -7.90147 -0.00000 0.00000 0.00000 -65.81397 38.53307 -25.92729 34.61252 -29.14906 -79.68740 0.00000 -4.11201 0.00000 36.62074 -16.60649 -21.03349 -7.12502 -0.00000 0.00000 9.51356 -8.45575 3.73519 -0.00000 0.00000 0.00000 96.80058 -14.96940 -2.60222 -11.75925 -2.15179 20.67040 -0.00000 -21.51420 -0.00000 -0.42903 0.48834 311.30183 7.12502 -0.00000 -0.00000 21.52822 -12.95842 285.38371
-0.43118 0.40369 0.35799 -373.49513 -5.24113 689.05257 -0.00000 0.00000 -0.00000 1554.66190 -8.71643 1159.81974 -138.15536 23.19293 171.02841 -45.87974 -14.38622 -74.62587 -0.04326 -3.68696 -1.34392 -0.00000 0.00000 -0.00000 30.54471 -68.35602 52.48673 5.87938 38.40947 -16.77280 -357.64378 11.95890 -372.61954 8.29300 43.81401 -20.43875 1.16227 24.02251 0.42460 0.32200 15.44926 0.24714 -0.39581 3.72703 -0.02888 -3.72210 1.57373 -12.72768 21.97300 -0.02725 -17.71510 7.07246 2.11097 -8.98316 0.00000 0.00000 -0.00000 -51.26593 40.50823 -41.94550 35.22453 -33.78427 -87.45796 0.00000 0.22430 -0.00000 33.35707 -12.31365 -17.95018 -7.12502 -0.00000 0.00000 6.77464 -5.05073 8.45797 0.00000 0.00000 -0.00000 96.33614 -16.33406 -1.03414 -12.12072 -2.29043 21.32653 -0.00000 -24.53830 -0.00000 -0.41522 0.48991 310.28378 7.12502 -0.00000 -0.00000 21.31310 -13.33471 284.41013
-0.41302 0.38177 0.37107 -370.23258 -6.38910 683.23599 -0.00000 0.00000 -0.00000 1551.62715 8.16364 1151.36997 -138.66691 19.92155 172.42001 -59.43561 -23.59253 -82.17455 -0.01329 -2.04495 -0.74464 -0.00000 0.00000 -0.00000 89.15046 -76.82255 79.89454 7.83093 42.89600 -19.76570 -359.98461 21.01392 -363.79165 5.46059 37.28814 -16.09030 1.18375 24.34650 -0.34782 0.93383 15.53655 -0.85691 0.36474 3.66995 -0.64647 -4.12324 2.90765 -14.27957 23.08492 1.08532 -20.07606 7.41264 2.68427 -10.14295 -0.00000 0.00000 0.00000 -31.51506 38.46999 -60.39372 35.24427 -36.30011 -91.80603 0.00000 1.12916 -0.00000 28.24319 -9.86629 -17.69205 -7.12502 -0.00000 0.00000 2.53924 -1.79158 9.81685 -0.00000 0.00000 0.00000 95.51291 -17.72214 1.65374 -12.89363 -2.60292 22.73644 -0.00000 -26.72350 -0.00000 0.08921 -0.10462 310.45308 7.12502 -0.00000 -0.00000 22.03811 -13.60907 284.83208
-0.39370 0.36915 0.38079 -365.15742 -8.44395 678.83059 -0.00000 0.00000 -0.00000 1543.13755 23.93156 1147.25361 -138.79268 19.00737 172.79745 -67.61530 -36.77720 -87.87632 -0.08728 -5.23218 -1.91002 -0.00000 0.00000 -0.00000 121.73396 -74.57451 94.85335 11.38705 48.95135 -24.70728 -359.56578 19.47300 -364.83535 2.99754 28.90500 -11.59333 -0.01811 24.51169 -1.74332 1.70379 15.00285 -2.94511 2.11233 3.09768 -1.82560 -4.75928 4.12391 -15.18506 23.59928 1.77459 -21.45510 7.66493 3.01249 -10.82884 -0.00000 0.00000 0.00000 -13.90351 34.99251 -74.35746 35.24036 -36.39556 -91.97376 0.00000 2.07915 -0.00000 24.21488 -9.08721 -19.35043 -7.12502 -0.00000 0.00000 -0.62074 0.45639 8.67714 -0.00000 0.00000 0.00000 93.48299 -17.71431 5.52426 -13.66159 -2.93553 24.14753 -0.00000 -28.84090 -0.00000 0.01214 -0.01384 311.25700 7.12502 -0.00000 -0.00000 22.11116 -13.25546 285.56111
-0.37365 0.37060 0.39025 -359.02169 -10.17318 674.55033 -0.00000 0.00000 -0.00000 1527.81251 31.30543 1153.59715 -138.62366 20.22424 172.29401 -65.12432 -40.46588 -85.47985 -0.00303 -0.97675 -0.35554 -0.00000 0.00000 -0.00000 119.81294 -67.79679 89.44495 15.33058 53.74142 -29.75134 -360.30047 22.70659 -363.22490 2.57448 27.00757 -10.69102 0.32135 23.61466 -3.87787 2.83503 14.31534 -5.67810 3.48795 3.01082 -3.22580 -5.85485 4.55682 -15.20532 22.59449 1.22216 -21.27688 7.61988 2.78135 -10.77344 0.00000 0.00000 -0.00000 -1.03094 31.17774 -83.24589 35.19890 -33.36281 -86.74120 0.00000 -0.08566 0.00000 23.74880 -8.41523 -18.39791 -7.12502 -0.00000 0.00000 -1.14534 0.80770 9.81280 0.00000 0.00000 -0.00000 89.38735 -13.90634 11.86968 -13.74597 -2.97345 24.30322 -0.00000 -28.71430 -0.00000 -0.36557 0.36652 314.92617 7.12502 -0.00000 -0.00000 22.37990 -11.65649 288.86360
-0.35724 0.38941 0.39455 -352.43310 -12.53911 670.39539 -0.00000 0.00000 -0.00000 1510.58619 9.90656 1170.29863 -138.04570 23.82015 170.75346 -43.25376 -29.57426 -67.12640 -0.00048 0.38678 0.14078 -0.00000 0.00000 -0.00000 110.08514 -59.06397 83.51666 18.25511 56.46886 -33.31558 -363.20964 25.89591 -356.55625 2.19867 25.14328 -9.83617 1.57759 23.03835 -6.13238 4.15953 13.46566 -8.36785 4.63170 2.65036 -4.54814 -5.76882 4.51437 -14.59669 18.61959 -0.16267 -19.87688 6.56529 1.78315 -10.09394 -0.00000 0.00000 0.00000 6.17270 27.77820 -87.46559 34.30591 -27.81470 -77.47550 0.00000 -4.63194 0.00000 22.99139 -6.98019 -15.98263 -7.12502 -0.00000 0.00000 -2.11364 1.34282 12.58587 -0.00000 0.00000 0.00000 83.99240 -9.30877 20.82427 -12.82791 -2.57549 22.61617 -0.00000 -24.45110 -0.00000 -2.41500 2.27296 316.75992 7.12502 -0.00000 -0.00000 20.17376 -9.97044 289.76800
-0.34721 0.42149 0.39112 -344.71205 -16.82970 666.97926 -0.00000 0.00000 -0.00000 1503.73478 -13.97605 1182.47721 -136.79495 29.77055 167.98315 -21.81933 -14.43071 -52.13158 -0.04076 -3.57922 -1.30454 -0.00000 0.00000 -0.00000 100.30783 -51.72145 80.08972 19.76086 57.67281 -35.10940 -363.27509 20.48918 -352.99294 0.22877 8.44521 -3.09777 2.01866 23.09339 -8.00310 4.89893 12.26231 -10.60280 5.73666 1.66178 -5.63886 -5.77345 3.05552 -13.40691 14.08500 -0.41412 -18.01879 5.14236 1.25626 -9.06588 -0.00000 0.00000 0.00000 10.58505 25.32961 -89.27300 32.19335 -21.76257 -67.33871 0.00000 -13.27880 0.00000 23.08648 -5.51200 -12.69911 -7.12502 -0.00000 0.00000 -2.42353 1.33523 16.16434 -0.00000 0.00000 0.00000 79.30128 -7.05103 30.08689 -11.68539 -2.12404 20.53659 -0.00000 -23.92660 -0.00000 -6.42188 5.84938 317.84044 7.12502 -0.00000 -0.00000 15.50433 -7.67030 289.30571
-0.34219 0.45334 0.38786 -335.25381 -20.49961 665.25671 -0.00000 0.00000 -0.00000 1508.95215 -38.31380 1191.33432 -134.88127 36.32113 164.48031 6.30371 14.71709 -45.75049 -1.11383 18.29181 6.91022 -0.00000 0.00000 -0.00000 95.10850 -47.50443 81.83197 22.73507 59.73491 -38.58921 -361.30083 11.14048 -353.88857 0.08452 -5.14917 1.87954 2.88939 22.13442 -10.36397 5.27186 10.29897 -13.28130 6.38103 0.30442 -6.85248 -5.61855 0.23156 -11.32049 9.32153 -0.18740 -15.09908 3.87113 1.14344 -7.52633 -0.00000 0.00000 0.00000 12.25057 24.69635 -87.98105 29.36484 -16.57466 -58.14039 0.00000 -25.44390 0.00000 25.73928 -4.47730 -9.19756 -7.12502 -0.00000 0.00000 -0.40666 0.19172 19.75898 -0.00000 0.00000 0.00000 72.81504 -1.05936 37.25793 -11.50030 -2.05537 20.20160 -0.00000 -21.96180 -0.00000 -6.35515 5.34754 320.07809 7.12502 -0.00000 -0.00000 16.12830 -7.19522 291.58075
-0.34135 0.48302 0.38449 -326.08226 -24.30981 663.80727 -0.00000 0.00000 -0.00000 1513.19766 -50.74183 1192.34585 -131.83415 43.56608 159.74533 17.40429 25.15729 -44.32107 -0.59846 13.55263 5.03333 -0.00000 0.00000 -0.00000 91.63042 -46.01148 84.28859 30.95719 63.87288 -47.90773 -360.12405 2.28230 -353.03574 0.10458 -5.72507 2.09118 3.89603 21.18922 -12.21573 4.38511 8.89159 -15.36239 5.46619 -0.92143 -7.72244 -2.86433 -2.20301 -9.21435 5.32961 -1.31160 -12.21265 2.03168 0.48007 -6.08977 -0.00000 0.00000 0.00000 12.60790 24.85628 -85.47801 26.45028 -12.64611 -50.48804 0.00000 -38.21980 0.00000 29.67122 -2.61273 -4.57463 -7.12502 -0.00000 0.00000 2.90834 -1.07579 24.71771 -0.00000 0.00000 0.00000 68.50124 3.80055 45.98469 -10.68318 -1.76673 18.72852 -0.00000 -19.68690 -0.00000 -7.12227 6.12177 319.52034 7.12502 -0.00000 -0.00000 15.08026 -6.97046 290.75376
-0.34234 0.50838 0.38053 -317.37441 -27.67355 661.98790 -0.00000 0.00000 -0.00000 1512.71418 -53.27061 1186.57229 -128.24495 49.46809 154.80666 16.44471 22.85167 -49.43050 -0.03336 -3.23860 -1.18009 -0.00000 0.00000 -0.00000 90.59025 -46.03304 87.65135 54.14475 69.17303 -73.09763 -359.05683 -1.76218 -345.94377 0.02120 -2.58238 0.94059 3.54291 20.05762 -12.60270 3.62741 7.82578 -15.91146 4.96850 -1.59471 -7.92497 -1.15359 -4.96346 -7.45996 3.44469 -1.63154 -9.94266 1.06529 0.53308 -4.96557 0.00000 0.00000 -0.00000 9.44966 24.88612 -83.02256 23.57015 -9.59731 -43.83611 0.00000 -49.58490 0.00000 33.42367 -0.30502 -0.46216 -7.12502 -0.00000 0.00000 6.38008 -1.78637 29.42217 0.00000 0.00000 -0.00000 65.85731 6.40443 53.24410 -10.55969 -1.72514 18.50668 -0.00000 -18.88540 -0.00000 -10.72718 9.26733 319.63296 7.12502 -0.00000 -0.00000 10.82175 -5.20227 289.62309
-0.34698 0.53314 0.37339 -309.00045 -30.33744 659.02184 -0.00000 0.00000 -0.00000 1505.18941 -61.42012 1170.99586 -118.02038 59.24666 142.28763 30.48677 35.44652 -46.84964 -0.15539 -6.97114 -2.55072 -0.00000 0.00000 -0.00000 89.11311 -47.38438 89.35293 90.04712 68.64907 -111.39482 -358.96372 -1.12304 -343.82197 0.67022 14.32059 -5.33128 1.68453 18.08880 -11.61000 3.42676 6.97872 -15.01332 5.24902 -1.31005 -7.50703 0.10100 -5.90258 -6.04754 1.55657 -4.02704 -8.19530 0.38768 -0.21737 -4.16813 -0.00000 0.00000 0.00000 -1.20249 24.36598 -79.90532 20.43573 -6.94499 -37.21134 0.00000 -54.23620 0.00000 35.85512 -2.30281 -3.18233 -7.12502 -0.00000 0.00000 8.54001 -2.95048 26.07954 -0.00000 0.00000 0.00000 61.14059 9.10982 58.18384 -11.78364 -2.16099 20.71461 -0.00000 -20.97660 -0.00000 -12.80776 11.86097 317.88295 7.12502 -0.00000 -0.00000 7.81893 -4.18080 287.03584
-0.35818 0.55333 0.37224 -299.47666 -32.63277 652.55753 -0.00000 0.00000 -0.00000 1478.62360 -68.10516 1137.24235 -79.11188 69.73325 99.70214 21.69357 46.84022 -22.26078 -2.46471 -26.48223 -10.44712 -0.00000 0.00000 -0.00000 88.04010 -48.68266 92.91122 114.27407 61.46628 -137.97846 -359.62497 1.07585 -345.22312 3.76170 31.91589 -13.10237 -1.23612 13.76777 -9.16495 2.77700 6.56292 -12.39178 4.84019 0.45594 -6.30505 0.84929 -7.41796 -4.30857 0.95748 -6.05273 -6.03989 0.13117 -0.64158 -3.15964 -0.00000 0.00000 0.00000 -15.47365 21.83759 -74.88650 18.89304 -5.84478 -34.11408 0.00000 -51.68910 0.00000 38.71804 -9.08873 -11.14698 -7.12502 -0.00000 0.00000 10.97317 -6.20787 15.85136 -0.00000 0.00000 0.00000 55.44977 11.21709 63.70482 -12.69677 -2.52123 22.37640 -0.00000 -21.51160 -0.00000 -12.23611 11.72474 316.86210 7.12502 -0.00000 -0.00000 8.17849 -4.54017 286.15476
-0.38832 0.57977 0.36965 -294.11718 -36.44614 643.85028 -0.00000 0.00000 -0.00000 1435.29292 -56.76055 1086.94681 -19.39587 57.39187 34.67679 3.84325 35.84449 -0.52261 -0.95503 -16.99340 -6.38628 -0.00000 0.00000 -0.00000 73.33686 -61.65027 81.88992 122.37310 55.92941 -147.44040 -359.47042 1.31109 -342.40759 1.94927 23.79186 -9.23408 -1.98229 12.62734 -7.16522 1.72341 7.06313 -9.94142 3.63866 1.17400 -5.12767 2.66890 -8.53662 -2.10550 -1.06960 -8.53068 -3.47181 -0.74835 -1.29870 -1.99392 0.00000 0.00000 -0.00000 -24.00041 17.89787 -71.10364 19.69281 -6.39977 -35.70848 0.00000 -55.81450 0.00000 42.10149 -21.97027 -22.49109 -7.12502 -0.00000 0.00000 13.40212 -13.94382 -0.32251 0.00000 0.00000 -0.00000 49.27004 12.43281 69.68951 -13.26901 -2.76271 23.42486 -0.00000 -21.39680 -0.00000 -11.56515 11.05646 316.85813 7.12502 -0.00000 -0.00000 8.98782 -4.94927 286.38923
-0.41182 0.57953 0.38673 -290.81538 -39.55159 630.67478 -0.00000 0.00000 -0.00000 1425.74321 -41.96568 1066.34867 -8.48153 44.17533 20.71016 9.79850 23.96375 -24.58036 -2.10800 24.66361 9.62085 -0.00000 0.00000 -0.00000 47.39372 -70.58284 64.85227 124.06586 54.35214 -149.50307 -358.80786 -2.03933 -344.34842 2.10733 24.66000 -9.61924 -2.05438 10.21021 -4.16661 0.50654 8.04005 -6.08719 1.79083 2.96769 -3.26256 3.55011 -8.86869 -0.07120 -2.82547 -10.28679 -1.02369 -1.46557 -1.77925 -0.84144 0.00000 0.00000 0.00000 -29.97468 15.01997 -66.23676 20.91023 -7.30886 -38.18314 0.00000 -54.25840 0.00000 41.20382 -29.96381 -29.70232 -7.12502 -0.00000 0.00000 12.23839 -18.34853 -10.43140 0.00000 0.00000 0.00000 42.34285 13.34117 75.13552 -13.82655 -3.00991 24.45204 -0.00000 -22.53770 -0.00000 -11.32403 10.76998 316.98090 7.12502 -0.00000 -0.00000 9.31887 -5.08713 286.61488
-0.44671 0.57074 0.39556 -292.07337 -41.34994 617.03289 -0.00000 0.00000 -0.00000 1423.19870 -28.63033 1056.50462 -6.33897 39.56794 17.50323 6.87341 15.23992 -46.38584 -27.04385 62.13952 43.51687 -0.00000 0.00000 -0.00000 1.00099 -69.89201 23.64844 111.68652 62.74289 -135.05104 -358.97998 -8.82231 -352.13527 2.74770 27.80773 -11.06734 -0.32111 8.24978 -1.25688 -0.31976 9.31655 -2.27532 -0.25334 5.08642 -1.33956 3.25837 -7.83322 0.91361 -4.86853 -10.65471 0.23722 -2.10809 -2.03649 -0.15540 -0.00000 0.00000 -0.00000 -35.47896 14.68846 -63.30485 21.82208 -8.04409 -40.07932 0.00000 -53.75610 0.00000 41.35231 -30.81446 -30.20027 -7.12502 -0.00000 0.00000 12.23098 -18.97457 -11.30895 -0.00000 0.00000 -0.00000 36.07515 13.43412 77.06983 -14.46130 -3.30600 25.62875 -0.00000 -23.99020 -0.00000 -11.22318 10.74251 316.79058 7.12502 -0.00000 -0.00000 9.38044 -5.15822 286.44348
-0.46560 0.54645 0.40291 -295.26889 -41.98641 606.86206 -0.00000 0.00000 -0.00000 1423.66991 -20.69225 1057.13313 -6.57482 40.13573 17.87127 -5.55721 8.84721 -62.10789 -25.49886 61.34512 41.76293 -0.00000 0.00000 -0.00000 -26.64304 -60.86654 -3.76105 69.17389 69.99783 -89.12087 -360.62263 -14.24159 -360.25060 5.58348 37.62411 -16.29237 0.26541 6.30159 0.57228 -0.84955 9.88158 0.09048 -1.06877 6.79914 -0.15565 2.87301 -6.86909 1.38584 -5.66465 -8.75410 1.06961 -2.29867 -1.54232 0.35391 0.00000 0.00000 -0.00000 -35.25417 17.22956 -60.54283 22.18788 -8.35295 -40.85145 0.00000 -56.71040 0.00000 40.86449 -32.20103 -31.63132 -7.12502 -0.00000 0.00000 11.78476 -19.65125 -13.18498 0.00000 0.00000 -0.00000 33.55653 15.29239 76.37744 -15.19922 -3.67032 27.00719 -0.00000 -24.38830 -0.00000 -11.45072 11.07456 316.51977 7.12502 -0.00000 -0.00000 9.01908 -5.03155 286.07709
-0.47147 0.52628 0.40158 -296.66693 -41.34984 602.04321 -0.00000 0.00000 -0.00000 1427.54267 -18.94958 1065.60815 -5.61306 37.70411 16.34078 -2.44304 10.11958 -60.08061 -22.13269 59.34742 37.89040 -0.00000 0.00000 -0.00000 -35.23431 -50.15780 -18.47855 19.63222 57.57455 -34.95708 -361.73732 -16.34812 -364.09526 5.15929 36.43846 -15.58807 0.59306 5.68192 1.13709 -1.21630 9.17532 0.93015 -1.57064 6.41405 0.30754 3.07667 -5.86798 1.78254 -5.11528 -7.93442 1.75167 -2.16113 -1.41870 0.72981 -0.00000 0.00000 -0.00000 -33.74739 20.67481 -56.74221 22.67004 -8.77279 -41.88004 0.00000 -58.18310 0.00000 40.91444 -32.87937 -32.06260 -7.12502 -0.00000 0.00000 11.72310 -20.12957 -13.91107 -0.00000 0.00000 -0.00000 35.58256 18.98151 75.23743 -15.46287 -3.80585 27.50260 -0.00000 -23.73530 -0.00000 -12.55926 11.74693 317.57714 7.12502 -0.00000 -0.00000 8.01966 -4.33184 286.80380
-0.46907 0.51681 0.39880 -295.66518 -40.05940 598.21871 -0.00000 0.00000 -0.00000 1431.91019 -16.10988 1067.78069 -4.88265 35.62364 15.11779 -17.89507 -4.54054 -56.56225 -15.32356 53.73415 29.74264 -0.00000 0.00000 -0.00000 -29.99753 -42.55535 -18.35956 4.43160 34.21622 -14.32989 -361.84138 -17.49877 -363.78707 3.61080 31.35755 -12.81469 1.93702 6.09291 2.16984 -2.21607 8.49471 2.39618 -3.31268 5.61952 1.14894 3.53213 -6.08197 2.03275 -3.49165 -7.78125 2.15247 -1.70969 -1.32602 0.90151 -0.00000 0.00000 -0.00000 -32.28667 22.09795 -54.31289 23.08344 -9.14471 -42.77237 0.00000 -58.37800 0.00000 40.61132 -33.98052 -33.09760 -7.12502 -0.00000 0.00000 11.40170 -20.72841 -15.32648 -0.00000 0.00000 -0.00000 36.01786 21.59114 74.78817 -15.61762 -3.88673 27.79412 -0.00000 -25.10290 -0.00000 -12.96043 11.94392 318.03653 7.12502 -0.00000 -0.00000 7.68520 -4.08942 287.14479
-0.46502 0.52671 0.39094 -292.79098 -40.67132 594.95583 -0.00000 0.00000 -0.00000 1434.55119 -16.03041 1068.30205 -4.43275 34.21995 14.33194 -20.94427 -18.69550 -47.83670 -5.29189 36.81705 15.81032 -0.00000 0.00000 -0.00000 -21.25670 -36.75415 -1.24927 0.92355 16.72189 -6.27773 -369.07624 -31.85894 -373.28631 5.56141 37.56422 -16.25620 0.60973 6.38997 3.66946 -3.71293 8.27237 4.35830 -4.06639 5.38579 2.07906 3.38693 -8.13252 2.31933 -1.79726 -8.43261 2.45793 -1.12103 -1.20275 0.98083 0.00000 0.00000 -0.00000 -29.66712 20.04396 -53.29810 23.64493 -9.66831 -44.00087 0.00000 -58.04220 0.00000 40.86549 -34.78825 -33.40316 -7.12502 -0.00000 0.00000 11.41240 -21.40285 -16.05041 0.00000 0.00000 -0.00000 34.14269 21.51195 77.24073 -15.42442 -3.78590 27.43023 -0.00000 -27.56290 -0.00000 -12.88486 11.35347 319.28517 7.12502 -0.00000 -0.00000 8.16445 -4.09964 288.51271
-0.45670 0.55555 0.38542 -288.28305 -42.10375 597.45960 -0.00000 0.00000 -0.00000 1436.52754 -24.34050 1069.85821 -5.77229 38.12899 16.59990 -15.25914 -18.51344 -39.36865 -1.12021 18.34172 6.93052 -0.00000 0.00000 -0.00000 -18.30146 -42.77873 5.06974 1.22513 19.14012 -7.25708 -373.70432 -39.60906 -375.86479 6.70060 40.43159 -18.06581 -1.05630 7.50108 4.46523 -4.85418 8.62645 5.26981 -4.36871 5.18633 2.45367 2.66045 -10.32015 1.81181 -1.09915 -10.34155 1.62059 -0.77246 -1.48828 0.46658 0.00000 0.00000 -0.00000 -27.09848 14.75107 -56.96280 23.54336 -9.57198 -43.77718 0.00000 -56.35460 0.00000 41.57044 -32.37849 -31.12301 -7.12502 -0.00000 0.00000 12.15708 -20.11351 -12.93499 0.00000 0.00000 -0.00000 31.88035 17.84959 79.15204 -15.79067 -3.97836 28.12078 -0.00000 -30.50360 -0.00000 -13.65940 12.26744 318.83681 7.12502 -0.00000 -0.00000 7.10695 -3.68038 287.75863
-0.44333 0.59267 0.38533 -283.06287 -41.75450 604.09917 -0.00000 0.00000 -0.00000 1439.39845 -39.65658 1072.40742 -11.35199 48.90123 24.66077 -6.73890 -4.38244 -35.96172 -4.30479 33.80129 14.10317 -0.00000 0.00000 -0.00000 -23.37412 -60.53343 -13.80421 4.30465 33.80084 -14.10293 -362.07069 -25.21287 -360.77595 3.07970 29.25239 -11.76237 -0.56827 9.15368 4.26685 -4.61593 9.79711 4.85626 -4.47582 5.53226 2.24378 2.20096 -10.96923 1.09978 -2.04278 -14.11626 0.34284 -1.01192 -2.65869 -0.30853 0.00000 0.00000 -0.00000 -26.39179 7.92410 -62.88502 22.92859 -9.00408 -42.43696 0.00000 -54.35840 0.00000 42.32663 -29.38956 -28.31660 -7.12502 -0.00000 0.00000 12.96942 -18.53411 -9.07549 0.00000 0.00000 -0.00000 30.13932 11.54670 80.69905 -16.19870 -4.19941 28.89389 -0.00000 -31.97390 -0.00000 -13.44640 12.66178 317.48563 7.12502 -0.00000 -0.00000 6.92501 -3.80007 286.38001
-0.42795 0.63226 0.38678 -280.94957 -40.03156 608.96651 -0.00000 0.00000 -0.00000 1444.99801 -57.90433 1078.23236 -27.89949 62.55078 44.48286 -4.09523 -2.16053 -31.04702 -3.91845 32.47925 13.39655 -0.00000 0.00000 -0.00000 -36.91147 -72.83531 -33.32884 12.98682 51.08267 -26.79465 -359.93083 -21.21252 -356.01500 2.23624 25.33843 -9.92429 -0.41741 11.69357 4.04761 -3.33600 11.34485 4.27634 -3.34002 5.68978 1.86336 2.38558 -11.12542 0.59405 -3.02758 -17.70139 -0.79700 -1.35503 -3.94496 -1.04260 0.00000 0.00000 0.00000 -25.43765 1.63728 -68.38486 21.86158 -8.07706 -40.16238 0.00000 -53.15030 0.00000 43.66950 -25.18603 -24.02715 -7.12502 -0.00000 0.00000 14.24300 -16.59481 -3.36987 0.00000 0.00000 0.00000 29.51722 4.71333 82.70363 -15.91387 -4.04436 28.35378 -0.00000 -31.49410 -0.00000 -12.13696 11.93157 316.12903 7.12502 -0.00000 -0.00000 8.05828 -4.61220 285.40505
-0.40704 0.66704 0.38910 -282.31832 -37.22172 611.49107 -0.00000 0.00000 -0.00000 1464.10764 -74.90895 1098.13773 -63.32308 69.85753 82.89243 -4.54131 -8.65962 -23.29715 -0.02803 2.96875 1.08157 -0.00000 0.00000 -0.00000 -77.71897 -79.62836 -77.76039 38.18424 66.26568 -55.87339 -359.23376 -20.54043 -354.05803 1.90964 23.56737 -9.13539 -0.49815 14.62080 4.24020 -1.42033 12.60761 4.17609 -1.44302 5.35335 1.65663 2.20842 -11.77459 0.06073 -3.10687 -19.96475 -1.83639 -1.30239 -4.71893 -1.70512 -0.00000 0.00000 -0.00000 -26.37257 -3.56067 -74.17911 19.83804 -6.50406 -36.00055 0.00000 -50.42700 0.00000 40.40314 -12.82288 -14.61431 -7.12502 -0.00000 0.00000 12.34873 -8.48830 11.01085 -0.00000 0.00000 -0.00000 28.15806 -0.83316 83.56256 -15.27805 -3.71054 27.15514 -0.00000 -30.52960 -0.00000 -11.51372 11.85572 314.75548 7.12502 -0.00000 -0.00000 8.35959 -5.03183 284.16797
-0.37550 0.68402 0.39401 -287.19440 -33.84826 612.02867 -0.00000 0.00000 -0.00000 1548.36145 -80.15611 1183.33920 -104.01017 65.63172 126.52954 -4.80771 -9.56670 -23.28041 -1.23161 -19.18813 -7.27682 -0.00000 0.00000 -0.00000 -123.99820 -75.19898 -126.36984 89.50539 68.72506 -110.81331 -357.22845 -17.55143 -347.86830 2.77407 27.92659 -11.12375 -0.30775 17.80628 4.67705 0.44436 13.33468 4.45240 0.17896 4.39756 1.65042 1.51816 -12.04804 -0.55819 -2.90187 -22.09226 -2.86227 -0.95290 -4.81697 -2.27539 -0.00000 0.00000 -0.00000 -31.04158 -6.98183 -81.46112 16.68716 -4.47340 -29.82492 0.00000 -47.72210 0.00000 29.87040 -2.93835 -5.10030 -7.12502 -0.00000 0.00000 3.10017 -1.18497 24.10177 -0.00000 0.00000 -0.00000 23.69449 -4.12909 81.50637 -14.51822 -3.33332 25.73466 -0.00000 -29.79410 -0.00000 -8.77912 9.90030 311.93086 7.12502 -0.00000 -0.00000 10.82129 -7.05973 282.25950
-0.34029 0.68226 0.39708 -293.67787 -31.57506 608.00879 -0.00000 0.00000 -0.00000 1578.53455 -64.61487 1215.51486 -122.63121 55.70092 147.75242 -5.68281 -8.62226 -27.09184 -3.33913 -30.30961 -12.28467 -0.00000 0.00000 -0.00000 -149.62691 -67.67707 -153.46331 117.89299 59.33058 -142.13945 -355.89818 -13.91038 -342.33209 3.47436 30.83839 -12.55053 -3.13164 20.32687 6.69489 1.23645 13.32503 6.42814 2.09437 2.77847 2.36057 0.71662 -13.56123 -1.04493 -2.62064 -22.33666 -3.62359 -0.69395 -4.67329 -2.69105 -0.00000 0.00000 -0.00000 -31.62248 -8.17484 -87.39303 13.39288 -2.81660 -23.65257 0.00000 -40.89070 0.00000 35.39842 -1.72866 -2.43078 -7.12502 -0.00000 0.00000 8.14315 -2.66267 27.01337 -0.00000 0.00000 -0.00000 16.55079 -4.60950 78.18071 -13.55914 -2.88986 23.95866 -0.00000 -31.07300 -0.00000 -4.76125 6.33402 307.05160 7.12502 -0.00000 -0.00000 14.46293 -10.81093 278.97479
-0.31239 0.66573 0.39889 -301.31107 -28.97924 601.05124 -0.00000 0.00000 -0.00000 1580.77308 -49.21183 1219.76656 -129.04590 48.32117 155.86957 -6.39061 -7.10384 -31.07229 -4.02008 -32.83589 -13.58488 -0.00000 0.00000 -0.00000 -164.72369 -60.35168 -171.49550 126.31349 51.92860 -152.31140 -355.49314 -12.52787 -340.17784 2.97550 28.81073 -11.54767 -5.99773 22.54719 8.76435 1.14740 13.14359 8.29952 2.89857 1.13296 3.09311 0.25304 -15.71917 -0.96837 -1.87060 -20.76365 -3.41345 -0.46664 -4.33779 -2.61782 -0.00000 0.00000 0.00000 -21.56023 -8.31272 -86.30700 13.01696 -2.65483 -22.96236 0.00000 -29.21520 0.00000 43.78260 -4.66632 -4.85194 -7.12502 -0.00000 0.00000 15.59481 -6.33367 23.43338 -0.00000 0.00000 0.00000 15.52865 -3.84671 78.24322 -12.38566 -2.39507 21.80873 -0.00000 -31.85190 -0.00000 -0.51598 1.00392 297.20352 7.12502 -0.00000 -0.00000 -18.22848 16.67021 453.94292
-0.29367 0.63707 0.40336 -310.34157 -23.69572 597.15431 -0.00000 0.00000 -0.00000 1584.78499 -43.57466 1224.83782 -131.06382 45.01724 158.64230 -6.75417 -5.53299 -34.27703 -3.92065 -32.48702 -13.40063 -0.00000 0.00000 -0.00000 -163.97450 -56.27103 -173.95366 128.33512 49.34303 -154.92541 -355.16238 -10.06541 -337.09913 3.11361 29.39396 -11.83161 -3.83326 26.50635 8.54935 1.37459 12.95172 7.99500 1.41773 -0.60776 2.97988 0.73296 -16.31900 -0.87377 -0.97836 -18.94831 -3.09443 -0.30271 -3.53947 -2.42768 -0.00000 0.00000 -0.00000 -11.36964 -7.35923 -83.92705 14.57869 -3.36250 -25.84726 0.00000 -19.12780 0.00000 46.79201 -10.29965 -9.53372 -7.12502 -0.00000 0.00000 17.78687 -10.01979 16.52739 -0.00000 0.00000 -0.00000 20.15208 -3.92911 80.61577 -10.09563 -1.57361 17.67479 -0.00000 -25.43500 -0.00000 0.43398 -1.76933 283.78370 7.12502 -0.00000 -0.00000 -23.95399 13.57428 467.15254
-0.28115 0.59785 0.40590 -319.21010 -19.66214 595.77387 -0.00000 0.00000 -0.00000 1590.33139 -46.31338 1231.64637 -130.99728 45.13710 158.54833 -6.87495 -8.12992 -31.18659 -2.61062 -27.17735 -10.77038 -0.00000 0.00000 -0.00000 -159.87224 -53.34074 -169.56172 128.02647 49.76704 -154.51985 -356.53883 -2.57801 -332.35777 3.22520 29.85253 -12.05737 -0.99347 28.54772 7.24052 0.86189 12.37445 6.96555 -0.68460 -1.74854 2.60835 1.06154 -16.06894 -1.30588 0.89169 -16.70272 -3.28045 0.20407 -2.74142 -2.42344 0.00000 0.00000 0.00000 -5.22127 -6.16436 -83.35287 17.87909 -5.18636 -32.12417 0.00000 -19.09070 0.00000 40.66241 -10.94226 -12.46090 -7.12502 -0.00000 0.00000 12.58602 -7.77515 13.78713 0.00000 0.00000 0.00000 13.90646 -1.47975 78.75620 -10.24078 -1.62021 17.93471 -0.00000 -12.07740 -0.00000 0.70054 -3.10242 282.73097 7.12502 -0.00000 -0.00000 -25.33020 13.81582 468.22905
-0.27345 0.55125 0.40472 -327.28557 -16.23506 594.47284 -0.00000 0.00000 -0.00000 1585.99239 -47.67536 1227.76436 -132.80591 41.54866 161.18188 -9.71017 -14.52297 -31.85418 -0.72950 14.92199 5.56613 -0.00000 0.00000 -0.00000 -154.92621 -53.13926 -163.86191 128.43800 49.19911 -155.06118 -359.44667 4.27938 -330.44008 4.21431 33.49971 -13.93990 0.49924 28.06992 6.07714 0.06402 11.47969 6.09002 -2.10547 -2.33151 2.31919 0.61245 -14.20588 -1.73079 3.85508 -15.10205 -3.26624 1.20314 -2.42411 -2.29566 -0.00000 0.00000 -0.00000 -1.27756 -5.52157 -82.00089 22.09026 -8.26972 -40.64472 0.00000 -26.39340 0.00000 33.30817 -7.91244 -11.83243 -7.12502 -0.00000 0.00000 6.37519 -3.57272 15.85013 -0.00000 0.00000 -0.00000 9.09775 0.71236 78.19437 -12.33482 -2.37479 21.71610 -0.00000 -8.45590 -0.00000 1.34185 -2.88964 294.92185 7.12502 -0.00000 -0.00000 -22.06923 18.72763 456.62362
-0.26768 0.49955 0.39949 -334.68997 -12.30047 592.35608 -0.00000 0.00000 -0.00000 1567.12901 -37.38043 1207.86638 -135.46484 34.54858 165.48672 -16.28081 -14.14433 -44.44618 -7.72352 42.67569 19.60758 -0.00000 0.00000 -0.00000 -145.16286 -54.23611 -155.09362 132.05128 43.13455 -160.06163 -357.00016 0.42331 -328.01912 6.28416 39.43348 -17.41706 0.35046 26.58734 5.87510 -0.51950 10.76706 5.99657 -2.52858 -2.41348 2.34670 0.22945 -13.12717 -2.33526 5.77235 -12.52356 -3.71551 1.82404 -1.68148 -2.36004 0.00000 0.00000 -0.00000 -0.89301 -6.89402 -80.85388 25.66990 -11.75136 -48.61633 0.00000 -27.27530 0.00000 32.46042 -8.35538 -12.86801 -7.12502 -0.00000 0.00000 5.70134 -3.33929 14.73913 0.00000 0.00000 -0.00000 9.54717 0.75982 77.50463 -16.76625 -4.51874 29.97625 -0.00000 -19.48710 -0.00000 0.06836 -0.09758 305.01606 7.12502 -0.00000 -0.00000 20.70255 -15.58326 279.59345
-0.26341 0.45101 0.39163 -341.20616 -9.19115 591.06323 -0.00000 0.00000 -0.00000 1556.47438 -17.86227 1193.45517 -137.19256 28.07594 168.80518 -25.74653 -14.93264 -56.49732 -4.89971 35.67489 15.14706 -0.00000 0.00000 -0.00000 -133.74883 -49.83938 -142.76592 135.11686 35.62509 -164.88138 -355.89677 -0.21648 -324.92396 6.70202 40.43490 -18.06799 0.80141 25.86313 5.53516 -1.62947 9.56533 5.87245 -3.95998 -3.24323 2.38708 0.23889 -12.29387 -3.21004 6.50149 -10.84304 -4.76174 2.01471 -1.21792 -2.78443 -0.00000 0.00000 -0.00000 -5.57536 -10.26799 -82.89817 27.59596 -14.06890 -53.35453 0.00000 -13.56920 0.00000 31.92272 -11.50699 -17.75543 -7.12502 -0.00000 0.00000 5.59033 -4.07659 9.00936 -0.00000 0.00000 -0.00000 15.61017 -2.32752 78.07313 -20.65331 -7.11029 37.65575 -0.00000 -24.83990 -0.00000 -4.99580 6.18770 309.04220 7.12502 -0.00000 -0.00000 14.79723 -10.29479 280.92035
-0.25948 0.42391 0.38336 -346.32900 -6.53700 590.55035 -0.00000 0.00000 -0.00000 1558.37990 -8.79669 1184.51484 -137.90681 24.58402 170.41470 -31.20017 -11.82875 -64.22495 -1.92143 -23.63445 -9.16484 -0.00000 0.00000 -0.00000 -127.44954 -43.84048 -133.64130 136.45019 31.12724 -167.30289 -357.58170 3.25029 -322.94106 5.83218 38.28637 -16.69672 1.34082 26.19356 5.13128 -2.12845 8.83175 5.56309 -4.81420 -4.13317 2.26122 0.19570 -12.15929 -3.60650 6.01195 -11.18712 -5.32045 1.87608 -1.34584 -3.07119 0.00000 0.00000 -0.00000 -15.53439 -13.49002 -88.71493 28.76926 -15.68326 -56.47112 0.00000 -0.26605 0.00000 32.66905 -15.08628 -22.09220 -7.12502 -0.00000 0.00000 6.55420 -5.81473 3.59458 0.00000 0.00000 -0.00000 24.35306 -8.31335 83.84722 -22.12945 -8.30307 40.72767 -0.00000 -17.12640 -0.00000 -12.97435 13.57771 314.46208 7.12502 -0.00000 -0.00000 6.45998 -4.01059 283.29643
-0.25396 0.42397 0.37541 -348.50796 -5.71758 591.80677 -0.00000 0.00000 -0.00000 1560.37881 -14.65331 1184.35979 -137.85428 24.86472 170.28909 -28.15214 -11.03590 -61.89007 -3.87623 -32.32912 -13.31776 -0.00000 0.00000 -0.00000 -125.77295 -44.25427 -130.01946 136.64807 30.36029 -167.68999 -357.08289 2.65849 -322.48382 4.78763 35.33559 -14.95409 2.15825 25.75073 4.17313 -1.88886 7.65213 4.78219 -4.80542 -5.27976 1.92068 -0.97366 -12.31495 -3.72324 6.06971 -11.47870 -5.36202 2.10270 -1.38264 -3.05791 -0.00000 0.00000 0.00000 -22.39645 -13.34342 -95.03893 30.27151 -18.04321 -60.82371 0.00000 9.23461 -0.00000 35.99436 -15.84417 -20.59925 -7.12502 -0.00000 0.00000 9.01788 -7.79533 4.48152 -0.00000 0.00000 0.00000 29.53459 -11.32385 90.64796 -23.88665 -9.90050 44.53596 -0.00000 -11.32550 -0.00000 -19.48548 19.50398 316.66259 7.12502 -0.00000 -0.00000 -0.60255 0.37213 283.30196
-0.24521 0.45155 0.36703 -348.84776 -6.49203 593.16676 -0.00000 0.00000 -0.00000 1559.62405 -29.31344 1189.40795 -137.08667 28.54220 168.58190 -17.52950 -9.27455 -50.91368 -4.32073 -33.85397 -14.13182 -0.00000 0.00000 -0.00000 -129.21304 -53.97488 -133.24057 135.90622 33.09047 -166.27966 -355.06574 -2.60709 -326.69810 3.50092 30.94056 -12.60226 2.20060 24.07122 3.38952 -1.76942 6.65622 3.99392 -4.38866 -5.66164 1.60146 -1.06165 -12.36521 -3.58445 5.93125 -11.63847 -5.18611 2.07850 -1.43448 -2.97220 0.00000 0.00000 -0.00000 -19.26071 -12.45594 -98.56298 32.09276 -21.54071 -66.95884 0.00000 13.08470 -0.00000 33.41746 -14.13783 -20.31390 -7.12502 -0.00000 0.00000 6.99595 -5.79300 5.56173 0.00000 0.00000 -0.00000 26.81836 -12.33761 94.65242 -26.17855 -12.32816 49.82955 -0.00000 -7.34923 -0.00000 -25.57302 22.03064 321.90902 7.12502 -0.00000 -0.00000 -5.71379 3.03404 287.12144
-0.23493 0.49916 0.35687 -349.33658 -7.28963 593.23215 -0.00000 0.00000 -0.00000 1556.68635 -44.68912 1191.54439 -135.36137 34.87503 165.30501 -9.01000 -5.91197 -39.54558 -3.92527 -32.50338 -13.40924 -0.00000 0.00000 -0.00000 -134.26897 -65.21197 -138.50885 134.12048 38.40983 -163.22698 -356.86096 -1.77773 -332.26195 3.88854 32.37301 -13.34077 1.36095 22.80000 3.15680 -1.91375 6.18942 3.57604 -3.91384 -5.62966 1.43953 -0.84128 -12.44953 -3.28659 6.65610 -10.46824 -4.75566 2.23584 -1.04199 -2.71681 0.00000 0.00000 -0.00000 -7.23091 -12.97581 -99.51756 33.27108 -24.42725 -71.84272 0.00000 11.54650 -0.00000 28.56467 -13.43785 -23.11571 -7.12502 -0.00000 0.00000 3.43968 -3.05144 3.47048 0.00000 0.00000 -0.00000 19.00123 -12.17885 95.73617 -28.34885 -15.08454 55.33028 -0.00000 -3.38551 -0.00000 -31.28954 17.72592 333.39090 7.12502 -0.00000 -0.00000 -8.29299 2.43235 298.76636
-0.22737 0.55311 0.34683 -349.95984 -7.61373 593.14898 -0.00000 0.00000 -0.00000 1549.39408 -54.35664 1186.85933 -132.20203 42.82869 160.28274 -3.16495 1.18809 -34.62097 -2.44912 -26.40636 -10.41209 -0.00000 0.00000 -0.00000 -129.00430 -70.26875 -133.01536 131.21045 44.75013 -158.85009 -363.56393 12.44657 -337.23705 7.59978 42.41848 -19.42459 -0.07484 21.62894 3.16371 -0.85144 5.98013 3.41594 -1.86744 -5.43989 1.39389 -0.92132 -12.76692 -3.01160 6.31839 -7.92002 -4.33800 2.06230 -0.19478 -2.37398 0.00000 0.00000 -0.00000 4.72293 -12.70320 -100.42989 33.69744 -25.68197 -73.93626 0.00000 9.32445 -0.00000 19.93686 -10.46377 -26.59693 -7.12502 -0.00000 0.00000 -2.90852 2.75666 1.57110 0.00000 0.00000 -0.00000 8.24171 -9.72628 95.49753 -30.06613 -17.69755 60.19893 -0.00000 -0.52348 -0.00000 -31.30966 9.17899 345.30437 7.12502 -0.00000 -0.00000 -5.72333 0.21750 312.83087
-0.22217 0.60682 0.33722 -350.91753 -8.36365 592.96709 -0.00000 0.00000 -0.00000 1536.12068 -58.81838 1175.36798 -126.84188 51.29426 152.98550 -0.70097 4.53082 -31.78192 -1.73093 -22.51805 -8.67884 -0.00000 0.00000 -0.00000 -116.16100 -70.64847 -118.47734 125.73145 52.59699 -151.57543 -370.21358 28.95558 -341.31804 9.16817 45.43160 -21.68451 -0.88166 20.16522 3.23474 -0.41457 5.72152 3.46308 -0.88342 -5.04360 1.45390 -0.42725 -12.02245 -3.06811 5.76216 -6.02903 -4.40880 1.75981 0.26070 -2.33147 0.00000 0.00000 0.00000 14.11844 -10.88002 -102.96411 33.77125 -25.91571 -74.32503 0.00000 10.94080 -0.00000 8.60387 -4.37973 -26.78088 -7.12502 -0.00000 0.00000 -12.13190 11.00439 3.39548 0.00000 0.00000 0.00000 -0.63721 -4.45817 94.95045 -31.18156 -19.68222 63.73697 -0.00000 1.64834 0.00000 -28.17703 2.25026 355.80781 7.12502 -0.00000 -0.00000 -1.61024 -0.29172 325.26590
-0.21877 0.65670 0.32787 -351.77391 -9.00478 592.93794 -0.00000 0.00000 -0.00000 1518.13401 -59.81916 1157.74414 -116.34631 60.29942 140.35025 -2.67580 -7.51336 -17.11139 -4.21228 -33.49287 -13.93621 -0.00000 0.00000 -0.00000 -100.67048 -69.85276 -101.26665 112.91028 62.16206 -136.43125 -369.15631 26.08292 -340.56956 6.22748 39.29340 -17.32769 -0.44305 18.24456 3.08644 -0.13571 5.11046 3.51160 -0.73057 -4.68869 1.52878 -0.85802 -10.07923 -3.44473 5.53489 -4.36003 -4.75724 1.74323 0.48541 -2.42826 0.00000 0.00000 -0.00000 18.93381 -6.44407 -105.98779 33.83921 -26.13605 -74.69124 0.00000 8.69617 -0.00000 -4.09842 1.89050 -24.72155 -7.12502 -0.00000 0.00000 -23.08232 19.56029 6.84698 0.00000 0.00000 -0.00000 -8.12988 3.30658 94.89889 -31.67103 -20.64899 65.42235 -0.00000 2.71955 0.00000 -28.15623 -0.06418 360.11991 7.12502 -0.00000 -0.00000 -1.48342 -0.40187 330.15480
-0.21616 0.69670 0.31824 -353.31097 -9.60630 593.02096 -0.00000 0.00000 -0.00000 1493.90806 -57.38122 1132.01520 -88.05660 68.91596 109.25959 0.17982 -16.24014 -2.19447 -2.59590 -27.10839 -10.73812 -0.00000 0.00000 -0.00000 -82.48190 -67.38781 -79.25572 83.75903 69.38269 -104.66121 -361.96731 9.36402 -342.78529 2.63632 27.29717 -10.82654 1.20228 16.09714 2.82447 -0.45393 4.77467 3.51802 -1.83760 -3.78888 1.57623 -1.39483 -7.83065 -3.63741 5.22533 -2.98681 -4.89114 1.74355 0.55379 -2.44844 -0.00000 0.00000 -0.00000 22.00047 -0.76160 -106.10863 33.96156 -26.54614 -75.37221 0.00000 6.16112 -0.00000 -2.42618 1.04531 -23.29496 -7.12502 -0.00000 0.00000 -22.14149 17.78734 8.10230 -0.00000 0.00000 -0.00000 -11.60961 12.45128 95.22035 -31.65203 -20.61017 65.35509 -0.00000 4.94495 0.00000 -25.53523 0.86846 358.18280 7.12502 -0.00000 -0.00000 0.95616 0.22091 328.00816
-0.21330 0.72382 0.30790 -355.71990 -10.07180 592.95718 -0.00000 0.00000 -0.00000 1470.67048 -46.62824 1106.05655 -35.60888 65.51413 53.05205 2.31928 -17.11382 6.01570 -1.90026 -23.51384 -9.11191 -0.00000 0.00000 -0.00000 -62.09378 -62.22073 -52.29394 38.84274 66.44228 -56.59225 -359.12966 -5.27750 -351.09166 2.29961 25.66288 -10.07148 2.28439 14.25093 2.84513 -0.48632 4.97899 3.70170 -2.35877 -2.50760 1.70557 -2.55464 -6.99563 -3.77904 4.19368 -1.19132 -4.95972 1.58864 0.98116 -2.44247 0.00000 0.00000 -0.00000 24.11899 4.96010 -103.42233 34.10592 -27.05518 -76.21663 0.00000 4.53006 -0.00000 10.07574 -3.78374 -20.37402 -7.12502 -0.00000 0.00000 -12.39831 8.95958 9.68490 0.00000 0.00000 -0.00000 -11.20093 22.65767 93.70205 -31.40437 -20.11397 64.49236 -0.00000 8.88747 0.00000 -24.16400 1.06123 357.63617 7.12502 -0.00000 -0.00000 2.24397 0.49487 327.43031
-0.21289 0.73372 0.29648 -358.96901 -10.42842 591.80933 -0.00000 0.00000 -0.00000 1458.11184 -28.00338 1091.29767 -10.51434 47.65493 23.53858 1.34078 -13.09379 4.52456 -6.92010 -40.93684 -18.40252 -0.00000 0.00000 -0.00000 -47.03644 -52.25168 -30.48591 13.36168 51.54186 -27.27489 -361.16742 -13.21839 -363.48379 3.77454 31.96266 -13.12664 3.21989 12.64951 3.00816 -0.65294 5.13001 4.01177 -2.96759 -1.39040 1.90521 -2.71655 -5.92645 -3.51506 2.00674 0.61274 -4.55995 0.92158 1.29325 -2.25979 0.00000 0.00000 -0.00000 23.54209 12.74997 -97.59307 34.34398 -27.96774 -77.72911 0.00000 3.26574 -0.00000 14.36755 -5.42891 -20.27183 -7.12502 -0.00000 0.00000 -8.77601 6.38462 9.23416 0.00000 0.00000 -0.00000 -5.78472 34.33231 88.59573 -31.50489 -20.31321 64.83945 -0.00000 13.45720 0.00000 -20.13744 2.76446 352.50696 7.12502 -0.00000 -0.00000 5.98611 0.74633 322.08098
-0.21463 0.72773 0.28339 -362.94779 -11.40172 588.61565 -0.00000 0.00000 -0.00000 1452.27691 -10.63480 1088.95772 -3.70503 31.70809 12.99486 2.18449 -13.60893 8.85458 -12.80773 -50.85824 -26.56411 -0.00000 0.00000 -0.00000 -43.63262 -43.74259 -23.20137 5.39811 37.11502 -15.98696 -362.35292 -12.73876 -371.24337 7.03091 41.18674 -18.57121 2.99457 10.58549 3.43360 -1.12863 5.02254 4.53735 -3.24338 -0.32756 2.21344 -2.82048 -3.82221 -2.52188 0.01568 1.82135 -3.23396 0.37865 1.24342 -1.64073 0.00000 0.00000 -0.00000 20.78601 21.13701 -87.24713 34.33047 -27.91308 -77.63853 0.00000 2.47795 -0.00000 17.05806 -7.23028 -22.30217 -7.12502 -0.00000 0.00000 -6.11626 4.85324 6.70762 0.00000 0.00000 -0.00000 3.51649 44.98898 79.38852 -32.14752 -21.66103 67.16497 -0.00000 7.59621 0.00000 -17.78557 6.31931 341.06174 7.12502 -0.00000 -0.00000 7.43333 -0.61981 310.26026
-0.21492 0.72001 0.27476 -364.93482 -11.17293 585.41438 -0.00000 0.00000 -0.00000 1450.13815 -1.60505 1092.90321 -1.79536 22.90365 8.84572 3.45764 -15.74608 12.95959 -11.57516 -49.21760 -24.95621 -0.00000 0.00000 -0.00000 -48.03401 -45.20348 -31.32644 5.23249 36.64839 -15.71101 -360.99107 -6.81689 -371.67867 5.35278 36.98843 -15.91173 5.09771 9.64233 3.04649 -1.04590 4.50709 4.23507 -4.26622 -0.21818 2.11035 -2.03240 -3.73408 -0.79006 -2.77140 3.36337 -0.87343 -0.55361 1.67162 -0.54007 0.00000 0.00000 -0.00000 14.93465 28.57490 -71.18804 33.86177 -26.21034 -74.81466 0.00000 0.94833 -0.00000 20.64860 -9.34482 -23.31041 -7.12502 -0.00000 0.00000 -2.94682 2.47631 4.99226 0.00000 0.00000 -0.00000 17.20762 49.19412 65.70393 -32.35421 -22.12544 67.95817 -0.00000 10.88760 0.00000 -11.87171 6.09167 333.21496 7.12502 -0.00000 -0.00000 12.51053 -2.63851 303.27926
-0.21153 0.71851 0.27230 -365.31385 -10.46927 583.64159 -0.00000 0.00000 -0.00000 1449.26324 3.64915 1092.76856 -0.94695 16.92419 6.35858 3.20753 -15.09422 12.63048 -8.57771 -44.35684 -20.84796 -0.00000 0.00000 -0.00000 -51.23015 -47.63888 -37.10871 6.12481 39.03700 -17.16513 -360.47965 -4.45883 -371.21304 3.32188 30.24111 -12.25046 8.07916 9.06209 1.50013 0.30027 5.20688 2.28122 -4.33465 0.69912 1.18325 3.04325 -5.28749 2.25312 -10.82020 2.32064 3.05953 -3.98316 1.94007 1.24208 0.00000 0.00000 -0.00000 2.91601 32.63545 -49.85645 32.52172 -22.51462 -68.62012 0.00000 -0.52842 0.00000 23.65328 -11.63032 -24.71513 -7.12502 -0.00000 0.00000 -0.25430 0.23042 2.82148 0.00000 0.00000 -0.00000 22.49443 45.10973 58.45227 -32.34523 -22.10491 67.92319 -0.00000 9.52285 0.00000 -5.97930 4.49322 323.20479 7.12502 -0.00000 -0.00000 17.24670 -6.55344 294.81491
-0.20526 0.72020 0.26813 -365.72468 -12.20012 580.53430 -0.00000 0.00000 -0.00000 1445.95264 9.17087 1095.73126 -0.14252 6.67809 2.44243 2.47137 -12.34787 12.87203 -11.62077 -49.28148 -25.01641 -0.00000 0.00000 -0.00000 -52.48945 -50.96076 -38.37025 5.92095 38.51724 -16.83963 -360.41885 -4.16932 -372.59549 4.37635 34.03654 -14.23142 6.83105 7.66568 0.54451 1.86518 5.71603 0.69673 -1.92037 1.72990 0.34858 7.97385 -5.49429 5.59872 -18.30767 0.42517 7.19420 -6.61316 2.03696 3.12338 0.00000 0.00000 0.00000 -11.00537 33.87234 -29.46080 29.23064 -16.36912 -57.75842 0.00000 -0.10873 0.00000 26.60582 -13.27600 -24.62995 -7.12502 -0.00000 0.00000 2.09161 -1.93715 2.21377 0.00000 0.00000 0.00000 22.81389 38.50763 56.73472 -31.46265 -20.22913 64.69310 -0.00000 10.39240 0.00000 -4.31401 3.78247 318.83052 7.12502 -0.00000 -0.00000 18.29605 -8.43692 291.07103
-0.20048 0.72978 0.26407 -365.30884 -14.13855 578.20130 -0.00000 0.00000 -0.00000 1444.15670 10.18878 1102.15152 -0.00000 -0.00000 -0.00000 1.32533 -10.37109 7.25791 -9.39652 -45.82995 -22.00395 -0.00000 0.00000 -0.00000 -52.74885 -53.46360 -39.44373 5.39185 37.09758 -15.97658 -360.91400 -6.54317 -371.26233 6.75152 40.55003 -18.14422 6.64866 6.52847 -0.23752 3.07813 5.51686 -0.48971 -0.54705 2.06200 -0.27860 8.93880 -5.75991 7.86296 -20.08537 -0.00739 10.22760 -7.18633 2.51319 4.55861 0.00000 0.00000 -0.00000 -21.62062 34.82454 -14.85634 23.57249 -9.59953 -43.84126 0.00000 1.52529 -0.00000 24.12797 -10.70144 -22.51768 -7.12502 -0.00000 0.00000 -0.22306 0.18605 5.16866 0.00000 0.00000 -0.00000 24.03626 33.73434 55.07774 -30.92427 -19.19957 62.88695 -0.00000 14.61670 0.00000 -2.55178 2.58622 314.64461 7.12502 -0.00000 -0.00000 19.52855 -10.56935 287.65388
-0.19564 0.75034 0.25877 -363.98995 -15.32179 578.63549 -0.00000 0.00000 -0.00000 1444.21333 7.13648 1104.55927 -0.00000 0.00000 0.00000 0.34591 -11.93611 -0.28887 -7.09441 -41.32842 -18.66750 -0.00000 0.00000 -0.00000 -47.67238 -52.10680 -34.99642 4.14092 33.25157 -13.80650 -362.33399 -13.76016 -369.54629 8.95319 45.04796 -21.38174 7.56810 5.65326 -1.29399 4.38532 5.17656 -1.99836 0.29684 2.14140 -1.05215 7.91447 -4.73404 9.32972 -20.39428 -1.83490 12.05007 -7.15692 2.05007 5.54909 -0.00000 0.00000 0.00000 -32.64448 38.51076 -0.61808 20.19996 -6.76878 -36.73200 0.00000 6.46365 -0.00000 15.48627 -6.23482 -21.40402 -7.12502 -0.00000 0.00000 -7.60996 5.80004 7.89672 -0.00000 0.00000 0.00000 24.57736 31.47709 53.70650 -31.72916 -20.76845 65.62913 -0.00000 16.54950 0.00000 -1.75052 2.04675 310.55427 7.12502 -0.00000 -0.00000 19.57833 -12.33157 284.01564
-0.18820 0.77521 0.25376 -362.85431 -17.80227 580.19855 -0.00000 0.00000 -0.00000 1442.42071 2.99584 1105.98124 -0.00000 0.00000 0.00000 0.11667 -16.54197 -2.49933 -5.36598 -37.02539 -15.93366 -0.00000 0.00000 -0.00000 -41.02492 -49.15050 -24.45135 2.92261 28.58254 -11.43752 -363.66474 -24.36014 -365.54395 10.92681 48.28060 -24.09387 6.92712 4.58917 -1.34390 3.99805 4.94128 -2.09253 0.22136 2.47719 -1.07151 8.37833 -4.54200 10.02733 -20.09180 -3.99067 12.67494 -7.25209 1.51544 5.94622 0.00000 0.00000 0.00000 -42.46543 48.21400 13.65985 21.65771 -7.90796 -39.73459 0.00000 6.76315 -0.00000 9.40285 -4.17441 -23.72885 -7.12502 -0.00000 0.00000 -12.21595 9.96017 6.37824 0.00000 0.00000 0.00000 27.66902 30.10556 50.43559 -32.91584 -23.48177 70.25538 -0.00000 17.19830 0.00000 -2.39949 2.69868 311.66853 7.12502 -0.00000 -0.00000 18.99911 -11.55962 284.80073
-0.17818 0.80004 0.25123 -360.82371 -19.20135 584.80205 -0.00000 0.00000 -0.00000 1440.97544 -1.20062 1104.52566 -0.00000 0.00000 0.00000 1.34927 -19.74882 0.86101 -3.20406 -29.76650 -12.01485 -0.00000 0.00000 -0.00000 -34.34142 -43.29873 -10.73178 2.40502 26.19015 -10.31256 -366.74395 -36.23708 -365.74509 8.41015 44.03939 -20.60761 6.64334 3.69250 -0.96142 3.60490 4.83838 -1.59585 -0.04433 2.88277 -0.78904 7.73511 -4.45802 9.79556 -19.46086 -4.85065 12.25376 -7.02263 1.11194 5.79648 -0.00000 0.00000 -0.00000 -53.50516 58.04068 25.66048 24.56049 -10.57044 -46.04898 0.00000 3.25548 -0.00000 8.39315 -4.39279 -27.43472 -7.12502 -0.00000 0.00000 -12.13689 11.25982 2.76222 -0.00000 0.00000 -0.00000 32.36918 29.89572 44.66429 -34.08653 -26.98508 76.10038 -0.00000 15.53210 0.00000 -4.78798 5.12699 313.14649 7.12502 -0.00000 -0.00000 16.29323 -9.63181 285.21199
-0.16259 0.82176 0.24943 -359.15270 -18.49242 591.80668 -0.00000 0.00000 -0.00000 1439.15925 -4.50695 1100.02686 -0.00000 0.00000 0.00000 2.01462 -15.93008 5.62885 -4.92621 -35.75425 -15.19245 -0.00000 0.00000 -0.00000 -29.26486 -36.85667 0.17045 2.83732 28.20867 -11.25816 -370.27185 -40.26548 -369.68519 4.83902 35.49190 -15.04276 6.18455 4.50530 -0.51536 3.30854 5.25266 -0.94941 -0.07448 2.88768 -0.46831 6.46072 -4.05728 9.13230 -19.09513 -4.59051 11.44842 -6.73006 0.90440 5.45698 0.00000 0.00000 -0.00000 -60.83096 61.89626 30.39694 27.03128 -13.35036 -51.92247 0.00000 0.32296 -0.00000 3.53760 -2.08386 -30.46324 -7.12502 -0.00000 0.00000 -15.22580 15.58211 0.37701 0.00000 0.00000 -0.00000 38.70592 30.13743 39.35389 -34.85380 -30.43575 81.82568 -0.00000 14.68090 0.00000 -5.63848 5.39691 316.38897 7.12502 -0.00000 -0.00000 16.09260 -8.40158 288.13978
-0.14283 0.83670 0.24673 -357.60076 -16.03511 600.14634 -0.00000 0.00000 -0.00000 1441.55862 -21.96340 1095.47850 -2.39371 26.13430 10.28691 0.73218 -19.10340 -0.97826 -7.61669 -42.45384 -19.44964 -0.00000 0.00000 -0.00000 -24.86985 -35.79181 1.95797 5.67817 37.87900 -16.44703 -363.19901 -28.40660 -362.22097 2.18084 25.04994 -9.79413 6.28816 6.51176 -0.11720 2.92578 5.88521 -0.29579 -0.50574 2.46119 -0.14403 5.06884 -3.86356 8.26657 -17.65874 -3.98305 10.44120 -6.05513 0.73983 5.01188 0.00000 0.00000 0.00000 -62.94518 62.39040 28.32306 28.74081 -15.64198 -56.39298 0.00000 -3.97800 0.00000 -1.61025 0.92144 -29.77215 -7.12502 -0.00000 0.00000 -19.52643 19.56187 1.64606 0.00000 0.00000 0.00000 46.01827 31.37715 35.01187 -35.21654 -33.64142 87.21471 -0.00000 12.92010 0.00000 -7.26964 6.52541 318.30297 7.12502 -0.00000 -0.00000 14.59642 -7.14603 289.46637
-0.12173 0.83429 0.24008 -355.91841 -13.20860 608.80942 -0.00000 0.00000 -0.00000 1443.84618 -37.67206 1096.73077 -10.64976 47.86301 23.72150 -1.93047 -18.51421 -9.43227 -7.88949 -43.01500 -19.85165 -0.00000 0.00000 -0.00000 -20.73155 -40.24524 -2.11804 15.76165 54.18038 -30.28444 -357.51792 -16.21809 -348.44044 3.01654 28.98591 -11.63258 5.97693 7.83368 0.73783 1.88562 6.30608 0.94930 -1.42143 2.24812 0.49829 4.11092 -3.84011 6.66593 -14.38183 -3.88099 8.39184 -4.92972 0.31437 4.06699 -0.00000 0.00000 -0.00000 -61.82947 61.67038 24.10127 30.05147 -17.67317 -60.15472 0.00000 -8.78330 0.00000 -2.13986 1.14261 -28.08796 -7.12502 -0.00000 0.00000 -20.48098 19.38695 3.37154 -0.00000 0.00000 -0.00000 54.20059 32.47863 31.25273 -35.25160 -36.09119 91.43970 -0.00000 11.73890 0.00000 -9.55479 8.25423 319.53904 7.12502 -0.00000 -0.00000 12.18618 -5.80080 289.91974
-0.10411 0.82132 0.22956 -355.07719 -10.89596 616.65801 -0.00000 0.00000 -0.00000 1442.80433 -48.02199 1096.65538 -28.70522 62.92071 45.38927 -3.85647 -16.88932 -15.53399 -9.49178 -45.99340 -22.13656 -0.00000 0.00000 -0.00000 -17.35635 -45.94365 -8.31225 41.40856 67.07534 -59.38455 -356.48942 -13.84117 -344.19078 3.18302 29.68047 -11.97240 4.45920 9.18898 1.91317 0.16460 6.44307 2.55264 -2.43028 1.75918 1.29324 3.23942 -3.64783 4.50326 -10.03200 -4.02106 5.60799 -3.82085 -0.22783 2.73852 0.00000 0.00000 0.00000 -61.18647 60.22947 21.62888 31.19839 -19.71437 -63.79339 0.00000 -13.31210 0.00000 -0.20110 0.10149 -26.77922 -7.12502 -0.00000 0.00000 -19.32568 17.44037 4.48219 0.00000 0.00000 0.00000 61.16152 32.83510 29.54188 -35.15537 -37.65265 94.20568 -0.00000 11.45590 0.00000 -11.36711 9.65648 320.15930 7.12502 -0.00000 -0.00000 10.21303 -4.82978 289.95185
-0.09274 0.80313 0.21733 -353.95979 -8.15842 624.56646 -0.00000 0.00000 -0.00000 1438.56579 -53.98116 1093.70107 -58.16963 69.54677 77.39829 -4.23201 -12.91725 -18.68373 -7.93591 -43.10875 -19.91963 -0.00000 0.00000 -0.00000 -11.66752 -51.33644 -12.48421 70.63684 69.99871 -90.67771 -356.13249 -6.54040 -336.75722 3.15543 29.56711 -11.91660 3.53458 10.00659 2.65144 -1.13779 6.39727 3.52523 -3.34917 1.36843 1.78014 2.42347 -3.99929 2.24649 -7.07929 -4.24715 2.66440 -2.66086 -0.50906 1.28387 -0.00000 0.00000 -0.00000 -62.19185 57.60012 20.19294 31.85591 -21.03263 -66.08534 0.00000 -15.26630 0.00000 3.34456 -1.65825 -26.34328 -7.12502 -0.00000 0.00000 -16.56497 14.70222 4.52771 -0.00000 0.00000 -0.00000 65.70572 32.49224 29.16011 -35.02252 -38.79132 96.26854 -0.00000 9.46411 0.00000 -13.36374 11.27429 320.54703 7.12502 -0.00000 -0.00000 7.97888 -3.79979 289.69510
-0.08489 0.77438 0.20457 -352.16441 -5.03714 631.71849 -0.00000 0.00000 -0.00000 1432.87082 -57.45982 1088.46474 -83.29178 69.42492 104.16205 -3.97762 -13.52457 -17.49595 -4.35414 -33.96385 -14.19171 -0.00000 0.00000 -0.00000 0.80826 -57.84495 -6.86487 84.26079 69.33553 -105.19738 -358.24552 1.43452 -331.91786 7.35406 41.89663 -19.05849 2.22816 10.78707 3.30282 -1.71832 5.93366 4.32599 -3.35662 0.47817 2.14674 1.22407 -3.99472 0.26101 -4.78385 -5.69187 0.03289 -1.69664 -1.09372 -0.00728 0.00000 0.00000 -0.00000 -65.55597 53.33493 19.42598 31.92001 -21.16823 -66.31896 0.00000 -13.85070 0.00000 7.40225 -3.82912 -27.20441 -7.12502 -0.00000 0.00000 -13.00863 11.94693 3.13891 0.00000 0.00000 -0.00000 67.75111 30.76131 28.72354 -34.85409 -39.82006 98.17142 -0.00000 5.73341 0.00000 -14.69931 12.06291 321.45760 7.12502 -0.00000 -0.00000 6.69017 -3.10388 290.22146
-0.07851 0.74504 0.18919 -349.70156 -2.27078 639.83702 -0.00000 0.00000 -0.00000 1422.21373 -58.53833 1076.12953 -89.30079 68.75310 110.59378 -4.28635 -28.16954 -14.27846 -3.76331 -31.92175 -13.10541 -0.00000 0.00000 -0.00000 15.04791 -62.59892 7.15086 96.13014 67.60713 -117.94839 -355.09360 -8.08875 -334.82286 6.80208 40.66689 -18.22190 0.48763 11.13424 3.42800 -2.52800 5.61612 4.33570 -3.28784 -0.10968 2.12337 -0.39907 -5.77624 -1.69674 -1.65909 -7.12727 -2.46833 -0.41756 -1.25392 -1.26847 -0.00000 0.00000 0.00000 -69.50292 46.74122 18.88393 31.75118 -20.81396 -65.70783 0.00000 -11.73910 0.00000 12.08518 -6.66554 -28.46293 -7.12502 -0.00000 0.00000 -8.86331 8.62578 1.11605 -0.00000 0.00000 0.00000 68.81830 26.49663 29.39431 -34.75817 -40.30402 99.08101 -0.00000 4.07684 0.00000 -16.12775 12.87443 322.38358 7.12502 -0.00000 -0.00000 5.31368 -2.39995 290.76138
-0.07236 0.71607 0.17201 -347.73299 1.98352 652.80017 -0.00000 0.00000 -0.00000 1404.56343 -58.41510 1051.03617 -94.05856 68.00298 115.71109 -3.24762 -37.43450 -12.40215 -4.75520 -35.23626 -14.89793 -0.00000 0.00000 -0.00000 16.79331 -66.49856 9.24509 106.10274 64.95611 -128.83287 -352.91565 -13.56742 -333.60916 4.58882 34.71857 -14.60770 0.70789 11.65110 1.65032 -2.05455 5.61375 2.04132 -2.73990 -0.55806 0.98434 -1.45912 -4.92844 -3.95199 -0.17652 -12.02597 -5.57744 0.42449 -2.94549 -2.81825 0.00000 0.00000 -0.00000 -74.05767 40.23053 18.05658 31.35689 -20.02084 -64.32981 0.00000 -12.13180 0.00000 19.63222 -11.20522 -28.57956 -7.12502 -0.00000 0.00000 -2.75353 2.80660 -0.51331 0.00000 0.00000 -0.00000 68.83548 19.66517 31.52103 -34.82526 -39.97145 98.45492 -0.00000 3.00071 0.00000 -17.15498 14.04342 321.82965 7.12502 -0.00000 -0.00000 3.95870 -1.86322 289.83440
-0.07136 0.69481 0.15619 -348.13464 6.08999 666.27550 -0.00000 0.00000 -0.00000 1387.53582 -57.12344 1026.89956 -103.02984 65.92386 125.45459 -3.63545 -35.03379 -12.93474 -5.11305 -36.30466 -15.51010 -0.00000 0.00000 -0.00000 8.34672 -68.89221 -2.50306 111.32915 62.90526 -134.64933 -350.77137 -21.30902 -333.54841 3.19746 29.73957 -12.00156 1.24028 12.09371 0.22422 -0.78994 6.36780 0.25333 -1.54423 -0.11236 0.10149 -2.99032 -3.24299 -6.63777 1.78498 -16.77586 -9.25139 1.86453 -4.73639 -4.62246 0.00000 0.00000 0.00000 -77.14211 37.75263 16.58267 30.96348 -19.27207 -63.01502 0.00000 -16.87670 0.00000 27.98139 -15.85393 -27.21180 -7.12502 -0.00000 0.00000 3.52772 -3.67989 -1.15362 0.00000 0.00000 0.00000 69.70170 11.39055 36.42092 -35.09928 -38.19183 95.17720 -0.00000 1.07427 0.00000 -18.77611 15.80096 321.30667 7.12502 -0.00000 -0.00000 1.91392 -0.94524 288.72579
-0.07634 0.68740 0.14337 -349.28706 7.40987 673.41135 -0.00000 0.00000 -0.00000 1382.53913 -57.67034 1019.42537 -106.25459 64.90417 129.00051 -6.84841 -29.16003 -19.19624 -3.96211 -32.63325 -13.47767 -0.00000 0.00000 -0.00000 6.16449 -69.20852 -8.01972 113.58952 61.82221 -137.20059 -351.92168 -29.40550 -338.55991 1.97457 23.93366 -9.29660 -0.11245 12.75367 1.42737 -1.30732 6.75492 1.69262 -1.47335 -0.02923 0.79833 -3.29207 -1.88364 -9.49453 3.55614 -18.48674 -12.98358 2.72215 -4.66528 -6.52839 0.00000 0.00000 -0.00000 -77.55011 37.93678 18.77601 30.98523 -19.31245 -63.08630 0.00000 -22.97610 0.00000 29.90710 -17.64646 -27.79058 -7.12502 -0.00000 0.00000 5.04679 -5.52020 -2.44711 0.00000 0.00000 -0.00000 71.22067 8.18732 43.26670 -35.25951 -35.77626 90.88946 -0.00000 0.99688 0.00000 -20.50444 17.18356 321.69171 7.12502 -0.00000 -0.00000 0.04535 -0.02253 288.58001
-0.08668 0.69267 0.13352 -350.69355 8.22323 679.12561 -0.00000 0.00000 -0.00000 1384.39735 -58.03431 1020.10311 -103.57214 65.76409 126.04893 -9.18924 -25.18161 -24.73203 -2.95746 -28.73320 -11.51019 -0.00000 0.00000 -0.00000 5.45955 -68.21916 -11.38249 113.23289 62.00226 -136.79634 -354.03400 -32.31082 -342.83975 1.60313 21.72671 -8.33947 -1.41863 12.13746 2.58998 -1.66289 6.93519 3.11495 -1.20951 0.48694 1.48595 -4.74334 -1.94895 -11.96212 4.82839 -17.80159 -16.18051 3.48023 -4.04852 -8.08055 0.00000 0.00000 -0.00000 -77.84564 34.72581 23.42339 31.09862 -19.52484 -63.46048 0.00000 -19.87480 0.00000 27.95399 -18.25813 -30.55641 -7.12502 -0.00000 0.00000 3.97105 -4.75951 -5.08276 0.00000 0.00000 -0.00000 65.53694 12.83252 52.08063 -35.22520 -33.79675 87.47924 -0.00000 -0.67805 -0.00000 -19.82048 15.18727 323.98856 7.12502 -0.00000 -0.00000 1.57683 -0.69042 291.35950
-0.10165 0.70486 0.12569 -353.33565 9.46622 687.57473 -0.00000 0.00000 -0.00000 1386.80281 -56.98610 1021.41470 -98.22507 67.15898 120.21779 -9.96181 -21.74591 -27.71030 -1.96480 -23.87904 -9.27250 -0.00000 0.00000 -0.00000 2.02243 -66.13149 -18.40527 110.93012 63.08286 -134.20145 -355.83707 -31.89740 -346.14090 1.31924 19.82337 -7.53923 -2.21977 11.22764 2.88186 -0.51542 6.84649 3.49642 0.44525 0.76942 1.64467 -6.90699 -1.98288 -14.75383 6.04120 -16.99468 -19.84613 4.25747 -3.21988 -9.82880 0.00000 0.00000 -0.00000 -76.82575 29.47790 26.06870 31.48228 -20.26815 -64.76104 0.00000 -13.17760 0.00000 23.65440 -18.70699 -36.21243 -7.12502 -0.00000 0.00000 1.79502 -2.58118 -10.16646 0.00000 0.00000 -0.00000 51.48888 20.22477 61.85956 -35.13196 -32.54877 85.36424 -0.00000 -0.80744 -0.00000 -16.68773 10.46878 328.77961 7.12502 -0.00000 -0.00000 6.39413 -2.02696 297.48323
-0.12036 0.73291 0.12071 -357.61000 9.99579 698.85866 -0.00000 0.00000 -0.00000 1391.59400 -53.94599 1025.26724 -87.24081 69.01577 108.38556 -9.10786 -15.38048 -29.84542 -0.26971 -9.16170 -3.36524 -0.00000 0.00000 -0.00000 -0.30453 -61.23614 -25.10428 103.68857 65.72920 -126.17663 -357.15754 -27.32363 -348.72538 0.82085 15.79854 -5.91098 -1.57293 10.95808 2.73817 0.93428 6.77348 3.41603 1.60846 0.78728 1.61135 -7.25744 -1.32870 -18.22597 7.11817 -16.48461 -24.48180 4.78854 -2.57966 -12.15931 -0.00000 0.00000 0.00000 -72.72273 26.32761 24.31052 32.16358 -21.69652 -67.22572 0.00000 -12.80190 0.00000 22.57520 -18.45307 -37.28340 -7.12502 -0.00000 0.00000 1.23268 -1.82876 -11.00943 -0.00000 0.00000 0.00000 32.83417 25.76483 72.69343 -35.05804 -31.86313 84.21111 -0.00000 -1.36158 -0.00000 -12.76585 6.07376 334.96708 7.12502 -0.00000 -0.00000 11.82781 -2.14383 304.87209
-0.14110 0.76967 0.11780 -362.15998 8.60296 711.96284 -0.00000 0.00000 -0.00000 1397.22246 -48.91740 1031.68708 -69.81262 69.99989 89.80060 -7.69393 -14.69099 -27.05708 -0.01977 -2.49365 -0.90823 -0.00000 0.00000 -0.00000 2.39084 -55.64765 -23.44003 94.61582 67.90090 -116.31232 -358.38961 -15.37895 -351.20621 0.76442 15.26379 -5.70023 -0.52672 11.41701 2.23794 2.51668 6.89883 2.89350 2.69609 0.65946 1.36668 -6.27889 -0.42989 -21.18503 7.57398 -15.59091 -28.43724 4.88585 -2.12667 -14.20219 -0.00000 0.00000 0.00000 -68.20503 25.98975 17.38351 32.64781 -22.81577 -69.13072 0.00000 -13.85480 0.00000 21.98652 -18.35210 -37.94794 -7.12502 -0.00000 0.00000 0.94691 -1.43406 -11.55795 -0.00000 0.00000 0.00000 12.69873 27.25822 84.68107 -34.92107 -30.85694 82.52778 -0.00000 -0.93850 -0.00000 -6.34006 2.14455 341.38679 7.12502 -0.00000 -0.00000 19.14613 -0.92228 312.34555
-0.16484 0.80950 0.11806 -364.46134 6.40186 725.28856 -0.00000 0.00000 -0.00000 1401.48342 -43.26013 1040.48043 -47.75960 68.31458 66.24764 -6.14536 -19.19268 -20.60994 -0.15881 -7.04693 -2.57876 -0.00000 0.00000 -0.00000 9.16601 -51.10386 -11.65472 88.83698 68.81534 -110.09625 -359.36440 -4.86913 -352.66093 1.16690 18.70201 -7.07748 -0.81876 11.50892 1.38663 3.70108 6.65899 1.80465 4.17335 0.36851 0.81961 -5.09663 0.50717 -22.46813 7.53727 -14.01924 -30.08857 4.66207 -1.82684 -15.09075 0.00000 0.00000 0.00000 -64.96857 29.15769 8.88546 33.04053 -23.80482 -70.79886 0.00000 -12.37110 0.00000 21.88084 -18.45859 -38.25143 -7.12502 -0.00000 0.00000 0.93225 -1.42844 -11.86498 0.00000 0.00000 0.00000 -5.39367 25.62057 96.11433 -34.61103 -29.14193 79.67557 -0.00000 -1.49994 -0.00000 -0.48010 0.11184 346.88747 7.12502 -0.00000 -0.00000 25.07654 1.49342 318.18785
-0.18904 0.84657 0.12538 -365.27846 4.74589 739.71739 -0.00000 0.00000 -0.00000 1404.37750 -38.55183 1051.18711 -28.94248 63.02658 45.65563 -3.59409 -23.65096 -13.22587 -0.28235 -9.37147 -3.44375 -0.00000 0.00000 -0.00000 17.05501 -46.03158 3.72336 90.94459 68.51748 -112.35885 -360.03076 -9.46367 -358.52734 1.10235 18.20160 -6.87355 -0.53944 10.89140 -0.24787 4.09531 5.86492 -0.27344 4.59386 0.03691 -0.18729 -5.26866 0.94933 -22.19791 8.60630 -11.53182 -29.57249 4.61404 -1.08911 -14.88685 0.00000 0.00000 0.00000 -60.84104 36.01234 0.13339 33.22438 -24.29834 -71.62686 0.00000 -9.56210 0.00000 19.35627 -17.31564 -40.27277 -7.12502 -0.00000 0.00000 -0.41531 0.67160 -13.26707 0.00000 0.00000 0.00000 -19.97715 22.66268 106.00663 -34.12330 -27.11852 76.32164 -0.00000 -9.32651 -0.00000 0.72488 -0.14971 348.33095 7.12502 -0.00000 -0.00000 26.20787 2.27044 319.60142
-0.20964 0.88023 0.14112 -365.80408 3.46877 756.07614 -0.00000 0.00000 -0.00000 1407.48930 -35.09797 1063.81269 -17.01424 55.38028 31.81758 -2.87474 -23.30055 -11.53409 -0.00432 -1.16602 -0.42446 -0.00000 0.00000 -0.00000 22.33532 -41.19439 15.61308 100.19608 66.68942 -122.36017 -360.21388 -10.55573 -359.40010 0.57333 13.27207 -4.92500 -0.41039 10.12275 -2.12952 5.08154 4.36131 -2.67915 5.79269 -0.84900 -1.35854 -6.46710 1.27031 -20.99340 9.00474 -9.53811 -27.94619 4.57835 -0.54214 -14.04454 0.00000 0.00000 0.00000 -57.14915 46.16255 -8.96733 33.26391 -24.40735 -71.80940 0.00000 -6.50557 0.00000 15.99709 -14.76159 -41.62926 -7.12502 -0.00000 0.00000 -2.47118 4.07039 -13.70047 0.00000 0.00000 0.00000 -31.48885 20.46651 113.16020 -33.64362 -25.51493 73.65822 -0.00000 -22.08960 -0.00000 0.24708 -0.05799 346.79213 7.12502 -0.00000 -0.00000 25.79075 1.53743 318.17799
-0.22133 0.90807 0.16055 -366.72698 2.41527 774.46651 -0.00000 0.00000 -0.00000 1410.26887 -32.26852 1075.37202 -10.20074 47.16273 23.11262 -3.67620 -19.33903 -14.25449 -0.01612 2.25222 0.82019 -0.00000 0.00000 -0.00000 25.09965 -39.29449 21.97705 112.65808 62.28501 -136.14621 -359.20079 -8.95861 -353.42808 0.27279 9.21339 -3.38457 1.84280 7.87466 -3.66439 4.80175 3.03126 -4.55259 4.31464 -0.99315 -2.25165 -4.51905 0.36336 -19.26780 8.53164 -8.83698 -25.50971 4.41033 -0.85791 -12.83306 0.00000 0.00000 -0.00000 -45.90992 57.72905 -24.41245 33.13533 -24.05663 -71.22165 0.00000 -6.22175 0.00000 10.99413 -9.97404 -41.71812 -7.12502 -0.00000 0.00000 -6.07304 9.61243 -12.49669 0.00000 0.00000 -0.00000 -35.71371 20.92819 116.22104 -33.12204 -24.02099 71.16186 -0.00000 -30.80100 -0.00000 0.23195 -0.05751 346.07412 7.12502 -0.00000 -0.00000 25.79218 1.22345 317.52987
-0.22456 0.93019 0.18142 -367.11683 1.51819 792.98048 -0.00000 0.00000 -0.00000 1412.35771 -28.72452 1084.94897 -6.17488 39.16249 17.24453 -4.36560 -13.59172 -18.67916 -0.00000 0.00424 0.00154 -0.00000 0.00000 -0.00000 27.03902 -39.30324 25.43122 122.87334 55.48281 -148.04590 -358.63274 -9.68554 -350.66912 0.49498 12.35237 -4.57172 3.35013 5.29275 -4.60245 4.14781 1.83844 -5.81149 2.74520 -0.93725 -2.87029 -3.01994 -2.17054 -15.51551 8.20341 -8.45653 -20.30685 3.65320 -1.00230 -10.19358 -0.00000 0.00000 0.00000 -28.31972 67.78660 -46.78279 32.87764 -23.38455 -70.09157 0.00000 -6.96762 0.00000 7.06783 -5.98811 -40.07726 -7.12502 -0.00000 0.00000 -9.48962 13.80823 -9.99424 -0.00000 0.00000 0.00000 -36.02001 25.26126 117.46906 -32.76433 -23.10080 69.61277 -0.00000 -31.35610 -0.00000 1.20999 -0.30873 345.68826 7.12502 -0.00000 -0.00000 26.76289 1.15338 317.28561
-0.21859 0.94962 0.20036 -366.57724 1.59388 810.52021 -0.00000 0.00000 -0.00000 1412.52677 -22.94955 1091.46080 -3.43583 30.68923 12.47521 -3.59377 -5.77875 -23.12542 -0.12241 -6.19166 -2.26298 -0.00000 0.00000 -0.00000 27.48902 -39.78605 27.25048 128.75184 48.75187 -155.47717 -358.50083 -12.37730 -350.99952 0.40948 11.25527 -4.15374 3.33300 3.49509 -4.97446 3.36428 0.76503 -6.39758 1.90048 -1.12039 -3.17482 -2.00709 -5.36420 -9.31534 6.44258 -7.34068 -11.97761 2.46124 -0.85884 -5.93878 -0.00000 0.00000 0.00000 -5.22836 74.86226 -75.35309 32.48487 -22.42797 -68.47295 0.00000 -8.14234 0.00000 2.90021 -2.30321 -38.42349 -7.12502 -0.00000 0.00000 -13.16089 17.83729 -7.64341 -0.00000 0.00000 0.00000 -34.77228 32.76189 117.53705 -32.79346 -23.17309 69.73486 -0.00000 -29.40970 -0.00000 2.84994 -0.77293 344.83823 7.12502 -0.00000 -0.00000 28.40147 0.93255 316.72401
-0.20694 0.96428 0.21705 -365.80687 1.50117 825.61711 -0.00000 0.00000 -0.00000 1412.82929 -16.48552 1094.37182 -1.86545 23.31368 9.02430 -0.36239 3.97693 -26.50369 -0.04301 -3.67652 -1.34011 -0.00000 0.00000 -0.00000 33.58280 -38.31920 33.48214 131.48836 44.23237 -159.24664 -358.90083 -14.46807 -352.98065 0.31315 9.86296 -3.62813 3.40273 2.22820 -3.80642 2.19017 0.61388 -4.93792 0.48737 -0.70189 -2.45252 3.72791 -7.42925 -1.83319 0.56959 -7.64007 -2.41976 -0.42880 -1.17364 -1.20736 0.00000 0.00000 0.00000 31.64916 76.87988 -115.04569 32.11465 -21.58867 -67.04103 0.00000 -11.57960 0.00000 -0.71570 0.54094 -37.08102 -7.12502 -0.00000 0.00000 -16.33286 21.09591 -5.84868 0.00000 0.00000 0.00000 -29.34427 42.55405 113.88235 -33.12678 -24.03367 71.18314 -0.00000 -25.17760 -0.00000 2.81318 -0.80756 343.99583 7.12502 -0.00000 -0.00000 28.38600 0.52776 315.97653
-0.19331 0.97383 0.23022 -364.13159 1.90203 843.22874 -0.00000 0.00000 -0.00000 1411.97352 -7.38246 1089.93113 -0.97280 17.14449 6.44684 3.54204 11.89272 -26.31443 -0.03019 3.08109 1.12258 -0.00000 0.00000 -0.00000 35.19710 -38.70408 33.96116 132.11605 43.00377 -160.15648 -358.97151 -14.69163 -353.27117 0.36570 10.64655 -3.92332 4.45063 3.15013 -3.13951 0.81022 0.74336 -3.99946 -1.48001 -1.23774 -1.99744 9.02354 -5.51146 5.83107 -6.20052 -9.19387 7.48272 -3.75523 -1.39085 3.70395 -0.00000 0.00000 -0.00000 59.84107 75.89673 -143.12369 32.07892 -21.51049 -66.90701 0.00000 -16.17450 0.00000 -8.51695 6.01864 -34.99833 -7.12502 -0.00000 0.00000 -22.75527 28.04220 -3.26063 -0.00000 0.00000 -0.00000 -19.35440 54.07340 106.11953 -33.63093 -25.47593 73.59328 -0.00000 -19.70500 -0.00000 4.64358 -1.29042 344.50332 7.12502 -0.00000 -0.00000 30.18380 0.95554 316.64232
-0.17553 0.97829 0.24098 -363.21854 2.80774 861.69960 -0.00000 0.00000 -0.00000 1412.22186 -0.01164 1085.20042 -0.56812 13.21309 4.90226 5.74287 16.32605 -25.07864 -0.21675 8.22241 3.01482 -0.00000 0.00000 -0.00000 33.93043 -41.09201 32.05388 131.23715 44.70105 -158.88803 -359.00495 -14.92419 -353.41374 0.58304 13.38123 -4.96711 4.94648 4.13603 -2.47746 -0.46196 1.08969 -3.07122 -3.07543 -1.47433 -1.53661 12.41119 -0.80205 11.91888 -11.59131 -11.70073 15.95602 -6.13610 -1.24723 8.09205 0.00000 0.00000 -0.00000 74.63951 73.05452 -155.07356 32.14571 -21.65702 -67.15810 0.00000 -21.17330 0.00000 -13.55063 8.46794 -31.42435 -7.12502 -0.00000 0.00000 -27.70127 31.14540 0.43034 0.00000 0.00000 -0.00000 -0.62223 65.58522 90.06462 -34.18326 -27.34066 76.68990 -0.00000 -15.91870 -0.00000 6.27427 -1.81066 343.96625 7.12502 -0.00000 -0.00000 31.81711 0.85952 316.38502
-0.15341 0.97775 0.24815 -363.04098 4.80872 879.56488 -0.00000 0.00000 -0.00000 1412.95970 4.26891 1083.93886 -0.58291 13.37983 4.96657 5.11635 15.22644 -24.69518 -0.25340 8.88350 3.26125 -0.00000 0.00000 -0.00000 29.86372 -42.59626 28.33199 128.62759 48.93043 -155.31214 -359.02345 -15.36511 -353.50488 0.74877 15.11165 -5.64049 5.19320 6.46916 -1.16932 -2.18418 2.12912 -1.16604 -5.08558 -1.57435 -0.53293 13.20874 2.42530 16.18239 -13.25971 -12.81518 22.30281 -7.21969 -0.84928 11.41347 -0.00000 0.00000 -0.00000 74.60168 68.83767 -150.48824 32.27892 -21.95432 -67.66634 0.00000 -26.59250 0.00000 -17.41591 9.97558 -28.90902 -7.12502 -0.00000 0.00000 -31.33677 33.42044 2.86866 -0.00000 0.00000 -0.00000 40.74397 72.08426 52.49831 -34.67019 -29.43207 80.15706 -0.00000 -11.64960 -0.00000 5.90052 -1.69058 344.06813 7.12502 -0.00000 -0.00000 31.44317 0.87134 316.42472
-0.12787 0.97357 0.24977 -363.83418 6.47714 896.23942 -0.00000 0.00000 -0.00000 1414.26075 5.48455 1084.79939 -0.96250 17.05708 6.41179 1.96643 8.83195 -22.90627 -0.06694 4.58400 1.67225 -0.00000 0.00000 -0.00000 25.77939 -42.35138 24.98673 123.25014 55.13592 -148.50416 -359.19542 -15.48385 -354.14879 0.70925 14.71959 -5.48694 5.14040 9.16269 0.64975 -3.64971 3.41888 1.57963 -6.82708 -1.33552 0.98953 13.84162 3.56774 19.23093 -13.60880 -12.11592 25.60467 -7.40300 -0.15601 12.50955 -0.00000 0.00000 0.00000 69.10418 62.96243 -140.92199 32.64350 -22.80535 -69.11308 0.00000 -24.24810 0.00000 -18.07217 10.50778 -29.19987 -7.12502 -0.00000 0.00000 -31.59799 34.31982 2.49365 -0.00000 0.00000 0.00000 83.52276 68.12665 14.00406 -35.00706 -31.45895 83.53378 -0.00000 -7.94555 -0.00000 3.75127 -0.97837 345.40304 7.12502 -0.00000 -0.00000 29.27155 1.30132 317.32015
-0.10270 0.96642 0.24549 -364.92623 6.16548 914.44073 -0.00000 0.00000 -0.00000 1416.29666 4.24137 1084.24506 -1.60919 21.76510 8.35585 -1.14677 0.05959 -19.94076 -0.11465 -5.99317 -2.18986 -0.00000 0.00000 -0.00000 18.20889 -42.85363 18.65760 112.35828 62.42893 -135.80777 -358.91550 -13.80804 -352.97077 0.77282 15.34467 -5.73203 6.19418 11.01765 2.05955 -4.49202 4.10362 2.84551 -8.57128 -1.28145 1.33868 14.75350 3.10614 19.90798 -13.57348 -9.72744 26.77541 -7.07049 0.78442 13.20766 0.00000 0.00000 -0.00000 66.50513 57.77657 -135.91277 32.93712 -23.53628 -70.34718 0.00000 -17.38050 0.00000 -16.90149 9.58755 -28.72910 -7.12502 -0.00000 0.00000 -31.09708 32.76426 3.10047 0.00000 0.00000 -0.00000 102.31404 61.03514 -2.09477 -35.17221 -33.00401 86.13314 -0.00000 -7.89711 -0.00000 1.79714 -0.48458 344.91460 7.12502 -0.00000 -0.00000 27.35944 0.85964 316.66076
-0.07884 0.95536 0.23436 -365.50403 4.57167 933.06148 -0.00000 0.00000 -0.00000 1418.74417 1.01816 1083.36855 -2.34616 25.89757 10.17850 -3.17983 -7.99633 -18.81667 -0.73200 -14.94668 -5.57580 -0.00000 0.00000 -0.00000 9.52470 -41.21667 11.22376 89.14237 68.77456 -110.42381 -358.71025 -12.36915 -351.88153 0.40568 11.20382 -4.13423 6.99195 11.39325 2.20837 -4.87046 4.44436 3.16644 -9.48049 -0.98271 1.55401 15.46380 2.36504 18.50744 -13.18149 -8.42270 24.89648 -6.83591 0.95046 12.29492 -0.00000 0.00000 0.00000 66.67739 54.62036 -134.03885 33.14178 -24.07396 -71.25072 0.00000 -16.68060 0.00000 -15.50964 7.56464 -25.37898 -7.12502 -0.00000 0.00000 -31.58891 29.15163 6.61550 -0.00000 0.00000 0.00000 107.66917 55.70648 -8.32261 -35.24978 -34.37139 88.46140 -0.00000 -6.47923 -0.00000 -1.01867 0.29329 343.93961 7.12502 -0.00000 -0.00000 24.57381 0.20378 315.44562
-0.05878 0.94104 0.21546 -364.55751 1.49928 953.28820 -0.00000 0.00000 -0.00000 1420.51265 -5.21186 1080.51327 -3.34568 30.33559 12.29766 -5.10047 -15.85486 -19.53527 -1.67190 -22.15708 -8.52353 -0.00000 0.00000 -0.00000 0.50163 -36.82863 3.11928 51.97473 68.91989 -70.77398 -358.71172 -12.71155 -351.96156 0.59110 13.47110 -5.00182 6.49472 8.90140 1.55233 -4.47330 4.67265 2.23724 -8.53109 0.36229 1.18974 14.02720 0.78894 15.59522 -11.63603 -7.85189 20.70955 -6.07436 0.36515 10.19581 -0.00000 0.00000 -0.00000 66.44697 52.23131 -132.31130 33.10877 -23.98550 -71.10231 0.00000 -18.37800 0.00000 -12.70908 6.14389 -25.38714 -7.12502 -0.00000 0.00000 -29.55466 26.69521 6.61120 -0.00000 0.00000 -0.00000 107.04384 51.79250 -12.37195 -35.25997 -35.75126 90.84589 -0.00000 -4.24571 -0.00000 -8.04368 2.25013 344.47323 7.12502 -0.00000 -0.00000 17.57158 0.02717 315.08580
-0.04553 0.92558 0.19196 -361.17766 -1.55467 972.69035 -0.00000 0.00000 -0.00000 1420.86655 -14.12032 1077.30030 -4.68705 35.02589 14.77950 -5.83887 -23.98708 -18.25535 -2.54098 -26.84882 -10.61706 -0.00000 0.00000 -0.00000 -4.59846 -29.88089 -0.94871 23.50940 60.21278 -39.48356 -359.83456 -16.74027 -356.42069 1.14373 18.52426 -7.00489 5.13149 4.39546 1.07381 -4.01615 4.31624 1.46393 -7.08791 2.25885 0.87570 11.92515 -1.08886 11.19805 -9.68124 -6.55855 14.59441 -5.00198 -0.12320 7.15377 0.00000 0.00000 -0.00000 65.81411 50.31484 -130.16177 32.88209 -23.39583 -70.11059 0.00000 -20.00920 0.00000 -8.48942 4.40245 -27.21559 -7.12502 -0.00000 0.00000 -25.72482 24.14124 4.67302 0.00000 0.00000 -0.00000 105.52601 47.30883 -17.38601 -35.19474 -37.17969 93.36075 -0.00000 -7.06929 -0.00000 -14.30400 4.37831 343.33165 7.12502 -0.00000 -0.00000 11.21119 -0.36954 313.13627
-0.03782 0.91058 0.16899 -358.20778 -1.42887 989.21535 -0.00000 0.00000 -0.00000 1421.90483 -22.07308 1073.14617 -6.81301 40.69206 18.23867 -5.21962 -27.75403 -16.22621 -4.49844 -34.43139 -14.44844 -0.00000 0.00000 -0.00000 -3.03945 -18.75077 2.78173 10.18323 47.13481 -23.08873 -361.80720 -20.21633 -362.17942 2.07080 24.46310 -9.53138 4.97324 1.59560 1.15168 -3.61985 3.96238 1.52396 -6.51877 3.44862 0.95133 8.72836 -1.47807 5.77027 -6.27474 -5.94225 7.40079 -3.73864 -1.03442 3.58400 -0.00000 0.00000 0.00000 63.21067 48.43468 -126.27383 32.39665 -22.22291 -68.12419 0.00000 -22.16490 0.00000 -3.29155 1.73444 -27.75676 -7.12502 -0.00000 0.00000 -21.49865 20.17114 3.79945 -0.00000 0.00000 0.00000 105.00482 40.63731 -23.45462 -35.07714 -38.37752 95.51394 -0.00000 -9.74123 -0.00000 -19.99898 7.64624 339.91811 7.12502 -0.00000 -0.00000 5.00111 -0.55582 308.67427
-0.03230 0.89280 0.14310 -358.21608 -0.36898 1002.04243 -0.00000 0.00000 -0.00000 1423.29731 -27.54537 1070.06842 -9.44296 45.90982 22.06864 -3.20858 -27.92963 -12.04696 -4.95050 -35.82670 -15.23399 -0.00000 0.00000 -0.00000 0.58529 -8.86486 10.15794 6.01986 38.77121 -16.99802 -362.59342 -25.59959 -361.97902 0.83912 15.96724 -5.97771 4.08260 2.31091 1.78517 -3.41571 4.29466 2.39354 -5.76070 3.46724 1.36273 5.42032 -2.11473 0.26158 -2.33076 -5.09911 0.16375 -1.65498 -1.22702 -0.00798 0.00000 0.00000 -0.00000 57.52348 46.21864 -120.22449 31.31162 -19.93262 -64.17562 0.00000 -21.35890 0.00000 1.19418 -0.60638 -26.91678 -7.12502 -0.00000 0.00000 -18.15571 16.44247 4.20065 0.00000 0.00000 -0.00000 104.03752 31.46605 -26.86911 -35.08472 -38.31530 95.40098 -0.00000 -8.93402 -0.00000 -24.78509 15.10574 330.56057 7.12502 -0.00000 -0.00000 -2.03298 0.65060 297.26154
-0.02851 0.87981 0.12686 -359.24834 1.32983 1006.45885 -0.00000 0.00000 -0.00000 1428.43768 -31.75126 1073.68142 -11.43685 49.02227 24.77328 -2.61720 -27.08326 -10.78488 -5.04881 -36.11717 -15.40135 -0.00000 0.00000 -0.00000 3.22141 -7.88178 7.35348 4.99866 35.96956 -15.31613 -362.93237 -33.01859 -359.80724 1.10351 18.21074 -6.87727 5.41637 3.15429 3.45821 -3.79587 4.37603 4.67880 -6.87283 3.54149 2.56899 3.71856 0.17618 -3.86737 0.71223 -6.07298 -5.10916 -0.22754 -1.99557 -2.66624 0.00000 0.00000 0.00000 48.40355 46.60909 -112.01472 29.58971 -16.92556 -58.78867 0.00000 -15.41980 0.00000 6.44390 -2.92633 -24.32353 -7.12502 -0.00000 0.00000 -14.53790 12.04949 6.16580 0.00000 0.00000 0.00000 100.18500 24.24959 -25.15017 -35.26270 -35.56628 90.52387 -0.00000 -9.91969 -0.00000 -18.26692 18.18029 316.61202 7.12502 -0.00000 -0.00000 0.83676 -0.50893 283.69372
-0.02378 0.87268 0.11791 -359.93809 0.73139 1005.43010 -0.00000 0.00000 -0.00000 1431.68622 -33.13466 1078.82473 -12.03186 49.84591 25.55652 -3.21694 -26.56994 -12.11406 -5.65277 -37.81095 -16.40563 -0.00000 0.00000 -0.00000 1.02005 -10.48648 0.52352 4.96275 35.86315 -15.25491 -359.73096 -29.96439 -354.02723 1.58476 21.60992 -8.28973 5.62536 3.48409 5.05128 -5.01089 4.52879 6.84165 -8.21519 4.06751 3.71476 3.36215 2.42732 -5.77605 1.91546 -6.63028 -7.49499 0.40770 -2.53768 -3.88972 -0.00000 0.00000 0.00000 34.29248 49.15643 -102.25647 27.11187 -13.45078 -52.12446 0.00000 -4.95269 0.00000 9.17455 -3.24439 -19.31122 -7.12502 -0.00000 0.00000 -13.38905 9.28820 10.86022 -0.00000 0.00000 0.00000 94.14521 20.56824 -17.55126 -34.83181 -30.30542 81.60869 -0.00000 -8.76418 -0.00000 -10.87398 15.46595 305.76796 7.12502 -0.00000 -0.00000 5.68861 -4.84924 274.68107
-0.01778 0.86707 0.10756 -361.12877 -0.91890 1003.80304 -0.00000 0.00000 -0.00000 1432.41209 -32.17487 1081.13973 -12.16931 50.03015 25.73610 -2.94134 -27.35280 -11.48825 -6.57980 -40.14753 -17.87900 -0.00000 0.00000 -0.00000 -2.50449 -12.34875 -2.84000 5.45771 37.28020 -16.08555 -357.21466 -24.10540 -348.74046 1.02346 17.56675 -6.61664 4.19392 4.41660 5.42309 -5.76344 4.68510 7.31927 -8.27512 3.72254 3.90359 2.54555 3.49745 -6.05657 2.26032 -5.13749 -7.85713 0.64694 -2.18706 -4.03708 0.00000 0.00000 0.00000 11.67011 55.57927 -87.09876 25.18431 -11.22196 -47.48006 0.00000 5.55618 -0.00000 8.43715 -2.05088 -13.56431 -7.12502 -0.00000 0.00000 -15.13157 8.38815 16.65458 0.00000 0.00000 0.00000 88.97709 19.18878 -8.31008 -33.15740 -24.11606 71.32133 -0.00000 -1.33247 -0.00000 -7.29744 13.51665 298.71794 7.12502 -0.00000 -0.00000 -7.95869 7.39533 452.36517
-0.01356 0.86673 0.09906 -361.63340 -1.02433 1002.87701 -0.00000 0.00000 -0.00000 1432.43126 -31.24855 1080.28077 -11.77963 49.50201 25.22567 -2.59378 -27.67123 -10.73566 -6.97802 -41.06788 -18.49080 -0.00000 0.00000 -0.00000 -2.68728 -12.76270 -4.32369 5.32182 36.90149 -15.86022 -356.72693 -23.18638 -347.48484 0.66719 14.28906 -5.31900 3.68586 3.64924 4.93760 -5.52858 5.00462 6.64784 -7.63744 4.26076 3.55516 2.15205 3.04959 -5.48282 0.67422 -4.38089 -7.20218 0.13730 -1.91295 -3.64916 0.00000 0.00000 -0.00000 -5.79358 58.58563 -72.91925 24.55085 -10.56061 -46.02710 0.00000 4.37300 -0.00000 14.34346 -2.42461 -9.39416 -7.12502 -0.00000 0.00000 -10.54061 4.88469 20.41016 0.00000 0.00000 -0.00000 86.13187 18.87959 -1.38197 -31.53083 -20.36510 64.92969 -0.00000 -1.64830 -0.00000 -6.97898 13.38594 297.86797 7.12502 -0.00000 -0.00000 -8.24924 7.45374 453.17827
-0.00955 0.87075 0.09427 -361.99192 0.33750 1001.81425 -0.00000 0.00000 -0.00000 1433.04500 -30.05574 1078.25142 -11.16027 48.62434 24.40582 -2.54971 -27.86301 -10.64265 -6.61524 -40.23132 -17.93392 -0.00000 0.00000 -0.00000 -0.55109 -13.21468 -3.69670 5.17824 36.49303 -15.61996 -357.02111 -23.36160 -348.21720 0.37810 10.82261 -3.98986 4.92333 2.89611 3.96715 -4.70299 5.25759 5.33947 -7.44512 4.76921 2.95212 1.84692 2.66220 -4.34949 -0.87980 -5.04383 -5.79305 -0.34569 -2.09969 -2.90787 0.00000 0.00000 -0.00000 -8.61229 59.29369 -69.17856 24.41735 -10.42526 -45.72484 0.00000 -0.85132 0.00000 20.26807 -2.87229 -7.72767 -7.12502 -0.00000 0.00000 -5.41423 2.33180 21.76717 0.00000 0.00000 -0.00000 84.87281 20.07921 2.95632 -30.92364 -19.19842 62.88490 -0.00000 -0.72102 -0.00000 -7.34800 12.47349 300.83911 7.12502 -0.00000 -0.00000 8.38357 -8.18743 630.98108
-0.00735 0.87281 0.08849 -361.78498 0.40632 1000.12093 -0.00000 0.00000 -0.00000 1433.15659 -29.25970 1077.78426 -10.58727 47.76731 23.63716 -2.39914 -28.45920 -10.33367 -6.46800 -39.88072 -17.70513 -0.00000 0.00000 -0.00000 0.51015 -13.69615 -1.52651 5.20798 36.57836 -15.66992 -356.53830 -23.75694 -347.10032 0.37282 10.74799 -3.96164 4.45595 2.20991 3.28117 -4.59478 4.96984 4.40210 -7.08829 4.63840 2.44800 2.21232 2.94978 -3.54898 -1.15615 -5.42134 -4.71826 -0.52648 -2.28316 -2.37237 0.00000 0.00000 -0.00000 -8.48102 60.30157 -66.67894 24.75656 -10.77187 -46.49548 0.00000 -1.21505 0.00000 18.30181 -3.30578 -9.88974 -7.12502 -0.00000 0.00000 -6.95559 3.31808 19.61911 0.00000 0.00000 -0.00000 84.77367 22.42375 5.26922 -30.75352 -18.88805 62.33497 -0.00000 1.94509 0.00000 -10.12249 14.65780 305.20425 7.12502 -0.00000 -0.00000 6.45280 -5.56221 634.40379
-0.00615 0.87799 0.08230 -361.72415 -0.10647 998.43243 -0.00000 0.00000 -0.00000 1433.13360 -27.69373 1078.36752 -9.43702 45.89963 22.06037 -2.15927 -28.64546 -9.83203 -6.36773 -39.63811 -17.54834 -0.00000 0.00000 -0.00000 0.96287 -13.63914 0.04763 4.99311 35.95316 -15.30668 -356.38981 -23.77391 -346.75198 0.39024 10.99218 -4.05403 2.52976 1.56936 2.55797 -4.30682 5.07481 3.42023 -5.69622 4.79607 1.86496 1.65192 1.60964 -2.69478 -0.26169 -4.87303 -3.58080 -0.23461 -1.81650 -1.81958 -0.00000 0.00000 0.00000 -11.98256 60.52529 -61.44402 25.42770 -11.48479 -48.04702 0.00000 -0.48559 0.00000 15.95155 -3.62307 -12.46661 -7.12502 -0.00000 0.00000 -8.71112 4.64764 17.12868 -0.00000 0.00000 0.00000 83.43058 25.78832 7.59637 -30.75426 -18.88938 62.33733 -0.00000 2.48578 0.00000 -11.46095 15.09657 307.89868 7.12502 -0.00000 -0.00000 5.82788 -4.61275 636.76492
-0.00460 0.88321 0.07869 -361.59428 0.05540 996.76977 -0.00000 0.00000 -0.00000 1433.53411 -26.44040 1078.65804 -8.53924 44.28447 20.79290 -1.90269 -28.83057 -9.29814 -6.34396 -39.58013 -17.51106 -0.00000 0.00000 -0.00000 1.57629 -13.89206 0.50803 4.67129 34.97691 -14.75203 -356.46711 -23.32252 -346.87651 0.30224 9.69189 -3.56389 2.02920 1.03650 1.86876 -4.05709 5.04329 2.49502 -5.19312 4.91401 1.37639 1.62964 0.06221 -1.86687 0.41784 -4.01713 -2.48224 -0.08752 -1.25554 -1.27992 -0.00000 0.00000 -0.00000 -16.51563 60.52262 -55.60431 26.07945 -12.21393 -49.59124 0.00000 0.06083 -0.00000 16.51029 -3.91219 -12.96259 -7.12502 -0.00000 0.00000 -8.15108 4.44865 16.56253 -0.00000 0.00000 -0.00000 81.84203 29.37411 9.24310 -30.83627 -19.03818 62.60132 -0.00000 1.96452 0.00000 -11.04764 12.99836 310.95942 7.12502 -0.00000 -0.00000 7.58167 -5.29389 640.27102
-0.00384 0.88675 0.07484 -361.09872 -0.18194 994.58470 -0.00000 0.00000 -0.00000 1433.61223 -25.59690 1079.08475 -7.84339 42.92138 19.78400 -1.34392 -29.10078 -8.13384 -6.50181 -39.96181 -17.75781 -0.00000 0.00000 -0.00000 2.18135 -14.38925 2.65103 4.53353 34.54339 -14.51041 -356.86938 -23.75387 -347.88752 0.30322 9.70727 -3.56967 1.00630 0.46125 1.39367 -3.92774 4.47994 1.87499 -4.51336 4.53671 1.01231 1.79592 -0.20608 -1.14414 0.61353 -3.70953 -1.51690 -0.08045 -1.10790 -0.79993 0.00000 0.00000 -0.00000 -23.96811 60.61778 -47.26779 26.77775 -13.03885 -51.29194 0.00000 0.77652 -0.00000 17.16184 -4.12983 -13.12667 -7.12502 -0.00000 0.00000 -7.55688 4.16012 16.32876 0.00000 0.00000 -0.00000 80.01310 33.89594 9.52074 -30.95910 -19.26396 63.00070 -0.00000 1.31993 0.00000 -11.26062 11.62965 314.64542 7.12502 -0.00000 -0.00000 8.63455 -5.20336 644.15309
-0.00323 0.89015 0.07146 -360.79825 -0.29136 991.86691 -0.00000 0.00000 -0.00000 1433.91177 -24.29471 1079.69662 -7.13137 41.41040 18.72343 -0.70639 -29.46294 -6.82142 -6.50525 -39.97004 -17.76317 -0.00000 0.00000 -0.00000 3.12624 -14.70733 5.33176 4.41413 34.15958 -14.29880 -357.10351 -23.41224 -348.42217 0.48753 12.26094 -4.53675 0.41704 0.04441 1.33028 -4.08399 4.26745 1.80586 -4.34074 4.53009 0.95411 2.48197 -1.52978 -0.42546 0.96495 -3.18937 -0.59863 -0.10679 -0.72140 -0.34778 -0.00000 0.00000 -0.00000 -31.06230 59.71432 -39.25427 27.51688 -13.96613 -53.15155 0.00000 1.35704 -0.00000 17.81581 -4.79829 -14.58960 -7.12502 -0.00000 0.00000 -6.77843 3.97836 14.72770 -0.00000 0.00000 -0.00000 78.32762 37.88739 10.20697 -31.00987 -19.35834 63.16725 -0.00000 1.88127 0.00000 -10.89263 9.38914 319.71018 7.12502 -0.00000 -0.00000 10.64660 -5.11271 649.63670
-0.00329 0.89367 0.06875 -360.11731 -0.57030 988.93258 -0.00000 0.00000 -0.00000 1433.79819 -23.19068 1080.03510 -6.49520 39.94597 17.74751 0.22854 -30.12288 -4.94991 -6.07325 -38.90688 -17.08314 -0.00000 0.00000 -0.00000 4.12128 -15.24624 8.71117 4.30878 33.81451 -14.11036 -357.38985 -22.82475 -349.08360 0.75637 15.18571 -5.66956 -0.16131 -0.68551 1.45750 -4.31862 3.88925 2.00427 -4.23122 4.55289 1.03191 3.91216 -2.67311 0.04583 0.58801 -2.87000 -0.05969 -0.45980 -0.43571 -0.08781 0.00000 0.00000 0.00000 -38.98961 58.60934 -30.78881 28.17666 -14.84608 -54.87115 0.00000 1.64286 -0.00000 18.64618 -6.00700 -17.23045 -7.12502 -0.00000 0.00000 -5.66119 3.71391 11.83799 0.00000 0.00000 0.00000 77.46342 41.90013 9.83241 -31.10107 -19.52945 63.46858 -0.00000 2.53429 0.00000 -10.05124 7.08356 325.17271 7.12502 -0.00000 -0.00000 12.99122 -4.67000 655.56201
-0.00345 0.89725 0.06655 -359.34901 -0.87732 986.08167 -0.00000 0.00000 -0.00000 1433.50112 -22.10434 1079.94134 -5.99071 38.69670 16.95142 1.14238 -30.99788 -3.22999 -5.64713 -37.79580 -16.39642 -0.00000 0.00000 -0.00000 5.19756 -15.54563 12.47693 4.17675 33.37310 -13.87173 -357.93375 -22.93372 -350.46212 0.97732 17.18267 -6.46216 -1.00419 -1.54914 1.54268 -4.18065 3.45114 2.16045 -3.58063 4.55747 1.07546 4.89000 -5.01523 0.35986 0.36569 -0.70405 0.16115 -0.69290 0.62048 0.06106 -0.00000 0.00000 0.00000 -49.17470 56.95307 -21.21230 28.64201 -15.49949 -56.12271 0.00000 2.06445 -0.00000 19.67245 -7.43885 -19.90728 -7.12502 -0.00000 0.00000 -4.35235 3.18928 8.83378 -0.00000 0.00000 0.00000 77.57857 45.84234 8.04261 -31.17429 -19.66836 63.71266 -0.00000 2.93550 0.00000 -10.72646 6.09311 330.73656 7.12502 -0.00000 -0.00000 13.33598 -3.37951 661.03520
-0.00418 0.90016 0.06456 -358.94205 -1.04307 983.62907 -0.00000 0.00000 -0.00000 1433.16205 -20.62508 1079.44137 -5.49807 37.39124 16.15209 2.32505 -31.32480 -0.84955 -5.36391 -37.01961 -15.93023 -0.00000 0.00000 -0.00000 5.86998 -15.82455 14.49753 4.08050 33.04483 -13.69599 -358.23217 -23.58110 -351.21992 1.12364 18.36849 -6.94142 -1.78782 -2.14333 1.56505 -3.91684 3.11263 2.22920 -2.84708 4.50287 1.07860 6.12292 -8.17319 0.14604 0.00959 2.68653 -0.47172 -1.07680 2.26076 -0.17583 -0.00000 0.00000 -0.00000 -59.16818 54.69912 -12.23860 28.81040 -15.74315 -56.58434 0.00000 1.50006 -0.00000 20.39980 -8.70303 -22.14007 -7.12502 -0.00000 0.00000 -3.36011 2.69542 6.30641 -0.00000 0.00000 -0.00000 79.70070 49.09154 4.77893 -31.11172 -19.54958 63.50399 -0.00000 3.68987 0.00000 -11.69691 5.80620 333.95824 7.12502 -0.00000 -0.00000 12.81324 -2.51668 664.07263
-0.00588 0.90185 0.06343 -358.72266 -1.08276 981.90017 -0.00000 0.00000 -0.00000 1432.73270 -19.04981 1078.33792 -5.11455 36.30900 15.51263 3.06275 -30.39257 1.07289 -4.88899 -35.64269 -15.12867 -0.00000 0.00000 -0.00000 6.03898 -16.14507 14.67737 3.98637 32.71832 -13.52261 -359.21024 -24.31675 -353.63641 1.54919 21.38142 -8.19267 -1.99789 -2.87059 1.39149 -3.70193 2.85790 2.02929 -2.51113 4.62734 0.97129 6.25907 -9.16860 -0.26589 1.03543 4.06203 -1.21156 -0.83615 2.88915 -0.47347 0.00000 0.00000 -0.00000 -68.00675 51.78386 -4.43515 28.47751 -15.26523 -55.67635 0.00000 0.14867 -0.00000 21.00624 -9.94094 -24.20762 -7.12502 -0.00000 0.00000 -2.49154 2.17186 3.94623 0.00000 0.00000 -0.00000 82.00045 52.19620 1.79798 -30.77676 -18.93005 62.40954 -0.00000 4.44352 0.00000 -11.61751 6.01439 332.99440 7.12502 -0.00000 -0.00000 12.74836 -2.72923 663.11494
-0.00808 0.90296 0.06239 -358.87343 -1.39857 980.40141 -0.00000 0.00000 -0.00000 1432.02444 -17.37951 1077.43591 -4.82833 35.45950 15.02434 4.40977 -29.68580 4.40089 -4.40057 -34.11551 -14.27464 -0.00000 0.00000 -0.00000 5.67724 -16.45236 14.16481 3.89568 32.39843 -13.35410 -360.63308 -23.79644 -357.42540 2.24030 25.35935 -9.93375 -2.31926 -3.61468 1.14947 -3.59373 3.05534 1.76069 -2.22749 5.23731 0.82120 6.11684 -9.33433 -0.50458 2.37900 3.83839 -1.62848 -0.40004 2.83958 -0.64835 -0.00000 0.00000 -0.00000 -73.65448 48.38675 -0.42238 27.49978 -13.94401 -53.10779 0.00000 -0.93260 0.00000 21.20233 -10.25366 -24.64911 -7.12502 -0.00000 0.00000 -2.25142 1.99861 3.42461 -0.00000 0.00000 -0.00000 83.19767 54.53028 0.84041 -30.24444 -17.99717 60.74072 -0.00000 5.92441 0.00000 -10.04627 5.70473 330.70383 7.12502 -0.00000 -0.00000 14.07229 -3.53875 661.16691
-0.00952 0.90389 0.06011 -358.94015 -1.56331 978.73759 -0.00000 0.00000 -0.00000 1431.93207 -16.22065 1077.52251 -4.59901 34.75066 14.62558 5.52749 -29.73302 6.92891 -4.30608 -33.80558 -14.10550 -0.00000 0.00000 -0.00000 5.84602 -17.03795 14.25373 3.88839 32.37246 -13.34048 -360.79301 -22.69450 -358.15768 2.26524 25.48763 -9.99187 -2.85212 -3.73828 1.05754 -3.31924 2.93470 1.66265 -1.65247 5.15572 0.75023 6.13462 -8.97249 -0.55026 3.17024 3.45290 -1.71369 -0.14486 2.64405 -0.68594 -0.00000 0.00000 0.00000 -77.96404 45.26292 2.10483 26.20132 -12.35453 -49.88444 0.00000 -0.23324 0.00000 19.51728 -9.13557 -24.12887 -7.12502 -0.00000 0.00000 -3.72706 3.20926 4.32406 -0.00000 0.00000 0.00000 85.49563 55.22081 -0.74211 -29.64376 -17.01115 58.94610 -0.00000 10.05650 0.00000 -9.64338 5.55786 330.31719 7.12502 -0.00000 -0.00000 14.44668 -3.71810 660.87141
-0.01074 0.90488 0.05769 -358.88340 -1.57800 977.17208 -0.00000 0.00000 -0.00000 1431.89236 -15.21976 1077.24576 -4.43368 34.22295 14.33359 6.67968 -30.18641 9.26305 -4.23343 -33.56382 -13.97450 -0.00000 0.00000 -0.00000 6.63775 -16.97243 16.01572 3.91814 32.47815 -13.39597 -360.86436 -22.76684 -358.33862 2.22249 25.26724 -9.89211 -2.71106 -3.72085 1.08384 -3.29155 2.61938 1.67803 -1.70662 4.81866 0.76797 6.35904 -8.70268 -0.43743 3.88351 3.75871 -1.64442 0.05131 2.70428 -0.62282 0.00000 0.00000 -0.00000 -80.70543 42.74532 3.62714 24.59182 -10.60242 -46.12012 0.00000 1.91569 -0.00000 17.99307 -8.78245 -25.17838 -7.12502 -0.00000 0.00000 -4.77339 4.23842 3.48914 0.00000 0.00000 -0.00000 89.18882 54.48404 -2.92562 -28.81609 -15.75146 56.60003 -0.00000 14.47970 0.00000 -12.33063 6.42300 332.89855 7.12502 -0.00000 -0.00000 11.96640 -2.61443 662.85406
-0.01251 0.90514 0.05517 -359.00411 -1.38202 976.04793 -0.00000 0.00000 -0.00000 1431.88996 -13.92921 1076.55355 -4.30454 33.80047 14.10273 7.75505 -31.06568 11.03270 -3.96047 -32.62749 -13.47463 -0.00000 0.00000 -0.00000 7.47334 -16.46947 17.52654 3.94515 32.57357 -13.44620 -360.96056 -23.06458 -358.52168 2.22174 25.26336 -9.89035 -2.24318 -4.02113 1.01169 -3.17687 2.50481 1.56617 -1.85930 4.87721 0.72945 6.47899 -8.17388 -0.24933 4.26238 4.04350 -1.41127 0.16902 2.70823 -0.49197 -0.00000 0.00000 -0.00000 -82.68109 41.09350 4.63522 22.86288 -8.94488 -42.29505 0.00000 4.48800 -0.00000 18.47675 -9.31277 -25.84060 -7.12502 -0.00000 0.00000 -4.24403 3.87355 2.68714 -0.00000 0.00000 -0.00000 92.84228 52.72792 -5.09836 -27.88575 -14.45166 54.10545 -0.00000 18.62390 0.00000 -14.24392 7.42562 333.01908 7.12502 -0.00000 -0.00000 9.93181 -2.21506 662.55249
-0.01418 0.90518 0.05326 -359.37467 -1.55566 975.15547 -0.00000 0.00000 -0.00000 1431.41725 -12.48517 1075.99828 -4.14519 33.26607 13.81427 8.82541 -31.97569 12.65315 -3.89617 -32.40017 -13.35501 -0.00000 0.00000 -0.00000 7.47706 -16.34223 17.83612 4.00004 32.76610 -13.54790 -360.75914 -22.71183 -358.05731 2.14712 24.87213 -9.71423 -2.05661 -4.16766 0.87507 -3.16021 2.41868 1.37659 -1.96764 4.87160 0.64264 6.52580 -7.83902 0.07562 4.43054 4.66811 -1.00624 0.24016 2.86510 -0.26599 -0.00000 0.00000 0.00000 -84.33233 40.55602 5.83134 21.40757 -7.70386 -39.21249 0.00000 5.28180 -0.00000 18.67404 -9.25051 -25.43711 -7.12502 -0.00000 0.00000 -4.16398 3.74789 3.08100 -0.00000 0.00000 0.00000 96.15247 50.52070 -7.27276 -27.17628 -13.53154 52.28645 -0.00000 19.98260 0.00000 -15.05859 8.06337 332.46449 7.12502 -0.00000 -0.00000 8.95367 -2.12014 661.78601
-0.01599 0.90483 0.05180 -359.57173 -1.40134 974.41934 -0.00000 0.00000 -0.00000 1431.46610 -11.44395 1075.79313 -4.04145 32.91005 13.62425 9.51853 -32.76341 13.48105 -3.78270 -31.99231 -13.14204 -0.00000 0.00000 -0.00000 7.87086 -16.00172 18.48896 4.03584 32.89060 -13.61392 -360.77576 -22.87815 -358.05824 2.07014 24.45948 -9.52977 -1.30991 -4.64694 0.76690 -3.10105 2.43182 1.20632 -2.34144 5.16896 0.58499 6.60946 -7.29655 0.31284 4.34068 4.88457 -0.65682 0.21922 2.84011 -0.09302 0.00000 0.00000 0.00000 -85.26883 41.38866 6.59961 20.11772 -6.70801 -36.56533 0.00000 3.46219 -0.00000 18.77946 -8.88933 -24.43954 -7.12502 -0.00000 0.00000 -4.27407 3.70779 4.13057 0.00000 0.00000 0.00000 98.51756 48.30203 -8.86918 -26.66792 -12.90593 51.02102 -0.00000 17.72360 0.00000 -14.37963 7.83713 331.99316 7.12502 -0.00000 -0.00000 9.59739 -2.33620 661.44615
-0.01707 0.90426 0.05041 -359.80906 -1.20910 973.89513 -0.00000 0.00000 -0.00000 1431.59762 -10.54977 1075.68238 -3.96338 32.63773 13.48003 9.92315 -33.75817 13.50898 -4.06634 -32.99607 -13.67001 -0.00000 0.00000 -0.00000 8.26853 -15.59069 19.07574 4.08381 33.05624 -13.70207 -360.66227 -23.20822 -357.65512 2.24759 25.39693 -9.95076 -0.74581 -4.82107 0.64317 -2.95255 2.42368 1.00713 -2.52808 5.26033 0.50667 6.56921 -6.68109 0.62769 4.22398 4.95629 -0.17159 0.21815 2.75359 0.13887 0.00000 0.00000 0.00000 -85.78950 43.61181 6.80993 18.87356 -5.83167 -34.07553 0.00000 -1.01656 0.00000 18.67287 -8.17868 -22.82852 -7.12502 -0.00000 0.00000 -4.67004 3.80995 5.87438 0.00000 0.00000 0.00000 99.35805 46.70900 -9.52102 -26.17215 -12.32074 49.81412 -0.00000 13.63860 0.00000 -11.63914 6.74208 330.31895 7.12502 -0.00000 -0.00000 12.26442 -3.24861 660.38912
-0.01777 0.90395 0.04950 -360.03340 -1.23929 973.61753 -0.00000 0.00000 -0.00000 1431.55180 -10.03702 1075.83521 -3.90520 32.43226 13.37186 9.93700 -34.38441 13.04723 -4.22934 -33.55014 -13.96711 -0.00000 0.00000 -0.00000 8.29130 -15.45175 19.19681 4.14162 33.25394 -13.80777 -360.51756 -23.35897 -357.22161 2.28299 25.57831 -10.03303 -0.22593 -4.78858 0.59854 -3.00036 2.24478 0.91111 -2.88428 5.06045 0.47770 6.46057 -5.98578 0.85436 4.32806 5.04610 0.18775 0.28968 2.65700 0.31193 -0.00000 0.00000 0.00000 -85.92856 46.47945 6.81660 17.59211 -5.00881 -31.56683 0.00000 -4.19798 0.00000 17.86240 -7.13292 -21.07202 -7.12502 -0.00000 0.00000 -5.67277 4.31163 7.87948 -0.00000 0.00000 0.00000 99.73506 45.12749 -9.97105 -25.70691 -11.79254 48.70378 -0.00000 10.89790 0.00000 -6.22323 3.91985 327.91617 7.12502 -0.00000 -0.00000 17.82552 -5.15811 659.37945
-0.01837 0.90337 0.04889 -360.20452 -1.13303 973.18002 -0.00000 0.00000 -0.00000 1431.73538 -9.70062 1076.30951 -3.87221 32.31477 13.31024 9.99130 -34.90113 12.76105 -4.57543 -34.67628 -14.58418 -0.00000 0.00000 -0.00000 8.69685 -14.95440 20.34607 4.19721 33.44215 -13.90888 -360.65095 -23.88935 -357.44969 2.39216 26.12663 -10.28339 0.37025 -4.78536 0.67386 -3.03778 2.06819 0.97216 -3.25341 4.88855 0.52735 6.70554 -5.56117 1.10709 4.30113 5.40937 0.51597 0.25812 2.70598 0.48455 0.00000 0.00000 0.00000 -85.53189 49.30131 6.25757 16.31131 -4.26166 -29.10798 0.00000 -5.83757 0.00000 16.77878 -5.78936 -18.49769 -7.12502 -0.00000 0.00000 -7.04965 4.82952 10.75276 0.00000 0.00000 0.00000 99.11969 44.56546 -9.54851 -24.90010 -10.92126 46.82423 -0.00000 8.91563 0.00000 -1.21996 0.83567 325.59390 7.12502 -0.00000 -0.00000 23.12764 -7.23446 658.57215
-0.01929 0.90295 0.04906 -360.39087 -1.14119 972.57617 -0.00000 0.00000 -0.00000 1431.78083 -9.39694 1076.98317 -3.84682 32.22386 13.26269 9.94325 -35.62099 12.14007 -4.42002 -34.17870 -14.30929 -0.00000 0.00000 -0.00000 8.72579 -14.97627 20.53481 4.24016 33.58634 -13.98667 -360.45417 -23.51298 -357.01334 2.38708 26.10148 -10.27185 0.72349 -5.08569 0.76841 -2.92060 2.06941 1.07708 -3.31570 5.07129 0.59246 6.79335 -5.37325 1.28627 3.95651 5.81921 0.76888 0.14808 2.81508 0.61563 0.00000 0.00000 0.00000 -85.43203 50.05169 5.11810 15.43118 -3.78940 -27.44295 0.00000 -9.39628 0.00000 16.64137 -4.37453 -14.31571 -7.12502 -0.00000 0.00000 -7.84141 4.53460 15.14095 0.00000 0.00000 0.00000 97.24483 45.40555 -8.37484 -23.87601 -9.89020 44.51233 -0.00000 4.30759 0.00000 2.90396 -2.26586 322.06744 7.12502 -0.00000 -0.00000 27.51195 -9.91661 656.70339
-0.02018 0.90256 0.04926 -360.69222 -1.42502 972.03858 -0.00000 0.00000 -0.00000 1431.46743 -9.05513 1077.60357 -3.80711 32.08079 13.18807 9.66371 -35.63735 11.59868 -4.20929 -33.48283 -13.93080 -0.00000 0.00000 -0.00000 8.27314 -15.22325 20.11572 4.29664 33.77432 -14.08852 -360.16776 -22.86723 -356.37475 2.33094 25.82117 -10.14361 0.71412 -5.43294 0.82333 -2.97268 2.21530 1.15809 -3.35150 5.42821 0.63705 6.99411 -5.30955 1.53868 3.85227 5.92687 1.09412 0.10041 2.84714 0.78059 0.00000 0.00000 -0.00000 -84.91751 49.03681 3.72652 14.95573 -3.54768 -26.55105 0.00000 -11.84270 0.00000 16.37529 -4.05227 -13.52211 -7.12502 -0.00000 0.00000 -8.18990 4.57692 15.99395 0.00000 0.00000 -0.00000 94.89356 47.19387 -6.45757 -22.88485 -8.96464 42.34246 -0.00000 -2.36997 -0.00000 6.37722 -5.54162 319.17196 7.12502 -0.00000 -0.00000 31.49392 -12.50297 655.53842
-0.02066 0.90215 0.04964 -361.08791 -1.75883 971.72557 -0.00000 0.00000 -0.00000 1430.98919 -8.71208 1077.90631 -3.78071 31.98508 13.13829 9.51877 -35.22506 11.61339 -4.06237 -32.98237 -13.66272 -0.00000 0.00000 -0.00000 7.73805 -15.17582 19.89784 4.33761 33.90955 -14.16209 -360.06393 -22.58412 -356.14400 2.28228 25.57470 -10.03140 0.59238 -5.38020 0.84447 -3.04608 2.27764 1.19706 -3.35463 5.46515 0.65300 7.05413 -5.14932 1.84655 3.88244 5.85477 1.51494 0.12374 2.79899 0.98658 0.00000 0.00000 -0.00000 -84.13702 49.74858 2.87526 14.81581 -3.47829 -26.28951 0.00000 -11.94190 0.00000 15.83524 -4.33837 -14.93336 -7.12502 -0.00000 0.00000 -8.44950 5.00303 14.58431 0.00000 0.00000 -0.00000 92.30660 49.73646 -4.48932 -22.03340 -8.22152 40.52453 -0.00000 -7.26196 -0.00000 8.09621 -7.10720 318.98462 7.12502 -0.00000 -0.00000 33.64834 -13.15485 656.12369
-0.02106 0.90190 0.05007 -361.27582 -1.39149 971.32392 -0.00000 0.00000 -0.00000 1431.38785 -8.48554 1078.29894 -3.80488 32.07274 13.18387 9.57644 -34.79143 12.03670 -3.71084 -31.72952 -13.00592 -0.00000 0.00000 -0.00000 8.14125 -14.87972 20.12054 4.32416 33.86527 -14.13797 -360.12307 -22.41881 -356.34068 2.18377 25.06532 -9.80105 1.11708 -5.22130 0.86022 -2.84761 2.31217 1.17495 -3.44730 5.41603 0.65960 6.78294 -4.68823 2.06526 4.07732 5.44420 1.88075 0.24402 2.57226 1.14797 0.00000 0.00000 0.00000 -83.44786 52.70710 2.83498 15.20824 -3.67491 -27.02410 0.00000 -11.83440 0.00000 14.87348 -4.33411 -15.88381 -7.12502 -0.00000 0.00000 -9.13158 5.60729 13.70564 0.00000 0.00000 0.00000 89.55836 53.17646 -2.81845 -21.50108 -7.77972 39.40730 -0.00000 -10.07040 -0.00000 8.89015 -7.68254 319.48111 7.12502 -0.00000 -0.00000 34.66602 -13.09324 656.86249
-0.02171 0.90186 0.05051 -361.59723 -1.54460 970.87495 -0.00000 0.00000 -0.00000 1431.21839 -8.17815 1078.83680 -3.78517 32.00128 13.14670 9.61867 -34.17905 12.57444 -3.45198 -30.75189 -12.50682 -0.00000 0.00000 -0.00000 7.99185 -14.56254 20.58507 4.33955 33.91593 -14.16557 -360.21410 -22.41253 -356.59683 2.02164 24.19458 -9.41204 1.10608 -5.14195 0.91630 -2.85701 2.28681 1.25019 -3.44182 5.34916 0.69546 7.05717 -4.32274 2.11981 3.68632 5.36078 2.00113 0.07295 2.48650 1.19635 -0.00000 0.00000 0.00000 -83.04300 56.61361 3.69039 15.90844 -4.04144 -28.34351 0.00000 -11.52900 0.00000 14.36951 -4.27928 -16.23881 -7.12502 -0.00000 0.00000 -9.50833 5.91533 13.39579 -0.00000 0.00000 0.00000 87.18167 56.14440 -1.25838 -21.15489 -7.50141 38.68811 -0.00000 -11.62810 -0.00000 9.55102 -8.24674 319.55313 7.12502 -0.00000 -0.00000 35.50062 -13.23609 657.20397
-0.02289 0.90147 0.05108 -361.78747 -1.74495 970.52499 -0.00000 0.00000 -0.00000 1430.99020 -7.90619 1079.31995 -3.74977 31.87233 13.07979 9.57828 -34.05878 12.58527 -3.26020 -29.99412 -12.12754 -0.00000 0.00000 -0.00000 7.73858 -14.40219 20.88220 4.35834 33.97761 -14.19921 -360.16673 -22.36506 -356.47372 1.98298 23.98059 -9.31733 1.18134 -5.30900 0.93658 -2.89237 2.22893 1.27337 -3.51728 5.38813 0.71018 7.06184 -4.29951 2.20111 3.53825 5.60126 2.10945 0.03311 2.56666 1.25513 -0.00000 0.00000 0.00000 -82.61794 59.13563 4.16686 16.35045 -4.28343 -29.18248 0.00000 -10.84810 0.00000 13.79648 -4.11011 -16.27144 -7.12502 -0.00000 0.00000 -9.99837 6.22022 13.42564 -0.00000 0.00000 0.00000 85.44783 58.29856 0.04117 -20.97254 -7.35758 38.31150 -0.00000 -12.65030 -0.00000 9.72551 -8.55013 319.05975 7.12502 -0.00000 -0.00000 35.71713 -13.59382 656.89833
-0.02422 0.90133 0.05174 -361.91961 -1.90989 970.24343 -0.00000 0.00000 -0.00000 1430.81250 -7.78745 1079.81306 -3.73909 31.83324 13.05955 9.49955 -34.10780 12.39152 -3.20668 -29.77717 -12.02012 -0.00000 0.00000 -0.00000 7.41244 -14.47435 20.64254 4.36126 33.98717 -14.20444 -360.01559 -22.00344 -356.11752 1.92332 23.64521 -9.16956 1.43184 -5.54492 0.98166 -3.02393 2.22237 1.32045 -3.78932 5.52935 0.74605 7.14805 -4.13863 2.28921 3.46241 5.48563 2.24743 -0.00185 2.50266 1.31769 0.00000 0.00000 0.00000 -81.70113 60.68649 3.86918 16.49822 -4.36620 -29.46406 0.00000 -10.89690 0.00000 13.12277 -3.98561 -16.60179 -7.12502 -0.00000 0.00000 -10.52292 6.62347 13.16162 0.00000 0.00000 0.00000 84.71377 59.72506 0.58774 -21.05639 -7.42348 38.48448 -0.00000 -12.50880 -0.00000 10.05185 -8.94829 318.73354 7.12502 -0.00000 -0.00000 36.13386 -13.88897 656.80067
-0.02493 0.90120 0.05208 -361.96344 -1.81756 970.12659 -0.00000 0.00000 -0.00000 1430.93922 -7.74375 1080.11865 -3.74501 31.85494 13.07078 9.37210 -34.07115 12.16529 -3.18609 -29.69306 -11.97861 -0.00000 0.00000 -0.00000 7.43790 -14.48621 20.47608 4.37298 34.02552 -14.22539 -359.94763 -21.83542 -355.95469 1.87022 23.34124 -9.03635 1.61710 -5.51037 0.93207 -3.00199 2.17191 1.23949 -3.88304 5.45450 0.71133 7.19839 -3.62125 2.37867 3.38805 4.88362 2.45070 -0.03841 2.21197 1.39189 0.00000 0.00000 -0.00000 -81.15646 61.22659 3.56991 16.38927 -4.30508 -29.25639 0.00000 -10.88330 0.00000 12.22874 -3.80868 -17.03945 -7.12502 -0.00000 0.00000 -11.21563 7.16936 12.81376 0.00000 0.00000 -0.00000 84.18450 60.72553 1.14914 -21.15734 -7.50334 38.69316 -0.00000 -11.49190 -0.00000 10.04787 -8.81442 319.14639 7.12502 -0.00000 -0.00000 36.12897 -13.62654 657.11330
-0.02511 0.90101 0.05233 -362.08014 -1.91648 969.75773 -0.00000 0.00000 -0.00000 1430.79005 -7.61917 1080.33768 -3.74216 31.84450 13.06537 9.47619 -34.22262 12.25920 -3.17145 -29.63303 -11.94903 -0.00000 0.00000 -0.00000 7.34629 -14.58345 20.58233 4.39505 34.09757 -14.26481 -359.89665 -21.63503 -355.84359 1.78287 22.82955 -8.81357 1.40102 -5.22859 0.89159 -2.97301 2.18013 1.19906 -3.73760 5.29333 0.68068 7.37726 -3.33286 2.46940 3.11301 4.19189 2.64504 -0.15981 1.94283 1.46027 0.00000 0.00000 0.00000 -81.07781 60.75871 3.39355 16.25165 -4.22862 -28.99453 0.00000 -10.41530 0.00000 11.61894 -3.80771 -17.89905 -7.12502 -0.00000 0.00000 -11.57950 7.64402 12.00871 0.00000 0.00000 0.00000 84.08640 61.13561 1.30332 -21.38109 -7.68247 39.15740 -0.00000 -11.13660 -0.00000 9.88497 -8.93454 318.29119 7.12502 -0.00000 -0.00000 35.91660 -14.12586 656.37927
-0.02535 0.90101 0.05281 -362.01682 -1.79628 969.31645 -0.00000 0.00000 -0.00000 1430.85783 -7.55551 1080.39725 -3.75473 31.89045 13.08918 9.72533 -34.50296 12.54100 -3.12882 -29.45714 -11.86258 -0.00000 0.00000 -0.00000 7.52398 -14.78114 20.67003 4.38863 34.07662 -14.25334 -359.81591 -21.29511 -355.66635 1.74347 22.59375 -8.71152 1.46969 -5.11212 0.87141 -2.88031 2.30257 1.16544 -3.68390 5.35203 0.66730 7.68737 -3.09452 2.47087 2.60273 3.37635 2.72599 -0.38301 1.65137 1.46739 -0.00000 0.00000 0.00000 -80.98487 60.07539 3.00341 16.12522 -4.15908 -28.75436 0.00000 -10.05820 0.00000 11.61981 -3.88918 -18.25502 -7.12502 -0.00000 0.00000 -11.51035 7.70280 11.64739 -0.00000 0.00000 0.00000 84.19767 60.77780 1.31437 -21.62827 -7.88375 39.67299 -0.00000 -10.31000 -0.00000 9.68366 -9.16101 316.98465 7.12502 -0.00000 -0.00000 35.64898 -14.88778 655.29125
-0.02590 0.90091 0.05324 -361.99683 -1.86907 968.85869 -0.00000 0.00000 -0.00000 1430.72615 -7.49533 1080.54987 -3.75663 31.89741 13.09279 9.93121 -34.66673 12.82073 -3.17259 -29.63772 -11.95134 -0.00000 0.00000 -0.00000 7.46479 -15.00095 20.72715 4.38539 34.06605 -14.24756 -359.69521 -20.99299 -355.35980 1.73351 22.53365 -8.68557 1.46833 -5.08738 0.88483 -2.92453 2.43866 1.18539 -3.72677 5.48342 0.68025 8.04862 -3.18214 2.48552 2.21868 2.91688 2.75944 -0.56811 1.53373 1.46761 0.00000 0.00000 -0.00000 -81.19115 59.25126 2.92232 16.11287 -4.15232 -28.73092 0.00000 -9.74669 0.00000 12.08887 -3.96859 -17.90771 -7.12502 -0.00000 0.00000 -11.17427 7.38556 11.94648 0.00000 0.00000 -0.00000 84.40511 59.79965 1.48366 -21.63927 -7.89278 39.69599 -0.00000 -9.08637 -0.00000 9.90586 -9.21871 317.46762 7.12502 -0.00000 -0.00000 35.94223 -14.65245 655.76601
-0.02685 0.90093 0.05361 -361.91704 -1.93710 968.37243 -0.00000 0.00000 -0.00000 1430.63339 -7.47798 1080.79301 -3.75230 31.88157 13.08458 10.11381 -34.79908 13.07594 -3.21462 -29.80952 -12.03610 -0.00000 0.00000 -0.00000 7.41660 -15.28550 20.72392 4.38148 34.05330 -14.24058 -359.53708 -20.60240 -354.94522 1.73643 22.55130 -8.69319 1.41415 -5.09476 0.87489 -2.89947 2.50409 1.17528 -3.67068 5.55370 0.67415 8.23790 -3.42305 2.63181 2.04658 2.83780 2.93115 -0.64639 1.56287 1.55176 -0.00000 0.00000 -0.00000 -82.09434 58.11423 3.46876 16.18426 -4.19146 -28.86645 0.00000 -9.32838 0.00000 12.68188 -4.19888 -18.02370 -7.12502 -0.00000 0.00000 -10.64342 7.07490 11.75965 -0.00000 0.00000 -0.00000 84.03696 58.89816 2.42139 -21.41210 -7.70753 39.22193 -0.00000 -8.66707 -0.00000 10.15864 -9.16575 318.36341 7.12502 -0.00000 -0.00000 36.27121 -14.15591 656.56777
-0.02796 0.90098 0.05392 -361.71742 -1.72793 967.90308 -0.00000 0.00000 -0.00000 1430.86739 -7.47495 1080.94841 -3.76386 31.92377 13.10645 10.33163 -35.03048 13.32084 -3.23447 -29.89011 -12.07598 -0.00000 0.00000 -0.00000 7.75640 -15.44933 20.88649 4.36003 33.98316 -14.20225 -359.50350 -20.40168 -354.86874 1.62358 21.85584 -8.39457 1.78145 -5.06117 0.91772 -2.89068 2.50359 1.20696 -3.86607 5.54502 0.70393 8.30139 -3.25979 2.76759 2.14502 2.48779 3.13335 -0.62512 1.42670 1.63950 0.00000 0.00000 0.00000 -82.52373 57.80657 3.84874 16.29435 -4.25225 -29.07572 0.00000 -9.63798 0.00000 13.48366 -4.32776 -17.46966 -7.12502 -0.00000 0.00000 -10.05652 6.55447 12.23262 0.00000 0.00000 0.00000 84.44405 58.17940 2.22095 -21.46245 -7.74833 39.32679 -0.00000 -8.64464 -0.00000 10.12081 -9.10991 318.42738 7.12502 -0.00000 -0.00000 36.22139 -14.10698 656.59471
-0.02859 0.90108 0.05407 -361.63002 -1.84027 967.38383 -0.00000 0.00000 -0.00000 1430.67614 -7.41613 1080.98577 -3.74999 31.87315 13.08021 10.66778 -35.26821 13.78307 -3.21894 -29.82707 -12.04478 -0.00000 0.00000 -0.00000 7.75035 -15.75296 21.05737 4.36415 33.99665 -14.20961 -359.43581 -20.08039 -354.70018 1.58927 21.63865 -8.30196 1.75330 -4.99616 0.97864 -2.93013 2.49160 1.29142 -3.88100 5.50236 0.74420 8.03956 -2.79805 2.67691 2.18076 1.88661 3.09942 -0.58469 1.14717 1.59674 -0.00000 0.00000 0.00000 -82.83456 57.75154 4.12169 16.38735 -4.30401 -29.25273 0.00000 -10.37140 0.00000 13.94228 -4.31020 -16.84283 -7.12502 -0.00000 0.00000 -9.77309 6.22152 12.82302 -0.00000 0.00000 0.00000 85.09786 57.67715 1.34821 -21.68996 -7.93454 39.80211 -0.00000 -8.58034 -0.00000 10.00341 -9.07903 318.18424 7.12502 -0.00000 -0.00000 36.06962 -14.22824 656.35399
-0.02923 0.90106 0.05425 -361.63715 -2.12522 966.96250 -0.00000 0.00000 -0.00000 1430.29142 -7.36598 1081.09818 -3.73027 31.80093 13.04282 10.97977 -35.38461 14.28720 -3.28122 -30.07863 -12.16952 -0.00000 0.00000 -0.00000 7.42190 -16.15544 20.85486 4.37663 34.03745 -14.23191 -359.22145 -19.54773 -354.09378 1.66082 22.08849 -8.49412 1.42049 -4.98082 0.94438 -2.94395 2.73986 1.26925 -3.70846 5.74489 0.72495 7.86027 -3.21129 2.63775 1.95820 1.49647 3.04300 -0.62526 1.09360 1.55661 -0.00000 0.00000 0.00000 -82.51447 57.19552 3.40428 16.32204 -4.26762 -29.12840 0.00000 -10.32780 0.00000 13.71927 -4.34741 -17.24987 -7.12502 -0.00000 0.00000 -9.89335 6.39641 12.43079 -0.00000 0.00000 0.00000 84.48472 57.65003 1.68236 -21.84185 -8.06058 40.12090 -0.00000 -8.75793 -0.00000 9.80630 -8.84845 318.33257 7.12502 -0.00000 -0.00000 35.81640 -14.07354 656.37844
-0.02971 0.90117 0.05444 -361.59417 -2.19302 966.60179 -0.00000 0.00000 -0.00000 1430.20893 -7.33849 1081.27735 -3.71398 31.74105 13.01188 11.15753 -35.48517 14.54523 -3.44914 -30.74088 -12.50126 -0.00000 0.00000 -0.00000 7.39540 -16.36670 20.90160 4.38840 34.07589 -14.25294 -359.11916 -19.33553 -353.79240 1.70249 22.34506 -8.60430 1.45954 -4.90030 0.95441 -3.02297 2.84431 1.28214 -3.81261 5.81311 0.73524 7.82485 -3.05168 2.59361 1.79870 0.98311 3.02806 -0.67828 0.90634 1.52943 0.00000 0.00000 -0.00000 -82.22052 57.09121 3.17719 16.33390 -4.27422 -29.15098 0.00000 -9.92742 0.00000 13.47876 -4.28412 -17.31051 -7.12502 -0.00000 0.00000 -10.08948 6.53511 12.39631 0.00000 0.00000 -0.00000 84.67894 57.39135 1.58078 -21.88994 -8.10077 40.22204 -0.00000 -8.82613 -0.00000 9.63749 -8.62663 318.54561 7.12502 -0.00000 -0.00000 35.59982 -13.89246 656.46006
-0.03008 0.90131 0.05457 -361.43718 -2.12879 966.43048 -0.00000 0.00000 -0.00000 1430.32308 -7.43785 1081.31537 -3.72057 31.76532 13.02441 11.25188 -35.64662 14.59538 -3.33487 -30.29271 -12.27622 -0.00000 0.00000 -0.00000 7.59016 -16.48050 21.08407 4.38516 34.06533 -14.24716 -359.17497 -19.33240 -353.96439 1.63165 21.90650 -8.41622 1.55788 -4.67867 0.88925 -3.00541 2.79341 1.18672 -3.86497 5.62729 0.68884 7.77616 -3.30933 2.69461 1.74720 1.12405 3.13677 -0.67828 0.99785 1.59008 0.00000 0.00000 -0.00000 -82.21899 57.37915 3.53925 16.46254 -4.34612 -29.39601 0.00000 -9.74127 0.00000 13.38870 -4.16546 -16.97037 -7.12502 -0.00000 0.00000 -10.22792 6.53566 12.75503 0.00000 0.00000 -0.00000 85.01920 57.13621 1.29200 -21.89772 -8.10730 40.23844 -0.00000 -8.68788 -0.00000 9.54242 -8.52233 318.60163 7.12502 -0.00000 -0.00000 35.47915 -13.82730 656.46275
-0.03063 0.90140 0.05463 -361.18056 -1.92169 966.39664 -0.00000 0.00000 -0.00000 1430.64563 -7.64174 1081.31354 -3.75277 31.88331 13.08548 11.13562 -35.75059 14.29443 -3.26926 -30.03059 -12.14565 -0.00000 0.00000 -0.00000 7.93865 -16.47868 21.30482 4.35600 33.96995 -14.19504 -359.22307 -19.44533 -354.10552 1.63415 21.92221 -8.42294 1.90777 -4.55439 0.83073 -2.96834 2.72206 1.08452 -4.03939 5.48026 0.64919 7.55125 -3.25645 2.66659 1.82220 0.98346 3.11932 -0.61976 0.93767 1.57663 0.00000 0.00000 -0.00000 -82.26234 57.67324 3.87936 16.51075 -4.37326 -29.48796 0.00000 -9.57553 0.00000 13.36256 -4.21186 -17.18080 -7.12502 -0.00000 0.00000 -10.21288 6.57981 12.54252 0.00000 0.00000 -0.00000 85.27224 57.02120 1.07665 -21.93433 -8.13800 40.31554 -0.00000 -8.41999 -0.00000 9.66201 -8.61017 318.67307 7.12502 -0.00000 -0.00000 35.63273 -13.81897 656.57054
-0.03137 0.90155 0.05462 -360.99067 -1.96964 966.44754 -0.00000 0.00000 -0.00000 1430.67139 -7.83583 1081.32602 -3.75719 31.89942 13.09383 11.10883 -35.76540 14.23246 -3.23172 -29.87899 -12.07047 -0.00000 0.00000 -0.00000 7.92380 -16.66812 21.21832 4.35353 33.96185 -14.19061 -359.21082 -19.36136 -354.07320 1.60065 21.71099 -8.33278 1.79096 -4.61924 0.67157 -2.82009 2.77097 0.87448 -3.84371 5.54572 0.54026 7.15404 -3.34734 2.55436 1.66700 0.71396 2.99932 -0.60677 0.86041 1.50856 0.00000 0.00000 -0.00000 -82.11576 57.81162 3.54569 16.48246 -4.35732 -29.43399 0.00000 -9.84704 0.00000 13.13578 -4.16736 -17.29658 -7.12502 -0.00000 0.00000 -10.38730 6.71918 12.45004 0.00000 0.00000 -0.00000 84.90277 57.36273 1.09199 -22.06782 -8.25068 40.59728 -0.00000 -8.21139 -0.00000 9.72242 -8.66657 318.66948 7.12502 -0.00000 -0.00000 35.71045 -13.83763 656.59701
-0.03211 0.90160 0.05452 -360.91781 -1.95135 966.45012 -0.00000 0.00000 -0.00000 1430.72367 -7.87832 1081.39216 -3.75736 31.90006 13.09416 11.12518 -35.68723 14.32444 -3.25988 -29.99283 -12.12690 -0.00000 0.00000 -0.00000 7.95412 -16.75267 21.12444 4.36123 33.98708 -14.20439 -359.20599 -19.31900 -354.06093 1.49256 21.01108 -8.03603 1.91377 -4.47463 0.68999 -2.87104 2.77465 0.89292 -3.96539 5.47190 0.55361 6.93914 -3.50657 2.11238 1.61775 0.53261 2.41644 -0.59962 0.81276 1.21263 0.00000 0.00000 -0.00000 -82.01074 57.79573 3.63154 16.54374 -4.39188 -29.55091 0.00000 -9.72786 0.00000 12.98014 -4.22167 -17.71183 -7.12502 -0.00000 0.00000 -10.44518 6.86438 12.04338 0.00000 0.00000 -0.00000 84.94523 57.23917 1.36986 -21.99843 -8.19197 40.45072 -0.00000 -7.74311 -0.00000 9.72291 -8.64785 318.73191 7.12502 -0.00000 -0.00000 35.71130 -13.79901 656.64452
-0.03261 0.90164 0.05431 -360.79062 -1.86205 966.42423 -0.00000 0.00000 -0.00000 1430.86613 -7.95340 1081.36186 -3.77082 31.94912 13.11961 11.16522 -35.68193 14.40408 -3.27989 -30.07331 -12.16688 -0.00000 0.00000 -0.00000 8.13750 -16.80031 21.18946 4.35531 33.96768 -14.19379 -359.25070 -19.37211 -354.19559 1.40383 20.41381 -7.78517 2.08141 -4.27975 0.78075 -2.91076 2.73158 1.00591 -4.08921 5.32915 0.61377 6.59254 -3.56914 1.55084 1.82963 0.36203 1.68076 -0.49221 0.74424 0.84128 -0.00000 0.00000 -0.00000 -81.95840 57.99841 3.80373 16.63545 -4.44391 -29.72605 0.00000 -9.95314 0.00000 12.97744 -4.20379 -17.64517 -7.12502 -0.00000 0.00000 -10.45986 6.85623 12.11182 -0.00000 0.00000 -0.00000 85.12786 56.89399 1.62627 -21.86316 -8.07838 40.16571 -0.00000 -7.29651 -0.00000 9.56144 -8.45661 318.87753 7.12502 -0.00000 -0.00000 35.50596 -13.66182 656.68266
-0.03323 0.90172 0.05419 -360.72985 -1.81388 966.52803 -0.00000 0.00000 -0.00000 1430.89841 -7.95400 1081.21689 -3.77925 31.97977 13.13553 11.20941 -35.72825 14.45081 -3.29690 -30.14146 -12.20079 -0.00000 0.00000 -0.00000 8.18281 -16.75253 21.15037 4.34626 33.93798 -14.17759 -359.25933 -19.47410 -354.21505 1.39796 20.37350 -7.76832 1.98931 -4.17439 0.73442 -2.78191 2.84868 0.94589 -3.90912 5.38193 0.58044 5.76568 -3.90512 1.00344 2.10977 0.25248 0.96597 -0.28169 0.74123 0.48589 0.00000 0.00000 0.00000 -81.67202 58.11551 3.30570 16.65426 -4.45462 -29.76201 0.00000 -10.23590 0.00000 12.81628 -4.10515 -17.46765 -7.12502 -0.00000 0.00000 -10.63106 6.91812 12.31174 0.00000 0.00000 0.00000 84.82874 56.55074 2.15699 -21.74619 -7.98104 39.91999 -0.00000 -6.54385 -0.00000 9.55072 -8.39661 319.04570 7.12502 -0.00000 -0.00000 35.49568 -13.54907 656.81475
-0.03372 0.90196 0.05387 -360.50657 -1.80192 966.51613 -0.00000 0.00000 -0.00000 1430.96197 -8.11398 1081.04325 -3.78809 32.01189 13.15222 11.29600 -35.71695 14.62269 -3.17658 -29.65409 -11.95940 -0.00000 0.00000 -0.00000 8.36182 -16.79152 21.44231 4.33401 33.89771 -14.15564 -359.35271 -19.60821 -354.49150 1.35434 20.07095 -7.64212 1.99546 -4.21873 0.71714 -2.74477 2.83461 0.92123 -3.87636 5.38977 0.56811 4.94939 -4.02544 0.34790 2.50838 0.11401 0.12322 -0.04228 0.69979 0.06538 0.00000 0.00000 0.00000 -81.66073 57.90713 3.27435 16.68999 -4.47502 -29.83033 0.00000 -10.32010 0.00000 12.76718 -4.02682 -17.21880 -7.12502 -0.00000 0.00000 -10.71886 6.90723 12.57127 0.00000 0.00000 0.00000 85.12310 56.13518 2.22438 -21.64257 -7.89550 39.70290 -0.00000 -5.82260 -0.00000 9.57282 -8.40131 319.09672 7.12502 -0.00000 -0.00000 35.52356 -13.52579 656.86085
-0.03460 0.90230 0.05339 -360.39226 -1.92750 966.59679 -0.00000 0.00000 -0.00000 1430.82022 -8.13162 1080.84482 -3.76918 31.94317 13.11652 11.41049 -35.64777 14.89354 -3.14102 -29.50762 -11.88736 -0.00000 0.00000 -0.00000 8.28946 -16.82076 21.49791 4.33839 33.91210 -14.16348 -359.32471 -19.86903 -354.38392 1.49146 21.00382 -8.03297 2.06991 -4.43124 0.79291 -2.95656 2.98589 1.02287 -4.12814 5.68571 0.63027 4.73548 -4.19371 -0.52471 2.42126 -0.31312 -1.02400 -0.05527 0.58205 -0.51918 0.00000 0.00000 0.00000 -81.06848 57.76078 2.85020 16.74839 -4.50848 -29.94206 0.00000 -10.42260 0.00000 12.68798 -3.86585 -16.67094 -7.12502 -0.00000 0.00000 -10.88607 6.86483 13.13860 0.00000 0.00000 0.00000 85.20925 55.71075 2.64187 -21.59255 -7.85444 39.59829 -0.00000 -5.82885 -0.00000 9.59002 -8.41984 319.08656 7.12502 -0.00000 -0.00000 35.54477 -13.53898 656.85790
-0.03554 0.90239 0.05293 -360.35151 -1.86923 966.93048 -0.00000 0.00000 -0.00000 1430.84348 -8.00196 1080.57525 -3.74739 31.86363 13.07528 11.43532 -35.88344 14.75202 -3.23100 -29.87605 -12.06902 -0.00000 0.00000 -0.00000 8.28715 -16.72421 21.28669 4.34840 33.94499 -14.18142 -359.35583 -20.14471 -354.45349 1.45440 20.75684 -7.92899 2.02606 -4.33502 0.69665 -2.91199 2.97197 0.89579 -4.07315 5.60305 0.56347 4.40843 -4.14187 -1.20077 2.16768 -0.51630 -1.88984 -0.09262 0.50077 -0.95665 0.00000 0.00000 0.00000 -81.30813 57.69052 3.06062 16.78892 -4.53179 -30.01967 0.00000 -10.86360 0.00000 12.49518 -3.75426 -16.46066 -7.12502 -0.00000 0.00000 -11.09032 6.93337 13.37354 0.00000 0.00000 0.00000 85.17545 55.74626 2.66197 -21.51379 -7.79008 39.43382 -0.00000 -6.18518 -0.00000 9.72765 -8.62747 318.81253 7.12502 -0.00000 -0.00000 35.71803 -13.74935 656.70921
