HIERARCHY
ROOT Hips
{
  OFFSET 0.000000 0.000000 0.000000
  CHANNELS 6 Xposition Yposition Zposition Zrotation Xrotation Yrotation
  JOINT LeftHipJoint
  {
    OFFSET 0.000000 0.000000 0.000000
    CHANNELS 3 Zrotation Xrotation Yrotation
    JOINT LeftUpLeg
    {
      OFFSET 0.066370 -0.092335 0.056648
      CHANNELS 3 Zrotation Xrotation Yrotation
      JOINT LeftLeg
      {
        OFFSET 0.126373 -0.347208 0.000000
        CHANNELS 3 Zrotation Xrotation Yrotation
        JOINT LeftFoot
        {
          OFFSET 0.149669 -0.411212 0.000000
          CHANNELS 3 Zrotation Xrotation Yrotation
          JOINT LeftToeBase
          {
            OFFSET 0.014054 -0.038612 0.088750
            CHANNELS 3 Zrotation Xrotation Yrotation
            End Site
            {
              OFFSET 0.000000 -0.000000 0.048451
            }
          }
        }
      }
    }
  }
  JOINT RightHipJoint
  {
    OFFSET 0.000000 0.000000 0.000000
    CHANNELS 3 Zrotation Xrotation Yrotation
    JOINT RightUpLeg
    {
      OFFSET -0.065245 -0.092335 0.056648
      CHANNELS 3 Zrotation Xrotation Yrotation
      JOINT RightLeg
      {
        OFFSET -0.132120 -0.362997 0.000000
        CHANNELS 3 Zrotation Xrotation Yrotation
        JOINT RightFoot
        {
          OFFSET -0.146255 -0.401832 0.000000
          CHANNELS 3 Zrotation Xrotation Yrotation
          JOINT RightToeBase
          {
            OFFSET -0.010085 -0.027708 0.096509
            CHANNELS 3 Zrotation Xrotation Yrotation
            End Site
            {
              OFFSET -0.000000 -0.000000 0.050722
            }
          }
        }
      }
    }
  }
  JOINT Spine
  {
    OFFSET 0.000000 0.000000 0.000000
    CHANNELS 3 Zrotation Xrotation Yrotation
    JOINT Spine1
    {
      OFFSET -0.001273 0.107676 -0.009373
      CHANNELS 3 Zrotation Xrotation Yrotation
      JOINT Spine2
      {
        OFFSET -0.000206 0.108458 -0.002765
        CHANNELS 3 Zrotation Xrotation Yrotation
        JOINT Neck
        {
          OFFSET 0.000366 0.109002 0.001661
          CHANNELS 3 Zrotation Xrotation Yrotation
          JOINT Neck1
          {
            OFFSET 0.000210 0.089843 0.004907
            CHANNELS 3 Zrotation Xrotation Yrotation
            JOINT Head
            {
              OFFSET 0.007088 0.089545 -0.004559
              CHANNELS 3 Zrotation Xrotation Yrotation
              End Site
              {
                OFFSET 0.002377 0.090782 -0.002147
              }
            }
          }
        }
        JOINT LeftShoulder
        {
          OFFSET 0.000366 0.109002 0.001661
          CHANNELS 3 Zrotation Xrotation Yrotation
          JOINT LeftArm
          {
            OFFSET 0.208463 0.054365 0.010768
            CHANNELS 3 Zrotation Xrotation Yrotation
            JOINT LeftForeArm
            {
              OFFSET 0.275334 -0.000000 -0.000000
              CHANNELS 3 Zrotation Xrotation Yrotation
              JOINT LeftHand
              {
                OFFSET 0.182411 -0.000000 0.000000
                CHANNELS 3 Zrotation Xrotation Yrotation
                JOINT LeftHandMid
                {
                  OFFSET 0.091205 -0.000000 0.000000
                  CHANNELS 3 Zrotation Xrotation Yrotation
                  JOINT LeftHandIndex1
                  {
                    OFFSET 0.041279 -0.000000 0.000000
                    CHANNELS 3 Zrotation Xrotation Yrotation
                    End Site
                    {
                      OFFSET 0.033280 -0.000000 0.000000
                    }
                  }
                }
                JOINT LeftHandThumb1
                {
                  OFFSET 0.091205 -0.000000 0.000000
                  CHANNELS 3 Zrotation Xrotation Yrotation
                  End Site
                  {
                    OFFSET 0.033788 -0.000000 0.033788
                  }
                }
              }
            }
          }
        }
        JOINT RightShoulder
        {
          OFFSET 0.000366 0.109002 0.001661
          CHANNELS 3 Zrotation Xrotation Yrotation
          JOINT RightArm
          {
            OFFSET -0.206645 0.042415 0.004674
            CHANNELS 3 Zrotation Xrotation Yrotation
            JOINT RightForeArm
            {
              OFFSET -0.277385 -0.000000 0.000000
              CHANNELS 3 Zrotation Xrotation Yrotation
              JOINT RightHand
              {
                OFFSET -0.185755 -0.000000 0.000000
                CHANNELS 3 Zrotation Xrotation Yrotation
                JOINT RightHandMid
                {
                  OFFSET -0.092877 -0.000000 0.000000
                  CHANNELS 3 Zrotation Xrotation Yrotation
                  JOINT RightHandIndex1
                  {
                    OFFSET -0.030769 -0.000000 0.000000
                    CHANNELS 3 Zrotation Xrotation Yrotation
                    End Site
                    {
                      OFFSET -0.024807 -0.000000 0.000000
                    }
                  }
                }
                JOINT RightHandThumb1
                {
                  OFFSET -0.092877 -0.000000 0.000000
                  CHANNELS 3 Zrotation Xrotation Yrotation
                  End Site
                  {
                    OFFSET -0.025186 -0.000000 0.025186
                  }
                }
              }
            }
          }
        }
      }
    }
  }
}
MOTION
Frames: 743
Frame Time: 0.033333
-0.19592 0.92538 -0.00491 3.52657 -3.70708 -91.06383 -0.00000 0.00000 -0.00000 -15.57666 -16.84261 -3.64575 -4.43998 34.24335 14.34480 5.86653 -30.56837 7.17920 -0.87283 -16.27338 -6.09912 -0.00000 0.00000 -0.00000 8.91811 -14.68562 6.83652 5.46655 37.30457 -16.10014 -8.03921 -31.41882 -11.38852 0.12974 -6.37333 2.32996 -3.66568 -9.46381 0.05683 -2.22439 1.41814 0.62533 -0.18351 6.80136 0.19700 -4.99907 -3.33190 -1.67682 11.42821 -0.50814 -2.26425 4.65085 0.64760 -1.09679 -0.00000 0.00000 -0.00000 -90.58299 26.71689 3.61638 26.14148 -12.28532 -49.74029 0.00000 13.74360 -0.00000 43.63311 -15.33009 -15.49895 -7.12502 -0.00000 0.00000 14.85136 -11.13651 8.93084 -0.00000 0.00000 -0.00000 93.71147 22.86294 -4.57609 -26.08423 -12.21941 49.60270 -0.00000 -8.25321 -0.00000 -16.36519 10.45830 -31.72178 7.12502 -0.00000 -0.00000 6.63119 -2.16090 -62.96970
-0.19632 0.92525 -0.00495 3.48478 -4.01430 -91.00503 -0.00000 0.00000 -0.00000 -15.95358 -16.72367 -3.70327 -4.42212 34.18553 14.31304 5.87991 -30.36949 7.33298 -0.89467 -16.46827 -6.17662 -0.00000 0.00000 -0.00000 8.50018 -14.65924 6.65662 5.47370 37.32426 -16.11192 -7.95355 -31.42998 -11.19309 0.14258 -6.67936 2.44290 -3.88597 -9.34873 0.04836 -2.33442 1.30691 0.63197 -0.17534 6.61692 0.19589 -4.89555 -3.13940 -1.64546 11.35192 -0.40149 -2.23594 4.60314 0.64181 -1.08555 -0.00000 0.00000 0.00000 -90.48678 25.89949 3.50765 26.59992 -12.82425 -50.85395 0.00000 7.33192 -0.00000 34.48022 -13.77152 -19.11745 -7.12502 -0.00000 0.00000 7.75375 -6.16072 6.75586 -0.00000 0.00000 0.00000 93.74598 22.71811 -4.79264 -26.08353 -12.21861 49.60103 -0.00000 -7.89270 -0.00000 -15.43464 9.93403 -31.99849 7.12502 -0.00000 -0.00000 7.59681 -2.48546 -63.01196
-0.19658 0.92527 -0.00491 3.49844 -4.05009 -90.92091 -0.00000 0.00000 -0.00000 -15.98825 -16.74995 -3.67370 -4.43455 34.22577 14.33514 5.81158 -30.49179 7.10381 -0.82425 -15.83004 -5.92343 -0.00000 0.00000 -0.00000 8.44742 -14.56388 6.65010 5.45101 37.26169 -16.07447 -7.94813 -31.58861 -11.06198 0.11721 -6.05938 2.21424 -3.88093 -9.39666 0.03592 -2.32959 1.34486 0.61926 -0.17562 6.68496 0.18867 -4.55939 -3.22225 -1.60924 11.08737 -0.36610 -2.19543 4.43825 0.65469 -1.06327 -0.00000 0.00000 -0.00000 -90.43209 25.25166 3.23679 26.93661 -13.23326 -51.68616 0.00000 2.82805 -0.00000 28.24132 -11.17714 -19.84403 -7.12502 -0.00000 0.00000 2.78040 -2.14812 7.33876 -0.00000 0.00000 -0.00000 93.55529 22.77932 -4.62168 -26.08015 -12.21473 49.59291 -0.00000 -7.88679 -0.00000 -15.58327 10.04699 -32.02746 7.12502 -0.00000 -0.00000 7.42508 -2.43886 -63.08303
-0.19673 0.92516 -0.00489 3.59955 -3.90238 -90.86429 -0.00000 0.00000 -0.00000 -15.83279 -16.83303 -3.71229 -4.42401 34.19163 14.31639 5.82036 -30.42999 7.16165 -0.94419 -16.90047 -6.34909 -0.00000 0.00000 -0.00000 8.61499 -14.65086 6.65611 5.45624 37.27613 -16.08312 -7.95129 -31.65975 -11.01568 0.09545 -5.47056 1.99760 -3.64551 -9.41066 0.02770 -2.31134 1.25664 0.57765 -0.29528 6.60161 0.17903 -4.08518 -3.00047 -1.60732 10.58594 -0.46641 -2.19347 4.16434 0.56648 -1.07142 0.00000 0.00000 -0.00000 -90.28033 25.52541 3.44366 26.97431 -13.27978 -51.78014 0.00000 2.66766 -0.00000 28.12949 -10.99860 -19.63978 -7.12502 -0.00000 0.00000 2.66462 -2.03933 7.59760 0.00000 0.00000 -0.00000 93.77982 22.71858 -4.79277 -26.09673 -12.23377 49.63270 -0.00000 -7.61483 -0.00000 -15.87635 10.13748 -31.75170 7.12502 -0.00000 -0.00000 7.16538 -2.32288 -62.86934
-0.19700 0.92532 -0.00490 3.71122 -4.18858 -90.86892 -0.00000 0.00000 -0.00000 -16.15952 -16.89581 -3.68607 -4.39950 34.11205 14.27274 5.81969 -30.42175 7.16527 -0.87916 -16.33018 -6.12169 -0.00000 0.00000 -0.00000 8.20916 -14.93081 6.36391 5.48259 37.34872 -16.12659 -7.85825 -31.45552 -10.96611 0.14149 -6.65402 2.43354 -3.87923 -9.48058 -0.04496 -2.33825 1.35445 0.51686 -0.20536 6.74595 0.13796 -4.44637 -3.63358 -1.66275 10.79323 -0.17575 -2.27064 4.30262 0.78959 -1.08552 0.00000 0.00000 -0.00000 -90.14981 25.58741 3.13634 26.95644 -13.25771 -51.73557 0.00000 2.57969 -0.00000 28.21887 -10.84616 -19.32388 -7.12502 -0.00000 0.00000 2.70143 -2.04182 7.94321 0.00000 0.00000 -0.00000 93.40480 22.97464 -4.26775 -26.00019 -12.12322 49.40131 -0.00000 -7.62867 -0.00000 -15.89388 10.10326 -31.63623 7.12502 -0.00000 -0.00000 7.17321 -2.30905 -62.75135
-0.19713 0.92527 -0.00479 3.75100 -4.27338 -91.04516 -0.00000 0.00000 -0.00000 -16.26718 -16.78086 -3.73223 -4.36343 33.99428 14.20832 5.91205 -30.46054 7.34806 -0.89138 -16.43912 -6.16502 -0.00000 0.00000 -0.00000 8.06804 -15.11202 6.35245 5.52216 37.45721 -16.19173 -7.63184 -31.47195 -10.46092 0.11126 -5.90447 2.15720 -3.71485 -9.25122 0.09591 -2.35417 1.18492 0.66581 -0.28507 6.43247 0.22244 -4.74409 -3.73889 -1.70081 11.00474 0.20894 -2.34028 4.43456 0.94836 -1.10727 -0.00000 0.00000 0.00000 -90.22421 25.90624 3.53812 26.97968 -13.28641 -51.79355 0.00000 2.36627 -0.00000 27.99960 -10.76353 -19.35347 -7.12502 -0.00000 0.00000 2.52421 -1.90691 7.95378 -0.00000 0.00000 0.00000 93.33053 22.86403 -4.52076 -25.99876 -12.12158 49.39789 -0.00000 -7.54380 -0.00000 -15.67458 10.05477 -31.88911 7.12502 -0.00000 -0.00000 7.35653 -2.39862 -62.96088
-0.19655 0.92578 -0.00516 3.94665 -4.25669 -91.24714 -0.00000 0.00000 -0.00000 -16.21181 -16.95508 -3.80409 -4.34290 33.92695 14.17158 5.90010 -30.56449 7.25649 -0.78027 -15.41610 -5.76014 -0.00000 0.00000 -0.00000 8.17451 -15.51065 6.48728 5.55471 37.54600 -16.24521 -7.57405 -31.38706 -10.39676 0.13230 -6.43554 2.35291 -3.48233 -8.99672 0.19218 -2.39244 1.02391 0.74894 -0.43995 6.11791 0.27682 -4.53113 -2.77079 -1.53996 10.65610 -0.69149 -2.07096 4.28446 0.45030 -1.01841 0.00000 0.00000 -0.00000 -90.11387 26.00367 3.47094 26.87860 -13.16197 -51.54188 0.00000 2.49131 -0.00000 28.02629 -10.78874 -19.37475 -7.12502 -0.00000 0.00000 2.54870 -1.92753 7.92393 0.00000 0.00000 -0.00000 92.97047 22.92580 -4.11604 -25.82271 -11.92219 48.97825 -0.00000 -7.50373 -0.00000 -15.38760 9.83991 -31.83856 7.12502 -0.00000 -0.00000 7.68652 -2.48798 -62.82964
-0.19628 0.92585 -0.00551 3.97402 -4.17182 -91.50932 -0.00000 0.00000 -0.00000 -16.12925 -16.90042 -3.93972 -4.31651 33.84003 14.12423 6.21571 -30.81506 7.80014 -0.79340 -15.54101 -5.80934 -0.00000 0.00000 -0.00000 8.29875 -15.79689 6.39933 5.59827 37.66416 -16.31659 -7.52242 -30.92741 -10.62103 0.18822 -7.66690 2.80842 -3.39855 -8.63611 0.08400 -2.20945 1.02285 0.57000 -0.32393 5.91352 0.19301 -4.52768 -3.72057 -1.21918 10.57561 0.03469 -1.67366 4.25303 0.82045 -0.77957 -0.00000 0.00000 0.00000 -90.19578 25.73922 3.39011 26.73975 -12.99272 -51.19805 0.00000 2.48762 -0.00000 28.10398 -10.85866 -19.43071 -7.12502 -0.00000 0.00000 2.61918 -1.98671 7.84359 -0.00000 0.00000 0.00000 92.23330 23.73321 -3.52565 -25.58761 -11.66022 48.42232 -0.00000 -7.54387 -0.00000 -15.80632 9.90061 -31.27306 7.12502 -0.00000 -0.00000 7.35461 -2.30993 -62.34192
-0.19604 0.92604 -0.00586 4.16680 -4.19806 -92.10611 -0.00000 0.00000 -0.00000 -16.05729 -16.98524 -3.73992 -4.27609 33.70614 14.05152 6.34386 -30.94779 7.99818 -0.76036 -15.22443 -5.68476 -0.00000 0.00000 -0.00000 8.35509 -16.38016 6.57834 5.66413 37.84141 -16.42415 -7.29064 -30.60924 -10.33921 0.20197 -7.93975 2.90972 -3.04969 -8.34507 0.32566 -2.23274 0.81874 0.83469 -0.50038 5.53232 0.33990 -4.42839 -2.51673 -1.42898 10.04778 -0.83769 -1.90209 4.05096 0.33362 -0.94093 -0.00000 0.00000 0.00000 -89.72410 26.47061 3.34703 26.54394 -12.75735 -50.71678 0.00000 1.67644 -0.00000 28.03301 -10.80072 -19.38936 -7.12502 -0.00000 0.00000 2.55589 -1.93425 7.90576 -0.00000 0.00000 0.00000 92.01784 23.72429 -3.40077 -25.40337 -11.45829 47.99011 -0.00000 -7.55130 -0.00000 -14.95317 9.78432 -32.46876 7.12502 -0.00000 -0.00000 8.02096 -2.68339 -63.37843
-0.19534 0.92613 -0.00657 4.40893 -4.48715 -92.70696 -0.00000 0.00000 -0.00000 -16.24600 -17.08379 -3.72728 -4.20894 33.48165 13.93016 6.47866 -31.14721 8.16563 -0.66442 -14.26024 -5.30779 -0.00000 0.00000 -0.00000 8.10455 -17.25108 6.62089 5.79793 38.19652 -16.64139 -6.95713 -30.11301 -9.94830 0.26381 -9.06218 3.32802 -3.03600 -7.91359 0.34720 -2.20595 0.59393 0.83066 -0.48302 5.05188 0.34403 -4.37563 -2.75807 -1.10113 9.72050 -0.50298 -1.47222 3.92609 0.44509 -0.71247 0.00000 0.00000 -0.00000 -89.63548 26.61021 3.33740 26.18387 -12.33431 -49.84236 0.00000 1.24069 -0.00000 28.55072 -10.79654 -18.99741 -7.12502 -0.00000 0.00000 2.93790 -2.19610 8.25246 0.00000 0.00000 -0.00000 91.06137 25.23142 -3.17015 -25.03954 -11.06797 47.14518 -0.00000 -7.53584 -0.00000 -14.65070 9.57003 -32.45423 7.12502 -0.00000 -0.00000 8.36107 -2.78280 -63.28005
-0.19474 0.92592 -0.00727 4.64668 -4.55133 -93.55504 -0.00000 0.00000 -0.00000 -16.15706 -17.22448 -3.56595 -4.19637 33.43933 13.90736 6.66949 -31.66508 8.24520 -0.50278 -12.44716 -4.60800 -0.00000 0.00000 -0.00000 7.94736 -18.42436 6.17798 5.96029 38.61867 -16.90274 -6.33294 -29.43653 -8.99101 0.29964 -9.65063 3.54841 -2.69135 -7.82906 0.49298 -2.10524 0.73344 0.99277 -0.54572 5.15102 0.43220 -4.20146 -2.83870 -1.19860 9.09358 -0.98776 -1.56347 3.67116 0.30181 -0.76478 -0.00000 0.00000 -0.00000 -89.16196 27.38176 2.71112 25.69025 -11.77399 -48.66440 0.00000 0.89293 -0.00000 29.01615 -10.21785 -17.73479 -7.12502 -0.00000 0.00000 3.18783 -2.26660 9.62151 -0.00000 0.00000 -0.00000 89.78276 27.26524 -2.78242 -24.84027 -10.85879 46.68701 -0.00000 -7.47175 -0.00000 -14.49887 9.42639 -32.34784 7.12502 -0.00000 -0.00000 8.55482 -2.82262 -63.12624
-0.19318 0.92538 -0.00909 5.15769 -4.95032 -94.40049 -0.00000 0.00000 -0.00000 -16.32380 -17.81667 -3.45594 -4.20550 33.47006 13.92392 6.88774 -31.89936 8.56122 -0.53442 -12.82431 -4.75266 -0.00000 0.00000 -0.00000 7.35697 -20.44143 5.31052 6.28485 39.43519 -17.41815 -5.23723 -28.72465 -6.87868 0.28452 -9.40704 3.45708 -2.71173 -7.38329 0.59625 -2.12463 0.59479 1.10803 -0.54311 4.75259 0.49295 -4.29397 -2.58829 -0.87537 9.05606 -1.56965 -1.09625 3.68565 0.03776 -0.54704 0.00000 0.00000 0.00000 -88.27331 29.26231 2.56682 25.20893 -11.24832 -47.53718 0.00000 0.55657 -0.00000 28.41225 -10.04324 -17.86752 -7.12502 -0.00000 0.00000 2.69916 -1.92117 9.58320 0.00000 0.00000 0.00000 88.72049 30.56640 -3.42485 -24.98188 -11.00711 47.01228 -0.00000 -8.20207 -0.00000 -14.49318 9.58528 -32.78897 7.12502 -0.00000 -0.00000 8.45798 -2.86677 -63.58968
-0.19195 0.92446 -0.01181 5.63621 -5.79454 -94.99177 -0.00000 0.00000 -0.00000 -16.95914 -18.25543 -3.54580 -4.13921 33.24572 13.80337 6.97133 -32.19001 8.54968 -0.36233 -10.59808 -3.90501 -0.00000 0.00000 -0.00000 6.10174 -22.86500 4.01152 6.80630 40.67662 -18.22838 -4.08008 -28.10418 -4.46684 0.36634 -10.65565 3.92675 -3.07165 -6.99840 0.56887 -2.36848 0.53799 1.08724 -0.60283 4.47510 0.47717 -4.24282 -2.63052 -0.73186 8.84883 -2.04192 -0.87688 3.60680 -0.12331 -0.44520 -0.00000 0.00000 0.00000 -87.17692 31.92246 3.25756 25.04782 -11.07673 -47.16428 0.00000 2.07844 -0.00000 27.64689 -9.45303 -17.40804 -7.12502 -0.00000 0.00000 2.00928 -1.39454 10.25116 -0.00000 0.00000 0.00000 87.82377 34.54934 -4.31335 -25.22097 -11.26123 47.56514 -0.00000 -8.60306 -0.00000 -14.43217 9.27438 -32.05590 7.12502 -0.00000 -0.00000 8.69623 -2.81493 -62.80062
-0.19076 0.92289 -0.01656 5.80322 -6.52303 -95.37949 -0.00000 0.00000 -0.00000 -17.27678 -18.45933 -3.37090 -4.07840 33.03761 13.69214 7.17170 -31.92675 9.14990 -0.60084 -13.57894 -5.04350 -0.00000 0.00000 -0.00000 5.46494 -24.24662 3.66951 7.28098 41.73848 -18.94888 -3.65991 -28.07928 -3.46977 0.41782 -11.36727 4.19625 -3.66051 -6.68814 0.34183 -2.43827 1.06068 0.84041 -0.37666 4.84244 0.33233 -3.75411 -2.48654 -0.62667 7.54919 -3.70406 -0.67609 3.07601 -0.69782 -0.37378 -0.00000 0.00000 -0.00000 -85.53248 35.95287 3.30765 25.03548 -11.06368 -47.13582 0.00000 2.03717 -0.00000 27.49548 -9.49902 -17.59289 -7.12502 -0.00000 0.00000 1.90304 -1.32980 10.06739 -0.00000 0.00000 -0.00000 87.07020 38.67905 -5.25693 -25.88595 -11.99349 49.12865 -0.00000 -9.05890 -0.00000 -13.92835 9.14734 -32.66081 7.12502 -0.00000 -0.00000 9.11796 -3.04240 -63.29875
-0.19035 0.92118 -0.02289 5.84166 -7.02086 -95.54361 -0.00000 0.00000 -0.00000 -17.28660 -18.55848 -3.05586 -4.05565 32.95918 13.65037 7.14215 -31.53228 9.35464 -0.73551 -14.98138 -5.58940 -0.00000 0.00000 -0.00000 5.14202 -25.00712 3.26167 7.67527 42.57582 -19.53632 -3.19139 -28.33009 -2.23726 0.31282 -9.85780 3.62619 -3.84713 -6.08261 0.28445 -2.64922 1.31863 0.75914 -0.50301 4.77169 0.28655 -3.99677 -1.53715 -0.62629 7.42251 -5.57255 -0.62065 3.10848 -1.46726 -0.38865 0.00000 0.00000 0.00000 -84.11621 41.62363 5.00801 25.54363 -11.61175 -48.31887 0.00000 0.55918 -0.00000 27.76186 -9.58138 -17.54734 -7.12502 -0.00000 0.00000 2.12105 -1.48209 10.07114 0.00000 0.00000 0.00000 88.17853 41.64586 -7.90035 -26.82856 -13.10074 51.41771 -0.00000 -9.16643 -0.00000 -13.03429 8.78262 -33.40704 7.12502 -0.00000 -0.00000 9.94545 -3.42822 -63.83093
-0.18996 0.92014 -0.03096 6.13387 -7.13111 -95.48648 -0.00000 0.00000 -0.00000 -16.83296 -18.79630 -3.05609 -4.02347 32.84767 13.59113 7.19018 -31.20862 9.68437 -0.86413 -16.19507 -6.06803 -0.00000 0.00000 -0.00000 5.58778 -25.80756 3.24343 8.03921 43.31565 -20.07049 -3.16777 -28.61670 -2.05467 0.33222 -10.15469 3.73785 -3.77293 -5.66101 0.18026 -2.64073 1.68146 0.60506 -0.55448 4.91528 0.20776 -3.77031 -0.66670 -0.70099 6.22387 -7.89547 -0.72610 2.71153 -2.37424 -0.46982 0.00000 0.00000 -0.00000 -83.06309 46.97367 6.66501 26.25788 -12.42025 -50.02101 0.00000 0.17066 -0.00000 25.69270 -8.33731 -16.77213 -7.12502 -0.00000 0.00000 0.28835 -0.19228 11.30338 0.00000 0.00000 -0.00000 90.09252 43.23532 -11.02506 -27.89540 -14.46458 54.13066 -0.00000 -9.30338 -0.00000 -12.67765 8.03848 -31.86678 7.12502 -0.00000 -0.00000 10.68556 -3.33424 -62.13099
-0.19122 0.91961 -0.04018 6.43765 -6.94586 -95.45580 -0.00000 0.00000 -0.00000 -16.06487 -18.83652 -3.37591 -4.00148 32.77112 13.55056 7.39651 -31.41491 9.98952 -0.86285 -16.18349 -6.06343 -0.00000 0.00000 -0.00000 6.29225 -26.24653 3.03330 8.18257 43.59888 -20.27892 -2.89231 -28.77313 -1.34876 0.31131 -9.83435 3.61738 -3.49690 -5.59329 0.00436 -2.43739 2.08115 0.35686 -0.52948 5.29928 0.08493 -4.00407 -1.10816 -0.25524 5.60151 -8.91380 -0.15150 2.53414 -2.66376 -0.17208 -0.00000 0.00000 -0.00000 -82.67633 52.26989 8.94025 27.25429 -13.62996 -52.48334 0.00000 -1.17196 0.00000 23.49527 -7.30402 -16.30180 -7.12502 -0.00000 0.00000 -1.64097 1.05937 12.16327 -0.00000 0.00000 -0.00000 92.15943 44.33385 -14.21862 -28.81421 -15.74871 56.59483 -0.00000 -8.35224 -0.00000 -11.74437 7.19160 -31.05469 7.12502 -0.00000 -0.00000 11.88568 -3.47089 -61.04769
-0.19285 0.91977 -0.04987 7.00492 -6.58055 -95.51114 -0.00000 0.00000 -0.00000 -14.89513 -19.26815 -3.08749 -4.00665 32.78912 13.56009 7.28769 -31.05100 10.01103 -0.86180 -16.17395 -6.05965 -0.00000 0.00000 -0.00000 7.29923 -26.69923 2.90897 8.19724 43.62761 -20.30019 -2.60221 -28.90722 -0.62834 0.22961 -8.46046 3.10345 -2.96543 -5.43840 -0.11614 -2.15984 1.97639 0.13899 -0.56511 5.10341 -0.00348 -3.27582 -0.87247 -0.13485 3.70950 -9.94221 -0.12120 1.78494 -3.03855 -0.13892 -0.00000 0.00000 -0.00000 -84.83273 56.94519 13.61505 28.36045 -15.10074 -55.36138 0.00000 -1.81890 0.00000 21.76105 -6.42802 -15.66668 -7.12502 -0.00000 0.00000 -3.21235 2.00211 13.09885 -0.00000 0.00000 -0.00000 95.17810 45.13242 -18.77550 -29.73249 -17.15274 59.20591 -0.00000 -7.52555 -0.00000 -10.75004 6.56815 -31.06814 7.12502 -0.00000 -0.00000 12.98101 -3.74094 -60.80345
-0.19518 0.92131 -0.06053 7.47968 -6.07239 -96.12757 -0.00000 0.00000 -0.00000 -13.10168 -19.94214 -1.87073 -4.05486 32.95644 13.64892 7.19613 -30.41941 10.26639 -1.06223 -17.88212 -6.74402 -0.00000 0.00000 -0.00000 9.10429 -26.65818 3.75799 8.01787 43.27311 -20.03937 -2.70057 -28.90361 -0.85498 0.23908 -8.63149 3.16720 -2.40239 -5.47975 -0.07253 -1.78793 2.06258 0.15020 -0.49253 5.21560 0.01640 -3.30682 -1.27612 0.20874 2.70899 -10.75120 0.24475 1.44834 -3.24804 0.06586 -0.00000 0.00000 0.00000 -88.25697 60.52946 18.87989 29.49886 -16.78280 -58.52550 0.00000 -1.64199 0.00000 17.56856 -4.95384 -15.25573 -7.12502 -0.00000 0.00000 -6.89482 4.15741 14.05576 -0.00000 0.00000 0.00000 97.64992 46.15254 -22.70431 -30.56796 -18.55696 61.74527 -0.00000 -7.42073 -0.00000 -10.67129 6.36787 -30.48107 7.12502 -0.00000 -0.00000 13.17795 -3.64402 -60.18684
-0.19688 0.92336 -0.07161 8.38049 -5.51931 -96.76598 -0.00000 0.00000 -0.00000 -11.24801 -20.93154 -0.89874 -4.05174 32.94567 13.64318 6.99995 -29.84808 10.24251 -0.79549 -15.56073 -5.81711 -0.00000 0.00000 -0.00000 11.26518 -26.76706 5.12721 7.77992 42.79171 -19.69069 -2.56086 -29.11347 -0.45504 0.07292 -4.78390 1.74553 -1.70306 -5.28813 -0.11415 -1.52358 1.60117 0.02112 -0.62273 4.62461 -0.02142 -2.30244 -0.47215 0.46655 1.16900 -12.18298 0.41918 0.76524 -3.88878 0.15247 -0.00000 0.00000 0.00000 -94.22732 62.97937 26.76053 30.63255 -18.67136 -61.94939 0.00000 -2.09312 0.00000 13.74273 -3.85406 -15.36759 -7.12502 -0.00000 0.00000 -10.19809 6.11761 14.35739 -0.00000 0.00000 0.00000 101.32945 47.77644 -27.82538 -31.28965 -19.89001 64.10109 -0.00000 -7.78993 -0.00000 -9.75706 6.07450 -31.60774 7.12502 -0.00000 -0.00000 13.97785 -4.11753 -61.09072
-0.19839 0.92656 -0.08303 9.34026 -5.63178 -97.48622 -0.00000 0.00000 -0.00000 -10.16648 -22.27528 0.04548 -4.07182 33.01497 13.68007 7.14022 -28.88223 11.32499 -0.56128 -13.13519 -4.87224 -0.00000 0.00000 -0.00000 12.89511 -26.83483 6.80960 7.49237 42.19221 -19.26501 -2.72796 -29.36926 -0.73452 0.02377 -2.73420 0.99597 -1.84725 -5.16422 -0.43051 -1.28324 1.22955 -0.40989 -0.33834 4.17115 -0.23747 -2.35586 -1.21098 0.96423 0.66786 -12.45629 1.01935 0.57155 -3.85204 0.45911 0.00000 0.00000 0.00000 -100.38056 64.21920 33.55076 31.32995 -19.96827 -64.23796 0.00000 -2.38753 0.00000 11.95454 -3.57220 -16.39786 -7.12502 -0.00000 0.00000 -11.56893 7.20790 13.49463 0.00000 0.00000 0.00000 104.16554 50.92167 -31.93137 -31.69883 -20.70599 65.52105 -0.00000 -8.79106 -0.00000 -9.42407 5.91967 -31.85523 7.12502 -0.00000 -0.00000 14.30112 -4.26169 -61.25212
-0.20050 0.92899 -0.09344 9.83835 -6.39682 -99.52780 -0.00000 0.00000 -0.00000 -9.85670 -22.19322 0.53140 -3.94720 32.58079 13.45000 7.76923 -28.71928 12.98484 -0.62172 -13.80676 -5.13169 -0.00000 0.00000 -0.00000 13.93723 -26.88055 8.80750 7.30055 41.78096 -18.97826 -2.42865 -29.20470 -0.12157 0.00663 -1.44475 0.52596 -1.90937 -5.16152 -0.19801 -1.65336 1.12316 -0.08915 -0.65037 4.05660 -0.07682 -2.02977 -1.75682 1.26152 0.42223 -12.83281 1.37820 0.41142 -3.88135 0.61809 -0.00000 0.00000 0.00000 -106.20985 65.63082 39.94523 31.79516 -20.90535 -65.86572 0.00000 -3.23019 0.00000 12.03857 -3.76301 -17.10547 -7.12502 -0.00000 0.00000 -11.36745 7.28260 12.76758 -0.00000 0.00000 0.00000 107.05774 53.17453 -34.63760 -31.84466 -21.00895 66.04452 -0.00000 -8.97691 -0.00000 -8.30549 5.17820 -31.72648 7.12502 -0.00000 -0.00000 15.56758 -4.52958 -60.82651
-0.20170 0.93028 -0.10233 11.07067 -6.80667 -101.63543 -0.00000 0.00000 -0.00000 -9.43545 -22.19630 -0.25350 -3.85412 32.25002 13.27636 7.62963 -28.67493 12.68420 -0.56445 -13.17133 -4.88616 -0.00000 0.00000 -0.00000 15.56970 -27.98204 10.86147 7.27816 41.73235 -18.94464 -2.16273 -29.05407 0.42531 0.01553 -2.21014 0.80485 -1.30502 -5.36186 -0.12816 -1.76771 0.64663 -0.03874 -1.09987 3.67488 -0.03548 -1.78772 -1.65282 1.64281 -0.17210 -13.65333 1.78322 0.13972 -4.19161 0.81483 0.00000 0.00000 0.00000 -111.68084 66.41103 44.93721 31.94986 -21.23185 -66.42845 0.00000 -3.92230 0.00000 12.66642 -4.33619 -18.59401 -7.12502 -0.00000 0.00000 -10.54869 7.16696 11.17898 0.00000 0.00000 0.00000 109.89711 54.76731 -37.13126 -31.88119 -21.08594 66.17724 -0.00000 -9.75266 -0.00000 -6.79709 4.16422 -31.35120 7.12502 -0.00000 -0.00000 17.30545 -4.80865 -60.05891
-0.20232 0.93077 -0.10929 11.85216 -7.51453 -104.19303 -0.00000 0.00000 -0.00000 -9.97667 -21.73677 -1.68441 -4.13548 33.23304 13.79657 3.64650 -26.17606 4.43156 -1.62529 -21.86662 -8.39918 -0.00000 0.00000 -0.00000 16.74547 -28.93268 12.79325 7.36978 41.93047 -19.08202 -1.29806 -28.93113 2.33283 0.00179 -0.75073 0.27326 -0.75360 -5.14798 -0.01251 -1.95103 0.26128 0.06965 -1.58416 3.15813 0.02862 -1.40233 -1.69761 2.12833 -0.87100 -14.10678 2.33113 -0.20388 -4.33620 1.08197 0.00000 0.00000 0.00000 -115.89527 67.20683 47.64163 31.81642 -20.94976 -65.94239 0.00000 -4.19182 0.00000 13.22940 -4.83965 -19.74175 -7.12502 -0.00000 0.00000 -9.84627 6.99792 9.93272 0.00000 0.00000 0.00000 111.52458 55.65705 -37.50630 -31.62233 -20.54971 65.25026 -0.00000 -10.39530 -0.00000 -5.70757 3.27033 -29.71663 7.12502 -0.00000 -0.00000 18.75122 -4.56340 -58.19014
-0.19944 0.93031 -0.11327 12.13340 -8.17849 -106.34646 -0.00000 0.00000 -0.00000 -13.47388 -21.62278 -7.39953 -6.10143 38.97810 17.12798 -1.21390 -22.13132 -7.29788 -1.34388 -19.99756 -7.61158 -0.00000 0.00000 -0.00000 18.00284 -29.37336 15.50739 7.61580 42.45198 -19.44832 -0.57591 -28.52912 3.84872 0.00008 0.15489 -0.05637 -0.42037 -3.53848 -0.15344 -1.95897 -0.01702 -0.16927 -1.78673 1.96162 -0.08883 -1.12559 -0.85275 2.51295 -1.43634 -15.71618 2.68524 -0.51495 -5.09018 1.24251 -0.00000 0.00000 -0.00000 -117.29429 67.63765 45.85515 31.19313 -19.70433 -63.77577 0.00000 -3.90584 0.00000 12.58901 -5.03651 -21.46010 -7.12502 -0.00000 0.00000 -10.04213 7.59759 8.25438 -0.00000 0.00000 -0.00000 110.05264 57.01442 -34.45070 -30.95078 -19.24855 62.97348 -0.00000 -12.34010 -0.00000 -4.80015 2.50552 -27.50057 7.12502 -0.00000 -0.00000 20.01598 -4.00287 -55.84783
-0.19819 0.92877 -0.11255 12.61663 -7.74284 -109.34113 -0.00000 0.00000 -0.00000 -17.38592 -23.92527 -11.51356 -13.05347 51.16535 26.88026 -1.51817 -20.72284 -8.10894 -1.19479 -18.91340 -7.16401 -0.00000 0.00000 -0.00000 20.08293 -29.89615 17.63728 7.67988 42.58538 -19.54314 0.72402 -27.46798 6.58696 0.01693 2.30808 -0.84056 1.55552 -3.63102 0.12802 -1.38997 0.59950 0.13086 -2.29390 2.65948 0.09751 -1.27927 0.55814 2.93091 -0.93547 -18.15338 3.20817 -0.38320 -5.55803 1.45950 -0.00000 0.00000 -0.00000 -112.45209 67.92501 36.12432 29.95803 -17.51883 -59.87431 0.00000 -3.19328 0.00000 8.31361 -3.50722 -22.71603 -7.12502 -0.00000 0.00000 -13.36448 10.48719 7.54326 -0.00000 0.00000 -0.00000 103.69018 58.33591 -26.30647 -29.74026 -17.16520 59.22874 -0.00000 -14.18160 -0.00000 -3.16400 1.57238 -26.39937 7.12502 -0.00000 -0.00000 21.88574 -3.83234 -54.44647
-0.20004 0.93066 -0.10940 12.68956 -5.54285 -113.57255 -0.00000 0.00000 -0.00000 -20.08260 -27.51058 -11.83991 -31.35780 64.03055 48.35364 -1.03495 -20.11551 -6.70660 -1.11734 -18.31923 -6.92138 -0.00000 0.00000 -0.00000 22.06928 -29.99989 14.95566 6.99183 41.09898 -18.51181 2.99186 -24.44638 11.72677 0.03049 3.09644 -1.12818 4.54062 -2.64713 0.49863 0.21711 1.28781 0.47564 -2.28989 2.84872 0.31555 -0.40330 1.44210 3.27318 -1.39057 -18.07912 3.67782 -0.73729 -5.65374 1.66721 -0.00000 0.00000 -0.00000 -105.89370 68.21668 23.27026 28.02132 -14.63418 -54.46077 0.00000 -7.02202 0.00000 7.52155 -3.30668 -23.59838 -7.12502 -0.00000 0.00000 -13.81824 11.17765 6.75695 -0.00000 0.00000 -0.00000 95.06775 60.11119 -17.66028 -28.59784 -15.43623 56.00242 -0.00000 -12.79210 -0.00000 -2.13921 1.13957 -28.03182 7.12502 -0.00000 -0.00000 22.83602 -4.58187 -55.74146
-0.20344 0.92772 -0.10722 12.36666 -3.49262 -119.24046 -0.00000 0.00000 -0.00000 -22.42766 -32.15572 -8.45428 -67.66026 69.98260 87.51001 -2.07975 -15.13369 -10.48777 -1.02212 -17.55573 -6.61220 -0.00000 0.00000 -0.00000 23.79583 -30.55292 11.67618 6.89485 40.87941 -18.36396 5.01874 -21.36931 17.09821 0.07511 4.85485 -1.77155 6.11831 -1.39353 1.14513 1.82486 2.34394 1.21701 -1.46403 3.29735 0.69968 0.51767 1.83354 3.67320 -0.56389 -17.17189 4.47947 -0.70930 -5.42390 1.96689 -0.00000 0.00000 -0.00000 -96.88963 69.04323 8.19568 25.85432 -11.95778 -49.05338 0.00000 -12.87550 0.00000 11.53928 -4.42310 -20.69337 -7.12502 -0.00000 0.00000 -11.08969 8.13341 9.17789 -0.00000 0.00000 -0.00000 83.09397 61.77722 -5.71259 -27.39110 -13.80415 52.83039 -0.00000 -9.92116 -0.00000 -3.26638 1.76424 -28.34469 7.12502 -0.00000 -0.00000 21.58217 -4.53191 -56.29609
-0.20716 0.92065 -0.10661 11.23984 -1.84116 -124.01229 -0.00000 0.00000 -0.00000 -23.20630 -36.90067 -1.08778 -100.22817 66.68137 122.39511 -1.45408 -6.56313 -11.71694 -0.84076 -15.98229 -5.98367 -0.00000 0.00000 -0.00000 24.14324 -31.29763 7.84059 7.59246 42.40315 -19.41373 6.69776 -18.02731 22.51030 0.20061 7.91304 -2.89980 5.49927 0.96375 1.29240 3.33034 3.40334 1.41234 0.41305 3.02946 0.72337 1.99074 1.62331 3.75743 0.23497 -16.34441 4.81553 -0.72011 -5.11307 2.00070 0.00000 0.00000 -0.00000 -87.78969 69.78924 -4.88425 24.39384 -10.40158 -45.67175 0.00000 -11.53320 0.00000 15.72023 -5.60409 -19.13394 -7.12502 -0.00000 0.00000 -7.83966 5.48499 10.23112 0.00000 0.00000 -0.00000 69.93186 62.63622 7.22960 -26.50657 -12.71287 50.62542 -0.00000 -7.08939 -0.00000 -2.74062 1.52453 -29.06443 7.12502 -0.00000 -0.00000 22.07689 -4.88067 -56.84724
-0.20829 0.90764 -0.10783 10.89361 0.08908 -125.60900 -0.00000 0.00000 -0.00000 -19.86651 -42.23793 7.16928 -117.28551 59.72190 141.43461 0.73273 5.52441 -13.11173 -0.87713 -16.31196 -6.11445 -0.00000 0.00000 -0.00000 24.84406 -32.39601 5.24302 8.92070 44.98924 -21.33581 7.49614 -17.72062 24.58072 0.25574 8.92402 -3.27639 4.99034 2.81969 0.60823 4.69217 4.49315 0.41221 2.05408 3.07664 0.13858 1.52687 2.17240 3.95119 3.29805 -18.48752 5.43850 0.15904 -5.96542 1.99420 0.00000 0.00000 0.00000 -79.21586 70.07251 -13.88404 24.90477 -10.92614 -46.83495 0.00000 -4.60832 0.00000 15.90230 -6.12005 -20.51621 -7.12502 -0.00000 0.00000 -7.42921 5.48388 8.76271 0.00000 0.00000 0.00000 60.88648 61.49432 17.14696 -26.51538 -12.72335 50.64695 -0.00000 -2.82529 -0.00000 -1.05013 0.53678 -27.07128 7.12502 -0.00000 -0.00000 24.09528 -4.34152 -54.60738
-0.21381 0.89551 -0.11177 10.65364 1.91595 -126.32736 -0.00000 0.00000 -0.00000 -9.75073 -45.09577 18.77074 -124.24652 54.17219 149.72564 3.21955 13.06289 -17.04489 -0.01473 2.15267 0.78390 -0.00000 0.00000 -0.00000 25.25089 -32.47243 2.87252 10.14052 47.06651 -23.03042 8.75919 -18.72147 26.84784 0.23192 8.50264 -3.11917 5.43065 3.97617 0.00949 5.31282 5.11393 -0.44059 2.42976 3.08797 -0.32309 0.61073 1.37776 3.89777 6.01723 -19.33359 5.61032 1.13813 -6.19839 1.85411 -0.00000 0.00000 -0.00000 -64.41095 72.83930 -24.43086 27.02716 -13.34524 -51.91217 0.00000 -5.00747 0.00000 14.77098 -5.90763 -21.32349 -7.12502 -0.00000 0.00000 -8.22869 6.23650 8.08634 -0.00000 0.00000 -0.00000 62.25837 59.93580 17.99401 -27.73150 -14.24670 53.70434 -0.00000 0.23706 0.00000 0.33506 -0.14324 -23.14698 7.12502 -0.00000 -0.00000 25.79889 -2.79369 -50.75757
-0.22148 0.89001 -0.11706 10.37650 3.10644 -125.66395 -0.00000 0.00000 -0.00000 1.22574 -44.48520 27.00782 -126.48315 51.72786 152.52721 2.79642 11.29939 -19.25555 -0.00240 -0.86965 -0.31655 -0.00000 0.00000 -0.00000 25.40093 -31.67403 1.52856 10.90233 48.24414 -24.06108 9.25486 -20.28702 27.02906 0.24340 8.70832 -3.19586 6.27939 4.36958 -0.31931 5.07216 5.29600 -0.84337 1.69978 3.05250 -0.49254 0.79389 1.25475 3.68708 6.69361 -20.96083 5.39985 1.30891 -6.70651 1.56253 0.00000 0.00000 0.00000 -46.83003 74.22780 -36.39574 29.65306 -17.02593 -58.97326 0.00000 -5.39769 0.00000 11.78980 -4.88151 -22.18028 -7.12502 -0.00000 0.00000 -10.56310 8.18879 7.62682 0.00000 0.00000 0.00000 69.88583 59.32490 12.36672 -30.05423 -17.67777 60.16306 -0.00000 -1.43493 -0.00000 0.19966 -0.07937 -21.67956 7.12502 -0.00000 -0.00000 25.71239 -2.15227 -49.45954
-0.23017 0.89030 -0.12456 8.67319 2.90322 -122.60250 -0.00000 0.00000 -0.00000 1.65927 -44.78736 23.02661 -125.25272 53.12439 150.97490 0.12702 3.09830 -14.56409 -0.31541 -9.89794 -3.64127 -0.00000 0.00000 -0.00000 23.57648 -29.40727 0.37331 10.84671 48.16097 -23.98647 8.38758 -23.64277 23.72217 0.04968 3.95080 -1.44041 4.48553 4.36137 -0.51784 4.54104 5.38954 -1.07352 2.14204 3.14810 -0.62813 -0.03493 1.35416 3.61576 7.15131 -22.44039 5.34148 1.57765 -7.23263 1.47120 0.00000 0.00000 -0.00000 -42.43012 73.15132 -37.08318 32.04823 -21.44369 -66.79242 0.00000 -4.09414 0.00000 4.94307 -2.16541 -23.59952 -7.12502 -0.00000 0.00000 -15.96854 12.88599 7.06897 0.00000 0.00000 -0.00000 76.03679 59.02410 6.05859 -32.13595 -21.63551 67.12126 -0.00000 -0.92464 -0.00000 -0.06257 0.02155 -19.00219 7.12502 -0.00000 -0.00000 25.50886 -0.99615 -47.08661
-0.24103 0.90003 -0.13328 7.62894 1.43429 -117.42152 -0.00000 0.00000 -0.00000 -6.28280 -46.11960 10.32300 -118.64639 58.82459 143.01767 -0.66146 -5.56715 -7.08557 -0.08873 -5.27524 -1.92584 -0.00000 0.00000 -0.00000 21.59877 -26.57770 -0.13791 9.66162 46.28101 -22.37212 5.87109 -26.82145 17.69973 0.00031 0.31471 -0.11455 1.64742 3.12630 -0.85138 3.73323 5.02517 -1.46612 2.87024 3.48800 -0.85293 1.10879 -0.21376 3.93721 5.15199 -21.47086 5.44915 0.79233 -6.56843 1.69162 0.00000 0.00000 -0.00000 -42.59611 70.95906 -34.21211 33.60297 -25.39058 -73.45113 0.00000 -5.61744 0.00000 3.20454 -1.46444 -24.53493 -7.12502 -0.00000 0.00000 -17.16901 14.31049 6.33916 0.00000 0.00000 -0.00000 80.53199 59.36482 1.01608 -33.60674 -25.40204 73.47022 -0.00000 -5.13433 -0.00000 -5.82694 2.20728 -20.67675 7.12502 -0.00000 -0.00000 19.54751 -1.61607 -49.54150
-0.25435 0.90997 -0.14133 7.15518 -0.01494 -111.36500 -0.00000 0.00000 -0.00000 -13.45189 -45.69606 -1.93005 -101.14666 66.44507 123.39619 -0.33374 -11.30317 -3.76504 -0.13490 -6.49812 -2.37600 -0.00000 0.00000 -0.00000 20.83007 -23.60896 0.62317 8.65805 44.50704 -20.96272 1.40242 -30.13496 8.36095 0.07114 -4.72529 1.72404 -0.39453 1.73627 -1.04589 2.59353 4.51619 -1.61148 2.81455 3.76155 -0.92814 -0.89356 0.05802 3.54231 5.37894 -22.41313 4.89773 1.25851 -6.96172 1.55555 0.00000 0.00000 -0.00000 -41.34794 68.30218 -33.11422 34.49312 -28.59932 -78.77579 0.00000 -10.27760 0.00000 5.64484 -2.78105 -26.14567 -7.12502 -0.00000 0.00000 -14.73033 13.00338 4.44191 0.00000 0.00000 -0.00000 82.77752 60.16578 -1.49079 -34.44843 -28.40429 78.45253 -0.00000 -11.84900 -0.00000 -8.79488 3.58736 -22.01934 7.12502 -0.00000 -0.00000 16.36799 -1.87212 -51.34683
-0.27178 0.91927 -0.14502 6.80350 -1.78958 -103.28990 -0.00000 0.00000 -0.00000 -21.37077 -43.19568 -13.78541 -61.25700 69.75464 80.69106 -0.19831 -14.22049 -3.37021 -0.19269 -7.75670 -2.84175 -0.00000 0.00000 -0.00000 18.81655 -21.17380 -0.60674 8.02627 43.28988 -20.05163 -3.44714 -31.91189 -1.28098 0.02550 -2.83192 1.03163 -1.28040 0.05005 -1.70687 0.78550 4.43737 -2.36485 1.34396 4.62671 -1.27690 -0.84942 -0.30744 3.48792 3.75794 -22.15363 4.59398 0.79099 -6.77107 1.59284 0.00000 0.00000 -0.00000 -37.43714 63.56122 -34.79544 34.86934 -30.52985 -81.98243 0.00000 -12.80020 0.00000 7.50429 -4.27073 -29.48049 -7.12502 -0.00000 0.00000 -12.31564 12.25082 0.81572 0.00000 0.00000 -0.00000 82.29730 60.29539 0.14917 -34.75167 -29.85564 80.86060 -0.00000 -12.22150 -0.00000 -10.81521 4.00133 -20.06577 7.12502 -0.00000 -0.00000 14.46513 -1.23101 -49.76057
-0.28889 0.92562 -0.14740 6.46250 -3.72662 -99.06425 -0.00000 0.00000 -0.00000 -23.57353 -40.77088 -16.37713 -24.00876 60.50949 40.05808 -0.38336 -15.50806 -4.25207 -0.37393 -10.76373 -3.96760 -0.00000 0.00000 -0.00000 17.46257 -18.65196 0.53417 7.78847 42.80923 -19.70327 -6.50207 -33.02087 -7.05776 0.02150 -2.60030 0.94713 -2.15350 -0.09156 -0.78150 -1.47025 4.02767 -1.01995 -0.38233 4.20912 -0.58802 -0.60522 -0.25914 3.21876 1.65424 -20.96679 3.97755 0.18320 -6.34167 1.53275 -0.00000 0.00000 -0.00000 -33.93013 57.83146 -37.21995 34.88005 -30.59581 -82.09234 0.00000 -12.52190 0.00000 8.28897 -5.46702 -33.18275 -7.12502 -0.00000 0.00000 -10.64912 12.09411 -3.09354 -0.00000 0.00000 -0.00000 81.08079 59.13606 2.21993 -34.97326 -31.21213 83.12095 -0.00000 -14.68390 -0.00000 -11.29059 4.11722 -19.77944 7.12502 -0.00000 -0.00000 14.00338 -1.13771 -49.55207
-0.30941 0.93033 -0.14551 6.77708 -3.83425 -94.53622 -0.00000 0.00000 -0.00000 -23.77215 -39.27148 -16.98370 -9.33530 45.72406 21.91852 -0.32154 -11.34878 -3.70375 -0.89354 -16.45828 -6.17264 -0.00000 0.00000 -0.00000 17.20794 -16.73622 -0.94024 7.16018 41.47402 -18.76695 -8.23631 -34.14059 -9.85625 0.00412 -1.13935 0.41475 -0.01659 -1.20045 0.21259 -3.07377 4.02082 0.32481 -3.15153 4.84599 0.18976 -1.68460 -0.89358 2.84454 -0.09806 -18.55094 3.26324 -0.04175 -5.45950 1.48125 -0.00000 0.00000 -0.00000 -29.51739 50.68368 -43.02104 34.42993 -28.32509 -78.32128 0.00000 -13.28590 0.00000 10.76804 -7.35989 -33.96311 -7.12502 -0.00000 0.00000 -8.47582 9.99300 -4.34518 -0.00000 0.00000 -0.00000 74.62006 56.57763 8.14879 -35.03781 -31.69752 83.93337 -0.00000 -16.15400 -0.00000 -12.34973 4.24154 -18.66540 7.12502 -0.00000 -0.00000 13.02158 -0.83396 -48.60122
-0.32823 0.93000 -0.14219 6.10127 -1.81543 -89.87543 -0.00000 0.00000 -0.00000 -21.50388 -40.77098 -12.95681 -4.92366 35.74663 15.18809 -0.25409 -0.69783 -7.79115 -0.58204 -13.37009 -4.96281 -0.00000 0.00000 -0.00000 18.81002 -14.01836 -4.83311 6.02889 38.79422 -17.01243 -9.82715 -35.83537 -11.76800 0.00451 1.19211 -0.43396 4.14167 -1.18258 1.14407 -3.62908 4.38509 1.44900 -6.00923 5.43130 0.95336 -2.76570 -1.23147 2.42128 -2.50448 -15.38871 2.48418 -0.54873 -4.90841 1.33729 -0.00000 0.00000 -0.00000 -25.87327 43.68000 -50.45622 33.15381 -24.10635 -71.30505 0.00000 -10.04190 0.00000 14.23107 -9.48794 -33.02223 -7.12502 -0.00000 0.00000 -6.00515 6.96626 -4.06359 -0.00000 0.00000 -0.00000 65.19375 52.48026 15.04466 -34.97087 -31.19526 83.09274 -0.00000 -18.48060 -0.00000 -10.89437 3.40145 -17.13285 7.12502 -0.00000 -0.00000 14.62063 -0.48517 -46.85916
-0.34241 0.92380 -0.13905 6.02458 -0.28563 -85.94854 -0.00000 0.00000 -0.00000 -19.99382 -45.64492 -6.94232 -4.17502 33.36726 13.86859 1.08924 7.32578 -11.36837 -0.73532 -14.97951 -5.58867 -0.00000 0.00000 -0.00000 20.38283 -11.19473 -6.98237 4.90797 35.69965 -15.16121 -12.41014 -38.24504 -14.68801 0.00119 -0.61274 0.22303 7.17967 -0.91121 1.91229 -3.97891 3.72249 2.42385 -8.06953 4.89205 1.54892 -4.72999 -1.15450 2.54990 -2.57091 -11.11444 2.88525 -0.16934 -3.41303 1.62599 0.00000 0.00000 -0.00000 -24.37241 38.68322 -57.20151 30.82695 -19.02118 -62.57119 0.00000 -4.86780 0.00000 15.40127 -9.68874 -31.42245 -7.12502 -0.00000 0.00000 -5.47777 6.03338 -2.62357 0.00000 0.00000 -0.00000 54.71604 48.12677 22.32903 -34.63610 -29.26327 79.87690 -0.00000 -20.49320 -0.00000 -10.56007 3.11673 -16.25929 7.12502 -0.00000 -0.00000 15.01319 -0.25464 -45.94935
-0.35321 0.91092 -0.13545 4.99663 -0.56961 -82.86298 -0.00000 0.00000 -0.00000 -22.54018 -43.72074 -9.84690 -4.29105 33.75581 14.07847 1.27647 8.98523 -9.17397 -0.46185 -11.94008 -4.41422 -0.00000 0.00000 -0.00000 20.16655 -7.75530 -7.76326 4.59701 34.74439 -14.62208 -14.60312 -40.53881 -16.63679 0.03309 -3.22529 1.17523 7.32060 0.49419 1.97803 -4.43988 3.88592 2.59405 -8.68125 4.33618 1.62845 -2.11854 3.08020 1.99548 -6.45484 -12.96985 1.54452 -1.73547 -4.35366 1.12478 -0.00000 0.00000 0.00000 -23.76434 35.42589 -62.91339 28.18853 -14.86240 -54.90266 0.00000 1.89440 -0.00000 16.04617 -8.47192 -27.12263 -7.12502 -0.00000 0.00000 -5.95327 5.62063 1.79528 -0.00000 0.00000 0.00000 43.05528 43.30436 32.49285 -33.82382 -26.08571 74.60760 -0.00000 -20.03960 -0.00000 -9.25816 3.19037 -18.85091 7.12502 -0.00000 -0.00000 16.16004 -0.96223 -48.31679
-0.36408 0.90320 -0.12863 5.55025 -0.51169 -82.21950 -0.00000 0.00000 -0.00000 -23.66564 -44.27250 -10.34265 -4.95022 35.82588 15.23352 0.05851 3.15635 -16.60576 -0.09564 -5.47612 -1.99964 -0.00000 0.00000 -0.00000 18.84166 -8.76966 -9.74483 5.04868 36.11681 -15.40114 -13.58653 -41.28609 -14.44981 0.09142 -5.35451 1.95495 7.18920 1.81492 2.28796 -4.16817 3.55544 3.08715 -8.33840 3.31482 1.81002 -2.06393 3.58852 1.59367 -7.64036 -11.16412 0.97751 -2.28564 -4.31532 0.85095 -0.00000 0.00000 -0.00000 -23.41226 39.06577 -63.62347 28.40184 -15.15870 -55.47251 0.00000 6.34038 -0.00000 12.45670 -5.70606 -24.23186 -7.12502 -0.00000 0.00000 -9.55392 7.99681 5.42431 -0.00000 0.00000 -0.00000 41.16661 40.58222 35.06573 -32.86995 -23.36509 70.05876 -0.00000 -14.37090 -0.00000 -6.49216 3.10144 -25.42836 7.12502 -0.00000 -0.00000 18.43576 -3.10287 -54.22313
-0.37832 0.90586 -0.11836 7.17250 0.94973 -83.59292 -0.00000 0.00000 -0.00000 -23.24999 -47.02447 -11.15259 -5.78801 38.17041 16.62534 -0.02614 1.69383 -10.43692 -0.17273 -7.34708 -2.68986 -0.00000 0.00000 -0.00000 16.70975 -12.39339 -12.35003 6.26209 39.37906 -17.38229 -7.79245 -35.32779 -8.23581 0.60330 -13.60599 5.05396 8.08952 3.07568 2.51069 -3.29308 3.87677 3.44440 -7.94819 3.01954 1.99417 1.63031 3.98469 1.90718 -13.94192 -14.22213 0.52211 -4.63550 -4.83815 0.87503 0.00000 0.00000 -0.00000 -19.75675 46.02127 -62.77827 30.34587 -18.17039 -61.05261 0.00000 4.68314 -0.00000 8.20327 -3.69955 -24.11272 -7.12502 -0.00000 0.00000 -13.12536 10.82469 6.15108 0.00000 0.00000 -0.00000 48.10538 39.74371 31.87077 -33.10201 -23.96748 71.07206 -0.00000 -6.93852 -0.00000 -9.27817 5.27064 -29.34912 7.12502 -0.00000 -0.00000 14.90159 -3.71963 -58.70078
-0.39573 0.91238 -0.10683 7.95863 0.94305 -86.21732 -0.00000 0.00000 -0.00000 -22.64522 -47.13053 -10.97677 -6.45108 39.83998 17.67871 -0.05972 1.13264 -8.76469 -0.31999 -9.96864 -3.66785 -0.00000 0.00000 -0.00000 10.51738 -16.23476 -13.79637 9.53759 46.07146 -22.20021 0.00723 -21.05987 3.77581 2.13472 -24.80628 9.68470 5.18136 4.99013 2.13205 -1.32054 4.57345 2.90940 -4.27456 2.27146 1.57659 -2.11945 -1.47900 4.05683 -9.40991 -9.85017 4.43388 -2.90892 -2.73533 2.45040 -0.00000 0.00000 0.00000 -17.08107 56.66584 -62.11127 32.26226 -21.91678 -67.60224 0.00000 -2.70077 0.00000 4.99811 -2.27124 -24.37756 -7.12502 -0.00000 0.00000 -15.72487 13.04178 6.28850 -0.00000 0.00000 0.00000 53.84218 44.15180 28.23662 -34.05514 -26.87276 75.91411 -0.00000 -11.76960 -0.00000 -6.29256 3.04309 -25.70749 7.12502 -0.00000 -0.00000 18.61738 -3.21476 -54.45123
-0.41486 0.91510 -0.09084 9.66707 1.48575 -89.37302 -0.00000 0.00000 -0.00000 -22.80910 -46.68522 -13.81577 -6.82531 40.72035 18.25754 -0.50037 -3.31499 -7.38319 -0.30429 -9.72425 -3.57604 -0.00000 0.00000 -0.00000 4.28710 -22.00221 -9.83301 15.37194 53.78415 -29.80263 1.79101 -3.27681 17.73592 0.92172 -16.70601 6.27139 3.91998 5.51379 1.31384 0.52615 4.81647 1.74856 -1.66850 1.98552 0.91439 -1.25944 -3.07872 5.62609 -8.16007 -8.49394 6.86225 -2.59330 -1.89720 3.53940 -0.00000 0.00000 -0.00000 -19.01642 68.40099 -59.99987 33.34579 -24.63665 -72.19301 0.00000 -4.81648 0.00000 -3.17590 1.53885 -25.82634 -7.12502 -0.00000 0.00000 -22.00702 19.32316 5.69257 -0.00000 0.00000 -0.00000 62.11147 50.46660 20.42598 -34.77532 -29.98462 81.07500 -0.00000 -15.13810 -0.00000 2.05484 -0.86970 -22.93060 7.12502 -0.00000 -0.00000 27.59963 -2.75130 -50.24610
-0.43657 0.91043 -0.07751 10.61594 0.87889 -95.20441 -0.00000 0.00000 -0.00000 -20.69819 -47.13616 -10.95856 -7.43173 42.06320 19.17460 -0.85877 -10.31079 -6.56079 -0.08910 -5.28640 -1.92994 -0.00000 0.00000 -0.00000 0.62135 -27.13669 1.34662 23.53515 60.22830 -39.51323 -2.13606 9.14901 27.15534 0.53223 -12.79856 4.74277 1.51407 5.26506 1.24234 1.40862 5.98031 1.45817 0.62072 3.22130 0.66577 1.16189 -3.04305 6.54654 -7.05806 -9.15981 8.14259 -2.72782 -2.01049 4.09989 -0.00000 0.00000 0.00000 -17.32252 75.81437 -62.16250 34.02562 -26.76844 -75.74106 0.00000 -2.80964 0.00000 -10.18168 5.38839 -27.60372 -7.12502 -0.00000 0.00000 -26.86367 25.77920 4.35087 -0.00000 0.00000 0.00000 70.44028 55.11305 12.44911 -35.15929 -32.84889 85.87082 -0.00000 -17.12700 -0.00000 10.74979 -4.54241 -22.64350 7.12502 -0.00000 -0.00000 36.62445 -2.51620 -48.38003
-0.45617 0.90899 -0.06332 8.92706 1.48597 -97.47363 -0.00000 0.00000 -0.00000 -19.81346 -45.38520 -8.94498 -8.41926 44.05681 20.62072 -0.48938 -14.03739 -4.58226 -0.01463 -2.14579 -0.78139 -0.00000 0.00000 -0.00000 -3.43059 -28.29261 7.24532 32.27162 64.37793 -49.36858 -0.70851 5.90970 23.52125 1.13370 -18.44665 6.97326 1.12767 8.46641 -0.30279 2.37219 6.88993 -0.68928 1.81625 2.41658 -0.49202 1.29531 -1.75857 7.61441 -4.35597 -10.36180 9.74692 -2.07229 -2.67331 4.84930 0.00000 0.00000 0.00000 -17.63297 80.98489 -62.49735 34.64095 -29.28700 -79.91627 0.00000 1.53535 -0.00000 -13.70551 7.80760 -29.11927 -7.12502 -0.00000 0.00000 -28.80449 29.86456 2.83594 0.00000 0.00000 0.00000 76.38864 58.71593 5.66849 -35.26435 -35.31278 90.08384 -0.00000 -13.57290 -0.00000 17.30527 -6.39437 -19.66974 7.12502 -0.00000 -0.00000 43.05563 0.08868 -44.90508
-0.47106 0.90590 -0.05731 8.55906 4.65372 -95.46079 -0.00000 0.00000 -0.00000 -17.55182 -45.97465 -7.90646 -9.59269 46.16488 22.27666 -0.85078 -14.69943 -6.04133 -0.02514 -2.81158 -1.02421 -0.00000 0.00000 -0.00000 -2.17986 -28.90793 10.27896 42.89485 67.40479 -60.99631 0.08607 3.30870 19.99679 0.59092 -13.46914 5.00106 3.18142 9.91397 -2.13661 4.09259 7.46879 -3.08030 2.55042 2.31184 -1.69728 0.51203 -0.67589 7.82655 -2.40732 -11.35574 10.17308 -1.46742 -3.32731 5.02411 0.00000 0.00000 0.00000 -13.89469 81.36631 -65.55014 34.99552 -31.37301 -83.38998 0.00000 0.09155 -0.00000 -9.64539 5.87193 -31.04645 -7.12502 -0.00000 0.00000 -25.16262 27.12667 0.85457 0.00000 0.00000 0.00000 77.48149 59.43660 4.02791 -35.19577 -37.16571 93.33589 -0.00000 -12.12390 -0.00000 20.96522 -7.30059 -18.34774 7.12502 -0.00000 -0.00000 46.50290 1.76216 -43.32868
-0.48456 0.90256 -0.05694 8.27320 3.06223 -94.60670 -0.00000 0.00000 -0.00000 -18.58075 -47.02280 -5.01355 -10.50577 47.64166 23.52697 -1.14049 -15.14439 -7.11755 -0.00001 -0.06816 -0.02481 -0.00000 0.00000 -0.00000 -2.34315 -31.40861 11.15722 56.88153 69.44018 -76.02306 -0.84738 6.18250 22.88472 0.61028 -13.68246 5.08355 0.57599 9.03388 -2.02182 3.07132 7.83736 -3.10851 2.87576 3.24148 -1.77674 0.86852 -0.83070 7.41481 -0.94261 -9.69113 9.79197 -0.92227 -2.80260 4.80281 -0.00000 0.00000 -0.00000 -12.18176 76.94486 -62.85500 35.13320 -32.56172 -85.38609 0.00000 -4.05664 0.00000 -7.17556 3.92195 -28.51460 -7.12502 -0.00000 0.00000 -24.26845 23.67042 3.31571 -0.00000 0.00000 -0.00000 78.12297 60.41821 5.45725 -35.04024 -38.66306 96.03402 -0.00000 -11.52740 -0.00000 18.93746 -6.94250 -19.40684 7.12502 -0.00000 -0.00000 44.64962 0.56132 -44.43180
-0.49425 0.90031 -0.05958 7.72833 1.41186 -92.62356 -0.00000 0.00000 -0.00000 -19.90427 -47.82894 -2.67800 -11.28347 48.80281 24.56977 -1.23626 -13.19214 -7.73204 -0.01511 2.18030 0.79397 -0.00000 0.00000 -0.00000 -0.85416 -34.67475 5.96524 69.40437 69.99887 -89.36614 -0.43377 5.27818 23.69371 1.15568 -18.61621 7.04242 -2.20378 9.58782 -1.14410 1.71044 7.48543 -2.03370 3.03606 2.55560 -1.28906 0.48724 -1.20535 6.27583 0.00757 -7.70659 8.33997 -0.37564 -2.16485 4.10262 -0.00000 0.00000 0.00000 -15.02386 69.81805 -56.12439 35.16446 -32.90973 -85.97367 0.00000 -4.00605 0.00000 -4.22454 2.47598 -30.32126 -7.12502 -0.00000 0.00000 -21.37993 21.95419 1.31931 -0.00000 0.00000 0.00000 73.06600 61.91652 12.06253 -34.84619 -39.86212 98.25010 -0.00000 -13.57130 -0.00000 9.80055 -3.70362 -20.50306 7.12502 -0.00000 -0.00000 35.55176 -1.30350 -46.82318
-0.50300 0.89946 -0.06399 8.23287 0.35761 -88.03588 -0.00000 0.00000 -0.00000 -23.23106 -48.59787 -5.08423 -12.32494 50.23618 25.93887 -1.37456 -9.28040 -9.54943 -0.00201 0.79512 0.28942 -0.00000 0.00000 -0.00000 1.88552 -38.16284 -4.59443 71.10187 69.99614 -91.17259 1.00891 1.10421 21.72268 2.71892 -27.67713 11.00551 -3.66512 8.76456 -0.57068 0.22383 7.41816 -1.28330 2.27958 2.88177 -0.92276 -0.30144 -1.98728 5.02628 1.01106 -6.75098 6.71567 0.18443 -1.79768 3.30697 0.00000 0.00000 0.00000 -16.51991 60.45887 -51.66483 35.11996 -32.42669 -85.15851 0.00000 0.39642 -0.00000 0.99100 -0.61816 -31.95175 -7.12502 -0.00000 0.00000 -16.78170 18.07404 -0.81248 0.00000 0.00000 0.00000 62.64617 60.23272 23.59940 -34.68939 -40.62072 99.68163 -0.00000 -15.16940 -0.00000 4.93866 -1.59593 -17.86457 7.12502 -0.00000 -0.00000 30.55003 -0.21328 -45.36135
-0.51431 0.89824 -0.06815 7.46244 -2.00796 -86.55229 -0.00000 0.00000 -0.00000 -24.58459 -48.69414 -3.69075 -13.74433 51.99639 27.76202 -1.39420 -5.97831 -11.86610 -0.00050 -0.39630 -0.14424 -0.00000 0.00000 -0.00000 6.04414 -39.87616 -12.96933 58.89728 69.60174 -78.17476 1.88436 -5.16042 15.65900 3.83789 -32.19176 13.24592 -6.70107 9.17609 1.28816 -2.15022 7.78771 0.95547 1.46097 2.91562 0.09455 -1.31148 -1.90492 3.78437 1.20403 -7.03879 5.06937 0.44871 -1.93094 2.50742 0.00000 0.00000 0.00000 -17.71556 50.71659 -49.10696 34.88093 -30.60126 -82.10142 0.00000 1.10258 -0.00000 9.19988 -5.66141 -31.34513 -7.12502 -0.00000 0.00000 -10.44048 11.14116 -1.36002 0.00000 0.00000 0.00000 53.21100 56.09933 33.25766 -34.70118 -40.56798 99.58129 -0.00000 -15.17460 -0.00000 1.91130 -0.51366 -15.03723 7.12502 -0.00000 -0.00000 27.47115 0.89515 -43.27891
-0.52462 0.89144 -0.06956 7.54920 -4.18147 -86.05151 -0.00000 0.00000 -0.00000 -25.82699 -49.82570 -2.39192 -15.53657 53.95293 30.00646 -1.41850 -5.41221 -12.56715 -0.00326 1.01355 0.36894 -0.00000 0.00000 -0.00000 9.75429 -41.65448 -21.29106 38.42573 66.33115 -56.13713 1.51382 -12.61040 8.99854 2.43192 -26.32234 10.37337 -7.89458 8.90901 3.33983 -4.95640 7.92109 3.59097 -0.83999 3.15027 1.38356 -2.30451 -1.90978 2.50779 0.76069 -6.81957 3.34097 0.53256 -1.85010 1.68210 -0.00000 0.00000 -0.00000 -17.61499 40.84213 -50.14441 34.10342 -27.04610 -76.20157 0.00000 1.66814 -0.00000 16.34637 -9.98506 -30.59054 -7.12502 -0.00000 0.00000 -4.92534 5.29194 -1.94377 -0.00000 0.00000 -0.00000 47.99795 49.35933 38.20881 -34.89854 -39.57493 97.71435 -0.00000 -17.10230 -0.00000 1.73049 -0.41771 -13.56659 7.12502 -0.00000 -0.00000 27.25360 1.55046 -41.99319
-0.53796 0.88378 -0.06897 7.86582 -5.74010 -85.73700 -0.00000 0.00000 -0.00000 -27.27738 -49.83224 -1.89745 -16.48990 54.89112 31.17854 -2.00311 -7.07198 -14.28907 -0.01160 -1.91050 -0.69564 -0.00000 0.00000 -0.00000 11.51632 -41.97979 -30.90860 20.95133 58.54456 -36.51146 1.49160 -20.31867 8.03737 0.43557 11.60192 -4.28543 -7.42345 8.12804 5.02738 -7.39715 7.45674 5.90747 -3.66430 3.32909 2.61364 -3.99896 -0.99354 1.51657 -0.70969 -5.53856 1.92999 0.40165 -1.58055 1.03648 0.00000 0.00000 -0.00000 -19.71130 33.55396 -51.56637 32.63084 -22.77481 -69.06135 0.00000 1.25459 -0.00000 19.79275 -11.86890 -29.74821 -7.12502 -0.00000 0.00000 -2.38457 2.54356 -1.82193 0.00000 0.00000 -0.00000 44.49116 43.32209 39.98987 -35.17976 -37.37282 93.70498 -0.00000 -18.42940 -0.00000 -0.64446 0.15781 -13.75861 7.12502 -0.00000 -0.00000 24.92759 1.20197 -42.41578
-0.54870 0.88152 -0.06986 8.59860 -6.77709 -87.22068 -0.00000 0.00000 -0.00000 -27.87177 -49.06522 -1.87623 -15.85316 54.27178 30.39723 -2.75812 -10.09797 -15.30731 -0.11553 -6.01593 -2.19824 -0.00000 0.00000 -0.00000 14.08066 -41.51235 -36.26298 14.91134 53.30071 -29.22996 -3.66631 -34.23071 -0.80396 1.90689 23.55169 -9.12851 -7.00506 7.59188 6.58674 -9.33923 5.71525 7.91188 -6.14544 2.19137 3.72671 -2.52729 0.75015 0.95973 -4.86250 -4.13810 0.98904 -1.11096 -1.39489 0.59091 0.00000 0.00000 0.00000 -22.27330 31.51199 -49.83327 31.35166 -20.01061 -64.31194 0.00000 3.55783 -0.00000 20.45894 -10.93237 -26.94664 -7.12502 -0.00000 0.00000 -2.41967 2.33238 1.07722 0.00000 0.00000 0.00000 40.72674 40.45746 41.39701 -35.21654 -33.64142 87.21471 -0.00000 -19.07340 -0.00000 -5.41405 1.50117 -15.45162 7.12502 -0.00000 -0.00000 20.19907 0.17530 -44.52352
-0.55475 0.88049 -0.07003 9.75778 -8.01009 -90.46872 -0.00000 0.00000 -0.00000 -28.45825 -49.81722 -2.21153 -15.79602 54.21478 30.32682 -2.70074 -12.71649 -13.56170 -0.22332 -8.34504 -3.06046 -0.00000 0.00000 -0.00000 18.77383 -40.44224 -28.17548 13.71436 51.96129 -27.72397 -6.00204 -35.65812 -4.65010 0.60722 13.64895 -5.07058 -7.89132 7.42443 8.53561 -10.48752 4.17802 10.25906 -7.24279 0.93729 4.92452 -4.47072 -3.33747 1.29375 -5.18647 0.52701 1.92158 -0.81589 0.72080 0.86521 -0.00000 0.00000 0.00000 -23.88249 35.54067 -44.96029 32.07350 -21.49867 -66.88674 0.00000 5.08151 -0.00000 17.73310 -9.32534 -26.87263 -7.12502 -0.00000 0.00000 -4.63597 4.37780 1.73094 -0.00000 0.00000 0.00000 41.17769 40.05131 39.78325 -34.94027 -30.98438 82.74048 -0.00000 -15.09540 -0.00000 -5.30639 2.31387 -23.49406 7.12502 -0.00000 -0.00000 19.87483 -2.59315 -52.13380
-0.56184 0.88457 -0.06677 11.64785 -7.83645 -90.24311 -0.00000 0.00000 -0.00000 -31.51275 -50.34466 -6.06569 -15.60051 54.01793 30.08550 -2.10125 -14.45440 -10.74094 -0.26626 -9.10363 -3.34351 -0.00000 0.00000 -0.00000 17.47491 -41.78769 -25.55250 16.31604 54.72483 -30.96580 -1.91712 -27.11714 0.32095 0.03128 3.13618 -1.14269 -7.69174 5.92362 8.00238 -10.43278 3.86884 9.79152 -7.02972 1.38987 4.69773 -3.65782 -3.11632 2.02614 -7.54736 -2.36381 2.62705 -1.71672 -0.15372 1.29674 -0.00000 0.00000 0.00000 -26.58751 43.19029 -37.04408 33.51497 -25.12646 -73.01090 0.00000 0.40436 -0.00000 16.68165 -9.13834 -27.92302 -7.12502 -0.00000 0.00000 -5.26113 5.13341 0.82292 -0.00000 0.00000 0.00000 49.17387 45.22954 33.83133 -35.08676 -32.11244 84.62977 -0.00000 -7.23426 -0.00000 -9.04194 3.28978 -19.82991 7.12502 -0.00000 -0.00000 16.30624 -1.24348 -49.24254
-0.56619 0.89533 -0.06441 11.95068 -6.67118 -89.55256 -0.00000 0.00000 -0.00000 -31.95593 -48.94898 -7.14463 -14.30497 52.63780 28.47041 -1.49677 -14.99799 -8.44470 -0.32108 -9.98534 -3.67413 -0.00000 0.00000 -0.00000 14.90279 -41.95434 -22.72279 21.88002 59.18060 -37.59644 1.86666 -17.36640 9.36883 0.07405 -4.82058 1.75898 -7.18867 6.34042 7.05718 -9.26435 4.32114 8.60311 -5.98852 1.41566 4.10583 -3.00927 -2.46249 2.59574 -8.99844 -6.25894 2.92636 -2.39996 -1.45464 1.59618 -0.00000 0.00000 -0.00000 -34.52709 54.78088 -27.13700 34.53366 -28.78102 -79.07702 0.00000 -7.13397 0.00000 15.12743 -8.08447 -27.48426 -7.12502 -0.00000 0.00000 -6.62003 6.30367 1.58775 -0.00000 0.00000 -0.00000 62.35443 52.05859 22.41417 -35.23866 -34.07703 87.95756 -0.00000 -12.01980 -0.00000 -4.17198 1.04652 -14.05708 7.12502 -0.00000 -0.00000 21.45212 0.75880 -43.06974
-0.56595 0.90089 -0.06315 12.82613 -5.07348 -88.25238 -0.00000 0.00000 -0.00000 -32.07009 -48.95795 -8.85186 -13.46389 51.66465 27.40531 -1.19242 -14.65718 -7.35762 -0.15681 -7.00278 -2.56243 -0.00000 0.00000 -0.00000 12.39596 -43.29183 -17.31547 36.60204 65.81589 -54.14204 2.82199 -14.26298 13.31657 1.27398 -19.49839 7.40471 -6.42916 6.31089 5.41207 -7.53153 4.71474 6.57552 -4.42720 1.57208 3.10065 -2.12204 -2.88522 2.88803 -9.32832 -9.53373 2.97579 -2.76340 -2.43853 1.69126 0.00000 0.00000 -0.00000 -56.23225 64.19796 -8.35430 34.93673 -30.96057 -82.70073 0.00000 -9.43180 0.00000 6.61266 -3.68030 -28.97331 -7.12502 -0.00000 0.00000 -13.17691 12.85442 1.46134 0.00000 0.00000 -0.00000 77.28101 57.79981 8.49403 -35.26392 -35.10478 89.72382 -0.00000 -19.02640 -0.00000 -0.59263 0.15140 -14.33042 7.12502 -0.00000 -0.00000 24.98694 0.96572 -42.92878
-0.56923 0.90567 -0.06284 12.01957 -3.43842 -89.39142 -0.00000 0.00000 -0.00000 -28.20503 -48.56079 -4.51570 -12.91478 50.99280 26.70201 -1.01316 -15.60016 -6.62032 -0.06618 -4.55801 -1.66272 -0.00000 0.00000 -0.00000 8.59749 -41.14986 -10.92794 68.46016 69.99247 -88.36131 3.13454 -11.96082 15.54717 0.93467 -16.81838 6.31627 -5.43350 6.16037 4.42019 -5.78297 5.01183 5.40360 -3.05686 1.82204 2.52918 -1.89949 -2.86216 3.26924 -7.45569 -11.90002 3.43325 -2.27894 -3.24620 1.91879 -0.00000 0.00000 0.00000 -91.49589 67.24909 21.25541 35.07668 -32.02284 -84.47924 0.00000 -6.11291 0.00000 -1.59109 0.97152 -31.40061 -7.12502 -0.00000 0.00000 -18.97779 20.10547 0.01205 -0.00000 0.00000 0.00000 94.91527 59.72076 -8.52887 -35.26429 -35.33778 90.12717 -0.00000 -18.25340 -0.00000 1.25014 -0.30074 -13.52412 7.12502 -0.00000 -0.00000 26.78185 1.51299 -42.00551
-0.57237 0.90492 -0.06067 10.68476 -2.75452 -90.03901 -0.00000 0.00000 -0.00000 -26.70878 -45.86535 -3.04542 -11.77384 49.49402 25.21805 -1.20038 -17.65810 -7.19741 -0.02673 -2.89908 -1.05614 -0.00000 0.00000 -0.00000 -1.25994 -37.63205 -7.35275 103.29726 65.84563 -125.74758 4.28431 -8.24685 22.82652 0.82368 -15.82480 5.92136 -3.99144 6.62557 3.43565 -4.77794 4.53420 4.14497 -2.85156 1.06178 1.95633 -0.57334 -1.39409 3.06371 -5.53757 -14.48050 3.15826 -1.99410 -4.45306 1.70476 -0.00000 0.00000 0.00000 -116.79176 64.32397 42.11728 35.15701 -32.82246 -85.82616 0.00000 -5.88974 0.00000 -3.23068 1.82210 -29.39281 -7.12502 -0.00000 0.00000 -20.92087 20.75557 2.16883 -0.00000 0.00000 0.00000 112.22028 56.24969 -26.07971 -35.24401 -36.30661 91.81744 -0.00000 -13.00110 -0.00000 -0.25917 0.05834 -12.68637 7.12502 -0.00000 -0.00000 25.28253 1.70048 -41.40502
-0.57491 0.90652 -0.06246 7.94345 -3.53362 -90.09887 -0.00000 0.00000 -0.00000 -26.56715 -39.67317 -1.63874 -9.26184 45.59613 21.81580 -1.53974 -20.05309 -8.18055 -0.02052 -2.54034 -0.92525 -0.00000 0.00000 -0.00000 -13.54741 -31.32053 -2.56547 120.03107 57.83000 -144.64459 4.97059 -6.15664 27.80819 0.68025 -14.42435 5.37170 -4.41468 7.99297 2.74185 -4.14823 4.50532 3.09421 -2.01606 0.19417 1.42306 -1.46416 0.61502 2.95162 -2.38250 -18.32450 3.16987 -0.79601 -5.60085 1.62984 -0.00000 0.00000 0.00000 -115.32550 60.10494 39.98332 35.24074 -34.12650 -88.04213 0.00000 -2.41204 0.00000 -0.52431 0.30277 -30.00411 -7.12502 -0.00000 0.00000 -18.59620 18.75049 1.30745 -0.00000 0.00000 0.00000 120.75241 51.80211 -35.98325 -35.13145 -37.89692 94.64468 -0.00000 -12.25050 -0.00000 2.59929 -0.56522 -12.25978 7.12502 -0.00000 -0.00000 28.05134 2.26999 -40.74892
-0.56986 0.91591 -0.07003 10.09728 -2.92135 -90.47137 -0.00000 0.00000 -0.00000 -26.70837 -40.16589 -3.67638 -7.70116 42.62948 19.57458 -0.68544 -19.12055 -5.58761 -0.00247 -0.88203 -0.32106 -0.00000 0.00000 -0.00000 -19.78316 -33.45984 4.60395 128.36625 49.29961 -154.96646 4.15175 -2.16008 31.26786 0.00049 -0.39459 0.14362 -4.39598 4.69203 2.07447 -3.29951 3.61270 2.49057 -0.98093 1.05255 1.14218 -1.84187 0.87080 2.99044 -0.94259 -20.14456 3.33085 -0.34143 -6.25052 1.60748 0.00000 0.00000 -0.00000 -100.77123 59.73615 28.33102 35.23841 -36.44003 -92.05199 0.00000 -9.43972 0.00000 1.51711 -0.81409 -28.21182 -7.12502 -0.00000 0.00000 -17.51611 16.58288 2.87719 0.00000 0.00000 -0.00000 120.38288 52.56017 -37.11365 -34.94890 -39.27696 97.16188 -0.00000 -11.98640 -0.00000 5.81153 -1.19976 -11.62480 7.12502 -0.00000 -0.00000 31.12239 3.09016 -39.89792
-0.55963 0.94056 -0.08022 9.44756 -1.98078 -90.63291 -0.00000 0.00000 -0.00000 -25.53671 -34.91122 -5.22356 -4.96110 35.85825 15.25210 0.42164 -16.04382 -1.19973 -0.04832 -3.89635 -1.42049 -0.00000 0.00000 -0.00000 -19.45319 -34.98551 9.28088 131.43524 44.33252 -159.17057 3.44208 0.74857 34.69728 0.16873 7.26208 -2.65838 -4.56616 5.17981 1.62226 -2.65751 3.54385 1.85560 -0.23387 0.69164 0.82649 -1.71500 -0.38094 2.61420 0.47063 -19.51072 3.06768 0.13432 -5.85521 1.36171 0.00000 0.00000 -0.00000 -77.36344 57.34010 9.36398 35.04565 -38.62279 -95.96049 0.00000 -15.55150 0.00000 1.88716 -1.09627 -30.14234 -7.12502 -0.00000 0.00000 -16.63967 16.83324 0.90348 0.00000 0.00000 -0.00000 110.07698 57.48292 -28.05567 -34.78258 -40.18598 98.85826 -0.00000 -14.90990 -0.00000 5.41013 -1.11969 -11.65840 7.12502 -0.00000 -0.00000 30.73794 3.00419 -39.96332
-0.54571 0.96658 -0.09120 9.56975 -1.23508 -89.28118 -0.00000 0.00000 -0.00000 -25.39526 -29.08143 -8.29166 -2.70980 27.63553 10.98585 1.36878 -13.38573 4.44793 -0.00423 -1.15360 -0.41994 -0.00000 0.00000 -0.00000 -18.21744 -39.34426 4.14065 131.78464 43.66304 -159.67355 4.10167 -0.40040 34.66741 0.09008 -5.31508 1.94047 -4.56496 4.67921 0.65284 -2.45398 3.62476 0.61062 0.01739 1.08717 0.19837 -2.07516 -1.33493 1.97294 3.15826 -18.96952 2.59531 1.09152 -5.55527 0.97623 0.00000 0.00000 0.00000 -54.65846 50.51990 -8.13327 34.83375 -39.92743 -98.37239 0.00000 -17.70920 0.00000 4.56568 -2.87354 -32.11982 -7.12502 -0.00000 0.00000 -13.91024 15.09372 -1.43575 0.00000 0.00000 0.00000 90.00227 60.91452 -8.28760 -34.71208 -40.51867 99.48760 -0.00000 -13.04800 -0.00000 4.55932 -0.78931 -9.80108 7.12502 -0.00000 -0.00000 29.79661 3.78470 -38.42445
-0.52825 0.97961 -0.10196 8.16077 0.71036 -86.57633 -0.00000 0.00000 -0.00000 -22.85329 -27.40392 -4.17789 -2.96427 28.76249 11.52433 0.71672 -11.34353 2.10636 -0.12770 -6.32330 -2.31151 -0.00000 0.00000 -0.00000 -8.25875 -42.95461 -1.19452 128.44770 49.18547 -155.07399 4.59748 -4.96472 28.18924 0.39128 -11.00652 4.05946 -3.30264 5.47893 -0.60643 -1.65370 4.06363 -1.04550 0.16408 1.13971 -0.61621 -2.38458 -2.57911 1.45959 5.19294 -17.31691 2.17072 1.82894 -4.84024 0.70597 0.00000 0.00000 0.00000 -38.13881 40.92456 -21.00957 34.99164 -39.00346 -96.65772 0.00000 -16.89150 0.00000 9.20924 -6.43973 -34.67461 -7.12502 -0.00000 0.00000 -9.49637 11.41347 -4.79165 0.00000 0.00000 0.00000 65.64331 58.09738 15.03870 -34.64624 -40.80890 100.04060 -0.00000 -15.68270 -0.00000 2.01525 -0.36324 -10.21341 7.12502 -0.00000 -0.00000 27.38582 3.12846 -38.98611
-0.50437 0.96939 -0.11235 6.68311 0.19923 -84.89067 -0.00000 0.00000 -0.00000 -23.82762 -29.11816 -2.71725 -7.98537 43.20812 19.99194 -0.39262 -10.07516 -4.08104 -0.61105 -13.69079 -5.08678 -0.00000 0.00000 -0.00000 3.05968 -49.47050 1.38239 119.45093 58.25736 -143.96082 4.00339 -6.97092 23.23988 0.79382 -15.54493 5.81089 -4.55436 6.97263 -1.33351 -1.03825 4.38095 -2.15688 1.54799 0.74882 -1.20763 -2.80552 -1.53932 0.94548 5.66824 -17.80409 1.52443 2.09402 -5.14373 0.36498 -0.00000 0.00000 0.00000 -25.75349 30.37774 -32.92304 35.25155 -34.42737 -88.55739 0.00000 -16.10220 0.00000 16.36838 -12.04451 -35.39198 -7.12502 -0.00000 0.00000 -3.75875 4.83756 -7.08015 -0.00000 0.00000 0.00000 46.20358 49.57318 33.06581 -34.93018 -39.39054 97.37207 -0.00000 -19.02020 -0.00000 -3.87320 0.55423 -8.13100 7.12502 -0.00000 -0.00000 21.64209 2.99057 -37.50925
-0.48676 0.94762 -0.11863 5.33901 -2.03465 -86.56553 -0.00000 0.00000 -0.00000 -26.41626 -27.99558 -1.34414 -16.96521 55.33531 31.75799 -0.78624 -3.79301 -9.63059 -0.22652 -8.40407 -3.08244 -0.00000 0.00000 -0.00000 13.21070 -53.33863 9.98499 91.36900 68.45273 -112.81505 3.87944 -7.61662 22.01242 0.32498 -10.04498 3.69656 -5.84711 6.77714 -0.81846 -1.85280 4.74075 -1.55005 1.38820 1.21031 -0.95214 -2.65821 -0.96500 0.53577 5.31720 -16.97908 0.93197 2.00610 -4.95927 0.11203 0.00000 0.00000 0.00000 -16.68037 20.03305 -43.34052 34.11464 -27.08689 -76.26921 0.00000 -13.17690 0.00000 16.93888 -12.65893 -35.73658 -7.12502 -0.00000 0.00000 -3.24118 4.24712 -7.59619 0.00000 0.00000 0.00000 35.37461 38.71860 44.30934 -35.26399 -35.41128 90.25465 -0.00000 -21.62580 -0.00000 -11.03774 1.00241 -5.12491 7.12502 -0.00000 -0.00000 14.70899 2.65165 -35.00521
-0.48233 0.93495 -0.12154 4.84441 -3.65730 -89.01632 -0.00000 0.00000 -0.00000 -29.01328 -20.07744 -0.00651 -14.43150 52.77870 28.62946 0.41941 4.16626 -10.72086 -0.01029 1.79918 0.65508 -0.00000 0.00000 -0.00000 18.60133 -52.22757 14.96717 34.68488 65.21906 -52.03555 3.31646 -10.52451 17.17595 0.66821 -14.29973 5.32316 -6.99344 4.20193 -0.53582 -2.31440 5.04578 -0.98520 1.49989 2.94666 -0.75124 -1.70403 0.61938 0.53950 4.03008 -17.43994 0.81468 1.45346 -5.36255 0.06023 -0.00000 0.00000 0.00000 -12.39048 11.33262 -51.41973 30.60495 -18.62235 -61.86200 0.00000 -6.52082 0.00000 15.37764 -11.24801 -35.34534 -7.12502 -0.00000 0.00000 -4.52800 5.77320 -6.78727 -0.00000 0.00000 0.00000 27.48618 28.24671 54.03988 -34.55505 -28.87885 79.23922 -0.00000 -20.80410 -0.00000 -13.60054 1.33526 -5.50160 7.12502 -0.00000 -0.00000 12.27874 2.08848 -35.49457
-0.48224 0.92073 -0.12620 6.38293 -5.48314 -90.74076 -0.00000 0.00000 -0.00000 -32.08361 -11.90132 0.41752 -7.28065 41.73777 18.94839 -2.81162 -6.57197 -18.72909 -0.58430 -13.39537 -4.97257 -0.00000 0.00000 -0.00000 21.30222 -50.50526 20.31841 11.39016 48.95579 -24.71140 0.62187 -14.88273 5.14536 0.33473 -10.19248 3.75207 -8.35114 0.59062 -0.40475 -2.86718 3.72545 -0.46793 1.68412 3.58253 -0.49903 -2.20474 0.27622 0.77988 4.88846 -13.54222 1.24426 1.94870 -4.59274 0.36897 0.00000 0.00000 0.00000 -10.81531 7.62133 -58.14673 25.32231 -11.37038 -47.80091 0.00000 -1.26802 0.00000 16.62342 -10.72667 -31.93981 -7.12502 -0.00000 0.00000 -4.39119 4.96961 -3.44452 0.00000 0.00000 0.00000 22.27341 21.83927 60.02405 -32.24909 -21.88715 67.55165 -0.00000 -18.47820 -0.00000 -15.52932 2.56824 -9.16045 7.12502 -0.00000 -0.00000 10.40390 1.04527 -39.32587
-0.47810 0.90854 -0.13420 8.08033 -6.05992 -87.89692 -0.00000 0.00000 -0.00000 -33.34148 -8.63998 2.29321 -4.72972 35.15788 14.85373 -5.61500 -19.11158 -19.34594 -0.10316 -5.68641 -2.07696 -0.00000 0.00000 -0.00000 18.89792 -52.90074 17.82665 6.88722 40.86202 -18.35230 1.49238 -13.28178 8.74810 0.19940 -7.88945 2.89104 -10.15139 -1.17376 -1.73707 -1.98880 2.39206 -2.05851 3.48081 3.44304 -1.28689 -2.48843 1.23136 0.71876 4.43215 -12.24056 1.11301 1.84556 -4.29819 0.37001 0.00000 0.00000 0.00000 -12.43950 8.42135 -60.05521 22.17644 -8.34317 -40.82721 0.00000 1.10082 -0.00000 16.95726 -10.04544 -29.77207 -7.12502 -0.00000 0.00000 -4.62691 4.84175 -1.20340 0.00000 0.00000 0.00000 16.89339 19.07661 64.16143 -29.14657 -16.24178 57.52091 -0.00000 -15.64430 -0.00000 -14.92189 5.22901 -18.88025 7.12502 -0.00000 -0.00000 10.37242 -0.77347 -49.21800
-0.47060 0.89362 -0.14015 8.59254 -7.51588 -85.13802 -0.00000 0.00000 -0.00000 -36.19925 -7.19802 0.66762 -4.50472 34.45150 14.45955 -4.16122 -27.98162 -14.03564 -0.36900 -10.69361 -3.94110 -0.00000 0.00000 -0.00000 15.73876 -53.63908 17.38217 9.40183 45.83910 -22.01134 0.42074 -13.23880 4.25359 0.06210 -4.41583 1.61063 -11.92645 -0.75482 -2.60588 -1.51337 1.95896 -3.26502 4.91603 3.05749 -1.89685 -1.99018 0.73628 0.91330 2.40020 -11.61583 1.19736 1.06104 -3.94469 0.49348 0.00000 0.00000 -0.00000 -13.81382 13.90654 -57.32413 24.46787 -10.47633 -45.83908 0.00000 1.69640 -0.00000 15.84477 -9.23083 -29.47511 -7.12502 -0.00000 0.00000 -5.58420 5.74085 -0.65365 0.00000 0.00000 -0.00000 17.52481 21.44888 62.82936 -28.93857 -15.93130 56.93899 -0.00000 -12.79560 -0.00000 -13.30803 5.61794 -22.48290 7.12502 -0.00000 -0.00000 11.61358 -1.57775 -52.63054
-0.47106 0.89525 -0.14391 8.68304 -6.38220 -84.56859 -0.00000 0.00000 -0.00000 -34.32691 -9.91613 -0.27710 -6.06488 38.88568 17.06982 -4.98072 -25.96967 -15.99279 -0.71910 -14.81846 -5.52560 -0.00000 0.00000 -0.00000 15.69214 -51.74988 15.55441 16.23286 54.64454 -30.86386 0.33547 -10.95191 3.76466 0.00188 -0.77023 0.28036 -9.59387 -1.03466 -2.23458 -1.22634 2.02204 -2.76944 3.93904 3.08117 -1.59875 -1.54655 -0.17252 0.79767 1.23769 -11.40629 0.94549 0.61686 -3.67350 0.39844 0.00000 0.00000 -0.00000 -11.29094 23.39045 -56.18951 27.85869 -14.41550 -54.03485 0.00000 -3.69956 0.00000 16.99327 -9.62384 -28.68077 -7.12502 -0.00000 0.00000 -4.84241 4.86781 -0.04708 0.00000 0.00000 -0.00000 23.78699 28.35208 55.69719 -31.30629 -19.92227 64.15752 -0.00000 -11.89870 -0.00000 -9.59762 3.18726 -18.20126 7.12502 -0.00000 -0.00000 15.86091 -0.77617 -47.72968
-0.47538 0.90660 -0.15498 8.96760 -4.47289 -80.68466 -0.00000 0.00000 -0.00000 -29.76406 -18.72031 -0.49807 -12.29567 50.19764 25.90078 -2.71729 -10.06822 -15.16216 -0.39764 -11.09416 -4.09265 -0.00000 0.00000 -0.00000 14.23332 -46.79701 11.77474 25.36400 61.27242 -41.60919 0.90848 -8.66371 7.29372 0.04432 3.73201 -1.36039 -8.54687 -0.56823 -2.17842 -0.55952 2.13713 -2.76161 4.06823 2.91522 -1.57152 -2.42652 -1.45326 -0.09378 2.20002 -10.56456 -0.16367 1.14289 -3.12934 -0.14272 0.00000 0.00000 -0.00000 -9.46239 35.41576 -57.42895 30.71540 -18.81941 -62.21297 0.00000 -4.88685 0.00000 15.14854 -8.79596 -29.45903 -7.12502 -0.00000 0.00000 -6.14661 6.29063 -0.49569 0.00000 0.00000 -0.00000 34.99077 36.94413 43.75570 -33.56765 -25.28375 73.27313 -0.00000 -17.26510 -0.00000 -5.29056 1.95669 -20.24009 7.12502 -0.00000 -0.00000 20.12620 -1.48290 -49.03933
-0.48357 0.91905 -0.16661 8.54963 -1.24812 -75.24352 -0.00000 0.00000 -0.00000 -24.70519 -30.26578 -2.97148 -28.67995 62.90936 45.36090 -0.58394 -3.94625 -7.62289 -0.05488 -4.15164 -1.51390 -0.00000 0.00000 -0.00000 14.18280 -38.25643 6.32717 29.57508 63.30226 -46.36457 0.91690 -5.12698 9.38456 0.24696 8.77109 -3.21928 -5.75396 0.40580 -2.09717 0.24968 2.28576 -2.77221 3.38219 2.41439 -1.51135 -4.50898 -4.25988 -1.34518 4.18601 -7.63617 -1.60819 2.13478 -1.60595 -0.80979 0.00000 0.00000 -0.00000 -8.15712 48.50394 -58.83720 32.39932 -22.22908 -68.13470 0.00000 -2.26845 0.00000 10.16994 -6.72830 -33.14941 -7.12502 -0.00000 0.00000 -9.17193 10.47437 -3.39011 0.00000 0.00000 -0.00000 53.69679 43.26866 24.93565 -34.90916 -30.77961 82.39878 -0.00000 -19.74830 -0.00000 -3.37214 1.25556 -20.39884 7.12502 -0.00000 -0.00000 22.08647 -1.57716 -48.88028
-0.49624 0.92743 -0.17501 8.16433 1.74752 -70.41275 -0.00000 0.00000 -0.00000 -23.32280 -40.50588 -9.51904 -53.58430 69.11125 72.49787 0.78703 -9.85841 3.61624 -0.04979 -3.95491 -1.44191 -0.00000 0.00000 -0.00000 17.02629 -26.93037 3.93133 22.42875 59.53964 -38.23420 0.20436 -2.39530 4.45844 0.03339 3.23977 -1.18052 -2.95613 0.69381 -2.21341 1.04767 2.54623 -2.97212 2.62903 2.43064 -1.56771 -5.80112 -5.24266 -2.23538 4.41815 -7.31000 -2.70606 2.43759 -1.26591 -1.31963 -0.00000 0.00000 0.00000 -8.59306 60.09762 -56.98219 33.15640 -24.11336 -71.31681 0.00000 2.54535 -0.00000 9.62621 -6.87080 -35.19677 -7.12502 -0.00000 0.00000 -9.02064 11.06714 -5.40863 -0.00000 0.00000 0.00000 71.38169 45.84810 7.93519 -35.25238 -36.06570 91.39507 -0.00000 -20.86280 -0.00000 0.77230 -0.29106 -20.64904 7.12502 -0.00000 -0.00000 26.32959 -1.70331 -48.43727
-0.50874 0.91736 -0.18413 8.14198 2.76009 -65.39575 -0.00000 0.00000 -0.00000 -30.28315 -49.04188 -23.26968 -77.65821 69.81221 98.15294 -0.07099 -8.60122 -2.01953 -0.03781 -3.44741 -1.25637 -0.00000 0.00000 -0.00000 19.84433 -14.93471 2.07876 11.35963 48.91216 -24.67091 1.03256 -15.72093 6.68592 0.96143 -17.04803 6.40816 -2.07606 2.24077 -2.42380 1.51493 2.25707 -3.28957 2.70434 1.26741 -1.69687 -6.91317 -6.06014 -2.72872 2.73985 -6.83951 -3.33340 2.05765 -0.95662 -1.58852 -0.00000 0.00000 0.00000 -14.27020 70.46959 -49.42086 33.13368 -24.05218 -71.21419 0.00000 4.25318 -0.00000 13.08019 -9.57349 -35.59532 -7.12502 -0.00000 0.00000 -6.23062 7.89593 -6.52478 -0.00000 0.00000 0.00000 83.43154 46.61023 -4.49813 -34.75131 -40.33660 99.14260 -0.00000 -20.37720 -0.00000 4.82296 -1.73132 -19.70098 7.12502 -0.00000 -0.00000 30.46821 -1.15234 -46.95787
-0.51716 0.89977 -0.18730 9.14430 5.82983 -65.07112 -0.00000 0.00000 -0.00000 -40.41055 -58.92624 -39.10744 -91.14742 68.48674 112.57685 -0.46595 -4.53879 -6.03037 -0.68873 -14.51136 -5.40563 -0.00000 0.00000 -0.00000 23.75109 -11.91630 1.91067 7.98590 43.20918 -19.99271 -0.24180 -25.39098 3.94942 1.11230 -18.27977 6.90533 1.32347 2.03986 -1.43217 2.01070 1.82544 -1.92332 1.32215 0.75336 -0.97008 -3.03906 -4.90373 -2.63375 -3.41193 -9.49146 -3.90374 -0.44977 -2.16016 -1.86805 0.00000 0.00000 0.00000 -44.35831 75.47126 -18.11644 32.20220 -21.78227 -67.37241 0.00000 7.59192 -0.00000 18.13969 -13.28651 -35.04931 -7.12502 -0.00000 0.00000 -2.49418 3.21556 -7.16867 0.00000 0.00000 0.00000 84.64302 47.63798 -7.13624 -33.87887 -43.36406 105.09123 -0.00000 -18.57290 -0.00000 8.18400 -3.16883 -21.02504 7.12502 -0.00000 -0.00000 33.92342 -1.70008 -47.52574
-0.52650 0.88911 -0.18520 10.47984 6.79595 -67.61607 -0.00000 0.00000 -0.00000 -53.60281 -63.68659 -53.78114 -89.44896 68.73283 110.75276 -0.12360 -3.41951 -2.60757 -1.17961 -18.79871 -7.11703 -0.00000 0.00000 -0.00000 23.05474 -13.99168 -1.93678 8.04563 43.32845 -20.07986 1.28340 -28.85216 7.97965 0.80969 -15.69441 5.86985 2.68345 1.02002 0.07820 1.74589 2.33835 0.04417 0.28658 1.82792 0.03900 -1.54288 -6.17518 -1.90404 -5.60074 -10.00076 -3.15088 -1.42809 -2.18110 -1.52384 -0.00000 0.00000 -0.00000 -78.58281 68.89173 15.48919 30.56471 -18.55123 -61.73505 0.00000 11.33660 -0.00000 26.15196 -19.45346 -34.14763 -7.12502 -0.00000 0.00000 3.20873 -4.37287 -8.67437 -0.00000 0.00000 -0.00000 74.31811 47.58990 1.38269 -33.06307 -45.26205 109.10141 -0.00000 -20.65730 -0.00000 6.85791 -2.91877 -22.94727 7.12502 -0.00000 -0.00000 32.59771 -2.79839 -49.36590
-0.54393 0.88763 -0.18554 9.40396 4.69857 -69.97375 -0.00000 0.00000 -0.00000 -55.75659 -62.98965 -53.26852 -69.99670 70.00000 89.99649 -0.06411 -2.46819 -1.87575 -0.39642 -11.07747 -4.08633 -0.00000 0.00000 -0.00000 20.63864 -13.31084 -4.10293 9.35215 45.75326 -21.94204 1.71330 -26.10462 8.72735 1.10688 -18.23723 6.88803 1.03917 2.17616 1.62326 0.35634 2.63521 2.14207 -0.19572 1.50567 1.07228 -1.07779 -5.40688 -1.71959 -5.10578 -7.92330 -2.71128 -1.36681 -1.62302 -1.32875 -0.00000 0.00000 0.00000 -90.48107 58.71790 27.98830 28.48662 -15.27812 -55.70097 0.00000 0.67739 -0.00000 31.56651 -23.13360 -32.59683 -7.12502 -0.00000 0.00000 6.69415 -9.29856 -9.00570 -0.00000 0.00000 0.00000 65.16357 44.17294 9.62776 -33.28091 -44.80478 108.11156 -0.00000 -20.03490 -0.00000 5.02654 -2.17117 -23.30299 7.12502 -0.00000 -0.00000 30.69157 -2.98514 -50.01412
-0.56622 0.88429 -0.18257 6.20627 2.21001 -71.61278 -0.00000 0.00000 -0.00000 -49.47546 -59.33752 -42.71657 -41.73562 67.15008 59.73955 -0.02601 0.27571 -3.90493 -0.95799 -17.01870 -6.39642 -0.00000 0.00000 -0.00000 18.19315 -12.58611 -5.44287 13.39287 51.57944 -27.31472 1.73893 -16.87637 9.01923 0.72936 -14.92059 5.56558 0.08935 3.09613 2.95318 -1.11390 3.23967 3.90396 -1.17062 1.67542 1.94645 -2.52730 -5.32994 -1.51604 -1.96182 -2.25872 -1.93568 -0.21219 0.18348 -0.98324 -0.00000 0.00000 0.00000 -88.02938 49.97641 26.20532 24.23409 -10.24169 -45.31205 0.00000 -3.16973 0.00000 30.34647 -18.83306 -28.87230 -7.12502 -0.00000 0.00000 5.49207 -6.32896 -3.90479 -0.00000 0.00000 0.00000 58.09647 38.60891 17.31277 -34.36266 -41.89468 102.14453 -0.00000 -24.34550 -0.00000 -0.45355 0.20855 -24.69357 7.12502 -0.00000 -0.00000 24.89406 -3.41255 -52.30945
-0.59634 0.88049 -0.17774 1.85048 0.64257 -70.82836 -0.00000 0.00000 -0.00000 -42.71317 -52.03040 -32.30676 -21.66911 59.03935 37.35067 0.24039 3.25704 -6.62594 -0.92275 -16.71498 -6.27497 -0.00000 0.00000 -0.00000 16.34271 -9.62237 -8.69204 16.43391 54.83780 -31.11008 1.17881 -8.30982 8.97776 0.03828 -3.46854 1.26409 0.32582 1.90400 3.48957 -1.93347 3.91627 4.64579 -1.99044 3.14092 2.33593 -3.99553 -3.48272 -1.35483 0.95157 4.15908 -1.64519 0.91351 1.94180 -0.86327 -0.00000 0.00000 0.00000 -82.32024 42.98303 21.87359 17.49139 -4.94739 -31.37179 0.00000 8.21097 -0.00000 25.65876 -15.14151 -28.53482 -7.12502 -0.00000 0.00000 1.95243 -2.09544 -2.00597 -0.00000 0.00000 0.00000 53.22609 32.06422 24.17180 -35.23635 -36.48550 92.13202 -0.00000 -28.18940 -0.00000 -1.17831 0.60879 -27.32014 7.12502 -0.00000 -0.00000 23.93715 -4.42726 -54.86465
-0.63214 0.86941 -0.17298 -3.66008 0.97402 -70.30512 -0.00000 0.00000 -0.00000 -34.90330 -44.92904 -22.57199 -14.05410 52.35429 28.15418 0.22990 3.61681 -4.45258 -0.77708 -15.38553 -5.74811 -0.00000 0.00000 -0.00000 17.79536 -3.44101 -11.59275 17.16320 55.51597 -31.99845 0.62587 -2.97974 9.07610 0.05091 3.99919 -1.45811 1.57829 -0.71322 3.92141 -1.51794 4.62401 5.20731 -1.95110 5.44013 2.66221 -3.33437 -1.61755 -1.00505 1.25486 11.08419 -1.39668 0.90766 3.93337 -0.81360 0.00000 0.00000 -0.00000 -77.51023 40.35152 20.18601 11.05175 -1.89400 -19.39182 0.00000 15.91080 -0.00000 15.00570 -8.05174 -27.58844 -7.12502 -0.00000 0.00000 -6.69539 6.39581 1.50104 0.00000 0.00000 -0.00000 48.64966 26.44827 31.38260 -34.57081 -28.95185 79.36029 -0.00000 -31.97320 -0.00000 -1.81629 1.04299 -29.85667 7.12502 -0.00000 -0.00000 23.00443 -5.33836 -57.36013
-0.66639 0.84765 -0.16848 -7.81992 0.81771 -69.76482 -0.00000 0.00000 -0.00000 -31.17150 -40.45479 -17.44159 -14.51577 52.87178 28.73522 -0.07712 1.12862 -9.26330 -0.04492 3.75690 1.36949 -0.00000 0.00000 -0.00000 17.90092 1.75561 -15.04379 18.15494 56.38438 -33.19536 0.45329 -0.55983 11.20147 0.14107 6.64421 -2.42992 1.89702 -3.70423 4.25339 -1.27252 4.91267 5.61022 -1.53020 7.47052 2.87142 -3.41772 -1.60090 -0.50910 2.04730 18.13591 -1.03987 1.11738 5.75638 -0.70132 -0.00000 0.00000 -0.00000 -77.44516 44.99060 26.24293 8.86390 -1.20705 -15.47916 0.00000 18.13750 -0.00000 -1.67023 0.69399 -22.55688 -7.12502 -0.00000 0.00000 -21.72627 16.98468 8.75574 -0.00000 0.00000 -0.00000 44.08720 21.07799 38.79079 -31.63950 -20.58464 65.31083 -0.00000 -35.56400 -0.00000 -3.13336 1.95271 -31.90049 7.12502 -0.00000 -0.00000 21.30091 -5.83675 -59.61824
-0.69501 0.82216 -0.16350 -11.14177 0.97822 -69.62747 -0.00000 0.00000 -0.00000 -29.43371 -39.12335 -16.40181 -20.55916 58.26466 36.05104 -1.42320 -7.06583 -11.13929 -0.05466 4.14357 1.51095 -0.00000 0.00000 -0.00000 18.04549 6.80505 -17.93637 18.26502 56.47718 -33.32747 0.21120 1.70752 14.56841 0.55938 13.11347 -4.86388 2.72361 -5.10722 4.56320 -1.20054 4.68094 5.94334 -1.74835 8.12198 3.07701 -3.19988 0.08642 -0.36613 2.52408 20.45971 -1.13643 1.22633 6.20292 -0.76549 0.00000 0.00000 0.00000 -87.16323 53.62589 42.11382 9.63748 -1.43126 -16.85611 0.00000 15.09890 -0.00000 -15.06849 4.90296 -17.61224 -7.12502 -0.00000 0.00000 -33.98125 23.76284 14.12806 0.00000 0.00000 0.00000 39.24196 16.47484 46.25445 -26.80107 -13.06722 51.34963 -0.00000 -37.20990 -0.00000 -2.36908 1.59878 -33.99494 7.12502 -0.00000 -0.00000 21.87355 -6.77826 -61.38303
-0.71340 0.79816 -0.16558 -12.82698 0.39146 -70.29773 -0.00000 0.00000 -0.00000 -28.39136 -40.36244 -14.43953 -27.44683 62.33564 43.97227 -2.09301 -11.73688 -11.67377 -0.14431 6.71955 2.45774 -0.00000 0.00000 -0.00000 18.18122 10.39477 -17.73965 18.68813 56.82751 -33.83397 0.20427 2.63379 18.49260 0.97920 17.19845 -6.46849 1.29132 -3.79680 4.91143 -1.60411 4.75692 6.55949 -1.39581 7.35965 3.31315 -5.76933 -0.56405 0.15374 5.95580 22.35024 -0.96493 2.80101 6.92335 -0.65062 0.00000 0.00000 -0.00000 -90.28400 54.81851 47.90859 8.95592 -1.23266 -15.64261 0.00000 19.70530 -0.00000 -12.68050 4.32330 -18.52280 -7.12502 -0.00000 0.00000 -31.81932 22.60261 13.22567 0.00000 0.00000 -0.00000 36.12300 11.84711 52.93603 -21.69856 -7.94165 39.82015 -0.00000 -37.08530 -0.00000 -1.28715 0.94647 -36.32207 7.12502 -0.00000 -0.00000 22.78031 -7.95499 -63.23944
-0.71573 0.78285 -0.17097 -10.83009 0.17500 -71.12678 -0.00000 0.00000 -0.00000 -30.55702 -43.88121 -16.95043 -32.14241 64.32983 49.22525 -2.47086 -14.06113 -12.17694 -0.09622 5.49255 2.00568 -0.00000 0.00000 -0.00000 18.51014 9.11942 -13.57843 20.62129 58.30946 -36.12407 1.01895 1.27948 22.34548 1.00752 17.43522 -6.56366 0.13539 -1.87929 5.33570 -3.33320 5.22142 7.25793 -2.62078 6.87662 3.64381 -3.40707 0.52528 -0.56657 5.10447 19.40735 -1.80840 1.99473 5.82485 -0.92557 -0.00000 0.00000 0.00000 -68.48556 35.25239 26.47879 6.20871 -0.58728 -10.79655 0.00000 39.10420 -0.00000 -7.41207 2.59015 -19.15620 -7.12502 -0.00000 0.00000 -27.38200 19.33559 12.41128 -0.00000 0.00000 0.00000 39.51862 6.36116 56.75852 -18.43795 -5.54317 33.21681 -0.00000 -29.82350 -0.00000 -2.80790 1.99171 -35.32188 7.12502 -0.00000 -0.00000 21.17335 -7.13120 -62.77059
-0.70236 0.77747 -0.18259 -6.49242 1.86134 -69.15425 -0.00000 0.00000 -0.00000 -36.31397 -48.52152 -25.55597 -32.37253 64.41528 49.48048 -2.08944 -13.38748 -11.02403 -0.25641 8.93557 3.28070 -0.00000 0.00000 -0.00000 20.58021 2.94640 -10.59065 23.50267 60.20872 -39.47580 3.05612 -2.95719 25.11727 0.57381 13.27750 -4.92709 -1.41166 0.97388 4.65490 -3.98000 6.35707 6.31978 -2.72929 6.33048 3.10440 -5.30689 -1.05174 -0.36216 6.87881 15.99769 -1.36474 2.89924 5.02584 -0.65895 0.00000 0.00000 -0.00000 -61.97172 10.35061 12.98723 5.70336 -0.49495 -9.91156 0.00000 53.84060 -0.00000 0.09695 -0.03101 -17.73667 -7.12502 -0.00000 0.00000 -21.47120 14.08126 13.26077 0.00000 0.00000 -0.00000 41.12189 1.81738 58.73361 -18.84308 -5.81118 34.01523 -0.00000 -31.24710 -0.00000 -4.97245 3.54324 -35.38740 7.12502 -0.00000 -0.00000 18.67557 -6.49046 -63.49124
-0.67323 0.78853 -0.19898 -0.91911 4.02781 -67.07330 -0.00000 0.00000 -0.00000 -43.24616 -52.60572 -34.71105 -25.25415 61.21278 41.48389 -1.15341 -8.78492 -8.61381 -0.15321 6.92230 2.53267 -0.00000 0.00000 -0.00000 21.92585 -6.97940 -7.76879 27.36699 62.29713 -43.88211 4.76057 -8.16250 24.59642 0.23927 8.63495 -3.16849 -3.40353 6.97817 4.05543 -3.96040 7.92106 5.11320 -2.10299 4.40727 2.37451 -6.35545 -1.82717 -1.04391 5.89405 8.88096 -1.63161 3.00664 3.34488 -0.83570 0.00000 0.00000 -0.00000 -67.33826 -3.68295 0.49309 5.58146 -0.47388 -9.69834 0.00000 51.07730 -0.00000 13.43366 -5.57270 -22.12469 -7.12502 -0.00000 0.00000 -9.19205 7.14551 7.45122 0.00000 0.00000 -0.00000 38.64826 -2.99488 58.91757 -21.59827 -7.85912 39.61024 -0.00000 -36.80970 -0.00000 -5.97586 4.30868 -35.66780 7.12502 -0.00000 -0.00000 17.47171 -6.24676 -64.07018
-0.63733 0.81121 -0.21629 7.05617 7.58917 -65.96470 -0.00000 0.00000 -0.00000 -50.88624 -57.18139 -44.01632 -15.38586 53.79850 29.81988 -0.38847 -2.98464 -6.44345 -0.03400 3.26936 1.19133 -0.00000 0.00000 -0.00000 24.07266 -19.87372 -3.60494 29.39143 63.22319 -46.15893 5.61789 -14.67682 21.66486 0.02601 2.86007 -1.04190 -3.87228 12.96154 3.56354 -4.41234 8.86897 3.91293 -2.74680 2.15868 1.74478 -5.95720 -4.57435 -1.73288 5.00744 1.89464 -2.11984 2.56899 1.52765 -1.01441 0.00000 0.00000 -0.00000 -72.75985 -2.33002 -12.64620 5.88822 -0.52779 -10.23511 0.00000 41.55650 -0.00000 21.90809 -9.55883 -22.43667 -7.12502 -0.00000 0.00000 -2.06017 1.68705 5.70259 0.00000 0.00000 -0.00000 35.08655 -9.21816 57.74881 -24.51937 -10.52857 45.95570 -0.00000 -40.40900 -0.00000 -7.85254 5.59507 -35.25749 7.12502 -0.00000 -0.00000 15.40351 -5.51410 -64.22733
-0.60749 0.83991 -0.22896 18.06379 12.06518 -66.45698 -0.00000 0.00000 -0.00000 -60.39729 -61.25714 -54.88977 -8.00355 43.24450 20.01848 -0.38441 -2.69521 -6.69709 -1.11654 -18.31298 -6.91883 -0.00000 0.00000 -0.00000 27.32840 -33.78636 2.22238 26.72248 61.97992 -43.15310 5.25100 -19.33224 18.35016 0.00461 -1.20464 0.43852 -4.28782 15.44746 2.90625 -4.77508 7.70944 2.74875 -3.05828 -0.41650 1.19790 -3.36102 -6.08905 -1.80890 2.35733 -3.47364 -2.24379 1.25628 0.00783 -1.10224 0.00000 0.00000 0.00000 -78.53965 -6.25463 -25.05877 4.21006 -0.26888 -7.30526 0.00000 54.77510 -0.00000 23.66191 -9.19588 -20.03773 -7.12502 -0.00000 0.00000 -0.98371 0.74098 8.01452 0.00000 0.00000 0.00000 31.65173 -15.28591 56.21995 -26.09129 -12.22752 49.61965 -0.00000 -42.01380 -0.00000 -7.94016 5.75833 -35.72953 7.12502 -0.00000 -0.00000 15.20537 -5.59304 -64.72718
-0.58703 0.86544 -0.23503 26.85486 15.63174 -68.89791 -0.00000 0.00000 -0.00000 -67.01398 -67.10549 -56.27924 -4.27066 33.68809 14.04174 -0.56209 -1.99746 -9.77945 -2.22088 -25.25891 -9.88835 -0.00000 0.00000 -0.00000 31.58669 -41.66397 6.47643 19.66609 57.60050 -34.99719 4.04792 -23.43799 14.32545 0.09537 -5.46832 1.99678 -4.86690 16.56659 1.87761 -4.17977 7.10432 1.23816 -1.99255 -1.71583 0.45532 -4.75642 -4.90427 -1.21395 2.50868 -9.19495 -1.47676 1.64712 -2.01354 -0.69736 0.00000 0.00000 0.00000 -80.19245 -2.59905 -33.74682 3.70887 -0.20850 -6.43297 0.00000 54.38580 -0.00000 20.35382 -7.65105 -19.74236 -7.12502 -0.00000 0.00000 -3.80497 2.77958 8.90222 0.00000 0.00000 0.00000 30.06362 -20.03474 60.17714 -26.43351 -12.62629 50.44720 -0.00000 -42.65370 -0.00000 -7.24228 5.16429 -35.31046 7.12502 -0.00000 -0.00000 16.09019 -5.73187 -64.09797
-0.57317 0.87750 -0.23569 32.01777 18.18201 -72.39862 -0.00000 0.00000 -0.00000 -81.02777 -80.34174 -51.76591 -3.62407 31.40731 12.84017 0.49032 5.49424 -24.32024 -2.23687 -25.34167 -9.92575 -0.00000 0.00000 -0.00000 35.26690 -44.32468 7.30035 13.76368 52.01900 -27.78657 4.24703 -26.22117 14.38494 0.08925 -5.29072 1.93152 -3.48152 17.40193 1.10992 -4.93397 7.17681 0.33277 -3.44584 -2.06632 0.03638 -2.69459 -5.79834 -0.24705 3.10433 -10.62134 -0.18897 1.45533 -2.37220 -0.14557 0.00000 0.00000 -0.00000 -76.72757 -0.38012 -39.89440 4.19798 -0.26733 -7.28422 0.00000 53.99230 -0.00000 20.96046 -8.10921 -20.21542 -7.12502 -0.00000 0.00000 -3.21738 2.40213 8.29150 0.00000 0.00000 -0.00000 34.40158 -22.18076 65.94018 -26.51191 -12.71921 50.63845 -0.00000 -43.35710 -0.00000 -8.07230 5.72585 -35.12444 7.12502 -0.00000 -0.00000 15.18004 -5.40913 -64.15920
-0.55669 0.87814 -0.23763 34.11970 19.66200 -73.07751 -0.00000 0.00000 -0.00000 -104.69494 -83.36535 -70.64712 -3.86960 32.30544 13.30536 1.82515 8.60258 -28.52457 -1.84115 -23.17260 -8.96272 -0.00000 0.00000 -0.00000 36.78983 -47.83101 7.67475 13.49894 51.70652 -27.44998 5.23410 -25.85342 16.55100 0.00135 0.65296 -0.23767 -1.83408 20.78332 -0.73761 -4.92539 7.44114 -1.98922 -3.95991 -3.65191 -1.08521 -1.78339 -7.23040 0.99194 3.97951 -10.17682 1.51476 1.53283 -2.03330 0.66813 -0.00000 0.00000 0.00000 -72.83083 -0.17802 -45.38399 3.93758 -0.23509 -6.83089 0.00000 50.43950 -0.00000 23.85615 -8.09727 -17.66737 -7.12502 -0.00000 0.00000 -1.15430 0.79042 10.60256 -0.00000 0.00000 0.00000 38.02946 -21.82356 71.65687 -26.75103 -13.00640 51.22591 -0.00000 -42.17700 -0.00000 -10.37189 7.02529 -33.75269 7.12502 -0.00000 -0.00000 12.86103 -4.36515 -63.43668
-0.53911 0.86868 -0.23896 34.47137 18.73318 -74.24024 -0.00000 0.00000 -0.00000 -102.74491 -78.84217 -78.95104 -4.94383 35.80684 15.22259 -0.35335 2.61710 -20.41939 -1.91047 -23.57210 -9.13746 -0.00000 0.00000 -0.00000 37.92095 -54.44596 12.65888 22.97402 59.88475 -38.86566 4.56186 -18.38354 16.92862 0.01333 -2.04802 0.74576 -2.56978 25.29442 -1.29742 -4.75688 8.31920 -3.14615 -3.13117 -4.96111 -1.66872 -1.72897 -6.59209 1.87617 3.29440 -11.98650 2.68625 1.26378 -2.76952 1.23604 -0.00000 0.00000 -0.00000 -69.30837 0.65579 -50.47081 3.71133 -0.20878 -6.43725 0.00000 45.05960 -0.00000 26.70501 -7.97836 -15.42478 -7.12502 -0.00000 0.00000 0.99727 -0.63148 12.66060 -0.00000 0.00000 -0.00000 38.93709 -22.96068 75.24550 -27.50012 -13.94445 53.10866 -0.00000 -41.72360 -0.00000 -10.30645 6.96139 -33.68333 7.12502 -0.00000 -0.00000 12.94940 -4.37337 -63.34734
-0.52194 0.85368 -0.23837 30.55297 17.48997 -74.63771 -0.00000 0.00000 -0.00000 -94.65430 -76.11721 -81.14342 -10.17614 47.12349 23.07905 -1.50515 -6.12290 -12.40759 -2.74141 -27.77923 -11.05383 -0.00000 0.00000 -0.00000 37.38431 -60.80135 13.49861 47.17131 68.21728 -65.61433 2.85148 -10.95220 15.10672 0.02133 2.59032 -0.94349 -2.73518 32.45971 -1.32043 -4.37175 10.14778 -3.72360 -2.52397 -6.26375 -1.99430 -1.79575 -6.77254 2.64033 2.57549 -13.59542 3.67576 0.99265 -3.30233 1.72918 -0.00000 0.00000 0.00000 -63.98182 -0.48635 -56.74281 2.70499 -0.11076 -4.68868 0.00000 39.47400 -0.00000 27.08825 -6.80011 -13.03449 -7.12502 -0.00000 0.00000 1.09151 -0.62249 15.30753 -0.00000 0.00000 0.00000 38.34471 -24.84522 77.57688 -28.58045 -15.41141 55.95517 -0.00000 -43.95450 -0.00000 -11.18586 7.63936 -33.91111 7.12502 -0.00000 -0.00000 11.90950 -4.12442 -63.83022
-0.50427 0.81953 -0.23913 22.81573 15.89809 -74.01560 -0.00000 0.00000 -0.00000 -94.02872 -77.30517 -86.38981 -34.30211 65.09262 51.61375 -1.75325 -8.65099 -11.80105 -2.16211 -24.95141 -9.74982 -0.00000 0.00000 -0.00000 31.85771 -65.40278 7.04412 83.93522 69.36634 -104.84946 1.90012 -11.41364 11.01740 0.31685 -9.92025 3.64966 -5.34150 42.87427 -1.96623 -1.42903 10.04833 -5.94214 2.80740 -8.55420 -3.03811 -7.61655 -7.44163 4.93770 3.03804 -13.89393 7.16173 2.03368 -3.67706 3.77382 -0.00000 0.00000 -0.00000 -65.19323 -4.38763 -53.66117 3.82176 -0.22142 -6.62935 0.00000 28.98130 -0.00000 27.98318 -5.79409 -10.75802 -7.12502 -0.00000 0.00000 1.68686 -0.86792 17.78118 -0.00000 0.00000 -0.00000 33.26222 -21.59903 81.70027 -29.93551 -17.48186 59.80704 -0.00000 -46.17150 -0.00000 -11.30792 8.20355 -35.51096 7.12502 -0.00000 -0.00000 11.40425 -4.32910 -65.51693
-0.48799 0.77639 -0.23666 15.26947 13.96567 -75.05683 -0.00000 0.00000 -0.00000 -87.56079 -80.21302 -85.80790 -93.98256 68.01666 115.62913 -1.66606 -8.74296 -11.30911 -0.98599 -17.25560 -6.49144 -0.00000 0.00000 -0.00000 24.57241 -69.08899 -0.01304 104.65258 65.43207 -127.23534 2.22735 -9.37408 13.55080 1.27038 -19.47229 7.39393 -5.98029 51.14339 0.59536 -2.55504 9.25680 -4.41201 0.57975 -10.23780 -2.38632 -2.37609 -5.39904 4.88896 0.35831 -15.06912 6.54031 0.15554 -4.07074 3.26158 -0.00000 0.00000 -0.00000 -59.03224 0.31630 -51.60582 5.06777 -0.39023 -8.80076 0.00000 17.81760 -0.00000 27.29058 -4.84147 -9.29051 -7.12502 -0.00000 0.00000 0.97572 -0.46514 19.51446 -0.00000 0.00000 -0.00000 32.41511 -21.22393 75.07707 -31.41795 -20.14073 64.53904 -0.00000 -47.12070 -0.00000 -11.19969 8.27460 -36.01179 7.12502 -0.00000 -0.00000 11.40793 -4.44299 -66.00280
-0.47872 0.71553 -0.22725 13.56201 10.54207 -76.20324 -0.00000 0.00000 -0.00000 -97.03884 -80.24538 -98.13624 -121.56650 56.61787 146.47061 -1.30586 -8.76878 -9.44013 -0.88279 -16.36261 -6.13458 -0.00000 0.00000 -0.00000 4.04998 -79.58189 -15.92856 117.73413 59.43432 -141.95485 4.32957 -7.16938 24.22311 0.47353 -12.08717 4.47035 -6.60295 52.35144 -0.12214 -3.26037 8.78097 -5.88722 0.65380 -10.86613 -2.98032 -0.59057 -5.40900 5.88325 -1.24330 -15.24788 7.67740 -0.74932 -3.99313 3.78813 -0.00000 0.00000 -0.00000 -60.42888 0.01219 -48.28835 5.24296 -0.41783 -9.10670 0.00000 11.66520 -0.00000 28.20002 -4.29168 -7.94514 -7.12502 -0.00000 0.00000 1.70509 -0.76085 20.95932 -0.00000 0.00000 -0.00000 30.01749 -18.81748 70.94189 -32.72788 -23.01090 69.46085 -0.00000 -47.60200 -0.00000 -11.57606 8.74270 -36.57719 7.12502 -0.00000 -0.00000 10.83720 -4.37018 -66.70507
-0.47521 0.64185 -0.22071 14.62058 9.86969 -76.46107 -0.00000 0.00000 -0.00000 -105.23095 -79.37574 -110.13242 -126.95541 51.15437 153.13113 -2.76956 -9.55856 -15.74710 -2.39949 -26.16287 -10.30003 -0.00000 0.00000 -0.00000 -118.49069 -84.44169 -135.50479 124.67226 53.73848 -150.25218 4.93995 -9.43298 23.85066 0.82333 -15.82153 5.92007 -4.99010 49.72229 -2.14513 -2.74558 8.42606 -6.97059 1.46559 -10.81765 -3.42963 -0.53213 -7.23977 6.73935 -2.02561 -14.55494 8.74125 -0.94368 -3.37535 4.33346 -0.00000 0.00000 -0.00000 -60.49621 2.81352 -43.34567 7.23068 -0.79880 -12.59181 0.00000 2.21854 -0.00000 30.90749 -5.32645 -8.81420 -7.12502 -0.00000 0.00000 4.14983 -1.96422 19.71377 -0.00000 0.00000 -0.00000 26.95525 -17.72732 66.10050 -33.90478 -26.35359 75.05256 -0.00000 -49.11010 -0.00000 -10.73605 8.87413 -39.13229 7.12502 -0.00000 -0.00000 11.14967 -5.05710 -69.09627
-0.47497 0.56197 -0.21394 17.04469 9.65423 -78.99380 -0.00000 0.00000 -0.00000 -157.67099 -78.78749 -163.09967 -132.17562 42.88265 160.24392 -8.82365 -15.32898 -29.24241 -1.82284 -23.06557 -8.91610 -0.00000 0.00000 -0.00000 -160.69968 -74.63859 -174.46508 129.10124 48.23882 -155.94370 4.87367 -8.44966 24.66270 0.15835 7.03677 -2.57500 -2.99475 43.60848 -1.91102 -4.13264 9.33644 -5.48898 -1.25106 -10.11955 -2.81260 2.62520 -7.15761 6.27940 -3.98047 -15.67344 7.70989 -2.14505 -3.59548 3.67899 0.00000 0.00000 0.00000 -55.38733 11.32424 -42.52761 9.18123 -1.29659 -16.04320 0.00000 -7.10072 0.00000 31.59735 -6.49283 -10.41617 -7.12502 -0.00000 0.00000 4.82805 -2.49220 17.76028 0.00000 0.00000 0.00000 25.37877 -19.33069 55.35091 -34.83661 -30.33357 81.65554 -0.00000 -52.32240 -0.00000 -9.96231 8.55675 -40.26734 7.12502 -0.00000 -0.00000 11.75544 -5.57266 -70.01576
-0.47245 0.48911 -0.21271 12.40722 7.61335 -78.72270 -0.00000 0.00000 -0.00000 -179.66390 -70.22382 -182.68435 -135.56047 34.24189 165.65600 -4.54445 -10.39153 -21.63319 -2.30095 -25.66964 -10.07456 -0.00000 0.00000 -0.00000 -145.57796 -70.16485 -157.27869 134.01210 38.68951 -163.05307 8.09596 -11.03330 31.23411 0.38536 10.92441 -4.02837 -9.44934 46.77458 0.84582 -0.17335 10.09663 -4.99339 5.12925 -9.33309 -2.75767 -2.48717 -6.79049 7.14426 -4.15542 -20.70843 8.71562 -1.49115 -5.04484 4.45759 0.00000 0.00000 0.00000 -54.82200 21.14270 -39.70183 13.80430 -2.99982 -24.41095 0.00000 -24.32420 0.00000 46.57365 -12.82489 -11.86538 -7.12502 -0.00000 0.00000 17.39355 -11.18175 13.24043 0.00000 0.00000 0.00000 18.56536 -21.14432 50.79923 -35.20711 -33.48712 86.95232 -0.00000 -53.68580 -0.00000 -9.15536 8.39071 -42.15839 7.12502 -0.00000 -0.00000 12.19517 -6.23880 -71.69488
-0.46693 0.44285 -0.20501 2.87879 4.99999 -80.83035 -0.00000 0.00000 -0.00000 -204.48925 -74.02760 -213.65622 -137.42552 27.00757 169.30898 -6.18365 -5.58904 -32.52187 -2.90778 -28.51807 -11.40649 -0.00000 0.00000 -0.00000 -130.51036 -74.75932 -141.94264 135.97682 32.84667 -166.40940 9.38037 -18.64035 28.22864 0.05890 4.30093 -1.56856 -13.30489 57.54426 5.77004 0.20171 9.20400 -3.59937 4.62564 -10.52210 -2.38226 -5.51630 -2.85494 6.47060 -3.69074 -29.97936 6.98404 -1.22723 -8.98911 3.79853 0.00000 0.00000 0.00000 -64.55273 22.84743 -30.38961 20.34103 -6.87385 -37.01853 0.00000 -17.79300 0.00000 42.67024 -8.52634 -9.13718 -7.12502 -0.00000 0.00000 14.36899 -7.55740 17.82461 0.00000 0.00000 0.00000 17.25338 -22.10972 47.20960 -35.25798 -35.85075 91.01939 -0.00000 -54.56740 -0.00000 -8.91800 8.96037 -44.78624 7.12502 -0.00000 -0.00000 11.70929 -6.69129 -74.34440
-0.46919 0.41385 -0.19864 3.59797 2.90207 -84.31884 -0.00000 0.00000 -0.00000 -196.32097 -70.58952 -207.92290 -138.30146 22.32090 171.40609 -4.40205 -1.73127 -33.04528 -1.37763 -20.23318 -7.70972 -0.00000 0.00000 -0.00000 -172.64672 -72.57947 -180.41760 137.05096 28.69692 -168.50733 6.86258 -20.10302 21.89564 0.00085 0.51610 -0.18785 -11.60803 53.32733 6.87360 -2.36074 9.90808 -0.97474 0.34801 -9.78778 -1.15305 -2.42382 0.24625 4.52894 -6.16364 -33.42667 3.31120 -2.28184 -10.71987 1.95947 -0.00000 0.00000 -0.00000 -58.93193 28.89655 -36.38158 19.99598 -6.61873 -36.31913 0.00000 -22.15120 0.00000 42.31121 -8.43190 -9.15088 -7.12502 -0.00000 0.00000 14.06353 -7.37660 17.86372 -0.00000 0.00000 -0.00000 21.79117 -20.01701 42.45122 -35.02995 -38.73814 96.17122 -0.00000 -51.99890 -0.00000 -7.10831 7.43063 -46.04233 7.12502 -0.00000 -0.00000 13.58348 -7.99668 -74.93170
-0.47424 0.42216 -0.20109 6.45004 2.31872 -85.95177 -0.00000 0.00000 -0.00000 -192.25328 -71.46443 -198.96471 -138.24150 22.68412 171.24941 -6.27167 -10.98959 -26.41184 -1.76893 -22.74653 -8.77760 -0.00000 0.00000 -0.00000 -196.18727 -68.89770 -202.34320 136.85587 29.52050 -168.10631 5.16298 -20.33583 17.77179 0.03006 -3.07438 1.12013 -7.54939 46.58218 4.74817 -4.21610 10.80891 -0.34273 -2.41074 -9.19865 -0.74045 -1.47611 -1.61365 3.82917 -5.61146 -31.81711 2.67973 -2.04872 -9.74873 1.46907 0.00000 0.00000 0.00000 -57.50249 26.98016 -38.81055 17.32550 -4.84725 -31.05124 0.00000 -21.75510 0.00000 31.13213 -2.34684 -3.87845 -7.12502 -0.00000 0.00000 4.22842 -1.50394 25.45572 0.00000 0.00000 0.00000 28.85321 -11.00431 49.21381 -34.97620 -39.10476 96.84412 -0.00000 -42.25860 -0.00000 -6.77019 7.48263 -47.64738 7.12502 -0.00000 -0.00000 13.52269 -8.45908 -76.45250
-0.47668 0.45988 -0.21195 8.11536 2.41170 -85.79100 -0.00000 0.00000 -0.00000 -180.76078 -75.55154 -184.44684 -137.39449 27.15344 169.24081 -5.05966 -15.37660 -19.68347 -1.89185 -23.46568 -9.09080 -0.00000 0.00000 -0.00000 -224.02367 -65.42548 -228.76884 135.63020 34.01514 -165.78028 2.88619 -19.74468 12.01340 0.30888 -9.79637 3.60312 -7.12196 43.46246 3.70152 -3.53220 9.92564 -0.69181 -1.32840 -9.34251 -0.81338 -1.59081 -2.21951 3.73887 -5.26287 -31.86536 2.54917 -1.87330 -9.67019 1.34467 -0.00000 0.00000 -0.00000 -59.40615 17.37924 -43.86992 10.32008 -1.64597 -18.07682 0.00000 -13.62630 0.00000 12.26582 1.42452 6.52323 -7.12502 -0.00000 0.00000 -13.56720 2.07892 36.45112 -0.00000 0.00000 -0.00000 33.73686 1.58725 59.62950 -35.18788 -37.27052 93.52252 -0.00000 -29.00540 -0.00000 -7.32711 8.20506 -47.98195 7.12502 -0.00000 -0.00000 12.70419 -8.11010 -77.03788
-0.47528 0.51255 -0.22411 9.13700 1.80717 -80.07049 -0.00000 0.00000 -0.00000 -140.66130 -75.15467 -139.62133 -135.74114 33.64879 165.97954 -1.91312 -12.42407 -10.67537 -0.41106 -11.27664 -4.16185 -0.00000 0.00000 -0.00000 -225.33524 -73.62728 -228.54056 133.59170 39.73665 -162.38813 3.52676 -16.82016 14.59556 0.63556 -13.95556 5.18939 -2.76603 42.98061 -0.92082 -2.76251 9.72723 -4.04508 -0.53987 -9.42504 -2.26631 -4.95986 -8.66712 4.20251 0.92404 -27.85545 5.00033 0.68865 -7.35629 2.28540 -0.00000 0.00000 -0.00000 -53.39988 14.27776 -50.00198 5.63508 -0.48309 -9.79211 0.00000 15.05050 -0.00000 25.15499 4.52230 9.53111 -7.12502 -0.00000 0.00000 -0.99456 0.07795 40.51868 -0.00000 0.00000 -0.00000 36.49739 13.94785 67.18471 -35.24937 -34.35889 88.43998 -0.00000 -19.23900 -0.00000 -12.37372 12.41589 -44.42266 7.12502 -0.00000 -0.00000 7.58483 -4.45833 -75.27502
-0.47786 0.56572 -0.23384 11.84265 3.13850 -78.59961 -0.00000 0.00000 -0.00000 -131.94897 -77.33550 -132.03564 -133.20892 40.64154 161.79497 -2.02763 -9.03827 -12.86553 -0.67843 -14.40555 -5.36437 -0.00000 0.00000 -0.00000 -236.95008 -73.99984 -239.21866 130.30630 46.33479 -157.58351 3.19198 -10.73252 16.55682 0.36075 -10.57530 3.89641 -1.35206 39.83835 -1.95132 -1.56601 9.53675 -4.27452 0.33708 -8.63251 -2.35674 -0.39673 -3.77035 4.68726 -3.62709 -33.70156 4.22588 -1.85458 -10.04025 1.68415 0.00000 0.00000 -0.00000 -32.43876 25.09613 -57.61073 10.90308 -1.84209 -19.12404 0.00000 9.06761 -0.00000 35.48726 -3.04809 -4.26536 -7.12502 -0.00000 0.00000 8.18289 -3.03668 24.77607 0.00000 0.00000 -0.00000 36.13891 21.79310 69.19951 -34.87291 -30.55174 82.01890 -0.00000 -11.62990 -0.00000 -18.91038 15.44565 -37.86185 7.12502 -0.00000 -0.00000 2.03151 -0.96509 -70.40019
-0.48142 0.61851 -0.24197 15.00471 3.94049 -78.51880 -0.00000 0.00000 -0.00000 -121.67007 -83.24558 -125.06083 -128.48521 49.13263 155.12357 -3.12231 -3.43338 -24.59841 -1.64726 -22.00410 -8.45797 -0.00000 0.00000 -0.00000 -241.83299 -75.18542 -241.53392 125.15287 53.23196 -150.85016 0.07789 3.91296 22.99735 0.02004 2.51070 -0.91444 -1.90630 35.88507 -1.22631 -1.04085 9.22399 -3.28087 0.72044 -7.62053 -1.87603 -0.21564 -2.08719 4.47335 -2.85931 -34.46780 4.20502 -1.71032 -10.66137 1.57433 -0.00000 0.00000 0.00000 -14.39217 27.13567 -69.07913 17.59840 -5.01266 -31.57901 0.00000 2.31026 -0.00000 34.58648 -7.82541 -11.17034 -7.12502 -0.00000 0.00000 7.44834 -4.07645 16.46485 -0.00000 0.00000 0.00000 37.40063 26.43200 66.16785 -34.37495 -28.09458 77.93928 -0.00000 -5.26138 -0.00000 -18.58786 14.59695 -36.84719 7.12502 -0.00000 -0.00000 2.72339 -1.22372 -69.17841
-0.48462 0.66429 -0.25073 17.88010 4.39700 -76.62256 -0.00000 0.00000 -0.00000 -54.54636 -86.99324 -59.76057 -122.57150 55.75415 147.68016 -3.70316 -4.52658 -25.37983 -0.48169 -12.18881 -4.50918 -0.00000 0.00000 -0.00000 -235.62143 -79.52257 -231.88483 117.01552 59.89126 -141.12224 -8.70801 19.65062 30.51542 0.49521 12.35508 -4.57276 -1.91047 31.51676 -0.99414 -0.60848 9.66761 -2.69600 1.01823 -6.21130 -1.58692 -2.47830 -6.27298 3.55501 1.48021 -29.14694 4.17978 0.42901 -8.10485 1.55713 0.00000 0.00000 -0.00000 1.09868 22.86818 -80.76638 22.38055 -8.51895 -41.26096 0.00000 5.58768 -0.00000 33.38705 -14.51099 -20.81629 -7.12502 -0.00000 0.00000 7.01039 -5.93201 4.95481 0.00000 0.00000 -0.00000 40.61116 27.51256 59.12283 -33.91976 -26.40398 75.13624 -0.00000 -3.40637 -0.00000 -21.73591 15.41589 -33.69409 7.12502 -0.00000 -0.00000 0.12144 -0.04821 -66.65075
-0.49135 0.70578 -0.25495 18.56135 4.40960 -75.84766 -0.00000 0.00000 -0.00000 21.91664 -78.89444 15.36559 -116.33299 60.30738 140.33492 -2.06490 -17.89572 -9.91798 -0.55082 -13.01515 -4.82603 -0.00000 0.00000 -0.00000 -261.90127 -85.47914 -253.99059 103.68488 65.73030 -126.17258 -0.91367 6.63361 26.12140 0.59920 -13.56087 5.03651 -1.99961 28.95194 -0.62812 0.03881 9.58334 -2.07551 1.55368 -5.11747 -1.29558 -3.69718 -5.60088 2.72011 2.56391 -27.90660 3.29388 1.11935 -7.80965 1.22087 -0.00000 0.00000 -0.00000 8.89466 17.02612 -89.28897 24.50678 -10.51578 -45.92717 0.00000 16.66770 -0.00000 30.07333 -20.61555 -31.30165 -7.12502 -0.00000 0.00000 5.56848 -7.10732 -6.76258 -0.00000 0.00000 -0.00000 45.74710 25.92910 50.33583 -33.30922 -24.53364 72.02073 -0.00000 3.33227 0.00000 -24.10460 16.81288 -32.88189 7.12502 -0.00000 -0.00000 -2.27751 0.89509 -66.44431
-0.49901 0.73022 -0.25830 19.40469 4.45191 -72.75754 -0.00000 0.00000 -0.00000 20.88926 -68.76452 12.01740 -101.83992 66.25909 124.15299 -1.38536 -20.10545 -7.73234 -0.68541 -14.47730 -5.39234 -0.00000 0.00000 -0.00000 -378.33765 -83.79660 -363.46604 79.87113 69.68632 -100.51161 1.83925 -4.25896 16.56349 1.15347 -18.59924 7.03549 -1.16965 25.81649 -1.68416 1.40759 8.91765 -2.92072 2.84211 -4.27154 -1.67182 -4.74633 -5.45883 2.38404 1.95362 -25.66631 2.76074 1.19004 -7.07256 1.18389 0.00000 0.00000 -0.00000 16.86668 10.40887 -95.80669 24.90706 -10.92855 -46.84023 0.00000 13.12200 -0.00000 31.38193 -20.39478 -29.74011 -7.12502 -0.00000 0.00000 6.31718 -7.67811 -5.35556 0.00000 0.00000 -0.00000 50.71159 22.74303 41.19090 -32.81611 -23.22963 69.83029 -0.00000 2.21199 0.00000 -25.37980 16.54933 -30.98143 7.12502 -0.00000 -0.00000 -3.12043 1.11577 -64.65631
-0.51297 0.73703 -0.25960 18.78609 3.83530 -70.65524 -0.00000 0.00000 -0.00000 21.51940 -56.55810 12.31371 -72.82142 69.97469 93.00266 -1.75171 -16.59226 -9.09901 -1.93113 -23.68946 -9.18901 -0.00000 0.00000 -0.00000 -381.91037 -71.14261 -358.62185 44.47814 67.72807 -62.70921 2.06424 -1.22432 23.27969 0.19155 -7.73388 2.83328 -1.15742 22.93644 -2.74143 2.80701 8.37120 -4.10820 4.53988 -3.25053 -2.25829 -5.24485 -5.44630 2.74904 0.16214 -23.22953 3.01999 0.70296 -6.27574 1.52535 0.00000 0.00000 -0.00000 19.53425 5.45353 -99.18492 22.94234 -9.01650 -42.46667 0.00000 20.28870 -0.00000 27.23256 -17.52573 -30.33298 -7.12502 -0.00000 0.00000 3.41189 -4.01350 -4.57545 0.00000 0.00000 -0.00000 53.39048 17.62478 35.05041 -31.96619 -21.26678 66.48853 -0.00000 -0.02126 -0.00000 -27.42263 16.68023 -28.95147 7.12502 -0.00000 -0.00000 -4.77117 1.54523 -62.90462
-0.52749 0.73738 -0.25767 18.12432 3.14153 -67.58281 -0.00000 0.00000 -0.00000 19.19815 -46.63559 11.42689 -45.12036 67.85146 63.40290 -4.36220 -17.77667 -16.61865 -3.83295 -32.17401 -13.23666 -0.00000 0.00000 -0.00000 -384.30396 -57.97058 -355.93435 24.11168 60.56956 -40.17629 6.95263 -6.17766 33.92640 5.16931 -36.46733 15.60494 -1.11228 19.73575 -5.57331 4.60156 7.22585 -7.61305 6.99601 -2.19919 -3.99782 -4.48616 -6.41585 4.63574 -2.33491 -19.66984 5.41824 -0.32466 -4.95474 2.79630 -0.00000 0.00000 0.00000 20.70119 4.10909 -97.71733 19.91028 -6.55634 -36.14614 0.00000 20.55330 -0.00000 27.66267 -15.72451 -27.33989 -7.12502 -0.00000 0.00000 3.30285 -3.45111 -1.20857 -0.00000 0.00000 0.00000 52.79443 11.45043 36.38697 -29.61633 -16.96765 58.86613 -0.00000 3.09248 0.00000 -24.82773 15.98549 -30.76323 7.12502 -0.00000 -0.00000 -2.44986 0.85606 -64.24950
-0.53394 0.73436 -0.25566 16.88330 4.53163 -65.63758 -0.00000 0.00000 -0.00000 20.53934 -41.93367 12.82154 -33.89017 64.95370 51.15931 -5.57851 -22.29765 -18.13844 -7.03282 -41.19101 -18.57411 -0.00000 0.00000 -0.00000 -382.35175 -54.22772 -356.11040 23.10414 59.96544 -39.01602 7.91634 -12.55428 29.35273 5.55057 -37.53472 16.23841 -0.51378 17.29645 -8.39167 7.43500 6.49706 -11.18908 10.06227 -0.62913 -5.91080 -2.07811 -7.18689 6.96440 -5.48359 -19.26970 8.08281 -1.82833 -4.46983 4.04953 -0.00000 0.00000 0.00000 19.27001 3.72610 -92.88906 16.29317 -4.25160 -29.07347 0.00000 21.52850 -0.00000 23.27982 -11.52709 -24.91266 -7.12502 -0.00000 0.00000 -0.52191 0.47516 2.68583 -0.00000 0.00000 0.00000 49.87377 4.24925 45.01901 -25.30836 -11.35530 47.76841 -0.00000 5.43265 0.00000 -22.41100 16.11344 -33.94038 7.12502 -0.00000 -0.00000 -0.70929 0.28845 -67.12951
-0.53266 0.74017 -0.24903 15.12375 5.50993 -64.17267 -0.00000 0.00000 -0.00000 16.87447 -38.82479 8.27737 -28.31884 62.74535 44.95499 -4.48267 -28.50385 -14.65101 -7.12325 -41.39242 -18.71115 -0.00000 0.00000 -0.00000 -378.33013 -49.87054 -352.18453 21.49374 58.92049 -37.14603 7.69125 -15.93049 26.16689 7.18927 -41.53807 18.81086 2.65725 16.44313 -10.76730 8.87342 6.78863 -13.93767 10.02936 0.37154 -7.33046 1.09890 -6.44960 8.06692 -6.34761 -21.99783 9.16186 -2.87675 -5.17985 4.32529 0.00000 0.00000 -0.00000 14.34413 5.58284 -86.69502 14.19217 -3.17853 -25.12886 0.00000 26.50600 -0.00000 18.77798 -8.73458 -24.06750 -7.12502 -0.00000 0.00000 -4.34739 3.71890 4.52952 0.00000 0.00000 -0.00000 48.18056 -0.94041 53.36366 -21.26114 -7.58609 38.90825 -0.00000 5.43841 0.00000 -19.61232 18.25323 -41.31606 7.12502 -0.00000 -0.00000 0.01710 -0.00967 -74.47690
-0.53218 0.75321 -0.23893 16.20193 3.43342 -64.43818 -0.00000 0.00000 -0.00000 9.49439 -36.24053 3.90317 -24.20278 60.62244 40.28086 -2.97651 -31.43120 -11.59138 -6.66538 -40.34921 -18.01145 -0.00000 0.00000 -0.00000 -379.34669 -44.60402 -348.32859 15.22739 53.63423 -29.62328 7.03919 -19.03765 22.80472 9.26449 -45.60075 21.81950 2.67213 13.99463 -10.68026 9.37430 6.26350 -14.00630 10.07084 1.13585 -7.38037 1.78299 -5.82344 7.06258 -8.81225 -22.19290 7.28980 -3.64860 -5.27853 3.49102 0.00000 0.00000 -0.00000 11.79510 12.91051 -82.38891 16.73326 -4.49980 -29.91311 0.00000 16.57280 -0.00000 17.52157 -8.66632 -25.51366 -7.12502 -0.00000 0.00000 -5.09154 4.56584 3.22109 0.00000 0.00000 -0.00000 38.43541 1.85131 49.95668 -21.93156 -8.13567 40.30970 -0.00000 2.60678 0.00000 -20.09956 18.16430 -40.42760 7.12502 -0.00000 -0.00000 -0.23011 0.12573 -73.65245
-0.53011 0.78208 -0.22690 16.25610 1.41027 -66.06808 -0.00000 0.00000 -0.00000 5.10871 -31.91903 1.69651 -19.09111 57.15209 34.31453 -3.55331 -26.17002 -12.87785 -7.34562 -41.87842 -19.04584 -0.00000 0.00000 -0.00000 -378.32663 -39.84689 -345.39804 11.01602 48.41282 -24.21327 4.23661 -16.35392 16.84944 8.49998 -44.21031 20.73664 3.78973 13.65232 -9.94208 8.81511 6.03249 -12.86656 8.73049 0.45101 -6.70687 1.49823 -4.76494 6.00095 -9.46534 -20.59794 5.92181 -3.65728 -5.01918 2.94745 0.00000 0.00000 0.00000 14.12577 25.30927 -79.25316 20.60581 -7.07398 -37.55856 0.00000 11.08690 -0.00000 14.19175 -7.98372 -28.77677 -7.12502 -0.00000 0.00000 -7.07903 7.03243 0.40746 0.00000 0.00000 0.00000 27.88613 12.81981 43.72815 -24.88591 -10.90642 46.79167 -0.00000 5.39707 0.00000 -18.68935 13.89765 -35.37627 7.12502 -0.00000 -0.00000 3.05275 -1.27170 -67.59441
-0.52555 0.82325 -0.21851 16.93111 0.26079 -66.65137 -0.00000 0.00000 -0.00000 1.79706 -31.62626 -1.98292 -17.31522 55.65298 32.18271 -2.02732 -11.62078 -11.45669 -5.44725 -37.25130 -16.06827 -0.00000 0.00000 -0.00000 -376.23984 -37.07199 -342.88360 9.15630 45.41065 -21.66784 0.75320 -10.04115 6.06285 5.87806 -38.40605 16.77068 3.96439 13.37010 -8.57696 8.49723 6.05914 -11.05946 8.03544 0.22483 -5.76655 1.47452 -4.92511 4.88990 -10.74689 -18.28881 4.47069 -3.84490 -4.32826 2.31761 0.00000 0.00000 -0.00000 11.08596 38.00306 -78.82936 22.29321 -8.44342 -41.07509 0.00000 7.84204 -0.00000 11.59842 -5.54864 -25.22543 -7.12502 -0.00000 0.00000 -10.03967 8.68634 4.53411 0.00000 0.00000 -0.00000 21.85291 24.51910 40.42110 -27.78617 -14.31902 53.84613 -0.00000 2.98598 0.00000 -15.61768 10.36411 -32.76425 7.12502 -0.00000 -0.00000 7.20956 -2.47886 -63.87591
-0.52100 0.86048 -0.21377 18.49131 -0.20533 -67.25188 -0.00000 0.00000 -0.00000 -1.07188 -37.29123 -6.69056 -22.11221 59.33399 37.86660 -0.38311 0.09054 -11.84800 -4.15685 -33.30568 -13.83551 -0.00000 0.00000 -0.00000 -372.89335 -40.91086 -344.58876 11.06815 48.48958 -24.28293 0.09642 -7.34982 2.08543 3.80698 -32.08033 13.18783 4.18434 12.74171 -6.68290 7.05477 6.14413 -8.54804 5.97164 0.00763 -4.42618 1.05181 -6.36716 4.48496 -10.70783 -15.22971 4.33155 -3.60907 -3.19200 2.22555 0.00000 0.00000 -0.00000 -1.47980 49.39789 -71.44384 23.28043 -9.32594 -43.20113 0.00000 8.51989 -0.00000 7.26037 -2.82415 -21.14349 -7.12502 -0.00000 0.00000 -14.61366 10.82057 9.24543 0.00000 0.00000 -0.00000 25.20613 35.28970 36.44182 -30.69714 -18.78664 62.15468 -0.00000 0.09320 0.00000 -13.14703 7.97000 -30.69441 7.12502 -0.00000 -0.00000 10.41239 -3.02811 -61.03863
-0.51460 0.87862 -0.21497 18.85273 -0.96985 -68.54588 -0.00000 0.00000 -0.00000 -1.69505 -46.15668 -7.71961 -44.53348 67.73887 62.76900 -0.20534 2.69228 -18.77539 -4.14307 -33.25887 -13.81041 -0.00000 0.00000 -0.00000 -368.44465 -48.94899 -350.53269 22.40479 59.52421 -38.20640 1.50133 -2.90809 16.42997 3.74466 -31.85365 13.07011 1.92785 13.19859 -4.19472 4.96998 6.59449 -5.51185 4.68603 -0.06819 -2.90497 0.56892 -6.76876 4.33291 -9.26739 -13.75174 4.51427 -3.34786 -3.05973 2.27611 0.00000 0.00000 -0.00000 -23.42169 56.96595 -49.92684 25.40241 -11.45725 -47.98788 0.00000 9.35962 -0.00000 7.82220 -3.12994 -21.67526 -7.12502 -0.00000 0.00000 -14.01814 10.58795 8.64815 0.00000 0.00000 -0.00000 32.98656 45.72839 31.93645 -33.30137 -24.51167 71.98398 -0.00000 -0.06060 -0.00000 -15.67219 9.22275 -29.73733 7.12502 -0.00000 -0.00000 7.84379 -2.21627 -60.68014
-0.50919 0.88365 -0.21582 15.15359 -1.85864 -67.09424 -0.00000 0.00000 -0.00000 -0.42689 -54.17695 -7.51641 -95.01454 67.82590 116.74276 -1.04776 -0.43267 -17.85995 -4.38346 -34.05977 -14.24412 -0.00000 0.00000 -0.00000 -366.81268 -48.54773 -363.58994 40.10782 66.76502 -57.97065 1.12961 1.41611 23.67534 3.30639 -30.17939 12.21968 0.56007 15.91890 -2.48320 3.16236 8.07504 -3.48099 3.40362 -0.14782 -1.92657 -0.56738 -5.35306 3.88867 -7.18191 -15.61704 4.03241 -2.53880 -4.06441 2.11061 -0.00000 0.00000 0.00000 -44.38756 59.12578 -23.32941 28.09365 -14.73247 -54.65141 0.00000 6.37396 -0.00000 19.54949 -9.90898 -25.85568 -7.12502 -0.00000 0.00000 -3.36784 3.09603 2.45475 -0.00000 0.00000 0.00000 39.12579 53.52260 30.96857 -34.84621 -30.39037 81.75011 -0.00000 -0.41023 -0.00000 -15.09115 9.09773 -30.38630 7.12502 -0.00000 -0.00000 8.34033 -2.44378 -61.21689
-0.51015 0.88154 -0.21237 11.78181 -0.10826 -65.19122 -0.00000 0.00000 -0.00000 9.75946 -63.87381 -0.63926 -122.51158 55.80733 147.60770 -1.35568 0.61786 -23.07413 -4.88561 -35.63253 -15.12287 -0.00000 0.00000 -0.00000 -360.32991 -41.45766 -375.04990 32.61208 64.50314 -49.74598 -1.44673 7.81980 27.40893 0.32503 -10.04573 3.69684 1.39528 16.62795 -0.72249 2.16702 8.46739 -1.07608 1.60808 -0.28431 -0.69135 2.48919 -1.50747 2.92527 -9.37496 -18.39514 2.27746 -3.52007 -5.08685 1.33991 -0.00000 0.00000 0.00000 -59.85579 57.64543 -0.79535 29.77793 -17.22577 -59.33962 0.00000 3.53788 -0.00000 28.16332 -14.78251 -25.48183 -7.12502 -0.00000 0.00000 3.43203 -3.34144 0.81669 -0.00000 0.00000 0.00000 42.53441 57.58303 32.51702 -35.25914 -34.73030 89.07790 -0.00000 -0.01033 -0.00000 -13.26427 8.08192 -30.81156 7.12502 -0.00000 -0.00000 10.25904 -3.01232 -61.19053
-0.51376 0.87334 -0.20844 10.58255 1.52684 -64.29022 -0.00000 0.00000 -0.00000 39.48636 -72.62049 27.94002 -131.24524 44.68614 158.89954 0.86821 6.76162 -28.12852 -3.06229 -29.17934 -11.72672 -0.00000 0.00000 -0.00000 -354.39509 -35.68394 -379.48838 24.42749 60.75166 -40.53857 5.31487 -16.77713 19.64018 0.01619 2.25672 -0.82183 0.50619 15.54433 1.73332 0.89195 7.96352 2.04463 0.37500 -0.28175 0.88365 1.74148 -2.94462 1.65807 -5.83772 -15.21143 1.28784 -2.37477 -4.47090 0.67075 0.00000 0.00000 0.00000 -66.06867 52.21041 12.14362 30.30571 -18.10156 -60.92880 0.00000 -0.15892 0.00000 25.17390 -9.33225 -19.03514 -7.12502 -0.00000 0.00000 0.13791 -0.10073 8.85648 0.00000 0.00000 0.00000 41.14416 56.37950 36.96101 -35.12448 -37.96369 94.76501 -0.00000 -2.02324 -0.00000 -11.17032 7.41683 -33.17321 7.12502 -0.00000 -0.00000 12.08753 -4.00605 -63.06748
-0.51307 0.85961 -0.20004 10.53752 0.98126 -66.79459 -0.00000 0.00000 -0.00000 60.99209 -76.38932 54.61571 -132.96527 41.19529 161.42299 1.74243 8.39762 -27.47201 -2.56149 -26.94616 -10.66239 -0.00000 0.00000 -0.00000 -352.45169 -33.66729 -375.98890 22.74949 59.74401 -38.60591 7.85489 -24.73442 22.26033 0.00000 0.01742 -0.00634 -1.19621 14.74768 5.04414 -1.85631 7.01377 6.16239 -2.07322 -0.66852 2.95921 1.28625 -1.32964 -0.03980 -3.42610 -15.03704 -0.66213 -1.33407 -4.77690 -0.32912 -0.00000 0.00000 0.00000 -66.04497 48.86845 22.22144 31.33321 -19.97462 -64.24906 0.00000 -7.02438 0.00000 21.55065 -6.16961 -15.22314 -7.12502 -0.00000 0.00000 -3.45275 2.11006 13.60650 -0.00000 0.00000 0.00000 36.16080 48.72108 43.41765 -34.87733 -39.69381 97.93572 -0.00000 -4.89671 -0.00000 -10.50529 7.45810 -34.99139 7.12502 -0.00000 -0.00000 12.43839 -4.54039 -64.74316
-0.51320 0.85284 -0.18828 7.68855 2.68768 -67.34654 -0.00000 0.00000 -0.00000 -16.98561 -81.65530 -21.90828 -128.92748 48.49601 155.71123 -0.31063 2.61118 -19.85589 -3.06109 -29.17428 -11.72425 -0.00000 0.00000 -0.00000 -350.86505 -31.49984 -377.05060 23.27651 60.07137 -39.21502 6.93691 -26.75123 19.85887 0.04122 -3.59930 1.31188 -0.75039 15.08628 6.75879 -1.54556 7.15114 8.46121 -2.29178 -0.55546 4.10202 -1.79363 -2.69718 -0.32238 -1.67184 -12.96570 -0.79251 -0.18090 -3.72968 -0.31825 0.00000 0.00000 -0.00000 -68.40612 46.51647 30.11637 32.01252 -21.36639 -66.65970 0.00000 -7.97690 0.00000 17.15633 -5.15593 -16.23013 -7.12502 -0.00000 0.00000 -7.10127 4.45055 13.08179 0.00000 0.00000 -0.00000 27.79176 36.61345 49.87894 -35.18029 -37.36633 93.69340 -0.00000 -2.56793 -0.00000 -12.25559 8.26802 -33.50492 7.12502 -0.00000 -0.00000 10.79698 -3.70394 -63.71365
-0.51676 0.84370 -0.17759 5.82031 4.20623 -66.01961 -0.00000 0.00000 -0.00000 -48.69142 -73.44201 -54.77304 -117.27040 59.73145 141.41712 -1.12026 -5.20572 -10.78645 -3.15893 -29.58155 -11.92370 -0.00000 0.00000 -0.00000 -350.57093 -30.29439 -379.41492 24.48957 60.78706 -40.60971 7.13786 -28.15253 19.94127 0.11851 -6.09263 2.22649 -0.33053 14.58093 7.63138 -1.96539 6.93556 9.68589 -3.04342 -0.29841 4.74182 -1.46173 -1.95228 -1.18402 -0.63497 -12.97221 -1.84309 0.16789 -3.86181 -0.88270 0.00000 0.00000 -0.00000 -69.75031 45.73050 35.97227 32.69312 -22.92582 -69.31697 0.00000 -7.97279 0.00000 8.87541 -2.76900 -17.19026 -7.12502 -0.00000 0.00000 -14.07631 9.00938 13.01406 0.00000 0.00000 -0.00000 25.44145 26.59609 52.97004 -34.97758 -31.24291 83.17240 -0.00000 -2.61387 -0.00000 -16.62771 10.20127 -30.66981 7.12502 -0.00000 -0.00000 6.58870 -2.01317 -61.91651
-0.52576 0.84684 -0.16652 4.56199 5.36736 -65.17768 -0.00000 0.00000 -0.00000 -40.49806 -66.56844 -47.57623 -81.35107 69.58340 102.09022 -0.56629 -12.67301 -4.89775 -2.01610 -24.16408 -9.39852 -0.00000 0.00000 -0.00000 -347.92795 -27.14401 -378.95284 20.97728 58.56283 -36.54187 6.10603 -30.33091 17.62201 0.27484 -9.24750 3.39734 -1.00097 13.74877 8.76337 -2.76737 6.43608 11.11926 -3.61552 -0.23613 5.46835 -1.91799 -1.76457 -2.58179 1.91330 -12.07477 -3.45443 1.16165 -3.51645 -1.75435 0.00000 0.00000 0.00000 -72.82108 46.24581 41.36440 33.47527 -25.00946 -72.81571 0.00000 -14.18730 0.00000 4.67882 -1.35721 -16.14055 -7.12502 -0.00000 0.00000 -17.90305 10.99902 14.43404 0.00000 0.00000 0.00000 26.23076 19.75008 54.12427 -33.09798 -23.95675 71.05403 -0.00000 -5.76982 -0.00000 -17.23807 10.86940 -31.28892 7.12502 -0.00000 -0.00000 5.77025 -1.85269 -62.74122
-0.54020 0.85900 -0.15542 3.68452 7.43821 -63.75248 -0.00000 0.00000 -0.00000 -30.12989 -60.09812 -39.35685 -33.69225 64.88588 50.94078 0.65259 -17.58114 -0.78197 -0.95377 -16.98266 -6.38198 -0.00000 0.00000 -0.00000 -342.16443 -22.29648 -377.15068 14.48564 52.83857 -28.69741 3.50043 -34.19768 12.66242 0.54924 -12.99689 4.81900 -1.60388 11.59537 9.68233 -3.33553 5.93308 12.37523 -3.66089 0.43618 6.11273 -1.90874 -2.70974 -3.74626 4.30018 -10.22996 -4.80708 1.91114 -2.62629 -2.49126 -0.00000 0.00000 0.00000 -75.94494 49.56923 44.32614 34.04397 -26.83314 -75.84840 0.00000 -16.93290 0.00000 4.46468 -1.20393 -15.06097 -7.12502 -0.00000 0.00000 -18.30682 10.78808 15.50121 -0.00000 0.00000 0.00000 28.11605 15.09790 54.86802 -29.32043 -16.50634 58.01360 -0.00000 -5.53988 -0.00000 -16.12696 9.72686 -30.29834 7.12502 -0.00000 -0.00000 7.22301 -2.13639 -61.39064
-0.55524 0.86903 -0.14350 2.73628 9.72587 -61.37739 -0.00000 0.00000 -0.00000 -24.06302 -56.67807 -34.26748 -18.67417 56.81612 33.81729 1.85582 -14.35561 6.21108 -0.12998 -6.37927 -2.33215 -0.00000 0.00000 -0.00000 -335.39373 -16.72175 -374.49005 9.20564 45.49761 -21.73707 -1.16691 -37.77952 4.88429 0.32726 -10.07967 3.70961 -1.91989 10.19190 10.12259 -3.86444 5.06096 12.99926 -3.97223 0.35772 6.44077 -2.35090 -3.73039 -4.83235 6.90115 -8.36913 -6.13951 2.76760 -1.69944 -3.16998 -0.00000 0.00000 0.00000 -77.63471 55.31082 44.64695 34.35472 -28.01148 -77.80158 0.00000 -13.63680 0.00000 5.92826 -1.66635 -15.64451 -7.12502 -0.00000 0.00000 -16.92481 10.19548 14.81371 -0.00000 0.00000 0.00000 29.93584 12.64722 55.05301 -24.31921 -10.32664 45.50349 -0.00000 -3.24097 -0.00000 -14.81735 8.42807 -28.98894 7.12502 -0.00000 -0.00000 8.93157 -2.35967 -59.68028
-0.57141 0.87396 -0.12811 2.87701 11.45510 -57.19749 -0.00000 0.00000 -0.00000 -23.76757 -56.94504 -30.91011 -16.10075 54.51601 30.70175 2.48591 -14.40418 9.56833 -0.01975 -2.49253 -0.90782 -0.00000 0.00000 -0.00000 -331.69052 -12.92601 -374.12754 6.14841 39.09625 -17.20258 -5.02921 -40.15024 -0.96308 0.30864 -9.79262 3.60171 -2.20943 7.27379 10.24704 -4.65826 4.73855 13.32960 -4.05550 1.64981 6.62799 -3.90713 -4.01141 -6.46825 9.73908 -8.00778 -8.20623 4.02941 -1.24211 -4.20067 0.00000 0.00000 -0.00000 -75.20338 63.15790 39.13111 34.50515 -28.65274 -78.86434 0.00000 -9.68844 0.00000 8.67833 -2.42176 -15.47412 -7.12502 -0.00000 0.00000 -14.57600 8.72537 14.74151 0.00000 0.00000 -0.00000 30.16127 13.30724 50.92201 -21.34187 -7.65087 39.07586 -0.00000 -3.20289 -0.00000 -10.46433 6.30491 -30.73566 7.12502 -0.00000 -0.00000 13.35867 -3.74845 -60.39227
-0.58728 0.87781 -0.10949 3.21212 14.33571 -51.45331 -0.00000 0.00000 -0.00000 -24.66618 -58.80984 -27.68319 -16.29345 54.70308 30.93813 4.67356 -19.05857 13.79449 -0.00006 0.14239 0.05183 -0.00000 0.00000 -0.00000 -329.27860 -12.23446 -374.55091 4.92594 35.75343 -15.19199 -5.34769 -37.59542 -2.55457 0.37570 -10.78876 3.97706 -2.36928 5.19002 9.59039 -4.97435 3.89039 12.57284 -4.00926 1.83913 6.26007 -5.72315 -4.99617 -7.98593 12.87068 -7.56474 -10.10809 4.85289 -0.41043 -5.12612 -0.00000 0.00000 -0.00000 -68.86684 70.19338 28.01926 34.59269 -29.05459 -79.53068 0.00000 -3.31315 0.00000 13.99371 -3.01265 -11.90868 -7.12502 -0.00000 0.00000 -10.51456 5.45714 17.86972 -0.00000 0.00000 -0.00000 31.11312 20.19735 41.43918 -23.98597 -9.99713 44.75696 -0.00000 -2.24381 -0.00000 -6.90497 4.22600 -31.32073 7.12502 -0.00000 -0.00000 17.19080 -4.77410 -60.05707
-0.60033 0.88444 -0.08730 3.89987 16.59202 -44.66873 -0.00000 0.00000 -0.00000 -24.83336 -59.18809 -21.55610 -16.07622 54.49201 30.67163 5.78237 -22.35317 13.77218 -0.01206 1.94814 0.70936 -0.00000 0.00000 -0.00000 -330.94581 -15.21941 -375.35306 5.82947 38.27925 -16.69234 -1.33477 -30.48585 2.68672 0.49977 -12.41072 4.59405 -3.69543 3.67397 8.16903 -4.51135 3.90371 10.75535 -2.52390 2.19926 5.30265 -8.31517 -3.81304 -9.07979 15.19727 -10.38391 -11.30025 6.22698 -0.96135 -5.80095 -0.00000 0.00000 0.00000 -62.10364 74.00638 11.72435 34.64430 -29.30344 -79.94356 0.00000 5.48287 -0.00000 16.53450 -2.83810 -9.46905 -7.12502 -0.00000 0.00000 -8.57754 3.99901 20.18632 -0.00000 0.00000 0.00000 38.83087 27.80975 28.06201 -29.45801 -16.71905 58.40772 -0.00000 0.95825 0.00000 -4.68677 2.43653 -27.40938 7.12502 -0.00000 -0.00000 20.14846 -3.98885 -55.73535
-0.60572 0.88318 -0.06422 0.83763 18.26264 -36.29176 -0.00000 0.00000 -0.00000 -20.14247 -56.42650 -13.26870 -15.80730 54.22605 30.34072 4.18744 -29.23800 4.12385 -0.00064 0.44737 0.16283 -0.00000 0.00000 -0.00000 -333.69678 -19.01302 -375.84853 10.67746 47.90524 -23.75884 2.34623 -17.30453 10.88669 0.40388 -11.17936 4.12495 -1.37371 6.19762 5.42934 -2.61473 4.36489 7.08300 -2.11554 1.23647 3.51264 -8.86102 -3.49548 -9.11523 14.92720 -11.17251 -11.31907 6.30906 -1.21979 -5.81206 -0.00000 0.00000 -0.00000 -73.81758 74.78535 9.96976 34.68713 -29.51771 -80.29924 0.00000 11.54950 -0.00000 16.69322 -3.47957 -11.44134 -7.12502 -0.00000 0.00000 -8.19475 4.18476 18.12751 -0.00000 0.00000 -0.00000 53.13508 35.69015 13.69330 -33.26956 -24.42302 71.83564 -0.00000 -6.03384 -0.00000 -5.03904 2.16301 -23.17291 7.12502 -0.00000 -0.00000 20.18139 -2.50396 -51.77843
-0.60963 0.88290 -0.04396 1.24343 18.14895 -28.46977 -0.00000 0.00000 -0.00000 -25.63033 -57.47622 -12.54120 -16.03641 54.45297 30.62270 2.37722 -27.05383 0.82147 -0.00600 -1.37420 -0.50027 -0.00000 0.00000 -0.00000 -341.06080 -25.67837 -369.97296 29.89237 63.43702 -46.71951 1.71484 -7.47899 12.43602 0.01641 -2.27209 0.82744 -1.65718 9.02855 1.72308 -0.89543 4.78136 2.09029 -0.14927 -0.12792 1.00084 -8.91847 -4.94216 -8.34627 13.95650 -12.07008 -10.17633 5.98957 -1.45822 -5.18788 -0.00000 0.00000 0.00000 -85.19210 76.15247 7.85132 34.88935 -30.65376 -82.18893 0.00000 13.45450 -0.00000 15.32277 -4.78697 -16.93919 -7.12502 -0.00000 0.00000 -8.56632 5.49353 12.56265 -0.00000 0.00000 0.00000 70.65297 40.19051 -0.77723 -34.83856 -30.34505 81.67465 -0.00000 -6.97209 -0.00000 -5.30975 1.82915 -18.95468 7.12502 -0.00000 -0.00000 20.17669 -1.03869 -47.82419
-0.61920 0.87519 -0.02948 4.12605 16.52074 -23.21579 -0.00000 0.00000 -0.00000 -31.72371 -57.71913 -9.99413 -16.71374 55.10218 31.45181 0.76378 -26.50253 -2.92475 -0.03282 3.21206 1.17040 -0.00000 0.00000 -0.00000 -350.46219 -31.50497 -358.02309 85.05178 69.25734 -106.04298 1.76275 -3.92228 16.57425 0.44654 -11.74435 4.33963 -5.35732 12.16717 -0.82598 0.58117 5.08267 -1.71668 3.76378 -1.30344 -0.94274 -6.63626 -2.72054 -7.68615 10.04052 -18.18092 -9.55425 4.92794 -4.05098 -4.96247 -0.00000 0.00000 -0.00000 -53.24810 81.04597 -33.64867 35.08836 -32.12688 -84.65404 0.00000 8.02882 -0.00000 14.08410 -5.58250 -21.19326 -7.12502 -0.00000 0.00000 -8.83430 6.64756 8.32034 -0.00000 0.00000 -0.00000 88.99582 38.99118 -15.27719 -35.26433 -35.32078 90.09770 -0.00000 -5.05175 -0.00000 -2.50015 0.49796 -11.25723 7.12502 -0.00000 -0.00000 23.06439 2.00343 -40.30641
-0.62588 0.86698 -0.00993 3.74511 15.69350 -19.54863 -0.00000 0.00000 -0.00000 -33.47292 -55.66495 -11.02599 -18.32214 56.52505 33.39596 -0.71966 -27.24531 -6.54778 -0.09115 5.34651 1.95202 -0.00000 0.00000 -0.00000 -355.04448 -34.89630 -342.27870 118.24739 59.09549 -142.55199 0.63889 2.78348 24.15625 0.53527 -12.83424 4.75647 -4.87815 13.42023 -3.05156 2.39688 5.43786 -4.59695 5.78498 -1.14471 -2.40362 -4.49782 0.50932 -7.28854 7.21462 -23.84914 -9.51921 4.28102 -6.63283 -4.96457 -0.00000 0.00000 0.00000 -7.36920 73.52242 -84.47724 35.21651 -33.64092 -87.21386 0.00000 6.38639 -0.00000 15.32798 -6.52259 -22.51095 -7.12502 -0.00000 0.00000 -7.52298 5.97258 6.76489 -0.00000 0.00000 0.00000 102.83620 35.48483 -24.49091 -35.02524 -38.77194 96.23306 -0.00000 -4.70652 -0.00000 -0.56625 0.08052 -8.09255 7.12502 -0.00000 -0.00000 24.79894 3.59915 -37.26284
-0.63640 0.85636 0.00605 2.73915 13.99382 -15.60230 -0.00000 0.00000 -0.00000 -33.95690 -53.03861 -11.84681 -20.94748 58.54184 36.50694 -1.79668 -27.66581 -8.99871 -0.10295 5.68058 2.07482 -0.00000 0.00000 -0.00000 -358.87087 -39.77298 -327.53967 128.64550 48.90482 -155.33590 -2.68107 10.16030 29.24195 0.24595 -8.75339 3.21268 -1.97496 13.93305 -6.16854 1.99631 6.28366 -8.34733 4.13864 -0.42361 -4.24340 -5.42228 -0.61791 -6.20497 9.86526 -22.28303 -7.54754 4.89837 -5.92090 -4.14372 0.00000 0.00000 -0.00000 -6.00770 63.34576 -79.76936 35.24877 -36.17766 -91.59119 0.00000 2.86709 -0.00000 17.47344 -8.99807 -26.42022 -7.12502 -0.00000 0.00000 -4.94226 4.58243 2.26497 0.00000 0.00000 -0.00000 110.62909 34.13135 -25.75518 -34.61188 -40.95359 100.31770 -0.00000 -14.71090 -0.00000 -10.30791 1.76189 -9.59519 7.12502 -0.00000 -0.00000 15.46761 1.56540 -39.36190
-0.64220 0.85825 0.02132 0.85926 13.62027 -12.81938 -0.00000 0.00000 -0.00000 -30.80426 -52.41734 -9.19518 -22.68500 59.70324 38.53123 -2.90824 -25.64880 -11.46609 -0.08082 5.03545 1.83780 -0.00000 0.00000 -0.00000 -356.84544 -50.41647 -317.68704 130.33947 46.27919 -157.62938 -3.50050 11.49750 31.36813 0.28632 -9.43631 3.46805 -3.29279 14.24645 -8.01255 5.60564 6.50955 -10.92328 8.93078 0.97664 -5.74036 -7.81926 -1.70248 -4.92316 8.59525 -21.91323 -6.06758 4.71085 -5.74199 -3.13014 0.00000 0.00000 -0.00000 -18.35315 51.03156 -65.02521 35.17367 -37.44616 -93.83598 0.00000 1.58042 -0.00000 19.95466 -12.50027 -30.80097 -7.12502 -0.00000 0.00000 -2.03762 2.26536 -3.01024 0.00000 0.00000 -0.00000 99.82293 36.18692 -21.52407 -34.23405 -42.32267 102.99028 -0.00000 -11.97020 -0.00000 -15.41946 4.14931 -14.69963 7.12502 -0.00000 -0.00000 10.24370 0.00139 -44.99232
-0.64360 0.86177 0.03712 1.08081 10.76469 -11.94013 -0.00000 0.00000 -0.00000 -28.23371 -50.92150 -3.72561 -25.45869 61.32353 41.71715 -2.55127 -20.42973 -10.99353 -0.00661 -1.44247 -0.52514 -0.00000 0.00000 -0.00000 -350.56194 -57.07673 -313.93406 126.75561 51.39970 -152.87504 -2.89946 10.58149 27.78384 0.60058 -13.57604 5.04238 -2.26945 15.41659 -9.18196 5.14582 7.44804 -12.34730 8.03350 1.35556 -6.44311 -5.99502 -1.78105 -4.71822 7.00046 -21.28145 -5.98278 3.83942 -5.66804 -3.11824 0.00000 0.00000 -0.00000 -25.44715 35.05107 -51.45609 35.26348 -35.48528 -90.38312 0.00000 3.88300 -0.00000 18.58042 -11.17676 -29.96883 -7.12502 -0.00000 0.00000 -3.29447 3.51144 -1.77651 0.00000 0.00000 -0.00000 86.49075 34.51058 -14.15646 -33.94720 -43.17706 104.70924 -0.00000 -10.66540 -0.00000 -13.97943 4.46323 -17.35893 7.12502 -0.00000 -0.00000 11.48034 -0.51212 -47.51992
-0.64821 0.85624 0.05321 1.63996 7.49007 -12.43881 -0.00000 0.00000 -0.00000 -23.42175 -52.29985 2.12027 -35.66364 65.53117 53.11222 -1.87606 -10.17388 -11.49749 -0.03405 -3.27184 -1.19223 -0.00000 0.00000 -0.00000 -336.81263 -60.00992 -309.44399 117.41526 59.63953 -141.58493 -1.27790 7.17721 18.96643 1.27727 -19.52224 7.41456 -3.05623 16.84402 -9.13670 4.92988 8.32851 -12.43126 8.32477 1.72507 -6.55365 -6.99451 -2.22790 -4.79006 6.84442 -20.04014 -6.10867 3.89518 -5.17238 -3.08873 -0.00000 0.00000 0.00000 -27.32957 20.12792 -45.57422 34.47103 -28.50224 -78.61488 0.00000 6.69656 -0.00000 20.12194 -11.28793 -28.11335 -7.12502 -0.00000 0.00000 -2.45827 2.47071 -0.11808 -0.00000 0.00000 0.00000 69.65934 30.08390 -6.56208 -34.19116 -42.45853 103.26082 -0.00000 -7.70260 -0.00000 -18.71725 6.58407 -18.69663 7.12502 -0.00000 -0.00000 6.50922 -0.52968 -49.63208
-0.64723 0.85342 0.07481 4.01410 4.54458 -15.12769 -0.00000 0.00000 -0.00000 -18.26109 -53.03307 9.58387 -44.15388 67.66410 62.35872 -0.42411 0.33200 -13.12483 -0.00563 1.33127 0.48464 -0.00000 0.00000 -0.00000 -327.22931 -60.73660 -309.31485 88.50073 68.85932 -109.73568 -1.25845 9.20960 8.53132 0.32319 -10.01769 3.68630 -4.91983 16.79001 -8.16913 3.55605 8.83363 -11.47594 7.63361 2.15052 -6.12384 -6.10504 -1.48705 -5.04152 4.81008 -19.92247 -6.78444 3.19006 -5.32891 -3.34709 0.00000 0.00000 -0.00000 -24.85638 9.84725 -43.89969 30.58166 -18.58114 -61.78845 0.00000 5.77650 -0.00000 21.13412 -11.36033 -27.00240 -7.12502 -0.00000 0.00000 -1.86764 1.81303 0.86503 0.00000 0.00000 -0.00000 54.76471 26.45153 -1.03141 -34.86703 -39.75026 98.04103 -0.00000 -10.15900 -0.00000 -21.09303 8.54921 -21.07656 7.12502 -0.00000 -0.00000 3.71308 -0.49625 -52.60181
-0.64220 0.85396 0.10126 7.87427 0.29532 -17.70424 -0.00000 0.00000 -0.00000 -16.85077 -49.77753 16.31563 -44.99124 67.82700 63.26348 1.03966 6.51866 -16.34396 -0.28395 9.39766 3.45357 -0.00000 0.00000 -0.00000 -332.51334 -60.33300 -325.47036 36.55633 65.80234 -54.09194 -0.43266 13.10106 -0.23812 0.05021 -3.97146 1.44797 -6.94343 16.20422 -7.25338 0.80149 9.39411 -10.57005 5.49635 2.66401 -5.68048 -7.03699 -1.72816 -5.17885 5.56573 -17.80472 -6.81110 3.46393 -4.56859 -3.34726 0.00000 0.00000 0.00000 -19.41452 4.10944 -44.08943 23.21572 -9.26612 -43.06003 0.00000 5.35702 -0.00000 19.93193 -9.51302 -24.50179 -7.12502 -0.00000 0.00000 -3.31640 2.90357 3.84116 0.00000 0.00000 0.00000 41.68713 24.80549 3.64865 -35.26259 -34.95178 89.45958 -0.00000 -12.40120 -0.00000 -21.89845 9.82260 -22.99682 7.12502 -0.00000 -0.00000 2.53472 -0.44067 -54.85605
-0.63749 0.84835 0.13345 9.49549 -2.96509 -18.96736 -0.00000 0.00000 -0.00000 -15.59625 -45.94035 20.69526 -44.23060 67.67933 62.44166 0.27450 4.07381 -17.87642 -0.73301 14.95669 5.57972 -0.00000 0.00000 -0.00000 -346.24775 -61.69305 -359.28786 16.26738 54.67792 -30.90618 0.01458 12.87650 -2.34927 1.08525 18.06622 -6.81860 -5.79295 13.96129 -6.73604 -1.09122 9.82003 -9.63717 2.45603 3.52097 -5.12396 -9.62245 -2.56135 -5.43540 6.73561 -14.90529 -6.94470 4.08204 -3.40872 -3.33143 -0.00000 0.00000 0.00000 -13.16539 4.86495 -44.41528 16.34853 -4.28236 -29.17882 0.00000 0.72430 -0.00000 16.86322 -5.59909 -17.84200 -7.12502 -0.00000 0.00000 -7.08963 4.73470 11.42907 -0.00000 0.00000 0.00000 28.92553 25.44018 5.92000 -34.70464 -29.60748 80.44831 -0.00000 -12.43700 -0.00000 -21.79353 11.14119 -25.79267 7.12502 -0.00000 -0.00000 2.08327 -0.47751 -57.90432
-0.64154 0.83682 0.16495 11.40077 -6.96607 -18.69607 -0.00000 0.00000 -0.00000 -16.78840 -40.54523 23.67548 -37.14598 65.97470 54.73795 -1.25761 0.29399 -21.44877 -0.49720 12.37944 4.58208 -0.00000 0.00000 -0.00000 -367.03896 -59.49899 -395.99280 13.95570 52.24155 -28.02981 -0.09744 5.53871 0.13438 7.83644 42.90723 -19.77380 -6.77226 12.27943 -5.82893 -2.73494 9.48103 -8.43149 1.07309 3.79406 -4.51939 -7.29937 -1.16005 -5.91441 2.62667 -12.52324 -8.05382 2.66312 -3.44141 -3.82469 0.00000 0.00000 -0.00000 -9.69767 15.46952 -39.47239 19.17545 -6.03707 -34.67444 0.00000 -1.07041 0.00000 13.70071 -3.95414 -15.79419 -7.12502 -0.00000 0.00000 -10.16280 6.20168 13.92509 0.00000 0.00000 -0.00000 19.24188 30.72652 5.41444 -33.24749 -24.36195 71.73338 -0.00000 -12.38500 -0.00000 -18.96469 11.12217 -29.30772 7.12502 -0.00000 -0.00000 4.34645 -1.25336 -61.05524
-0.64330 0.82741 0.18336 14.92185 -10.33278 -23.73391 -0.00000 0.00000 -0.00000 -18.11885 -39.47511 28.23573 -40.00979 66.74077 57.86395 -0.24025 2.99107 -20.62442 -0.74420 15.06686 5.62291 -0.00000 0.00000 -0.00000 -360.96075 -55.93332 -384.33780 12.74277 50.77601 -26.48031 0.41713 -3.03822 6.73131 6.27506 39.41107 -17.40273 -9.49472 12.06802 -2.24255 -5.69387 8.32081 -4.01270 -0.55713 2.30672 -2.30440 -6.81467 -2.39530 -7.37747 2.05527 -9.34357 -9.85602 2.16966 -2.08396 -4.77833 -0.00000 0.00000 0.00000 -5.23313 28.21607 -38.02762 25.04439 -11.07310 -47.15637 0.00000 -3.77159 0.00000 15.80742 -6.46902 -21.70039 -7.12502 -0.00000 0.00000 -7.28177 5.61902 7.53824 -0.00000 0.00000 0.00000 24.17233 34.87600 -2.73768 -32.49821 -22.45928 68.52613 -0.00000 -8.26292 -0.00000 -13.99223 9.36980 -33.15885 7.12502 -0.00000 -0.00000 8.93037 -3.07343 -63.83964
-0.63985 0.83122 0.18986 10.69387 -7.51968 -26.61666 -0.00000 0.00000 -0.00000 -18.01778 -42.24067 19.47933 -43.14099 67.45688 61.26287 -0.94582 0.19345 -18.54938 -0.46359 11.96219 4.42266 -0.00000 0.00000 -0.00000 -343.37991 -53.50750 -366.70875 11.45091 49.04223 -24.79190 -0.03426 -5.73434 0.64306 5.43993 37.23108 -16.05618 -4.25250 12.74831 -1.17349 -4.23821 8.48704 -2.13171 -1.95400 1.77759 -1.18267 -8.61468 -0.42718 -8.55019 3.84939 -14.80227 -11.63775 3.38617 -3.54246 -5.55600 0.00000 0.00000 -0.00000 -8.34954 36.08404 -37.36931 30.20650 -17.93291 -60.62477 0.00000 -5.68145 0.00000 12.81447 -5.82702 -24.05329 -7.12502 -0.00000 0.00000 -9.29581 7.73960 5.55366 0.00000 0.00000 -0.00000 40.75563 31.23541 -11.38446 -33.63099 -25.47612 73.59360 -0.00000 -4.83998 -0.00000 -12.56380 7.16873 -29.24654 7.12502 -0.00000 -0.00000 11.33558 -2.94966 -59.39670
-0.64424 0.84738 0.18665 9.76242 -6.06145 -23.33814 -0.00000 0.00000 -0.00000 -27.93324 -39.81587 2.17761 -33.79693 64.92184 51.05638 -2.22245 -4.13858 -18.93562 -0.06026 4.35001 1.58652 -0.00000 0.00000 -0.00000 -338.52350 -50.40362 -356.09737 10.41569 47.50167 -23.40495 -0.10751 -2.24922 -3.94690 4.55085 34.59843 -14.54093 -5.53778 12.87957 -2.80424 -2.55967 9.26893 -4.37692 0.57494 2.79823 -2.42341 -11.06399 2.79422 -7.46766 7.70969 -17.98531 -10.19432 5.29559 -4.75366 -4.88669 -0.00000 0.00000 0.00000 -24.52703 48.11870 -28.15143 33.60471 -25.39585 -73.45992 0.00000 -10.68320 0.00000 6.96073 -3.58338 -27.10929 -7.12502 -0.00000 0.00000 -13.39541 12.25173 3.29676 -0.00000 0.00000 0.00000 59.33595 32.70509 -11.00578 -34.14765 -27.20803 76.47005 -0.00000 -5.56275 -0.00000 -12.47997 6.13249 -25.76513 7.12502 -0.00000 -0.00000 12.02059 -2.33074 -55.81267
-0.64598 0.86170 0.18042 7.04519 -3.21970 -21.11993 -0.00000 0.00000 -0.00000 -32.32882 -36.18316 -12.72958 -27.22152 62.22653 43.71775 -2.77056 -6.53922 -18.57767 -0.00174 -0.74060 -0.26957 -0.00000 0.00000 -0.00000 -334.35755 -49.66820 -347.22115 11.29842 48.82435 -24.58965 -0.52804 8.11730 2.93017 1.93525 23.71274 -9.19925 -3.70155 13.65078 -4.48308 -0.23765 9.32335 -6.43949 2.14483 2.64457 -3.43096 -11.53550 -0.64816 -7.77512 8.23609 -13.97129 -10.17541 5.03628 -2.94769 -4.93196 -0.00000 0.00000 -0.00000 -42.43855 61.49094 -21.01906 34.36669 -28.06055 -77.88290 0.00000 -8.41768 0.00000 1.77583 -1.00893 -29.59366 -7.12502 -0.00000 0.00000 -16.89528 16.77218 1.46677 -0.00000 0.00000 -0.00000 80.86248 34.22691 -13.88632 -34.47115 -28.50278 78.61577 -0.00000 -5.30077 -0.00000 -10.72818 4.48655 -22.43482 7.12502 -0.00000 -0.00000 14.31153 -1.82252 -52.10617
-0.64504 0.86797 0.17164 5.73921 -0.27568 -21.35626 -0.00000 0.00000 -0.00000 -34.28681 -35.67286 -21.06075 -26.12352 61.67468 42.47365 -2.76184 -9.48493 -15.77108 -0.38387 -10.90360 -4.02050 -0.00000 0.00000 -0.00000 -328.73710 -51.64557 -333.16350 21.32753 58.80664 -36.95184 -3.24174 14.93235 13.09668 0.47540 12.11059 -4.47929 -3.51156 14.49618 -5.08355 2.24353 8.28082 -7.21676 4.90667 1.48902 -3.84509 -9.89974 -1.42051 -8.67016 6.05607 -14.79376 -11.54200 4.18712 -3.16860 -5.57972 0.00000 0.00000 -0.00000 -56.18852 71.76354 -20.27297 34.22150 -27.48553 -76.93002 0.00000 2.73153 -0.00000 1.87027 -1.15253 -31.63219 -7.12502 -0.00000 0.00000 -16.19175 17.24426 -0.59314 0.00000 0.00000 -0.00000 99.69142 33.58889 -21.78706 -34.97017 -31.19029 83.08444 -0.00000 -6.72827 -0.00000 -8.76688 3.17738 -19.76908 7.12502 -0.00000 -0.00000 16.59304 -1.23571 -49.13940
-0.64592 0.86459 0.15666 4.47196 1.61705 -23.55895 -0.00000 0.00000 -0.00000 -31.89824 -37.35710 -20.82272 -24.99043 61.06806 41.18277 -3.34975 -13.89846 -15.25028 -0.44208 -11.68672 -4.31769 -0.00000 0.00000 -0.00000 -320.98072 -53.10005 -317.84483 65.34437 69.93095 -85.04485 -0.96929 7.10329 10.01538 0.49409 -12.34141 4.56752 -4.13786 14.88524 -5.56171 3.38654 7.62860 -7.92385 6.65569 0.96812 -4.23357 -8.05175 0.69720 -8.31487 6.75553 -19.21250 -11.20751 4.55372 -4.90207 -5.52419 -0.00000 0.00000 -0.00000 -73.29396 76.69484 -13.07565 33.92014 -26.40529 -75.13840 0.00000 12.74460 -0.00000 6.76288 -4.63535 -34.27367 -7.12502 -0.00000 0.00000 -11.52956 13.55272 -3.96087 -0.00000 0.00000 -0.00000 110.62452 36.72347 -28.23795 -35.20460 -33.44818 86.88616 -0.00000 -9.20985 -0.00000 -14.57020 4.08209 -15.31603 7.12502 -0.00000 -0.00000 11.04924 -0.10104 -45.51743
-0.64558 0.86856 0.13962 3.93786 1.34895 -27.15614 -0.00000 0.00000 -0.00000 -26.48672 -36.14692 -12.89063 -18.68450 56.82455 33.82963 -4.72225 -19.20859 -17.05119 -0.16342 -7.14783 -2.61609 -0.00000 0.00000 -0.00000 -319.48727 -53.15389 -310.79774 114.27407 61.46628 -137.97846 -1.50060 7.96415 16.97802 1.33566 -19.93971 7.58754 -5.68437 16.12908 -5.94423 2.86786 7.32521 -8.69804 7.23067 0.30741 -4.62906 -6.62333 1.88673 -7.93170 9.13681 -21.35286 -10.33507 5.22219 -5.75175 -5.39447 -0.00000 0.00000 0.00000 -98.11475 76.36766 8.91709 34.29286 -27.76292 -77.38970 0.00000 14.17390 -0.00000 9.00369 -6.34972 -34.91465 -7.12502 -0.00000 0.00000 -9.58755 11.61422 -5.00242 -0.00000 0.00000 0.00000 110.79970 41.60065 -30.63958 -35.24044 -36.39356 91.97024 -0.00000 -1.49734 -0.00000 -6.21781 2.00233 -17.78113 7.12502 -0.00000 -0.00000 19.31144 -0.64509 -46.84024
-0.64030 0.88783 0.12818 5.81469 3.17774 -28.32848 -0.00000 0.00000 -0.00000 -26.17330 -36.38106 -9.34123 -12.65578 50.66518 26.36793 -4.31140 -19.21836 -15.97903 -0.02337 -2.71095 -0.98749 -0.00000 0.00000 -0.00000 -335.50589 -59.37013 -323.03019 129.71841 47.29102 -156.77725 -2.62524 10.12219 26.08917 0.83582 -15.93696 5.96573 -6.69353 13.94722 -7.01295 2.67430 6.44901 -10.13259 7.50996 0.92780 -5.36312 -7.21262 1.55629 -7.99026 11.71231 -21.77351 -10.06434 6.12845 -5.64504 -5.44564 0.00000 0.00000 0.00000 -95.48598 76.56437 8.85036 34.66867 -29.42444 -80.14439 0.00000 6.86043 -0.00000 13.18955 -9.42182 -34.93500 -7.12502 -0.00000 0.00000 -6.32207 7.82243 -5.85372 0.00000 0.00000 0.00000 98.77502 43.66831 -24.19610 -34.85907 -39.79333 98.12147 -0.00000 -13.41690 -0.00000 -8.86822 1.95562 -12.33714 7.12502 -0.00000 -0.00000 16.84461 0.93515 -41.91447
-0.63191 0.90292 0.10893 6.90616 5.66068 -31.05510 -0.00000 0.00000 -0.00000 -23.92410 -40.80519 -6.83514 -10.95948 48.32915 24.13763 -3.12648 -13.95915 -14.47616 -0.19643 -7.83105 -2.86935 -0.00000 0.00000 -0.00000 -377.35387 -62.32183 -363.77805 134.73464 36.74191 -164.23399 -10.96800 19.90197 40.60362 0.24556 -8.74643 3.21008 -6.41039 12.71346 -6.81658 2.44949 5.57103 -9.76947 7.05438 0.47458 -5.10936 -6.55754 0.92926 -8.64635 12.04128 -21.18153 -10.89033 6.10124 -5.27296 -5.92208 -0.00000 0.00000 0.00000 -77.70105 76.73882 -1.84352 34.91330 -30.80638 -82.44342 0.00000 -8.47985 0.00000 11.67162 -8.72452 -36.28928 -7.12502 -0.00000 0.00000 -7.12674 9.19234 -6.95085 -0.00000 0.00000 0.00000 83.66640 40.41143 -13.49169 -34.43235 -41.64810 101.66163 -0.00000 -13.88870 -0.00000 -8.55456 1.56633 -10.29904 7.12502 -0.00000 -0.00000 17.16919 1.57710 -39.90959
-0.62287 0.93226 0.09326 7.85510 6.21027 -35.29467 -0.00000 0.00000 -0.00000 -20.59993 -41.94338 -0.30816 -8.14858 43.53214 20.22961 -1.34486 -6.98793 -10.74066 -0.30114 -9.67445 -3.55735 -0.00000 0.00000 -0.00000 -396.32103 -49.80104 -386.66001 135.06814 35.77112 -164.79789 -21.05662 26.66700 48.74749 0.02245 -2.65701 0.96781 -6.37270 13.02459 -5.72332 1.75530 5.08341 -8.35475 6.31253 -0.59018 -4.32085 -7.77600 -0.04958 -9.12024 13.35761 -19.59488 -11.43116 6.55661 -4.38654 -6.16354 0.00000 0.00000 -0.00000 -61.62128 73.25557 -9.31707 34.85157 -30.42234 -81.80334 0.00000 -5.89898 0.00000 13.53654 -10.07710 -36.00869 -7.12502 -0.00000 0.00000 -5.76900 7.44654 -7.06203 0.00000 0.00000 -0.00000 70.80460 33.98333 -4.16976 -34.20618 -42.41131 103.16668 -0.00000 -16.67120 -0.00000 -11.16488 1.99908 -10.02309 7.12502 -0.00000 -0.00000 14.63218 1.34806 -39.85098
-0.61593 0.96019 0.07748 8.57075 6.96405 -39.54514 -0.00000 0.00000 -0.00000 -16.21521 -43.85336 7.96608 -6.54350 40.06131 17.82264 -0.14159 -1.15727 -4.68533 -0.11769 -6.07181 -2.21882 -0.00000 0.00000 -0.00000 -385.41399 -43.15467 -388.95224 132.46380 42.28489 -160.66979 -17.89339 25.28615 45.21919 0.00087 0.52282 -0.19030 -6.80016 12.34020 -4.48295 1.63995 5.21168 -6.73403 6.17589 -0.34111 -3.53506 -8.65929 -1.53264 -9.71602 13.77463 -18.55525 -12.20918 6.68480 -3.64831 -6.47919 0.00000 0.00000 0.00000 -48.45319 69.35178 -14.13832 34.62922 -29.22970 -79.82120 0.00000 -7.22101 0.00000 13.26206 -9.87397 -36.03851 -7.12502 -0.00000 0.00000 -5.97187 7.70342 -7.03181 0.00000 0.00000 0.00000 58.99400 26.15983 5.04934 -34.55412 -41.18757 100.76788 -0.00000 -19.20330 -0.00000 -13.69955 2.22340 -9.04294 7.12502 -0.00000 -0.00000 12.18261 1.28526 -39.06846
-0.60850 0.97218 0.06026 9.08984 7.94842 -44.43014 -0.00000 0.00000 -0.00000 -9.81655 -47.03586 17.07785 -7.54125 42.29553 19.33771 0.33642 -5.11323 3.85815 -0.14618 -6.76282 -2.47373 -0.00000 0.00000 -0.00000 -375.41874 -42.09606 -390.95451 125.74838 52.57798 -151.59674 -6.38511 15.56212 33.87651 0.00576 -1.34616 0.49006 -6.27585 11.03209 -2.97376 1.01789 5.12424 -4.61742 4.94643 -0.19427 -2.46341 -7.97991 -0.82152 -10.13805 13.46531 -18.64834 -12.84753 6.56943 -3.77680 -6.83561 -0.00000 0.00000 0.00000 -36.97121 67.92657 -15.59561 34.37152 -28.08040 -77.91579 0.00000 -10.71540 0.00000 14.31879 -10.75443 -36.16902 -7.12502 -0.00000 0.00000 -5.12737 6.69390 -7.41175 -0.00000 0.00000 0.00000 50.74473 18.51919 12.31440 -35.13078 -37.90340 94.65635 -0.00000 -22.80730 -0.00000 -12.83518 1.76538 -7.70041 7.12502 -0.00000 -0.00000 13.02804 1.70793 -37.66013
-0.60090 0.96631 0.04766 9.69790 7.46604 -51.36884 -0.00000 0.00000 -0.00000 -2.95337 -47.59221 23.99493 -11.66910 49.34890 25.08015 -0.07780 -1.65153 -2.60772 -0.17564 -7.40817 -2.71249 -0.00000 0.00000 -0.00000 -374.17849 -40.99210 -394.13930 110.87948 63.10512 -134.14467 -0.73318 5.93783 23.21974 0.03369 -3.25431 1.18583 -5.69354 8.76380 -1.30807 -0.05915 5.39656 -2.23633 3.21556 0.92033 -1.29469 -7.69087 -1.12569 -10.27090 12.49749 -17.55186 -13.13550 6.11107 -3.47594 -6.91314 0.00000 0.00000 -0.00000 -26.44877 68.16880 -15.92183 34.04267 -26.82854 -75.84076 0.00000 -13.26590 0.00000 18.16366 -13.18656 -34.81183 -7.12502 -0.00000 0.00000 -2.53087 3.23355 -6.91716 0.00000 0.00000 -0.00000 41.91703 12.64123 20.82748 -35.10835 -32.31311 84.96727 -0.00000 -22.04040 -0.00000 -13.83364 2.10034 -8.46537 7.12502 -0.00000 -0.00000 12.06028 1.39588 -38.49546
-0.59469 0.94477 0.03800 10.27318 6.75969 -58.57286 -0.00000 0.00000 -0.00000 -3.02967 -44.03606 18.79326 -14.89845 53.28693 29.21388 1.16038 7.02763 -14.99309 -0.89285 -16.45211 -6.17019 -0.00000 0.00000 -0.00000 -377.25901 -40.08158 -400.22974 78.64489 69.76017 -99.20437 1.61280 -2.85374 17.27888 0.07007 -4.68973 1.71100 -4.44279 6.33147 0.09087 -1.29763 5.06575 -0.16672 1.14476 1.69140 -0.22324 -7.33809 -0.26552 -9.93546 12.49897 -16.82689 -12.70163 6.02670 -3.47378 -6.72169 -0.00000 0.00000 0.00000 -22.32297 70.63514 -10.43852 33.99167 -26.64996 -75.54449 0.00000 -16.09750 0.00000 20.84073 -13.97662 -32.39359 -7.12502 -0.00000 0.00000 -1.02199 1.21781 -4.99158 -0.00000 0.00000 0.00000 32.81454 9.14532 30.82765 -33.47736 -25.01558 72.82592 -0.00000 -17.95830 -0.00000 -16.64602 2.81857 -9.33963 7.12502 -0.00000 -0.00000 9.31275 0.88870 -39.59688
-0.59678 0.92158 0.03326 12.04295 3.94730 -67.53953 -0.00000 0.00000 -0.00000 -10.59905 -35.94503 8.30187 -11.80303 49.53422 25.25643 -2.52618 0.12644 -28.95630 -0.17170 -7.32532 -2.68180 -0.00000 0.00000 -0.00000 -384.48453 -40.53203 -407.52785 40.18280 66.78349 -58.05224 1.17146 -10.28508 8.13924 0.00100 -0.56094 0.20417 -4.98402 2.92335 1.98620 -2.63036 4.30630 2.55776 0.14797 2.70338 1.13265 -7.58294 0.16439 -9.55173 11.36161 -15.22283 -12.32614 5.58948 -3.19179 -6.43041 -0.00000 0.00000 0.00000 -33.83079 73.94074 7.19267 34.30044 -27.79293 -77.43943 0.00000 -17.34240 0.00000 21.36526 -14.15389 -32.00847 -7.12502 -0.00000 0.00000 -0.70012 0.82590 -4.70958 -0.00000 0.00000 0.00000 24.65364 7.73220 41.15873 -29.96022 -17.52242 59.88084 -0.00000 -13.41680 -0.00000 -19.27625 4.71803 -13.23474 7.12502 -0.00000 -0.00000 6.50866 0.12284 -43.92338
-0.60315 0.91161 0.02221 14.68137 -0.07493 -80.28499 -0.00000 0.00000 -0.00000 -16.68974 -33.58160 6.25128 -10.44518 47.54763 23.44492 -4.29435 -22.30553 -15.12416 -3.51492 -30.99421 -12.62948 -0.00000 0.00000 -0.00000 -388.34924 -45.85748 -409.70895 19.84533 57.73688 -35.20932 -1.43781 -16.21077 -2.90054 0.08888 5.27985 -1.92753 -6.19249 -0.43300 4.92284 -4.79222 2.66948 6.69172 -1.14272 2.84922 3.19565 -6.45896 0.10120 -9.04156 10.11949 -13.47507 -11.71384 4.85749 -2.90140 -6.09100 0.00000 0.00000 -0.00000 -62.00814 73.32114 38.72971 34.71758 -29.67475 -80.56003 0.00000 -17.83850 0.00000 22.27105 -15.22371 -32.66716 -7.12502 -0.00000 0.00000 0.11720 -0.14320 -5.70097 0.00000 0.00000 -0.00000 24.38925 8.80012 50.93621 -25.42763 -11.48472 48.04686 -0.00000 -5.87479 -0.00000 -22.05970 7.29189 -17.39101 7.12502 -0.00000 -0.00000 3.26573 -0.21501 -48.76267
-0.60400 0.91717 0.00354 13.23906 -2.54159 -93.77364 -0.00000 0.00000 -0.00000 -19.57738 -28.51107 3.62023 -9.18307 45.45789 21.70542 2.83613 -31.40071 0.19857 -4.16126 -33.32064 -13.84355 -0.00000 0.00000 -0.00000 -378.19335 -48.92510 -396.91483 11.24875 48.75272 -24.52362 -2.98596 -18.01088 -8.01790 0.15539 6.97123 -2.55076 -6.80667 0.80170 7.94064 -6.34092 2.34989 10.50233 -2.52494 1.94954 5.09584 -5.34215 -1.45468 -8.27611 10.85896 -13.23250 -10.56829 4.73963 -2.71001 -5.59830 0.00000 0.00000 0.00000 -77.53861 67.62053 52.97722 34.99329 -31.35662 -83.36256 0.00000 -19.31030 0.00000 23.10507 -15.37968 -31.86647 -7.12502 -0.00000 0.00000 0.59230 -0.70710 -5.04696 0.00000 0.00000 0.00000 30.96342 12.29862 58.95075 -22.94734 -9.02102 42.47749 -0.00000 1.97736 0.00000 -24.94206 7.88924 -16.44296 7.12502 -0.00000 -0.00000 0.46417 -0.02570 -48.16950
-0.61049 0.92246 -0.01136 10.80989 -1.53132 -105.07421 -0.00000 0.00000 -0.00000 -17.54317 -23.24583 -1.06034 -10.69476 47.93156 23.78214 4.21653 -28.25967 4.71076 -4.92002 -35.73575 -15.18186 -0.00000 0.00000 -0.00000 -363.28683 -46.46775 -379.54187 9.55203 46.09600 -22.22026 -2.55484 -15.64573 -8.45496 0.24051 8.65702 -3.17672 -5.55355 0.68688 9.82632 -5.88854 3.10015 13.07818 -2.48431 2.92658 6.37153 -4.55909 -1.79212 -6.96449 10.70431 -14.03568 -8.77956 4.51909 -3.10324 -4.77076 -0.00000 0.00000 0.00000 -90.66757 61.15398 57.82024 35.15848 -32.83941 -85.85481 0.00000 -18.54430 0.00000 23.53193 -15.96300 -32.27373 -7.12502 -0.00000 0.00000 0.98806 -1.20459 -5.63494 -0.00000 0.00000 0.00000 34.10439 22.75221 63.63711 -24.53863 -10.54816 45.99938 -0.00000 -2.59597 -0.00000 -24.10889 7.44034 -16.13868 7.12502 -0.00000 -0.00000 1.35055 -0.06381 -47.70435
-0.61244 0.91906 -0.03162 9.59851 -2.85055 -108.33223 -0.00000 0.00000 -0.00000 -18.23004 -24.78256 -14.84011 -20.51170 58.23031 35.99522 -0.02110 -7.21068 -1.45119 -1.67539 -22.17864 -8.53278 -0.00000 0.00000 -0.00000 -357.62969 -44.21270 -367.03330 13.40940 51.59931 -27.33580 -0.49157 -9.56189 -1.64750 0.01173 -1.92164 0.69970 -8.28873 1.66745 9.66577 -5.90105 2.94009 12.66164 -1.34756 1.68570 6.09974 -4.79963 -3.07131 -6.53091 12.17031 -11.84114 -8.16068 4.79831 -2.21786 -4.43456 -0.00000 0.00000 0.00000 -98.98022 59.57657 56.54910 35.23930 -34.09202 -87.98319 0.00000 -18.07540 0.00000 22.72092 -16.46080 -34.08614 -7.12502 -0.00000 0.00000 0.72639 -0.94445 -7.43303 -0.00000 0.00000 0.00000 40.64980 37.26044 59.97162 -27.85041 -14.40446 54.01327 -0.00000 -6.71934 -0.00000 -22.27039 6.69597 -15.89279 7.12502 -0.00000 -0.00000 3.24176 -0.12262 -47.16383
-0.61715 0.91450 -0.04934 8.42172 0.28517 -107.34873 -0.00000 0.00000 -0.00000 -17.11113 -26.24062 -33.56208 -41.67191 67.13562 59.67041 10.57721 31.41241 -16.94111 -1.56555 21.48689 8.23743 -0.00000 0.00000 -0.00000 -350.39939 -36.93154 -357.97038 15.92301 54.34113 -30.48324 0.25480 1.66053 15.10424 0.19393 -7.78140 2.85092 -4.72038 4.28698 8.26306 -4.72685 3.55878 10.67432 -2.38210 1.38069 5.20596 -5.86117 -4.06355 -6.11249 12.31783 -10.53431 -7.61438 4.89818 -1.67609 -4.06135 -0.00000 0.00000 -0.00000 -101.32286 62.88019 48.39925 35.26040 -34.79879 -89.19583 0.00000 -14.02880 0.00000 21.67293 -15.44374 -33.82540 -7.12502 -0.00000 0.00000 -0.10166 0.12928 -6.81924 -0.00000 0.00000 -0.00000 54.11457 50.62270 46.51022 -30.66081 -18.72168 62.03906 -0.00000 -6.00410 -0.00000 -19.23117 4.89375 -13.74162 7.12502 -0.00000 -0.00000 6.51216 0.06227 -44.45454
-0.62756 0.91074 -0.07039 7.45605 4.12091 -104.71827 -0.00000 0.00000 -0.00000 -15.67593 -28.18792 -49.56948 -84.05527 69.35507 104.97775 7.52985 30.96760 -10.60768 -0.26401 9.06553 3.32927 -0.00000 0.00000 -0.00000 -343.13428 -25.24290 -350.14464 11.45217 49.04402 -24.79357 3.50847 -9.63972 18.60510 1.79607 -22.90783 8.84754 -0.61389 5.28124 6.61318 -2.42634 4.39849 8.64001 -2.23519 1.90354 4.27155 -6.20474 -2.40793 -5.80436 10.37008 -12.58717 -7.27751 4.52115 -2.65729 -3.89147 0.00000 0.00000 -0.00000 -97.77006 70.25273 32.37326 35.26404 -35.12728 -89.76272 0.00000 -9.44148 0.00000 20.63108 -14.64719 -33.88663 -7.12502 -0.00000 0.00000 -0.86987 1.09699 -6.58324 0.00000 0.00000 -0.00000 77.15141 56.72962 19.80544 -32.60057 -22.70208 68.93812 -0.00000 -5.06672 -0.00000 -19.90632 3.64696 -9.96271 7.12502 -0.00000 -0.00000 6.10447 0.48011 -40.52000
-0.63438 0.89476 -0.09272 8.33922 2.30232 -108.96890 -0.00000 0.00000 -0.00000 -16.12694 -39.24166 -54.95069 -116.87635 59.97748 140.96145 1.07454 15.53042 -1.70353 -0.16084 7.09158 2.59527 -0.00000 0.00000 -0.00000 -340.26582 -23.99792 -344.56681 12.01239 49.81962 -25.53104 4.37890 -18.35120 16.45131 2.19684 -25.13374 9.83187 -2.44662 3.72772 6.85119 -2.39393 4.10240 8.96689 -1.02174 2.16497 4.38686 -6.57486 -4.25753 -5.37021 10.28685 -12.15942 -6.66640 4.44756 -2.28098 -3.53866 -0.00000 0.00000 0.00000 -66.91247 75.59985 -9.25974 35.26433 -35.20828 -89.90285 0.00000 -7.12198 0.00000 19.77290 -15.48950 -36.60847 -7.12502 -0.00000 0.00000 -0.92345 1.28723 -9.33991 -0.00000 0.00000 0.00000 98.66348 54.87340 -7.28889 -33.61592 -25.43003 73.51685 -0.00000 -11.39880 -0.00000 -23.95172 3.39363 -7.59036 7.12502 -0.00000 -0.00000 2.29068 0.26992 -38.28310
-0.64390 0.88380 -0.10751 5.67530 0.48960 -113.98930 -0.00000 0.00000 -0.00000 -10.82250 -49.01241 -47.88201 -126.38906 51.83952 152.40745 1.91651 12.55085 -8.57161 -0.41779 11.36699 4.19614 -0.00000 0.00000 -0.00000 -342.39406 -22.03375 -349.25089 11.97484 49.76882 -25.48187 4.87971 -26.45634 15.70438 0.87672 -16.30832 6.11300 -4.56197 4.56594 6.25820 -2.25652 4.36574 8.04648 0.17870 1.67209 3.85843 -5.22916 -3.29341 -3.10288 8.03098 -11.73439 -3.82781 3.80751 -2.97401 -2.09083 -0.00000 0.00000 0.00000 -47.52986 71.50543 -37.31845 35.26434 -35.31478 -90.08730 0.00000 1.84495 -0.00000 18.70915 -16.41582 -39.84451 -7.12502 -0.00000 0.00000 -0.96843 1.52526 -12.58191 -0.00000 0.00000 0.00000 105.55450 49.91533 -23.48473 -33.45381 -24.94676 72.71107 -0.00000 -24.23170 -0.00000 -22.98789 3.94859 -9.21998 7.12502 -0.00000 -0.00000 3.13515 0.27527 -39.98723
-0.65499 0.87759 -0.11146 4.14824 0.76269 -116.86398 -0.00000 0.00000 -0.00000 -0.80532 -59.65459 -32.61860 -129.19919 48.09201 156.07517 4.32368 15.13723 -19.36130 -0.14958 -6.84034 -2.50237 -0.00000 0.00000 -0.00000 -343.53779 -19.61315 -351.29456 11.21348 48.70168 -24.47669 6.51903 -28.21112 18.73383 0.38474 -10.91569 4.02507 -1.46233 6.28352 3.54776 -2.39005 4.44060 4.45954 -1.77336 1.15096 2.14531 -3.93860 -4.65279 0.05640 6.93808 -8.46659 0.32605 2.92617 -1.91710 0.04429 0.00000 0.00000 0.00000 -43.90641 63.98092 -42.27559 35.24162 -36.36557 -91.92104 0.00000 0.12034 -0.00000 22.53750 -19.74079 -39.14321 -7.12502 -0.00000 0.00000 1.55625 -2.50367 -13.12099 0.00000 0.00000 0.00000 98.91588 48.66601 -27.31240 -33.85182 -26.17748 74.76008 -0.00000 -23.41550 -0.00000 -20.44016 2.75173 -7.34009 7.12502 -0.00000 -0.00000 5.69867 0.72490 -37.77448
-0.67164 0.88270 -0.11018 2.56778 1.10353 -118.93779 -0.00000 0.00000 -0.00000 -0.75041 -62.24929 -20.78915 -127.49333 50.47331 153.82512 3.16453 12.36761 -18.82724 -0.41130 -11.27983 -4.16306 -0.00000 0.00000 -0.00000 -344.44875 -18.11055 -351.98282 12.02137 49.83175 -25.54279 5.45760 -25.25873 17.13994 0.84642 -16.03416 6.00422 2.09511 7.34886 0.55424 -1.95901 5.44728 0.60081 -3.22556 1.56042 0.28285 -2.91916 -4.84850 3.25790 3.73066 -8.26631 4.42388 1.58058 -1.93339 2.12364 0.00000 0.00000 0.00000 -45.35863 52.66337 -37.22452 35.23257 -36.56444 -92.27110 0.00000 -2.41235 0.00000 24.38664 -23.28314 -41.08582 -7.12502 -0.00000 0.00000 3.09434 -5.63131 -16.14918 0.00000 0.00000 0.00000 77.70010 48.89813 -14.46818 -34.29262 -27.76194 77.38808 -0.00000 -21.63810 -0.00000 -19.00859 2.07933 -6.01239 7.12502 -0.00000 -0.00000 7.10805 1.09510 -36.28642
-0.68699 0.88885 -0.11098 0.68521 -1.56407 -125.59619 -0.00000 0.00000 -0.00000 -5.90452 -62.19350 -11.26372 -118.33177 59.03875 142.65037 2.52793 10.46799 -19.99253 -0.57909 -13.33695 -4.95002 -0.00000 0.00000 -0.00000 -347.44983 -23.22183 -353.03746 18.03850 56.28546 -33.05545 1.77438 -18.65182 8.94701 1.51099 -21.13249 8.08729 0.55034 7.48548 0.30148 -2.45582 5.95636 0.11140 -2.86541 1.97104 -0.02190 -1.55568 -4.39554 5.66075 0.18163 -8.20228 7.40512 0.14828 -1.87656 3.63341 -0.00000 0.00000 0.00000 -45.85891 38.07198 -30.68062 35.23840 -34.07104 -87.94732 0.00000 0.79747 -0.00000 23.64639 -23.48779 -42.30983 -7.12502 -0.00000 0.00000 2.81796 -5.37235 -17.26806 -0.00000 0.00000 0.00000 56.25926 46.03087 3.20579 -34.64004 -29.28252 79.90884 -0.00000 -24.09930 -0.00000 -19.51591 2.40495 -6.75197 7.12502 -0.00000 -0.00000 6.60651 0.92159 -37.09379
-0.70522 0.89776 -0.10995 -2.12296 -4.06657 -134.69037 -0.00000 0.00000 -0.00000 -6.92483 -60.26221 -0.52699 -90.34091 68.60678 111.71030 1.85659 8.77278 -19.34826 -0.59932 -13.56218 -5.03702 -0.00000 0.00000 -0.00000 -352.95719 -32.49551 -362.19270 27.18865 62.21049 -43.68060 -1.96239 -15.01600 -6.15358 1.17482 -18.76234 7.10215 -0.60713 8.84312 1.97887 -4.36118 6.13357 2.11145 -4.30338 1.56254 0.91703 -0.68220 -3.90898 6.70212 -1.68706 -7.22865 8.72252 -0.57097 -1.52961 4.31414 0.00000 0.00000 -0.00000 -41.65059 24.62911 -28.92543 34.44562 -28.39219 -78.43248 0.00000 1.62950 -0.00000 25.00777 -24.53146 -41.67128 -7.12502 -0.00000 0.00000 3.55782 -6.75508 -17.13956 0.00000 0.00000 -0.00000 40.93415 41.46943 18.82375 -34.79935 -30.11872 81.29801 -0.00000 -22.53960 -0.00000 -20.99410 2.34703 -6.09135 7.12502 -0.00000 -0.00000 5.20117 0.78167 -36.47650
-0.73059 0.89537 -0.11166 -5.26679 -5.55444 -145.19520 -0.00000 0.00000 -0.00000 -4.62260 -56.10359 10.52311 -43.53924 67.53971 61.69394 0.05813 2.44007 -12.17470 -0.79310 -15.53820 -5.80823 -0.00000 0.00000 -0.00000 -360.98041 -39.52907 -376.88078 30.63220 63.74247 -47.54556 -4.94425 -21.47088 -11.90456 0.07038 -4.69999 1.71476 -1.04188 10.07774 4.17487 -6.79520 5.96508 4.72535 -6.88856 1.12600 2.17624 -0.77491 -3.19616 7.67214 -2.15027 -6.33839 10.05113 -0.70836 -1.33866 5.00519 -0.00000 0.00000 0.00000 -36.63447 14.07202 -26.98821 31.83497 -20.98862 -66.00945 0.00000 -2.73143 0.00000 28.34141 -27.18115 -40.26169 -7.12502 -0.00000 0.00000 5.34824 -10.18660 -17.10587 -0.00000 0.00000 0.00000 26.57767 36.74024 34.72963 -34.63739 -29.26957 79.88735 -0.00000 -19.74680 -0.00000 -20.34872 2.48491 -6.66771 7.12502 -0.00000 -0.00000 5.80688 0.81335 -37.05385
-0.76332 0.88443 -0.12388 -8.42874 -7.31071 -155.41306 -0.00000 0.00000 -0.00000 -5.74862 -50.85850 14.21904 -17.87633 56.14637 32.86033 -0.45629 -5.71989 -5.32417 -1.77215 -22.76576 -8.78593 -0.00000 0.00000 -0.00000 -374.02040 -44.22657 -398.76814 27.77664 62.49292 -44.34438 -6.49519 -31.53903 -7.95001 0.38410 10.90678 -4.02170 -2.06902 8.18310 6.45561 -9.14776 5.53996 7.59777 -8.82026 2.28677 3.57407 -1.13517 -2.74638 8.48092 -2.60289 -4.66954 11.19383 -0.72826 -0.88109 5.60072 0.00000 0.00000 -0.00000 -33.04693 4.98997 -25.91733 26.86860 -13.14971 -51.51705 0.00000 -3.24347 0.00000 31.80089 -25.54885 -34.82093 -7.12502 -0.00000 0.00000 6.99304 -10.87255 -11.96438 0.00000 0.00000 -0.00000 16.25231 31.29429 46.55850 -33.94467 -26.48844 75.27644 -0.00000 -15.83500 -0.00000 -20.87858 2.45130 -6.39786 7.12502 -0.00000 -0.00000 5.30432 0.76683 -36.79732
-0.79066 0.87828 -0.14030 -10.17303 -8.45802 -163.80510 -0.00000 0.00000 -0.00000 -7.87065 -45.38258 9.56582 -9.56249 46.11374 22.23477 0.43059 -15.22933 -0.92654 -3.34436 -30.33036 -12.29504 -0.00000 0.00000 -0.00000 -387.42069 -44.74795 -421.17831 24.27609 60.66478 -40.36497 -12.16386 -38.99374 -13.71446 0.26862 9.14340 -3.35839 -1.05135 6.34363 9.15578 -11.69800 3.81130 11.18185 -12.31543 2.81530 5.44276 2.10380 -0.63143 8.33348 -4.55941 -2.82555 11.02217 -1.85981 -0.37010 5.51630 0.00000 0.00000 -0.00000 -30.02848 -3.55288 -31.72175 19.20628 -6.05831 -34.73580 0.00000 -1.37136 0.00000 36.05937 -17.25983 -22.17048 -7.12502 -0.00000 0.00000 9.14233 -8.49140 2.46248 0.00000 0.00000 -0.00000 14.98959 27.86306 49.48157 -32.34456 -22.10338 67.92058 -0.00000 -11.22330 -0.00000 -23.18155 2.90677 -6.75366 7.12502 -0.00000 -0.00000 3.07425 0.41506 -37.31824
-0.81049 0.87285 -0.14595 -10.26364 -8.27156 -171.66165 -0.00000 0.00000 -0.00000 -6.32680 -41.98663 6.65312 -9.13497 45.37292 21.63788 0.54559 -18.76235 -1.50926 -4.34862 -33.94572 -14.18181 -0.00000 0.00000 -0.00000 -387.00958 -45.69059 -421.32957 23.85520 60.41918 -39.88159 -9.30678 -38.72956 -8.95705 0.40249 11.16052 -4.11781 -1.26512 6.40797 11.30586 -12.63050 2.98515 13.86068 -13.51311 2.75514 6.77772 2.67641 -3.22185 8.93078 -4.42100 -0.49922 11.84786 -1.60731 0.79996 5.88388 0.00000 0.00000 -0.00000 -36.44714 -12.90784 -37.94258 16.28979 -4.24973 -29.06705 0.00000 -12.72570 0.00000 40.91291 -9.41397 -10.68830 -7.12502 -0.00000 0.00000 12.82991 -7.23246 16.06643 0.00000 0.00000 -0.00000 13.94010 24.38707 48.46830 -30.09242 -17.74135 60.27831 -0.00000 -11.21870 -0.00000 -23.24438 4.09185 -9.43237 7.12502 -0.00000 -0.00000 2.87101 0.23924 -40.24060
-0.82907 0.86283 -0.14320 -6.61935 -8.77491 -171.78317 -0.00000 0.00000 -0.00000 -4.64483 -46.16444 2.96659 -15.03445 53.43157 29.38337 -0.45915 -14.68162 -4.48995 -3.36783 -30.42308 -12.34145 -0.00000 0.00000 -0.00000 -382.03708 -47.07710 -415.70776 25.76402 61.48645 -42.06489 -7.85106 -37.36443 -7.16418 0.08688 5.22037 -1.90568 -0.07362 7.29284 10.89672 -12.36946 2.87056 13.36808 -14.14452 2.28612 6.58458 2.12938 -1.84263 8.76828 -3.88670 -4.50354 11.54072 -1.69093 -0.70991 5.75335 -0.00000 0.00000 0.00000 -40.27589 -7.31556 -37.68694 21.16395 -7.50860 -38.70685 0.00000 -10.66040 0.00000 46.29081 -17.68171 -16.19028 -7.12502 -0.00000 0.00000 16.76771 -13.59265 7.04564 -0.00000 0.00000 0.00000 20.44328 22.69926 38.44395 -28.10549 -14.74862 54.68269 -0.00000 -11.20010 -0.00000 -23.34889 5.00348 -11.42223 7.12502 -0.00000 -0.00000 2.61992 0.11800 -42.42300
-0.84387 0.86504 -0.14206 -0.67022 -8.00144 -166.16467 -0.00000 0.00000 -0.00000 -1.77270 -52.32451 3.12108 -23.57046 60.24953 39.55390 -1.71286 -9.91428 -10.88403 -3.91765 -32.47641 -13.39506 -0.00000 0.00000 -0.00000 -377.66801 -46.80388 -413.79002 28.23618 62.70735 -44.86199 -7.16362 -33.09926 -8.36776 0.04184 3.62613 -1.32169 1.08834 8.55686 8.88968 -10.80374 4.25558 10.90142 -12.89802 2.29289 5.39596 1.35019 -1.04031 8.27752 -2.08986 -7.64418 10.88671 -1.25777 -1.98614 5.38804 0.00000 0.00000 0.00000 -40.99779 6.95443 -39.12662 26.11491 -12.25469 -49.67639 0.00000 -6.06302 0.00000 42.37390 -22.02642 -22.34710 -7.12502 -0.00000 0.00000 13.58873 -14.10948 -0.24289 0.00000 0.00000 0.00000 29.17371 21.04471 25.19274 -25.04235 -11.07093 47.15165 -0.00000 -14.76880 -0.00000 -23.58341 7.44715 -16.53634 7.12502 -0.00000 -0.00000 1.83045 -0.09800 -48.06343
-0.85679 0.87629 -0.14061 4.14072 -8.14850 -160.73798 -0.00000 0.00000 -0.00000 -0.58374 -57.37427 5.89652 -25.49260 61.34176 41.75579 -1.78795 -9.01770 -11.74054 -3.46659 -30.80840 -12.53536 -0.00000 0.00000 -0.00000 -373.76823 -47.18478 -405.69351 32.21790 64.35797 -49.30899 -2.26848 -19.82424 -3.95929 0.00107 -0.58086 0.21142 -0.53473 9.51107 6.76579 -8.94518 5.59073 7.96892 -9.68674 1.88741 3.79841 -0.62361 -2.44341 8.07015 1.15737 -8.66095 10.73960 0.08597 -2.37916 5.25386 -0.00000 0.00000 0.00000 -36.31404 23.70409 -44.16546 28.47508 -15.26181 -55.66980 0.00000 -3.26766 0.00000 40.23548 -34.53472 -33.82209 -7.12502 -0.00000 0.00000 11.11873 -20.92762 -16.17958 -0.00000 0.00000 0.00000 35.28958 21.88788 13.86218 -20.85324 -7.26450 38.06592 -0.00000 -20.99290 -0.00000 -22.11848 7.67323 -18.18658 7.12502 -0.00000 -0.00000 3.09646 -0.25149 -49.63880
-0.87277 0.88398 -0.14287 12.54411 -6.24072 -154.00455 -0.00000 0.00000 -0.00000 2.23712 -60.33393 7.09553 -20.74228 58.39622 36.26620 -0.68156 -10.82883 -5.56842 -0.81972 -15.78798 -5.90681 -0.00000 0.00000 -0.00000 -362.19943 -44.23318 -388.81119 33.58702 64.84954 -50.82455 1.17030 -4.21786 12.20178 0.06962 4.67468 -1.70548 1.88402 10.72997 3.76214 -4.62535 6.90902 4.40186 -6.18799 1.77792 2.06878 -2.78621 -3.28272 7.66729 2.11244 -11.77212 10.18470 0.64460 -3.45938 4.92909 0.00000 0.00000 -0.00000 -32.90918 38.36080 -52.68750 29.45043 -16.70725 -58.38591 0.00000 0.04553 -0.00000 37.01189 -40.59319 -40.79794 -7.12502 -0.00000 0.00000 8.45338 -23.77804 -24.76589 0.00000 0.00000 -0.00000 40.40441 26.09715 1.71133 -19.01970 -5.93053 34.36505 -0.00000 -19.31040 -0.00000 -16.49688 6.24850 -20.17910 7.12502 -0.00000 -0.00000 8.60197 -0.88381 -50.82223
-0.88920 0.88543 -0.15292 18.64150 -6.52695 -146.35722 -0.00000 0.00000 -0.00000 -0.25716 -64.91953 7.02098 -18.30723 56.51258 33.37809 -0.05678 -16.85252 -3.20022 -0.02924 3.03198 1.10465 -0.00000 0.00000 -0.00000 -355.44845 -39.28388 -372.77623 34.42352 65.13300 -51.74758 -0.73881 5.59427 18.71688 0.83203 15.90201 -5.95189 0.06527 9.81537 -0.45260 0.11155 7.34112 -1.20768 0.07724 2.12928 -0.85145 -1.41650 -4.07871 9.51638 0.52784 -14.70928 12.37912 -0.36156 -4.17252 5.86620 0.00000 0.00000 -0.00000 -32.64244 48.32715 -58.76550 29.71292 -17.12140 -59.14846 0.00000 4.32152 -0.00000 33.30677 -44.59898 -46.90022 -7.12502 -0.00000 0.00000 5.94280 -25.28273 -31.30219 0.00000 0.00000 -0.00000 46.19429 33.55338 -8.79058 -20.22783 -6.78945 36.78855 -0.00000 -21.61960 -0.00000 -13.79156 5.15538 -20.10590 7.12502 -0.00000 -0.00000 11.39878 -1.06973 -50.29044
-0.90786 0.88456 -0.16639 23.30859 -7.85390 -138.49108 -0.00000 0.00000 -0.00000 -7.87120 -68.36504 1.08438 -16.23794 54.64946 30.87009 -0.66524 -20.92266 -5.68124 -0.06820 4.62690 1.68797 -0.00000 0.00000 -0.00000 -352.47221 -31.84717 -358.91132 36.65152 65.83053 -54.19628 -2.07362 9.90142 16.13943 1.39184 20.33141 -7.75073 -0.49550 7.92265 -4.43089 3.55198 7.33352 -6.53740 3.92716 3.68359 -3.59916 -1.22715 -3.63188 10.83342 0.49024 -19.39785 13.96523 -0.81573 -5.25425 6.37104 0.00000 0.00000 -0.00000 -25.47719 53.66760 -70.40250 30.25759 -18.01951 -60.78100 0.00000 7.50163 -0.00000 33.29337 -43.51166 -46.35379 -7.12502 -0.00000 0.00000 6.21274 -24.43315 -30.25522 0.00000 0.00000 -0.00000 54.82397 33.34880 -17.52781 -21.99813 -8.19171 40.45007 -0.00000 -22.78150 -0.00000 -9.97699 3.12223 -17.20360 7.12502 -0.00000 -0.00000 15.54301 -0.50152 -46.80255
-0.92587 0.88334 -0.18269 25.87452 -8.43124 -132.98775 -0.00000 0.00000 -0.00000 -13.21923 -70.61628 -2.77742 -16.72368 55.11147 31.46394 -2.01586 -21.42235 -9.45920 -0.13338 6.46162 2.36253 -0.00000 0.00000 -0.00000 -349.94481 -24.20615 -348.40505 44.18499 67.67028 -62.39236 -2.76588 11.96624 16.36832 0.01621 2.25862 -0.82253 -0.12785 7.41729 -7.60208 4.58095 6.73024 -10.65165 4.77721 3.82554 -5.62218 -0.67373 -2.78960 11.30107 2.53621 -22.13732 14.85148 -0.64271 -6.32949 6.37926 0.00000 0.00000 -0.00000 -14.80593 56.35642 -80.72514 31.05722 -19.44692 -63.32334 0.00000 10.35380 -0.00000 35.70247 -37.06074 -39.98372 -7.12502 -0.00000 0.00000 8.48857 -20.60272 -22.01652 0.00000 0.00000 -0.00000 66.08698 21.97012 -22.94179 -23.94755 -9.95966 44.67139 -0.00000 -17.34180 -0.00000 -3.93274 1.02028 -14.52117 7.12502 -0.00000 -0.00000 21.68565 0.60585 -43.47684
-0.94318 0.87503 -0.19509 24.69974 -9.44291 -133.23135 -0.00000 0.00000 -0.00000 -12.62014 -70.47325 0.01825 -18.81805 56.93310 33.98909 -2.85631 -23.15448 -11.50130 -0.13578 6.51908 2.38373 -0.00000 0.00000 -0.00000 -349.26472 -19.44149 -341.97761 60.58517 69.71500 -79.97490 -4.93367 17.22940 18.02659 0.01704 -2.31532 0.84320 -0.92354 7.88813 -8.85830 3.91610 6.29386 -12.24765 4.67965 3.31169 -6.39639 -0.56705 -1.69225 12.02382 2.74703 -22.81749 15.97137 -0.86149 -6.70642 6.83937 -0.00000 0.00000 0.00000 -7.04973 59.43221 -83.35097 32.15143 -21.66965 -67.17972 0.00000 11.88600 -0.00000 35.00162 -33.85322 -38.50318 -7.12502 -0.00000 0.00000 8.52212 -17.98075 -19.10747 -0.00000 0.00000 0.00000 76.68854 9.81112 -29.83095 -27.41755 -13.83807 52.89777 -0.00000 -16.05950 -0.00000 -4.20084 0.97543 -13.04912 7.12502 -0.00000 -0.00000 21.42567 1.12714 -42.13024
-0.96094 0.87439 -0.20353 21.69612 -10.78093 -139.16876 -0.00000 0.00000 -0.00000 -5.86776 -67.73095 9.17307 -19.72875 57.64836 35.07139 -2.66175 -25.50743 -10.90783 -0.09245 5.38426 1.96588 -0.00000 0.00000 -0.00000 -348.96059 -19.57994 -340.90981 74.75847 69.92786 -95.06463 -7.49728 24.19795 17.01653 0.00455 -1.19677 0.43566 -3.32452 8.07199 -7.99602 2.59382 6.06185 -11.20516 4.68440 3.05144 -5.91949 -0.72563 -1.70874 12.53366 1.34529 -21.59679 16.47296 -1.20630 -6.21011 7.33192 -0.00000 0.00000 0.00000 -1.57586 64.13492 -80.88257 33.21946 -24.28487 -71.60429 0.00000 9.47964 -0.00000 34.87205 -34.42184 -39.04740 -7.12502 -0.00000 0.00000 8.40677 -18.32347 -19.82219 -0.00000 0.00000 0.00000 84.40995 1.52770 -35.22696 -30.62975 -18.66637 61.94050 -0.00000 -21.20390 -0.00000 -2.89527 0.66287 -12.88465 7.12502 -0.00000 -0.00000 22.70623 1.32109 -41.84627
-0.98202 0.88001 -0.20663 18.94464 -10.62256 -146.33754 -0.00000 0.00000 -0.00000 -2.96846 -62.94062 12.38369 -19.59380 57.54504 34.91155 -1.47853 -27.16211 -8.25777 -0.22662 8.40586 3.08311 -0.00000 0.00000 -0.00000 -349.18366 -23.18361 -348.84864 77.67142 69.81156 -98.16701 -8.61309 24.22508 20.42296 0.17076 -7.30527 2.67438 -4.41020 8.47890 -7.32543 1.42588 6.05962 -10.42218 4.13151 2.70699 -5.54490 0.00470 -2.04563 13.83569 0.12664 -19.61523 18.16802 -1.62953 -5.34636 8.34618 0.00000 0.00000 -0.00000 -11.95232 69.56594 -62.86945 33.77186 -25.91768 -74.32831 0.00000 8.23734 -0.00000 33.06004 -31.07654 -38.41551 -7.12502 -0.00000 0.00000 7.72198 -15.12622 -17.54220 0.00000 0.00000 -0.00000 88.00739 4.54241 -36.44640 -32.54018 -22.55826 68.69419 -0.00000 -16.91280 -0.00000 -5.88969 1.23625 -11.81280 7.12502 -0.00000 -0.00000 19.76831 1.39345 -41.12911
-1.00596 0.88618 -0.20780 15.54002 -11.33947 -155.88839 -0.00000 0.00000 -0.00000 -0.81709 -58.88120 15.10272 -20.29976 58.07565 35.74572 -0.59935 -26.74712 -6.20381 -1.52593 21.23027 8.12864 -0.00000 0.00000 -0.00000 -352.22531 -28.80246 -361.71608 69.09177 69.99738 -89.03347 -7.06207 20.34294 21.52792 0.20788 -8.05396 2.95217 -6.08288 7.38962 -5.84374 -0.64583 5.75126 -8.53442 2.78672 2.66397 -4.62001 1.29578 -1.15551 14.81258 -1.44419 -18.04224 19.47742 -2.30573 -4.68394 9.14177 -0.00000 0.00000 0.00000 -32.62016 71.56001 -35.22130 33.61938 -25.44058 -73.53442 0.00000 8.35936 -0.00000 33.69663 -31.25729 -37.88755 -7.12502 -0.00000 0.00000 8.03489 -15.55489 -17.23741 -0.00000 0.00000 0.00000 88.35285 15.02935 -35.84241 -33.87257 -26.24610 74.87406 -0.00000 -13.25260 -0.00000 -5.20417 1.04097 -11.28039 7.12502 -0.00000 -0.00000 20.43425 1.65624 -40.56414
-1.03434 0.88934 -0.20755 12.34978 -11.16769 -167.40470 -0.00000 0.00000 -0.00000 0.18565 -54.43358 14.63186 -22.05574 59.29689 37.80093 -0.29121 -25.68072 -5.31335 -0.08044 -5.02389 -1.83356 -0.00000 0.00000 -0.00000 -355.45093 -32.38022 -374.69917 50.55613 68.73353 -69.25270 -1.72422 8.58424 17.55880 0.52733 -12.74087 4.72062 -5.97318 6.88255 -3.17617 -2.96524 5.37800 -5.08412 0.32031 1.96095 -2.88830 2.24416 -2.24450 14.56152 -2.77542 -15.07451 20.22815 -2.69982 -3.79767 10.30999 0.00000 0.00000 -0.00000 -45.74937 69.27309 -16.75984 32.87249 -23.37153 -70.06962 0.00000 6.02606 -0.00000 35.30938 -31.16473 -36.15329 -7.12502 -0.00000 0.00000 8.86653 -16.26587 -15.88462 0.00000 0.00000 -0.00000 84.86429 26.20180 -33.67726 -34.73115 -29.74608 80.67854 -0.00000 -11.48000 -0.00000 -8.06961 1.80540 -12.52814 7.12502 -0.00000 -0.00000 17.62657 0.94735 -42.02119
-1.06448 0.89236 -0.20936 9.06408 -11.37017 -180.37231 -0.00000 0.00000 -0.00000 0.20008 -49.49749 10.94102 -22.92237 59.85254 38.80594 -1.96106 -22.62710 -9.27510 -0.12261 -6.19664 -2.26482 -0.00000 0.00000 -0.00000 -358.78237 -36.40425 -385.87527 32.40547 64.42742 -49.51699 0.87349 -3.58448 10.62899 1.14049 -18.49926 6.99470 -5.90475 6.47113 -0.79003 -5.77957 4.06467 -0.61013 -2.62541 0.61738 -0.02884 2.56243 -2.19128 15.28625 -3.17032 -13.81728 20.91904 -2.73590 -3.26979 10.59385 0.00000 0.00000 0.00000 -50.29014 65.35255 -6.67460 31.97193 -21.27907 -66.50966 0.00000 4.41542 -0.00000 35.52698 -24.24087 -29.90019 -7.12502 -0.00000 0.00000 9.07989 -11.96836 -7.37980 0.00000 0.00000 0.00000 81.40321 35.32078 -33.04291 -35.18639 -33.18712 86.44323 -0.00000 -13.18740 -0.00000 -12.31682 2.96885 -13.34449 7.12502 -0.00000 -0.00000 13.41061 0.41461 -43.26164
-1.09407 0.89498 -0.21279 5.24115 -11.25280 -194.31795 -0.00000 0.00000 -0.00000 -2.10895 -42.31330 4.12437 -21.12465 58.66607 36.71450 -4.42740 -21.52722 -15.62484 -0.18833 -7.66918 -2.80927 -0.00000 0.00000 -0.00000 -361.72921 -40.79944 -393.36165 22.78909 59.76897 -38.65175 0.40269 -10.25725 4.13184 0.86899 -16.23890 6.08543 -5.80432 5.78314 2.85347 -9.31309 2.80687 4.56390 -6.66851 0.06003 2.74471 2.82398 -2.36459 15.35029 -2.33878 -13.65619 21.04163 -2.47684 -3.25132 10.60557 -0.00000 0.00000 -0.00000 -48.02781 59.46686 -3.94947 30.95569 -19.25763 -62.98953 0.00000 3.92640 -0.00000 32.70459 -17.89588 -25.57420 -7.12502 -0.00000 0.00000 6.88389 -7.10364 -0.68841 -0.00000 0.00000 -0.00000 77.35012 41.78427 -30.79422 -35.22348 -33.76479 87.42476 -0.00000 -14.55670 -0.00000 -17.97537 3.17622 -9.69121 7.12502 -0.00000 -0.00000 8.00427 0.69503 -40.06963
-1.12092 0.89704 -0.21632 1.19534 -12.16087 -207.56308 -0.00000 0.00000 -0.00000 -5.27287 -35.65528 -4.21678 -16.33229 54.74046 30.98570 -7.45256 -21.23384 -22.72643 -0.30847 -9.78999 -3.60072 -0.00000 0.00000 -0.00000 -363.44513 -46.76809 -397.74231 19.27136 57.29449 -34.52890 -1.59102 -17.22314 -2.95461 0.00712 1.49715 -0.54505 -4.95754 3.96593 5.68194 -13.18390 1.49871 9.09898 -11.60504 0.91400 5.32828 2.87427 -4.86817 15.26600 -1.44839 -13.59348 21.01203 -1.91874 -2.95306 10.61656 0.00000 0.00000 0.00000 -40.76495 52.19372 -9.59408 28.78781 -15.71024 -56.52213 0.00000 2.90373 -0.00000 34.82282 -16.69457 -22.43945 -7.12502 -0.00000 0.00000 8.22942 -7.60985 2.52129 0.00000 0.00000 0.00000 72.48907 46.78704 -25.49678 -34.79109 -30.07227 81.22075 -0.00000 -14.25050 -0.00000 -21.83574 3.77979 -9.34255 7.12502 -0.00000 -0.00000 4.25293 0.37107 -40.02268
-1.14249 0.90033 -0.21278 -3.57843 -13.23409 -215.50019 -0.00000 0.00000 -0.00000 -9.46510 -33.46374 -11.40854 -12.78072 50.82411 26.52928 -8.00414 -22.78380 -23.26803 -2.21862 -25.24716 -9.88304 -0.00000 0.00000 -0.00000 -360.40125 -51.17474 -392.11941 15.67887 54.09717 -30.18229 -2.51813 -20.90093 -4.16342 0.21463 8.18246 -2.99996 -7.59637 4.04635 6.95586 -14.97567 0.89416 11.01646 -12.39879 0.53533 6.43647 -0.61711 -6.78743 14.25862 -1.61383 -15.05901 19.97914 -1.41907 -3.51451 10.34447 -0.00000 0.00000 0.00000 -37.27700 46.08059 -21.42662 25.88756 -11.99531 -49.13247 0.00000 4.53191 -0.00000 35.95673 -15.76759 -20.53630 -7.12502 -0.00000 0.00000 8.98602 -7.74205 4.57258 -0.00000 0.00000 0.00000 72.01941 44.85250 -26.42476 -33.71890 -25.74935 74.04837 -0.00000 -12.95570 -0.00000 -23.28009 3.78920 -8.73220 7.12502 -0.00000 -0.00000 2.87967 0.27852 -39.48020
-1.16577 0.90219 -0.20056 -5.98368 -15.71054 -215.95795 -0.00000 0.00000 -0.00000 -12.23280 -37.32130 -13.55584 -12.02489 49.83650 25.54739 -7.93296 -25.73250 -22.10317 -2.92291 -28.58383 -11.43814 -0.00000 0.00000 -0.00000 -353.76099 -53.31814 -379.49353 13.14878 51.28279 -27.00252 -3.19896 -20.95884 -6.39308 0.00000 -0.00143 0.00052 -7.85024 6.33196 5.91313 -15.05806 2.11041 9.42279 -12.46159 0.28869 5.65583 -1.36270 -6.08619 13.24440 -2.81689 -16.48171 18.69186 -1.86531 -4.08278 9.86316 -0.00000 0.00000 -0.00000 -31.33910 46.69346 -36.18272 24.00370 -10.01446 -44.79649 0.00000 7.13030 -0.00000 33.45292 -14.16102 -20.31875 -7.12502 -0.00000 0.00000 7.02434 -5.82001 5.54639 -0.00000 0.00000 -0.00000 78.90574 37.59396 -32.78728 -32.75766 -23.08430 69.58490 -0.00000 -9.17733 -0.00000 -22.02827 4.47380 -10.91221 7.12502 -0.00000 -0.00000 3.96217 0.22646 -41.73403
-1.19283 0.90292 -0.18820 -6.53650 -16.38587 -216.60597 -0.00000 0.00000 -0.00000 -12.67740 -40.74038 -8.27032 -11.09243 48.52521 24.31535 -7.29221 -27.25656 -20.43872 -0.82860 -15.87032 -5.93936 -0.00000 0.00000 -0.00000 -347.94515 -53.46933 -365.32643 12.89414 50.96694 -26.67544 -2.83092 -18.27170 -7.15790 0.00174 0.73943 -0.26915 -6.82481 10.54650 3.68844 -14.19542 4.45806 6.09598 -12.06080 -0.10526 3.96882 -1.08951 -3.48426 12.19739 -0.17491 -18.43465 17.72036 -1.28645 -4.86198 9.28534 -0.00000 0.00000 -0.00000 -21.78435 49.83027 -48.91910 22.88444 -8.96427 -42.34157 0.00000 11.40310 -0.00000 28.16062 -12.20503 -21.55058 -7.12502 -0.00000 0.00000 2.92068 -2.42030 5.38498 -0.00000 0.00000 -0.00000 86.32743 34.46865 -35.76194 -33.25751 -24.38963 71.77974 -0.00000 -22.53600 -0.00000 -19.97026 5.57968 -14.97969 7.12502 -0.00000 -0.00000 5.65913 -0.08552 -45.86297
-1.22929 0.90280 -0.18195 -6.79956 -17.83074 -219.78222 -0.00000 0.00000 -0.00000 -12.76124 -44.93889 -7.96434 -12.13416 49.98325 25.69023 -6.39404 -29.00140 -18.35684 -1.18925 -18.87163 -7.14689 -0.00000 0.00000 -0.00000 -343.29467 -55.11505 -351.62650 13.11253 51.23824 -26.95605 -0.35099 -7.20816 -1.94132 0.10670 -5.78274 2.11240 -4.90152 12.80342 0.85458 -11.40837 7.06708 2.17218 -9.56247 0.68044 1.85310 -1.73469 -1.76978 9.27403 4.74797 -19.91627 14.81447 0.28342 -6.03040 7.62257 -0.00000 0.00000 -0.00000 -11.17862 53.20437 -59.57715 23.31572 -9.35869 -43.27820 0.00000 11.06020 -0.00000 25.99790 -12.69671 -24.26007 -7.12502 -0.00000 0.00000 1.55383 -1.41010 2.78601 -0.00000 0.00000 -0.00000 88.97238 32.97806 -30.63182 -33.88216 -26.27796 74.92697 -0.00000 -16.36660 -0.00000 -19.58490 6.02542 -16.43792 7.12502 -0.00000 -0.00000 5.89450 -0.24421 -47.36403
-1.25873 0.90641 -0.18542 -7.76240 -17.92025 -226.10072 -0.00000 0.00000 -0.00000 -10.22038 -47.41119 -1.96007 -12.69653 50.71720 26.42060 -5.22652 -30.84981 -15.91361 -1.67103 -22.15169 -8.52122 -0.00000 0.00000 -0.00000 -336.81144 -54.38555 -332.65325 13.56606 51.78638 -27.53546 -0.40949 4.32020 15.85997 0.22530 -8.38157 3.07407 -5.45590 13.93655 -1.13900 -7.65901 9.00999 -0.75521 -4.88225 1.78053 0.14790 -3.36401 0.00244 5.04262 8.41880 -21.24440 9.62061 2.11107 -6.90809 4.85430 0.00000 0.00000 -0.00000 -1.61470 55.97935 -66.66689 24.47195 -10.48045 -45.84830 0.00000 12.53730 -0.00000 23.87915 -12.19250 -25.50401 -7.12502 -0.00000 0.00000 0.05877 -0.05501 1.88827 0.00000 0.00000 -0.00000 92.39140 33.22760 -23.58753 -34.50055 -28.63228 78.83043 -0.00000 -13.26640 -0.00000 -17.32483 5.02955 -15.69777 7.12502 -0.00000 -0.00000 8.25034 -0.18420 -46.27012
-1.29637 0.90544 -0.20122 -10.35953 -16.70029 -235.66275 -0.00000 0.00000 -0.00000 -11.35335 -49.04055 1.05072 -12.92143 51.00111 26.71056 -4.04100 -34.24457 -13.63378 -2.25300 -25.42479 -9.96338 -0.00000 0.00000 -0.00000 -331.30992 -55.86024 -315.53706 17.78449 56.06692 -32.74968 0.42527 -2.23983 7.77243 0.99081 -17.29602 6.50768 -4.25541 14.32141 -3.12067 -3.83062 9.61706 -3.58133 -1.32954 2.23536 -1.46604 -5.16740 2.31187 1.04441 8.87423 -24.32299 4.00467 3.24012 -8.08055 2.10786 0.00000 0.00000 0.00000 -5.94350 59.11354 -63.54197 25.43544 -11.49324 -48.06514 0.00000 13.99960 -0.00000 18.56277 -8.87112 -24.66553 -7.12502 -0.00000 0.00000 -4.40795 3.85181 3.92945 0.00000 0.00000 0.00000 95.00685 36.97190 -18.32755 -34.88737 -30.64138 82.16829 -0.00000 -11.93000 -0.00000 -14.15888 4.06024 -15.67764 7.12502 -0.00000 -0.00000 11.43537 -0.16855 -45.83322
-1.33126 0.90262 -0.22896 -13.79999 -12.47814 -247.81280 -0.00000 0.00000 -0.00000 -15.19544 -49.74867 3.56206 -13.03539 51.14297 26.85705 -0.33296 -34.64351 -6.91387 -0.32333 -10.01985 -3.68711 -0.00000 0.00000 -0.00000 -322.66792 -59.86734 -298.34004 28.75169 62.94155 -45.44147 0.03143 -6.71820 1.46975 1.52661 -21.23473 8.13052 -4.25418 14.97577 -4.38208 -0.64664 9.48406 -5.50193 2.15943 2.10866 -2.60692 -5.62977 2.41528 -3.08685 7.39130 -27.14261 -2.23386 3.85050 -8.61588 -0.69150 0.00000 0.00000 -0.00000 -19.36008 62.38899 -53.43149 25.71766 -11.80453 -48.72921 0.00000 12.68430 -0.00000 17.79659 -7.30279 -21.60312 -7.12502 -0.00000 0.00000 -5.63022 4.36556 7.32701 0.00000 0.00000 -0.00000 94.15009 43.22923 -13.22732 -35.05158 -31.80941 84.12098 -0.00000 -12.00560 -0.00000 -11.11976 2.86129 -14.25021 7.12502 -0.00000 -0.00000 14.55827 0.25194 -44.02998
-1.35545 0.89256 -0.26479 -15.30532 -3.68493 -260.82009 -0.00000 0.00000 -0.00000 -19.22954 -49.87221 9.52680 -13.92897 52.21077 27.99599 1.70936 -33.99985 -2.90770 -0.03369 -3.25462 -1.18594 -0.00000 0.00000 -0.00000 -309.36574 -63.50509 -279.25653 58.79783 69.59444 -78.06866 0.93670 -6.73144 8.36937 2.94638 -28.68541 11.48711 -7.05272 16.60102 -4.74243 1.42408 8.81781 -6.55953 6.15342 1.29043 -3.33356 -6.30995 2.84608 -6.08283 5.34274 -29.50353 -7.31969 4.26503 -9.16763 -2.81357 -0.00000 0.00000 0.00000 -37.59849 64.82614 -38.90314 25.59029 -11.66318 -48.42862 0.00000 13.24740 -0.00000 15.40534 -4.27980 -15.15408 -7.12502 -0.00000 0.00000 -8.78851 5.24564 14.40168 -0.00000 0.00000 0.00000 88.08697 51.58463 -7.35991 -35.14827 -32.72373 85.65942 -0.00000 -13.35170 -0.00000 -6.98648 1.50714 -12.11349 7.12502 -0.00000 -0.00000 18.69414 1.17977 -41.51790
-1.36803 0.88451 -0.30729 -13.87665 2.50609 -274.04228 -0.00000 0.00000 -0.00000 -20.37583 -49.35284 14.06745 -14.98376 53.37784 29.32024 1.41174 -33.29315 -3.29196 -0.03027 -3.08502 -1.12401 -0.00000 0.00000 -0.00000 -290.05488 -65.70433 -262.31052 101.80320 66.26911 -124.11288 1.11795 -7.39169 9.12249 2.47350 -26.52483 10.46681 -4.51577 17.31393 -5.13485 2.58317 8.63527 -6.80801 6.13483 0.58413 -3.40544 -6.26045 0.68947 -7.67765 4.04147 -29.12675 -9.96030 4.08087 -8.50534 -4.03227 -0.00000 0.00000 0.00000 -52.29319 66.47920 -24.98993 25.57829 -11.64994 -48.40039 0.00000 9.35413 -0.00000 16.32161 -4.76803 -15.84696 -7.12502 -0.00000 0.00000 -7.88366 4.85230 13.58055 -0.00000 0.00000 0.00000 74.90089 59.89467 5.08864 -35.21328 -33.58649 87.12125 -0.00000 -14.21870 -0.00000 -5.94739 1.21524 -11.50717 7.12502 -0.00000 -0.00000 19.71108 1.49156 -40.84454
-1.37215 0.88529 -0.34656 -11.97047 8.88833 -286.66311 -0.00000 0.00000 -0.00000 -22.79683 -49.74568 17.03192 -14.90958 53.29882 29.22776 0.39407 -29.59590 -4.48570 -0.19114 -7.72557 -2.83019 -0.00000 0.00000 -0.00000 -275.43303 -67.92393 -250.30987 122.60895 55.72079 -147.72548 1.60465 -6.41240 12.72533 1.97813 -23.95351 9.30537 -3.83980 17.49443 -5.15443 4.02961 7.50163 -6.82609 7.48347 -0.60908 -3.41917 -7.16505 -0.58162 -7.90804 2.10793 -28.35788 -10.88089 3.60465 -8.04267 -4.32171 0.00000 0.00000 -0.00000 -62.08548 72.05941 -14.28722 25.67780 -11.76014 -48.63499 0.00000 8.92157 -0.00000 19.12653 -6.27296 -17.48792 -7.12502 -0.00000 0.00000 -5.20916 3.45958 11.49942 0.00000 0.00000 -0.00000 51.33719 66.24387 25.50454 -35.25634 -34.60232 88.85779 -0.00000 -16.47860 -0.00000 -4.84374 1.00881 -11.73703 7.12502 -0.00000 -0.00000 20.78975 1.53588 -40.96176
-1.36355 0.89388 -0.38253 -7.02601 14.05371 -298.31586 -0.00000 0.00000 -0.00000 -27.15917 -46.11981 16.49687 -13.05773 51.17063 26.88574 -1.54452 -25.08661 -8.27975 -0.30567 -9.74591 -3.58417 -0.00000 0.00000 -0.00000 -281.12285 -75.04367 -258.19564 130.57246 45.88335 -157.95283 2.51349 -4.21231 20.37391 2.31452 -25.73838 10.10586 -1.38865 17.26623 -5.71451 4.32203 7.27762 -7.20793 6.51033 -0.94724 -3.55861 -6.75450 -1.71329 -7.54128 -0.97150 -27.85445 -11.05857 2.46659 -7.91493 -4.26506 0.00000 0.00000 0.00000 -71.23681 77.96589 -2.74131 26.50469 -12.71063 -50.62082 0.00000 5.44125 -0.00000 20.68035 -8.53600 -21.46567 -7.12502 -0.00000 0.00000 -3.24330 2.53877 6.98592 0.00000 0.00000 0.00000 24.73525 67.41458 50.35835 -35.26127 -35.67377 90.71090 -0.00000 -18.74330 -0.00000 -2.17995 0.41212 -10.70026 7.12502 -0.00000 -0.00000 23.36015 2.26745 -39.76620
-1.34673 0.90623 -0.40957 -2.42061 17.31197 -311.08462 -0.00000 0.00000 -0.00000 -31.09397 -43.10338 12.90542 -11.14800 48.60645 24.38946 -2.51611 -20.20477 -10.92497 -0.30319 -9.70690 -3.56953 -0.00000 0.00000 -0.00000 -320.87222 -82.02751 -300.20521 133.12103 40.84320 -161.66032 2.85035 -3.41267 23.34113 1.01177 -17.47042 6.57783 1.37364 15.96304 -5.60512 4.68611 6.72816 -6.73440 5.22167 -1.21848 -3.28650 -6.82235 -2.54461 -6.67654 -3.74175 -27.24511 -10.46666 1.43724 -7.78541 -3.83397 -0.00000 0.00000 -0.00000 -93.64920 82.11536 22.51930 28.18339 -14.85532 -54.88899 0.00000 1.34823 -0.00000 27.11632 -11.73658 -21.66414 -7.12502 -0.00000 0.00000 2.08942 -1.72401 5.49021 -0.00000 0.00000 -0.00000 4.94095 64.77927 68.88325 -35.21571 -36.86914 92.80946 -0.00000 -20.24200 -0.00000 -2.49250 0.47881 -10.86728 7.12502 -0.00000 -0.00000 23.06206 2.15783 -39.94608
-1.32910 0.91490 -0.42682 2.09481 20.01308 -323.76346 -0.00000 0.00000 -0.00000 -34.97572 -41.29573 7.60367 -9.56731 46.12192 22.24146 -3.00432 -17.66478 -12.79652 -0.43129 -11.54579 -4.26408 -0.00000 0.00000 -0.00000 -359.23283 -78.31403 -340.91197 131.89145 43.45321 -159.82856 2.86077 -5.34115 20.48072 0.51063 -12.54195 4.64432 2.92151 14.63906 -5.24699 5.03576 5.53688 -6.13674 4.63743 -1.96780 -2.98968 -6.42692 -3.19764 -5.25544 -6.77368 -25.99482 -9.04915 0.13018 -7.48558 -3.08220 -0.00000 0.00000 -0.00000 -117.75793 80.16274 49.80058 30.08839 -17.73462 -60.26612 0.00000 -0.89860 0.00000 28.79076 -11.00196 -19.15079 -7.12502 -0.00000 0.00000 3.15269 -2.37658 8.02581 -0.00000 0.00000 -0.00000 -7.49875 61.13977 81.11938 -35.12527 -37.95622 94.75153 -0.00000 -22.17610 -0.00000 -3.77392 0.68185 -10.22664 7.12502 -0.00000 -0.00000 21.80476 2.22518 -39.45675
-1.30925 0.92100 -0.43362 8.22952 20.97225 -339.17823 -0.00000 0.00000 -0.00000 -37.85009 -38.83612 3.33948 -8.16284 43.56018 20.25031 -3.15138 -16.40315 -13.60736 -0.36182 -10.59077 -3.90225 -0.00000 0.00000 -0.00000 -350.29496 -69.56992 -333.63517 124.39396 54.02354 -149.90766 2.36689 -8.31157 14.97947 0.55352 -13.04624 4.83799 2.78656 14.30289 -4.00123 4.87572 4.73613 -4.57751 4.34755 -2.75365 -2.23855 -5.98800 -3.63701 -3.45129 -9.33051 -24.58709 -6.93822 -1.07827 -7.07703 -2.05704 -0.00000 0.00000 0.00000 -124.32821 75.99013 60.10240 31.67137 -20.64968 -65.42354 0.00000 -3.30346 0.00000 22.23108 -8.98721 -20.91676 -7.12502 -0.00000 0.00000 -2.04162 1.57845 7.30629 -0.00000 0.00000 0.00000 -12.79155 57.83126 87.39197 -35.00132 -38.93840 96.53819 -0.00000 -22.77630 -0.00000 -3.63787 0.74513 -11.56014 7.12502 -0.00000 -0.00000 21.96368 1.74278 -40.68741
-1.28666 0.91972 -0.42912 13.91663 19.74978 -355.43708 -0.00000 0.00000 -0.00000 -40.78671 -35.17606 -5.21345 -7.43780 42.07616 19.18366 -3.58016 -20.39359 -13.74817 -0.87818 -16.32140 -6.11820 -0.00000 0.00000 -0.00000 -350.99077 -63.39803 -336.26376 101.54530 66.33895 -123.83123 1.96296 -9.50524 12.26872 0.12390 -6.22903 2.27675 4.70871 13.24315 -2.87060 3.44606 4.53059 -3.01400 1.46205 -2.67988 -1.47274 -4.99048 -3.61246 -1.50119 -11.12678 -23.18352 -4.45390 -2.13086 -6.63844 -0.94374 -0.00000 0.00000 -0.00000 -126.89871 71.63467 68.90274 32.97583 -23.63607 -70.51512 0.00000 -5.09926 0.00000 19.02528 -8.27941 -22.66587 -7.12502 -0.00000 0.00000 -4.40750 3.58028 5.98616 -0.00000 0.00000 -0.00000 -12.68551 55.84607 91.14293 -34.86210 -39.77699 98.09095 -0.00000 -22.02270 -0.00000 -5.26947 1.06756 -11.42067 7.12502 -0.00000 -0.00000 20.37189 1.59916 -40.70215
-1.26935 0.91941 -0.41051 18.32255 17.75844 -374.22610 -0.00000 0.00000 -0.00000 -40.98936 -31.69838 -12.61443 -6.53636 40.04431 17.81155 -2.42491 -25.14706 -10.36692 -2.37030 -26.01817 -10.23367 -0.00000 0.00000 -0.00000 -349.35451 -60.92386 -338.76917 53.70049 69.12426 -72.62223 0.16801 -16.03555 3.48800 0.03876 3.49048 -1.27211 3.14931 11.79409 0.08821 4.04160 4.24986 0.56531 2.40114 -2.17543 0.26161 -4.84602 -3.04206 0.19736 -14.42845 -21.60935 -2.63405 -3.40332 -6.21027 0.03037 -0.00000 0.00000 0.00000 -134.08515 68.58217 78.77769 33.80017 -26.00884 -74.47986 0.00000 -7.29785 0.00000 16.86555 -7.03620 -22.00149 -7.12502 -0.00000 0.00000 -6.33535 4.96620 7.05603 -0.00000 0.00000 0.00000 -11.72770 55.69546 91.25368 -34.79290 -40.13508 98.76240 -0.00000 -21.41520 -0.00000 -7.26446 1.29226 -10.03286 7.12502 -0.00000 -0.00000 18.42062 1.82102 -39.54980
-1.26426 0.91977 -0.38304 22.87168 14.12990 -394.74794 -0.00000 0.00000 -0.00000 -39.05450 -30.08407 -12.86345 -5.76799 38.11765 16.59293 -3.49400 -26.71978 -12.71072 -1.34964 -20.03807 -7.62843 -0.00000 0.00000 -0.00000 -347.16718 -60.07562 -342.06973 21.21234 58.72705 -36.81713 -0.21720 -12.20324 1.05085 0.02072 -2.55288 0.92983 3.00310 10.14802 3.48228 1.22639 4.23962 4.83800 -0.85624 -1.09166 2.39617 -2.88106 -3.18041 1.37820 -13.97680 -19.18149 -0.54783 -3.77858 -5.26764 0.68585 -0.00000 0.00000 0.00000 -135.50815 66.39907 86.93336 34.24007 -27.55681 -77.04814 0.00000 -10.51420 0.00000 17.52194 -7.40765 -22.21325 -7.12502 -0.00000 0.00000 -5.74546 4.55340 6.72541 -0.00000 0.00000 0.00000 -4.03838 57.31398 89.76294 -34.94202 -39.31913 97.23985 -0.00000 -18.70910 -0.00000 -8.81310 1.30817 -8.37657 7.12502 -0.00000 -0.00000 16.90573 2.11850 -38.06536
-1.27072 0.92192 -0.36577 25.39860 9.22754 -409.80475 -0.00000 0.00000 -0.00000 -37.46346 -27.69428 -14.85924 -5.85202 38.33821 16.72872 -5.27390 -23.82316 -17.05007 -1.48075 -20.93282 -8.00304 -0.00000 0.00000 -0.00000 -349.56916 -61.42857 -352.80783 14.38891 52.73143 -28.57595 1.99562 -8.92101 12.79425 0.14954 6.83944 -2.50204 -0.73364 11.01843 5.32996 0.18051 4.03084 6.88486 -0.21302 -1.97665 3.37571 -1.33017 -3.89086 2.84259 -13.11938 -17.10201 1.90305 -3.91956 -4.32557 1.58643 -0.00000 0.00000 0.00000 -137.41549 65.02408 92.38681 34.55398 -28.87393 -79.23108 0.00000 -12.91810 0.00000 17.35257 -7.38107 -22.34924 -7.12502 -0.00000 0.00000 -5.86106 4.66526 6.60945 -0.00000 0.00000 0.00000 2.80253 59.39597 87.16244 -35.17057 -37.48258 93.90109 -0.00000 -16.69900 -0.00000 -9.45924 1.30316 -7.77284 7.12502 -0.00000 -0.00000 16.27548 2.19687 -37.51997
-1.27563 0.92209 -0.35724 24.76970 6.65772 -420.71677 -0.00000 0.00000 -0.00000 -34.68757 -28.47498 -21.98286 -10.78707 48.07131 23.90636 -4.48528 -16.58095 -17.45661 -0.38344 -10.89750 -4.01819 -0.00000 0.00000 -0.00000 -347.41334 -63.22070 -360.06522 14.11929 52.42850 -28.23647 2.22688 -6.04335 16.49022 0.58768 13.43309 -4.98714 -0.99743 13.96807 6.14467 -0.82130 3.74947 7.80223 -1.65415 -3.69891 3.79945 -0.04243 -4.94824 3.77021 -10.44830 -15.92364 3.66434 -3.37083 -3.71079 2.16915 -0.00000 0.00000 0.00000 -139.48039 67.53167 97.37178 34.78630 -30.04549 -81.17621 0.00000 -11.22460 0.00000 17.50462 -6.69948 -20.29943 -7.12502 -0.00000 0.00000 -6.11451 4.50466 8.75259 -0.00000 0.00000 0.00000 14.11494 60.79013 80.49758 -35.24134 -34.14099 88.06691 -0.00000 -14.38000 -0.00000 -9.64722 1.05791 -6.19891 7.12502 -0.00000 -0.00000 16.06222 2.61527 -35.99476
-1.27849 0.91887 -0.34294 23.56069 6.32766 -431.76644 -0.00000 0.00000 -0.00000 -30.60899 -35.02404 -26.43587 -36.42934 65.76453 53.95269 -1.45054 -16.77150 -8.07443 -0.00034 -0.32954 -0.11994 -0.00000 0.00000 -0.00000 -338.94972 -63.31293 -361.30270 13.66323 51.90122 -27.65902 1.89227 -3.72857 17.65235 1.62085 21.83864 -8.38723 0.76956 14.33466 6.23065 -1.03580 4.31289 8.09660 -2.84115 -3.01568 3.93313 1.51736 -3.86722 5.17825 -9.11886 -17.10314 5.63477 -3.41539 -4.12093 3.02569 -0.00000 0.00000 -0.00000 -139.82758 72.31092 97.19939 34.90468 -30.75087 -82.35084 0.00000 -10.27950 0.00000 21.44271 -7.70234 -18.84203 -7.12502 -0.00000 0.00000 -3.02800 2.14631 9.70171 -0.00000 0.00000 -0.00000 19.89868 61.04841 77.10649 -34.77599 -29.98828 81.08108 -0.00000 -14.24200 -0.00000 -11.12526 1.44710 -7.31794 7.12502 -0.00000 -0.00000 14.66968 2.06170 -37.17501
-1.28461 0.91233 -0.32793 23.09246 2.76182 -440.55291 -0.00000 0.00000 -0.00000 -29.95111 -41.25254 -30.35527 -97.00538 67.42599 118.89563 -1.71562 -12.78341 -9.76839 -0.00064 -0.44869 -0.16331 -0.00000 0.00000 -0.00000 -335.08502 -61.26330 -359.25456 13.70855 51.95447 -27.71659 2.51361 -6.93465 16.94495 2.12880 24.77478 -9.67060 -0.43501 14.00436 5.92515 -2.40422 4.73119 7.44179 -3.42305 -2.42301 3.61446 1.99278 -2.30416 6.23171 -6.47882 -17.37328 7.43973 -2.88340 -4.44510 3.77300 0.00000 0.00000 -0.00000 -138.80477 79.35965 95.11810 34.94343 -31.00571 -82.77609 0.00000 -9.04425 0.00000 26.88606 -7.16365 -13.81779 -7.12502 -0.00000 0.00000 0.98988 -0.58433 14.44945 0.00000 0.00000 -0.00000 26.36057 61.42897 71.47001 -33.60288 -25.39029 73.45065 -0.00000 -15.46620 -0.00000 -9.82786 1.52358 -8.72595 7.12502 -0.00000 -0.00000 15.93084 1.87092 -38.47501
-1.29100 0.90307 -0.31588 21.10456 -2.52698 -446.77917 -0.00000 0.00000 -0.00000 -29.52674 -45.31905 -34.40338 -125.12838 53.25822 150.81959 -1.37374 -3.88278 -14.08029 -0.00003 0.08941 0.03254 -0.00000 0.00000 -0.00000 -335.86700 -58.05711 -357.53444 14.92371 53.31391 -29.24539 3.44848 -13.06411 16.01460 1.87334 23.35924 -9.04422 -3.85380 14.92872 4.99166 -3.41427 5.22996 5.58335 -2.41732 -2.74523 2.64213 0.58375 -1.45362 7.24554 -4.16222 -15.47654 9.17219 -2.24376 -4.59142 4.58447 0.00000 0.00000 -0.00000 -93.99037 85.83851 47.64515 34.85530 -30.44471 -81.84060 0.00000 -8.63194 0.00000 29.08604 -6.56630 -11.61644 -7.12502 -0.00000 0.00000 2.71130 -1.46294 16.67052 0.00000 0.00000 -0.00000 33.33908 63.05114 62.90610 -31.87976 -21.08292 66.17204 -0.00000 -14.32040 -0.00000 -9.61679 1.47447 -8.63516 7.12502 -0.00000 -0.00000 16.13394 1.92639 -38.37166
-1.29852 0.88648 -0.29790 20.08431 -3.61107 -452.43241 -0.00000 0.00000 -0.00000 -17.79309 -56.03843 -35.80355 -133.97693 38.77939 162.99686 2.90080 11.05247 -22.16593 -0.24313 8.70355 3.19408 -0.00000 0.00000 -0.00000 -332.85865 -57.86866 -354.73274 17.90335 56.16965 -32.89286 3.89132 -17.00989 15.58903 2.09267 24.58124 -9.58406 -2.44613 14.34188 3.76391 -3.77974 5.30838 4.17289 -3.28112 -2.26682 1.95127 0.83499 -2.34184 8.06445 -3.60356 -12.78282 10.41377 -1.92223 -3.43254 5.18072 0.00000 0.00000 0.00000 -7.11840 78.53091 -42.52444 34.38795 -28.14842 -78.02851 0.00000 -6.64029 0.00000 25.01062 -5.50062 -11.61072 -7.12502 -0.00000 0.00000 -0.84944 0.44886 17.14923 0.00000 0.00000 0.00000 43.80997 62.94291 48.42761 -30.14849 -17.83518 60.44816 -0.00000 -10.12230 -0.00000 -13.21919 1.48810 -6.30867 7.12502 -0.00000 -0.00000 12.65259 1.97157 -36.28710
-1.30502 0.87264 -0.28104 19.29384 -5.81002 -458.42234 -0.00000 0.00000 -0.00000 25.77203 -70.56212 -4.57795 -136.02368 32.68314 166.49598 8.98617 18.48545 -36.55723 -0.16219 -7.12104 -2.60618 -0.00000 0.00000 -0.00000 -330.93624 -56.82042 -350.80329 19.62298 57.56746 -34.94614 4.91867 -20.92930 16.98616 1.89007 23.45547 -9.08633 -3.15696 13.88960 3.51769 -4.68444 5.52871 3.69584 -3.72858 -1.80116 1.69142 0.45848 -2.05616 8.23265 -2.27870 -12.50187 10.76745 -1.44634 -3.46997 5.32330 0.00000 0.00000 -0.00000 0.82911 64.69239 -55.22593 33.47582 -25.01109 -72.81842 0.00000 -3.16910 0.00000 18.73675 -4.30393 -12.47570 -7.12502 -0.00000 0.00000 -6.26151 3.36446 16.85878 0.00000 0.00000 -0.00000 53.05599 60.51108 32.74433 -28.98086 -15.99391 57.05666 -0.00000 -11.50110 -0.00000 -12.83615 1.62915 -7.11213 7.12502 -0.00000 -0.00000 13.02554 1.84633 -37.07130
-1.31079 0.87230 -0.26841 17.95157 -7.46655 -463.80929 -0.00000 0.00000 -0.00000 37.76071 -71.56100 9.27548 -134.75055 36.69669 164.26060 4.84194 13.75160 -30.05492 -0.02057 -2.54374 -0.92649 -0.00000 0.00000 -0.00000 -330.22659 -54.08066 -348.31826 18.97156 57.05670 -34.17214 5.49850 -22.40322 17.92437 1.57124 21.52344 -8.25296 -5.55240 14.91556 3.11906 -4.85120 5.99677 2.67173 -2.51536 -2.00559 1.10736 -0.79368 -1.95732 8.88263 -1.11800 -12.70948 11.73702 -0.94477 -3.68869 5.80875 0.00000 0.00000 -0.00000 -3.95429 51.36369 -56.32028 32.43235 -22.30550 -68.26473 0.00000 -1.34059 0.00000 16.83207 -4.54247 -14.67008 -7.12502 -0.00000 0.00000 -7.62247 4.47607 14.75103 0.00000 0.00000 -0.00000 54.73840 58.54354 21.98373 -27.91850 -14.49555 54.19105 -0.00000 -9.61735 -0.00000 -13.15075 2.12278 -9.00860 7.12502 -0.00000 -0.00000 12.71532 1.36047 -38.99329
-1.31453 0.87876 -0.25711 17.94596 -8.18323 -467.51951 -0.00000 0.00000 -0.00000 9.31839 -72.24266 -12.11607 -129.89892 47.00319 157.02348 1.75614 8.36079 -22.01409 -0.03537 -3.33461 -1.21516 -0.00000 0.00000 -0.00000 -328.81090 -53.26459 -345.65083 18.47183 56.64967 -33.57530 5.75244 -21.06246 18.93726 1.53253 21.27334 -8.14687 -5.16121 16.21595 2.30612 -6.06435 6.58573 1.37156 -3.90653 -2.04246 0.41873 -0.97388 -1.48376 9.43445 -0.30600 -14.42084 12.56640 -0.87428 -4.43884 6.15463 0.00000 0.00000 -0.00000 -7.07382 39.09143 -58.21524 31.48292 -20.26942 -64.76324 0.00000 2.08730 -0.00000 18.14074 -6.00034 -17.69553 -7.12502 -0.00000 0.00000 -6.01988 4.01564 11.41334 0.00000 0.00000 -0.00000 53.83125 56.42705 16.20122 -26.09722 -12.23434 49.63390 -0.00000 -7.09346 -0.00000 -12.55488 2.27287 -10.09745 7.12502 -0.00000 -0.00000 13.27783 1.17399 -40.03785
-1.31676 0.88491 -0.24585 18.65451 -8.31019 -468.06758 -0.00000 0.00000 -0.00000 -16.86364 -71.95609 -32.52015 -117.30525 59.70941 141.45748 0.24074 3.79058 -16.54243 -1.00543 -17.41786 -6.55667 -0.00000 0.00000 -0.00000 -327.69916 -52.94852 -342.94726 17.88713 56.15569 -32.87334 4.82367 -20.59256 16.85491 1.23560 19.21758 -7.28894 -4.99133 17.70119 0.05889 -6.65477 7.78368 -1.82780 -4.19970 -1.65752 -1.23244 -0.52243 -2.61883 10.66767 0.97858 -15.44105 14.40902 -0.67342 -4.65223 6.93737 0.00000 0.00000 -0.00000 -10.89513 25.94478 -58.98742 30.36783 -18.20816 -61.12050 0.00000 5.86152 -0.00000 18.66669 -7.65482 -21.51888 -7.12502 -0.00000 0.00000 -4.91659 3.81575 7.27378 0.00000 0.00000 -0.00000 50.79063 56.37161 13.72326 -24.18653 -10.19445 45.20531 -0.00000 -6.03711 -0.00000 -12.92156 2.45005 -10.55471 7.12502 -0.00000 -0.00000 12.91046 1.02756 -40.52657
-1.32198 0.88409 -0.23714 20.29087 -8.98194 -467.47397 -0.00000 0.00000 -0.00000 -35.26094 -72.20661 -45.25968 -86.40665 69.11227 107.49245 -0.17986 0.27008 -8.75293 -2.56558 -26.96555 -10.67143 -0.00000 0.00000 -0.00000 -324.02651 -54.29892 -336.85403 19.71674 57.63920 -35.05718 1.90002 -21.95096 9.13082 0.27417 9.23634 -3.39316 -5.31029 19.41167 -1.74454 -6.82858 8.49050 -4.49902 -3.81804 -1.83749 -2.59534 -1.72582 -2.76032 10.64870 2.52595 -17.26553 14.60787 -0.09528 -4.91910 6.95910 -0.00000 0.00000 -0.00000 -14.69229 14.49733 -63.20793 29.15384 -16.25275 -57.54140 0.00000 10.76920 -0.00000 18.42831 -9.11657 -25.43178 -7.12502 -0.00000 0.00000 -4.36597 3.92325 3.13463 -0.00000 0.00000 -0.00000 53.77060 56.25500 4.73212 -23.16141 -9.21613 42.94179 -0.00000 -2.61016 -0.00000 -12.83725 2.58941 -11.21385 7.12502 -0.00000 -0.00000 12.97560 0.88153 -41.18005
-1.33153 0.89121 -0.23310 22.45117 -10.53734 -466.91151 -0.00000 0.00000 -0.00000 -46.54250 -72.93626 -48.20009 -37.87097 66.17953 55.53107 0.06433 1.99475 -2.14970 -2.89648 -28.46879 -11.38280 -0.00000 0.00000 -0.00000 -319.21580 -55.87568 -331.55792 20.75087 58.40235 -36.27629 -2.63329 -22.54367 -3.59357 0.02210 -2.63655 0.96035 -6.43086 20.17408 -3.14232 -6.98864 9.06325 -6.68551 -3.06958 -1.51454 -3.73031 -2.54176 -2.73532 10.80155 2.71518 -19.26874 14.88954 -0.08494 -5.60401 7.05863 0.00000 0.00000 -0.00000 -19.13237 5.76141 -68.99359 28.11553 -14.76233 -54.70923 0.00000 14.11150 -0.00000 19.51781 -11.02834 -28.35422 -7.12502 -0.00000 0.00000 -2.89097 2.91932 -0.24286 0.00000 0.00000 -0.00000 59.60183 56.87206 -7.21158 -22.87373 -8.95464 42.31847 -0.00000 -4.24141 -0.00000 -11.66203 2.17250 -10.40721 7.12502 -0.00000 -0.00000 14.14271 1.19403 -40.27242
-1.34370 0.89745 -0.22788 24.58129 -11.75611 -467.90833 -0.00000 0.00000 -0.00000 -50.45264 -77.26077 -39.63233 -16.48246 54.88404 31.16945 0.75378 9.46871 -3.69249 -1.24466 -19.28432 -7.31641 -0.00000 0.00000 -0.00000 -313.26940 -58.69751 -329.86260 21.39099 58.85025 -37.02601 -6.05328 -24.33092 -12.50237 0.29071 9.50750 -3.49473 -6.24514 19.80149 -4.12059 -7.66840 9.37483 -8.01192 -3.77327 -1.08908 -4.40934 -2.92859 -3.00005 10.97653 3.16896 -20.20585 15.23671 0.02799 -5.91692 7.18633 -0.00000 0.00000 -0.00000 -23.96656 0.60379 -75.48859 27.72185 -14.23397 -53.67935 0.00000 18.30480 -0.00000 19.32407 -11.46157 -29.53871 -7.12502 -0.00000 0.00000 -2.79834 2.95077 -1.48340 -0.00000 0.00000 -0.00000 69.15967 57.15799 -21.81474 -22.47887 -8.60457 41.47071 -0.00000 -6.26293 -0.00000 -9.93515 1.72851 -9.77087 7.12502 -0.00000 -0.00000 15.82880 1.56279 -39.50537
-1.35813 0.89010 -0.21905 23.29260 -12.14424 -471.92984 -0.00000 0.00000 -0.00000 -12.25791 -81.73025 16.87933 -12.06762 49.89405 25.60328 0.91989 11.02406 -3.61261 -2.13998 24.83425 9.69724 -0.00000 0.00000 -0.00000 -310.51594 -60.25144 -334.80858 23.66568 60.30658 -39.66354 -8.46082 -26.85732 -16.59836 0.81037 15.70077 -5.87236 -5.12846 20.04767 -3.92331 -9.24905 10.19358 -7.90949 -6.26419 -0.71112 -4.41350 -3.29995 -2.05858 11.05042 3.32609 -21.02700 15.41691 -0.01725 -6.35484 7.25585 0.00000 0.00000 0.00000 -27.60166 0.45707 -80.41888 28.59305 -15.42939 -55.98941 0.00000 18.72510 -0.00000 19.02541 -12.15207 -31.40312 -7.12502 -0.00000 0.00000 -2.63338 2.97321 -3.43581 0.00000 0.00000 0.00000 81.02953 55.50335 -38.37944 -22.38944 -8.52667 41.27991 -0.00000 -5.80682 -0.00000 -8.48420 1.60692 -10.64680 7.12502 -0.00000 -0.00000 17.23728 1.48025 -40.24057
-1.36922 0.87610 -0.20610 20.14504 -13.03227 -476.16532 -0.00000 0.00000 -0.00000 -14.86808 -76.78829 16.38167 -11.50156 49.11396 24.85894 -0.83411 -4.33696 -9.46560 -1.87133 23.34764 9.03915 -0.00000 0.00000 -0.00000 -313.06554 -60.88261 -343.62378 24.84353 60.98649 -41.01485 -7.90829 -28.32841 -13.68065 0.57146 13.25091 -4.91684 -5.41885 20.26179 -3.88270 -10.44109 11.16415 -8.30330 -7.59048 0.06952 -4.72599 -3.71761 -2.81856 11.75893 3.02847 -20.39662 16.34238 -0.03245 -6.06519 7.80405 -0.00000 0.00000 -0.00000 -30.20476 2.21902 -82.25092 29.71622 -17.12668 -59.15814 0.00000 16.94900 -0.00000 21.06910 -14.48997 -33.00286 -7.12502 -0.00000 0.00000 -0.72290 0.88421 -5.72914 -0.00000 0.00000 -0.00000 92.19939 55.67692 -55.77386 -23.36132 -9.40113 43.37789 -0.00000 -8.47297 -0.00000 -8.46540 1.67790 -11.12991 7.12502 -0.00000 -0.00000 17.25351 1.33608 -40.70651
-1.37776 0.85505 -0.19839 17.90016 -13.55272 -476.83071 -0.00000 0.00000 -0.00000 -36.93981 -72.81906 -12.32397 -13.64352 51.87799 27.63397 -0.92695 -12.08557 -6.57722 -0.51340 12.57520 4.65706 -0.00000 0.00000 -0.00000 -319.09074 -62.66900 -353.17258 26.64379 61.94041 -43.06395 -10.28174 -34.36168 -13.74407 1.11951 18.33621 -6.92828 -5.14879 21.08293 -4.26063 -10.99041 11.75694 -9.04867 -8.33725 0.13285 -5.13818 -2.92744 -4.82763 11.69146 2.47243 -18.54340 16.09138 0.00850 -5.09822 7.74415 0.00000 0.00000 -0.00000 -28.76662 7.68891 -82.52998 31.05139 -19.43598 -63.30406 0.00000 15.16940 -0.00000 24.23319 -17.15335 -33.23418 -7.12502 -0.00000 0.00000 1.67974 -2.14717 -6.94937 0.00000 0.00000 -0.00000 103.03033 51.68027 -70.75960 -24.77260 -10.78848 46.53214 -0.00000 -11.22130 -0.00000 -7.70550 1.51423 -11.05102 7.12502 -0.00000 -0.00000 17.99527 1.44399 -40.56396
-1.38337 0.84157 -0.19208 17.86316 -13.40735 -478.52563 -0.00000 0.00000 -0.00000 -41.29033 -74.20144 -19.83955 -17.04505 55.40846 31.85501 -0.52871 -14.78998 -4.77402 -0.62800 13.87452 5.15796 -0.00000 0.00000 -0.00000 -317.42266 -64.31532 -350.96267 33.35843 64.76990 -50.57194 -9.79289 -32.38691 -14.36960 0.35677 10.51764 -3.87465 -4.67158 21.10187 -3.89431 -10.72562 11.70587 -8.44550 -8.36177 0.08969 -4.82281 -2.52882 -4.42971 11.44545 1.16663 -19.87207 15.53465 -0.52837 -5.42009 7.45808 0.00000 0.00000 0.00000 -25.12464 14.18802 -81.28315 32.17565 -21.72327 -67.27148 0.00000 13.71590 -0.00000 25.45409 -17.85159 -32.78268 -7.12502 -0.00000 0.00000 2.49281 -3.17543 -6.83523 0.00000 0.00000 0.00000 104.64208 42.84351 -74.36809 -26.50449 -12.71040 50.62034 -0.00000 -11.88520 -0.00000 -6.51556 1.12085 -9.71897 7.12502 -0.00000 -0.00000 19.14234 2.02346 -39.19173
-1.38673 0.83377 -0.18347 17.38785 -14.00422 -483.85985 -0.00000 0.00000 -0.00000 -28.88558 -77.79854 -6.79547 -19.22853 57.26080 34.47799 -0.54329 -16.51158 -4.92530 -0.61804 13.76689 5.11624 -0.00000 0.00000 -0.00000 -308.53414 -64.81756 -335.49738 50.87782 68.77728 -69.59785 -4.10192 -21.73483 -8.79537 0.15397 6.93944 -2.53901 -5.36213 20.78786 -2.14628 -10.85233 11.56739 -6.33395 -8.45124 0.32222 -3.83672 -2.36960 -3.17451 11.37058 -0.34940 -22.43764 15.14996 -1.27200 -6.26884 7.24258 -0.00000 0.00000 -0.00000 -20.11722 21.37561 -78.30641 33.31883 -24.56060 -72.06585 0.00000 10.98890 -0.00000 25.58994 -16.44067 -30.58221 -7.12502 -0.00000 0.00000 2.23239 -2.60105 -4.33756 -0.00000 0.00000 -0.00000 103.36666 31.98561 -71.52291 -28.52196 -15.32817 55.79652 -0.00000 -12.54410 -0.00000 -8.86665 1.31124 -8.34518 7.12502 -0.00000 -0.00000 16.85374 2.11986 -38.03848
-1.38709 0.83462 -0.17521 16.34737 -12.91904 -486.97336 -0.00000 0.00000 -0.00000 -14.39816 -77.59850 8.09784 -19.31113 57.32568 34.57616 -0.46277 -16.63292 -4.64453 -0.73354 14.96193 5.58178 -0.00000 0.00000 -0.00000 -306.56612 -66.37413 -325.94017 78.73978 69.75482 -99.30551 0.28497 -3.94449 4.48147 1.08552 18.06837 -6.81947 -4.84077 21.86509 -1.95339 -9.77289 11.89340 -6.03606 -7.54616 0.22976 -3.69397 -1.93660 -3.20594 11.87225 -0.58183 -23.82847 15.75760 -1.59261 -6.63699 7.41338 -0.00000 0.00000 0.00000 -18.25155 30.18748 -71.34743 34.38561 -28.13869 -78.01238 0.00000 10.43370 -0.00000 25.27936 -16.40695 -30.88372 -7.12502 -0.00000 0.00000 2.05007 -2.40952 -4.58772 -0.00000 0.00000 0.00000 103.45748 27.12614 -67.18282 -30.47584 -18.39537 61.45629 -0.00000 -15.17880 -0.00000 -12.30342 1.65324 -7.53549 7.12502 -0.00000 -0.00000 13.53931 1.82597 -37.46227
-1.38567 0.84650 -0.16866 14.63740 -11.96671 -489.27519 -0.00000 0.00000 -0.00000 -5.49409 -74.44960 19.21945 -16.35627 54.76350 31.01507 -0.36786 -15.46354 -4.18815 -0.68817 14.50565 5.40340 -0.00000 0.00000 -0.00000 -310.45415 -67.38358 -320.65334 106.29588 64.88997 -129.04611 -0.12514 2.48660 9.74083 0.09535 5.46778 -1.99657 -5.92781 23.05357 -2.82001 -7.80373 11.81273 -7.33006 -4.47588 -0.15543 -4.38976 -3.61314 -3.77745 13.46681 0.88481 -24.45792 18.18628 -1.17629 -6.99893 8.54087 -0.00000 0.00000 0.00000 -24.55557 41.26837 -57.37577 35.03470 -31.67266 -83.89171 0.00000 11.94580 -0.00000 26.94401 -18.05585 -31.37365 -7.12502 -0.00000 0.00000 3.35451 -4.10651 -5.69924 -0.00000 0.00000 0.00000 102.59583 28.84176 -61.06636 -32.29633 -21.99369 67.73353 -0.00000 -13.34420 -0.00000 -17.83756 2.18528 -6.75788 7.12502 -0.00000 -0.00000 8.22122 1.16330 -37.00131
-1.37905 0.87673 -0.16121 13.97442 -10.91002 -491.16417 -0.00000 0.00000 -0.00000 -9.61227 -68.28953 14.65746 -10.47185 47.58909 23.48106 0.53413 -13.80165 0.00317 -0.66253 14.24050 5.30011 -0.00000 0.00000 -0.00000 -317.73064 -68.14485 -319.24009 121.01320 57.06890 -145.80970 0.19268 1.07774 11.75107 0.18444 -7.59017 2.77996 -4.15450 23.41899 -3.00727 -7.22037 11.45202 -7.12679 -4.70519 -0.84638 -4.20344 -3.06033 -1.67808 13.92099 0.74844 -25.09644 18.85179 -1.64504 -7.42720 8.76407 0.00000 0.00000 0.00000 -33.40433 51.97175 -41.54683 35.25364 -34.49885 -88.68005 0.00000 11.18200 -0.00000 26.74468 -17.19039 -30.39128 -7.12502 -0.00000 0.00000 3.06071 -3.58730 -4.48359 0.00000 0.00000 0.00000 105.35924 28.17242 -53.26816 -33.76817 -25.90584 74.30862 -0.00000 -7.52460 -0.00000 -24.39679 3.55023 -7.77453 7.12502 -0.00000 -0.00000 1.84915 0.21019 -38.51729
-1.36896 0.91376 -0.15466 15.54658 -9.32504 -492.62048 -0.00000 0.00000 -0.00000 -13.98075 -59.69857 4.78588 -5.10763 36.28890 15.50094 1.55026 -11.62855 7.28971 -1.44986 20.72631 7.91616 -0.00000 0.00000 -0.00000 -319.42946 -67.75865 -315.12891 128.43922 49.19740 -155.06278 0.42409 1.61184 17.34627 0.15207 -6.89678 2.52323 -1.29325 22.22804 -2.82215 -5.52237 11.28407 -5.89979 -4.56733 -0.48332 -3.46501 -2.15109 -0.89180 14.41068 -2.89673 -24.42763 18.84693 -2.88633 -6.87291 9.05136 0.00000 0.00000 -0.00000 -48.10512 57.45266 -21.77351 35.21171 -36.93306 -92.92272 0.00000 11.49330 -0.00000 27.89331 -18.97729 -31.56476 -7.12502 -0.00000 0.00000 4.06645 -5.08329 -6.25777 0.00000 0.00000 -0.00000 106.63374 30.00362 -43.43509 -34.76157 -29.90926 80.94972 -0.00000 -4.59095 -0.00000 -26.91257 4.17730 -8.16638 7.12502 -0.00000 -0.00000 -0.62052 -0.06363 -39.14544
-1.35608 0.94963 -0.15058 16.56437 -7.82350 -492.65529 -0.00000 0.00000 -0.00000 -15.26885 -48.29310 -4.96961 -2.16619 24.97290 9.75948 1.52935 -10.49743 8.76090 -0.11391 -5.97405 -2.18282 -0.00000 0.00000 -0.00000 -323.58290 -68.19478 -316.33814 132.31889 42.58795 -160.45503 0.76243 1.69988 21.39490 0.26540 -9.08917 3.33811 0.25808 21.02589 -3.01026 -3.72226 10.94543 -5.52097 -3.50199 -0.19094 -3.19260 -0.58241 -1.93754 14.64706 -5.43342 -21.30437 18.82270 -3.41853 -5.34616 9.23368 0.00000 0.00000 -0.00000 -63.00727 56.20829 -1.05009 34.93390 -39.36823 -97.33073 0.00000 8.12410 -0.00000 28.55456 -20.24070 -32.44589 -7.12502 -0.00000 0.00000 4.64976 -6.09734 -7.55830 0.00000 0.00000 -0.00000 104.37484 37.75797 -33.91694 -35.19221 -33.26697 86.57860 -0.00000 0.33176 0.00000 -31.08250 4.17912 -6.89300 7.12502 -0.00000 -0.00000 -4.57160 -0.56187 -38.00803
-1.33833 0.96483 -0.14837 16.88757 -7.23840 -489.98355 -0.00000 0.00000 -0.00000 -15.73687 -45.71862 -3.95425 -2.39599 26.14558 10.29209 -0.48861 -6.72510 -5.21555 -1.25163 -19.33549 -7.33749 -0.00000 0.00000 -0.00000 -327.34625 -71.20869 -321.46042 133.90149 38.97073 -162.87666 0.89816 0.70120 19.53316 0.04359 -3.70100 1.34906 0.64229 19.02575 -3.83149 -2.10203 10.00234 -6.14166 -1.87852 -0.09548 -3.41835 0.93614 -1.07428 14.75275 -6.43702 -18.69298 19.00405 -3.74000 -4.42492 9.39089 0.00000 0.00000 -0.00000 -67.53043 49.35170 12.62113 34.27762 -42.18130 -102.70984 0.00000 -0.04360 0.00000 28.77251 -18.61064 -30.16367 -7.12502 -0.00000 0.00000 4.51149 -5.37678 -4.90114 0.00000 0.00000 -0.00000 96.20719 45.61672 -23.39461 -35.23304 -36.55495 92.25437 -0.00000 2.66922 0.00000 -33.55079 5.23516 -7.83408 7.12502 -0.00000 -0.00000 -7.05715 -0.70576 -39.31792
-1.31800 0.96606 -0.14327 14.75816 -5.92868 -486.59221 -0.00000 0.00000 -0.00000 -18.92137 -43.90927 -4.25801 -6.15271 39.10702 17.20939 -1.04481 -9.20514 -7.85660 -2.13656 -24.81609 -9.68910 -0.00000 0.00000 -0.00000 -318.17617 -66.91753 -315.55267 131.53935 44.13568 -159.31980 1.42909 -2.51929 16.58060 0.07913 -4.98272 1.81845 1.46111 18.72213 -4.30517 -0.86327 9.87928 -6.51092 -0.95885 -0.01312 -3.57476 0.49198 -0.59039 13.98406 -6.17815 -16.72938 18.01711 -3.36533 -4.05084 8.98049 0.00000 0.00000 -0.00000 -58.51446 40.69094 13.03784 34.32450 -42.02513 -102.40128 0.00000 -5.53853 0.00000 31.37426 -17.24909 -25.93271 -7.12502 -0.00000 0.00000 5.93117 -6.10819 -0.68553 0.00000 0.00000 -0.00000 81.16308 48.11422 -7.74392 -35.03774 -38.68146 96.06763 -0.00000 1.80817 0.00000 -32.71919 5.23130 -8.07734 7.12502 -0.00000 -0.00000 -6.27120 -0.60259 -39.53331
-1.30034 0.95691 -0.13654 12.11380 -5.08466 -486.87649 -0.00000 0.00000 -0.00000 -19.06194 -41.99797 0.00779 -14.70881 53.08272 28.97700 -1.38180 -5.32298 -12.42432 -1.38974 -20.31689 -7.74466 -0.00000 0.00000 -0.00000 -307.81466 -60.31586 -307.14613 122.68629 55.65163 -147.81911 1.28210 -4.68508 12.45031 0.05635 -4.20701 1.53417 1.01064 17.55659 -3.21140 -0.20501 9.92809 -5.13820 -0.30555 0.73222 -2.92439 0.20493 -0.22920 13.10641 -6.31504 -14.02513 16.88453 -3.40891 -3.78795 8.47492 0.00000 0.00000 0.00000 -45.83408 32.37605 7.53197 35.11451 -38.05636 -94.93223 0.00000 -10.18060 0.00000 31.13728 -14.29292 -22.22762 -7.12502 -0.00000 0.00000 5.37051 -4.71207 3.85170 0.00000 0.00000 0.00000 63.93804 45.23694 8.97672 -34.98647 -39.03773 96.72074 -0.00000 0.30663 0.00000 -33.47584 7.89885 -11.73990 7.12502 -0.00000 -0.00000 -7.45748 -0.13405 -43.97604
-1.28933 0.94319 -0.12909 8.71947 -4.80495 -488.17461 -0.00000 0.00000 -0.00000 -21.38275 -34.47399 3.53731 -19.61114 57.55837 34.93211 -0.37982 0.95571 -14.43977 -0.43910 -11.64793 -4.30293 -0.00000 0.00000 -0.00000 -310.37953 -56.08177 -310.98397 93.68374 68.06988 -115.30694 1.33874 -6.48425 11.09109 0.26594 -9.09819 3.34148 1.29402 15.65470 -2.52789 -0.70745 10.23626 -4.25109 -1.23744 1.98250 -2.45622 0.72584 0.71057 12.63729 -7.37703 -12.02036 16.26581 -3.65896 -3.16079 8.23936 -0.00000 0.00000 0.00000 -33.65710 26.96258 1.64061 34.91192 -30.79746 -82.42854 0.00000 -9.20675 0.00000 28.59922 -12.25995 -21.28017 -7.12502 -0.00000 0.00000 3.24207 -2.66710 5.59757 -0.00000 0.00000 0.00000 49.46738 39.70970 25.53407 -35.24942 -36.15867 91.55790 -0.00000 -1.72586 -0.00000 -33.44540 9.83046 -14.49287 7.12502 -0.00000 -0.00000 -7.84748 0.31244 -47.26567
-1.28452 0.92563 -0.12665 7.12781 -6.04794 -488.52417 -0.00000 0.00000 -0.00000 -26.41147 -23.14550 3.96801 -12.07872 49.90896 25.61779 0.93432 6.74506 -10.74815 -0.57399 13.27956 4.92789 -0.00000 0.00000 -0.00000 -316.10122 -53.96897 -317.91120 38.84705 66.44341 -56.59696 1.27517 -8.60467 9.35829 0.02453 -2.77746 1.01176 0.78655 11.01707 -2.29571 -0.69355 9.50820 -3.80465 -1.16727 3.69394 -2.15825 1.05761 1.66074 12.41130 -8.96167 -8.96598 16.01758 -3.96978 -2.16368 8.18957 0.00000 0.00000 -0.00000 -25.65494 25.97595 -4.40423 32.44247 -22.32900 -68.30471 0.00000 -7.32905 0.00000 25.44857 -11.14316 -22.10296 -7.12502 -0.00000 0.00000 0.79317 -0.65727 5.35513 0.00000 0.00000 -0.00000 38.60827 33.98299 38.89123 -34.87015 -30.53485 81.99076 -0.00000 -3.36952 -0.00000 -30.12740 10.76699 -17.84433 7.12502 -0.00000 -0.00000 -5.05271 0.50092 -50.64710
-1.27923 0.91111 -0.12654 7.29783 -8.24056 -486.88370 -0.00000 0.00000 -0.00000 -30.08065 -14.73038 3.97726 -6.11789 39.01958 17.15414 -4.02930 -8.61404 -21.51146 -0.01025 1.79604 0.65393 -0.00000 0.00000 -0.00000 -321.17428 -53.16574 -321.55361 16.43973 54.84335 -31.11720 1.21400 -7.46421 9.65028 0.04667 -3.82930 1.39597 -0.77412 6.55517 -2.45387 -0.26865 7.34758 -3.73242 0.05636 3.96543 -2.06513 2.69188 -0.27292 12.05914 -9.69361 -3.13344 15.95278 -3.68736 0.16510 8.01832 -0.00000 0.00000 0.00000 -21.28075 28.27629 -8.33401 29.96356 -17.52791 -59.89084 0.00000 -5.70293 0.00000 17.88071 -6.67681 -19.81866 -7.12502 -0.00000 0.00000 -5.88195 4.26042 9.20427 -0.00000 0.00000 0.00000 32.72408 30.83929 44.46989 -33.44773 -24.92905 72.68150 -0.00000 -5.23886 -0.00000 -22.54286 11.54274 -25.73692 7.12502 -0.00000 -0.00000 1.29549 -0.29955 -58.01711
-1.26795 0.89109 -0.12756 6.63040 -9.37794 -482.73123 -0.00000 0.00000 -0.00000 -32.84892 -10.68227 2.63990 -4.61572 34.80321 14.65488 -8.19544 -18.87978 -25.51914 -0.30479 9.73213 3.57900 -0.00000 0.00000 -0.00000 -327.44280 -52.53669 -323.97207 15.15065 53.55397 -29.52793 1.19183 -6.05850 10.51546 0.00630 1.40776 -0.51249 -2.63299 6.20950 -3.32239 -0.25360 6.22681 -4.84197 1.15492 3.15657 -2.64065 4.58203 -2.94853 11.81657 -9.64283 -2.34459 15.62411 -3.70081 0.95775 7.74544 -0.00000 0.00000 0.00000 -22.40787 31.53845 -3.87743 32.11391 -21.58706 -67.03827 0.00000 -4.03812 0.00000 11.10318 -4.73322 -22.80508 -7.12502 -0.00000 0.00000 -11.00329 8.71130 7.08379 -0.00000 0.00000 0.00000 33.90630 33.23413 41.77689 -33.56005 -25.26091 73.23506 -0.00000 -7.07382 -0.00000 -14.99873 8.98915 -30.24967 7.12502 -0.00000 -0.00000 8.47125 -2.45565 -61.04931
-1.26103 0.88061 -0.12784 7.36347 -9.45446 -478.71920 -0.00000 0.00000 -0.00000 -33.84484 -9.70187 -1.07816 -4.79052 35.34440 14.95907 -9.76650 -23.84997 -26.36363 -0.55775 13.09484 4.85670 -0.00000 0.00000 -0.00000 -330.91216 -51.71821 -325.39311 22.52313 59.60019 -38.34367 1.72849 -5.49611 14.36653 0.22728 -8.41796 3.08762 -1.52869 5.39237 -2.79783 -0.26617 5.81913 -4.02767 0.51688 3.06708 -2.16414 2.23265 1.23292 9.86212 -8.34448 -10.83794 12.46339 -3.96103 -2.93461 6.31337 0.00000 0.00000 -0.00000 -30.14168 37.84969 -0.50325 34.55044 -28.85768 -79.20412 0.00000 -8.92405 0.00000 12.18013 -6.73454 -28.51545 -7.12502 -0.00000 0.00000 -8.77316 8.55730 1.04517 0.00000 0.00000 -0.00000 43.28432 38.08336 29.40452 -34.87885 -30.58838 82.07996 -0.00000 -10.77480 -0.00000 -11.62704 5.80558 -26.17881 7.12502 -0.00000 -0.00000 12.86706 -2.55666 -56.04976
-1.25530 0.87831 -0.13151 9.22653 -10.24967 -472.83715 -0.00000 0.00000 -0.00000 -33.18058 -14.61602 -3.18890 -7.11377 41.37141 18.69681 -10.38675 -20.19623 -29.38029 -0.38817 10.96340 4.04313 -0.00000 0.00000 -0.00000 -338.08211 -49.64924 -332.13449 29.03003 63.06529 -45.75385 1.73065 -1.58903 20.42584 0.03384 -3.26156 1.18848 -1.21134 4.49233 -2.26463 -0.41363 5.58520 -3.24759 0.16784 3.27855 -1.74132 0.57583 2.19178 7.99157 -7.60360 -15.32813 9.53829 -3.25461 -4.44926 4.92636 0.00000 0.00000 -0.00000 -45.36004 45.49783 3.11375 35.21472 -33.61046 -87.16203 0.00000 -9.66864 0.00000 8.51622 -6.19476 -35.77792 -7.12502 -0.00000 0.00000 -9.71356 12.11825 -5.80622 0.00000 0.00000 -0.00000 60.44558 43.37252 12.36320 -35.25116 -36.10519 91.46421 -0.00000 -10.36490 -0.00000 -4.26835 1.58475 -20.33194 7.12502 -0.00000 -0.00000 21.17014 -1.53696 -48.96186
-1.24826 0.88534 -0.13925 12.32806 -8.33372 -461.92529 -0.00000 0.00000 -0.00000 -29.57580 -23.84533 -4.92549 -13.42323 51.61592 27.35345 -5.32440 -8.30574 -26.31314 -0.04420 3.72686 1.35851 -0.00000 0.00000 -0.00000 -345.64462 -45.09801 -342.91445 26.91194 62.07436 -43.36763 3.20431 -5.80620 21.42712 0.04478 3.75109 -1.36737 1.25373 4.61516 -3.13475 0.75751 6.01418 -4.38555 -0.05502 3.58543 -2.23669 0.69546 -0.94018 6.65149 -9.05000 -16.84950 7.28872 -3.46815 -4.45685 3.78197 0.00000 0.00000 0.00000 -65.60652 51.13876 8.67687 35.26083 -34.82479 -89.24061 0.00000 -5.60688 0.00000 3.16718 -2.39002 -37.00292 -7.12502 -0.00000 0.00000 -13.44144 17.30572 -6.22038 0.00000 0.00000 0.00000 82.96519 45.21213 -6.23644 -35.00822 -38.89120 96.45158 -0.00000 -8.92348 -0.00000 1.65698 -0.41750 -14.13816 7.12502 -0.00000 -0.00000 27.19815 1.28088 -42.50927
-1.24254 0.88908 -0.14888 14.16881 -4.66028 -452.75664 -0.00000 0.00000 -0.00000 -22.78502 -35.89967 -1.92772 -29.26922 63.17014 46.02201 -0.74952 0.23721 -16.75440 -0.03853 3.48006 1.26830 -0.00000 0.00000 -0.00000 -347.53382 -40.51925 -352.33134 18.14333 56.37455 -33.18141 4.72085 -21.08375 16.45865 0.70060 -14.63222 5.45280 3.47148 6.31035 -3.50205 2.34961 5.86438 -4.77386 0.49087 2.46273 -2.40020 0.27372 -1.78881 5.24686 -9.80091 -20.09030 4.80284 -3.53726 -5.45793 2.59350 -0.00000 0.00000 0.00000 -88.59835 51.07171 19.71731 35.22110 -33.72133 -87.35074 0.00000 8.00540 -0.00000 5.17909 -4.02722 -37.76979 -7.12502 -0.00000 0.00000 -11.65916 15.48410 -7.29891 -0.00000 0.00000 0.00000 101.78502 45.06787 -19.22040 -35.11674 -38.03594 94.89535 -0.00000 -10.14320 -0.00000 -1.95739 0.49006 -14.05053 7.12502 -0.00000 -0.00000 23.63818 0.95338 -42.82291
-1.24635 0.89524 -0.15124 15.86660 -4.76781 -450.63645 -0.00000 0.00000 -0.00000 -14.60039 -46.56330 8.38001 -54.52940 69.21401 73.50911 -0.65201 -5.97788 -6.77599 -0.04814 -3.88900 -1.41780 -0.00000 0.00000 -0.00000 -351.79431 -42.96175 -363.59133 15.90111 54.31943 -30.45628 4.26552 -24.03664 14.73022 0.08046 -5.02444 1.83376 2.93493 4.36990 -1.37622 0.53843 5.64414 -1.95163 -1.14750 3.29646 -0.94026 -0.42348 0.34057 3.41762 -7.60586 -24.38903 2.19154 -2.64072 -7.42887 1.31474 -0.00000 0.00000 0.00000 -103.52333 45.73031 29.56046 35.20273 -33.41972 -86.83782 0.00000 12.80520 -0.00000 7.27650 -5.45662 -36.67628 -7.12502 -0.00000 0.00000 -10.40027 13.34816 -6.51539 -0.00000 0.00000 0.00000 114.89714 46.92635 -26.29073 -35.15078 -37.70152 94.29335 -0.00000 -12.78920 -0.00000 -7.09004 2.15719 -16.83744 7.12502 -0.00000 -0.00000 18.47385 -0.35291 -46.05621
-1.24755 0.89353 -0.15745 12.33435 -0.43796 -446.84724 -0.00000 0.00000 -0.00000 2.21443 -49.70454 17.87157 -79.46527 69.71190 100.07888 -0.39822 -5.41357 -4.94412 -0.05559 -4.17866 -1.52379 -0.00000 0.00000 -0.00000 -351.11106 -39.04212 -372.86922 14.81390 53.19625 -29.10835 2.92907 -25.65110 11.51332 0.08278 -5.09601 1.86003 4.75711 6.85342 0.21461 0.15177 6.08449 0.29443 -2.51800 2.49577 0.22530 -1.21121 1.57958 1.08193 -4.36300 -25.12381 -0.42089 -1.12206 -8.01434 -0.05810 0.00000 0.00000 0.00000 -107.10835 40.76318 33.10324 35.18591 -33.18063 -86.43223 0.00000 7.92249 -0.00000 8.99455 -5.75401 -32.34985 -7.12502 -0.00000 0.00000 -10.32588 11.41094 -2.35765 0.00000 0.00000 0.00000 113.60372 49.82195 -26.11274 -35.05362 -38.56261 95.85073 -0.00000 -6.03203 -0.00000 -4.89244 1.33602 -15.23712 7.12502 -0.00000 -0.00000 20.72319 0.28044 -44.25878
-1.25108 0.88800 -0.16566 10.82372 0.24550 -442.78015 -0.00000 0.00000 -0.00000 10.97837 -52.76168 21.23575 -87.70816 68.95926 108.88620 -0.31353 -0.71373 -8.77863 -0.05379 -4.11035 -1.49879 -0.00000 0.00000 -0.00000 -354.52209 -38.37379 -378.35002 16.18909 54.60210 -30.81019 3.75921 -22.92079 13.72458 0.09824 -5.54970 2.02669 1.46479 5.82976 2.04896 -0.95877 5.64444 2.63853 -1.80718 2.67167 1.32116 -1.35509 2.29278 -1.45908 -1.56789 -22.78257 -3.08773 0.15804 -7.34277 -1.48634 0.00000 0.00000 -0.00000 -102.32768 37.14638 31.33518 35.17595 -33.05090 -86.21250 0.00000 5.64400 -0.00000 8.25847 -4.78249 -29.87383 -7.12502 -0.00000 0.00000 -11.59890 11.71934 0.29920 0.00000 0.00000 -0.00000 103.15790 53.92127 -22.10614 -34.94153 -39.32210 97.24536 -0.00000 -3.94262 -0.00000 -15.96260 3.99330 -13.68318 7.12502 -0.00000 -0.00000 9.77233 0.17034 -44.01106
-1.26109 0.88487 -0.16817 6.51640 1.72607 -437.23424 -0.00000 0.00000 -0.00000 14.49525 -51.17816 18.20057 -81.73087 69.55451 102.49551 -0.14073 1.34063 -11.70895 -0.01408 -2.10461 -0.76638 -0.00000 0.00000 -0.00000 -357.83861 -34.14034 -386.03278 17.87084 56.14164 -32.85372 3.34723 -19.51122 13.32215 0.12509 -6.25875 2.28771 0.80554 6.02655 3.04413 -1.71297 5.54032 3.96137 -2.22942 2.52523 1.97800 -2.43259 2.53239 -3.97186 1.57672 -17.60262 -5.70519 1.49850 -5.57148 -2.86517 0.00000 0.00000 0.00000 -93.44557 34.28054 26.89648 35.15073 -32.75115 -85.70572 0.00000 6.11235 -0.00000 10.93517 -6.03900 -28.56933 -7.12502 -0.00000 0.00000 -9.77176 9.50551 1.20223 0.00000 0.00000 0.00000 91.49779 53.14227 -17.92595 -34.86603 -39.75571 98.05120 -0.00000 -11.82930 -0.00000 -14.95735 4.46042 -16.23077 7.12502 -0.00000 -0.00000 10.58841 -0.28115 -46.50365
-1.27406 0.88222 -0.16935 3.10196 4.05063 -431.28805 -0.00000 0.00000 -0.00000 15.57748 -50.34179 12.78094 -65.21180 69.92695 84.90372 -0.46039 -2.71402 -7.59707 -0.04064 -3.57378 -1.30255 -0.00000 0.00000 -0.00000 -357.56496 -30.17015 -390.18649 18.49974 56.67276 -33.60870 3.72601 -15.60989 15.66255 0.24770 -8.78415 3.22416 0.66642 4.14879 3.95080 -2.02997 5.41776 5.21087 -2.32133 3.51416 2.61818 -4.98041 -0.38704 -5.82354 6.59566 -8.55956 -7.58033 3.35363 -2.18847 -3.85384 0.00000 0.00000 -0.00000 -81.71098 31.44744 17.36065 35.00673 -31.45647 -83.52962 0.00000 5.00856 -0.00000 14.86552 -7.70118 -26.78722 -7.12502 -0.00000 0.00000 -6.99136 6.48209 2.36784 0.00000 0.00000 -0.00000 80.57085 48.24640 -13.81540 -35.08723 -38.29440 95.36305 -0.00000 -14.45630 -0.00000 -15.79351 6.16264 -20.78351 7.12502 -0.00000 -0.00000 9.25075 -1.03524 -51.32984
-1.28886 0.88285 -0.16946 0.81404 5.55980 -424.68087 -0.00000 0.00000 -0.00000 12.19019 -48.89260 4.59677 -39.55528 66.62667 57.36902 -0.08527 -6.34183 -1.92347 -0.01225 -1.96346 -0.71494 -0.00000 0.00000 -0.00000 -355.75455 -26.97296 -390.01647 18.33367 56.53470 -33.40979 3.50379 -11.44541 17.20558 0.38950 -10.98196 4.05016 -1.16454 1.77994 4.29870 -2.20220 5.38216 5.73976 -1.24026 4.65405 2.81257 -6.55426 -1.76666 -7.44859 10.41628 -3.38147 -9.79013 4.62242 0.15807 -4.91963 0.00000 0.00000 -0.00000 -71.44193 26.47627 4.87100 34.56519 -28.92576 -79.31702 0.00000 4.05277 -0.00000 20.39665 -10.01277 -25.06077 -7.12502 -0.00000 0.00000 -2.83148 2.53969 3.14213 0.00000 0.00000 -0.00000 71.19379 42.67319 -10.29470 -35.26180 -34.88979 89.35264 -0.00000 -18.74780 -0.00000 -18.95575 8.82380 -24.06627 7.12502 -0.00000 -0.00000 5.43749 -1.00128 -55.40255
-1.30211 0.88420 -0.16786 -2.42700 7.75985 -417.61506 -0.00000 0.00000 -0.00000 9.23002 -44.75078 -4.94652 -19.30826 57.32343 34.57275 0.27533 -5.59050 2.35579 -0.06373 -4.47312 -1.63162 -0.00000 0.00000 -0.00000 -348.85560 -22.06023 -385.20564 15.63325 54.05109 -30.12596 3.78288 -11.18394 18.37946 0.94215 -16.88291 6.34207 -1.52303 0.95770 4.14357 -2.00630 5.71922 5.57308 -0.74189 5.41195 2.70061 -8.45656 -2.25550 -8.60557 14.96217 -1.17380 -11.54366 5.67977 1.41160 -5.73752 -0.00000 0.00000 -0.00000 -64.88935 19.37732 -7.91235 33.63344 -25.48365 -73.60614 0.00000 5.16597 -0.00000 23.41734 -11.17080 -24.10003 -7.12502 -0.00000 0.00000 -0.54724 0.48318 3.55860 -0.00000 0.00000 -0.00000 65.03892 37.27006 -7.08462 -34.76086 -29.90541 80.94331 -0.00000 -21.16760 -0.00000 -19.07111 10.01930 -26.71357 7.12502 -0.00000 -0.00000 4.80205 -1.13575 -58.27578
-1.31319 0.88472 -0.16458 -4.47989 8.90431 -410.74040 -0.00000 0.00000 -0.00000 5.42665 -41.28128 -13.83970 -10.19743 47.15746 23.10810 -0.01784 1.27950 0.99649 -2.66764 -27.44215 -10.89467 -0.00000 0.00000 -0.00000 -342.54326 -18.03207 -378.47716 13.10906 51.23397 -26.95160 4.45285 -12.26017 19.84024 0.66541 -14.27054 5.31179 -1.50973 1.00601 4.02586 -2.34160 6.08891 5.43950 -1.07906 5.80999 2.63898 -10.05757 -2.47324 -9.84631 17.52157 -0.41170 -13.37965 6.59615 2.17288 -6.61378 0.00000 0.00000 -0.00000 -63.91449 12.52590 -18.90798 32.48405 -22.42606 -68.46971 0.00000 9.98854 -0.00000 22.89585 -10.12458 -22.59878 -7.12502 -0.00000 0.00000 -1.22000 1.01197 5.33045 0.00000 0.00000 -0.00000 64.19641 31.81991 -6.98231 -33.84629 -26.15929 74.72986 -0.00000 -20.96320 -0.00000 -17.24927 10.55085 -30.52916 7.12502 -0.00000 -0.00000 5.93829 -1.81426 -61.92889
-1.31814 0.87005 -0.16011 -3.53569 9.11958 -405.48281 -0.00000 0.00000 -0.00000 1.38791 -43.93520 -13.83465 -9.80956 46.52762 22.57640 0.12435 -5.01148 0.71680 -2.43991 -26.36144 -10.39138 -0.00000 0.00000 -0.00000 -341.41080 -18.34515 -373.68061 13.96529 52.25258 -28.04195 6.32549 -16.44886 22.46019 0.80138 -15.61635 5.83905 -2.74826 0.82224 3.74180 -3.00391 6.31298 5.13398 -1.07064 6.10816 2.43566 -8.52677 -2.50250 -10.79762 15.43465 -1.35343 -14.51464 5.71408 1.77923 -7.21709 0.00000 0.00000 -0.00000 -63.95529 12.53735 -23.66372 32.09867 -21.55364 -66.98100 0.00000 6.81297 -0.00000 26.65587 -9.80190 -18.73382 -7.12502 -0.00000 0.00000 1.33600 -0.97362 8.92336 0.00000 0.00000 -0.00000 67.98015 25.53617 -10.09070 -33.83612 -26.12592 74.67442 -0.00000 -18.93550 -0.00000 -17.29762 11.45383 -32.52380 7.12502 -0.00000 -0.00000 5.39833 -1.87377 -64.08625
-1.31678 0.86143 -0.15659 -1.71619 9.55984 -402.37889 -0.00000 0.00000 -0.00000 -2.69061 -46.66497 -15.17645 -9.64895 46.25972 22.35459 0.10236 -9.36373 -0.97736 -1.28517 -19.57936 -7.43817 -0.00000 0.00000 -0.00000 -341.44984 -19.47612 -370.40290 14.61677 52.98253 -28.86180 7.72244 -20.52485 23.63509 1.45323 -20.74902 7.92570 -3.38341 3.17370 3.38196 -3.09788 6.46642 4.52451 -1.03484 4.90207 2.12094 -11.61936 -2.94317 -10.09906 17.44204 -2.92552 -13.35072 6.96075 1.64631 -6.63948 0.00000 0.00000 -0.00000 -61.86936 18.08747 -21.94257 32.28537 -21.96889 -67.69121 0.00000 7.46944 -0.00000 25.76077 -9.53130 -18.93870 -7.12502 -0.00000 0.00000 0.61539 -0.44947 8.85776 0.00000 0.00000 -0.00000 73.84100 19.93818 -13.25163 -34.84729 -30.39680 81.76082 -0.00000 -23.09890 -0.00000 -18.02309 12.69644 -34.03919 7.12502 -0.00000 -0.00000 4.18569 -1.60433 -65.93467
-1.31206 0.85791 -0.15815 0.22204 11.20992 -399.92170 -0.00000 0.00000 -0.00000 -6.49125 -51.16141 -18.11268 -9.67047 46.29587 22.38437 -0.02111 -8.77985 -1.69778 -2.83636 -28.20443 -11.25614 -0.00000 0.00000 -0.00000 -340.82683 -22.36168 -368.69723 15.37590 53.78823 -29.80753 7.28121 -24.04863 21.30890 1.81582 -23.02435 8.89817 -3.78673 6.84499 2.27091 -2.30861 6.73325 2.78877 -0.26405 3.07759 1.24320 -10.03880 -2.76017 -9.43198 14.68601 -6.38089 -12.15534 6.13156 0.17465 -6.12910 0.00000 0.00000 0.00000 -60.33937 25.47290 -16.02953 32.79432 -23.17525 -69.73851 0.00000 11.15450 -0.00000 23.78318 -10.87916 -23.18387 -7.12502 -0.00000 0.00000 -0.39938 0.34112 4.49890 0.00000 0.00000 0.00000 79.68454 17.07217 -12.48197 -35.26164 -35.64877 90.66738 -0.00000 -26.21260 -0.00000 -14.64189 10.13699 -33.96670 7.12502 -0.00000 -0.00000 8.00548 -2.91450 -64.87671
-1.30173 0.85859 -0.16141 3.93815 15.30401 -397.92036 -0.00000 0.00000 -0.00000 -13.69333 -56.83678 -26.77974 -8.87598 44.90808 21.27251 0.17506 -6.27185 0.68363 -1.99105 -24.02547 -9.33716 -0.00000 0.00000 -0.00000 -340.45695 -29.86792 -367.44381 16.67265 55.06369 -31.40171 5.54801 -27.23914 16.96930 1.83749 -23.15125 8.95342 -3.51448 9.73098 1.04000 -0.99439 6.58604 1.00313 0.87080 1.35121 0.36520 -8.49118 -3.04236 -8.87707 11.95025 -11.33038 -11.23329 5.37580 -1.58977 -5.73243 0.00000 0.00000 -0.00000 -62.39902 33.35869 -10.63336 32.61586 -22.73876 -69.00028 0.00000 11.29170 -0.00000 23.04501 -12.09689 -26.22619 -7.12502 -0.00000 0.00000 -0.48316 0.46207 1.27952 0.00000 0.00000 -0.00000 82.85104 16.03427 -7.37535 -34.82584 -39.96848 98.44935 -0.00000 -24.92900 -0.00000 -15.52465 10.88936 -34.21814 7.12502 -0.00000 -0.00000 6.94808 -2.59749 -65.39919
-1.29067 0.86714 -0.16419 10.33772 19.80177 -399.45786 -0.00000 0.00000 -0.00000 -20.34940 -60.77389 -33.78220 -5.88644 38.42782 16.78416 0.33950 -4.38231 5.43583 -1.24663 -19.29876 -7.32236 -0.00000 0.00000 -0.00000 -339.06636 -37.78725 -361.43932 16.50285 54.90342 -31.19437 3.01230 -29.71718 11.62740 2.23906 -25.35296 9.93086 -5.14101 11.59215 0.65953 -0.03226 6.05219 0.25615 2.78350 -0.18522 -0.02341 -7.72397 -3.08818 -8.18585 9.86925 -17.86017 -10.37254 5.06245 -3.77172 -5.33193 -0.00000 0.00000 -0.00000 -66.82831 37.11566 -9.66169 30.54816 -18.52209 -61.68298 0.00000 9.14449 -0.00000 22.74875 -10.21481 -22.92505 -7.12502 -0.00000 0.00000 -1.28709 1.08024 5.00006 -0.00000 0.00000 -0.00000 81.41894 16.46492 0.03516 -34.09744 -42.74483 103.83435 -0.00000 -23.41280 -0.00000 -16.25821 11.86478 -35.18438 7.12502 -0.00000 -0.00000 5.86188 -2.33579 -66.65159
-1.28142 0.87694 -0.16019 17.90851 23.66567 -404.45012 -0.00000 0.00000 -0.00000 -22.37405 -58.46293 -44.28058 -3.38673 30.49743 12.37874 3.54973 -13.04971 19.93873 -0.00634 1.41216 0.51410 -0.00000 0.00000 -0.00000 -336.57786 -43.80859 -354.39241 14.30290 52.63549 -28.46781 0.51789 -32.50988 6.90273 1.74545 -22.60573 8.71670 -6.88352 11.65683 0.95259 -0.32288 4.74545 0.42468 3.41806 -1.60051 0.11366 -5.56769 -0.88599 -7.41860 7.60173 -24.17646 -9.80652 4.56831 -6.40096 -5.11399 0.00000 0.00000 -0.00000 -69.43147 37.47790 -11.27099 26.21735 -12.37312 -49.92310 0.00000 8.99825 -0.00000 20.50550 -7.21116 -18.55368 -7.12502 -0.00000 0.00000 -3.86675 2.69666 10.15895 0.00000 0.00000 -0.00000 77.83899 16.64572 6.05896 -33.55783 -44.17609 106.77606 -0.00000 -24.58400 -0.00000 -16.04643 12.26774 -36.45501 7.12502 -0.00000 -0.00000 5.74694 -2.44317 -67.95605
-1.27359 0.88315 -0.15240 22.73452 26.15728 -409.71240 -0.00000 0.00000 -0.00000 -19.41074 -61.73977 -39.84698 -2.72361 27.69844 11.01558 6.01221 -20.13574 17.64385 -0.34026 -10.27499 -3.78315 -0.00000 0.00000 -0.00000 -333.44094 -46.66936 -350.33803 11.74970 49.46069 -25.18629 0.45631 -34.60733 7.13622 0.67786 -14.39965 5.36208 -6.36511 13.15034 1.76951 -0.96381 3.99428 1.37899 2.27489 -3.28026 0.65311 -5.20615 -1.18155 -7.50619 6.76836 -27.30186 -10.24051 4.53678 -7.41740 -5.30358 -0.00000 0.00000 -0.00000 -69.35100 34.52677 -18.50445 18.92279 -5.86485 -34.17296 0.00000 9.48441 -0.00000 18.39236 -5.98145 -17.40077 -7.12502 -0.00000 0.00000 -5.85183 3.86153 11.69144 -0.00000 0.00000 -0.00000 72.72505 14.09995 12.54092 -33.41390 -44.51009 107.48202 -0.00000 -30.20550 -0.00000 -17.06638 13.79813 -37.84305 7.12502 -0.00000 -0.00000 4.16274 -1.92575 -69.78351
-1.26568 0.88413 -0.14770 25.39988 28.03370 -413.54616 -0.00000 0.00000 -0.00000 -14.90865 -64.90786 -34.63421 -2.63841 27.30686 10.83109 8.25145 -28.35204 14.50828 -0.76384 -15.25818 -5.69803 -0.00000 0.00000 -0.00000 -331.01418 -49.10510 -348.58225 10.77602 48.05464 -23.89150 1.27175 -34.64313 8.64541 0.42794 -11.50165 4.24730 -4.56202 15.61875 2.21877 -2.10422 3.64653 1.95284 -0.14594 -4.93635 0.94890 -5.39651 -2.59377 -7.43020 7.48248 -27.77653 -9.98287 4.72503 -7.30568 -5.24691 0.00000 0.00000 0.00000 -73.86847 19.22501 -26.39615 8.76476 -1.17976 -15.30317 0.00000 19.53710 -0.00000 19.68593 -6.02548 -16.35163 -7.12502 -0.00000 0.00000 -4.90216 3.11584 12.63581 0.00000 0.00000 0.00000 68.23516 8.97533 19.24444 -33.91848 -43.25635 104.87093 -0.00000 -33.23320 -0.00000 -14.06851 12.61054 -41.06255 7.12502 -0.00000 -0.00000 6.65413 -3.44788 -72.27170
-1.25992 0.87717 -0.14918 28.33746 30.49885 -414.61634 -0.00000 0.00000 -0.00000 -17.90588 -69.64877 -38.27795 -2.69551 27.57021 10.95501 9.00218 -28.04759 16.69453 -1.38698 -20.29789 -7.73673 -0.00000 0.00000 -0.00000 -329.17090 -55.48664 -346.77778 12.85661 50.91983 -26.62711 2.64370 -32.83516 11.01960 0.36926 -10.69736 3.94251 -3.58198 15.85774 1.15564 -2.54268 3.43618 0.67633 -0.89947 -5.23809 0.32279 -6.37949 -1.70327 -6.88003 9.64002 -28.42243 -8.83594 5.57697 -7.59042 -4.81832 0.00000 0.00000 -0.00000 -81.09353 1.19521 -36.48602 -1.55038 -0.03635 2.68599 0.00000 28.37510 -0.00000 23.54975 -3.12926 -7.13901 -7.12502 -0.00000 0.00000 -2.51052 1.05637 22.19405 0.00000 0.00000 -0.00000 61.93341 5.38233 28.10510 -34.70730 -40.54036 99.52882 -0.00000 -38.72030 -0.00000 -14.29321 12.81504 -41.04299 7.12502 -0.00000 -0.00000 6.39426 -3.31998 -72.32840
-1.25413 0.87125 -0.14613 31.13232 28.68593 -418.33569 -0.00000 0.00000 -0.00000 -23.42711 -73.49911 -41.38412 -3.74839 31.86729 13.07718 5.79055 -23.30845 12.74467 -0.72130 -14.84034 -5.53417 -0.00000 0.00000 -0.00000 -331.72402 -61.67524 -347.30866 17.92701 56.19001 -32.92135 5.17498 -26.14422 16.37597 0.19845 -7.87085 2.88413 -5.62615 16.89604 0.43483 -4.37082 3.96715 -0.82387 -1.45265 -5.21466 -0.41235 -6.65511 -3.37987 -5.65186 11.15784 -26.26987 -6.68442 5.60865 -6.71320 -3.86935 0.00000 0.00000 -0.00000 -83.70699 -7.99500 -32.13231 3.85241 -0.22500 -6.68269 0.00000 27.78160 -0.00000 17.19538 0.61963 2.00142 -7.12502 -0.00000 0.00000 -8.80433 2.04288 32.03889 0.00000 0.00000 -0.00000 57.56765 4.09316 40.12795 -35.22747 -36.66386 92.44648 -0.00000 -42.36600 -0.00000 -15.91497 14.14896 -40.60569 7.12502 -0.00000 -0.00000 4.62152 -2.40277 -72.41253
-1.24803 0.86743 -0.14416 26.72896 24.92931 -418.46791 -0.00000 0.00000 -0.00000 -22.44381 -75.86879 -34.16702 -6.55000 40.07678 17.83275 0.93008 -15.39655 1.14017 -2.86516 -28.33151 -11.31694 -0.00000 0.00000 -0.00000 -338.67821 -62.92166 -354.71359 27.90921 62.55534 -44.49381 4.99120 -15.79299 19.26383 0.27904 -9.31702 3.42337 -6.41177 26.15560 0.45116 -5.35750 5.22113 -2.00550 -2.08196 -8.70921 -0.96693 -5.82840 -3.66844 -4.66315 9.57372 -25.41726 -5.56361 4.75388 -6.60842 -3.25205 0.00000 0.00000 0.00000 -79.73505 -7.52486 -30.96567 5.85043 -0.52099 -10.16894 0.00000 19.78050 -0.00000 19.56995 -2.38941 -6.68889 -7.12502 -0.00000 0.00000 -6.13223 2.49921 22.90939 0.00000 0.00000 0.00000 54.69951 1.33676 49.35753 -35.11735 -32.40078 85.11487 -0.00000 -41.91290 -0.00000 -16.45899 14.45917 -40.20317 7.12502 -0.00000 -0.00000 4.11486 -2.11513 -72.15881
-1.23850 0.84802 -0.14243 17.70990 21.71593 -416.85044 -0.00000 0.00000 -0.00000 -18.96952 -74.75147 -31.33899 -15.59369 54.01102 30.07708 -1.71420 -7.33428 -12.54703 -1.55200 -21.39956 -8.20036 -0.00000 0.00000 -0.00000 -346.91524 -62.60433 -365.31355 50.25244 68.69140 -68.92677 2.63344 -5.57013 19.09466 0.11012 -5.87428 2.14609 -5.16961 38.52221 0.96914 -4.97715 5.95614 -2.16874 -2.50295 -12.36432 -1.04119 -5.77977 -3.07866 -4.22684 7.98970 -24.97597 -5.27854 4.20141 -6.66053 -2.98243 0.00000 0.00000 0.00000 -74.40835 -1.49063 -32.24355 6.15723 -0.57750 -10.70631 0.00000 14.77590 -0.00000 22.22655 -4.43555 -10.71699 -7.12502 -0.00000 0.00000 -3.38681 1.69765 18.40759 0.00000 0.00000 0.00000 50.47460 -1.47024 53.48837 -34.85883 -30.46599 81.87605 -0.00000 -44.99570 -0.00000 -17.00582 15.06332 -40.35592 7.12502 -0.00000 -0.00000 3.42218 -1.78481 -72.51218
-1.22938 0.81913 -0.13426 9.77263 17.29282 -416.07801 -0.00000 0.00000 -0.00000 -18.31338 -73.06490 -28.79406 -40.47479 66.85473 58.36988 -1.79917 -6.00362 -14.22960 -0.83713 -15.94902 -5.97050 -0.00000 0.00000 -0.00000 -360.41995 -61.93490 -378.46100 81.10694 69.60143 -101.82974 1.46313 -0.77254 20.35082 0.19632 -7.82874 2.86849 -3.12278 47.57994 0.70483 -5.15347 7.05635 -2.46993 -3.75283 -13.98981 -1.28619 -6.12805 -4.02128 -3.98317 7.99670 -23.35017 -4.89361 4.10941 -5.99758 -2.74080 0.00000 0.00000 0.00000 -68.15348 6.76466 -32.96605 7.59112 -0.88140 -13.22695 0.00000 2.97418 -0.00000 22.59387 -2.94564 -7.03981 -7.12502 -0.00000 0.00000 -3.37796 1.41055 22.36149 0.00000 0.00000 0.00000 46.73386 -3.82477 55.46609 -34.70934 -29.63184 80.48877 -0.00000 -44.58250 -0.00000 -15.36605 13.38794 -40.11621 7.12502 -0.00000 -0.00000 5.42610 -2.73751 -71.69355
-1.22744 0.77149 -0.12456 4.34527 12.58574 -418.71711 -0.00000 0.00000 -0.00000 -11.86238 -73.20020 -18.48852 -84.35249 69.32670 105.29539 -1.65981 -3.09044 -17.19741 -1.80166 -22.94088 -8.86189 -0.00000 0.00000 -0.00000 -373.06087 -62.98844 -387.71769 106.08371 64.96259 -128.81187 1.79316 -0.45049 23.35409 0.33610 -10.21301 3.75981 -7.60093 54.67259 3.95756 -5.46193 5.94325 -2.06982 -3.59303 -14.78631 -1.07527 -6.32739 -3.49970 -3.07855 8.99978 -23.20154 -3.43620 4.33253 -6.11860 -2.08338 0.00000 0.00000 -0.00000 -66.56822 9.43785 -32.01523 9.33829 -1.34216 -16.32278 0.00000 -8.71671 0.00000 22.12536 -1.83103 -4.49356 -7.12502 -0.00000 0.00000 -3.96695 1.43563 25.13612 0.00000 0.00000 -0.00000 43.75052 -4.44843 55.88987 -34.70148 -29.59121 80.42129 -0.00000 -42.10480 -0.00000 -15.22580 13.04516 -39.66918 7.12502 -0.00000 -0.00000 5.73215 -2.82646 -71.16227
-1.22788 0.70891 -0.11175 2.43293 12.92585 -420.08742 -0.00000 0.00000 -0.00000 -15.54367 -77.15164 -21.69477 -111.09039 63.01199 134.38126 -1.23547 1.71065 -25.40851 -0.05100 -4.00267 -1.45938 -0.00000 0.00000 -0.00000 -392.97317 -68.07962 -407.76510 118.80414 58.71561 -143.20216 3.24300 -3.11640 25.69883 0.56489 -13.17639 4.88811 -4.79099 54.00255 2.40707 -5.56629 6.03000 -2.21643 -4.36469 -14.70764 -1.21502 -6.07270 -4.43134 -2.42878 9.42741 -21.87530 -2.42152 4.25375 -5.61841 -1.60177 0.00000 0.00000 -0.00000 -67.83729 9.77369 -29.25658 11.38040 -2.01153 -19.98485 0.00000 -17.52560 0.00000 24.54563 -2.53060 -5.52223 -7.12502 -0.00000 0.00000 -1.70974 0.65964 23.90894 0.00000 0.00000 -0.00000 42.10238 -4.20082 55.14153 -34.86860 -30.52535 81.97493 -0.00000 -42.24260 -0.00000 -14.08220 12.36120 -40.47698 7.12502 -0.00000 -0.00000 6.82287 -3.44189 -71.64636
-1.23159 0.63979 -0.09817 0.35317 13.04044 -422.26841 -0.00000 0.00000 -0.00000 -0.11111 -80.33480 -6.44287 -123.24069 55.14473 148.49264 -6.87061 -14.12332 -25.40953 -0.88362 -16.36999 -6.13752 -0.00000 0.00000 -0.00000 -410.68429 -71.41939 -426.85631 124.02490 54.39262 -149.45267 4.80934 -6.02641 27.42437 1.48417 -20.95553 8.01261 -5.31416 53.73977 2.87191 -4.80717 6.08315 -1.84007 -3.52553 -14.52830 -1.08510 -6.92534 -5.65960 -1.88359 9.67907 -21.45748 -1.60136 4.38487 -5.33887 -1.12880 0.00000 0.00000 -0.00000 -72.95513 5.13261 -28.76032 11.51655 -2.06135 -20.23098 0.00000 -15.72390 0.00000 27.46488 -4.81008 -9.16409 -7.12502 -0.00000 0.00000 1.12196 -0.53183 19.64111 0.00000 0.00000 -0.00000 40.09592 -3.67106 54.59841 -35.06129 -31.89049 84.25702 -0.00000 -42.45630 -0.00000 -14.04342 12.54040 -40.95961 7.12502 -0.00000 -0.00000 6.71655 -3.46272 -72.15215
-1.23747 0.57457 -0.08881 -2.69816 10.11018 -423.72863 -0.00000 0.00000 -0.00000 36.25467 -79.73408 30.70840 -130.23967 46.44595 157.49149 -10.13580 -18.04060 -30.18639 -1.28959 -19.61123 -7.45135 -0.00000 0.00000 -0.00000 -419.65311 -72.69483 -435.44008 125.93261 52.36945 -151.82903 7.54330 -9.90677 30.98397 0.23545 -8.56636 3.14292 -11.03737 57.72864 6.64052 -4.33258 5.53367 -1.51197 -2.07193 -15.38870 -0.89726 -5.68896 -6.00495 -1.51399 8.59254 -22.79871 -1.27824 3.82844 -5.77230 -1.03583 0.00000 0.00000 -0.00000 -76.23893 3.19477 -27.94410 12.46624 -2.42740 -21.95559 0.00000 -14.47740 0.00000 32.19802 -6.72805 -10.53973 -7.12502 -0.00000 0.00000 5.35723 -2.79317 17.54100 0.00000 0.00000 -0.00000 39.95186 -4.14467 52.57653 -35.21776 -33.66240 87.25041 -0.00000 -42.74680 -0.00000 -13.69279 12.72917 -42.12546 7.12502 -0.00000 -0.00000 6.75792 -3.65587 -73.28468
-1.24281 0.51339 -0.08172 -6.28575 6.74797 -425.70899 -0.00000 0.00000 -0.00000 82.94042 -67.64878 76.85671 -134.52056 37.34005 163.87861 -11.25601 -11.97594 -37.41045 -0.68824 -14.50630 -5.40366 -0.00000 0.00000 -0.00000 -425.60048 -69.35606 -440.30358 130.32238 46.30786 -157.60574 11.56768 -16.62638 34.06195 0.39652 11.07879 -4.08683 -20.32922 62.26133 13.48061 -3.99237 4.87576 -1.09106 -0.70635 -16.16424 -0.67372 -5.52265 -4.72233 -1.68437 9.53816 -26.69174 -1.40974 4.26852 -7.23570 -1.32959 -0.00000 0.00000 0.00000 -76.91154 3.28704 -28.85533 14.07101 -3.12208 -24.90429 0.00000 -17.70160 0.00000 30.81999 -6.89319 -11.37459 -7.12502 -0.00000 0.00000 4.20273 -2.26449 16.73270 -0.00000 0.00000 0.00000 40.85157 -4.29546 50.35560 -35.24887 -36.17466 91.58593 -0.00000 -43.14080 -0.00000 -12.69723 13.03811 -45.03687 7.12502 -0.00000 -0.00000 6.97744 -4.22693 -76.05869
-1.24810 0.45478 -0.07272 -10.21121 5.03940 -427.34076 -0.00000 0.00000 -0.00000 98.25065 -32.32112 83.06452 -136.89223 29.36967 168.18028 -28.10232 -14.05494 -59.67884 -1.47732 -20.91002 -7.99344 -0.00000 0.00000 -0.00000 -434.44201 -57.02633 -448.03615 134.07815 38.51958 -163.15892 13.87541 -22.15414 34.71419 0.69887 14.61473 -5.44597 -23.71381 66.12088 17.72707 -4.43162 4.31981 -0.40433 -1.99319 -16.89913 -0.48426 -5.19325 -1.34978 -2.70046 9.59095 -32.63765 -3.05631 4.84470 -9.81971 -2.35945 0.00000 0.00000 0.00000 -77.62299 9.85363 -25.07076 16.11950 -4.15595 -28.74351 0.00000 -22.59860 0.00000 47.42979 -21.28035 -18.43760 -7.12502 -0.00000 0.00000 17.27007 -16.14897 3.18302 0.00000 0.00000 0.00000 42.51456 -4.17709 46.30320 -35.01858 -38.81915 96.31951 -0.00000 -41.95400 -0.00000 -11.14524 12.53129 -47.76039 7.12502 -0.00000 -0.00000 7.93293 -5.26940 -78.38747
-1.26186 0.37294 -0.06253 12.02017 13.00364 -430.91341 -0.00000 0.00000 -0.00000 130.99423 -2.69658 111.91906 -139.20731 15.53427 174.19331 -24.04955 -1.63720 -66.22629 -1.42331 -20.54676 -7.84083 -0.00000 0.00000 -0.00000 -502.62489 -43.69294 -514.70759 137.53363 26.49027 -169.54917 7.91450 -15.99938 26.65139 0.00691 -1.47444 0.53678 -5.93584 29.14153 2.99287 -5.30701 7.99383 0.89528 -3.46431 -7.06086 0.19623 -5.82714 -0.34117 -4.31156 4.91798 -35.06204 -7.11886 4.28859 -10.78324 -3.64648 -0.00000 0.00000 0.00000 -84.76434 11.95035 -18.96183 18.66506 -5.69242 -33.66371 0.00000 -16.19140 0.00000 47.92428 -15.77204 -13.78741 -7.12502 -0.00000 0.00000 18.22656 -13.31624 10.02928 -0.00000 0.00000 0.00000 42.11188 -1.87924 42.98719 -34.63664 -40.84976 100.11875 -0.00000 -36.43770 -0.00000 -7.87149 9.57443 -50.26625 7.12502 -0.00000 -0.00000 11.23036 -7.89594 -79.67807
-1.26747 0.37833 -0.05703 10.91210 11.39083 -432.45180 -0.00000 0.00000 -0.00000 125.39647 0.46369 104.91153 -139.17670 15.82125 174.08004 -29.81380 -0.23143 -71.90046 -0.44063 -11.66789 -4.31053 -0.00000 0.00000 -0.00000 -507.25844 -49.25571 -515.68532 137.48149 26.74158 -169.43278 8.68142 -19.20297 26.40472 0.45786 -11.88939 4.39489 -6.25743 28.34240 3.34323 -4.80727 8.06924 1.39073 -2.81958 -6.59954 0.42657 -4.72749 0.51863 -4.46032 1.79067 -36.93429 -8.54701 3.45618 -11.84311 -4.04889 -0.00000 0.00000 0.00000 -81.02917 14.69955 -20.86466 15.66362 -3.91097 -27.88088 0.00000 -19.63300 0.00000 45.57791 -11.80299 -11.33537 -7.12502 -0.00000 0.00000 16.64396 -10.24915 14.23963 -0.00000 0.00000 0.00000 42.43232 7.86006 45.03369 -34.42829 -41.66279 101.69031 -0.00000 -28.04130 -0.00000 -5.09720 6.28092 -50.80905 7.12502 -0.00000 -0.00000 14.70952 -10.18887 -78.97296
-1.26784 0.42017 -0.05111 9.96400 9.29468 -432.52474 -0.00000 0.00000 -0.00000 114.74964 -12.47186 107.92471 -138.43963 21.45360 171.77671 -25.15383 -7.90509 -61.40039 -1.21994 -19.10153 -7.24122 -0.00000 0.00000 -0.00000 -510.88632 -60.79624 -516.75728 136.37975 31.39301 -167.16715 8.33135 -21.19557 24.63724 0.31867 -9.94829 3.66020 -4.77531 29.81732 2.61583 -4.87549 7.98565 0.72443 -3.55714 -7.38985 0.10251 -3.70226 1.17548 -5.07460 1.37992 -39.06474 -9.93751 3.64104 -12.88771 -4.75352 0.00000 0.00000 -0.00000 -86.30346 -2.75547 -26.72671 11.14231 -1.92601 -19.55508 0.00000 -9.35843 0.00000 20.27980 -1.41598 -3.82596 -7.12502 -0.00000 0.00000 -5.69178 1.97635 25.91346 0.00000 0.00000 -0.00000 43.85406 19.17315 47.78230 -34.94818 -39.28143 97.17013 -0.00000 -17.35310 -0.00000 -0.13528 0.14814 -47.59683 7.12502 -0.00000 -0.00000 22.16101 -12.73389 -73.42149
-1.26711 0.48228 -0.04344 7.89564 6.88019 -428.39501 -0.00000 0.00000 -0.00000 119.85712 -54.99437 121.90926 -136.78299 29.81926 167.95908 -5.23013 -0.84123 -37.68482 -0.98262 -17.22731 -6.48008 -0.00000 0.00000 -0.00000 -502.75601 -73.69463 -505.65795 134.21985 38.14970 -163.38739 5.68480 -25.82449 17.50693 1.80051 -22.93411 8.85895 0.02870 33.67005 -0.69595 -4.80393 7.73197 -2.11139 -4.57182 -8.87702 -1.22881 -5.25449 0.18571 -5.08663 3.99134 -38.00849 -9.08036 4.54714 -12.03059 -4.53677 -0.00000 0.00000 -0.00000 -89.98516 -15.64484 -39.36477 1.54223 -0.03597 -2.67187 0.00000 16.12790 -0.00000 25.72141 1.88657 3.90948 -7.12502 -0.00000 0.00000 -0.73960 0.13950 34.31960 -0.00000 0.00000 -0.00000 46.25795 28.78603 49.81050 -35.24913 -34.35139 88.42713 -0.00000 -14.17150 -0.00000 1.67202 -1.72082 -45.81169 7.12502 -0.00000 -0.00000 24.88054 -13.01636 -70.90337
-1.27013 0.54183 -0.04209 9.01925 6.71079 -427.42734 -0.00000 0.00000 -0.00000 188.37775 -78.17763 189.49125 -134.53040 37.31297 163.89484 -0.76148 0.94048 -18.92775 -0.46611 -11.99395 -4.43477 -0.00000 0.00000 -0.00000 -581.55169 -82.70734 -581.37257 130.96264 45.19919 -158.49948 0.64196 -26.44166 6.26193 3.26867 -30.02820 12.14446 0.60219 31.13129 -1.38553 -3.49850 7.84116 -2.53647 -3.52427 -8.34958 -1.43193 -6.00665 0.31343 -5.04224 4.63302 -37.97666 -8.89883 4.89874 -11.98036 -4.44170 -0.00000 0.00000 -0.00000 -83.02254 -5.08905 -37.97164 3.28453 -0.16342 -5.69523 0.00000 43.38830 -0.00000 30.00404 3.61884 6.23807 -7.12502 -0.00000 0.00000 3.47912 -0.47881 37.17354 -0.00000 0.00000 -0.00000 47.83213 34.35129 49.87416 -34.23872 -27.55159 77.03950 -0.00000 -9.78199 -0.00000 1.79350 -1.95088 -47.39206 7.12502 -0.00000 -0.00000 24.76639 -13.77298 -72.29542
-1.27392 0.59933 -0.03828 10.91741 7.30326 -426.68713 -0.00000 0.00000 -0.00000 241.09560 -80.13422 244.35121 -131.06866 45.00849 158.64914 -1.10107 -2.69400 -13.78786 -1.28643 -19.58849 -7.44195 -0.00000 0.00000 -0.00000 -636.30180 -76.95880 -634.46801 125.82322 52.49363 -151.69103 -1.98476 -26.60297 -0.02858 1.15749 -18.63011 7.04810 2.12875 27.78506 -1.83630 -2.66824 6.88675 -2.45317 -3.37546 -7.82713 -1.36732 -6.70564 0.52988 -5.59748 4.46107 -36.33185 -9.63062 4.95633 -11.22893 -4.66500 -0.00000 0.00000 0.00000 -71.12182 10.37009 -38.30419 6.42430 -0.62912 -11.17462 0.00000 29.01800 -0.00000 38.00970 -6.68512 -8.47189 -7.12502 -0.00000 0.00000 10.37705 -5.04587 19.34489 -0.00000 0.00000 0.00000 51.94294 37.94297 44.27213 -32.71500 -22.97930 69.40743 -0.00000 1.74983 0.00000 -0.79837 0.79218 -44.77438 7.12502 -0.00000 -0.00000 21.88791 -11.31815 -71.03559
-1.27888 0.65678 -0.03272 12.20570 5.82072 -425.07220 -0.00000 0.00000 -0.00000 283.24861 -78.13258 290.28694 -125.30279 53.07014 151.03750 -0.93778 -2.18063 -13.25245 -0.89010 -16.42773 -6.16048 -0.00000 0.00000 -0.00000 -664.43048 -73.09715 -661.83977 117.48907 59.59238 -141.67049 -3.52517 -26.79651 -3.78953 0.60135 -13.58455 5.04567 1.40886 25.48326 -1.48191 -2.06092 6.32617 -2.08320 -2.44810 -7.24445 -1.15506 -6.76992 0.25633 -6.56163 4.09406 -33.81197 -10.77187 4.75754 -10.07883 -5.16658 -0.00000 0.00000 0.00000 -54.84087 26.86617 -45.65114 10.99317 -1.87345 -19.28627 0.00000 12.92340 -0.00000 35.24808 -8.13601 -11.32454 -7.12502 -0.00000 0.00000 8.02088 -4.44673 16.17972 -0.00000 0.00000 0.00000 58.19887 39.39176 32.27778 -32.46931 -22.39156 68.41107 -0.00000 6.22185 0.00000 -4.87365 4.19196 -40.60603 7.12502 -0.00000 -0.00000 17.74521 -8.02874 -68.57906
-1.28342 0.70803 -0.02396 12.31099 5.43725 -423.50253 -0.00000 0.00000 -0.00000 312.30750 -76.07538 319.76560 -118.46324 58.94977 142.80375 -1.01708 -0.12767 -18.34941 -0.48559 -12.23696 -4.52758 -0.00000 0.00000 -0.00000 -681.97295 -70.61387 -680.98295 106.35946 64.86805 -129.11633 -2.91345 -25.21617 -3.00383 1.83556 -23.14002 8.94852 1.97323 23.79529 -1.47482 -1.37972 6.03231 -1.84778 -2.07948 -6.69635 -1.02889 -5.32871 -1.04756 -7.19053 3.75356 -31.00518 -11.19911 4.06957 -8.86457 -5.54917 -0.00000 0.00000 0.00000 -39.64824 33.36061 -55.05559 15.43998 -3.79397 -27.45952 0.00000 3.06199 -0.00000 32.32924 -8.57307 -13.25388 -7.12502 -0.00000 0.00000 5.61163 -3.34451 14.30016 -0.00000 0.00000 0.00000 63.59043 40.00745 19.59381 -33.00961 -23.72388 70.66280 -0.00000 1.78751 0.00000 -4.46731 3.30651 -36.43650 7.12502 -0.00000 -0.00000 19.06843 -6.97462 -64.35606
-1.28886 0.75343 -0.01448 11.08484 5.21469 -422.28507 -0.00000 0.00000 -0.00000 341.12479 -71.27235 348.19189 -113.21507 62.01116 136.77616 -2.18086 -5.15945 -17.30577 -0.91547 -16.65137 -6.24958 -0.00000 0.00000 -0.00000 -693.40024 -69.90988 -693.85673 97.30455 67.36209 -119.21969 -1.31027 -13.92765 -3.74214 0.50464 -12.46973 4.61665 2.36610 22.19059 -2.13450 -0.33485 6.12095 -2.54640 -0.99601 -5.77294 -1.35433 -6.41529 -0.60468 -6.59647 6.71840 -29.24070 -9.47000 4.85186 -8.19622 -4.91710 0.00000 0.00000 0.00000 -29.96974 33.80823 -59.50492 19.70653 -6.40958 -35.73604 0.00000 0.91195 -0.00000 27.88656 -9.15427 -16.73316 -7.12502 -0.00000 0.00000 2.13765 -1.44374 10.98054 0.00000 0.00000 0.00000 63.14136 43.02189 11.80988 -33.54926 -25.22855 73.18112 -0.00000 -10.66900 -0.00000 -1.18474 0.85078 -35.67770 7.12502 -0.00000 -0.00000 22.99263 -7.73782 -62.60454
-1.29349 0.79135 -0.00124 10.56180 3.84541 -422.58870 -0.00000 0.00000 -0.00000 356.10714 -63.05880 362.84904 -108.86209 63.94442 131.89105 -2.27265 -11.77584 -12.37687 -1.22854 -19.16538 -7.26746 -0.00000 0.00000 -0.00000 -705.13635 -71.53494 -705.32500 89.71111 68.69650 -111.03411 -0.02532 -4.56122 0.46148 0.01050 -1.81772 0.66183 2.24056 20.01680 -2.77930 -0.28789 6.03321 -3.44764 -0.75439 -4.75885 -1.78182 -6.52513 0.10143 -5.87384 8.23767 -26.99362 -7.94742 5.00996 -7.59287 -4.31067 -0.00000 0.00000 -0.00000 -21.09719 33.21468 -61.05495 23.62274 -9.64720 -43.95194 0.00000 0.74926 -0.00000 27.06670 -11.18595 -20.78882 -7.12502 -0.00000 0.00000 1.93470 -1.53958 6.50211 -0.00000 0.00000 -0.00000 60.40038 46.25705 7.60928 -34.00040 -26.68027 75.59479 -0.00000 -16.61340 -0.00000 5.16682 -3.21266 -31.78961 7.12502 -0.00000 -0.00000 30.60975 -7.37313 -57.23848
-1.29817 0.81570 0.01481 10.88807 2.18118 -425.17559 -0.00000 0.00000 -0.00000 361.35693 -52.85868 368.78861 -97.88291 67.23564 119.84663 -2.61590 -12.42610 -13.38739 -0.96020 -17.03757 -6.40397 -0.00000 0.00000 -0.00000 -710.87084 -71.29918 -710.61906 60.56088 69.71351 -79.94900 0.51696 -2.28032 8.82835 0.00789 -1.57560 0.57363 1.36307 17.37483 -2.98438 -0.47449 5.88339 -3.92887 -0.52713 -3.51325 -2.01381 -6.30200 -0.13905 -4.90227 8.13267 -24.99409 -6.48199 4.59402 -7.03962 -3.59889 0.00000 0.00000 0.00000 -14.70202 31.15933 -60.74624 26.59370 -12.81681 -50.83870 0.00000 2.77176 -0.00000 27.64502 -13.05553 -23.32920 -7.12502 -0.00000 0.00000 2.73602 -2.42730 3.45184 0.00000 0.00000 0.00000 56.13158 47.46609 6.64105 -34.41686 -28.26962 78.22936 -0.00000 -14.77530 -0.00000 10.11641 -5.59519 -28.65447 7.12502 -0.00000 -0.00000 36.14550 -6.12972 -53.31702
-1.30625 0.82719 0.03373 10.78622 -0.24288 -428.99634 -0.00000 0.00000 -0.00000 358.76179 -38.99982 370.16866 -64.98963 69.91999 84.66717 -4.14504 -10.79578 -19.93730 -1.45390 -20.75349 -7.92758 -0.00000 0.00000 -0.00000 -712.38915 -67.77310 -711.92458 24.24927 60.64931 -40.33420 1.08703 -4.02779 11.80927 0.31709 9.92391 -3.65104 0.72512 15.86415 -2.91717 -1.06648 5.56596 -3.98162 -0.86723 -3.05798 -2.04011 -6.00940 -0.85330 -3.99857 7.21189 -22.36742 -5.26508 3.92871 -6.22018 -2.92056 -0.00000 0.00000 -0.00000 -10.06688 29.98187 -59.02659 29.03352 -16.07223 -57.20363 0.00000 3.41293 -0.00000 27.19245 -14.28335 -25.65105 -7.12502 -0.00000 0.00000 2.70000 -2.62063 0.88578 -0.00000 0.00000 -0.00000 50.31897 48.32029 8.73399 -34.60019 -29.09014 79.58965 -0.00000 -14.92860 -0.00000 8.90433 -4.34034 -25.78279 7.12502 -0.00000 -0.00000 34.78815 -4.39377 -51.29297
-1.31710 0.83749 0.05278 12.08874 -4.32459 -434.11242 -0.00000 0.00000 -0.00000 350.41521 -24.80568 371.14958 -23.35954 60.12201 39.31080 -4.82669 -14.99678 -19.23244 -0.83489 -15.92836 -5.96232 -0.00000 0.00000 -0.00000 -713.40763 -65.37052 -711.43492 8.66286 44.51599 -20.96958 0.99355 -10.27701 7.25536 0.00195 0.78257 -0.28485 -1.91122 13.30100 -2.09795 -2.28391 4.62011 -3.27957 -0.88359 -2.60589 -1.69522 -5.95807 -1.47772 -3.33859 5.92598 -19.30748 -4.44923 3.27959 -5.26002 -2.38754 0.00000 0.00000 0.00000 -6.67272 30.21366 -57.60775 30.75198 -18.88526 -62.33001 0.00000 3.36732 -0.00000 27.62171 -16.81099 -28.92977 -7.12502 -0.00000 0.00000 3.49757 -3.89994 -3.05598 0.00000 0.00000 0.00000 43.27772 49.30800 13.24647 -34.63059 -29.23640 79.83231 -0.00000 -18.46300 -0.00000 4.49818 -2.12553 -25.24161 7.12502 -0.00000 -0.00000 30.11069 -3.95630 -51.78472
-1.32760 0.83975 0.06745 13.88426 -8.34699 -437.68130 -0.00000 0.00000 -0.00000 341.34014 -11.27584 370.37472 -8.05384 43.34478 20.09182 -9.27493 -16.70952 -29.25332 -0.91867 -16.67939 -6.26076 -0.00000 0.00000 -0.00000 -713.14677 -61.75134 -702.32471 4.08373 33.05596 -13.70193 -2.23581 -17.38912 -5.45507 0.02214 -2.63902 0.96125 -5.23593 9.32119 -1.73794 -3.15038 3.49025 -2.99271 -0.08621 -1.49068 -1.56468 -5.03740 -1.74209 -2.23084 4.26847 -16.03591 -3.02277 2.38335 -4.35728 -1.60189 -0.00000 0.00000 0.00000 -2.86133 30.72553 -58.36565 31.57044 -20.44472 -65.06804 0.00000 1.67518 -0.00000 28.63352 -19.97751 -32.03675 -7.12502 -0.00000 0.00000 4.65292 -6.00023 -7.09610 -0.00000 0.00000 0.00000 35.58408 49.85822 19.60663 -34.66490 -29.40557 80.11307 -0.00000 -19.36380 -0.00000 -2.06853 0.93244 -24.25427 7.12502 -0.00000 -0.00000 23.21859 -3.11784 -52.22582
-1.33888 0.83126 0.07547 14.15664 -13.26651 -439.94459 -0.00000 0.00000 -0.00000 331.67505 -0.97977 369.83734 -3.50819 30.96844 12.61640 -7.80177 -32.02355 -20.46631 -5.44859 -37.25501 -16.07048 -0.00000 0.00000 -0.00000 -716.26078 -62.71749 -701.17461 4.82594 35.45224 -15.02022 -2.66195 -17.33894 -7.27741 0.00018 -0.23553 0.08573 -10.19785 7.02797 -1.67049 -3.98696 2.62072 -3.15156 1.72574 -0.88846 -1.67921 -4.59546 0.98863 -1.41003 4.18838 -15.53867 -1.93420 2.22709 -4.72095 -1.07309 -0.00000 0.00000 -0.00000 1.18382 32.22204 -60.62463 32.10655 -21.57090 -67.01058 0.00000 -2.82271 0.00000 28.22216 -20.54930 -33.18586 -7.12502 -0.00000 0.00000 4.51425 -6.08469 -8.31971 -0.00000 0.00000 -0.00000 30.61374 49.94841 26.50560 -34.68325 -29.49800 80.26651 -0.00000 -17.84850 -0.00000 -7.49148 3.55453 -25.24232 7.12502 -0.00000 -0.00000 17.39554 -2.92414 -54.24827
-1.35429 0.82864 0.08250 13.61297 -11.26062 -440.26046 -0.00000 0.00000 -0.00000 331.11442 4.00698 369.47995 -2.27134 25.51881 10.00602 -4.65412 -37.33616 -14.75413 -4.17972 -33.38313 -13.87712 -0.00000 0.00000 -0.00000 -712.87785 -64.17629 -702.65246 7.87854 42.99281 -19.83559 -1.19230 -15.09963 -2.45043 0.02403 2.74924 -1.00146 -6.84275 5.76271 -2.82534 -3.27010 1.73509 -4.31704 0.70372 -1.17281 -2.19597 -5.14013 2.09086 -0.63192 5.31472 -14.60514 -0.76904 2.56088 -4.66338 -0.52518 0.00000 0.00000 0.00000 1.77403 36.69229 -61.61701 32.55028 -22.58220 -68.73482 0.00000 -5.21101 0.00000 26.69247 -20.59716 -34.98033 -7.12502 -0.00000 0.00000 3.70806 -5.28390 -9.86424 0.00000 0.00000 0.00000 31.69021 50.89086 31.86102 -34.51049 -28.67658 78.90387 -0.00000 -15.70520 -0.00000 -7.99578 3.58300 -23.98470 7.12502 -0.00000 -0.00000 17.00261 -2.50105 -53.12180
-1.37593 0.83883 0.08598 14.75995 -6.62421 -441.60247 -0.00000 0.00000 -0.00000 335.59924 3.80206 367.94834 -2.26645 25.49383 9.99468 -3.86762 -33.23286 -13.30682 -3.67590 -31.60040 -12.93935 -0.00000 0.00000 -0.00000 -700.85260 -66.55208 -695.71665 12.81046 50.86168 -26.56763 1.03442 -8.16010 8.22700 0.00105 0.57502 -0.20930 -2.62219 2.51233 -3.51559 -0.93161 0.86303 -4.77207 0.63241 -0.37820 -2.39401 -4.27712 1.23437 0.34316 2.62597 -13.12263 0.29739 1.63680 -4.59052 0.12672 -0.00000 0.00000 0.00000 -1.34394 43.68328 -62.46065 32.60374 -22.70969 -68.95101 0.00000 -3.61079 0.00000 23.98258 -21.21469 -39.12576 -7.12502 -0.00000 0.00000 2.52513 -4.15382 -13.66561 -0.00000 0.00000 0.00000 36.37631 52.80242 33.98277 -34.24285 -27.56753 77.06590 -0.00000 -17.29100 -0.00000 -8.00650 3.30873 -22.30998 7.12502 -0.00000 -0.00000 17.16035 -2.01314 -51.49012
-1.40044 0.84221 0.07908 14.94778 -5.04716 -442.00864 -0.00000 0.00000 -0.00000 338.87636 1.07760 365.35879 -3.89324 32.38974 13.34954 -3.60265 -26.57225 -12.95651 -4.86802 -35.57955 -15.09265 -0.00000 0.00000 -0.00000 -694.24459 -64.95960 -693.24437 20.63416 58.31872 -36.13919 1.53376 -2.56709 17.23409 0.10444 5.72148 -2.08986 -3.07688 0.79540 -3.95557 0.24111 0.36196 -5.29770 1.98575 0.22990 -2.65783 -3.28993 2.12443 0.95528 1.70116 -13.38213 1.05195 1.07926 -4.86953 0.49515 -0.00000 0.00000 0.00000 -3.82485 53.79451 -64.64215 31.94373 -21.21875 -66.40591 0.00000 -1.30140 0.00000 23.61561 -21.98953 -40.57731 -7.12502 -0.00000 0.00000 2.52441 -4.41736 -15.21272 -0.00000 0.00000 0.00000 49.24282 55.81920 28.81208 -33.76334 -25.89039 74.28293 -0.00000 -16.41630 -0.00000 -10.07463 3.66298 -19.77782 7.12502 -0.00000 -0.00000 15.25134 -1.19003 -49.35587
-1.42572 0.85464 0.07024 14.56218 -5.54706 -441.42319 -0.00000 0.00000 -0.00000 340.30222 -2.62604 361.36012 -7.48743 42.18175 19.25766 -1.93877 -11.66769 -11.07183 -0.75615 -15.18356 -5.66871 -0.00000 0.00000 -0.00000 -694.58649 -60.91939 -696.97543 29.65633 63.33699 -46.45550 0.36323 3.74875 25.48014 2.04387 24.31647 -9.46615 -5.49604 0.99858 -4.47535 0.34692 -0.29446 -6.04120 3.52025 -0.25007 -3.00958 -3.20951 1.54022 1.21299 2.86105 -11.68346 1.58373 1.40707 -4.16108 0.71613 -0.00000 0.00000 0.00000 -10.09341 62.95482 -63.43610 30.07927 -17.71942 -60.23859 0.00000 0.78236 -0.00000 25.93318 -22.79779 -38.54816 -7.12502 -0.00000 0.00000 3.71079 -6.14914 -13.80631 -0.00000 0.00000 0.00000 66.52788 56.86243 18.03926 -32.65721 -22.83853 69.16925 -0.00000 -12.31670 -0.00000 -9.39405 3.41142 -19.78233 7.12502 -0.00000 -0.00000 15.94901 -1.21743 -49.25185
-1.45388 0.86844 0.06633 13.48903 -3.97017 -439.72678 -0.00000 0.00000 -0.00000 342.42188 -7.25803 353.83037 -16.59120 54.98705 31.30230 -0.14092 0.62047 -8.98500 -0.01829 -2.39870 -0.87360 -0.00000 0.00000 -0.00000 -696.60019 -52.46854 -705.18475 24.59205 60.84522 -40.72709 4.17344 -8.04007 22.64756 2.88136 28.40264 -11.35104 -3.60659 0.69666 -5.03156 0.45489 -0.17889 -6.74071 2.54434 -0.09676 -3.36725 -2.91621 0.71079 1.04098 2.93978 -10.78509 1.39223 1.39120 -3.67092 0.61673 0.00000 0.00000 -0.00000 -26.91488 68.64123 -50.84568 27.65215 -14.14234 -53.49924 0.00000 2.90052 -0.00000 23.89471 -19.99427 -37.66070 -7.12502 -0.00000 0.00000 2.21746 -3.40867 -11.92601 0.00000 0.00000 -0.00000 82.87190 51.86736 6.33718 -30.81146 -18.99301 62.52124 -0.00000 -6.95418 -0.00000 -9.87142 3.71918 -20.44371 7.12502 -0.00000 -0.00000 15.40157 -1.37565 -49.98068
-1.48139 0.87971 0.06414 11.12970 -1.66189 -439.83555 -0.00000 0.00000 -0.00000 345.36589 -12.98114 349.75653 -41.05176 66.99232 58.99702 -0.36482 -0.87684 -9.23733 -0.39202 -11.01683 -4.06336 -0.00000 0.00000 -0.00000 -694.94516 -44.26596 -709.51212 17.38918 55.71912 -32.27226 5.23036 -15.56044 20.05760 2.12275 24.74254 -9.65616 0.93437 2.31361 -4.46691 0.27744 -0.22308 -5.92396 0.02485 -1.56770 -2.96441 -3.36754 0.56930 0.55285 3.12009 -10.04506 0.74696 1.56857 -3.37223 0.31852 -0.00000 0.00000 0.00000 -53.84357 68.90023 -26.49134 24.25848 -10.26598 -45.36686 0.00000 8.78584 -0.00000 19.14679 -13.43938 -33.79877 -7.12502 -0.00000 0.00000 -2.01280 2.49418 -6.07612 -0.00000 0.00000 0.00000 91.34757 44.58266 -1.92530 -27.45442 -13.88548 52.99182 -0.00000 -3.12851 -0.00000 -12.65278 4.81070 -20.48414 7.12502 -0.00000 -0.00000 12.53093 -1.22276 -50.48425
-1.49962 0.88617 0.06175 9.70527 0.19231 -442.77054 -0.00000 0.00000 -0.00000 349.65685 -22.90599 350.25070 -88.04205 68.91779 109.24399 -0.39328 -3.26890 -6.23096 -0.09463 -5.44732 -1.98906 -0.00000 0.00000 -0.00000 -690.97804 -39.77603 -707.54568 15.50283 53.91851 -29.96471 4.80870 -13.87008 19.85413 2.12121 24.73430 -9.65247 4.39863 3.96895 -3.03727 0.06835 0.13516 -3.84888 -2.12443 -2.35673 -1.96758 -3.25657 0.66583 0.04084 2.39097 -10.17290 -0.00339 1.35458 -3.40224 -0.03077 0.00000 0.00000 -0.00000 -73.12652 62.16791 -6.53302 20.58659 -7.05933 -37.51927 0.00000 12.23400 -0.00000 18.61303 -9.51484 -26.14268 -7.12502 -0.00000 0.00000 -4.07184 3.76170 2.33590 0.00000 0.00000 -0.00000 91.47147 40.01819 -5.53449 -22.45124 -8.58044 41.41170 -0.00000 -2.31506 -0.00000 -11.51654 5.25213 -24.19261 7.12502 -0.00000 -0.00000 13.26819 -2.14512 -54.01968
-1.52507 0.90995 0.05579 9.14591 -1.09967 -442.66351 -0.00000 0.00000 -0.00000 347.84449 -30.59174 348.36135 -109.70586 63.60440 132.83163 -0.30489 -3.52164 -4.97778 -0.03333 -3.23685 -1.17946 -0.00000 0.00000 -0.00000 -694.74724 -34.02678 -712.98605 10.26445 47.26391 -23.19942 4.49336 -10.29721 21.54533 3.10007 29.33757 -11.80401 2.75810 3.57055 -2.28114 -0.39657 0.84046 -2.95068 -1.80920 -1.29163 -1.48583 -3.38363 0.20019 -0.75920 2.26681 -8.65047 -1.05543 1.36851 -2.76021 -0.53437 0.00000 0.00000 0.00000 -80.40861 53.84227 3.93047 16.31455 -4.26346 -29.11414 0.00000 10.16370 -0.00000 24.54881 -9.30771 -19.49899 -7.12502 -0.00000 0.00000 -0.32086 0.23785 8.45174 0.00000 0.00000 0.00000 89.72576 31.54027 -10.86596 -17.32374 -4.84619 31.04784 -0.00000 4.97080 0.00000 -6.46289 3.42690 -27.81956 7.12502 -0.00000 -0.00000 18.18278 -3.84239 -56.53152
-1.54757 0.93519 0.04538 9.26157 -0.90776 -442.91664 -0.00000 0.00000 -0.00000 347.55549 -37.89151 347.37142 -116.34631 60.29942 140.35025 -0.61748 -2.78530 -9.23942 -0.00755 -1.54105 -0.56104 -0.00000 0.00000 -0.00000 -693.54504 -27.43450 -712.74413 6.39426 39.70261 -17.58990 3.13666 -8.87168 17.81593 2.55505 26.91568 -10.64819 0.65157 2.77462 -1.81597 0.00064 1.64838 -2.42030 -0.31997 0.10900 -1.21198 -4.23319 -0.16418 -1.08576 3.23759 -7.30602 -1.42177 1.82336 -2.23149 -0.71272 0.00000 0.00000 -0.00000 -81.33818 41.63507 11.51687 13.08680 -2.68448 -23.09040 0.00000 11.43540 -0.00000 22.54143 -7.98453 -18.50350 -7.12502 -0.00000 0.00000 -2.14962 1.51196 9.89471 0.00000 0.00000 -0.00000 86.00744 23.54965 -17.29913 -12.84371 -2.58207 22.64508 -0.00000 9.43393 0.00000 -8.85763 5.41572 -31.20063 7.12502 -0.00000 -0.00000 15.04856 -4.26041 -60.44632
-1.56491 0.96127 0.03794 9.05028 0.59728 -442.88389 -0.00000 0.00000 -0.00000 345.02597 -42.47551 344.71892 -115.69234 60.68296 139.59882 -0.84938 -1.93649 -12.86712 -0.25099 -8.84172 -3.24565 -0.00000 0.00000 -0.00000 -692.03465 -23.97106 -712.56357 4.80871 35.39987 -14.99050 0.85696 -1.02136 14.74805 2.46028 26.46070 -10.43717 2.08131 2.77838 -1.75193 -0.14286 3.28051 -2.35234 -1.33768 1.72083 -1.15020 -4.77192 1.01450 -1.14782 4.64703 -8.99139 -1.46637 2.45090 -3.01202 -0.77354 0.00000 0.00000 -0.00000 -77.41320 33.09202 18.69022 11.29624 -1.98107 -19.83285 0.00000 8.34886 -0.00000 17.65440 -5.69587 -17.31965 -7.12502 -0.00000 0.00000 -6.49780 4.26217 11.87455 0.00000 0.00000 -0.00000 82.78633 17.43725 -25.20567 -10.83958 -1.82015 19.00976 -0.00000 13.16260 0.00000 -10.40501 6.83932 -32.96444 7.12502 -0.00000 -0.00000 12.98871 -4.20670 -62.64171
-1.56996 0.98480 0.02866 9.85025 0.91009 -443.78704 -0.00000 0.00000 -0.00000 339.81491 -47.71721 340.87989 -109.65311 63.62611 132.77275 -0.42184 -0.30252 -11.38273 -0.28242 -9.37267 -3.44420 -0.00000 0.00000 -0.00000 -692.01082 -25.14199 -711.37075 4.52956 34.53075 -14.50340 -2.10905 11.58051 11.58804 3.15242 29.55470 -11.91049 1.68205 5.72534 -1.55630 -0.18909 4.95661 -2.12843 -1.12001 1.83106 -1.06527 -4.76978 -0.21048 -1.21485 4.96118 -10.67707 -1.51195 2.58086 -3.36032 -0.82187 0.00000 0.00000 -0.00000 -73.34553 27.84609 24.67582 8.88125 -1.21185 -15.50997 0.00000 5.17084 -0.00000 16.52509 -5.21762 -17.04090 -7.12502 -0.00000 0.00000 -7.51403 4.85560 12.31064 0.00000 0.00000 -0.00000 81.43599 17.62791 -34.82021 -10.87831 -1.83351 19.07945 -0.00000 9.40723 0.00000 -10.65276 6.66096 -31.66079 7.12502 -0.00000 -0.00000 12.97415 -3.88334 -61.38097
-1.57459 0.99884 0.02197 11.31996 -0.13726 -445.35502 -0.00000 0.00000 -0.00000 332.62212 -51.02277 336.77957 -95.76282 67.68064 117.55123 -0.43230 -3.21964 -6.72648 -0.35095 -10.43289 -3.84267 -0.00000 0.00000 -0.00000 -694.39080 -29.13943 -710.47965 4.96293 35.86369 -15.25522 -4.99978 23.64863 9.97822 1.85182 23.23470 -8.98981 0.77287 7.58824 -1.24539 -0.68876 6.96431 -1.85522 -1.14902 2.91129 -0.97932 -5.07465 -0.47369 -1.10432 5.80048 -13.54859 -1.29128 2.70107 -3.87735 -0.79264 0.00000 0.00000 -0.00000 -72.30477 25.56578 32.75330 7.30713 -0.81597 -12.72644 0.00000 8.16449 -0.00000 14.48406 -4.26518 -16.06156 -7.12502 -0.00000 0.00000 -9.43912 5.83230 13.56552 0.00000 0.00000 -0.00000 81.81817 20.33822 -44.51582 -10.50792 -1.70787 18.41375 -0.00000 4.97211 0.00000 -9.00821 4.83392 -27.99299 7.12502 -0.00000 -0.00000 15.40740 -3.44061 -57.28545
-1.57629 1.00620 0.01474 11.87240 0.57502 -447.08207 -0.00000 0.00000 -0.00000 330.70763 -52.67468 335.13201 -69.98791 70.00000 89.98714 -0.26853 -4.58746 -4.00211 -0.38143 -10.86948 -4.00759 -0.00000 0.00000 -0.00000 -693.73269 -34.26645 -707.12472 7.18490 41.52846 -18.80427 -4.32063 16.99857 15.34862 0.18150 -7.52994 2.75763 1.78691 10.90543 -1.18241 -0.84958 9.33576 -1.89436 -1.88713 3.57935 -1.01245 -5.16265 -0.31270 -0.36218 7.18457 -17.66996 -0.13235 3.12098 -5.21969 -0.39737 -0.00000 0.00000 0.00000 -81.90907 31.37299 48.06946 8.21405 -1.03413 -14.32731 0.00000 4.88192 -0.00000 10.20816 -3.42332 -18.34544 -7.12502 -0.00000 0.00000 -12.70263 8.50976 11.71553 -0.00000 0.00000 0.00000 80.51336 18.40371 -52.36358 -10.36781 -1.66159 18.16239 -0.00000 4.60967 0.00000 -6.93563 3.62723 -27.47802 7.12502 -0.00000 -0.00000 17.71676 -3.66218 -56.30665
-1.57906 1.00390 0.00791 13.60657 0.22248 -449.82835 -0.00000 0.00000 -0.00000 329.13721 -54.80452 334.16788 -39.75079 66.67608 57.58198 -0.05964 -2.97515 -1.67205 -0.62128 -13.80198 -5.12984 -0.00000 0.00000 -0.00000 -693.32694 -41.19154 -703.60128 10.19250 47.14960 -23.10137 -1.44281 8.90121 11.34669 1.15876 -18.63981 7.05206 1.29463 13.10724 -0.70571 -1.29327 11.04485 -1.49212 -2.11291 4.25717 -0.88449 -6.48777 1.35893 0.32294 9.03138 -23.00087 1.01435 3.92815 -7.28052 -0.06518 -0.00000 0.00000 -0.00000 -101.91128 35.08099 68.99141 9.99535 -1.54184 -17.49539 0.00000 -1.85127 0.00000 6.60444 -2.53199 -20.88448 -7.12502 -0.00000 0.00000 -15.22717 11.16328 9.57753 -0.00000 0.00000 -0.00000 81.14188 17.09486 -60.39622 -10.13908 -1.58748 17.75258 -0.00000 2.13155 0.00000 -5.96645 3.61651 -31.11297 7.12502 -0.00000 -0.00000 18.26331 -4.93481 -59.61000
-1.58372 0.99605 0.00104 16.54961 -0.64402 -452.40118 -0.00000 0.00000 -0.00000 327.73626 -56.65692 332.87017 -19.47580 57.45396 34.77164 -0.02620 1.70309 1.16365 -0.49228 -12.31930 -4.55907 -0.00000 0.00000 -0.00000 -692.68387 -49.75228 -700.45363 13.00497 51.10524 -26.81798 -0.90747 6.54712 11.08159 0.86121 -16.16863 6.05753 -0.16542 13.44608 -0.24962 -1.58520 12.26809 -1.17573 -1.66272 5.44679 -0.85426 -5.74984 -0.58788 0.35428 7.97622 -23.90148 0.90105 3.47901 -7.22860 -0.13601 0.00000 0.00000 0.00000 -116.55404 29.97554 82.85237 11.68979 -2.12569 -20.54456 0.00000 -4.66683 0.00000 4.61175 -1.86049 -21.92388 -7.12502 -0.00000 0.00000 -16.66050 12.66774 8.76642 0.00000 0.00000 0.00000 82.30660 16.55339 -67.94738 -9.55258 -1.40567 16.70467 -0.00000 4.57293 0.00000 -3.16098 1.99868 -32.27355 7.12502 -0.00000 -0.00000 21.21968 -5.96289 -59.97904
-1.58990 0.98283 -0.00604 18.97416 -0.98686 -454.67521 -0.00000 0.00000 -0.00000 328.00240 -58.24794 332.69344 -10.35760 47.41075 23.32610 -0.12729 2.59535 3.01705 -0.96487 -17.07725 -6.41988 -0.00000 0.00000 -0.00000 -690.95704 -57.15445 -697.68412 14.51779 52.87400 -28.73775 -1.01774 7.41330 9.80377 0.04755 -3.86506 1.40905 -0.79158 14.22897 0.54930 -2.18073 12.84954 -0.28806 -1.97190 5.70020 -0.47042 -3.10821 -2.93643 0.14650 5.36685 -23.18845 0.21557 2.22685 -6.56056 -0.47353 -0.00000 0.00000 -0.00000 -123.59502 23.34981 90.53887 13.06000 -2.67308 -23.04125 0.00000 -6.80537 0.00000 -4.09901 1.94674 -25.36223 -7.12502 -0.00000 0.00000 -22.88848 19.82730 6.22103 -0.00000 0.00000 -0.00000 88.37181 14.89592 -76.53385 -9.28625 -1.32697 16.23011 -0.00000 4.58643 0.00000 1.17573 -0.66045 -29.32032 7.12502 -0.00000 -0.00000 26.33667 -5.58760 -56.12752
-1.59518 0.96234 -0.01158 20.80662 -1.26288 -456.50099 -0.00000 0.00000 -0.00000 329.25352 -62.32511 335.97418 -7.42387 42.04642 19.16287 -0.07927 2.86497 2.05058 -3.01816 -28.99281 -11.63594 -0.00000 0.00000 -0.00000 -689.79457 -63.67802 -695.96160 14.78806 53.16842 -29.07607 -1.12353 7.82277 10.17374 0.02441 2.77052 -1.00923 -0.67833 15.17030 1.14741 -3.05387 13.68195 0.35573 -3.01173 6.17566 -0.14864 -1.04739 -4.48701 0.22101 4.72654 -23.63030 0.17672 1.66043 -6.44676 -0.66427 -0.00000 0.00000 -0.00000 -127.36628 17.96667 94.53082 14.48230 -3.31606 -25.66781 0.00000 -5.77026 0.00000 -9.83908 4.73914 -25.47205 -7.12502 -0.00000 0.00000 -27.36007 24.35126 6.45136 -0.00000 0.00000 -0.00000 96.60036 12.26246 -82.82646 -9.52614 -1.39775 16.65751 -0.00000 2.28407 0.00000 4.39315 -2.19611 -26.50966 7.12502 -0.00000 -0.00000 29.96753 -4.58927 -52.90029
-1.60026 0.92742 -0.01859 22.91703 -1.33415 -457.01386 -0.00000 0.00000 -0.00000 327.35558 -67.26729 336.78411 -8.11654 43.46900 20.18306 -0.34147 3.03623 5.81549 -3.25143 -29.95875 -12.10999 -0.00000 0.00000 -0.00000 -685.80106 -69.74339 -689.82217 15.27281 53.68151 -29.67967 -0.57614 5.09660 9.66148 0.14007 6.62074 -2.42125 -0.51839 16.47839 1.12511 -2.80180 13.80057 0.24981 -2.85772 5.61530 -0.21724 -1.10459 -4.04173 0.12771 3.06712 -25.19942 -0.33622 1.21992 -7.03321 -0.84787 -0.00000 0.00000 -0.00000 -131.84825 13.83874 97.99870 16.71639 -4.49013 -29.88083 0.00000 -6.42571 0.00000 -17.48692 9.17341 -26.84070 -7.12502 -0.00000 0.00000 -32.32926 32.01690 5.04718 -0.00000 0.00000 -0.00000 99.76578 8.79553 -85.36118 -9.53457 -1.40027 16.67254 -0.00000 2.63233 0.00000 7.01333 -2.81977 -21.79587 7.12502 -0.00000 -0.00000 32.74118 -2.17124 -48.37201
-1.60476 0.88342 -0.02627 25.73244 -2.23568 -457.14408 -0.00000 0.00000 -0.00000 317.76944 -71.92632 328.57195 -11.74342 49.45201 25.17803 0.15039 -7.56039 -0.08445 -1.83143 -23.11588 -8.93801 -0.00000 0.00000 -0.00000 -674.27430 -76.09604 -674.46885 16.11332 54.52829 -30.71719 -0.46919 4.82267 7.52918 0.25895 8.97922 -3.29701 -1.09752 18.20101 1.01893 -2.55576 13.20980 0.01102 -2.27996 4.04136 -0.37909 -2.54090 -2.50330 -0.20660 4.15094 -27.25538 -0.69493 1.91337 -7.97052 -1.05354 -0.00000 0.00000 0.00000 -136.80934 14.55304 97.45670 17.68760 -5.06747 -31.75200 0.00000 -9.30555 0.00000 -19.26000 9.87231 -26.13677 -7.12502 -0.00000 0.00000 -33.78927 33.26916 5.65577 -0.00000 0.00000 0.00000 99.08403 6.11366 -82.39467 -9.21895 -1.30746 16.11033 -0.00000 4.34380 0.00000 3.75869 -1.36427 -19.92103 7.12502 -0.00000 -0.00000 29.38773 -1.30484 -47.31542
-1.60834 0.83775 -0.03344 28.67643 -1.84099 -456.71845 -0.00000 0.00000 -0.00000 287.61417 -79.06658 296.79822 -20.21957 58.01658 35.65121 0.06082 -12.15584 -1.84283 -0.59002 -13.45912 -4.99719 -0.00000 0.00000 -0.00000 -649.09981 -80.15590 -646.33904 17.44467 55.76852 -32.33940 -0.65237 6.30540 6.89030 0.53392 12.81841 -4.75039 -0.77836 20.80619 0.37586 -1.37560 12.41257 -0.78402 -1.12452 1.82846 -0.78120 -3.36487 -1.76933 0.39870 3.60990 -27.74990 0.00333 1.80797 -8.30306 -0.59584 0.00000 0.00000 0.00000 -137.78811 19.70771 90.42520 17.59472 -5.01041 -31.57188 0.00000 -6.29263 0.00000 -16.24315 8.37186 -26.55330 -7.12502 -0.00000 0.00000 -31.62034 30.61580 5.40372 0.00000 0.00000 0.00000 95.55302 4.66790 -74.89834 -9.65266 -1.43586 16.88318 -0.00000 2.95605 0.00000 -3.08582 0.89317 -16.12724 7.12502 -0.00000 -0.00000 22.51004 0.05390 -44.86993
-1.61900 0.77890 -0.04323 31.58856 -0.26988 -456.40934 -0.00000 0.00000 -0.00000 230.47276 -77.45608 233.83432 -41.86769 67.17990 59.88285 -0.88824 -13.03161 -6.29627 -0.72115 -14.83894 -5.53362 -0.00000 0.00000 -0.00000 -608.14592 -79.28084 -602.85290 23.88684 60.43785 -39.91797 -1.87117 11.70461 9.50090 0.14494 6.73418 -2.46315 0.30771 23.18611 -0.30347 0.28836 11.66400 -1.38232 0.20525 -0.14491 -1.06705 -4.46465 -1.33609 0.86075 3.15404 -28.30054 0.45528 1.80998 -8.60116 -0.24134 0.00000 0.00000 0.00000 -135.55223 28.07826 78.55910 17.48967 -4.94635 -31.36848 0.00000 -4.72167 0.00000 -8.91432 4.45138 -26.32704 -7.12502 -0.00000 0.00000 -26.35752 24.04227 5.57115 0.00000 0.00000 0.00000 91.12979 2.88794 -63.19493 -10.51058 -1.70875 18.41852 -0.00000 0.56995 0.00000 -10.98905 2.80693 -14.15424 7.12502 -0.00000 -0.00000 14.69263 0.28322 -43.92001
-1.63040 0.72439 -0.05036 29.71255 -0.06644 -454.99056 -0.00000 0.00000 -0.00000 217.87646 -72.08380 218.19106 -72.70577 69.97672 92.87956 -1.56237 -12.28080 -9.29145 -0.61087 -13.68892 -5.08605 -0.00000 0.00000 -0.00000 -587.78196 -79.51726 -581.49242 39.93871 66.72310 -57.78658 0.15689 2.28612 16.15299 0.01236 -1.97220 0.71813 1.05971 29.18491 -1.48491 1.19823 11.14125 -2.65257 1.28724 -3.50560 -1.70880 -5.29499 -0.50617 1.64415 3.39890 -29.55489 1.50746 1.89890 -9.25503 0.28692 0.00000 0.00000 0.00000 -126.01118 34.73206 59.44485 16.24481 -4.22484 -28.98152 0.00000 -5.21763 0.00000 1.95358 -0.99936 -27.08186 -7.12502 -0.00000 0.00000 -17.49180 15.92642 3.95298 0.00000 0.00000 0.00000 88.38620 1.25665 -48.78427 -10.68105 -1.76600 18.72469 -0.00000 -4.03486 -0.00000 -18.31680 4.85320 -14.33591 7.12502 -0.00000 -0.00000 7.37518 0.00381 -44.97055
-1.63492 0.67199 -0.05667 26.20618 -1.56036 -453.36743 -0.00000 0.00000 -0.00000 218.41337 -68.98702 219.14927 -95.16065 67.79801 116.90056 -2.57765 -15.73809 -11.99939 -0.00029 -0.30032 -0.10931 -0.00000 0.00000 -0.00000 -565.74347 -77.18755 -557.74737 66.96186 69.97065 -86.76667 1.43222 -2.44822 16.72795 0.00881 -1.66546 0.60636 0.46736 36.56835 -2.24988 1.55079 8.86717 -3.54987 2.61750 -8.18493 -2.08450 -4.96838 0.26587 1.93272 2.48721 -30.40736 1.62290 1.51413 -9.71114 0.37465 -0.00000 0.00000 0.00000 -110.06178 34.47626 34.16576 13.25605 -2.75710 -23.40106 0.00000 -4.79189 0.00000 19.47688 -9.99608 -26.14210 -7.12502 -0.00000 0.00000 -3.37037 3.13050 2.16030 -0.00000 0.00000 0.00000 86.19948 -2.44668 -33.39590 -10.13027 -1.58466 17.73680 -0.00000 -5.65154 -0.00000 -20.48166 6.12926 -15.95274 7.12502 -0.00000 -0.00000 5.04182 -0.17416 -46.97333
-1.64322 0.60743 -0.06640 22.27977 -0.15072 -457.25744 -0.00000 0.00000 -0.00000 204.88324 -69.47555 201.32205 -114.26880 61.46907 137.97247 -3.21709 -18.03722 -13.31922 -0.30414 9.72181 3.57512 -0.00000 0.00000 -0.00000 -570.30068 -71.48790 -564.33675 96.34325 67.56381 -118.17893 2.89860 -9.74819 16.13109 0.42059 -11.40429 4.21031 -1.44190 38.77159 0.21975 1.31874 7.60752 -1.22587 2.32894 -10.45501 -0.97849 -5.55258 1.30185 1.84287 3.77848 -30.81482 1.72925 2.04184 -10.07091 0.35790 -0.00000 0.00000 -0.00000 -93.33633 20.81781 5.52969 7.46245 -0.85143 -13.00009 0.00000 2.28952 -0.00000 34.52687 -20.16045 -26.60931 -7.12502 -0.00000 0.00000 8.27247 -9.17886 -2.65202 -0.00000 0.00000 -0.00000 87.26026 -4.59329 -17.60572 -9.56327 -1.40888 16.72372 -0.00000 -6.66330 -0.00000 -19.89363 6.29667 -16.86117 7.12502 -0.00000 -0.00000 5.53371 -0.27737 -47.86059
-1.64689 0.53741 -0.07647 14.01668 -0.60671 -457.09022 -0.00000 0.00000 -0.00000 197.44842 -68.18209 192.61821 -126.09304 52.18538 152.03186 -3.03893 -12.81284 -14.73094 -0.51082 12.54419 4.64518 -0.00000 0.00000 -0.00000 -567.86525 -72.16786 -559.99795 115.54011 60.77015 -139.42430 3.95485 -16.34776 16.03439 1.13603 -18.46475 6.98063 -2.79815 39.18972 1.37457 0.53694 7.16254 -0.44465 1.68453 -11.13632 -0.59309 -4.62939 1.38229 1.48506 2.75121 -29.62680 1.09496 1.61483 -9.60440 0.13340 0.00000 0.00000 -0.00000 -87.70008 6.28537 -16.30657 4.14685 -0.26084 -7.19518 0.00000 14.80970 -0.00000 43.27564 -20.65271 -20.53584 -7.12502 -0.00000 0.00000 14.30424 -13.78006 1.94874 0.00000 0.00000 -0.00000 87.97313 -3.04912 0.01092 -8.23183 -1.03867 14.35878 -0.00000 -0.19308 -0.00000 -15.67724 5.14152 -17.70860 7.12502 -0.00000 -0.00000 9.72372 -0.53624 -48.12619
-1.65039 0.46976 -0.08851 3.40547 0.54186 -454.99577 -0.00000 0.00000 -0.00000 180.66762 -69.25900 174.86009 -131.82022 43.59341 159.72512 -3.30082 -7.72045 -19.59883 -0.29041 9.50262 3.49290 -0.00000 0.00000 -0.00000 -551.58182 -75.77204 -543.63093 126.16975 52.09654 -152.12903 5.56382 -18.89658 19.30822 1.59248 -21.65911 8.31067 -0.46839 38.13762 0.42839 -0.12960 7.43946 -0.75119 0.10770 -10.47025 -0.78090 -0.71581 -2.60509 0.02109 -2.30338 -27.40213 -1.94334 -0.33628 -8.05649 -1.24910 0.00000 0.00000 0.00000 -72.31150 17.93187 -34.05966 8.74435 -1.17419 -15.26696 0.00000 -6.63839 0.00000 38.71537 -21.73874 -24.79926 -7.12502 -0.00000 0.00000 11.09254 -12.13975 -2.00699 0.00000 0.00000 0.00000 85.45236 6.38975 19.54526 -9.70390 -1.45146 16.97464 -0.00000 -12.21080 -0.00000 -14.52296 3.63517 -13.75316 7.12502 -0.00000 -0.00000 11.19978 0.21418 -43.91840
-1.65857 0.40230 -0.10261 -9.58414 0.46118 -450.98323 -0.00000 0.00000 -0.00000 140.50281 -67.65571 135.69345 -134.76802 36.64694 164.28984 -6.11667 -7.03458 -30.34306 -0.02550 2.83163 1.03152 -0.00000 0.00000 -0.00000 -487.29422 -71.26700 -479.57916 132.17822 42.87734 -160.24774 10.65851 -20.24582 29.88971 1.10080 -18.18938 6.86859 0.08889 36.57143 -0.78389 -0.08650 8.13096 -2.06248 0.43952 -9.13489 -1.40708 11.61558 -23.03123 0.88607 -16.04972 -13.92881 -4.01895 -6.95328 -0.97520 -3.30280 -0.00000 0.00000 0.00000 -52.79198 16.89224 -55.11205 10.98212 -1.86959 -19.26636 0.00000 -12.04970 0.00000 44.48438 -24.99332 -23.27672 -7.12502 -0.00000 0.00000 14.80593 -16.88318 -2.69362 -0.00000 0.00000 0.00000 72.80495 15.52730 40.72686 -12.12166 -2.29079 21.32822 -0.00000 -19.14760 -0.00000 -18.38440 5.01419 -14.73407 7.12502 -0.00000 -0.00000 7.27305 -0.05077 -45.39777
-1.67239 0.34267 -0.11697 -20.15510 1.21005 -448.47585 -0.00000 0.00000 -0.00000 116.66456 -41.85028 104.79713 -136.63878 30.39701 167.67161 -16.63407 -10.87096 -47.99694 -0.23449 -8.54905 -3.13647 -0.00000 0.00000 -0.00000 -467.78150 -50.36528 -459.98250 135.32085 35.00135 -165.23427 17.67168 -21.25962 41.41250 0.67989 -14.42061 5.37024 0.74252 31.58966 -0.74125 0.20128 8.85651 -1.64453 0.22981 -7.24264 -1.18313 3.90707 -7.57015 0.47538 -7.53049 -27.92618 -2.88217 -2.78739 -7.48162 -1.86264 -0.00000 0.00000 0.00000 -37.34835 7.75519 -71.25832 15.05509 -3.59743 -26.73703 0.00000 -17.10830 0.00000 45.84827 -26.53875 -23.44952 -7.12502 -0.00000 0.00000 15.53770 -18.49930 -3.77300 -0.00000 0.00000 0.00000 51.81445 15.02711 62.01416 -15.40502 -3.77586 27.39376 -0.00000 -24.91660 -0.00000 -36.09464 6.86112 -9.30563 7.12502 -0.00000 -0.00000 -9.72063 -0.62586 -41.35152
-1.68859 0.30205 -0.12915 -30.46090 -1.15696 -448.00972 -0.00000 0.00000 -0.00000 112.63512 -25.86330 90.14897 -137.49997 26.65289 169.47391 -25.71067 -5.10467 -64.41024 -0.21928 8.26988 3.03248 -0.00000 0.00000 -0.00000 -466.12613 -28.47778 -448.55972 136.84316 29.57291 -168.08055 28.37405 -26.06132 52.97007 1.01229 -17.47471 6.57956 -2.11851 28.45391 0.97642 -0.19167 8.62627 -0.17327 0.75844 -6.03709 -0.43783 -2.57270 -0.03373 1.71998 0.56089 -38.07546 -0.09434 0.76810 -12.69946 -0.58658 -0.00000 0.00000 0.00000 -34.72232 -6.26774 -83.00095 18.32864 -5.47221 -33.00231 0.00000 -9.63513 0.00000 45.52502 -32.41495 -27.75837 -7.12502 -0.00000 0.00000 14.42311 -22.08087 -10.62159 -0.00000 0.00000 0.00000 35.09382 3.10938 74.42906 -19.20765 -6.05925 34.73851 -0.00000 -29.16980 -0.00000 -20.81211 3.24312 -8.46543 7.12502 -0.00000 -0.00000 5.29468 0.55808 -39.00010
-1.70292 0.29498 -0.13716 -38.03822 -3.16944 -447.91167 -0.00000 0.00000 -0.00000 108.24556 -31.64847 80.00291 -137.51339 26.58822 169.50387 -20.67752 -1.70269 -62.99260 -0.11748 6.06641 2.21684 -0.00000 0.00000 -0.00000 -464.43662 -22.27729 -437.53253 137.17640 28.14784 -168.77089 31.65012 -28.04825 55.81401 1.05316 -17.80895 6.71443 -1.83666 25.15968 2.14221 -0.74257 7.16504 1.70725 -0.46065 -6.06229 0.58907 -3.04238 -2.77133 2.56210 0.38372 -39.32030 0.83748 0.62287 -12.74329 -0.05911 0.00000 0.00000 0.00000 -35.91140 -18.66069 -90.17554 22.06207 -8.24580 -40.58512 0.00000 -2.02067 0.00000 47.32988 -30.60487 -25.14095 -7.12502 -0.00000 0.00000 15.84528 -21.80186 -7.61265 0.00000 0.00000 0.00000 26.49070 -11.62139 78.79621 -22.45860 -8.58686 41.42741 -0.00000 -31.07990 -0.00000 -25.48150 2.62848 -5.49644 7.12502 -0.00000 -0.00000 0.91345 0.14355 -36.06974
-1.70937 0.33569 -0.14397 -47.43106 -5.83292 -448.82343 -0.00000 0.00000 -0.00000 66.70132 -54.05855 45.40849 -135.91127 33.07313 166.28892 -5.40134 3.43336 -47.80436 -0.06299 -4.44734 -1.62217 -0.00000 0.00000 -0.00000 -449.26567 -26.55502 -419.34041 135.97866 32.84027 -166.41280 24.25044 -25.10646 48.39454 0.29996 -9.65569 3.55031 0.07811 23.95166 3.51460 -2.53064 5.62226 4.00767 -4.12775 -6.84064 1.74980 -1.97819 -8.70590 3.25615 1.03177 -38.48689 2.10860 0.45854 -11.27893 0.40476 0.00000 0.00000 0.00000 -27.08943 -31.04637 -78.53874 27.56680 -14.03093 -53.27960 0.00000 -1.79168 0.00000 42.76154 -41.94900 -35.86141 -7.12502 -0.00000 0.00000 10.71823 -27.32419 -22.59092 0.00000 0.00000 0.00000 22.21347 -23.16481 78.95581 -25.37857 -11.43133 47.93216 -0.00000 -31.01430 -0.00000 -29.75238 1.11640 -1.95224 7.12502 -0.00000 -0.00000 -3.01991 -0.68542 -32.22417
-1.71316 0.41726 -0.15076 -58.41554 -6.84166 -445.27728 -0.00000 0.00000 -0.00000 9.83939 -41.20656 -3.17456 -131.27944 44.62301 158.94820 0.54675 6.75597 -32.27806 -0.18254 -7.55133 -2.76556 -0.00000 0.00000 -0.00000 -418.28091 -20.88493 -395.54109 131.51898 44.17436 -159.29057 14.92324 -21.72909 36.73609 3.27250 -30.04364 12.15213 3.92420 18.17613 4.14729 -1.79569 2.89709 6.01178 -5.61053 -6.30013 2.78882 -2.46888 -10.15141 4.49662 0.52689 -35.79916 4.21757 0.09183 -9.95202 1.72128 -0.00000 0.00000 -0.00000 -19.95408 -38.36509 -63.16038 29.99660 -17.58235 -59.98981 0.00000 -2.31835 0.00000 35.73825 -48.21434 -46.01882 -7.12502 -0.00000 0.00000 5.74825 -29.02187 -33.27787 -0.00000 0.00000 -0.00000 13.67676 -29.43405 73.79961 -27.20042 -13.56193 52.34731 -0.00000 -26.51880 -0.00000 -32.21521 1.42199 -2.25536 7.12502 -0.00000 -0.00000 -5.35587 -1.17812 -32.63021
-1.72266 0.51174 -0.16320 -67.46214 -3.08797 -437.40508 -0.00000 0.00000 -0.00000 7.60500 -19.86510 -12.58452 -121.23627 56.88907 146.07575 4.15524 12.94302 -27.12707 -0.10244 -5.66661 -2.06968 -0.00000 0.00000 -0.00000 -388.62510 -4.21118 -387.71489 120.21912 57.68803 -144.86691 4.02591 -4.05629 27.43219 0.90309 -16.54273 6.20627 9.26497 5.42844 5.79585 -0.64562 -1.72643 8.38748 -6.75123 -3.34530 3.94972 2.81093 -12.81336 4.58897 -8.90848 -33.69197 2.12149 -3.69421 -8.41082 1.17909 -0.00000 0.00000 -0.00000 -18.14210 -37.45357 -59.09679 30.33395 -18.14992 -61.01580 0.00000 -3.34546 0.00000 43.17187 -43.52720 -36.28283 -7.12502 -0.00000 0.00000 10.40182 -28.63994 -24.04381 -0.00000 0.00000 -0.00000 3.65627 -35.45702 62.88932 -27.64607 -14.13438 53.48357 -0.00000 -23.89270 -0.00000 -36.14450 0.55636 -0.76166 7.12502 -0.00000 -0.00000 -8.97168 -2.27297 -30.89854
-1.70481 0.60565 -0.17508 -70.96668 -12.26330 -431.99325 -0.00000 0.00000 -0.00000 -3.04069 -5.49104 -14.07277 -97.40034 67.34142 119.32349 5.90396 20.56732 -16.54871 -0.01248 -1.98159 -0.72155 -0.00000 0.00000 -0.00000 -383.09982 4.63971 -385.82109 97.00109 67.42690 -118.89098 -4.82014 23.86296 9.25638 1.61704 21.81466 -8.37699 -1.47643 -7.45313 7.78681 -5.19549 -7.35562 9.79355 -4.57821 -2.88279 4.59707 -3.39170 -16.79128 4.49679 -3.17481 -31.31502 4.27064 -0.72262 -7.23472 2.66014 -0.00000 0.00000 0.00000 0.60163 -46.29402 -39.89518 30.19177 -17.90803 -60.57985 0.00000 -16.00090 0.00000 25.23484 -49.26490 -58.11860 -7.12502 -0.00000 0.00000 1.65817 -26.20479 -41.24923 -0.00000 0.00000 0.00000 -2.41979 -43.74704 55.69524 -26.29846 -12.46760 50.11921 -0.00000 -18.17400 -0.00000 -42.02780 2.07323 -2.29858 7.12502 -0.00000 -0.00000 -14.62458 -3.19462 -32.94464
-1.66870 0.69063 -0.18481 -82.22490 -9.61216 -429.51165 -0.00000 0.00000 -0.00000 6.40932 8.17799 -13.09090 -55.03597 69.26625 74.05085 5.19100 32.63442 -4.57031 -0.15551 -6.97380 -2.55171 -0.00000 0.00000 -0.00000 -360.63588 13.27967 -384.91605 58.24077 69.55231 -77.47422 8.72146 30.19154 -22.43313 1.43015 20.59321 -7.86030 1.76271 -16.39689 9.47371 -7.09057 -10.79688 11.27708 -7.37555 -0.92796 4.97543 -7.53952 -19.92107 3.03797 1.64061 -29.37237 4.41477 1.61486 -6.35831 3.14596 0.00000 0.00000 0.00000 -2.46818 -54.92803 -50.20559 27.92847 -14.50893 -54.21713 0.00000 -3.74091 0.00000 4.70961 -48.52422 -83.72512 -7.12502 -0.00000 0.00000 -4.64422 -20.84757 -57.85822 0.00000 0.00000 0.00000 0.00502 -52.15413 57.27644 -23.43274 -9.46788 43.53428 -0.00000 -13.05450 -0.00000 -41.05162 5.80868 -6.62883 7.12502 -0.00000 -0.00000 -14.21186 -1.65387 -38.49859
-1.61411 0.76172 -0.20526 -88.01966 -15.36250 -425.92093 -0.00000 0.00000 -0.00000 4.94300 11.21229 -8.49600 -33.66372 64.87605 50.90928 4.43188 31.47522 -3.55194 -0.40159 -11.14824 -4.11315 -0.00000 0.00000 -0.00000 -357.80716 12.01551 -386.15956 53.01205 69.04561 -71.88523 1.83003 28.76011 -9.13930 0.70129 14.63924 -5.45554 -8.29443 -26.10878 8.52689 -10.88866 -12.32854 11.57950 -5.20084 0.67647 5.00794 -4.66849 -12.31554 6.01385 -8.54620 -37.10068 4.13638 -2.57183 -10.06338 3.97949 -0.00000 0.00000 0.00000 -18.47659 -60.05513 -59.92536 29.06727 -16.12265 -57.29810 0.00000 10.77820 -0.00000 53.16598 -24.67766 -17.36584 -7.12502 -0.00000 0.00000 20.87890 -21.01300 1.76945 -0.00000 0.00000 0.00000 4.97629 -57.73079 58.86902 -22.20771 -8.36993 40.89351 -0.00000 -14.66820 -0.00000 -42.73512 6.43332 -6.91477 7.12502 -0.00000 -0.00000 -15.88913 -1.70495 -39.03295
-1.55280 0.79913 -0.22352 -99.26774 -15.69165 -421.40699 -0.00000 0.00000 -0.00000 13.81970 6.57465 -2.23208 -37.98141 66.21007 55.65178 2.53220 31.48636 0.47057 -0.01096 -1.85721 -0.67622 -0.00000 0.00000 -0.00000 -353.83924 7.45424 -392.18074 64.13628 69.89027 -83.75851 2.68836 30.83150 -11.00624 0.24247 8.69187 -3.18972 -9.16159 -26.36124 7.87391 -12.96385 -12.53891 11.01724 -7.29771 0.81153 4.70960 -5.16617 -10.49473 3.76336 -7.76646 -35.96624 1.71871 -1.85176 -9.96806 3.08295 0.00000 0.00000 -0.00000 -30.61838 -68.37342 -71.31647 26.60442 -12.82964 -50.86499 0.00000 19.06300 -0.00000 51.44662 -27.51115 -20.21027 -7.12502 -0.00000 0.00000 19.10855 -21.91052 -2.12569 0.00000 0.00000 -0.00000 -1.44520 -63.53804 55.61073 -20.64709 -7.10553 37.64301 -0.00000 -15.26080 -0.00000 -45.57111 8.72705 -8.45973 7.12502 -0.00000 -0.00000 -18.91706 -1.22449 -41.43191
-1.50559 0.80854 -0.24435 -115.14634 -16.53048 -416.01274 -0.00000 0.00000 -0.00000 26.04935 0.91641 1.60980 -62.53218 69.82150 82.04991 -2.06958 33.24633 9.97025 -2.88895 28.43590 11.36700 -0.00000 0.00000 -0.00000 -352.76114 2.93419 -400.52101 78.55585 69.76514 -99.10948 1.17179 26.74141 -7.52540 0.00328 -1.01557 0.36968 -8.48449 -19.75224 6.98760 -13.38209 -10.97797 9.44816 -8.76409 -0.38682 4.15197 -3.37060 -9.18675 2.00680 -8.91554 -33.90166 -0.33147 -2.27154 -9.34170 2.09809 -0.00000 0.00000 -0.00000 -33.87075 -73.11676 -70.60869 23.13195 -9.18910 -42.87774 0.00000 21.44910 -0.00000 42.67634 -40.04129 -34.90573 -7.12502 -0.00000 0.00000 11.21672 -25.92677 -20.60263 -0.00000 0.00000 -0.00000 -6.09896 -66.72749 55.09803 -19.11690 -5.99688 34.55803 -0.00000 -11.91360 -0.00000 -44.53076 13.21192 -13.07939 7.12502 -0.00000 -0.00000 -18.77752 0.84412 -47.48113
-1.46538 0.81055 -0.26193 -127.13648 -22.09725 -410.65098 -0.00000 0.00000 -0.00000 29.63112 -5.99409 7.98232 -93.45334 68.11030 115.05860 -4.87721 27.66607 15.53970 -9.70912 46.36059 22.43781 -0.00000 0.00000 -0.00000 -360.00497 -0.90964 -404.83561 79.59143 69.70407 -100.21338 -0.15540 18.14801 -2.69373 0.00706 -1.49076 0.54272 -12.03893 -14.06668 6.47250 -14.16277 -10.07572 8.48486 -8.36536 -2.85279 3.87259 -0.22257 -6.33320 0.88873 -7.78206 -30.73676 -0.81327 -2.40129 -8.59329 1.29381 0.00000 0.00000 0.00000 -4.64790 -57.33974 -41.21633 23.92920 -9.94181 -44.63056 0.00000 18.83030 -0.00000 20.67059 -54.98872 -65.26732 -7.12502 -0.00000 0.00000 -1.99546 -29.74014 -49.01758 0.00000 0.00000 0.00000 -5.17622 -62.18801 58.76215 -17.13432 -4.73338 30.68277 -0.00000 -10.83290 -0.00000 -43.05959 17.66330 -17.98879 7.12502 -0.00000 -0.00000 -18.40740 2.90586 -53.66126
-1.42487 0.81084 -0.27337 -142.90041 -22.72271 -405.92413 -0.00000 0.00000 -0.00000 38.15177 -15.65608 16.16350 -106.40406 64.85263 129.16560 1.26148 29.37191 2.53747 -4.37785 34.04146 14.23411 -0.00000 0.00000 -0.00000 -356.51394 -2.54611 -404.35294 53.56645 69.10924 -72.47877 0.59281 7.69485 -5.66061 0.06787 4.61566 -1.68385 -7.97954 -11.53625 5.60604 -12.72934 -8.57290 7.28460 -8.93597 -2.10381 3.36863 -0.66033 -5.99820 0.17667 -4.81416 -25.38396 -0.46873 -1.35138 -6.78639 0.92035 0.00000 0.00000 -0.00000 -11.14467 -41.59502 -48.04531 26.19476 -12.34692 -49.86861 0.00000 17.09790 -0.00000 7.34351 -54.30983 -80.98365 -7.12502 -0.00000 0.00000 -5.89515 -26.43921 -58.05628 0.00000 0.00000 -0.00000 12.01170 -50.97948 68.91946 -20.18095 -6.75470 36.69345 -0.00000 -11.58790 -0.00000 -26.48114 34.89183 -48.94792 7.12502 -0.00000 -0.00000 -11.78132 10.34394 -85.72488
-1.38182 0.81264 -0.28794 -155.13249 -27.06474 -400.65416 -0.00000 0.00000 -0.00000 39.54834 -22.50604 24.32645 -112.32146 62.44644 135.76624 8.02260 25.54391 -16.90976 -0.26854 9.14215 3.35792 -0.00000 0.00000 -0.00000 -352.54213 1.03799 -395.08407 20.70815 58.37181 -36.22612 -0.46094 -4.36311 -11.32403 0.24039 -8.65490 3.17593 -8.32359 -7.71921 2.89615 -10.81113 -6.55239 3.93802 -6.73309 -2.39586 1.95408 -2.96681 -12.60731 -0.86436 -4.69604 -17.17366 -0.73669 -1.01864 -3.49102 0.52763 0.00000 0.00000 0.00000 -14.83545 -29.80990 -47.86071 27.52821 -13.98082 -53.18060 0.00000 20.03510 -0.00000 4.26215 -52.99527 -84.66845 -7.12502 -0.00000 0.00000 -6.37087 -24.82119 -59.89444 0.00000 0.00000 0.00000 21.38237 -38.37039 73.58726 -20.30385 -6.84606 36.94295 -0.00000 -5.35797 -0.00000 -50.94447 30.66840 -22.48293 7.12502 -0.00000 -0.00000 -27.95780 9.70931 -62.62755
-1.35156 0.82798 -0.30412 -167.02288 -27.72931 -395.80314 -0.00000 0.00000 -0.00000 44.02938 -33.34601 36.88479 -114.78382 61.19208 138.55945 3.94722 13.92938 -20.24552 -2.83519 -28.19927 -11.25367 -0.00000 0.00000 -0.00000 -345.41845 6.92910 -377.36641 7.01863 41.15921 -18.55256 -5.54185 -19.29991 -17.07407 0.61547 -13.73900 5.10544 -3.33756 -3.58332 0.88354 -8.53333 -4.45551 1.14626 -7.07817 -2.50720 0.55956 -5.71075 -14.91649 -0.74796 -4.45254 -17.28069 -1.58411 -0.42503 -3.16743 -0.97992 0.00000 0.00000 0.00000 -17.04639 -21.96420 -48.95463 27.31342 -13.70499 -52.63305 0.00000 21.57350 -0.00000 0.16272 -53.04873 -89.79639 -7.12502 -0.00000 0.00000 -7.74863 -24.38288 -63.24224 0.00000 0.00000 0.00000 13.47516 -30.48142 62.76113 -22.11643 -8.29198 40.70010 -0.00000 -1.38691 -0.00000 -30.85837 50.51458 -52.25370 7.12502 -0.00000 -0.00000 23.13160 -18.35394 98.60558
-1.32361 0.83936 -0.31736 -174.01347 -28.49002 -390.22217 -0.00000 0.00000 -0.00000 45.03734 -48.48011 46.44117 -117.01434 59.89199 141.12088 2.90899 11.04529 -22.35430 -4.06795 -33.00164 -13.67297 -0.00000 0.00000 -0.00000 -351.95246 9.03655 -363.90908 2.75810 27.85467 -11.08960 -6.89334 -18.61205 -24.71230 0.04248 3.65381 -1.33180 -0.98156 -0.50655 -0.87858 -5.34298 -1.75317 -1.13540 -4.94163 -1.60923 -0.55186 -7.66821 -17.49059 -3.43838 -5.02111 -18.67624 -2.59625 -0.37991 -3.24698 0.37159 -0.00000 0.00000 0.00000 -20.43254 -18.66525 -52.08911 26.08708 -12.22269 -49.60954 0.00000 20.45540 -0.00000 -6.15179 50.78841 -262.08050 -7.12502 -0.00000 0.00000 -9.06907 -21.88420 -68.18277 -0.00000 0.00000 0.00000 -0.40384 -29.45518 54.72457 -21.31590 -7.62998 39.02190 -0.00000 -2.94545 -0.00000 -6.97483 56.48484 -81.65228 7.12502 -0.00000 -0.00000 27.29051 -10.41556 115.68907
-1.32038 0.86070 -0.33526 -182.16530 -28.96710 -392.92777 -0.00000 0.00000 -0.00000 54.94585 -62.72231 62.30474 -118.19393 59.13128 142.48969 3.32026 11.46702 -26.30942 -4.64122 -34.88312 -14.69951 -0.00000 0.00000 -0.00000 -363.26596 -1.52673 -359.06880 1.96667 23.88952 -9.27712 -7.10075 -20.94806 -20.54352 0.84166 15.99060 -5.98696 4.76855 7.97839 -1.61038 -3.28599 -0.31095 -1.82250 -5.87726 -5.06600 -1.05744 -7.15432 -16.95614 -2.70003 -0.69035 -18.75062 -1.57313 0.96458 -3.31791 0.62251 -0.00000 0.00000 -0.00000 -15.60269 -19.53220 -52.32096 24.08584 -10.09501 -44.97986 0.00000 16.78490 -0.00000 -9.95290 52.92357 -257.59556 -7.12502 -0.00000 0.00000 -11.31361 -23.58078 -71.57032 -0.00000 0.00000 -0.00000 4.64929 -34.74349 63.21789 -17.82366 -5.15177 32.01632 -0.00000 1.06818 0.00000 -19.73396 54.13802 -66.12440 7.12502 -0.00000 -0.00000 25.29142 -14.35723 107.31035
-1.32127 0.89388 -0.35531 -190.84194 -29.08333 -401.91358 -0.00000 0.00000 -0.00000 86.60385 -73.48009 94.50779 -115.82754 60.60487 139.75394 0.15295 5.48083 -28.80649 -5.39918 -37.11800 -15.98873 -0.00000 0.00000 -0.00000 -370.86144 -24.03284 -355.94887 3.00499 28.93676 -11.60873 -9.38580 -25.06098 -21.51762 1.15196 18.58768 -7.03077 7.63824 17.61832 -0.33236 -1.18911 2.78291 1.00482 -5.72042 -6.72219 0.33265 -5.44427 -16.00903 -3.46250 -0.40277 -22.72058 -3.02200 0.88504 -4.34180 0.14924 0.00000 0.00000 0.00000 -13.89912 -27.58064 -60.24151 20.38821 -6.90923 -37.11454 0.00000 16.15630 -0.00000 -8.46376 56.22487 -259.85053 -7.12502 -0.00000 0.00000 -12.12250 -26.49021 -70.71307 0.00000 0.00000 0.00000 13.69173 -45.75089 75.79159 -11.77549 -2.15792 20.69984 -0.00000 6.99661 0.00000 -43.87302 36.51624 -31.75470 7.12502 -0.00000 -0.00000 -23.80655 13.10980 -72.20797
-1.30662 0.93442 -0.37123 -200.06965 -32.62586 -409.66272 -0.00000 0.00000 -0.00000 143.35827 -78.65087 150.06499 -108.77278 63.97952 131.79165 -3.74190 -3.48625 -27.22472 -6.29429 -39.45841 -17.43301 -0.00000 0.00000 -0.00000 -376.42177 -47.38296 -354.50772 5.18508 36.51267 -15.63145 -9.14986 -25.84810 -19.72284 0.41606 11.34384 -4.18735 4.10860 24.44832 1.62482 -1.99755 5.78464 2.68716 -5.28229 -6.86185 1.16965 -2.01370 -11.49682 -3.48059 -0.36284 -24.54402 -3.96338 0.51074 -5.60446 -0.56045 0.00000 0.00000 -0.00000 -14.46772 -36.69640 -74.66710 13.91433 -3.04992 -24.61429 0.00000 18.99680 -0.00000 7.55120 -48.46169 -79.95704 -7.12502 -0.00000 0.00000 -3.74032 -21.22129 -55.23754 0.00000 0.00000 -0.00000 13.84144 -48.84346 75.36507 -8.22461 -1.03683 14.34600 -0.00000 5.47567 0.00000 -40.71774 23.53271 -24.88690 7.12502 -0.00000 -0.00000 -17.88508 5.64644 -61.95599
-1.26984 0.96930 -0.37149 -214.84276 -36.37192 -421.04114 -0.00000 0.00000 -0.00000 178.84013 -73.64966 181.73770 -101.05036 66.47038 123.29115 -5.33283 -9.98897 -24.56302 -6.53715 -40.04619 -17.81278 -0.00000 0.00000 -0.00000 -375.80933 -70.16119 -356.83536 7.99825 43.23391 -20.01074 -5.39597 -22.39328 -12.44352 0.00012 -0.19584 0.07128 0.83842 28.56042 3.05732 -2.59746 8.64443 3.34614 -4.54918 -5.75136 1.53029 -1.37667 -7.96570 -2.27430 -2.66749 -25.37642 -4.31649 -0.16457 -6.48372 -2.59741 0.00000 0.00000 0.00000 -16.13602 -39.35354 -85.38233 9.61704 -1.42508 -16.81964 0.00000 22.94520 -0.00000 38.73239 -35.56915 -35.95042 -7.12502 -0.00000 0.00000 10.18521 -20.93354 -18.30429 0.00000 0.00000 0.00000 15.00170 -43.02193 75.19956 -9.19377 -1.30020 16.06552 -0.00000 6.43148 0.00000 -28.04404 21.99437 -35.10941 7.12502 -0.00000 -0.00000 -7.43112 3.52789 -70.25713
-1.22355 0.98097 -0.37131 -245.54637 -37.92153 -440.35642 -0.00000 0.00000 -0.00000 208.20156 -79.97031 209.24942 -82.36251 69.50418 103.16973 -6.59368 -16.85850 -22.89883 -5.96393 -38.62802 -16.90856 -0.00000 0.00000 -0.00000 -354.45436 -74.54724 -342.98977 9.88084 46.64515 -22.67452 -3.74966 -22.73799 -6.88019 0.20173 -7.93493 2.90793 3.73708 44.20528 2.04913 -3.66999 9.78251 2.49776 -7.05487 -9.36911 0.96415 -0.67364 -5.64014 -2.22833 -3.37041 -25.05753 -4.47475 -0.45621 -6.78165 -2.54661 -0.00000 0.00000 -0.00000 -12.53896 -33.04665 -90.89323 8.98832 -1.24175 -15.70020 0.00000 22.21730 -0.00000 29.51483 -7.26711 -12.59553 -7.12502 -0.00000 0.00000 3.15358 -1.78732 15.48600 -0.00000 0.00000 -0.00000 12.89011 -33.02678 73.16027 -9.79963 -1.48082 17.14557 -0.00000 3.44420 0.00000 -17.06269 15.87419 -41.70661 7.12502 -0.00000 -0.00000 2.88987 -1.60454 -74.01652
-1.15463 0.97588 -0.38018 -273.10197 -33.78658 -453.51136 -0.00000 0.00000 -0.00000 241.59082 -84.00591 248.37837 -49.03453 68.51433 67.61871 -6.59666 -19.18908 -21.69166 -5.38484 -37.07807 -15.96497 -0.00000 0.00000 -0.00000 -331.88308 -74.99304 -323.53045 12.00637 49.81148 -25.52315 -3.07572 -25.96549 -3.06082 0.12733 -6.31422 2.30816 -2.51130 58.02243 4.90267 -2.61197 5.36784 2.33835 -4.39233 -15.47695 0.57917 -0.22449 -4.96595 -1.14013 -4.55764 -22.28330 -3.07586 -1.07974 -5.99688 -1.68994 0.00000 0.00000 0.00000 -10.96979 -17.74949 -93.40110 9.98281 -1.53789 -17.47296 0.00000 10.94890 -0.00000 -10.74604 1.88380 -9.82671 -7.12502 -0.00000 0.00000 -32.50033 16.38192 21.12072 0.00000 0.00000 0.00000 5.88933 -16.76504 70.43147 -10.42317 -1.67979 18.26167 -0.00000 8.10951 0.00000 -12.50784 9.74292 -37.33795 7.12502 -0.00000 -0.00000 9.56756 -4.06138 -67.79167
-1.07526 0.93543 -0.39143 -293.06877 -24.14287 -458.55833 -0.00000 0.00000 -0.00000 292.29651 -88.26227 306.89944 -26.24040 61.73506 42.60639 -7.52478 -15.83571 -25.83013 -3.99350 -32.74326 -13.53581 -0.00000 0.00000 -0.00000 -307.92791 -75.17396 -302.12934 15.08623 53.48625 -29.44782 -4.63713 -31.74193 -3.85868 0.09961 -5.58810 2.04081 -7.19870 59.01595 7.58455 -0.61783 4.64971 2.65945 -1.19053 -16.53121 0.64364 -1.23680 -5.38955 0.28508 -4.98940 -22.82560 -1.27886 -1.20159 -6.06951 -0.69051 -0.00000 0.00000 -0.00000 1.82177 -3.51629 -89.49884 12.36243 -2.38579 -21.76639 0.00000 -5.98641 0.00000 -39.16663 17.53828 -20.30058 -7.12502 -0.00000 0.00000 -43.05250 53.59192 4.25612 -0.00000 0.00000 -0.00000 7.42233 -2.81562 75.25424 -10.80912 -1.80968 18.95495 -0.00000 8.16255 0.00000 -6.74637 4.56548 -33.93616 7.12502 -0.00000 -0.00000 16.91738 -5.53322 -62.58961
-1.00055 0.85877 -0.40116 -307.74861 -12.81624 -455.79873 -0.00000 0.00000 -0.00000 348.16084 -87.28800 367.95015 -21.84067 59.15438 37.55061 -7.10241 -13.87865 -26.19364 -0.40373 -11.17739 -4.12420 -0.00000 0.00000 -0.00000 -289.61105 -78.12183 -282.75944 21.54348 58.95433 -37.20409 -5.22977 -32.80644 -4.56255 0.39875 -11.10943 4.09844 1.70303 47.75516 0.68563 0.30989 8.16087 0.36007 -0.87838 -12.48333 -0.38132 -1.73043 -8.43179 1.46162 -4.44832 -22.41099 0.40687 -1.08374 -5.42316 0.06546 0.00000 0.00000 0.00000 -0.11764 8.78730 -88.56258 14.11791 -3.14386 -24.99118 0.00000 -7.65980 0.00000 -24.68037 9.48596 -19.72973 -7.12502 -0.00000 0.00000 -40.10936 33.51512 11.75555 0.00000 0.00000 0.00000 19.37658 6.95942 81.44143 -11.30043 -1.98258 19.84041 -0.00000 -5.03096 -0.00000 -20.41329 10.30940 -25.68185 7.12502 -0.00000 -0.00000 3.57931 -0.79236 -57.46634
-0.91932 0.76554 -0.42624 -319.67178 -4.48489 -453.59404 -0.00000 0.00000 -0.00000 417.01579 -86.36454 429.55830 -58.60416 69.58004 77.86201 -6.20967 -39.70661 -17.30070 -3.62852 -31.42398 -12.84872 -0.00000 0.00000 -0.00000 -236.38998 -79.33679 -231.88465 59.17807 69.62195 -78.47432 -3.46159 -25.73583 -4.18877 0.03956 3.52622 -1.28517 -2.86116 30.34406 2.46561 1.51966 10.25583 1.37007 2.49313 -5.17101 0.21050 -2.92228 -10.05502 1.70896 -2.32816 -23.03580 1.02398 -0.25595 -5.39416 0.30654 -0.00000 0.00000 0.00000 -0.64024 13.57979 -88.64795 15.96409 -4.07145 -28.44887 0.00000 -8.75477 0.00000 -7.51130 3.03748 -21.89427 -7.12502 -0.00000 0.00000 -26.67521 20.74993 9.80901 -0.00000 0.00000 0.00000 22.44102 9.67609 78.06926 -12.25267 -2.34222 21.56654 -0.00000 -8.13416 -0.00000 -23.67205 10.57926 -22.72379 7.12502 -0.00000 -0.00000 0.72431 -0.12674 -54.92460
-0.87484 0.67423 -0.47298 -336.84121 2.33465 -444.54632 -0.00000 0.00000 -0.00000 435.10294 -84.14559 433.38888 -103.49062 65.78839 125.95954 -9.13865 -21.79371 -26.03453 -1.41726 -20.50561 -7.82359 -0.00000 0.00000 -0.00000 -221.47311 -88.56872 -218.06931 99.31916 66.90434 -121.40608 2.87900 -27.72761 11.34904 3.54321 -31.10212 12.68432 -1.73903 24.85934 1.20818 -0.40358 10.13363 0.33710 0.25058 -2.65329 -0.17035 -2.50726 -10.27154 1.66831 1.47020 -26.14005 1.44925 0.81651 -6.38806 0.23196 -0.00000 0.00000 -0.00000 1.33627 7.05131 -89.89095 16.33320 -4.27383 -29.14965 0.00000 -10.72490 0.00000 5.18495 -1.80283 -19.12126 -7.12502 -0.00000 0.00000 -16.82982 11.56269 11.46984 -0.00000 0.00000 -0.00000 27.53304 3.96373 71.61863 -11.99524 -2.24176 21.09853 -0.00000 -10.77530 -0.00000 -19.38003 8.73747 -23.35683 7.12502 -0.00000 -0.00000 5.11660 -0.87961 -54.72870
-0.86424 0.61881 -0.51223 -352.41085 2.67437 -436.53113 -0.00000 0.00000 -0.00000 404.18826 -78.84965 396.83571 -114.74636 61.21250 138.51670 -8.83551 -24.68643 -24.22527 -5.11948 -36.32331 -15.52095 -0.00000 0.00000 -0.00000 -43.43839 -76.88045 -41.62241 115.90534 60.55965 -139.84325 7.52901 -27.93095 20.73875 3.08306 -29.26647 11.76924 -3.73988 21.68829 1.86376 -2.38981 9.08615 0.96601 -0.85721 -2.23944 0.20125 -4.48622 -10.76510 1.63909 -0.73343 -27.23152 1.03185 0.51956 -6.69956 0.45538 0.00000 0.00000 0.00000 -8.84765 -2.00789 -91.59868 17.95315 -5.23279 -32.26839 0.00000 -6.54662 0.00000 25.10511 -10.48812 -21.23143 -7.12502 -0.00000 0.00000 0.38586 -0.30795 6.40729 0.00000 0.00000 0.00000 30.89444 -4.78171 61.21977 -14.29999 -3.22926 25.32894 -0.00000 -22.58810 -0.00000 -24.58943 11.75386 -23.99639 7.12502 -0.00000 -0.00000 -0.50226 0.10260 -56.54525
-0.86918 0.58161 -0.54350 -366.14136 3.13898 -432.13988 -0.00000 0.00000 -0.00000 401.37764 -67.93634 386.10735 -118.37052 59.01260 142.69556 -12.57115 -23.39366 -31.77016 -3.41990 -30.62720 -12.44396 -0.00000 0.00000 -0.00000 -37.00331 -65.16977 -41.81345 123.60710 54.79861 -148.94009 6.77955 -27.20533 19.44498 3.07158 -29.21835 11.74575 -4.21293 19.19818 2.01595 -3.64062 7.70532 1.26490 -1.90616 -2.44387 0.41798 -3.94897 -10.96399 2.46584 -2.09110 -31.03981 1.46631 -0.06225 -7.99903 0.74902 -0.00000 0.00000 -0.00000 -20.68849 -17.01499 -94.30009 19.37063 -6.17231 -35.06340 0.00000 -3.69130 0.00000 30.60483 -14.13065 -22.42732 -7.12502 -0.00000 0.00000 4.97249 -4.37526 3.75471 -0.00000 0.00000 -0.00000 33.20923 -16.76834 57.95438 -16.60896 -4.42884 29.67545 -0.00000 -23.83090 -0.00000 -31.54823 11.85045 -18.49412 7.12502 -0.00000 -0.00000 -6.63611 0.78096 -51.68192
-0.88540 0.58177 -0.56321 -380.01095 -0.03811 -431.95304 -0.00000 0.00000 -0.00000 392.80346 -52.30930 372.70162 -115.63880 60.71372 139.53742 -11.27842 -16.08753 -33.89557 -3.18571 -29.69150 -11.97784 -0.00000 0.00000 -0.00000 -25.36545 -49.73526 -31.61654 123.77281 54.63905 -149.14309 7.73983 -21.76992 23.12207 2.53939 -26.84124 10.61354 -4.53787 19.24950 2.30145 -5.77429 5.49055 1.38340 -4.16193 -4.79386 0.52975 -2.38476 -9.21772 3.45555 -2.84211 -35.84106 1.99168 -0.75464 -10.06700 0.93193 0.00000 0.00000 -0.00000 -20.77548 -34.41052 -88.59170 20.27668 -6.82579 -36.88772 0.00000 0.87002 -0.00000 38.29662 -21.99644 -25.37587 -7.12502 -0.00000 0.00000 10.81257 -12.07447 -2.60338 0.00000 0.00000 -0.00000 31.41630 -24.83047 58.70198 -19.12882 -6.00505 34.58173 -0.00000 -24.67150 -0.00000 -35.96455 10.71904 -14.37713 7.12502 -0.00000 -0.00000 -10.37333 0.46649 -47.54666
-0.91228 0.61355 -0.56807 -392.65457 -2.81867 -435.82897 -0.00000 0.00000 -0.00000 386.83084 -31.46944 365.31770 -104.80522 65.38364 127.40320 -8.37265 -12.09537 -30.89090 -3.63801 -31.45944 -12.86690 -0.00000 0.00000 -0.00000 -14.94493 -31.96077 -22.79812 118.13921 59.16779 -142.42596 6.12620 -15.85735 22.29702 1.27195 -19.48366 7.39863 -4.09024 14.03420 4.77825 -5.77358 2.65034 5.15089 -4.91713 -4.78903 2.45205 -3.09861 -7.28011 3.40871 -7.10220 -38.10388 0.16979 -1.86013 -11.37670 0.76839 0.00000 0.00000 -0.00000 -12.04516 -46.19294 -71.23776 21.01141 -7.38807 -38.39164 0.00000 2.67556 -0.00000 39.06988 -27.01497 -29.22799 -7.12502 -0.00000 0.00000 11.18972 -15.42298 -8.35666 0.00000 0.00000 -0.00000 20.98059 -30.96406 56.46798 -21.41171 -7.70721 39.22111 -0.00000 -25.70220 -0.00000 -39.32474 10.28604 -12.29635 7.12502 -0.00000 -0.00000 -13.38725 0.12274 -45.51570
-0.94117 0.66676 -0.56174 -402.36051 -5.02335 -436.44234 -0.00000 0.00000 -0.00000 378.50956 -12.68975 357.64506 -83.18673 69.43420 104.04985 -4.39918 -6.77557 -24.96447 -3.55109 -31.13210 -12.69958 -0.00000 0.00000 -0.00000 -13.41966 -14.60012 -23.70026 104.78729 65.38935 -127.38349 2.84675 -5.69841 19.94721 0.44529 -11.72823 4.33350 -1.39641 3.18386 6.99225 -5.23818 -1.77415 8.94632 -5.39535 -2.90251 4.36373 -4.20000 -7.50768 2.44129 -7.88374 -36.20798 -1.00706 -1.67234 -10.59304 0.59445 -0.00000 0.00000 -0.00000 5.05174 -47.57710 -49.70345 20.25895 -6.81259 -36.85172 0.00000 8.24771 -0.00000 40.99336 -30.97745 -30.63546 -7.12502 -0.00000 0.00000 12.00530 -18.90512 -11.72178 -0.00000 0.00000 -0.00000 10.06944 -34.67379 52.19536 -22.48948 -8.61384 41.49337 -0.00000 -21.17500 -0.00000 -41.55448 7.73804 -8.63699 7.12502 -0.00000 -0.00000 -14.99493 -1.03360 -41.14723
-0.95406 0.73602 -0.55415 -414.07963 -2.40905 -432.28989 -0.00000 0.00000 -0.00000 377.47927 3.22021 348.20342 -57.65500 69.50562 76.84896 0.34604 3.87259 -13.17308 -2.13665 -24.81656 -9.68931 -0.00000 0.00000 -0.00000 -3.10426 3.05088 -27.67559 69.95961 69.99999 -89.95702 -1.98523 11.82183 10.16259 0.01007 1.78044 -0.64825 5.80603 -7.26347 8.89803 -4.15536 -6.14590 11.21992 -7.20052 -0.50985 5.28037 -3.15111 -9.02738 1.32794 -6.69989 -36.45903 -1.82347 -1.34004 -10.41070 0.25381 -0.00000 0.00000 -0.00000 15.17878 -47.49844 -39.49942 19.68063 -6.39107 -35.68403 0.00000 9.55897 -0.00000 42.56847 -29.17792 -27.95773 -7.12502 -0.00000 0.00000 13.13954 -18.51866 -8.68541 -0.00000 0.00000 -0.00000 2.04320 -39.50172 49.04649 -22.01649 -8.20723 40.48884 -0.00000 -18.56410 -0.00000 -39.27116 9.57520 -11.49927 7.12502 -0.00000 -0.00000 -13.19619 -0.11762 -44.49840
-0.93660 0.80818 -0.55495 -421.86945 -5.70954 -427.23095 -0.00000 0.00000 -0.00000 371.01456 9.75949 342.31049 -42.33748 67.28428 60.39234 0.36583 19.91173 2.39515 -0.39251 -11.02358 -4.06592 -0.00000 0.00000 -0.00000 1.62734 12.59730 -30.25488 38.97365 66.47667 -56.73504 1.90787 30.55135 -9.42979 0.07711 4.91887 -1.79503 4.40357 -18.18048 9.91840 -5.44547 -10.22319 11.64877 -6.52143 0.74477 5.22444 -0.24092 -4.65044 -1.76875 -11.21697 -43.75317 -8.82890 -2.11745 -14.96652 -1.68414 -0.00000 0.00000 0.00000 43.05194 -43.08342 -12.58209 17.29329 -4.82795 -30.98909 0.00000 -6.94912 0.00000 44.63374 -24.34639 -22.66330 -7.12502 -0.00000 0.00000 14.97065 -16.57083 -1.84495 -0.00000 0.00000 0.00000 -3.21446 -45.10533 51.94142 -21.49636 -7.77588 39.39746 -0.00000 -20.94160 -0.00000 -39.43026 9.83438 -11.73419 7.12502 -0.00000 -0.00000 -13.39503 -0.04281 -44.82023
-0.90312 0.86503 -0.56608 -431.26840 -9.38611 -422.37364 -0.00000 0.00000 -0.00000 369.50114 9.33023 344.75157 -35.81892 65.57925 53.28279 3.52683 35.29493 -0.13535 -0.16184 -7.11331 -2.60331 -0.00000 0.00000 -0.00000 4.45068 16.72516 -32.42864 34.18704 65.05412 -51.48686 1.60773 34.01784 -9.18712 0.02936 3.03866 -1.10709 2.19112 -23.82355 9.47975 -7.13213 -12.57614 10.93959 -6.82275 0.68838 4.73322 2.34192 -9.11474 -1.09411 -6.71881 -50.95224 -6.63531 -1.47705 -18.15112 -0.32893 -0.00000 0.00000 0.00000 60.17278 -27.56481 30.05593 26.35942 -12.53900 -50.26701 0.00000 -35.25020 0.00000 47.73671 -19.27422 -16.69778 -7.12502 -0.00000 0.00000 17.72009 -15.15398 5.71245 -0.00000 0.00000 0.00000 -2.63669 -50.07765 57.91383 -22.16757 -8.33559 40.80841 -0.00000 -18.21480 -0.00000 -43.13383 7.36175 -7.78771 7.12502 -0.00000 -0.00000 -16.41162 -1.40979 -40.22511
-0.86373 0.90189 -0.58926 -442.37775 -14.82436 -417.36415 -0.00000 0.00000 -0.00000 370.46015 3.79978 353.75944 -46.89125 68.16979 65.31269 0.03513 30.42656 5.41706 -0.00071 -0.47138 -0.17157 -0.00000 0.00000 -0.00000 2.35072 16.98951 -35.00722 47.62776 68.29306 -66.10575 2.03166 34.93006 -10.06259 0.22583 8.39133 -3.07770 -1.51523 -22.09798 9.01826 -8.98354 -12.18434 11.09049 -7.11170 0.02050 4.89758 2.61367 -8.69608 2.84871 -9.64543 -59.37849 -2.89249 -5.07094 -26.17115 3.04442 -0.00000 0.00000 -0.00000 50.09046 -62.12338 9.18853 20.38756 -6.90875 -37.11323 0.00000 7.17102 -0.00000 45.88229 -29.20051 -25.31737 -7.12502 -0.00000 0.00000 15.18370 -20.17996 -6.80781 -0.00000 0.00000 -0.00000 -17.86637 -56.96710 49.05196 -20.57057 -7.04712 37.48651 -0.00000 -21.32410 -0.00000 -43.59322 11.50360 -11.83076 7.12502 -0.00000 -0.00000 -17.57957 0.20213 -45.63795
-0.82493 0.91952 -0.61786 -454.02010 -17.87569 -410.97435 -0.00000 0.00000 -0.00000 375.47993 -5.52542 363.37787 -66.48464 69.96068 86.25872 0.36913 33.79448 5.42834 -0.00301 -0.97272 -0.35408 -0.00000 0.00000 -0.00000 0.13190 11.94514 -37.75760 67.08158 69.97292 -86.89410 0.85252 36.05868 -8.09444 0.00168 0.72714 -0.26467 -4.76089 -19.72690 7.60296 -9.96562 -11.11621 9.91291 -6.80776 -0.40378 4.48729 9.19511 -6.69212 3.09212 -18.19099 -54.63747 -3.77875 -10.67383 -21.81219 1.75794 0.00000 0.00000 -0.00000 37.50168 -80.33275 1.08289 19.00687 -5.92181 -34.33961 0.00000 8.01282 -0.00000 48.89344 -23.74287 -19.35740 -7.12502 -0.00000 0.00000 18.00729 -18.31478 0.96990 0.00000 0.00000 -0.00000 -18.77745 -62.27439 49.64778 -20.67863 -7.12970 37.70761 -0.00000 -23.12560 -0.00000 -45.15441 13.30087 -12.88896 7.12502 -0.00000 -0.00000 -19.36681 0.82748 -47.35270
-0.79503 0.92345 -0.64456 -469.31829 -20.70751 -405.74299 -0.00000 0.00000 -0.00000 383.82774 -11.57308 373.59262 -83.35062 69.41969 104.22490 0.29666 33.22414 5.44862 -2.20511 25.17689 9.85132 -0.00000 0.00000 -0.00000 0.42156 8.73527 -40.16842 68.73556 69.99492 -88.65439 1.84623 26.15748 -9.03621 0.00100 -0.56038 0.20397 -5.59202 -14.05686 6.40033 -9.62082 -9.99564 8.25692 -6.64551 -2.29604 3.83649 17.15951 -9.61703 3.60188 -24.58797 -42.43487 -2.35609 -13.36534 -12.74685 0.93792 0.00000 0.00000 0.00000 -92.89052 -81.86046 -130.77797 16.03496 -4.10986 -28.58316 0.00000 -0.40066 0.00000 47.10148 -15.34182 -13.81210 -7.12502 -0.00000 0.00000 17.60903 -12.71454 10.26085 0.00000 0.00000 0.00000 -8.07263 -63.14785 60.38879 -21.19770 -7.53544 38.77673 -0.00000 -24.84280 -0.00000 -45.16964 16.75079 -15.98742 7.12502 -0.00000 -0.00000 -20.08769 2.40204 -51.53780
-0.77317 0.91686 -0.66305 -486.47655 -22.25009 -402.96913 -0.00000 0.00000 -0.00000 392.04798 -12.68790 382.26445 -86.69928 69.07905 107.80569 1.46513 29.37120 2.08732 -0.66576 14.27419 5.31321 -0.00000 0.00000 -0.00000 3.96245 6.86422 -39.67747 47.40399 68.25616 -65.86486 2.18429 16.44507 -10.54443 0.00166 -0.72332 0.26328 -3.05044 -10.08736 4.99383 -7.43309 -9.06340 6.27540 -6.03955 -3.41061 2.93380 16.48423 -9.42475 2.57493 -23.91832 -38.96134 -2.55452 -12.30745 -11.26159 0.88506 0.00000 0.00000 0.00000 0.98816 -71.64313 -38.06801 13.53027 -2.87706 -23.90547 0.00000 -14.03710 0.00000 2.23931 -56.43878 -87.31331 -7.12502 -0.00000 0.00000 -8.46309 -27.61321 -62.79763 0.00000 0.00000 0.00000 -7.43821 -58.88535 62.02489 -20.11687 -6.70739 36.56361 -0.00000 -27.61170 -0.00000 -40.50287 21.97466 -23.65743 7.12502 -0.00000 -0.00000 -17.28105 4.88296 -60.30215
-0.74793 0.90880 -0.68136 -495.88560 -24.97582 -398.05145 -0.00000 0.00000 -0.00000 387.19358 -15.32526 385.84533 -76.45450 69.86692 96.87067 2.69279 26.00472 -2.05448 -0.00175 -0.74296 -0.27043 -0.00000 0.00000 -0.00000 2.54047 4.28423 -35.02550 21.89939 59.19348 -37.61899 -0.20747 -3.38064 -14.21411 0.74800 -15.10417 5.63755 -2.22507 -10.74312 3.96587 -9.37351 -9.06198 5.03227 -8.61041 -2.91829 2.29682 16.21519 -10.14172 0.50085 -23.04099 -34.59464 -4.17397 -11.10306 -9.75463 0.07048 0.00000 0.00000 0.00000 -27.20107 -55.09499 -63.65368 22.34694 -8.48982 -41.18937 0.00000 -1.98989 0.00000 25.43157 -51.97925 -58.88473 -7.12502 -0.00000 0.00000 0.76286 -28.52036 -43.40261 0.00000 0.00000 0.00000 1.78687 -55.86772 71.19086 -16.12447 -4.15867 28.75294 -0.00000 -20.33750 -0.00000 -36.60065 22.92463 -27.67596 7.12502 -0.00000 -0.00000 -14.34483 5.08897 -64.12959
-0.70644 0.90931 -0.70209 -504.00184 -27.18535 -394.64946 -0.00000 0.00000 -0.00000 381.60117 -15.14500 384.16325 -57.95042 69.52947 77.16432 2.40713 17.10767 -6.39324 -0.08348 -5.11742 -1.86789 -0.00000 0.00000 -0.00000 7.07633 8.00566 -17.21109 7.23176 41.63118 -18.87486 -6.63670 -24.52588 -14.03443 1.36938 -20.17591 7.68584 -7.42217 -11.54065 2.07298 -10.04129 -8.65574 3.21544 -6.40908 -2.55936 1.67355 14.39912 -14.94798 -0.71825 -19.81950 -27.52614 -4.18215 -8.99472 -6.46562 -0.44769 0.00000 0.00000 0.00000 -16.93460 -41.18228 -56.96462 26.22463 -12.38157 -49.94068 0.00000 -3.63439 0.00000 23.60108 -52.13421 -61.03820 -7.12502 -0.00000 0.00000 0.10843 -28.11921 -44.76995 0.00000 0.00000 0.00000 24.58752 -53.58395 92.28871 -10.40459 -1.67367 18.22835 -0.00000 -6.71646 -0.00000 -34.44109 21.24171 -27.84827 7.12502 -0.00000 -0.00000 -12.06115 4.13676 -63.65509
-0.66480 0.88887 -0.72261 -516.90118 -23.20346 -393.85704 -0.00000 0.00000 -0.00000 385.11678 -18.50663 380.01136 -52.11670 68.93762 70.92613 2.17530 11.67090 -11.94446 -1.60075 -21.71164 -8.33305 -0.00000 0.00000 -0.00000 12.51898 12.44684 5.69939 2.47592 26.53657 -10.47223 -24.64704 -38.96402 -33.87383 2.44845 -26.40312 10.41060 -2.79788 -11.03365 1.57243 -8.72809 -7.80283 2.33538 -7.56441 -1.77429 1.13824 11.78012 -15.61450 -2.73167 -17.55322 -26.33486 -5.90632 -7.52794 -6.23246 -1.02027 0.00000 0.00000 -0.00000 -11.97699 -29.60598 -56.12441 28.93462 -15.92548 -56.92803 0.00000 -5.29281 0.00000 21.79753 -51.12394 -62.81025 -7.12502 -0.00000 0.00000 -0.10434 -26.76281 -45.23172 0.00000 0.00000 -0.00000 43.48753 -47.44266 101.01914 -9.58017 -1.41396 16.75387 -0.00000 -4.56814 -0.00000 -32.16393 26.61437 -35.46530 7.12502 -0.00000 -0.00000 -12.21681 6.36416 -72.11073
-0.64369 0.86538 -0.74182 -519.01128 -23.14581 -387.21793 -0.00000 0.00000 -0.00000 376.14034 -29.05416 373.41373 -65.19299 69.92637 84.88369 3.60859 13.82983 -17.91427 -3.90479 -32.43079 -13.37109 -0.00000 0.00000 -0.00000 -2.25768 8.59127 12.80948 0.67027 14.32106 -5.33146 -25.87937 -35.27923 -40.53774 1.87865 -23.38987 9.05761 -7.00435 -8.66380 -0.88501 -6.91342 -6.45080 -0.55601 -3.33438 -1.88575 -0.06603 8.42951 -16.95461 -3.88427 -19.36296 -24.88714 -7.08055 -7.48101 -5.64501 -1.24977 0.00000 0.00000 0.00000 -12.20550 -21.51690 -52.33255 31.12549 -19.57563 -63.54978 0.00000 -5.93886 0.00000 18.24635 -50.29431 -66.80364 -7.12502 -0.00000 0.00000 -0.96574 -25.11024 -47.27478 0.00000 0.00000 0.00000 22.02172 -45.18187 74.69207 -18.71380 -5.72478 33.75984 -0.00000 -18.05020 -0.00000 -36.13233 27.73807 -32.51785 7.12502 -0.00000 -0.00000 -15.52813 7.43514 -69.97266
-0.65136 0.84740 -0.77147 -524.89402 -21.15761 -388.61807 -0.00000 0.00000 -0.00000 377.61672 -42.94381 378.11047 -89.08640 68.78209 110.36377 5.77742 16.22491 -25.66802 -4.26417 -33.66648 -14.03003 -0.00000 0.00000 -0.00000 -15.22582 1.03887 11.72264 -0.00000 -0.00000 0.00000 -11.12662 -21.59994 -34.83235 0.34855 -10.39763 3.82938 0.69023 -1.06318 0.28798 -5.36615 -5.09321 0.23160 -6.02220 -4.66172 -0.01636 8.97739 -14.24985 -4.24257 -19.98079 -29.13075 -8.63461 -7.61315 -7.72540 -1.39609 -0.00000 0.00000 -0.00000 -11.15102 -20.32280 -52.75291 31.72349 -20.75675 -65.60888 0.00000 -7.84553 0.00000 12.58571 -50.69240 -73.90469 -7.12502 -0.00000 0.00000 -2.88883 -24.16422 -52.02759 -0.00000 0.00000 -0.00000 20.29627 -49.53704 70.79085 -18.81295 -5.79097 33.95566 -0.00000 -16.38360 -0.00000 -35.27695 26.28952 -32.04962 7.12502 -0.00000 -0.00000 -14.40407 6.59187 -69.08321
-0.66637 0.85075 -0.80613 -535.18260 -23.12455 -392.43011 -0.00000 0.00000 -0.00000 388.00598 -54.13688 392.65389 -105.04815 65.30578 127.67050 6.01197 15.69917 -29.67263 -5.18375 -36.50887 -15.62922 -0.00000 0.00000 -0.00000 -20.99058 -18.77091 13.32128 0.76849 15.30306 -5.71567 -12.39713 -23.52601 -33.96572 1.49544 21.03015 -8.04408 5.30237 11.47876 -0.56369 -2.00669 -1.87228 -0.14911 -5.11528 -8.49666 -0.38826 7.10920 -12.62003 -4.54742 -15.43705 -28.79815 -8.52548 -5.58051 -7.67763 -1.79957 -0.00000 0.00000 0.00000 -11.08663 -25.02745 -55.93264 30.30124 -18.09391 -60.91504 0.00000 -5.87758 0.00000 10.51608 -48.84392 -76.15017 -7.12502 -0.00000 0.00000 -2.94021 -22.09676 -52.77492 -0.00000 0.00000 0.00000 35.66995 -53.83387 90.36232 -15.34132 -3.74301 27.27400 -0.00000 -6.74055 -0.00000 -35.47518 28.83045 -34.08489 7.12502 -0.00000 -0.00000 -15.40216 7.95012 -71.65945
-0.66984 0.87766 -0.83437 -546.03933 -26.40098 -394.85824 -0.00000 0.00000 -0.00000 403.02509 -65.83332 414.78507 -112.26614 62.47268 135.70385 6.27302 15.48834 -33.28417 -4.83884 -35.49135 -15.04245 -0.00000 0.00000 -0.00000 -28.77350 -42.47049 5.60771 3.45080 30.74730 -12.50450 -11.39736 -25.02742 -27.54922 1.44885 20.71952 -7.91331 6.19660 20.29131 -1.83751 1.04539 2.36655 -0.92876 -1.91117 -8.86308 -0.63063 3.74007 -12.19370 -4.72335 -11.82644 -28.45728 -8.11835 -3.75252 -7.37234 -1.72974 -0.00000 0.00000 0.00000 -12.72456 -31.25244 -61.76729 27.41702 -13.83739 -52.89642 0.00000 1.31583 -0.00000 9.66563 -51.55188 -77.73095 -7.12502 -0.00000 0.00000 -4.10554 -24.37165 -54.86745 -0.00000 0.00000 0.00000 50.82857 -56.00685 110.35046 -9.60512 -1.42148 16.79837 -0.00000 7.79412 0.00000 -29.31039 32.97250 -44.11000 7.12502 -0.00000 -0.00000 -12.71615 9.53035 -81.26854
-0.64222 0.92350 -0.84234 -558.33302 -23.36202 -401.79400 -0.00000 0.00000 -0.00000 467.87608 -68.65843 482.24033 -118.00464 59.25707 142.26931 3.80591 11.91522 -33.50042 -5.76090 -38.09891 -16.58144 -0.00000 0.00000 -0.00000 -38.08456 -69.85805 -5.35748 6.50525 39.97004 -17.76317 -6.38921 -21.09374 -17.59345 0.26883 9.14700 -3.35974 7.57207 20.42069 -2.08480 3.88439 5.06966 -0.91903 0.38703 -5.93802 -0.49365 1.99270 -11.08711 -4.44353 -8.10728 -28.18950 -7.04758 -2.28865 -7.22596 -1.46827 0.00000 0.00000 -0.00000 -11.51470 -37.63898 -68.39046 21.78640 -8.01440 -40.00437 0.00000 8.97810 -0.00000 10.01211 -50.63611 -77.13706 -7.12502 -0.00000 0.00000 -3.67797 -23.61421 -54.11660 0.00000 0.00000 -0.00000 50.73834 -53.76944 109.68447 -8.30608 -1.05777 14.49018 -0.00000 12.65250 0.00000 -22.54514 29.53961 -49.90196 7.12502 -0.00000 -0.00000 -7.32702 6.25533 -85.27759
-0.57788 0.94498 -0.84138 -568.15375 -18.23969 -409.58929 -0.00000 0.00000 -0.00000 506.58862 -51.33698 522.85282 -118.06642 59.21617 142.34121 0.69260 6.37949 -27.80828 -6.63425 -40.27610 -17.96333 -0.00000 0.00000 -0.00000 -166.30370 -82.38467 -133.81322 8.34589 43.91613 -20.51507 -7.70050 -21.69813 -21.46186 0.66483 14.26446 -5.30943 5.21605 12.00571 -1.34040 5.41689 7.60492 -1.39291 2.84849 1.28511 -0.64298 -1.96752 -12.69377 -4.03617 -3.38352 -25.73294 -5.06148 -0.36351 -5.88812 -0.72551 -0.00000 0.00000 0.00000 -8.33571 -40.26986 -73.00964 16.37531 -4.29729 -29.22981 0.00000 15.78720 -0.00000 27.79163 -46.04288 -53.78984 -7.12502 -0.00000 0.00000 3.48843 -24.38646 -36.60138 -0.00000 0.00000 0.00000 39.39123 -50.53476 97.36231 -8.17533 -1.02426 14.25881 -0.00000 10.02540 0.00000 -17.62866 27.00901 -55.01832 7.12502 -0.00000 -0.00000 -3.68902 3.58045 -89.08616
-0.48979 0.92115 -0.84313 -582.59722 -12.77863 -422.35143 -0.00000 0.00000 -0.00000 515.54827 -33.44699 527.67150 -115.21755 60.95236 139.05501 0.66387 6.18554 -26.74547 -5.04664 -36.11083 -15.39768 -0.00000 0.00000 -0.00000 -201.20507 -63.75973 -173.60864 10.29700 47.31537 -23.24372 -7.55745 -21.25832 -21.73077 0.40881 11.24618 -4.15029 5.50900 6.25640 0.89387 5.20216 7.69599 0.85185 2.34237 4.53796 0.43384 -3.57037 -10.09135 -2.80387 -1.05554 -20.86685 -4.53055 0.57676 -4.63152 -2.54046 0.00000 0.00000 0.00000 2.55753 -32.23090 -73.06089 14.10793 -3.13922 -24.97268 0.00000 15.42300 -0.00000 36.04615 -24.02763 -29.22627 -7.12502 -0.00000 0.00000 9.39237 -12.10490 -6.73379 0.00000 0.00000 0.00000 20.91545 -41.28484 75.66008 -8.57117 -1.12742 14.95979 -0.00000 10.34270 0.00000 -9.51833 14.63665 -56.43371 7.12502 -0.00000 -0.00000 6.55118 -5.95863 -87.11207
-0.42414 0.86327 -0.85057 -602.14735 -11.87684 -431.57853 -0.00000 0.00000 -0.00000 518.77074 -32.48529 533.33412 -108.55323 64.06511 131.54743 -1.94537 1.00111 -28.01415 -5.85354 -38.34216 -16.73117 -0.00000 0.00000 -0.00000 -201.75033 -57.06339 -177.71302 12.91311 50.99070 -26.69985 -9.68397 -24.17107 -23.85377 0.18994 7.70165 -2.82132 8.01589 7.60516 1.47440 3.44315 7.35827 1.86000 -0.90323 3.60875 1.04413 -4.56602 -8.43666 -2.69727 1.82753 -12.43611 -3.59024 1.45428 -2.41770 -1.87122 -0.00000 0.00000 -0.00000 2.49668 -22.33332 -79.38204 14.79703 -3.46904 -26.25445 0.00000 16.78000 -0.00000 7.42999 -4.04697 -28.42112 -7.12502 -0.00000 0.00000 -12.66313 12.13619 1.90261 -0.00000 0.00000 -0.00000 4.45157 -25.78622 60.43222 -10.14756 -1.59020 17.76776 -0.00000 4.04844 0.00000 7.24652 -9.25519 -51.66997 7.12502 -0.00000 -0.00000 31.96432 -19.22959 -72.82545
-0.36679 0.79639 -0.86369 -625.28114 -12.55697 -436.96866 -0.00000 0.00000 -0.00000 517.64871 -40.65615 541.08402 -100.73244 66.55304 122.94450 -0.46134 4.14800 -28.19617 -4.91272 -35.71389 -15.16936 -0.00000 0.00000 -0.00000 -195.55462 -55.06656 -176.68062 35.19353 65.38324 -52.59542 -0.10407 -6.92377 0.28248 33.45700 64.80436 -50.68088 8.38802 12.93811 -0.21521 1.52628 7.40964 0.28436 -3.08831 0.64728 0.23992 -4.72816 -8.79593 -2.47671 3.84898 -4.48966 -2.98988 1.94289 0.21422 -1.47404 0.00000 0.00000 0.00000 1.12558 -14.83274 -79.35437 17.65635 -5.04822 -31.69136 0.00000 -7.73091 0.00000 -24.81484 10.21261 -20.97955 -7.12502 -0.00000 0.00000 -39.61725 34.73868 10.45689 0.00000 0.00000 0.00000 -3.84766 -10.09484 61.31890 -12.81026 -2.56815 22.58388 -0.00000 -15.34670 -0.00000 6.29713 -10.44686 -58.67604 7.12502 -0.00000 -0.00000 30.07018 -22.99818 -79.01168
-0.30860 0.72656 -0.88030 -648.40320 -8.34698 -442.94022 -0.00000 0.00000 -0.00000 517.80371 -52.18151 542.57529 -93.05293 68.17931 114.62718 2.55428 9.96572 -26.57995 -2.41431 -26.23591 -10.33359 -0.00000 0.00000 -0.00000 -189.97070 -54.47418 -177.97504 101.03659 66.47399 -123.27612 0.54404 -7.07522 5.51140 12.23732 50.12052 -25.82479 8.32063 18.89984 -0.99813 1.03564 7.86812 -0.27616 -3.41240 -2.06098 -0.16522 -4.83347 -11.90879 -1.81541 6.24563 3.62150 -2.15942 2.77367 3.48100 -0.89168 -0.00000 0.00000 -0.00000 3.69103 -13.10041 -75.50934 19.11388 -5.99481 -34.55203 0.00000 -8.78615 0.00000 -15.51539 6.84114 -23.22294 -7.12502 -0.00000 0.00000 -32.41829 27.74216 8.75921 -0.00000 0.00000 -0.00000 -8.96204 -4.88570 66.81856 -15.94245 -4.05976 28.40788 -0.00000 -25.96330 -0.00000 13.77085 -22.34881 -57.19644 7.12502 -0.00000 -0.00000 44.06387 -26.87444 -70.03515
-0.26294 0.67198 -0.89868 -664.11890 -0.92531 -447.75838 -0.00000 0.00000 -0.00000 519.05460 -62.09757 533.73805 -109.35823 63.74634 132.44378 -9.43106 -24.46362 -25.46744 -0.02175 2.61548 0.95266 -0.00000 0.00000 -0.00000 -184.51496 -58.04160 -180.81825 120.34518 57.59188 -145.01614 2.21589 -15.60090 10.83823 1.91314 -23.58732 9.14414 7.67511 20.94169 0.37292 1.66680 7.74922 1.51405 -2.72500 -3.05329 0.59881 -3.72127 -13.93244 -1.62132 7.77678 6.88962 -2.31734 2.74764 4.46334 -0.77773 -0.00000 0.00000 -0.00000 3.46382 -16.73382 -74.20128 20.62302 -7.08713 -37.59377 0.00000 0.78881 -0.00000 4.91525 -2.24264 -24.46673 -7.12502 -0.00000 0.00000 -15.77065 13.12026 6.20918 -0.00000 0.00000 -0.00000 -6.05182 -9.02407 71.21662 -17.80850 -5.14233 31.98685 -0.00000 -26.79380 -0.00000 13.10859 -13.50938 -45.09080 7.12502 -0.00000 -0.00000 40.37697 -17.36561 -64.34028
-0.22939 0.62332 -0.92269 -675.85656 0.79239 -443.85065 -0.00000 0.00000 -0.00000 528.38769 -65.96371 537.44473 -121.08882 57.00824 145.89982 -8.01228 -32.78953 -20.71967 -0.60324 -13.60533 -5.05371 -0.00000 0.00000 -0.00000 -170.07338 -63.85156 -165.37049 127.13170 50.93453 -153.35783 6.13182 -13.95982 23.56589 2.03826 -24.28579 9.45252 3.90783 24.21212 0.45701 0.71715 7.16502 1.07571 -1.66816 -5.49153 0.31737 -3.45735 -15.37450 -3.27086 10.77912 6.11132 -4.86645 3.35467 4.67877 -1.84095 0.00000 0.00000 0.00000 0.74453 -23.77455 -77.47468 21.77645 -8.00615 -39.98350 0.00000 3.84420 -0.00000 18.84459 -11.12233 -29.47561 -7.12502 -0.00000 0.00000 -3.19137 3.34544 -1.30429 0.00000 0.00000 0.00000 3.40688 -17.21325 74.40855 -17.52167 -4.96581 31.43041 -0.00000 -19.76020 -0.00000 3.31710 -2.37324 -35.54397 7.12502 -0.00000 -0.00000 28.23447 -8.88765 -61.05163
-0.21142 0.59569 -0.94353 -685.09553 1.57471 -441.60843 -0.00000 0.00000 -0.00000 527.02164 -67.10952 528.06113 -127.14840 50.91353 153.37935 -6.63177 -23.89382 -19.99013 -1.39577 -20.35842 -7.76201 -0.00000 0.00000 -0.00000 -151.73215 -68.03957 -149.14490 129.97612 46.87857 -157.12913 8.69331 -15.66845 28.69437 2.40882 -26.20891 10.32118 0.58888 27.01054 1.99514 -0.07163 7.24544 2.17116 -1.20026 -6.81547 0.81358 -5.37785 -10.68817 -5.80560 12.32187 -2.88713 -7.46286 4.25834 1.55384 -3.55099 -0.00000 0.00000 -0.00000 -11.97914 -30.00287 -85.41124 23.78121 -9.79870 -44.30207 0.00000 10.42490 -0.00000 20.93640 -12.11222 -28.74200 -7.12502 -0.00000 0.00000 -1.68681 1.74728 -0.99609 -0.00000 0.00000 -0.00000 11.78304 -26.64747 78.01058 -17.00450 -4.65699 30.43316 -0.00000 -15.55550 -0.00000 -11.23268 8.41035 -36.37056 7.12502 -0.00000 -0.00000 11.28276 -4.48076 -66.38467
-0.19853 0.58516 -0.96058 -691.13835 1.26491 -439.04087 -0.00000 0.00000 -0.00000 526.80178 -70.99827 527.00628 -127.91648 49.91540 154.37594 -5.23945 -26.30458 -16.48483 -2.25649 -25.44274 -9.97152 -0.00000 0.00000 -0.00000 -135.67018 -68.49082 -133.52323 131.12079 44.91395 -158.72292 9.72440 -12.29147 33.84636 1.81759 -23.03475 8.90269 -0.81152 28.28657 2.96447 -0.85338 7.38100 2.91668 -1.66474 -7.27510 1.16095 -6.42397 -8.94797 -7.81464 9.85008 -8.25622 -9.88688 4.28643 -0.23283 -4.97305 -0.00000 0.00000 0.00000 -20.86494 -33.37146 -88.67779 26.77573 -13.03639 -51.28694 0.00000 0.42705 -0.00000 24.92238 -13.08482 -25.97645 -7.12502 -0.00000 0.00000 0.96588 -0.92950 1.10355 -0.00000 0.00000 0.00000 19.77973 -31.88509 79.79106 -20.59798 -7.06801 37.54255 -0.00000 -20.91910 -0.00000 -18.30640 11.94164 -32.02267 7.12502 -0.00000 -0.00000 4.40586 -1.50512 -63.82450
-0.18657 0.59262 -0.97281 -693.71752 3.43679 -436.11798 -0.00000 0.00000 -0.00000 536.33947 -75.24130 538.27713 -125.62949 52.71096 151.44717 -3.43517 -34.68890 -12.56496 -1.19056 -18.88151 -7.15094 -0.00000 0.00000 -0.00000 -129.40734 -73.41905 -127.25276 129.88385 47.02742 -157.00288 10.95278 -9.38867 39.49042 1.56856 -21.50623 8.24565 0.93187 27.06793 1.93698 -0.14790 6.91841 2.24527 -1.49327 -7.18862 0.86065 -7.02422 -9.36139 -8.67245 8.03635 -10.40578 -11.04915 3.86603 -0.85704 -5.56929 0.00000 0.00000 0.00000 -25.33118 -37.44725 -84.37274 29.37194 -16.58562 -58.16071 0.00000 -2.80184 0.00000 33.67151 -13.99906 -19.95666 -7.12502 -0.00000 0.00000 7.17012 -5.86097 5.93284 0.00000 0.00000 0.00000 21.49737 -32.97041 79.49175 -25.69062 -11.77440 48.66528 -0.00000 -28.69640 -0.00000 -21.31174 10.01162 -24.01903 7.12502 -0.00000 -0.00000 2.95780 -0.56748 -55.85115
-0.17714 0.61727 -0.98501 -696.05439 4.96189 -432.26971 -0.00000 0.00000 -0.00000 547.03048 -79.07464 548.46690 -121.37592 56.77511 146.24258 -4.32059 -32.45006 -14.14351 -0.63594 -13.95959 -5.19095 -0.00000 0.00000 -0.00000 -114.10591 -79.87126 -111.76300 126.99530 51.10490 -153.18237 8.72474 -3.02903 43.18247 0.19561 -7.81480 2.86332 2.43651 26.69182 1.13099 -0.12177 5.80540 1.74052 -2.09122 -8.22225 0.61977 -5.44153 -7.46817 -9.25364 7.65416 -12.88120 -12.04941 3.78512 -2.01941 -6.17665 -0.00000 0.00000 -0.00000 -29.20698 -38.06073 -81.67101 31.25775 -19.82837 -63.99320 0.00000 0.68873 -0.00000 34.72402 -20.53024 -26.84051 -7.12502 -0.00000 0.00000 8.42341 -9.47487 -3.02603 -0.00000 0.00000 -0.00000 18.55821 -31.74067 70.92434 -29.67563 -17.06185 59.03921 -0.00000 -20.88560 -0.00000 -30.22235 11.61950 -19.07278 7.12502 -0.00000 -0.00000 -5.38169 0.67226 -52.09940
-0.16993 0.65389 -0.99909 -697.74218 5.11754 -427.22909 -0.00000 0.00000 -0.00000 555.23852 -81.02381 558.14540 -114.66869 61.25471 138.42809 -3.91403 -21.25711 -14.41622 -0.59239 -13.48552 -5.00739 -0.00000 0.00000 -0.00000 -65.60313 -83.36484 -62.98026 122.29257 55.99986 -147.34323 9.28146 -4.71208 41.86974 0.16232 -7.12383 2.60721 1.50283 26.00017 0.74876 -0.33062 5.29931 1.03843 -1.58187 -8.49940 0.32819 -4.51767 -6.97140 -9.95444 9.59296 -14.85718 -12.87381 4.08733 -2.29586 -6.74917 -0.00000 0.00000 -0.00000 -32.01434 -33.48990 -79.27889 32.90773 -23.46107 -70.22051 0.00000 2.06801 -0.00000 35.57460 -26.41746 -31.88259 -7.12502 -0.00000 0.00000 9.13199 -13.30993 -10.07588 -0.00000 0.00000 -0.00000 17.73948 -27.37513 59.57661 -32.87259 -23.37176 70.07001 -0.00000 -12.09950 -0.00000 -33.82429 13.23834 -18.86869 7.12502 -0.00000 -0.00000 -9.06129 1.21857 -52.59544
-0.16696 0.69335 -1.01208 -700.71417 5.63645 -421.39288 -0.00000 0.00000 -0.00000 541.80169 -85.80239 549.06364 -105.08374 65.29429 127.70967 -3.72349 -15.32657 -15.77853 -0.60503 -13.62499 -5.06131 -0.00000 0.00000 -0.00000 -20.23650 -78.39918 -20.20233 115.70975 60.67294 -139.61878 10.27819 -11.43732 35.89074 1.30196 -19.70011 7.48814 1.46726 24.12425 -0.12052 -0.45409 6.02125 -0.11975 -1.29570 -6.78964 -0.18904 -4.37854 -5.38451 -10.49021 12.30786 -15.94564 -13.36106 5.08081 -2.59207 -7.15989 -0.00000 0.00000 0.00000 -28.50228 -23.47573 -75.81258 34.06533 -26.90904 -75.97429 0.00000 3.78139 -0.00000 40.67043 -32.81596 -32.24062 -7.12502 -0.00000 0.00000 11.59710 -19.96866 -13.99751 -0.00000 0.00000 0.00000 22.27672 -17.54680 50.25013 -34.62393 -29.20407 79.77866 -0.00000 -9.33160 -0.00000 -36.20410 15.10847 -19.59958 7.12502 -0.00000 -0.00000 -11.68993 1.88155 -54.01687
-0.16735 0.73346 -1.02228 -704.67028 6.44598 -414.79109 -0.00000 0.00000 -0.00000 396.78941 -84.85895 407.23200 -99.04849 66.96871 121.11190 -2.91585 -17.28801 -12.63112 -1.80942 -22.98666 -8.88178 -0.00000 0.00000 -0.00000 -8.93372 -72.11428 -11.64126 107.99693 64.27758 -130.92938 3.44596 -1.59644 29.48024 0.13244 -6.43888 2.35414 0.93243 22.18118 -1.14767 0.39394 6.80431 -1.52358 0.27064 -4.94825 -0.84739 -5.22650 -6.53728 -11.17972 14.42921 -12.54814 -14.23216 5.49561 -1.11450 -7.46526 0.00000 0.00000 0.00000 -16.45136 -8.89418 -72.96695 34.63880 -29.27646 -79.89879 0.00000 2.82082 -0.00000 38.47691 -40.98588 -39.53040 -7.12502 -0.00000 0.00000 9.02152 -24.71000 -24.20282 0.00000 0.00000 0.00000 28.61666 -4.31424 39.91173 -35.17492 -33.03793 86.19055 -0.00000 -7.70303 -0.00000 -36.44082 17.15720 -21.77791 7.12502 -0.00000 -0.00000 -12.46941 2.64008 -56.76633
-0.16514 0.76916 -1.02707 -708.90969 7.38168 -408.99317 -0.00000 0.00000 -0.00000 380.58954 -73.20775 389.26616 -101.89203 66.24484 124.20993 -2.71063 -16.51533 -12.20737 -1.51928 -21.18682 -8.11026 -0.00000 0.00000 -0.00000 1.65916 -68.01466 -0.35341 99.80121 66.78742 -121.93037 -2.13130 9.15431 24.49302 0.01449 -2.13509 0.77749 0.51886 20.65172 -2.55946 2.00694 6.92227 -3.34175 2.59310 -3.89291 -1.74370 -7.28291 -5.89293 -11.42820 16.35094 -9.16716 -14.63136 6.15454 0.11891 -7.49805 -0.00000 0.00000 0.00000 -0.09597 5.54640 -77.83892 34.37849 -28.10920 -77.96351 0.00000 5.16965 -0.00000 34.95061 -39.64605 -42.39276 -7.12502 -0.00000 0.00000 7.72637 -22.17753 -25.23041 -0.00000 0.00000 0.00000 38.26870 11.56842 29.62060 -35.26426 -35.18128 89.85612 -0.00000 -4.09671 -0.00000 -38.54553 14.83666 -17.81701 7.12502 -0.00000 -0.00000 -13.70439 1.79884 -52.33512
-0.16333 0.80110 -1.02847 -710.35110 7.30886 -405.17041 -0.00000 0.00000 -0.00000 371.42191 -58.69091 380.16983 -99.08755 66.95948 121.15434 -1.71682 -14.98933 -9.24085 -1.83647 -23.14531 -8.95083 -0.00000 0.00000 -0.00000 17.54808 -65.41184 22.18424 89.99544 68.65643 -111.33932 -0.17406 4.35493 21.82770 0.94228 -16.88404 6.34252 -1.91441 18.30640 -3.38186 2.79507 6.49765 -4.80537 4.90951 -2.78155 -2.49588 -9.22898 -6.26325 -11.57906 17.26762 -5.80489 -14.98714 6.42940 1.38585 -7.47391 0.00000 0.00000 0.00000 16.61967 12.38654 -90.31658 33.21070 -24.26086 -71.56407 0.00000 10.37550 -0.00000 27.09543 -30.95458 -45.15263 -7.12502 -0.00000 0.00000 4.96878 -12.23339 -22.69180 0.00000 0.00000 0.00000 54.83223 24.74818 13.38258 -35.26431 -35.33178 90.11677 -0.00000 -0.58072 -0.00000 -41.90274 10.91094 -11.91130 7.12502 -0.00000 -0.00000 -15.90060 0.12792 -45.44904
-0.16351 0.81364 -1.02648 -710.63182 7.61995 -404.67104 -0.00000 0.00000 -0.00000 366.07180 -42.75479 379.08974 -78.44207 69.77140 98.98821 -1.38458 -13.49701 -8.27479 -2.34725 -25.90303 -10.18099 -0.00000 0.00000 -0.00000 36.90244 -61.09906 48.93325 70.95658 69.99709 -91.01797 0.58864 -5.90321 6.32174 1.35099 -20.04748 7.63235 -4.08159 15.96095 -4.29983 2.64321 5.14673 -6.28388 6.10341 -2.58962 -3.20704 -9.58681 -5.76774 -10.61858 16.89384 -3.29091 -13.90729 6.27120 1.86754 -6.84848 -0.00000 0.00000 0.00000 29.69017 13.16361 -102.78126 31.04157 -19.41758 -63.27165 0.00000 20.58640 -0.00000 18.19097 -29.09449 -55.94917 -7.12502 -0.00000 0.00000 1.73719 -6.85401 -30.74076 -0.00000 0.00000 0.00000 74.97597 30.54740 -4.90526 -35.06877 -31.95417 84.36392 -0.00000 1.11488 0.00000 -43.73919 10.76648 -11.04604 7.12502 -0.00000 -0.00000 -17.57471 -0.11963 -44.62229
-0.16045 0.82164 -1.01620 -710.24246 10.33979 -405.94862 -0.00000 0.00000 -0.00000 360.62750 -28.89705 381.93154 -35.05633 65.33939 52.44448 -0.71890 -23.27480 -6.06879 -3.02777 -29.03358 -11.65575 -0.00000 0.00000 -0.00000 45.53292 -54.29441 63.88401 27.47889 62.35106 -44.00847 0.03738 -11.86526 2.29227 0.83513 -15.93060 5.96321 -5.56387 12.22743 -6.49018 4.10803 3.36366 -9.19222 8.63791 -1.53094 -4.67946 -8.51608 -8.14845 -7.93223 13.55784 0.42659 -10.37979 4.92811 2.58544 -4.92265 -0.00000 0.00000 0.00000 36.13233 13.01868 -110.89827 28.89249 -15.86338 -56.81114 0.00000 25.36520 -0.00000 13.16889 -28.23938 -63.68767 -7.12502 -0.00000 0.00000 0.58193 -4.17357 -37.05510 -0.00000 0.00000 0.00000 83.15826 32.06359 -14.58025 -33.70162 -25.69504 73.95801 -0.00000 -7.38514 -0.00000 -39.46382 10.14588 -12.07737 7.12502 -0.00000 -0.00000 -13.48806 0.06251 -45.26061
-0.15240 0.82238 -1.00418 -707.13639 14.42324 -400.65433 -0.00000 0.00000 -0.00000 351.77314 -23.13329 377.72816 -13.11410 51.24017 26.95806 -2.34136 -39.76286 -11.12939 -5.66426 -37.84177 -16.42437 -0.00000 0.00000 -0.00000 36.04241 -51.08908 68.55410 7.40317 42.00212 -19.13195 0.22238 -9.02614 3.06285 6.30042 -39.47347 17.44265 -7.60497 6.89323 -11.35849 6.49420 1.95532 -15.66486 11.81255 2.37963 -8.21993 -7.03267 -10.38835 -5.46247 11.98763 -0.01274 -7.00288 4.36072 2.35137 -3.22663 -0.00000 0.00000 -0.00000 34.79819 10.86346 -114.80658 26.25715 -12.41940 -50.01926 0.00000 27.03030 -0.00000 12.98899 -27.88214 -63.74565 -7.12502 -0.00000 0.00000 0.53221 -3.79966 -37.02055 -0.00000 0.00000 -0.00000 81.91507 31.64700 -18.29491 -32.25005 -21.88932 67.55536 -0.00000 -17.68210 -0.00000 -34.52647 13.48839 -18.72886 7.12502 -0.00000 -0.00000 -9.75721 1.31056 -52.57613
-0.14242 0.83333 -0.99862 -705.24846 13.29141 -393.58107 -0.00000 0.00000 -0.00000 345.19404 -19.89125 373.95915 -8.52969 44.26646 20.77922 -1.66733 -41.97146 -10.35548 -5.86918 -38.38293 -16.75637 -0.00000 0.00000 -0.00000 18.10852 -46.01188 65.80330 5.17686 36.48905 -15.61763 0.53648 -3.27614 7.80712 0.01161 1.91170 -0.69608 -8.17019 7.00158 -13.91191 5.70289 1.77076 -19.08727 11.23948 2.99127 -9.95145 -9.65831 -9.97531 -6.43615 16.19479 -3.31854 -7.99144 6.17260 1.74700 -3.76565 0.00000 0.00000 -0.00000 30.00922 11.38604 -116.29146 24.51583 -10.52498 -45.94769 0.00000 23.19560 -0.00000 16.13552 -23.03802 -53.52563 -7.12502 -0.00000 0.00000 0.39308 -1.19951 -26.85459 0.00000 0.00000 -0.00000 83.74011 17.50223 -20.96446 -31.10874 -19.54395 63.49407 -0.00000 -10.58280 -0.00000 -29.54312 17.32612 -27.71988 7.12502 -0.00000 -0.00000 -6.72266 2.07332 -62.06251
-0.12706 0.84637 -0.99722 -707.01939 12.82615 -390.67536 -0.00000 0.00000 -0.00000 344.66354 -18.73689 370.63155 -8.51922 44.24669 20.76422 -2.36343 -37.86584 -10.95010 -4.64931 -34.90838 -14.71365 -0.00000 0.00000 -0.00000 16.02358 -46.36600 57.17893 5.52064 37.45306 -16.18924 0.08390 -7.04364 1.95922 0.30752 -9.77508 3.59512 -5.79313 7.81839 -13.19545 6.81046 2.28974 -18.00096 11.32363 2.48281 -9.39197 -10.64679 -7.93955 -7.70001 13.88766 -5.99174 -9.46638 5.75227 0.73886 -4.62604 0.00000 0.00000 0.00000 18.30012 17.18275 -112.26513 25.33467 -11.38375 -47.82973 0.00000 17.67070 -0.00000 21.86613 -23.63266 -44.96860 -7.12502 -0.00000 0.00000 2.15207 -4.53726 -19.59083 0.00000 0.00000 0.00000 80.39603 1.15902 -22.10951 -31.31861 -19.94621 64.19939 -0.00000 -13.58940 -0.00000 -33.90653 26.77603 -33.83220 7.12502 -0.00000 -0.00000 -13.54587 6.67900 -70.76889
-0.11368 0.86766 -0.98843 -707.34924 9.91401 -393.81622 -0.00000 0.00000 -0.00000 341.42991 -14.05777 370.72387 -6.98261 41.07822 18.49778 -0.87143 -32.80494 -7.63549 -4.25408 -33.63284 -14.01182 -0.00000 0.00000 -0.00000 17.25374 -50.11666 41.59317 6.29834 39.46836 -17.43937 1.38839 -6.36406 11.49167 1.10136 -18.19376 6.87037 -5.61709 6.74188 -11.37097 6.46242 3.59851 -15.56426 10.20639 3.54993 -8.21430 -9.36845 -5.86475 -7.45174 10.94499 -3.44615 -9.44642 4.60880 0.90508 -4.62738 0.00000 0.00000 -0.00000 6.86505 21.09775 -100.78140 25.95838 -12.07561 -49.30139 0.00000 6.11833 -0.00000 29.98032 -30.43696 -41.28753 -7.12502 -0.00000 0.00000 6.24214 -13.21431 -19.42956 0.00000 0.00000 -0.00000 69.42183 0.00000 -18.27418 -31.37913 -20.06439 64.40585 -0.00000 -17.16800 -0.00000 -31.11298 29.01553 -38.78742 7.12502 -0.00000 -0.00000 -12.37828 7.48541 -75.69302
-0.10532 0.89281 -0.98356 -707.65634 7.84018 -399.48589 -0.00000 0.00000 -0.00000 337.77928 -13.28498 365.19357 -8.11842 43.47270 20.18579 2.07723 -24.31120 1.15944 -3.39862 -30.54406 -12.40215 -0.00000 0.00000 -0.00000 20.95901 -52.17164 28.91618 9.54250 46.07982 -22.20703 -0.08142 -5.91304 0.18141 0.46405 -11.96800 4.42487 -7.43805 5.73152 -9.43197 6.19274 4.88203 -13.08913 10.48309 5.17515 -7.14735 -6.91986 -4.92021 -6.30123 8.99881 1.38535 -8.29613 3.86117 2.04320 -4.03609 -0.00000 0.00000 0.00000 -7.74595 19.86137 -83.81080 24.27315 -10.28061 -45.39984 0.00000 2.61677 -0.00000 32.67918 -28.11768 -36.30427 -7.12502 -0.00000 0.00000 7.54952 -12.95202 -14.40402 -0.00000 0.00000 0.00000 55.24608 2.21510 -6.77378 -30.73710 -18.85843 62.28235 -0.00000 -6.67022 -0.00000 -29.44992 29.70022 -41.26744 7.12502 -0.00000 -0.00000 -11.53249 7.61240 -77.99287
-0.09199 0.91957 -0.97862 -708.56181 6.71990 -408.61373 -0.00000 0.00000 -0.00000 335.22605 -17.17338 356.20263 -13.61615 51.84569 27.59918 1.10671 -14.32290 2.48670 -0.41559 -11.33747 -4.18493 -0.00000 0.00000 -0.00000 24.88194 -51.23488 19.29300 13.96443 52.25159 -28.04085 0.55876 -4.19020 7.17191 0.03316 -3.22880 1.17652 -5.56918 6.03206 -6.51284 4.29180 6.12848 -9.09011 7.41727 4.64009 -4.97643 -4.42513 -3.60255 -5.63440 8.89797 4.87092 -7.82220 3.31417 2.77890 -3.75104 -0.00000 0.00000 0.00000 -19.99107 10.17996 -68.78482 19.64784 -6.36770 -35.61821 0.00000 7.90941 -0.00000 35.05857 -24.15116 -30.24436 -7.12502 -0.00000 0.00000 8.79502 -11.67863 -7.60790 -0.00000 0.00000 0.00000 43.87834 2.54209 5.17762 -30.44773 -18.34641 61.36858 -0.00000 -3.68586 -0.00000 -30.50918 30.76187 -40.95757 7.12502 -0.00000 -0.00000 -12.63675 8.38334 -78.03561
-0.07825 0.93713 -0.97021 -709.00540 7.23235 -419.70335 -0.00000 0.00000 -0.00000 333.78506 -24.03812 346.31992 -20.39361 58.14440 35.85626 -1.16465 -11.83656 -7.69089 -0.64798 -14.08751 -5.24062 -0.00000 0.00000 -0.00000 27.69568 -47.15544 12.67083 14.00706 52.30051 -28.09475 0.61419 -1.60387 11.04541 0.34649 10.36735 -3.81796 -2.54633 7.37922 -3.35786 2.53809 7.40096 -4.81905 4.00047 3.99980 -2.67053 -6.08728 -4.03121 -5.12581 13.24505 4.82551 -7.35429 4.62187 2.78567 -3.42038 0.00000 0.00000 -0.00000 -28.16177 -7.45292 -59.13557 12.69200 -2.51927 -22.36769 0.00000 8.61763 -0.00000 36.71153 -19.32675 -23.93279 -7.12502 -0.00000 0.00000 9.69142 -9.84679 -0.03942 0.00000 0.00000 -0.00000 32.07898 -0.61715 18.54123 -29.82294 -17.29846 59.47254 -0.00000 -5.71047 -0.00000 -31.52844 31.45144 -40.38158 7.12502 -0.00000 -0.00000 -13.56825 8.93033 -77.74981
-0.07338 0.94409 -0.95954 -705.62640 5.29852 -433.61399 -0.00000 0.00000 -0.00000 330.86267 -27.21784 334.77024 -16.04934 54.46566 30.63860 3.90374 -23.34454 6.91521 -0.21344 -8.16006 -2.99162 -0.00000 0.00000 -0.00000 26.79451 -48.03265 6.94861 10.91701 48.26602 -24.08075 -0.05457 3.88272 20.93182 2.35879 25.96074 -10.20738 -5.10963 8.55262 -0.20734 -0.31896 7.39913 -0.80359 2.51927 2.97200 -0.70448 -2.91942 -4.54378 -2.79951 9.77847 3.67656 -4.09334 3.54116 2.28617 -1.86955 0.00000 0.00000 -0.00000 -28.92935 -26.78465 -46.00605 7.41021 -0.83942 -12.90803 0.00000 4.89838 -0.00000 40.11910 -10.81980 -12.55897 -7.12502 -0.00000 0.00000 12.13672 -7.49237 13.76994 0.00000 0.00000 -0.00000 24.49648 -7.69430 36.08931 -27.68386 -14.18396 53.58111 -0.00000 -2.09820 -0.00000 -30.39567 31.58932 -41.76473 7.12502 -0.00000 -0.00000 -12.87702 8.85158 -78.94435
-0.07708 0.94820 -0.94384 -701.74863 2.08330 -451.96718 -0.00000 0.00000 -0.00000 332.87951 -24.98927 319.11744 -11.09033 48.52213 24.31254 13.55163 -33.75709 20.75519 -0.00306 -0.98217 -0.35752 -0.00000 0.00000 -0.00000 23.01290 -55.33292 -7.17998 10.46969 47.58573 -23.47813 -7.27337 18.33811 27.46058 2.84150 28.22719 -11.26702 -8.34181 8.60877 5.16833 -4.73054 6.07130 5.93446 -0.56565 1.21997 2.65072 0.44786 -7.71056 -2.04374 7.87321 5.15076 -3.40598 2.26979 3.18152 -1.41395 0.00000 0.00000 0.00000 -13.38047 -28.63036 -19.65867 7.77642 -0.92551 -13.55390 0.00000 -0.71438 0.00000 38.34728 -3.74406 -4.71870 -7.12502 -0.00000 0.00000 10.75084 -4.17206 24.03494 0.00000 0.00000 0.00000 26.41797 -15.41193 49.23394 -25.84517 -11.94748 49.03163 -0.00000 -0.03728 -0.00000 -32.42460 31.45761 -39.40488 7.12502 -0.00000 -0.00000 -14.16988 9.05452 -76.93591
-0.08551 0.94129 -0.92512 -697.55215 2.07823 -464.59395 -0.00000 0.00000 -0.00000 339.85377 -23.47764 303.70191 -11.76466 49.48135 25.20597 5.32711 -29.68314 6.49928 -0.00152 -0.69094 -0.25149 -0.00000 0.00000 -0.00000 17.54443 -61.81393 -24.93613 12.38523 50.31525 -26.01725 -4.73750 14.96747 22.79695 0.00338 -1.03151 0.37548 -7.29209 6.43394 8.30810 -6.59586 5.62857 10.33216 -2.96520 2.28672 4.86556 -2.48808 -12.27700 -1.55755 9.94058 5.38474 -2.62256 3.20621 3.77940 -0.87343 -0.00000 0.00000 0.00000 -8.21237 -28.07548 1.36279 10.18061 -1.60080 -17.82694 0.00000 -6.02047 0.00000 41.58645 -7.12349 -7.95502 -7.12502 -0.00000 0.00000 13.49259 -6.55621 19.55228 -0.00000 0.00000 0.00000 23.04668 -21.96773 55.88244 -25.14642 -11.18149 47.39224 -0.00000 -4.72059 -0.00000 -33.06829 31.51120 -38.75533 7.12502 -0.00000 -0.00000 -14.62525 9.16886 -76.40951
-0.08599 0.92691 -0.91346 -696.31341 -0.04055 -467.50395 -0.00000 0.00000 -0.00000 339.63488 -28.33618 304.95570 -13.82210 52.08707 27.86065 0.52198 -24.83393 -3.11873 -0.07372 -4.81004 -1.75511 -0.00000 0.00000 -0.00000 1.19834 -65.60622 -42.84838 17.73093 56.02035 -32.68512 -4.96856 16.05312 20.99197 0.02527 2.81921 -1.02699 -8.68563 7.54377 9.67239 -8.59517 5.54688 11.74065 -4.62479 1.83589 5.52820 1.24474 -9.70802 -1.28577 7.04512 0.98906 -2.24441 1.92635 2.07329 -0.95270 -0.00000 0.00000 -0.00000 -7.83804 -35.56627 11.04361 11.78251 -2.16057 -20.71257 0.00000 -4.16858 0.00000 44.29188 -10.70527 -10.78043 -7.12502 -0.00000 0.00000 15.63585 -9.18735 15.29650 -0.00000 0.00000 -0.00000 16.86250 -24.50278 51.39623 -25.34563 -11.39561 47.85528 -0.00000 -5.28085 -0.00000 -35.50178 29.18514 -34.35619 7.12502 -0.00000 -0.00000 -15.53992 8.14659 -72.00327
-0.08447 0.90668 -0.89645 -695.67070 -2.03872 -464.44992 -0.00000 0.00000 -0.00000 333.19005 -36.96840 308.43397 -19.41632 57.40778 34.70106 3.68603 -26.64419 4.27768 -1.69040 -22.27101 -8.57245 -0.00000 0.00000 -0.00000 -21.24900 -67.79439 -60.30272 26.90464 62.07074 -43.35936 -6.03836 18.44995 20.92883 1.04492 17.74213 -6.68742 -8.01567 8.57462 9.65298 -9.58840 5.98111 11.60132 -6.16398 2.10457 5.49569 3.39615 -6.08190 -2.13952 4.92947 -0.51629 -3.23865 0.86954 0.87832 -1.58365 -0.00000 0.00000 0.00000 -12.06155 -40.04608 12.11811 12.85618 -2.58727 -22.66790 0.00000 -7.00724 0.00000 45.21140 -10.81196 -10.54808 -7.12502 -0.00000 0.00000 16.40557 -9.61803 15.42585 -0.00000 0.00000 0.00000 11.88625 -23.28173 40.07152 -27.01114 -13.32537 51.87213 -0.00000 -2.47875 -0.00000 -36.84541 28.83952 -32.77007 7.12502 -0.00000 -0.00000 -16.41793 8.09888 -70.55353
-0.07952 0.88000 -0.88214 -694.94894 -1.58359 -457.45254 -0.00000 0.00000 -0.00000 324.45012 -46.35878 308.99639 -29.53212 63.28383 46.31648 0.87721 -23.63992 -1.87416 -1.74944 -22.62970 -8.72705 -0.00000 0.00000 -0.00000 -44.41633 -66.66055 -78.51196 41.55078 67.10800 -59.53894 -5.36418 17.49234 19.68601 1.84398 23.18912 -8.96993 -4.74108 10.90156 8.51130 -8.88993 6.59201 10.19965 -7.44890 1.85744 4.94606 2.48996 -5.27705 -3.48501 5.71007 1.78266 -5.04544 1.17975 1.53071 -2.40175 0.00000 0.00000 0.00000 -21.51786 -38.21565 10.79358 15.11699 -3.62863 -26.85299 0.00000 -12.62100 0.00000 45.08172 -13.52786 -13.12959 -7.12502 -0.00000 0.00000 16.11644 -10.88459 11.83467 0.00000 0.00000 0.00000 11.34529 -21.74529 26.02777 -30.19456 -17.91274 60.58835 -0.00000 -7.26210 -0.00000 -38.37753 24.59585 -27.72443 7.12502 -0.00000 -0.00000 -16.28447 6.03190 -64.78442
-0.07230 0.84020 -0.87189 -694.33406 0.82536 -452.25476 -0.00000 0.00000 -0.00000 316.01540 -57.56759 308.32937 -49.79708 68.62674 68.43789 -0.61594 -23.26391 -5.79673 -1.83811 -23.15487 -8.95500 -0.00000 0.00000 -0.00000 -58.66090 -67.04684 -88.10690 65.91530 69.94688 -85.65267 -1.25118 7.16303 17.21695 0.26474 9.07788 -3.33389 -0.87899 13.77176 7.61906 -7.48784 6.98174 9.29245 -8.44306 1.04979 4.62002 -0.52058 -7.20592 -4.32647 6.37652 3.30866 -6.08607 1.78958 2.52425 -2.85102 -0.00000 0.00000 0.00000 -31.01379 -32.93339 10.83947 17.85026 -5.16835 -32.06805 0.00000 -16.67910 0.00000 46.09392 -17.74045 -16.34573 -7.12502 -0.00000 0.00000 16.61102 -13.53239 6.89044 -0.00000 0.00000 0.00000 15.21831 -23.41828 13.24749 -33.26593 -24.41295 71.81878 -0.00000 -13.94220 -0.00000 -38.56959 21.60947 -24.78923 7.12502 -0.00000 -0.00000 -15.56176 4.62245 -61.13964
-0.06433 0.78731 -0.86480 -693.75964 3.08482 -448.71374 -0.00000 0.00000 -0.00000 300.73965 -68.45930 298.40218 -80.52600 69.64266 101.21001 -0.96607 -23.87212 -6.76651 -1.73074 -22.51693 -8.67836 -0.00000 0.00000 -0.00000 -76.72773 -68.60985 -100.39335 95.43718 67.74459 -117.19930 0.99171 -7.28768 8.40664 0.19198 -7.74239 2.83644 2.08495 17.42909 6.25816 -5.84569 6.66158 7.84200 -8.77939 -1.23523 3.87154 -2.28231 -8.26401 -4.17386 4.41040 2.65889 -5.56581 1.47644 2.46961 -2.66811 0.00000 0.00000 0.00000 -38.64253 -28.34560 15.04503 20.28602 -6.83275 -36.90671 0.00000 -18.44440 0.00000 46.05321 -20.29117 -18.48325 -7.12502 -0.00000 0.00000 16.35830 -14.92033 3.74329 0.00000 0.00000 0.00000 21.52785 -26.49554 6.31578 -34.97480 -31.22306 83.13920 -0.00000 -20.69930 -0.00000 -39.59076 22.42206 -24.75993 7.12502 -0.00000 -0.00000 -16.64263 5.05538 -61.42481
-0.05711 0.73014 -0.86184 -692.10555 2.68978 -447.33607 -0.00000 0.00000 -0.00000 259.45685 -76.74212 262.07090 -106.48626 64.82411 129.25642 -1.97868 -22.82914 -9.31660 -1.52520 -21.22552 -8.12663 -0.00000 0.00000 -0.00000 -103.65995 -70.90077 -117.89660 112.44588 62.38712 -135.90662 -0.09084 -15.11206 2.30790 0.12482 -6.25207 2.28525 1.76212 19.80488 5.54185 -5.35636 6.24765 6.81111 -8.30973 -3.19128 3.25584 -3.53178 -10.47121 -3.49614 1.81883 1.30682 -4.34058 0.91183 2.33976 -2.15129 0.00000 0.00000 -0.00000 -45.44396 -26.23958 19.13391 22.18631 -8.35161 -40.84813 0.00000 -19.69200 0.00000 46.11847 -23.04899 -20.63252 -7.12502 -0.00000 0.00000 16.13218 -16.53696 0.46024 0.00000 0.00000 -0.00000 29.99280 -29.93087 3.69645 -35.13196 -37.89194 94.63570 -0.00000 -25.74570 -0.00000 -39.95083 22.38467 -24.44839 7.12502 -0.00000 -0.00000 -16.93174 5.05490 -61.14194
-0.04906 0.65816 -0.86154 -691.85544 2.60413 -445.27577 -0.00000 0.00000 -0.00000 210.98602 -73.77389 214.59367 -121.68405 56.51988 146.61146 -4.27970 -19.58909 -15.78142 -0.95856 -17.02356 -6.39836 -0.00000 0.00000 -0.00000 -125.85429 -69.47581 -130.29283 120.78848 57.24740 -145.54223 1.17168 -19.42669 7.09657 0.65147 -14.12438 5.25495 1.82795 22.76939 4.02382 -4.69870 6.86627 4.77761 -7.46602 -4.44531 2.17559 -3.36676 -14.40096 -1.54860 -2.09815 -0.35939 -1.53779 -0.21914 2.38207 -0.90733 -0.00000 0.00000 0.00000 -51.08553 -28.04411 21.25640 22.68586 -8.78681 -41.91400 0.00000 -18.74070 0.00000 45.24193 -27.29042 -24.44869 -7.12502 -0.00000 0.00000 15.04476 -18.66145 -4.96899 -0.00000 0.00000 0.00000 40.70061 -31.14575 6.87388 -33.83169 -43.48998 105.34969 -0.00000 -24.94160 -0.00000 -42.90418 22.23283 -22.15205 7.12502 -0.00000 -0.00000 -19.37724 5.07058 -59.10606
-0.04292 0.59095 -0.86250 -694.81850 4.08719 -441.81669 -0.00000 0.00000 -0.00000 190.21134 -69.35663 192.19252 -128.98973 48.40433 155.79441 -6.20456 -14.37344 -23.46984 -0.46087 -11.92771 -4.40951 -0.00000 0.00000 -0.00000 -120.80310 -63.08774 -120.52503 128.03210 49.75941 -154.52723 6.01341 -22.21713 19.15331 2.78661 -27.98283 11.15049 4.25946 29.65913 2.25947 -3.37512 7.97398 3.11293 -7.30812 -6.77937 1.20897 -1.63863 -15.35243 0.27404 -6.75632 -5.94045 0.28793 -1.85774 0.70768 -0.09995 0.00000 0.00000 -0.00000 -56.25915 -25.69172 20.04344 22.48259 -8.60781 -41.47864 0.00000 -20.81870 0.00000 44.76436 -31.19438 -27.57451 -7.12502 -0.00000 0.00000 14.18537 -20.90546 -9.68721 0.00000 0.00000 -0.00000 50.58382 -30.07135 9.29855 -31.47250 -47.94206 115.27281 -0.00000 -21.68200 -0.00000 -46.82974 22.78571 -19.96645 7.12502 -0.00000 -0.00000 -22.86244 5.34199 -57.45129
-0.03726 0.52381 -0.85825 -700.03041 5.63487 -437.44389 -0.00000 0.00000 -0.00000 175.73520 -63.57742 178.46583 -133.85724 39.08207 162.80639 -7.16572 -11.56569 -28.32834 -0.22574 -8.38961 -3.07706 -0.00000 0.00000 -0.00000 -109.95243 -41.70488 -107.77660 132.39035 42.43913 -160.56079 12.87066 -28.24387 30.18583 5.63663 -37.76758 16.37928 11.04369 38.91810 -1.64884 -2.94663 8.82081 0.99662 -8.57452 -8.86569 0.05291 0.55295 -13.99784 2.03213 -10.60876 -14.11455 1.23551 -3.59220 -2.13619 0.45181 0.00000 0.00000 -0.00000 -59.06198 -19.60988 15.89044 21.42320 -7.71651 -39.24503 0.00000 -22.39890 0.00000 44.73920 -25.26269 -23.30019 -7.12502 -0.00000 0.00000 14.94938 -17.17137 -2.87424 0.00000 0.00000 -0.00000 56.67815 -23.62483 11.07142 -29.29723 -50.54062 122.05250 -0.00000 -19.57300 -0.00000 -47.73401 25.24773 -21.18894 7.12502 -0.00000 -0.00000 -24.17241 6.64841 -59.46395
-0.03880 0.44860 -0.86372 -699.10339 8.25280 -443.16904 -0.00000 0.00000 -0.00000 139.75669 -35.33621 142.95481 -137.22941 27.91092 168.88370 -11.37298 -8.19986 -41.71544 -0.11093 -5.89561 -2.15394 -0.00000 0.00000 -0.00000 -111.51837 -14.73838 -115.68646 136.07377 32.50676 -166.58898 23.60056 -34.65140 43.49896 6.41451 -39.75169 17.62159 3.02614 37.49809 3.57143 -1.91967 9.67278 4.19962 -5.30473 -7.25975 1.55541 1.43080 -10.63033 3.74882 -12.77399 -21.97022 2.24588 -4.33569 -4.66156 1.26010 -0.00000 0.00000 0.00000 -61.27178 -15.34906 13.33684 21.19727 -7.53510 -38.77584 0.00000 -23.89040 0.00000 42.38751 -20.13411 -20.66310 -7.12502 -0.00000 0.00000 13.69119 -13.06337 2.14403 -0.00000 0.00000 0.00000 56.32603 -11.85230 15.14146 -29.82328 -49.98730 120.52644 -0.00000 -17.56780 -0.00000 -47.96321 28.28831 -23.13511 7.12502 -0.00000 -0.00000 -25.02794 8.34592 -62.26930
-0.03721 0.39456 -0.85175 -702.90313 10.01113 -441.62164 -0.00000 0.00000 -0.00000 146.33119 -32.83104 143.60282 -138.50509 21.02661 171.95741 -11.26534 -7.83518 -41.93595 -0.00293 0.96101 0.34981 -0.00000 0.00000 -0.00000 -109.87425 11.30774 -110.31001 137.45263 26.87920 -169.36880 34.52467 -41.69277 54.55904 6.55139 -40.08009 17.83491 5.46837 41.08802 2.31017 -2.39613 10.78661 3.37404 -6.59885 -7.12047 1.13149 0.90677 -11.38213 4.28540 -9.65552 -23.82521 3.36175 -3.37427 -5.17085 1.69843 -0.00000 0.00000 -0.00000 -60.16502 -13.71817 8.14182 20.78075 -7.20833 -37.91700 0.00000 -25.96700 0.00000 41.57380 -15.31634 -16.58308 -7.12502 -0.00000 0.00000 13.23701 -10.18613 8.06400 -0.00000 0.00000 -0.00000 53.68596 -5.12513 22.01136 -32.09563 -47.00270 113.03039 -0.00000 -14.58570 -0.00000 -45.80140 30.16654 -26.04248 7.12502 -0.00000 -0.00000 -23.71040 9.39240 -65.38435
-0.03161 0.36661 -0.83876 -705.74543 12.15012 -440.00506 -0.00000 0.00000 -0.00000 150.13528 -33.03854 145.48490 -138.92434 17.98980 173.21238 -12.21801 -8.85525 -42.60414 -0.11513 6.00561 2.19444 -0.00000 0.00000 -0.00000 -113.35914 16.15127 -104.58923 137.70297 25.64974 -169.93449 40.54951 -43.62947 60.74744 7.37110 -41.93331 19.08400 7.56522 44.07041 1.22938 -3.86559 11.12792 2.76832 -8.87380 -7.55974 0.85341 1.41015 -9.81461 4.16500 -6.18789 -26.27936 3.69021 -2.51708 -6.28232 1.66064 -0.00000 0.00000 0.00000 -54.04804 -13.37852 0.16900 19.86209 -6.52144 -36.04900 0.00000 -32.29220 0.00000 37.34555 -6.66229 -8.64522 -7.12502 -0.00000 0.00000 9.79777 -4.78679 19.20902 -0.00000 0.00000 0.00000 51.01544 -2.72219 28.76716 -33.55803 -44.17561 106.77505 -0.00000 -16.82280 -0.00000 -43.87821 31.18123 -28.29927 7.12502 -0.00000 -0.00000 -22.44999 9.91081 -67.61419
-0.02210 0.36800 -0.81691 -707.67803 14.55381 -436.39741 -0.00000 0.00000 -0.00000 151.31368 -37.35324 153.44437 -138.83145 18.71460 172.91738 -10.80134 -10.82624 -37.62550 -0.49347 12.33382 4.56462 -0.00000 0.00000 -0.00000 -115.82358 7.22651 -101.07575 137.05416 28.68311 -168.51400 38.21673 -40.26201 58.98315 8.09343 -43.42331 20.14945 10.88261 44.68911 -0.94401 -4.87995 11.97076 1.45263 -10.71277 -6.93745 0.36371 2.34695 -8.51141 3.52612 -4.65921 -27.73594 3.04942 -2.21979 -7.02065 1.16318 -0.00000 0.00000 -0.00000 -49.65658 -17.06238 -10.88915 18.42181 -5.53265 -33.18512 0.00000 -41.69640 0.00000 35.21613 -2.73813 -3.87184 -7.12502 -0.00000 0.00000 7.94378 -2.86859 25.26992 -0.00000 0.00000 -0.00000 48.07245 -6.50219 35.68886 -34.31202 -42.06712 102.48411 -0.00000 -21.14800 -0.00000 -41.40960 30.91205 -30.22106 7.12502 -0.00000 -0.00000 -20.47988 9.62421 -69.11504
-0.01278 0.39141 -0.79151 -709.28763 18.47755 -434.11768 -0.00000 0.00000 -0.00000 152.52014 -44.63763 157.16467 -138.36941 21.89990 171.58660 -10.04837 -11.55785 -35.27104 -0.79004 15.50913 5.79678 -0.00000 0.00000 -0.00000 -114.32981 -16.87155 -99.59797 135.64911 33.95319 -165.81411 27.56360 -29.45843 50.46602 8.10632 -43.44880 20.16820 11.98446 44.70175 -1.34099 -5.99307 11.75835 1.36515 -12.41717 -7.19070 0.35654 2.16088 -7.64141 2.14473 -0.31105 -26.03192 2.16133 -0.69548 -6.69931 0.49520 0.00000 0.00000 -0.00000 -46.03420 -22.11487 -22.44910 16.26108 -4.23383 -29.01245 0.00000 -44.46060 0.00000 33.35500 -1.52715 -2.31846 -7.12502 -0.00000 0.00000 6.27060 -2.02028 27.21227 0.00000 0.00000 -0.00000 46.84613 -9.38606 39.42089 -34.59324 -41.03031 100.46502 -0.00000 -21.51500 -0.00000 -39.94346 33.19824 -33.17823 7.12502 -0.00000 -0.00000 -20.03464 10.85259 -72.30874
-0.00692 0.42409 -0.76254 -710.42771 23.31854 -431.71657 -0.00000 0.00000 -0.00000 156.35944 -50.88505 161.75029 -137.65752 25.87916 169.82991 -8.33106 -10.18232 -32.69394 -0.97429 17.15709 6.45189 -0.00000 0.00000 -0.00000 -110.70574 -43.94851 -95.90512 133.40664 40.17964 -162.09998 13.96020 -10.18000 44.33250 5.97296 -38.65122 16.92303 6.51158 40.82391 1.73478 -4.28245 11.97059 2.80177 -8.82699 -5.72061 1.01360 1.37874 -6.88976 0.91148 4.46990 -23.14239 1.41457 1.02841 -5.92348 -0.03926 0.00000 0.00000 0.00000 -50.35226 -28.61662 -35.56561 12.99608 -2.64601 -22.92409 0.00000 -37.86030 0.00000 27.75194 -0.89430 -1.69908 -7.12502 -0.00000 0.00000 1.10886 -0.33779 28.05977 0.00000 0.00000 0.00000 41.15797 -13.65656 40.69026 -34.67736 -40.67394 99.78299 -0.00000 -26.34280 -0.00000 -39.12587 34.56390 -34.89383 7.12502 -0.00000 -0.00000 -19.84581 11.60721 -74.13788
-0.00589 0.46006 -0.72855 -713.86681 29.14210 -429.61799 -0.00000 0.00000 -0.00000 159.09851 -58.23513 160.17390 -136.86587 29.47912 168.12663 -7.09469 -7.40891 -32.68945 -0.46752 12.01175 4.44156 -0.00000 0.00000 -0.00000 -94.16001 -69.04821 -81.28610 130.04165 46.77204 -157.21899 1.78766 4.11893 36.82062 4.24932 -33.61697 14.00324 2.33381 37.71623 4.23306 -3.20012 11.68786 4.42900 -6.35400 -5.03883 1.71773 1.40889 -6.76899 -0.14199 12.14966 -17.77249 0.84374 3.43334 -4.22971 -0.53062 -0.00000 0.00000 0.00000 -58.31630 -34.54323 -49.17937 9.93513 -1.52293 -17.38771 0.00000 -32.91110 0.00000 28.62753 -0.17200 -0.31511 -7.12502 -0.00000 0.00000 1.92109 -0.52864 29.61986 -0.00000 0.00000 0.00000 36.89246 -16.21120 40.33207 -34.78870 -40.15584 98.80148 -0.00000 -25.12390 -0.00000 -39.11130 31.55353 -32.76755 7.12502 -0.00000 -0.00000 -18.93915 9.82541 -71.44154
-0.00491 0.49422 -0.68095 -720.26609 33.86451 -425.30604 -0.00000 0.00000 -0.00000 158.31467 -69.04079 157.81033 -135.66408 33.90399 165.84094 -4.48100 -5.29447 -27.27465 -0.77773 15.39179 5.75057 -0.00000 0.00000 -0.00000 -44.32842 -75.48329 -36.34735 123.85920 54.55511 -149.24907 -0.03858 5.52901 30.25777 2.32304 -25.78139 10.12547 4.52650 36.77911 3.74299 -3.75766 11.89997 4.57382 -7.89831 -4.41764 1.87303 2.29499 -7.59594 -0.74193 19.87954 -11.83624 -0.18407 5.70023 -2.15125 -0.98878 0.00000 0.00000 -0.00000 -66.50722 -37.17695 -61.00392 6.85913 -0.71803 -11.93820 0.00000 -18.67080 0.00000 28.82384 -1.54981 -2.81371 -7.12502 -0.00000 0.00000 2.10688 -0.69431 26.76877 0.00000 0.00000 -0.00000 34.10922 -18.63542 40.50371 -35.03760 -38.68246 96.06944 -0.00000 -21.94390 -0.00000 -42.34610 29.54675 -28.41656 7.12502 -0.00000 -0.00000 -20.82987 8.90558 -67.14103
-0.00848 0.51576 -0.63090 -724.98137 37.68550 -423.54758 -0.00000 0.00000 -0.00000 150.37814 -74.84773 149.32971 -134.68893 36.87120 164.15769 -1.50787 -0.60294 -21.06595 -0.48098 12.18001 4.50581 -0.00000 0.00000 -0.00000 -19.20738 -74.30838 -18.87771 113.73245 61.74902 -137.36279 1.30341 0.98365 23.71966 3.43222 -30.67519 12.46813 5.02812 33.38343 3.44649 -4.15486 12.20955 4.33332 -8.28762 -2.89083 1.87530 1.97342 -7.63532 -0.67831 25.07625 -7.13199 -0.85655 7.41159 -0.58788 -1.04654 0.00000 0.00000 0.00000 -74.60327 -41.19267 -65.14011 5.41776 -0.44633 -9.41213 0.00000 -5.64268 0.00000 29.93958 -3.03044 -5.24453 -7.12502 -0.00000 0.00000 3.16607 -1.22101 23.93165 0.00000 0.00000 0.00000 29.10254 -20.02745 44.20630 -35.23358 -36.54396 92.23500 -0.00000 -23.30670 -0.00000 -42.56076 28.01903 -27.09283 7.12502 -0.00000 -0.00000 -20.59181 8.07010 -65.48816
-0.00948 0.52748 -0.57817 -729.10988 39.24239 -423.78380 -0.00000 0.00000 -0.00000 147.89836 -79.64976 149.10616 -133.48490 39.99358 162.22151 1.52775 8.91020 -12.43917 -0.79292 15.53642 5.80753 -0.00000 0.00000 -0.00000 -19.70910 -73.39465 -26.73638 103.25810 65.85716 -125.70466 1.77124 -0.41595 23.29495 3.23757 -29.90270 12.08221 3.52113 32.25993 3.32066 -4.27139 11.94444 3.71772 -7.50729 -2.97991 1.53224 1.10787 -6.39291 -0.62603 26.38710 -4.58327 -1.19492 7.97651 0.01256 -1.05300 0.00000 0.00000 -0.00000 -59.63170 -35.70907 -45.91196 8.60596 -1.13674 -15.02146 0.00000 -23.64690 0.00000 27.93366 -4.56134 -8.52997 -7.12502 -0.00000 0.00000 1.49970 -0.68940 20.31762 0.00000 0.00000 -0.00000 22.64755 -21.06533 49.94410 -35.22977 -33.88567 87.63084 -0.00000 -26.27860 -0.00000 -40.04729 25.35199 -26.99558 7.12502 -0.00000 -0.00000 -17.84647 6.52389 -64.43759
-0.01383 0.53473 -0.53087 -733.22768 39.86263 -422.50936 -0.00000 0.00000 -0.00000 145.69506 -81.28245 149.12845 -132.05172 43.13367 160.06227 1.32545 8.23850 -11.85426 -1.08713 18.08115 6.82466 -0.00000 0.00000 -0.00000 -33.78941 -71.37531 -49.08410 105.37429 65.19968 -128.02962 1.69248 0.82560 25.97196 2.53278 -26.80975 10.59889 2.65990 30.57146 3.28368 -3.77633 12.29869 3.43892 -6.85030 -2.28726 1.38129 -0.29764 -4.44074 -1.03337 25.77526 -3.96978 -1.60646 8.00469 -0.10121 -1.26475 0.00000 0.00000 -0.00000 -51.78346 -26.35941 -34.69453 9.79007 -1.47788 -17.12850 0.00000 -31.06310 0.00000 31.45374 -5.37223 -8.70219 -7.12502 -0.00000 0.00000 4.62782 -2.18387 19.79085 0.00000 0.00000 -0.00000 17.08433 -23.63784 53.93810 -34.99167 -31.34470 83.34262 -0.00000 -27.19480 -0.00000 -36.50699 22.04707 -26.89191 7.12502 -0.00000 -0.00000 -13.99438 4.67950 -63.12555
-0.02216 0.53583 -0.48531 -735.53536 38.18511 -420.16947 -0.00000 0.00000 -0.00000 190.52535 -82.33755 197.07798 -127.99828 49.80521 154.48293 0.01501 1.73904 -9.29005 -0.40465 11.18985 4.12893 -0.00000 0.00000 -0.00000 -53.75369 -62.72057 -75.00362 116.01973 60.49280 -139.97464 1.86399 1.08873 27.76999 2.37906 -26.06172 10.25362 0.45811 29.06743 2.74647 -2.89496 12.75612 2.31515 -4.27131 -1.45853 0.77389 -2.77582 -5.45422 -1.32442 24.87664 -0.89251 -2.49337 8.08776 1.09909 -1.28205 0.00000 0.00000 0.00000 -56.37805 -25.44824 -32.54691 9.87975 -1.50564 -17.28872 0.00000 -30.63870 0.00000 33.19562 -7.13477 -10.74882 -7.12502 -0.00000 0.00000 6.23247 -3.30587 17.16413 0.00000 0.00000 0.00000 11.54472 -25.97207 57.81233 -34.67528 -29.45769 80.19959 -0.00000 -28.16450 -0.00000 -29.57314 17.01177 -27.27453 7.12502 -0.00000 -0.00000 -6.63031 1.97928 -61.54814
-0.03085 0.53921 -0.44057 -737.94854 37.88422 -418.26185 -0.00000 0.00000 -0.00000 197.01225 -79.54494 202.62789 -119.49711 58.22392 144.01514 -0.67411 -2.01102 -10.98778 -0.81888 15.78022 5.90374 -0.00000 0.00000 -0.00000 -55.68872 -52.45790 -85.21880 122.49186 55.82478 -147.58386 1.13743 3.91688 32.36728 1.78460 -22.83986 8.81804 1.23194 28.86849 2.70963 -3.69254 12.23727 2.48041 -5.61322 -1.84972 0.92146 -2.33071 -5.60343 -2.23108 25.25050 0.69570 -4.16823 8.05387 1.82308 -1.97869 -0.00000 0.00000 -0.00000 -56.68506 -21.99379 -31.09492 9.94330 -1.52548 -17.40230 0.00000 -28.11070 0.00000 33.46310 -7.65333 -11.39218 -7.12502 -0.00000 0.00000 6.48951 -3.56218 16.35611 -0.00000 0.00000 -0.00000 10.28994 -26.38126 56.96469 -34.47488 -28.51906 78.64275 -0.00000 -26.50160 -0.00000 -24.00323 14.50511 -29.35650 7.12502 -0.00000 -0.00000 -1.15802 0.36358 -62.42843
-0.04379 0.53952 -0.39711 -738.48889 36.34682 -418.34354 -0.00000 0.00000 -0.00000 193.02736 -76.30573 196.65166 -104.08695 65.60820 126.61385 -0.58953 -9.09009 -5.32032 -1.00212 17.39032 6.54559 -0.00000 0.00000 -0.00000 -53.16348 -43.48397 -88.81564 125.47300 52.88414 -151.25070 -5.60704 14.20552 37.28830 1.30962 -19.75490 7.51084 -0.99770 27.82911 3.19833 -4.58144 12.32848 2.51491 -5.37666 -1.33755 0.90112 -2.95713 -5.14245 -2.40537 25.64752 -0.19804 -4.18141 8.32019 1.51424 -2.08959 -0.00000 0.00000 0.00000 -52.73184 -14.18029 -25.60463 11.20715 -1.94910 -19.67205 0.00000 -33.34600 0.00000 34.33092 -6.23005 -9.02888 -7.12502 -0.00000 0.00000 7.16845 -3.50226 19.09364 -0.00000 0.00000 0.00000 8.87406 -25.90845 56.10288 -34.55715 -28.88857 79.25535 -0.00000 -29.88990 -0.00000 -19.56990 11.51077 -29.30726 7.12502 -0.00000 -0.00000 3.68695 -1.07337 -61.20955
-0.05450 0.54200 -0.35360 -741.05731 35.75439 -417.12115 -0.00000 0.00000 -0.00000 194.91326 -75.40860 190.40198 -85.71505 69.18810 106.75238 -0.07007 -12.92173 -2.61966 -0.36650 10.65789 3.92760 -0.00000 0.00000 -0.00000 -43.49866 -36.93354 -86.72710 124.91556 53.48436 -150.55440 -18.75520 31.27531 34.37891 3.97499 32.67848 -13.50155 -1.50387 27.66993 3.65751 -4.77312 12.40832 2.96190 -5.41548 -1.14133 1.10371 -4.11444 -5.25180 -3.38683 26.04426 0.77674 -5.70963 8.58156 2.08737 -2.75296 0.00000 0.00000 0.00000 -55.19400 -15.19318 -25.19267 10.60152 -1.73917 -18.58180 0.00000 -29.47130 0.00000 30.93579 -5.69533 -9.40178 -7.12502 -0.00000 0.00000 4.20071 -2.05073 19.02432 0.00000 0.00000 0.00000 8.29107 -23.18724 53.25694 -34.67550 -29.45878 80.20139 -0.00000 -27.92980 -0.00000 -16.54738 7.65890 -24.15945 7.12502 -0.00000 -0.00000 7.96436 -1.41383 -55.00167
-0.06308 0.54336 -0.30918 -741.66299 31.82902 -417.75296 -0.00000 0.00000 -0.00000 199.35204 -77.08480 185.20229 -81.35186 69.58334 102.09106 -0.21942 -13.37299 -3.36525 -0.04693 3.83999 1.39988 -0.00000 0.00000 -0.00000 -43.71822 -30.91115 -81.28957 124.94271 53.45572 -150.58819 -16.63841 28.00783 35.63672 6.40327 39.72446 -17.60401 -3.81880 27.58271 4.51022 -6.02578 12.80989 3.35033 -5.68548 -0.64619 1.22326 -5.01023 -6.00850 -4.34729 26.29659 2.73717 -7.43979 8.67206 3.09045 -3.39668 0.00000 0.00000 -0.00000 -59.81734 -19.65796 -26.71224 9.05927 -1.26178 -15.82630 0.00000 -21.47760 0.00000 28.66767 -4.95893 -8.98413 -7.12502 -0.00000 0.00000 2.17681 -1.02797 19.73353 0.00000 0.00000 -0.00000 9.06404 -18.38942 50.19891 -34.67672 -29.46494 80.21162 -0.00000 -22.43720 -0.00000 -15.22453 5.59852 -19.72089 7.12502 -0.00000 -0.00000 9.96825 -0.90458 -50.13281
-0.06661 0.53939 -0.26566 -740.70642 25.14197 -420.61150 -0.00000 0.00000 -0.00000 191.89923 -79.33806 168.96058 -101.39722 66.37862 123.66959 -0.80663 -12.73127 -5.96844 -0.15070 6.86585 2.51180 -0.00000 0.00000 -0.00000 -55.25255 -33.80085 -72.98522 123.71524 54.69469 -149.07253 -28.29721 40.14709 37.63503 3.18935 29.70639 -11.98519 -6.73135 28.05442 5.46251 -8.20716 12.72099 3.52373 -6.79759 -0.92301 1.23121 -3.95762 -4.37535 -4.85308 25.28049 3.06945 -8.16521 8.12214 2.90773 -3.83652 0.00000 0.00000 0.00000 -67.02787 -27.41344 -28.68251 6.74030 -0.69314 -11.72939 0.00000 -8.34401 0.00000 30.18572 -5.22091 -8.89109 -7.12502 -0.00000 0.00000 3.51538 -1.66437 19.69558 0.00000 0.00000 0.00000 11.97741 -10.01322 47.70851 -34.53469 -28.78569 79.08476 -0.00000 -22.94470 -0.00000 -12.79982 4.95531 -20.81694 7.12502 -0.00000 -0.00000 12.34265 -1.28378 -50.84608
-0.06686 0.53890 -0.22378 -742.97193 20.26382 -422.82682 -0.00000 0.00000 -0.00000 140.12063 -77.39440 109.57506 -117.64283 59.49348 141.84886 -1.60237 -9.76504 -10.43753 -0.08897 5.28243 1.92848 -0.00000 0.00000 -0.00000 -54.71613 -44.06798 -55.86863 119.11403 58.49839 -143.56518 -39.06300 41.94549 48.42395 1.50066 21.06458 -8.05861 -7.47687 29.53177 6.20784 -8.44261 12.76001 3.95021 -7.03241 -1.51317 1.38706 -4.09061 -3.05002 -5.10372 24.89677 4.30304 -8.68384 7.99308 3.07991 -4.07989 -0.00000 0.00000 0.00000 -73.27081 -32.24620 -27.20384 5.27258 -0.42259 -9.15845 0.00000 3.80858 -0.00000 33.14328 -4.82459 -7.33955 -7.12502 -0.00000 0.00000 6.08560 -2.68978 21.24251 -0.00000 0.00000 0.00000 18.55998 0.13456 46.45832 -34.04744 -26.84541 75.86875 -0.00000 -21.21180 -0.00000 -11.57029 4.88243 -22.57384 7.12502 -0.00000 -0.00000 13.41667 -1.77546 -52.40035
-0.06830 0.52864 -0.18328 -743.55116 15.87332 -423.52896 -0.00000 0.00000 -0.00000 125.37651 -64.71889 90.14565 -126.73568 51.42395 152.84954 -1.91848 -3.46249 -18.22281 -0.00260 -0.90493 -0.32940 -0.00000 0.00000 -0.00000 -48.65278 -53.83036 -34.61351 111.69666 62.73824 -135.06245 -8.26461 19.54758 28.72999 0.00385 1.10107 -0.40081 -9.30918 29.88067 5.45641 -6.33556 13.88641 2.66863 -3.31055 -0.70302 0.57116 -6.79225 -4.95478 -4.79950 23.94830 5.78944 -8.23408 8.08674 3.83096 -3.64925 0.00000 0.00000 -0.00000 -70.11191 -11.05185 -17.92441 7.20394 -0.79284 -12.54472 0.00000 -12.35800 0.00000 40.06962 -4.78361 -5.66174 -7.12502 -0.00000 0.00000 12.25508 -5.11104 22.69996 0.00000 0.00000 -0.00000 27.83874 7.87423 47.92448 -32.68066 -22.89547 69.26562 -0.00000 -16.56060 -0.00000 -14.72398 6.08157 -21.95672 7.12502 -0.00000 -0.00000 10.20646 -1.33122 -52.35251
-0.06541 0.51664 -0.14087 -741.00759 11.08572 -422.41300 -0.00000 0.00000 -0.00000 116.70081 -58.37327 83.27627 -130.22713 46.46678 157.47419 -4.27441 -1.76800 -32.49541 -3.26716 -30.02214 -12.14145 -0.00000 0.00000 -0.00000 -36.28098 -59.11356 -9.30391 83.51556 69.40490 -104.40110 -0.32963 3.69518 9.64638 0.26474 -9.07788 3.33389 -8.05303 30.06051 4.20449 -5.92144 14.03221 1.52724 -3.18523 -0.62124 0.09069 -5.27416 -2.38835 -6.38183 24.19025 4.10398 -10.26631 7.89961 3.15307 -4.91074 0.00000 0.00000 -0.00000 -67.59696 12.00703 -13.60876 12.31092 -2.36529 -21.67257 0.00000 -18.15240 0.00000 50.47436 -9.17129 -7.49186 -7.12502 -0.00000 0.00000 21.06845 -10.93393 18.78592 0.00000 0.00000 -0.00000 47.56117 10.76021 40.71517 -30.38688 -18.24101 61.17949 -0.00000 -14.51450 -0.00000 -20.19394 9.01438 -23.07347 7.12502 -0.00000 -0.00000 4.31125 -0.72976 -54.58923
-0.06567 0.49471 -0.09955 -739.74455 9.12633 -422.65496 -0.00000 0.00000 -0.00000 107.40813 -48.18435 81.86976 -131.44598 44.31231 159.18594 -14.79261 -17.07238 -39.62627 -4.50066 -34.43849 -14.45236 -0.00000 0.00000 -0.00000 -19.51374 -58.35961 14.12762 32.71236 64.53959 -49.85706 0.03640 1.34024 -1.64073 0.27472 -9.24557 3.39661 -6.17125 30.39680 2.79167 -3.39842 14.35952 0.42408 -1.03593 -0.44120 -0.45467 -6.73679 -2.81044 -7.94603 23.64531 3.82801 -12.22630 7.83253 3.48473 -5.86468 -0.00000 0.00000 -0.00000 -75.92270 10.62011 -10.92920 19.49707 -6.26094 -35.31610 0.00000 -10.95980 0.00000 53.16555 -24.46673 -17.23511 -7.12502 -0.00000 0.00000 20.92125 -20.88252 2.00292 -0.00000 0.00000 -0.00000 62.72963 7.21619 34.67284 -26.62208 -12.85082 50.90835 -0.00000 -15.87820 -0.00000 -23.43966 13.31673 -27.97997 7.12502 -0.00000 -0.00000 -0.19197 0.05408 -60.73411
-0.07456 0.46358 -0.05733 -739.58162 7.05691 -424.99600 -0.00000 0.00000 -0.00000 114.45562 -27.20612 87.43705 -135.06632 35.77656 164.79477 -18.69297 -12.63257 -49.40204 -2.21233 -25.21448 -9.86828 -0.00000 0.00000 -0.00000 -7.49913 -59.93252 24.38339 10.83023 48.13624 -23.96434 0.89730 7.94847 -7.50598 0.89193 -16.44398 6.16695 -4.01913 30.76719 2.54769 -1.16400 14.81500 0.74626 0.26742 -0.10536 -0.32025 -7.78858 -0.61900 -9.95059 22.82878 1.61015 -14.45773 7.86154 2.85086 -7.22079 0.00000 0.00000 0.00000 -80.52537 13.35465 -11.18240 26.44555 -12.64052 -50.47652 0.00000 -14.32180 0.00000 53.70864 -27.37834 -18.65967 -7.12502 -0.00000 0.00000 20.66554 -22.97830 -0.98532 0.00000 0.00000 0.00000 70.93183 1.06462 27.01618 -22.07941 -8.26051 40.62177 -0.00000 -23.10800 -0.00000 -22.65591 18.13636 -36.71370 7.12502 -0.00000 -0.00000 -1.88022 0.89039 -70.33129
-0.07751 0.44014 -0.01466 -740.06681 2.05914 -429.58517 -0.00000 0.00000 -0.00000 112.57099 -11.95127 83.42836 -136.38708 31.36553 167.18123 -26.20632 -13.35050 -58.15708 -2.65362 -27.37737 -10.86420 -0.00000 0.00000 -0.00000 10.06579 -67.75668 28.34177 5.45863 37.28273 -16.08706 1.87800 13.67233 -10.14175 0.56653 -13.19502 4.89529 -5.78437 32.73470 3.32421 -0.02501 15.37223 0.91570 2.07548 -0.08204 -0.45928 -9.54691 0.59875 -11.55834 22.97843 1.04638 -16.57534 8.21328 2.99114 -8.35008 -0.00000 0.00000 0.00000 -79.15300 17.10061 -16.20520 31.05417 -19.44120 -63.31327 0.00000 -18.69660 0.00000 53.45376 -19.53641 -13.92106 -7.12502 -0.00000 0.00000 22.05585 -18.03752 7.61150 -0.00000 0.00000 0.00000 73.10121 2.44427 19.55956 -17.91726 -5.21026 32.19848 -0.00000 -23.93230 -0.00000 -13.63528 19.42681 -53.89554 7.12502 -0.00000 -0.00000 2.16848 -1.89724 -86.16459
-0.08911 0.41534 0.02150 -738.75688 -3.26846 -432.74253 -0.00000 0.00000 -0.00000 107.46545 -7.13029 77.43725 -137.19442 28.06765 168.80913 -34.71306 -16.67568 -64.52716 -3.78985 -32.01830 -13.15555 -0.00000 0.00000 -0.00000 58.18429 -81.53310 51.95859 7.18559 41.52998 -18.80530 -2.49705 18.76975 5.47444 0.00284 0.94533 -0.34410 -5.83128 32.26509 2.81361 0.05461 15.88029 0.22268 2.34962 0.68297 -0.85410 -9.65434 0.82839 -13.64495 23.50911 1.23907 -19.53585 8.21419 3.55403 -9.79480 0.00000 0.00000 0.00000 -68.72636 22.67904 -28.60107 33.37513 -24.71999 -72.33232 0.00000 -15.22670 0.00000 47.37664 -15.21003 -13.57416 -7.12502 -0.00000 0.00000 17.84163 -12.76890 10.52341 0.00000 0.00000 0.00000 77.90483 4.54701 12.82644 -14.47525 -3.31268 25.65470 -0.00000 -27.63680 -0.00000 -6.41219 12.16112 -61.92103 7.12502 -0.00000 -0.00000 -9.16194 8.38247 92.89023
-0.08826 0.39714 0.04986 -737.59311 -9.09548 -433.59376 -0.00000 0.00000 -0.00000 103.29297 19.28410 69.12407 -137.86649 24.79988 170.31816 -50.71062 -29.33467 -73.98675 -1.51076 -21.13101 -8.08666 -0.00000 0.00000 -0.00000 116.56242 -80.53852 93.59109 12.66981 50.68311 -26.38607 -2.59414 15.93789 8.33287 1.60357 -21.72949 8.34066 -6.37540 32.56087 1.19201 1.79069 15.75356 -1.98014 4.88987 0.67421 -2.06053 -10.72591 1.28040 -14.60413 23.15772 1.14195 -20.78552 8.22873 3.73631 -10.40576 -0.00000 0.00000 0.00000 -56.91153 25.98797 -42.83912 34.46362 -28.46999 -78.56143 0.00000 -0.38553 0.00000 37.89652 -11.57118 -14.45046 -7.12502 -0.00000 0.00000 10.31688 -6.84192 11.79779 -0.00000 0.00000 0.00000 82.00617 3.91153 6.99131 -13.02498 -2.65823 22.97706 -0.00000 -33.11590 -0.00000 -7.25166 12.43922 -59.42836 7.12502 -0.00000 -0.00000 8.40211 -8.27579 270.73994
-0.09020 0.38468 0.08294 -735.87966 -11.12420 -434.13996 -0.00000 0.00000 -0.00000 101.08149 33.22999 61.36907 -138.21504 22.84200 171.18103 -60.59424 -36.56850 -81.60144 -0.69980 -14.62408 -5.44962 -0.00000 0.00000 -0.00000 113.98696 -70.84755 86.39159 19.36058 57.36435 -34.63489 -0.46470 17.85058 -1.53954 0.32693 -10.07461 3.70771 -1.85599 31.95267 -2.46546 4.74064 14.79922 -5.12941 6.65505 0.23777 -3.48979 -10.63261 2.18963 -14.34220 20.40003 0.84303 -20.09617 7.49859 3.08823 -10.08219 -0.00000 0.00000 0.00000 -41.13713 30.26687 -57.40947 34.87709 -30.57749 -82.06180 0.00000 0.82727 -0.00000 34.77054 -12.77958 -17.67271 -7.12502 -0.00000 0.00000 7.89946 -5.89977 8.46862 -0.00000 0.00000 0.00000 81.67711 3.68491 6.83829 -11.99785 -2.24277 21.10327 -0.00000 -35.63620 -0.00000 -5.10533 6.71678 -52.62551 7.12502 -0.00000 -0.00000 14.10162 -10.46201 279.13954
-0.08621 0.38930 0.10759 -730.88890 -15.10700 -432.61299 -0.00000 0.00000 -0.00000 89.76433 44.89409 64.18230 -138.03097 23.90269 170.71707 -61.24581 -38.63892 -82.01014 -0.08559 -5.18147 -1.89140 -0.00000 0.00000 -0.00000 104.30574 -57.39972 85.99476 22.28809 59.44874 -38.07095 -5.61923 32.10111 5.74697 1.39950 20.38411 -7.77276 1.75143 28.58500 -6.85630 6.59380 13.18826 -9.52118 8.25176 0.48010 -5.50917 -7.92134 2.27794 -13.02607 14.56940 1.88410 -17.93803 5.33369 2.22225 -8.94348 0.00000 0.00000 -0.00000 -21.44493 32.38139 -70.81656 34.62516 -29.21002 -79.78854 0.00000 -3.54343 0.00000 31.53183 -10.40838 -16.40695 -7.12502 -0.00000 0.00000 5.15900 -3.53177 10.69426 0.00000 0.00000 -0.00000 81.40472 1.39145 12.73321 -11.53669 -2.06877 20.26741 -0.00000 -29.46810 -0.00000 -7.13885 7.16231 -44.87054 7.12502 -0.00000 -0.00000 13.88915 -7.79202 286.26453
-0.08121 0.41544 0.12364 -727.01793 -19.90015 -431.36642 -0.00000 0.00000 -0.00000 69.50795 29.77037 80.97520 -137.19979 28.04368 168.82055 -40.06531 -20.54052 -67.48628 -0.05356 4.10167 1.49561 -0.00000 0.00000 -0.00000 89.28012 -44.33556 83.22991 19.89462 57.77410 -35.26760 -8.87007 32.15375 12.60655 3.47904 30.85646 -12.55967 6.13921 25.67574 -11.74177 7.93298 11.85590 -14.83387 8.27310 0.78692 -7.96628 -5.61328 0.97126 -10.42641 7.95082 4.66079 -14.28353 3.12364 2.35461 -7.08492 0.00000 0.00000 -0.00000 -8.05524 31.78723 -79.56373 33.02770 -23.77116 -70.74229 0.00000 -5.53080 0.00000 25.78764 -8.04652 -16.15714 -7.12502 -0.00000 0.00000 0.29687 -0.19296 11.97760 0.00000 0.00000 -0.00000 81.02552 -3.91884 20.18319 -11.31431 -1.98759 19.86548 -0.00000 -26.05570 -0.00000 -12.98652 8.70848 -33.28574 7.12502 -0.00000 -0.00000 10.02697 -3.42931 296.30893
-0.07618 0.44407 0.13665 -721.48038 -26.58924 -429.25256 -0.00000 0.00000 -0.00000 57.31268 1.72970 90.11556 -135.77441 33.53755 166.03968 -7.66002 5.29356 -57.06089 -0.26158 9.02426 3.31384 -0.00000 0.00000 -0.00000 78.81436 -41.38392 77.14215 20.24844 58.03788 -35.68524 -3.78519 17.82159 11.62296 0.26985 9.16413 -3.36614 7.81282 23.40504 -15.32099 8.48009 10.28349 -19.10479 8.70703 0.62230 -9.96425 -3.59757 -1.04607 -8.20136 3.02808 6.80858 -11.13996 1.06085 2.68521 -5.55717 0.00000 0.00000 -0.00000 -2.72258 30.92481 -85.77696 29.05106 -16.09842 -57.25272 0.00000 -11.57150 0.00000 24.94817 -6.27396 -13.21975 -7.12502 -0.00000 0.00000 -0.74648 0.42456 15.37227 0.00000 0.00000 -0.00000 73.37578 -1.21480 28.32520 -9.57797 -1.41330 16.74994 -0.00000 -21.15060 -0.00000 -8.30828 5.85774 -34.94898 7.12502 -0.00000 -0.00000 14.94716 -5.28996 295.94744
-0.06894 0.47117 0.14414 -712.94216 -33.31157 -427.99209 -0.00000 0.00000 -0.00000 50.75741 -21.07494 91.49468 -133.49202 39.97658 162.23258 14.37563 21.08652 -50.25528 -0.00638 1.41736 0.51599 -0.00000 0.00000 -0.00000 72.53206 -42.52836 73.61365 24.33317 60.69763 -40.43044 -1.44029 8.88174 11.37178 0.38592 -10.93219 4.03132 6.93157 20.39693 -16.35432 7.87241 8.86908 -20.72539 8.24448 0.65391 -10.64750 -3.99493 -2.49940 -7.21924 2.94874 6.74865 -9.73883 1.11105 2.90445 -4.85785 -0.00000 0.00000 0.00000 -2.89501 29.31145 -90.29881 23.11398 -9.17264 -42.83869 0.00000 -18.95850 0.00000 24.51985 -3.67517 -7.99912 -7.12502 -0.00000 0.00000 -1.57991 0.69755 21.18392 -0.00000 0.00000 0.00000 69.53192 -2.18258 35.58187 -8.16564 -1.02180 14.24167 -0.00000 -17.40070 -0.00000 -4.43351 2.92918 -33.38829 7.12502 -0.00000 -0.00000 19.62493 -6.02300 298.60263
-0.05919 0.49224 0.15313 -703.70384 -38.79212 -427.94485 -0.00000 0.00000 -0.00000 47.08043 -31.65320 91.06052 -130.83381 45.42811 158.31827 11.70258 19.87783 -44.47774 -0.04246 -3.65292 -1.33148 -0.00000 0.00000 -0.00000 73.33257 -43.58977 79.64553 33.65874 64.87433 -50.90377 0.13643 2.39435 16.30365 0.45337 -11.83215 4.37308 5.79081 21.03790 -16.58175 6.95453 7.14632 -20.74953 8.78235 -1.32847 -10.52216 -3.59276 -4.59691 -6.15294 1.55082 4.75673 -8.10630 0.68328 2.48274 -4.06237 0.00000 0.00000 -0.00000 -12.77803 28.82896 -88.73608 16.87085 -4.57913 -30.17666 0.00000 -25.83270 0.00000 25.99728 -1.71734 -3.51654 -7.12502 -0.00000 0.00000 -0.47053 0.16141 26.06676 0.00000 0.00000 -0.00000 63.59845 2.85997 40.42672 -8.33067 -1.06413 14.53372 -0.00000 -20.33860 -0.00000 -7.05002 4.05787 -29.77803 7.12502 -0.00000 -0.00000 17.27128 -4.30735 301.41947
-0.04630 0.50723 0.16374 -694.00731 -42.86607 -427.79376 -0.00000 0.00000 -0.00000 42.86319 -43.51335 85.32392 -127.35258 50.65448 153.64288 -0.68971 4.89968 -33.26045 -0.20110 -7.92279 -2.90342 -0.00000 0.00000 -0.00000 79.51062 -45.75133 88.41458 62.67954 69.82853 -82.20690 0.91862 -2.99902 11.79418 0.23038 -8.47457 3.10871 5.01832 21.69736 -16.11476 5.71832 6.87766 -20.12874 8.07547 -2.22920 -10.09632 -2.80257 -7.36475 -5.22331 2.27133 1.15341 -6.82433 0.87314 1.77249 -3.38186 -0.00000 0.00000 0.00000 -22.42790 25.27179 -84.75787 12.79191 -2.56053 -22.55032 0.00000 -34.42430 0.00000 27.25262 0.34162 0.66319 -7.12502 -0.00000 0.00000 0.64544 -0.16421 30.72612 -0.00000 0.00000 0.00000 59.29543 7.93560 44.86736 -10.42602 -1.68073 18.26678 -0.00000 -27.49800 -0.00000 -11.78849 6.51885 -28.54548 7.12502 -0.00000 -0.00000 12.30596 -3.00009 301.50850
-0.03458 0.52959 0.17257 -684.73832 -44.11802 -430.46752 -0.00000 0.00000 -0.00000 32.61179 -58.35610 68.47917 -117.20520 59.77257 141.34164 -2.98466 -7.97449 -18.01695 -1.17587 -18.77036 -7.10543 -0.00000 0.00000 -0.00000 86.54316 -47.31251 95.36923 101.41088 66.37498 -123.68450 1.41501 -3.29455 15.21487 0.48111 -12.18160 4.50642 5.67454 21.22950 -14.38530 4.32433 7.74732 -17.89044 5.39662 -2.24224 -8.90404 -0.01467 -7.76061 -4.13416 2.64524 -4.41906 -5.64810 0.72217 -0.01386 -2.89363 0.00000 0.00000 0.00000 -28.26750 20.55977 -80.87899 10.99487 -1.87405 -19.28933 0.00000 -40.65790 0.00000 28.81071 1.44242 2.62049 -7.12502 -0.00000 0.00000 2.15242 -0.45901 32.96752 0.00000 0.00000 0.00000 54.59484 10.66051 49.34140 -12.75196 -2.54399 22.47728 -0.00000 -33.20110 -0.00000 -13.55022 8.10244 -30.31963 7.12502 -0.00000 -0.00000 10.04603 -2.86447 299.24682
-0.03139 0.55033 0.18671 -674.47177 -43.74206 -436.59831 -0.00000 0.00000 -0.00000 12.93598 -66.15356 39.60689 -90.05361 68.64814 111.40178 -1.77896 -11.14236 -10.61520 -0.86568 -16.20900 -6.07355 -0.00000 0.00000 -0.00000 94.74419 -49.13665 104.37515 124.25623 54.16245 -149.73762 1.41466 -0.15722 21.47128 0.00410 -1.13663 0.41376 4.06793 20.32972 -11.53166 3.88061 7.95209 -14.59057 4.74962 -1.81457 -7.30561 1.43777 -7.86702 -2.02444 1.92224 -7.36425 -3.04435 0.35828 -0.96250 -1.71722 0.00000 0.00000 -0.00000 -35.30023 15.25885 -75.64143 10.01615 -1.54840 -17.53259 0.00000 -39.59790 0.00000 26.51582 -4.46401 -8.86671 -7.12502 -0.00000 0.00000 0.26011 -0.12096 20.06047 0.00000 0.00000 -0.00000 48.24214 11.38825 56.69169 -13.53265 -2.87812 23.90985 -0.00000 -34.99220 -0.00000 -11.28455 6.67505 -30.22219 7.12502 -0.00000 -0.00000 12.55220 -3.43906 299.92134
-0.03925 0.57012 0.20995 -665.39464 -44.76071 -449.22443 -0.00000 0.00000 -0.00000 -5.25224 -63.39293 11.45268 -44.02195 67.63775 62.21608 -1.74773 -17.14102 -9.01521 -3.98525 -32.71439 -13.52053 -0.00000 0.00000 -0.00000 98.31667 -60.19340 112.68631 131.79411 43.64453 -159.68727 3.82993 -4.28344 26.28045 1.37392 -20.20748 7.69900 0.98673 19.98315 -6.93869 2.76398 8.26443 -9.34523 4.03965 -1.59554 -4.81601 1.68916 -8.61641 0.20210 0.21174 -9.52406 -0.28712 -0.20107 -1.53057 -0.42145 0.00000 0.00000 -0.00000 -33.23185 13.22824 -69.08137 14.90942 -3.52463 -26.46445 0.00000 -47.83420 0.00000 33.70834 -13.80011 -19.67481 -7.12502 -0.00000 0.00000 7.17899 -5.79808 6.26885 0.00000 0.00000 -0.00000 43.39635 10.39550 64.15767 -14.13634 -3.15245 25.02533 -0.00000 -35.59290 -0.00000 -9.64633 5.68215 -30.22145 7.12502 -0.00000 -0.00000 14.35112 -3.83941 300.33354
-0.07471 0.58636 0.22689 -660.26263 -44.09115 -461.34468 -0.00000 0.00000 -0.00000 -12.13002 -51.89418 -7.23781 -25.88829 61.55195 42.20627 -3.72763 -22.61363 -13.69802 -2.96692 -28.77390 -11.52985 -0.00000 0.00000 -0.00000 115.26173 -83.34696 137.31079 131.12512 44.90606 -158.72905 5.82242 -6.88664 29.62995 0.58832 -13.44021 4.98989 3.23919 18.02195 -3.81118 2.42328 9.03450 -5.15618 1.43192 -0.37290 -2.74964 1.72630 -8.25003 1.59374 -3.50788 -11.46265 1.24968 -1.41770 -2.19674 0.34367 0.00000 0.00000 0.00000 -39.79624 9.84612 -66.79019 16.55120 -4.39610 -29.56514 0.00000 -47.66750 0.00000 35.50047 -15.73263 -20.81329 -7.12502 -0.00000 0.00000 8.65028 -7.50327 4.35907 0.00000 0.00000 0.00000 39.83345 8.87256 68.38221 -14.68152 -3.41243 26.03890 -0.00000 -35.28960 -0.00000 -9.36883 5.38040 -29.61060 7.12502 -0.00000 -0.00000 14.75934 -3.76193 301.01540
-0.10633 0.57459 0.24352 -658.74593 -43.08717 -473.49549 -0.00000 0.00000 -0.00000 -8.87201 -42.47761 -8.42248 -20.27030 58.05399 35.71101 -2.40765 -26.50517 -10.31916 -2.84419 -28.23908 -11.27270 -0.00000 0.00000 -0.00000 -46.90642 -82.55488 -18.59971 121.77569 56.44294 -146.72138 3.24274 -13.75220 14.96400 0.00680 1.46301 -0.53261 4.35268 16.12189 -0.06385 2.99589 9.54434 -0.48548 0.69211 1.15118 -0.50582 2.00636 -7.37265 2.21431 -7.61839 -10.80955 1.85683 -2.84103 -2.09059 0.73087 0.00000 0.00000 0.00000 -43.31744 12.26658 -65.59169 17.66664 -5.05455 -31.71133 0.00000 -49.02900 0.00000 37.44354 -17.45980 -21.39594 -7.12502 -0.00000 0.00000 10.14211 -9.26917 2.99939 0.00000 0.00000 0.00000 38.73934 7.15126 68.49098 -14.74625 -3.44409 26.15965 -0.00000 -33.44800 -0.00000 -7.87304 4.27522 -28.32897 7.12502 -0.00000 -0.00000 16.58718 -3.74080 302.64549
-0.12440 0.54878 0.25106 -658.55037 -41.40642 -480.07853 -0.00000 0.00000 -0.00000 -5.03964 -36.76320 -5.49461 -18.68182 56.82236 33.82643 -3.02329 -32.23565 -11.70843 -2.19310 -25.11421 -9.82307 -0.00000 0.00000 -0.00000 -47.74383 -66.16713 -21.82328 76.27120 69.87441 -96.67545 -1.53488 -18.58262 -2.02952 1.43460 20.62337 -7.87295 5.59287 14.19343 1.81971 4.06345 9.11547 1.90566 0.92111 1.80282 0.64482 1.90709 -7.75448 2.27579 -8.32783 -8.14382 2.16453 -3.00099 -1.13032 0.89539 -0.00000 0.00000 -0.00000 -41.56655 17.52846 -64.06595 17.52613 -4.96852 -31.43903 0.00000 -50.94570 0.00000 39.72650 -19.53528 -21.91949 -7.12502 -0.00000 0.00000 11.80175 -11.44526 1.47802 -0.00000 0.00000 -0.00000 39.21987 7.78057 65.76388 -14.54375 -3.34562 25.78219 -0.00000 -31.88710 -0.00000 -6.76241 3.52576 -27.41243 7.12502 -0.00000 -0.00000 17.91181 -3.67083 303.79570
-0.13200 0.52735 0.24421 -658.22454 -39.86009 -483.38440 -0.00000 0.00000 -0.00000 -0.51558 -33.01924 0.31878 -16.57929 54.97581 31.28776 -3.89853 -33.49855 -13.36640 -2.60253 -27.13950 -10.75267 -0.00000 0.00000 -0.00000 -45.01174 -52.35791 -25.95089 15.77283 54.19158 -30.29823 -3.65440 -18.52040 -10.24871 0.46439 11.97231 -4.42652 7.06530 13.48031 2.51166 3.65592 7.86421 3.11980 -0.41711 1.01193 1.30890 2.33854 -7.55872 2.09084 -6.16612 -6.45454 2.16946 -2.32643 -0.64154 0.91414 -0.00000 0.00000 0.00000 -39.49736 22.42209 -61.53750 17.52583 -4.96834 -31.43845 0.00000 -52.53440 0.00000 40.89465 -22.25723 -23.62175 -7.12502 -0.00000 0.00000 12.55826 -13.51128 -1.36497 -0.00000 0.00000 0.00000 42.95934 11.17265 62.26290 -14.30800 -3.23304 25.34382 -0.00000 -31.22920 -0.00000 -9.43503 4.48066 -25.17896 7.12502 -0.00000 -0.00000 15.34083 -2.65535 305.41468
-0.14488 0.52882 0.22600 -658.63293 -41.33188 -491.70437 -0.00000 0.00000 -0.00000 2.13194 -28.94889 7.71529 -12.87827 50.94704 26.65501 -4.55578 -30.07990 -14.68171 -2.10765 -24.66176 -9.62003 -0.00000 0.00000 -0.00000 -32.66311 -45.12526 -3.43565 4.27302 33.69593 -14.04599 -11.89922 -27.02872 -25.51764 1.32208 19.84358 -7.54762 4.75222 14.21657 4.82664 0.84704 7.45597 6.00912 -2.41543 0.44016 2.73799 1.99113 -8.68956 2.09374 -2.80928 -6.65697 2.24719 -1.16762 -0.56458 0.93319 0.00000 0.00000 0.00000 -40.02580 23.31255 -57.82675 18.59173 -5.64396 -33.51922 0.00000 -51.22260 0.00000 41.47345 -23.95034 -24.66769 -7.12502 -0.00000 0.00000 12.87274 -14.77266 -3.13170 0.00000 0.00000 0.00000 47.31751 14.16135 61.76173 -13.77895 -2.98834 24.36412 -0.00000 -31.18500 -0.00000 -10.40250 4.59593 -23.58011 7.12502 -0.00000 -0.00000 14.51864 -2.13544 306.81205
-0.15233 0.54789 0.20905 -657.00798 -44.48100 -494.63253 -0.00000 0.00000 -0.00000 1.22601 -28.94692 5.99675 -11.01532 48.41179 24.21234 -3.79545 -25.46008 -13.47763 -2.63890 -27.30917 -10.83217 -0.00000 0.00000 -0.00000 -31.37953 -48.89844 1.81561 4.34013 33.91784 -14.16661 -10.32110 -24.96213 -24.45695 0.86180 16.17395 -6.05965 2.16656 14.55768 6.49180 -1.33501 6.99182 7.93848 -3.57692 -0.08754 3.69530 1.25308 -10.69911 1.77074 -1.90403 -7.08898 1.78037 -0.74881 -0.40770 0.66162 0.00000 0.00000 0.00000 -40.16580 21.12918 -58.01354 18.51929 -5.59634 -33.37667 0.00000 -48.55710 0.00000 40.71128 -23.77874 -25.10701 -7.12502 -0.00000 0.00000 12.37570 -14.29411 -3.37247 0.00000 0.00000 0.00000 40.47606 16.60219 62.83987 -14.01840 -3.09774 24.80685 -0.00000 -36.47260 -0.00000 -11.41171 5.11468 -23.82942 7.12502 -0.00000 -0.00000 13.42649 -2.07720 306.36653
-0.14044 0.57283 0.20008 -652.86239 -45.77184 -487.59809 -0.00000 0.00000 -0.00000 1.81021 -35.00196 -0.02919 -12.38103 50.30976 26.01180 -4.54418 -21.64465 -15.87977 -4.76573 -35.26859 -14.91619 -0.00000 0.00000 -0.00000 -39.33102 -60.39596 -13.00262 14.85478 53.24017 -29.15939 -2.70258 -17.40583 -7.38979 0.72078 14.83520 -5.53215 3.01017 15.04215 5.60016 -1.96972 7.44162 6.86390 -4.58873 0.21823 3.22162 2.49398 -11.73491 1.39643 -2.95731 -10.25473 0.79618 -1.31418 -1.24420 0.00204 -0.00000 0.00000 -0.00000 -37.04399 17.97801 -61.15278 18.15473 -5.36050 -32.66184 0.00000 -48.23590 0.00000 39.80187 -22.88106 -25.01585 -7.12502 -0.00000 0.00000 11.80274 -13.32401 -2.80072 -0.00000 0.00000 -0.00000 37.70066 14.45601 65.23780 -13.69279 -2.94952 24.20508 -0.00000 -35.92770 -0.00000 -12.60352 5.62271 -23.66298 7.12502 -0.00000 -0.00000 12.19491 -1.89460 306.30241
-0.12226 0.60536 0.18720 -648.02731 -44.22433 -476.26776 -0.00000 0.00000 -0.00000 6.40288 -46.17486 0.50533 -15.49717 53.91273 29.95771 -5.92905 -12.80281 -23.87296 -5.71677 -37.98190 -16.50982 -0.00000 0.00000 -0.00000 -55.09374 -69.26668 -34.18945 61.10378 69.74587 -80.52775 -1.38238 -15.01042 -3.37708 0.91664 16.66165 -6.25368 3.52804 16.58672 4.24330 -0.17849 7.81832 5.20735 -2.91665 -0.51366 2.35095 2.57642 -11.93724 0.77362 -2.55714 -13.87802 -0.37158 -1.21583 -2.43755 -0.75471 -0.00000 0.00000 0.00000 -36.25775 14.60077 -65.99124 16.93413 -4.61589 -30.29803 0.00000 -46.17500 0.00000 38.33275 -20.91952 -24.30302 -7.12502 -0.00000 0.00000 10.83295 -11.49929 -1.17292 -0.00000 0.00000 0.00000 40.04129 10.59003 66.41925 -13.52381 -2.87421 23.89358 -0.00000 -37.16000 -0.00000 -15.28313 6.83528 -23.53556 7.12502 -0.00000 -0.00000 9.39570 -1.51779 305.90573
-0.10696 0.64098 0.16275 -647.50861 -43.51728 -467.41101 -0.00000 0.00000 -0.00000 10.53590 -58.66984 7.61738 -21.38694 58.84748 37.02128 -3.95209 -1.89646 -30.99147 -3.64336 -31.47941 -12.87715 -0.00000 0.00000 -0.00000 -89.03932 -71.80450 -73.66307 113.59628 61.81876 -137.20826 2.13304 -11.25746 12.05949 0.74623 15.08678 -5.63073 2.07510 18.94477 3.68922 0.98352 8.57473 4.26368 -0.90321 -1.21999 1.79786 2.04539 -12.18232 -0.46056 -1.05507 -17.12885 -2.15808 -0.58567 -3.55686 -1.82946 0.00000 0.00000 0.00000 -36.98531 10.55536 -74.61842 13.75687 -2.97837 -24.32336 0.00000 -41.00170 0.00000 35.85603 -17.96300 -23.10943 -7.12502 -0.00000 0.00000 9.03677 -8.73243 1.33086 0.00000 0.00000 0.00000 39.10027 6.70929 65.97380 -13.47244 -2.85153 23.79898 -0.00000 -39.52760 -0.00000 -16.25146 7.24248 -23.38757 7.12502 -0.00000 -0.00000 8.40064 -1.36028 305.86791
-0.08825 0.66857 0.13751 -651.17070 -44.42709 -460.21984 -0.00000 0.00000 -0.00000 13.41117 -70.35489 16.54111 -36.63477 65.82558 54.17792 -3.35696 -2.31675 -27.67364 -2.68660 -27.52934 -10.93574 -0.00000 0.00000 -0.00000 -115.08998 -67.27979 -106.48678 129.07129 48.28343 -155.90358 4.32055 -10.59359 20.70401 0.15877 7.04611 -2.57845 0.82044 22.44242 2.42220 1.10365 9.53737 2.34742 0.10271 -2.08651 0.80585 1.89388 -11.95686 -1.41481 0.55271 -20.20008 -3.45094 0.08301 -4.73443 -2.68509 -0.00000 0.00000 -0.00000 -43.48898 5.86520 -83.52644 8.80498 -1.19079 -15.37457 0.00000 -29.07450 0.00000 27.80788 -10.47681 -19.02268 -7.12502 -0.00000 0.00000 2.32716 -1.73128 8.37206 -0.00000 0.00000 -0.00000 39.98981 3.35729 65.74752 -12.61328 -2.48702 22.22390 -0.00000 -40.17660 -0.00000 -17.10707 7.91752 -24.11130 7.12502 -0.00000 -0.00000 7.38159 -1.31776 304.93401
-0.06651 0.68120 0.11244 -657.45245 -47.20429 -453.04209 -0.00000 0.00000 -0.00000 11.55777 -79.77137 22.78673 -64.39397 69.89975 84.03292 -0.02456 5.08659 -28.53485 -1.03248 -17.64077 -6.64650 -0.00000 0.00000 -0.00000 -134.77671 -67.04663 -133.18855 132.84753 41.45702 -161.24469 4.10853 -10.77414 19.82927 0.20997 8.09392 -2.96703 -1.68381 24.81385 0.47644 1.95361 10.85999 -0.79138 2.97900 -1.77092 -0.83639 -0.42792 -11.62478 -2.19763 2.31516 -22.95522 -4.17723 1.09325 -5.03602 -3.08045 0.00000 0.00000 0.00000 -47.20684 4.10531 -89.07296 6.65974 -0.67651 -11.58789 0.00000 -16.09060 0.00000 24.59174 -3.37595 -7.33198 -7.12502 -0.00000 0.00000 -1.56098 0.66553 21.91437 0.00000 0.00000 0.00000 40.04993 1.46380 64.95553 -12.08305 -2.27576 21.25805 -0.00000 -40.91740 -0.00000 -17.45779 8.53237 -25.25679 7.12502 -0.00000 -0.00000 6.80874 -1.37371 303.64672
-0.04349 0.67031 0.09409 -664.95714 -49.04711 -448.64575 -0.00000 0.00000 -0.00000 61.56352 -86.14568 78.87643 -98.68726 67.05320 120.71950 1.93897 8.83368 -29.02214 -1.32417 -19.85839 -7.55377 -0.00000 0.00000 -0.00000 -192.75803 -68.92516 -193.64859 131.50322 44.20425 -159.26795 2.66446 -11.94883 13.81087 0.00445 1.18321 -0.43072 -5.34266 26.82259 0.05878 3.60702 11.87894 -2.31889 7.07116 -1.22216 -1.81887 -2.87851 -11.10272 -3.26273 2.82474 -24.57084 -5.47067 1.83229 -5.52963 -3.59639 0.00000 0.00000 0.00000 -24.10812 4.29406 -90.93098 9.54109 -1.40222 -16.68416 0.00000 -30.76300 0.00000 31.15789 3.04701 5.02428 -7.12502 -0.00000 0.00000 4.50629 -0.72866 35.83367 0.00000 0.00000 0.00000 36.12285 2.07954 61.45268 -12.21380 -2.32690 21.49581 -0.00000 -44.37870 -0.00000 -17.89665 10.02843 -28.33558 7.12502 -0.00000 -0.00000 5.72504 -1.51146 300.25958
-0.02977 0.64663 0.07796 -674.23927 -48.48528 -446.17771 -0.00000 0.00000 -0.00000 123.13030 -83.08439 143.93154 -117.58902 59.52819 141.78642 2.15852 9.24876 -29.62126 -0.98398 -17.23870 -6.48465 -0.00000 0.00000 -0.00000 -218.83412 -61.32520 -219.81795 125.23980 53.13835 -150.95874 1.65827 -14.64795 9.09480 0.01088 1.85009 -0.67363 -5.22261 28.94135 -1.20351 4.88799 12.79593 -4.11415 8.87628 -0.70930 -2.83795 -5.09276 -9.19577 -4.13734 4.67482 -25.72454 -6.22787 2.96639 -6.02585 -3.85317 0.00000 0.00000 0.00000 1.68511 1.59926 -91.43794 12.80346 -2.56533 -22.57146 0.00000 -27.43730 0.00000 31.37283 3.83496 6.25965 -7.12502 -0.00000 0.00000 4.80175 -0.65174 37.28853 0.00000 0.00000 0.00000 31.72318 6.53863 56.39349 -13.41805 -2.82762 23.69888 -0.00000 -49.89220 -0.00000 -17.81712 10.65515 -29.91171 7.12502 -0.00000 -0.00000 5.45930 -1.61321 298.58692
-0.02615 0.61980 0.06375 -682.22469 -46.90266 -442.88597 -0.00000 0.00000 -0.00000 141.14522 -78.84607 165.71113 -125.45876 52.89979 151.23285 4.99712 13.89448 -30.93123 -0.39563 -11.06660 -4.08221 -0.00000 0.00000 -0.00000 -224.75137 -57.84793 -223.55404 109.75697 63.58331 -132.88869 0.56669 -15.96178 4.97743 0.00349 -1.04789 0.38145 -2.70845 29.60302 -3.71106 5.96301 12.76670 -6.60964 9.43554 -0.58168 -4.02366 -7.73135 -7.37999 -5.45969 7.65281 -23.90267 -7.28370 4.40585 -5.40294 -4.18014 -0.00000 0.00000 -0.00000 16.08737 -0.52299 -92.18334 15.26869 -3.70575 -27.13756 0.00000 -11.74680 0.00000 30.46207 0.96908 1.64714 -7.12502 -0.00000 0.00000 3.67849 -0.85824 31.88496 -0.00000 0.00000 -0.00000 33.03880 11.14496 52.01288 -13.67155 -2.93999 24.16590 -0.00000 -50.25590 -0.00000 -17.20295 10.50068 -30.48269 7.12502 -0.00000 -0.00000 5.99997 -1.82618 298.13271
-0.03038 0.59593 0.05153 -690.78712 -46.27791 -439.52668 -0.00000 0.00000 -0.00000 158.96206 -80.12426 191.10445 -128.10821 49.65586 154.62700 7.37310 18.32862 -28.02486 -0.13903 -6.59635 -2.41225 -0.00000 0.00000 -0.00000 -228.49253 -61.68846 -223.54414 72.36442 69.98223 -92.51626 1.59699 -13.70077 9.06348 0.00008 0.16282 -0.05926 4.27269 30.06963 -8.14907 4.74506 12.31191 -10.23566 5.56869 -1.76584 -5.40254 -9.82283 -4.64006 -6.76162 12.53298 -20.64248 -8.16914 6.26053 -4.33497 -4.56477 0.00000 0.00000 0.00000 21.57927 -0.34722 -95.47571 18.73931 -5.74177 -33.81020 0.00000 -14.30520 0.00000 29.02550 -4.84080 -8.64724 -7.12502 -0.00000 0.00000 2.47575 -1.15073 20.08617 0.00000 0.00000 0.00000 39.50185 14.98809 48.24278 -12.92386 -2.61559 22.79179 -0.00000 -48.94070 -0.00000 -17.88023 10.84021 -30.24071 7.12502 -0.00000 -0.00000 5.31350 -1.60738 298.21659
-0.04007 0.56593 0.03970 -698.06827 -44.69306 -439.96073 -0.00000 0.00000 -0.00000 144.96793 -82.47405 184.83423 -128.95893 48.44975 155.75325 6.68422 18.36709 -24.31425 -0.19262 -7.75526 -2.84121 -0.00000 0.00000 -0.00000 -238.88583 -64.94507 -231.69890 28.62685 62.88544 -45.30125 1.30984 -11.19267 8.51337 0.10904 -5.84534 2.13544 4.82365 28.87762 -8.16084 5.51105 12.43049 -10.23239 5.88116 -1.05519 -5.45067 -8.67705 -1.90288 -7.97134 11.57344 -20.57797 -10.02118 6.01908 -4.64543 -5.46403 0.00000 0.00000 0.00000 21.96905 -1.45525 -102.15809 20.69147 -7.13955 -37.73390 0.00000 -11.22690 0.00000 25.87417 -6.07102 -12.30118 -7.12502 -0.00000 0.00000 -0.03056 0.01674 16.28290 0.00000 0.00000 0.00000 43.52867 16.63523 42.91870 -12.77222 -2.55237 22.51431 -0.00000 -48.28540 -0.00000 -18.76789 12.34306 -32.17337 7.12502 -0.00000 -0.00000 3.85496 -1.33832 295.88304
-0.04123 0.55359 0.02295 -703.85174 -42.61458 -441.37026 -0.00000 0.00000 -0.00000 67.62021 -86.68660 115.13207 -124.40839 54.00890 149.92549 4.46633 14.07124 -24.12287 -0.93624 16.83201 6.32172 -0.00000 0.00000 -0.00000 -265.44296 -68.03882 -252.08692 8.94892 45.04026 -21.37571 0.34254 -3.97433 5.11772 0.00401 1.12381 -0.40909 5.19990 26.76712 -8.28199 6.35509 12.07350 -10.44966 6.33647 -0.39728 -5.59636 -8.23114 -2.43062 -8.46803 13.18188 -16.62939 -10.41081 6.11490 -3.23951 -5.61716 -0.00000 0.00000 -0.00000 23.52870 -1.98334 -108.42252 20.80202 -7.22478 -37.96066 0.00000 -8.32223 0.00000 27.01797 -10.07613 -18.93737 -7.12502 -0.00000 0.00000 1.66218 -1.22486 8.62339 -0.00000 0.00000 -0.00000 43.63192 21.14310 38.92094 -12.76768 -2.55049 22.50602 -0.00000 -48.94320 -0.00000 -17.85750 12.29619 -33.46588 7.12502 -0.00000 -0.00000 4.52730 -1.67517 294.73622
-0.05414 0.53540 0.01706 -708.88613 -39.68581 -444.61126 -0.00000 0.00000 -0.00000 28.93102 -77.89721 76.02155 -127.35455 50.65196 153.64543 -2.63654 0.89724 -31.44796 -2.45882 26.45358 10.43389 -0.00000 0.00000 -0.00000 -282.91151 -65.81256 -263.93516 5.02235 36.03943 -15.35642 0.04809 -1.28122 2.06370 1.49880 21.05229 -8.05342 5.82064 25.02847 -9.20602 7.81706 10.72322 -11.47483 7.81664 -0.73218 -6.13642 -10.41274 -2.78726 -8.88215 18.62438 -11.56808 -10.77358 7.80251 -1.14058 -5.70718 0.00000 0.00000 0.00000 23.40908 -0.60572 -112.39449 19.89268 -6.54358 -36.11065 0.00000 -0.52967 0.00000 27.87263 -11.48614 -20.63275 -7.12502 -0.00000 0.00000 2.57350 -2.04826 6.50830 0.00000 0.00000 0.00000 40.55166 28.21581 37.08545 -13.28256 -2.76857 23.44975 -0.00000 -49.54630 -0.00000 -17.06350 13.27302 -36.79626 7.12502 -0.00000 -0.00000 4.48368 -1.96728 291.35702
-0.07139 0.51253 0.01730 -711.56206 -37.53526 -449.74415 -0.00000 0.00000 -0.00000 44.43355 -69.07058 91.06820 -130.40191 46.17401 157.71585 -7.26306 -8.88945 -31.36343 -0.00000 -0.02761 -0.01005 -0.00000 0.00000 -0.00000 -278.67880 -60.34901 -258.58322 7.65753 42.53898 -19.51010 -0.07469 1.83671 6.55784 0.69910 14.61707 -5.44688 4.92406 23.28459 -9.48454 9.22789 9.23437 -12.04560 9.94996 -0.95959 -6.50701 -9.63706 -3.08121 -9.93067 21.46897 -9.41305 -12.34814 8.40395 -0.06267 -6.48521 0.00000 0.00000 0.00000 22.44765 1.21625 -113.48601 19.23693 -6.07946 -34.79682 0.00000 -0.04469 0.00000 26.40363 -11.62220 -22.08578 -7.12502 -0.00000 0.00000 1.56796 -1.30837 5.16642 0.00000 0.00000 0.00000 36.60017 33.98186 37.93343 -13.61918 -2.91658 24.06933 -0.00000 -47.37610 -0.00000 -17.04492 14.57251 -39.37440 7.12502 -0.00000 -0.00000 3.70147 -1.84429 288.55060
-0.08452 0.51474 0.02289 -717.25235 -40.80406 -452.35320 -0.00000 0.00000 -0.00000 30.59439 -70.64719 79.09000 -130.97094 45.18432 158.51118 -3.73629 -5.88547 -23.56687 -0.12557 -6.27059 -2.29208 -0.00000 0.00000 -0.00000 -280.51103 -61.47069 -260.59084 15.70047 54.11893 -30.20896 0.14951 0.11550 7.60250 0.01191 1.93604 -0.70495 5.80517 24.05900 -13.05618 10.26757 7.24199 -16.14376 12.45854 -2.33382 -8.51364 -11.08012 -1.18854 -10.79125 24.99167 -10.44481 -13.49106 10.05202 -0.01241 -7.26021 0.00000 0.00000 -0.00000 18.25024 3.38111 -111.74969 18.25719 -5.42614 -32.86231 0.00000 3.01359 -0.00000 27.41549 -11.86455 -21.62227 -7.12502 -0.00000 0.00000 2.32670 -1.92132 5.47181 0.00000 0.00000 -0.00000 29.14951 37.88540 40.81221 -14.31352 -3.23565 25.35408 -0.00000 -44.57530 -0.00000 -17.98052 16.04069 -40.41142 7.12502 -0.00000 -0.00000 2.25938 -1.19731 287.09361
-0.10230 0.52558 0.03048 -723.25007 -44.99107 -462.58002 -0.00000 0.00000 -0.00000 26.26126 -68.57799 74.19508 -130.17475 46.55356 157.40198 2.61250 10.18381 -24.44323 -0.05904 4.30585 1.57035 -0.00000 0.00000 -0.00000 -278.12680 -57.67709 -259.09366 32.72272 64.54335 -49.86853 -0.29296 3.52032 11.27023 0.15578 6.97978 -2.55392 3.70206 26.16827 -13.81276 12.31152 5.23183 -17.29290 16.75308 -3.95861 -9.13365 -13.43553 0.98617 -10.79762 26.35787 -10.94200 -13.56306 11.18450 -0.15937 -7.36593 0.00000 0.00000 -0.00000 6.74960 8.43907 -108.34570 16.97482 -4.63963 -30.37615 0.00000 6.29128 -0.00000 29.30640 -13.39167 -22.42153 -7.12502 -0.00000 0.00000 3.94441 -3.42474 4.09549 0.00000 0.00000 -0.00000 14.94218 40.62246 46.06544 -15.76949 -3.96708 28.08076 -0.00000 -42.86810 -0.00000 -18.24628 17.64202 -42.59189 7.12502 -0.00000 -0.00000 1.16224 -0.68243 284.58392
-0.12601 0.54279 0.03991 -729.50709 -50.51420 -475.17397 -0.00000 0.00000 -0.00000 12.04743 -70.12055 58.69500 -125.80784 52.51100 151.67164 17.58075 38.82338 -22.97082 -4.20368 33.46395 13.92063 -0.00000 0.00000 -0.00000 -277.76174 -53.95274 -255.53928 76.98351 69.84405 -97.43415 0.90119 -0.49608 16.37438 0.00420 -1.15002 0.41863 5.68694 23.57659 -14.50751 10.38916 5.16525 -18.00239 13.75596 -3.72365 -9.33179 -11.73930 -0.05753 -11.40271 27.59754 -9.17090 -14.56390 11.05281 0.68185 -7.75995 -0.00000 0.00000 0.00000 2.14765 10.67018 -104.35068 16.21638 -4.20915 -28.92749 0.00000 3.67981 -0.00000 33.36987 -15.61754 -22.23244 -7.12502 -0.00000 0.00000 7.10741 -6.39608 3.22121 -0.00000 0.00000 0.00000 12.04797 35.89437 50.61118 -15.73778 -3.95022 28.02086 -0.00000 -36.05490 -0.00000 -17.94796 17.52803 -42.91625 7.12502 -0.00000 -0.00000 1.39694 -0.82861 284.33110
-0.15545 0.55488 0.05249 -735.46995 -55.78317 -490.82856 -0.00000 0.00000 -0.00000 3.93694 -72.55411 46.96977 -120.82775 57.21640 145.58894 16.61957 36.62956 -23.50125 -5.61748 37.71601 16.34800 -0.00000 0.00000 -0.00000 -275.09025 -51.39427 -249.30312 116.09079 60.45104 -140.05631 1.20121 -1.16330 17.47701 0.00824 -1.61036 0.58629 6.42808 21.97044 -13.92742 10.61749 4.45308 -17.16492 13.16712 -4.15671 -8.83603 -10.60221 -0.91608 -12.03596 25.97366 -9.64794 -15.09426 10.22672 0.53653 -7.91799 0.00000 0.00000 -0.00000 -5.40707 10.92493 -99.93174 14.40524 -3.27921 -25.52449 0.00000 -1.14135 0.00000 37.64895 -18.85518 -22.72946 -7.12502 -0.00000 0.00000 10.32792 -10.06989 1.18476 0.00000 0.00000 -0.00000 9.38359 28.59077 54.93656 -15.78744 -3.97664 28.11468 -0.00000 -26.19560 -0.00000 -17.38660 15.96946 -41.30399 7.12502 -0.00000 -0.00000 2.64804 -1.45014 286.31352
-0.17583 0.59888 0.04500 -743.89842 -59.86713 -509.73008 -0.00000 0.00000 -0.00000 -14.34524 -70.97115 25.54576 -108.61749 64.04016 131.61889 4.03229 14.28312 -19.76982 -0.01343 2.05579 0.74859 -0.00000 0.00000 -0.00000 -281.34937 -61.21369 -253.56319 127.45158 50.52727 -153.77102 2.01515 -1.27911 22.86797 0.10454 -5.72406 2.09081 8.14048 20.41043 -12.98116 10.42097 4.22408 -15.70265 11.28246 -4.57434 -8.03901 -9.25311 -0.76614 -12.54544 25.41880 -11.01276 -15.37901 9.94161 0.02695 -8.12177 -0.00000 0.00000 0.00000 -10.45809 8.58769 -97.27913 11.60753 -2.09500 -20.39561 0.00000 -5.18096 0.00000 44.70393 -16.89700 -16.36601 -7.12502 -0.00000 0.00000 15.59996 -12.43457 7.36031 -0.00000 0.00000 0.00000 8.00971 21.72318 60.00042 -15.59780 -3.87632 27.75675 -0.00000 -18.71020 -0.00000 -17.41289 14.11195 -37.86181 7.12502 -0.00000 -0.00000 3.75730 -1.74810 290.08434
-0.20699 0.62959 0.03269 -755.38526 -61.55958 -535.33875 -0.00000 0.00000 -0.00000 -26.89857 -66.53441 7.48628 -88.26790 68.88922 109.48608 -0.32821 -6.37315 -4.04379 -0.89819 -16.49948 -6.18904 -0.00000 0.00000 -0.00000 -289.38564 -79.11038 -257.26899 131.88475 43.46644 -159.81882 1.67295 3.20521 33.11469 0.10043 -5.61097 2.04922 7.59463 19.97562 -10.10427 10.59419 4.54106 -12.29851 10.63226 -4.56101 -6.42726 -9.15006 -1.23613 -12.28910 24.70889 -11.49763 -15.57339 9.69368 -0.08881 -8.21989 -0.00000 0.00000 0.00000 -20.68170 8.47928 -94.52223 10.20375 -1.60825 -17.86838 0.00000 -4.91044 0.00000 46.70165 -17.23727 -15.60136 -7.12502 -0.00000 0.00000 17.12465 -13.54377 7.76238 -0.00000 0.00000 0.00000 6.67766 15.98828 66.19949 -14.71796 -3.43023 26.10687 -0.00000 -10.68270 -0.00000 -19.84006 16.29842 -37.87582 7.12502 -0.00000 -0.00000 0.95649 -0.46075 289.28185
-0.25103 0.64570 0.01025 -767.38535 -60.77349 -563.85770 -0.00000 0.00000 -0.00000 -37.92172 -58.87600 -9.98176 -47.78405 68.31856 66.27395 -0.42574 2.69920 -21.61585 -0.08057 -5.02790 -1.83503 -0.00000 0.00000 -0.00000 -456.97406 -84.07458 -420.20404 132.27695 42.67472 -160.39311 1.28907 4.89954 36.98606 0.02694 -2.91040 1.06027 8.43612 18.92330 -7.04498 9.91857 5.20318 -8.56666 8.05280 -4.18048 -4.67516 -9.39141 -2.43742 -12.22994 23.88785 -11.21056 -15.50803 9.32416 0.09718 -8.08308 -0.00000 0.00000 -0.00000 -26.18294 9.08173 -89.69047 11.72708 -2.13968 -20.61211 0.00000 -13.46620 0.00000 49.71880 -21.30408 -17.11417 -7.12502 -0.00000 0.00000 18.95440 -17.27321 4.15404 -0.00000 0.00000 -0.00000 3.92643 12.62047 72.76508 -14.06724 -3.12033 24.89730 -0.00000 -5.06356 -0.00000 -19.38103 13.66789 -33.88933 7.12502 -0.00000 -0.00000 2.70329 -1.04771 293.83072
-0.29497 0.63659 -0.02013 -775.23981 -57.83378 -590.47897 -0.00000 0.00000 -0.00000 -40.06443 -53.74171 -18.56850 -24.06164 60.54040 40.11883 -0.41663 3.93781 -26.85213 -0.04402 3.71925 1.35573 -0.00000 0.00000 -0.00000 -432.17723 -77.50277 -393.93452 128.97754 48.42233 -155.77811 -1.30900 7.81980 30.46155 0.00000 -0.01939 0.00706 7.30409 19.07140 -4.84020 10.20872 6.29983 -3.20276 8.07384 -3.60595 -1.21853 -9.55326 -3.64610 -12.29447 22.61565 -11.34929 -15.53052 8.84012 0.12722 -7.99159 0.00000 0.00000 -0.00000 -42.30610 9.03211 -85.42733 11.15598 -1.93086 -19.57973 0.00000 -19.36910 0.00000 51.27285 -31.14938 -22.52940 -7.12502 -0.00000 0.00000 18.17936 -24.14347 -6.24074 0.00000 0.00000 -0.00000 0.11805 11.26450 78.49803 -13.79113 -2.99385 24.38661 -0.00000 -0.76033 -0.00000 -19.39676 12.01583 -30.59461 7.12502 -0.00000 -0.00000 3.56354 -1.12968 297.43314
-0.33132 0.61130 -0.05954 -777.50087 -53.90838 -609.42436 -0.00000 0.00000 -0.00000 -38.39700 -48.50313 -23.08855 -17.34212 55.67707 32.21529 10.83147 21.50242 -33.96361 -10.01331 46.86142 22.85638 -0.00000 0.00000 -0.00000 -410.18199 -66.47198 -375.09548 115.62383 60.72230 -139.52026 -0.62771 5.81688 24.37738 0.24046 -8.65608 3.17637 8.00590 19.11205 -2.46038 10.46454 7.26459 0.03207 7.25846 -2.87622 0.41644 -6.93583 -5.78946 -12.22994 17.84981 -11.06203 -15.49134 6.71272 -0.20131 -7.83201 0.00000 0.00000 0.00000 -46.79356 9.17454 -79.59678 10.66622 -1.76098 -18.69804 0.00000 -33.97320 0.00000 -13.25704 61.77566 104.97013 -7.12502 -0.00000 0.00000 -16.47699 -30.88238 -74.95275 0.00000 0.00000 0.00000 -1.75861 12.27935 83.86384 -13.55150 -2.88647 23.94458 -0.00000 3.62595 0.00000 -20.08353 10.95817 -27.47059 7.12502 -0.00000 -0.00000 3.55118 -0.90882 300.66317
-0.35391 0.56656 -0.08970 -777.72245 -50.32077 -623.42181 -0.00000 0.00000 -0.00000 -37.75268 -49.04998 -19.45370 -20.44980 58.18535 35.92240 3.17103 10.96874 -32.76267 -4.14637 33.27009 13.81643 -0.00000 0.00000 -0.00000 -403.47401 -51.92431 -373.06707 65.42513 69.93333 -85.13084 0.35326 0.69904 13.20765 0.15572 -6.97854 2.55346 9.80374 17.35269 -1.68008 10.59807 7.47079 0.96384 6.12277 -1.75593 0.89844 -9.19223 -5.98756 -11.93396 17.60537 -9.51355 -15.10875 6.84903 0.36686 -7.51432 0.00000 0.00000 0.00000 -60.15221 9.50605 -68.19010 10.83892 -1.81992 -19.00857 0.00000 -35.60270 0.00000 -15.44262 57.34005 108.16607 -7.12502 -0.00000 0.00000 -15.31351 -27.13770 -75.97707 0.00000 0.00000 0.00000 -6.70557 16.67599 89.33562 -14.09217 -3.13190 24.94349 -0.00000 3.01357 0.00000 -20.83936 8.96783 -22.26955 7.12502 -0.00000 -0.00000 3.77618 -0.58866 306.15241
-0.35334 0.52439 -0.10988 -777.71427 -49.31830 -635.21682 -0.00000 0.00000 -0.00000 -33.06654 -52.32944 -9.90954 -24.85739 60.99421 41.03070 -4.44441 -5.51113 -26.82752 -1.26923 19.46391 7.39047 -0.00000 0.00000 -0.00000 -393.89659 -36.07343 -371.67430 13.65758 51.89456 -27.65184 -0.48555 -9.05998 -1.90035 0.01746 2.34390 -0.85362 11.71875 13.06143 0.43783 11.02544 7.23856 3.27234 5.15344 0.32574 2.15848 -9.91659 -7.12874 -12.63940 16.58252 -4.70088 -16.43765 6.09807 1.97836 -8.02697 0.00000 0.00000 0.00000 -57.15443 16.99608 -60.96831 11.65282 -2.11187 -20.47760 0.00000 -45.06890 0.00000 -27.55702 53.09510 123.12806 -7.12502 -0.00000 0.00000 -19.05239 -23.73743 -85.62684 0.00000 0.00000 0.00000 -11.54838 22.83579 90.45014 -14.22263 -3.19282 25.18536 -0.00000 0.91348 0.00000 -26.39970 7.91171 -15.49825 7.12502 -0.00000 -0.00000 -0.88101 0.03592 312.66528
-0.34836 0.50361 -0.11628 -779.25929 -48.03549 -647.77830 -0.00000 0.00000 -0.00000 -29.95205 -54.30250 -6.95355 -27.72833 62.47006 44.28991 -6.20048 -18.07418 -21.26941 -0.00258 0.90058 0.32781 -0.00000 0.00000 -0.00000 -381.72034 -18.47018 -347.77708 3.61700 31.38083 -12.82660 -12.75767 -30.65740 -22.57606 0.63661 13.96679 -5.19375 10.68900 10.53411 3.08974 10.07069 6.30522 6.14922 4.44668 0.72516 3.53808 -11.90951 -8.35906 -13.12812 20.14023 -0.98334 -17.44935 7.03100 3.86033 -8.28713 0.00000 0.00000 0.00000 -53.16876 22.25526 -55.61141 11.63557 -2.10543 -20.44637 0.00000 -52.04080 0.00000 -31.62454 49.49952 129.00157 -7.12502 -0.00000 0.00000 -19.90604 -21.17259 -90.07412 0.00000 0.00000 0.00000 -11.85429 29.38811 94.84884 -13.03249 -2.66141 22.99082 -0.00000 3.19066 0.00000 -25.87012 8.16843 -16.33050 7.12502 -0.00000 -0.00000 -0.46199 0.02574 311.81110
-0.35124 0.50578 -0.11749 -780.42752 -47.37561 -660.77812 -0.00000 0.00000 -0.00000 -26.44953 -56.38236 -8.61864 -30.65164 63.75034 47.56723 -4.83741 -22.97860 -16.25398 -0.11619 -6.03320 -2.20460 -0.00000 0.00000 -0.00000 -374.55798 -6.06933 -324.69466 3.00155 28.92212 -11.60163 -37.12935 -57.26929 -32.81066 4.56893 34.65573 -14.57275 10.70878 10.73166 6.30326 6.53932 5.95825 10.16911 0.42875 1.00377 5.49105 -13.16765 -8.91007 -13.63637 23.78579 -1.73718 -18.16904 8.35550 4.39377 -8.51614 0.00000 0.00000 -0.00000 -54.86256 19.65437 -50.11444 12.82116 -2.57268 -22.60383 0.00000 -47.00920 0.00000 -26.11071 51.19005 122.16946 -7.12502 -0.00000 0.00000 -17.64976 -22.22441 -85.07084 0.00000 0.00000 -0.00000 -5.37385 31.46158 98.81047 -11.64077 -2.10737 20.45579 -0.00000 5.22005 0.00000 -10.48970 4.70287 -23.88445 7.12502 -0.00000 -0.00000 14.38976 -2.19966 306.49172
-0.36777 0.51350 -0.11900 -781.47662 -44.85252 -672.35531 -0.00000 0.00000 -0.00000 -28.60972 -58.78237 -16.93393 -35.19227 65.38284 52.59404 -2.90355 -23.55128 -11.58353 -0.08875 -5.27602 -1.92612 -0.00000 0.00000 -0.00000 -372.67782 -15.17649 -348.64071 3.58050 31.24346 -12.75636 -14.85373 -31.88968 -25.54108 2.61664 27.20551 -10.78356 11.72888 12.46982 9.45859 1.37802 4.90992 14.36333 -6.10521 1.09049 7.54461 -11.41775 -7.55752 -14.02025 22.30982 -6.59855 -18.16076 8.13417 2.54217 -8.77774 0.00000 0.00000 -0.00000 -54.51925 12.89684 -51.48691 11.45893 -2.04018 -20.12678 0.00000 -39.39200 0.00000 -24.33124 53.12770 119.47666 -7.12502 -0.00000 0.00000 -17.50788 -23.69041 -83.13556 0.00000 0.00000 -0.00000 -9.18966 27.40601 102.85297 -12.32008 -2.36893 21.68926 -0.00000 -0.51828 -0.00000 1.43075 -0.70893 -26.35295 7.12502 -0.00000 -0.00000 26.80351 -4.28495 306.58741
-0.38146 0.52874 -0.11779 -780.08759 -41.46658 -679.61678 -0.00000 0.00000 -0.00000 -30.48300 -60.69033 -22.86972 -40.68677 66.90576 58.60037 -1.31186 -20.95886 -7.52920 -0.28254 9.37464 3.44494 -0.00000 0.00000 -0.00000 -374.18237 -20.30664 -365.25703 6.51749 39.99930 -17.78222 -4.81106 -16.75549 -18.37329 0.86484 16.20143 -6.07055 8.05032 12.59615 10.68170 -1.84088 5.15589 15.32040 -7.61522 1.48036 7.98898 -11.98736 -7.93223 -13.37148 19.86838 -9.29753 -16.73317 7.75709 1.41268 -8.04666 -0.00000 0.00000 -0.00000 -55.94945 3.52296 -49.11684 11.48570 -2.05000 -20.17519 0.00000 -35.13030 0.00000 -19.71480 54.92250 113.64724 -7.12502 -0.00000 0.00000 -16.10931 -25.08608 -79.26235 -0.00000 0.00000 -0.00000 -15.50847 19.27882 105.45067 -15.01307 -3.57634 26.65834 -0.00000 -4.20192 -0.00000 3.66376 -1.36243 -20.37122 7.12502 -0.00000 -0.00000 29.29207 -1.52863 312.27751
-0.39182 0.54720 -0.11428 -779.79815 -40.47547 -689.08941 -0.00000 0.00000 -0.00000 -20.05652 -63.19291 -17.48836 -52.33321 68.96433 71.15812 -0.54394 -18.00616 -5.04159 -0.26785 9.13046 3.35355 -0.00000 0.00000 -0.00000 -375.05097 -24.38207 -378.48903 14.15645 52.47063 -28.28334 -0.55895 -6.76423 -4.70739 0.32614 10.06261 -3.70319 5.42873 13.12390 12.13241 -4.71773 4.95054 16.81749 -9.58016 1.54838 8.72480 -8.80957 -7.44223 -12.63861 18.28581 -10.66062 -15.79872 6.96631 0.39276 -7.71099 0.00000 0.00000 0.00000 -50.81009 -3.26261 -44.80919 12.14524 -2.30001 -21.37110 0.00000 -35.20520 0.00000 -17.46824 57.82324 110.39481 -7.12502 -0.00000 0.00000 -16.34849 -27.48189 -77.44270 0.00000 0.00000 0.00000 -11.32935 12.28784 103.92447 -17.83413 -5.15829 32.03668 -0.00000 0.94002 0.00000 -9.74842 0.95947 -5.56685 7.12502 -0.00000 -0.00000 15.94744 2.77561 324.61814
-0.40210 0.56456 -0.10923 -781.60921 -39.68822 -698.60134 -0.00000 0.00000 -0.00000 -4.72145 -66.97512 -9.01740 -74.45778 69.93671 94.74451 0.25423 -17.64830 -2.23808 -0.82332 15.82144 5.92003 -0.00000 0.00000 -0.00000 -372.94606 -24.98871 -386.44705 29.42138 63.23614 -46.19248 0.43163 -2.56227 7.43617 0.18117 -7.52317 2.75512 4.23776 12.36176 11.60117 -5.44714 5.63739 15.96345 -9.30160 2.29777 8.32550 -9.60472 -9.14953 -11.34807 19.34035 -9.43496 -13.95036 7.25949 0.90898 -6.66732 0.00000 0.00000 -0.00000 -51.59131 -16.89455 -39.37677 11.98338 -2.23720 -21.07699 0.00000 -30.10180 0.00000 -3.74897 62.08526 94.24092 -7.12502 -0.00000 0.00000 -13.23144 -31.82402 -69.03195 0.00000 0.00000 -0.00000 -13.64943 2.92179 101.45307 -23.58599 -9.61231 43.87097 -0.00000 -5.20965 -0.00000 -15.21988 2.49972 -9.10749 7.12502 -0.00000 -0.00000 10.70578 1.09114 320.75176
-0.40831 0.58432 -0.10593 -781.08603 -35.33579 -704.15848 -0.00000 0.00000 -0.00000 8.56822 -71.59663 -1.49121 -96.48414 67.53489 118.33136 0.25223 -17.01594 -2.09842 -1.47172 20.87271 7.97772 -0.00000 0.00000 -0.00000 -374.40451 -25.85709 -394.28393 55.20558 69.28330 -74.23219 0.60340 0.28479 15.27843 0.19039 -7.71054 2.82461 2.57033 10.79603 10.93609 -7.76463 4.89669 14.77274 -10.69749 2.27762 7.69580 -7.96283 -8.10272 -9.99955 22.00109 -7.65752 -12.57172 7.83438 1.18250 -6.07686 0.00000 0.00000 -0.00000 -47.57448 -30.07907 -35.46386 10.17276 -1.59828 -17.81287 0.00000 -23.06400 0.00000 34.32080 -59.54869 -51.62347 -7.12502 -0.00000 0.00000 -0.47887 -37.13696 -45.79317 0.00000 0.00000 -0.00000 -7.81318 -3.88911 96.41967 -28.14753 -14.80610 54.79390 -0.00000 -10.79960 -0.00000 -20.21919 1.08185 -2.93459 7.12502 -0.00000 -0.00000 5.96951 1.26419 326.91408
-0.41211 0.60226 -0.10334 -778.19199 -29.27611 -708.99396 -0.00000 0.00000 -0.00000 29.09876 -74.27524 13.35532 -112.32288 62.44577 135.76784 -0.42271 -16.94248 -4.52920 -1.43416 20.62039 7.87170 -0.00000 0.00000 -0.00000 -377.24724 -27.93937 -400.11869 83.59290 69.39789 -104.48372 0.95771 1.13788 21.38015 0.34877 -10.40082 3.83058 -0.99703 8.16482 10.31407 -9.71101 5.01106 13.70751 -10.19236 3.13617 7.06878 -6.48249 -11.22902 -8.48925 22.04551 -3.36198 -11.20844 7.25259 2.60004 -5.05054 -0.00000 0.00000 0.00000 -36.80150 -36.51076 -23.87164 8.33687 -1.06574 -14.54469 0.00000 -17.72330 0.00000 65.33476 -7.35399 -3.36392 -7.12502 -0.00000 0.00000 34.25126 -16.08549 22.85788 -0.00000 0.00000 0.00000 -0.44481 -11.23021 90.63982 -31.13515 -19.59394 63.58196 -0.00000 -17.36450 -0.00000 -25.43185 -0.29099 0.61193 7.12502 -0.00000 -0.00000 1.05220 0.29576 330.69828
-0.41964 0.60644 -0.10409 -773.62006 -22.68817 -712.56151 -0.00000 0.00000 -0.00000 59.12685 -74.49871 38.32373 -122.83381 55.51868 147.99793 -1.73166 -17.35635 -8.93847 -0.51986 12.65228 4.68662 -0.00000 0.00000 -0.00000 -383.90403 -31.44067 -407.20188 103.43308 65.80548 -125.89646 2.07629 0.13559 26.51617 0.31060 -9.82329 3.61323 -4.31887 7.61699 10.21499 -11.62531 4.90246 13.32424 -10.40656 2.98924 6.77123 -4.10189 -10.86843 -7.45316 22.84815 -2.01540 -10.34587 7.12896 2.73984 -4.58154 -0.00000 0.00000 0.00000 -37.52121 -51.76036 -21.69492 5.93108 -0.53556 -10.31014 0.00000 10.18120 -0.00000 50.58587 13.47464 10.84072 -7.12502 -0.00000 0.00000 24.38159 0.28902 45.63766 -0.00000 0.00000 0.00000 11.25644 -16.68138 84.89803 -32.05445 -21.45720 66.81560 -0.00000 -22.28220 -0.00000 -26.67739 -1.47208 2.92691 7.12502 -0.00000 -0.00000 -0.13746 -0.04545 333.29595
-0.42090 0.60347 -0.11367 -768.94328 -16.56440 -714.64516 -0.00000 0.00000 -0.00000 87.49135 -72.21167 59.89419 -128.37661 49.28514 154.98013 -3.91798 -18.00927 -15.31038 -0.58343 13.38563 4.96881 -0.00000 0.00000 -0.00000 -391.34528 -35.89376 -415.00504 112.53462 62.34457 -136.00678 2.96742 -0.16867 30.42066 0.43274 -11.56481 4.27131 -6.49718 9.77022 9.71685 -11.59121 5.65523 12.22210 -9.49500 2.02901 6.11888 -3.89863 -10.94155 -6.57384 22.49370 -0.67021 -9.36239 6.99324 2.97780 -4.03010 0.00000 0.00000 -0.00000 -30.62093 -25.13275 -7.26942 6.78685 -0.70284 -11.81118 0.00000 3.41028 -0.00000 40.10086 10.55376 12.27076 -7.12502 -0.00000 0.00000 14.16058 0.15386 45.60979 0.00000 0.00000 -0.00000 21.74707 -21.00358 80.83778 -31.82371 -20.96501 65.96871 -0.00000 -21.35490 -0.00000 -27.55964 0.12409 -0.23777 7.12502 -0.00000 -0.00000 -0.92918 -0.24469 329.75202
-0.42179 0.58497 -0.12772 -764.79078 -11.72275 -714.73692 -0.00000 0.00000 -0.00000 104.85616 -74.17437 71.55831 -130.52727 45.96085 157.88993 -7.04490 -18.90486 -22.88442 -0.14552 6.74755 2.46809 -0.00000 0.00000 -0.00000 -399.90627 -40.67315 -423.75642 117.08244 59.84954 -141.19962 3.85836 -1.24954 31.91528 0.50527 -12.47732 4.61955 -5.17293 15.19843 9.34240 -10.95978 6.78665 11.23695 -10.46465 0.46005 5.67927 -3.94432 -7.56645 -6.51307 22.45997 -1.41451 -9.07970 7.15952 2.16085 -4.18003 -0.00000 0.00000 0.00000 -38.90490 -9.97307 -9.06147 7.35303 -0.82637 -12.80727 0.00000 7.91904 -0.00000 28.42927 4.94476 9.04671 -7.12502 -0.00000 0.00000 2.17115 -0.17966 40.27200 -0.00000 0.00000 0.00000 33.69402 -22.16713 76.51605 -31.56200 -20.42771 65.03851 -0.00000 -22.74390 -0.00000 -29.05587 2.51689 -4.51932 7.12502 -0.00000 -0.00000 -2.46464 -0.42837 324.85379
-0.41960 0.55982 -0.14368 -759.03471 -5.51868 -716.01048 -0.00000 0.00000 -0.00000 122.22710 -77.49105 95.72508 -131.41935 44.36237 159.14783 -7.17977 -24.03523 -21.10186 -0.30163 -9.68214 -3.56023 -0.00000 0.00000 -0.00000 -410.86253 -51.07993 -432.79544 118.84205 58.68927 -143.24652 5.14268 -2.69338 33.85868 0.58290 -13.37964 4.96650 -5.33127 19.66975 8.51281 -9.98474 8.05618 9.63860 -9.80111 -0.88729 4.83117 -4.79008 -6.49241 -5.73609 20.99504 -2.67653 -7.62674 6.98574 1.38705 -3.62032 0.00000 0.00000 -0.00000 -48.68091 9.21490 -9.31761 11.50312 -2.05640 -20.20670 0.00000 -8.94153 0.00000 21.54706 2.40206 6.05887 -7.12502 -0.00000 0.00000 -4.67097 0.70203 36.47153 0.00000 0.00000 -0.00000 44.82771 -19.13457 74.71823 -31.40361 -20.11248 64.48976 -0.00000 -27.22690 -0.00000 -31.30169 5.94827 -9.67204 7.12502 -0.00000 -0.00000 -5.05012 -0.32977 318.72646
-0.41166 0.53278 -0.15965 -754.94621 0.25293 -721.31101 -0.00000 0.00000 -0.00000 139.21691 -72.47100 119.26195 -132.61848 41.95569 160.90042 -5.62610 -26.68897 -17.22202 -0.23380 -8.53662 -3.13183 -0.00000 0.00000 -0.00000 -418.87124 -65.92608 -440.42194 118.21065 59.12010 -142.50917 5.96664 -4.85218 32.95027 0.68181 -14.44035 5.37794 -4.96200 24.85279 8.11670 -8.61959 9.05139 8.58361 -9.16056 -2.63270 4.21880 -5.02445 -9.91783 -5.22606 17.70389 -2.76871 -6.78767 5.91624 1.66578 -3.07116 0.00000 0.00000 -0.00000 -59.23953 19.04148 -9.45899 16.70165 -4.48169 -29.85263 0.00000 -13.56800 0.00000 23.37356 -0.85171 -1.96982 -7.12502 -0.00000 0.00000 -2.93143 0.90628 27.83529 0.00000 0.00000 -0.00000 46.92720 -15.78552 68.96067 -30.59075 -18.59723 61.81716 -0.00000 -34.13100 -0.00000 -30.86164 11.11634 -17.88169 7.12502 -0.00000 -0.00000 -5.81306 0.59537 309.17223
-0.39886 0.50545 -0.17008 -750.93174 5.59625 -726.83071 -0.00000 0.00000 -0.00000 150.87149 -63.39368 130.42640 -133.75786 39.32973 162.64918 -7.63647 -22.16818 -22.73758 -1.10434 -18.21727 -6.87992 -0.00000 0.00000 -0.00000 -440.56595 -77.57618 -460.93723 118.25629 59.08952 -142.56236 5.23574 -4.98139 30.39815 0.61214 -13.70277 5.09141 -4.63537 30.13908 7.69614 -7.10844 9.90094 7.54125 -8.23140 -4.45113 3.58621 -6.53179 -9.71401 -4.65975 16.24094 -9.08174 -5.08540 5.97720 -0.39819 -2.46833 -0.00000 0.00000 -0.00000 -68.90338 22.30515 -10.50016 21.24862 -7.57607 -38.88227 0.00000 -6.88195 0.00000 26.67050 -4.34976 -8.58647 -7.12502 -0.00000 0.00000 0.37938 -0.17400 20.36168 -0.00000 0.00000 -0.00000 41.82506 -12.81556 61.67673 -28.04396 -14.66486 54.52034 -0.00000 -31.40480 -0.00000 -19.29568 10.53366 -27.57170 7.12502 -0.00000 -0.00000 4.37840 -1.11473 300.74361
-0.38262 0.48606 -0.17364 -742.94143 9.56931 -733.50033 -0.00000 0.00000 -0.00000 156.23524 -58.12908 136.22705 -134.25836 38.04793 163.44979 -10.49960 -15.66853 -32.62971 -0.64491 -14.05504 -5.22801 -0.00000 0.00000 -0.00000 -496.35878 -82.02008 -510.85112 119.15244 58.47116 -143.61024 5.38393 -4.20681 32.09647 0.06274 4.43835 -1.61888 -8.25353 35.72885 8.22012 -7.62480 9.94389 6.08803 -7.01358 -6.55297 2.79753 -7.59675 -8.83046 -4.42860 16.57497 -14.36377 -4.15767 6.48035 -2.14079 -2.19417 0.00000 0.00000 0.00000 -72.15455 24.24030 -12.91667 24.59492 -10.60559 -46.12717 0.00000 -6.35645 0.00000 29.91041 -9.80704 -16.49347 -7.12502 -0.00000 0.00000 3.81332 -2.58676 10.89743 0.00000 0.00000 0.00000 35.61131 -8.14970 53.45260 -24.86143 -10.88085 46.73550 -0.00000 -28.22400 -0.00000 -12.82588 8.58486 -33.25130 7.12502 -0.00000 -0.00000 10.21486 -3.47871 296.39002
-0.36636 0.46540 -0.17116 -735.96445 13.20062 -739.49716 -0.00000 0.00000 -0.00000 156.34197 -50.74763 138.94974 -134.89156 36.29125 164.49769 -12.49655 -14.28367 -37.73937 -1.05292 -17.80699 -6.71363 -0.00000 0.00000 -0.00000 -535.67121 -74.83972 -542.82630 120.96652 57.10620 -145.75409 6.73231 -12.09991 26.68357 0.84189 -15.99266 5.98778 -5.91533 40.24027 7.08223 -8.41012 10.44125 4.73361 -8.99976 -7.34686 2.16050 -6.02053 -7.19295 -4.50594 13.57614 -19.86561 -4.29245 5.53633 -4.21113 -2.47041 -0.00000 0.00000 0.00000 -67.50572 27.82405 -20.30224 26.26196 -12.42500 -50.03087 0.00000 -7.55662 0.00000 34.78471 -15.70536 -21.29058 -7.12502 -0.00000 0.00000 8.12848 -7.13910 3.97259 -0.00000 0.00000 0.00000 31.73191 -4.04447 45.47238 -21.42141 -7.71505 39.24129 -0.00000 -33.78290 -0.00000 -11.37957 8.96227 -37.74085 7.12502 -0.00000 -0.00000 10.76691 -4.59739 292.14447
-0.34984 0.44505 -0.16284 -733.07148 12.16520 -745.36238 -0.00000 0.00000 -0.00000 143.80898 -41.30439 129.10822 -135.77550 33.53390 166.04165 -15.50036 -11.10209 -45.98479 -0.25446 -8.90183 -3.26810 -0.00000 0.00000 -0.00000 -545.46355 -70.58654 -547.29043 124.20601 54.21275 -149.67568 5.08013 -6.68705 27.47633 0.65465 -14.15788 5.26797 -1.60910 50.02055 4.55345 -6.81228 9.89884 2.74811 -8.78691 -9.26205 1.17585 -7.19489 -6.50001 -3.71905 9.55239 -23.16661 -3.71771 4.60736 -5.54490 -1.94801 0.00000 0.00000 -0.00000 -63.98486 26.01860 -27.65191 26.60769 -12.83356 -50.87301 0.00000 -5.42740 0.00000 39.71374 -16.64566 -19.02751 -7.12502 -0.00000 0.00000 11.79939 -9.96487 5.36299 0.00000 0.00000 -0.00000 28.55305 0.72688 41.99626 -19.11917 -5.99844 34.56256 -0.00000 -38.85620 -0.00000 -12.53791 11.11365 -40.91714 7.12502 -0.00000 -0.00000 8.51390 -4.29652 288.41396
-0.33749 0.42648 -0.14999 -731.05163 11.35891 -749.75657 -0.00000 0.00000 -0.00000 135.92901 -31.12477 122.94479 -136.47882 31.01814 167.35837 -20.24288 -10.92257 -53.04654 -0.15976 -7.06774 -2.58645 -0.00000 0.00000 -0.00000 -541.38444 -69.62450 -540.96402 127.75649 50.12873 -154.16714 6.90584 -10.50794 28.65294 1.20281 -18.97362 7.18870 -1.34309 54.60866 3.69730 -1.53761 10.60256 2.31229 -2.80754 -9.12128 0.69153 -7.55905 -3.93561 -2.29423 4.34258 -28.12718 -3.04274 3.22532 -7.85346 -1.23355 -0.00000 0.00000 -0.00000 -63.83102 23.92048 -34.16712 26.38815 -12.57278 -50.33680 0.00000 -7.70942 0.00000 49.26510 -15.51345 -12.97123 -7.12502 -0.00000 0.00000 19.32896 -13.78387 10.81317 -0.00000 0.00000 -0.00000 26.39796 1.11722 41.61397 -16.85108 -4.56768 30.13875 -0.00000 -40.85260 -0.00000 -14.85708 12.25232 -38.65918 7.12502 -0.00000 -0.00000 6.47222 -3.02557 290.04911
-0.33543 0.41022 -0.13845 -727.09655 8.67311 -753.26476 -0.00000 0.00000 -0.00000 128.08014 -25.30082 118.66521 -137.03728 28.75586 168.47887 -27.73913 -17.28440 -57.14027 -1.52353 -21.21464 -8.12202 -0.00000 0.00000 -0.00000 -534.67084 -69.08559 -530.46797 129.51732 47.60590 -156.50427 9.44229 -18.96246 28.16617 2.17164 -25.00161 9.77238 -0.29599 56.36063 1.66613 1.05406 10.60728 0.87973 0.52089 -9.36150 -0.10099 -7.75477 -3.64819 -2.02428 4.38286 -27.23315 -2.73328 3.20568 -7.61465 -1.13858 0.00000 0.00000 0.00000 -56.53452 22.26708 -36.48164 26.62864 -12.85870 -50.92447 0.00000 -18.27410 0.00000 43.75738 -10.62702 -10.90127 -7.12502 -0.00000 0.00000 15.18926 -8.93019 15.24046 0.00000 0.00000 0.00000 34.69711 0.48455 38.85692 -15.64373 -3.90048 27.84335 -0.00000 -38.44300 -0.00000 -14.99542 13.20089 -40.44911 7.12502 -0.00000 -0.00000 5.75535 -2.93460 288.07155
-0.33873 0.39790 -0.12572 -725.01775 4.48191 -754.12365 -0.00000 0.00000 -0.00000 119.72075 -21.19357 113.57475 -137.54238 26.44776 169.56880 -29.96352 -21.75126 -56.97078 -2.18831 -25.08911 -9.81176 -0.00000 0.00000 -0.00000 -519.93213 -65.21271 -513.00794 131.20520 44.75977 -158.84263 10.87203 -12.70662 35.92480 1.09691 -18.15868 6.85612 6.69342 57.19244 -3.89014 2.77157 10.05206 -1.01233 1.70953 -9.98786 -0.99838 -6.67085 -3.62532 -1.79371 4.37128 -26.41462 -2.38436 2.92789 -7.37150 -1.11997 -0.00000 0.00000 0.00000 -45.70184 17.73982 -39.49112 25.70087 -11.78582 -48.68952 0.00000 -18.37920 0.00000 34.01636 -7.87171 -11.47071 -7.12502 -0.00000 0.00000 6.96871 -3.85566 16.18325 -0.00000 0.00000 0.00000 45.79502 -1.48797 32.16621 -15.25116 -3.69679 27.10466 -0.00000 -39.23600 -0.00000 -14.78337 13.56565 -41.63121 7.12502 -0.00000 -0.00000 5.62093 -3.01677 286.86513
-0.34817 0.39370 -0.11756 -722.86779 0.27582 -756.24549 -0.00000 0.00000 -0.00000 114.22774 -14.95673 106.49944 -137.69951 25.66732 169.92649 -34.60475 -20.79726 -62.28321 -3.00475 -28.93574 -11.60824 -0.00000 0.00000 -0.00000 -517.40580 -64.39445 -507.42244 132.06225 43.11246 -160.07768 12.00302 -11.57883 39.29093 0.74256 -15.05077 5.61660 4.88439 53.35794 -3.71068 4.92795 11.24301 -1.94045 4.77426 -8.28598 -1.51483 -5.63952 -2.59604 -1.16376 5.50039 -28.60682 -1.30797 3.05350 -8.35590 -0.86269 0.00000 0.00000 -0.00000 -35.40947 8.49328 -40.80883 24.83615 -10.85450 -46.67757 0.00000 -16.16230 0.00000 38.79907 -8.30696 -10.18724 -7.12502 -0.00000 0.00000 11.04585 -5.94189 17.06315 0.00000 0.00000 -0.00000 54.25844 -5.22039 27.45812 -13.74519 -2.97310 24.30179 -0.00000 -36.74520 -0.00000 -14.07775 13.89904 -43.76810 7.12502 -0.00000 -0.00000 5.74001 -3.35388 284.80019
-0.35802 0.39815 -0.11268 -720.79462 -3.71519 -757.75419 -0.00000 0.00000 -0.00000 109.28193 -16.51886 101.81649 -137.61449 26.09371 169.73171 -31.80527 -17.11872 -61.49763 -2.63171 -27.27575 -10.81649 -0.00000 0.00000 -0.00000 -517.77213 -65.85623 -504.37702 132.38993 42.44002 -160.56016 12.81681 -13.01708 39.47156 0.76483 -15.26772 5.70178 6.94493 46.91831 -5.57678 4.43759 12.81287 -3.80916 3.77094 -6.79952 -2.21779 -1.89058 -1.55885 -0.75419 7.78122 -29.97918 0.06803 2.93866 -9.10640 -0.92019 -0.00000 0.00000 -0.00000 -26.08317 -4.07121 -40.80327 24.31298 -10.32040 -45.48945 0.00000 -12.47300 0.00000 42.21650 -11.19285 -12.07646 -7.12502 -0.00000 0.00000 13.87204 -8.54311 13.97158 -0.00000 0.00000 -0.00000 64.10589 -7.78627 20.23602 -13.39067 -2.81564 23.64852 -0.00000 -37.19460 -0.00000 -5.87315 17.11944 -70.73794 7.12502 -0.00000 -0.00000 -6.84969 4.52328 461.71384
-0.36600 0.41292 -0.10817 -719.59527 -8.03771 -758.66293 -0.00000 0.00000 -0.00000 101.17532 -28.05649 98.27158 -137.19545 28.06304 168.81133 -23.59008 -17.57164 -52.07325 -3.78572 -32.00329 -13.14775 -0.00000 0.00000 -0.00000 -517.75229 -71.22688 -501.65006 132.30222 42.62249 -160.43041 11.93179 -13.70426 37.15594 0.60094 -13.57997 5.04390 8.61384 42.42704 -6.66353 5.28575 12.51173 -4.78472 4.03750 -5.93067 -2.63663 -2.29093 -2.95294 -0.55956 9.73044 -28.12778 0.70827 3.51322 -8.21909 -0.69439 0.00000 0.00000 0.00000 -22.82589 -17.34687 -42.64460 24.71750 -10.73150 -46.40629 0.00000 -5.78545 0.00000 44.77135 -13.62381 -13.35661 -7.12502 -0.00000 0.00000 15.85785 -10.79551 11.60003 0.00000 0.00000 0.00000 67.77886 -10.93562 13.48682 -12.33026 -2.37297 21.70780 -0.00000 -32.73050 -0.00000 -9.08194 10.22513 -47.99746 7.12502 -0.00000 -0.00000 10.45999 -6.83150 282.20606
-0.37209 0.43932 -0.10472 -716.54118 -13.65335 -758.19292 -0.00000 0.00000 -0.00000 85.91438 -47.61202 91.44755 -136.10393 32.39980 166.64518 -13.12448 -12.49600 -40.52874 -3.31445 -30.21154 -12.23571 -0.00000 0.00000 -0.00000 -516.34374 -78.06494 -494.88032 131.78193 43.66832 -159.66963 11.04873 -15.33301 34.02212 0.93290 -16.80306 6.31015 7.60048 36.82960 -6.96950 6.69388 11.72074 -6.05209 5.85525 -4.87604 -3.24649 -2.06738 -4.82119 -1.14307 7.08196 -22.50793 -0.83835 2.66038 -5.95901 -0.99688 -0.00000 0.00000 0.00000 -24.11938 -28.55427 -46.54420 26.10660 -12.24512 -49.65642 0.00000 1.93356 -0.00000 46.68506 -19.80020 -17.71246 -7.12502 -0.00000 0.00000 16.87424 -14.94788 4.62364 -0.00000 0.00000 0.00000 69.29860 -19.31209 10.17217 -10.89221 -1.83832 19.10447 -0.00000 -23.49930 -0.00000 -5.60182 5.86789 -46.18747 7.12502 -0.00000 -0.00000 15.44260 -8.97679 285.54056
-0.37711 0.48272 -0.09507 -714.22116 -23.73951 -759.85195 -0.00000 0.00000 -0.00000 52.17352 -51.54908 67.80747 -133.62638 39.65244 162.44243 -5.69146 -2.41891 -36.13569 -1.24451 -19.28320 -7.31595 -0.00000 0.00000 -0.00000 -364.22819 -87.63151 -335.71991 130.66027 45.73173 -158.07531 7.26742 -14.67698 26.01156 1.15255 -18.59215 7.03260 4.77787 33.91405 -6.65604 7.85508 10.97930 -6.85914 8.32545 -4.46352 -3.70867 -3.73837 -4.86086 -1.57445 1.43796 -13.39920 -2.15036 1.23133 -3.43404 -1.05017 -0.00000 0.00000 0.00000 -28.79962 -34.73931 -51.13118 27.08183 -13.41327 -52.04908 0.00000 8.82755 -0.00000 47.26175 -28.00659 -23.45556 -7.12502 -0.00000 0.00000 16.25133 -20.11609 -4.71644 -0.00000 0.00000 0.00000 64.63337 -23.58143 6.26233 -10.41201 -1.67611 18.24164 -0.00000 -20.31370 -0.00000 -3.31351 3.23988 -44.30907 7.12502 -0.00000 -0.00000 18.81173 -9.83776 288.36357
-0.38492 0.53261 -0.07421 -712.63650 -34.24678 -759.62562 -0.00000 0.00000 -0.00000 22.52697 -45.66060 48.48898 -129.20660 48.08085 156.08514 1.80150 8.75270 -31.61634 -0.91164 -16.61783 -6.23621 -0.00000 0.00000 -0.00000 -360.14517 -75.68798 -327.01716 129.89516 47.00925 -157.01833 1.73660 -7.17926 12.79354 0.54456 -12.94268 4.79815 7.30557 26.90083 -7.95129 8.23754 10.44496 -8.51957 7.46907 -2.41712 -4.43597 -4.60582 -5.65985 -2.30640 -7.49520 0.37058 -2.75263 -1.65753 1.02053 -1.56720 -0.00000 0.00000 -0.00000 -36.48275 -33.14643 -56.68806 28.07887 -14.71232 -54.61238 0.00000 14.55780 -0.00000 47.72061 -32.53831 -26.06162 -7.12502 -0.00000 0.00000 15.69476 -23.25430 -9.56050 -0.00000 0.00000 -0.00000 57.75066 -32.22321 1.35365 -10.35265 -1.65662 18.13520 -0.00000 -11.21080 -0.00000 -2.76479 2.32458 -40.02680 7.12502 -0.00000 -0.00000 20.40123 -8.75569 292.74147
-0.39578 0.58562 -0.04946 -709.27902 -43.75373 -759.90915 -0.00000 0.00000 -0.00000 3.59556 -37.08714 40.65617 -121.59196 56.59672 146.50109 10.85055 25.34818 -25.36443 -0.11108 -5.89966 -2.15543 -0.00000 0.00000 -0.00000 -352.00590 -66.56584 -316.63439 128.24249 49.47149 -154.80343 0.03952 3.68017 -1.28555 0.00059 -0.43265 0.15748 9.76632 18.59421 -9.23101 8.41494 9.31906 -10.82577 5.30482 0.09601 -5.43746 -3.92348 -7.28682 0.38852 -16.29953 12.33868 2.84081 -4.09684 5.14296 0.06214 -0.00000 0.00000 0.00000 -37.54180 -30.05310 -52.54412 28.93973 -15.93302 -56.94222 0.00000 13.48710 -0.00000 48.67408 -32.58537 -25.34058 -7.12502 -0.00000 0.00000 16.25258 -23.76298 -9.11565 -0.00000 0.00000 0.00000 48.61399 -39.43303 0.39580 -10.00718 -1.54557 17.51655 -0.00000 -4.51307 -0.00000 -9.02591 6.74955 -36.49725 7.12502 -0.00000 -0.00000 13.79001 -5.35965 294.16458
-0.40448 0.62888 -0.03205 -703.69537 -52.33809 -762.19932 -0.00000 0.00000 -0.00000 -7.57078 -34.82303 39.41899 -112.43601 62.39184 135.89547 9.27085 43.10659 -6.50954 -0.55008 13.00654 4.82272 -0.00000 0.00000 -0.00000 -338.10453 -60.82907 -305.69630 125.02773 53.36563 -150.69408 -1.51295 8.79135 12.64669 0.53713 12.85606 -4.76485 10.03608 12.77284 -8.16212 6.64884 8.52030 -10.20289 2.16234 1.66282 -4.97546 -2.09706 -5.53879 2.30857 -18.77268 14.22606 5.81347 -4.88560 5.70503 1.38968 -0.00000 0.00000 0.00000 -38.33537 -27.13452 -49.74197 30.08060 -17.72164 -60.24260 0.00000 17.55420 -0.00000 47.57419 -32.16235 -25.94361 -7.12502 -0.00000 0.00000 15.68660 -22.93509 -9.22098 -0.00000 0.00000 0.00000 39.98221 -35.48482 -3.19107 -11.41542 -2.02428 20.04813 -0.00000 -12.62560 -0.00000 -11.26078 8.10420 -35.29951 7.12502 -0.00000 -0.00000 11.50798 -4.31548 294.71605
-0.40424 0.65025 -0.01832 -697.89799 -59.78619 -764.40983 -0.00000 0.00000 -0.00000 -11.94704 -40.05955 37.08472 -112.56694 62.32901 136.04327 1.85114 34.24667 2.70548 -0.03211 3.17719 1.15767 -0.00000 0.00000 -0.00000 -321.15464 -61.13187 -299.91792 123.86996 54.54461 -149.26229 -0.31319 4.77139 3.98614 0.03280 3.21146 -1.17018 10.36040 11.46816 -6.46067 4.90316 8.80121 -8.13592 -0.25070 2.35215 -3.84401 -4.04087 -7.18130 2.56728 -16.54562 11.40637 5.85453 -3.85256 5.02302 1.61854 -0.00000 0.00000 -0.00000 -40.69755 -24.96973 -50.99843 31.73788 -20.78644 -65.66025 0.00000 18.96530 -0.00000 48.89840 -35.96687 -27.12963 -7.12502 -0.00000 0.00000 15.53565 -26.11741 -12.72751 -0.00000 0.00000 -0.00000 36.04890 -40.93865 -0.68021 -11.26437 -1.96960 19.77531 -0.00000 -9.01001 -0.00000 -15.30475 12.24240 -37.77085 7.12502 -0.00000 -0.00000 6.21735 -2.79846 290.86001
-0.39994 0.67098 -0.01109 -690.54584 -69.17553 -764.56554 -0.00000 0.00000 -0.00000 -17.16684 -46.14469 27.91503 -114.08373 61.56663 137.76192 3.63937 27.38593 -3.77010 -0.05574 -4.18411 -1.52578 -0.00000 0.00000 -0.00000 -313.82243 -60.76342 -302.96892 121.75049 56.46414 -146.69114 -0.89390 6.58783 10.56961 0.65729 14.18567 -5.27878 8.10663 13.64621 -5.17710 1.59919 9.82667 -6.49537 -2.44710 2.20307 -3.05497 -3.39574 -7.09415 3.01155 -17.60052 7.38902 5.86610 -4.36138 3.83825 1.90474 0.00000 0.00000 0.00000 -41.49338 -22.96329 -53.31865 32.88362 -23.39973 -70.11716 0.00000 20.90350 -0.00000 48.12034 -36.27081 -27.94307 -7.12502 -0.00000 0.00000 15.02321 -25.93561 -13.46492 0.00000 0.00000 0.00000 39.23518 -48.84986 6.37764 -10.93512 -1.85321 19.18172 -0.00000 -8.66159 -0.00000 -23.81917 19.27781 -36.79172 7.12502 -0.00000 -0.00000 -3.23399 1.56522 289.20019
-0.39358 0.68151 -0.00282 -673.02733 -77.27989 -755.29451 -0.00000 0.00000 -0.00000 -20.42105 -54.62479 13.36890 -117.35395 59.67853 141.51389 6.03744 30.24706 -7.76581 -0.00248 -0.88427 -0.32188 -0.00000 0.00000 -0.00000 -302.26121 -61.82955 -300.84833 121.86224 56.36983 -146.82528 -1.56310 8.37904 15.38506 0.06269 4.43655 -1.61822 4.97127 16.39900 -3.09720 -2.63044 10.67564 -4.00750 -5.24346 1.76312 -1.86609 -3.44494 -9.82317 2.92195 -19.06588 7.42516 6.14156 -4.75160 4.40223 1.79282 0.00000 0.00000 0.00000 -39.38918 -20.40219 -56.37931 33.23885 -24.33811 -71.69347 0.00000 24.61620 -0.00000 43.28690 -35.49155 -31.64893 -7.12502 -0.00000 0.00000 12.57748 -23.04732 -15.32086 0.00000 0.00000 0.00000 42.06489 -49.14408 7.52313 -11.68309 -2.12318 20.53243 -0.00000 -12.49210 -0.00000 -25.80505 38.92100 -52.41653 7.12502 -0.00000 -0.00000 13.34632 -12.63870 452.31565
-0.38968 0.68705 0.00476 -621.49439 -80.59311 -709.53005 -0.00000 0.00000 -0.00000 -28.41100 -61.02007 -9.68705 -119.42779 58.27408 143.93362 4.03779 26.39727 -5.31981 -0.00673 1.45546 0.52987 -0.00000 0.00000 -0.00000 -288.28389 -66.31819 -295.74816 122.96526 55.39904 -148.15751 -2.36241 10.31473 18.30402 0.04861 3.90812 -1.42480 1.31101 18.25326 -1.57485 -7.34316 10.81232 -2.63593 -8.43877 1.06309 -1.25292 -2.62109 -10.46771 2.81774 -21.32415 5.91816 5.84605 -5.65629 4.15322 1.60826 -0.00000 0.00000 -0.00000 -35.68509 -17.79702 -60.04772 33.20193 -24.23691 -71.52394 0.00000 26.21780 -0.00000 41.07401 -35.33986 -33.57099 -7.12502 -0.00000 0.00000 11.43025 -21.88200 -16.52052 -0.00000 0.00000 -0.00000 51.63990 -55.31210 10.52109 -14.76917 -3.45534 26.20244 -0.00000 -10.71470 -0.00000 -20.27322 47.37666 -63.34349 7.12502 -0.00000 -0.00000 19.48843 -12.70729 463.13591
-0.38985 0.68209 -0.00728 -582.36987 -75.77664 -674.29990 -0.00000 0.00000 -0.00000 -30.06671 -64.79171 -26.94045 -116.81713 60.01396 140.89306 0.63994 12.53409 -1.05153 -0.52928 -12.76391 -4.72946 -0.00000 0.00000 -0.00000 -273.28587 -70.40196 -290.77459 120.26459 57.65343 -144.92073 -1.92281 8.71346 23.66893 0.00784 -1.57047 0.57176 -4.89945 19.46681 -0.85118 -11.31812 9.99804 -3.16468 -9.38764 -0.41859 -1.78396 0.07984 -7.52218 3.48319 -21.93118 2.42025 5.61031 -6.41696 2.66967 2.00122 0.00000 0.00000 -0.00000 -30.64311 -15.81162 -61.79024 33.35346 -24.65836 -72.22931 0.00000 26.70770 -0.00000 42.26689 -32.41504 -30.53185 -7.12502 -0.00000 0.00000 12.54481 -20.47807 -12.54231 0.00000 0.00000 -0.00000 54.85224 -51.97104 10.88478 -15.34368 -3.74423 27.27844 -0.00000 -12.63730 -0.00000 -17.93666 48.74107 -66.70329 7.12502 -0.00000 -0.00000 20.49383 -12.13524 465.64470
-0.39036 0.67213 -0.01215 -571.39186 -70.17008 -665.48465 -0.00000 0.00000 -0.00000 -28.52545 -69.76547 -38.19159 -111.53245 62.81328 134.87778 0.18654 -2.98170 11.35314 -0.03667 -3.39493 -1.23720 -0.00000 0.00000 -0.00000 -247.80982 -72.72424 -276.29038 116.53674 60.18492 -140.56961 -2.13989 9.15256 26.66529 0.33515 10.19876 -3.75444 -11.76426 21.88110 -0.31647 -14.16367 9.43851 -4.73330 -8.84146 -2.14839 -2.81999 -1.31701 -12.21974 2.57317 -17.21431 3.36183 4.68446 -4.68255 3.45153 1.40544 0.00000 0.00000 -0.00000 -24.32394 -15.95975 -67.46971 33.57950 -25.31948 -73.33266 0.00000 27.51810 -0.00000 35.70037 -45.62536 -44.84809 -7.12502 -0.00000 0.00000 6.59718 -27.02265 -30.71853 0.00000 0.00000 -0.00000 57.26000 -46.26958 9.33704 -16.61498 -4.43226 29.68693 -0.00000 -17.39760 -0.00000 -17.21177 48.83560 -67.63351 7.12502 -0.00000 -0.00000 20.53410 -11.87046 466.22565
-0.39621 0.68273 0.00092 -573.36167 -66.85299 -667.24679 -0.00000 0.00000 -0.00000 -39.65976 -77.61914 -60.40971 -106.77074 64.72448 129.57088 1.94076 -10.31229 13.06559 -0.97904 17.19715 6.46797 -0.00000 0.00000 -0.00000 -211.06541 -69.01717 -248.18556 113.45669 61.88969 -137.04994 -1.62448 8.08315 25.50712 1.07244 17.96405 -6.77719 -15.07940 24.94171 -0.54350 -14.48592 9.12704 -6.75507 -7.22530 -3.84017 -3.84554 -3.67197 -15.33721 1.58440 -15.68157 0.59147 3.34517 -3.96502 2.93907 0.78681 -0.00000 0.00000 -0.00000 -18.88499 -17.25292 -72.63276 33.90826 -26.36528 -75.07198 0.00000 28.69320 -0.00000 30.77965 -38.06629 -45.98937 -7.12502 -0.00000 0.00000 6.16424 -19.19750 -26.81716 -0.00000 0.00000 -0.00000 56.41578 -41.41970 5.70692 -18.52487 -5.59999 33.38764 -0.00000 -24.76630 -0.00000 -16.19356 49.39665 -69.06827 7.12502 -0.00000 -0.00000 20.97148 -11.63204 467.25405
-0.40352 0.67980 0.00046 -580.01989 -68.38450 -670.58054 -0.00000 0.00000 -0.00000 -61.68535 -81.09426 -90.75434 -87.61871 68.97021 108.79037 2.17517 -11.99306 11.29987 -0.13325 6.45846 2.36136 -0.00000 0.00000 -0.00000 -193.06127 -65.94267 -235.46492 98.35042 67.13054 -120.35382 -5.22453 15.08010 26.15845 4.30743 33.81004 -14.10793 -12.62373 29.25677 -2.38265 -13.30582 9.55012 -9.33172 -6.00336 -5.20815 -4.95997 -4.24976 -14.12241 1.71647 -15.03707 -4.32063 2.70753 -4.14388 1.24633 0.84645 -0.00000 0.00000 -0.00000 -11.84953 -21.21848 -74.79879 33.81342 -26.05183 -74.55129 0.00000 29.13380 -0.00000 39.70242 -32.10493 -32.62353 -7.12502 -0.00000 0.00000 11.15082 -19.02217 -13.83592 -0.00000 0.00000 -0.00000 57.39580 -41.87367 7.59022 -18.28152 -5.44180 32.90997 -0.00000 -26.48140 -0.00000 -18.87444 48.22680 -65.37270 7.12502 -0.00000 -0.00000 20.11049 -12.36905 464.67158
-0.41444 0.66633 -0.00132 -589.05461 -69.71798 -674.74823 -0.00000 0.00000 -0.00000 -91.70951 -79.49069 -121.16734 -50.63151 68.74386 69.33359 1.35373 -9.94774 8.14067 -0.23052 -8.47706 -3.10963 -0.00000 0.00000 -0.00000 -190.66169 -62.57237 -226.81016 60.03921 69.68052 -79.39278 -3.49352 11.51931 30.37593 3.01676 28.98683 -11.63303 -9.68173 32.10050 -4.13605 -11.66029 10.50177 -10.89111 -5.11526 -5.39934 -5.63049 -3.73000 -14.52737 1.67253 -16.10480 -4.40963 2.59039 -4.17828 1.26445 0.73969 0.00000 0.00000 0.00000 -5.74177 -26.56277 -74.97182 32.98659 -23.66398 -70.56207 0.00000 26.04340 -0.00000 48.26953 -25.93847 -21.31233 -7.12502 -0.00000 0.00000 17.24532 -19.33708 -1.84863 0.00000 0.00000 0.00000 59.32761 -44.97812 9.16538 -17.59297 -5.00933 31.56849 -0.00000 -26.18830 -0.00000 -20.52582 46.65597 -62.75982 7.12502 -0.00000 -0.00000 18.90062 -12.60198 462.49388
-0.42466 0.64395 -0.01224 -599.88266 -72.49267 -679.44192 -0.00000 0.00000 -0.00000 -110.65794 -77.27830 -128.65103 -23.79486 60.38347 39.81220 -0.69231 -11.28154 -5.57147 -2.45825 -26.45081 -10.43261 -0.00000 0.00000 -0.00000 -201.09794 -64.33624 -221.00653 24.23860 60.64315 -40.32196 3.16332 -5.35259 21.85134 0.04129 3.60247 -1.31304 -7.45639 33.24793 -4.96338 -8.19875 12.58780 -10.73273 -2.70501 -3.15940 -5.58961 -3.11786 -13.22734 1.16914 -19.08318 -4.89129 1.61359 -5.24893 0.93610 0.26018 0.00000 0.00000 0.00000 -1.03812 -30.29924 -70.41490 31.34882 -20.00507 -64.30226 0.00000 24.24230 -0.00000 46.68708 -28.21030 -24.02061 -7.12502 -0.00000 0.00000 15.84792 -19.95640 -5.24854 0.00000 0.00000 0.00000 60.35261 -48.56501 10.36712 -17.21283 -4.77995 30.83397 -0.00000 -25.14180 -0.00000 -21.56309 44.98467 -60.79381 7.12502 -0.00000 -0.00000 17.60142 -12.55175 460.58789
-0.42905 0.62391 -0.02210 -635.13994 -78.25078 -707.28901 -0.00000 0.00000 -0.00000 -157.50964 -77.86841 -148.21319 -18.97825 57.06206 34.18012 -0.78971 -2.03773 -12.11528 -6.68366 -40.39202 -18.03968 -0.00000 0.00000 -0.00000 -253.49884 -66.61268 -233.73530 15.57919 53.99630 -30.05916 0.54168 -9.93175 4.92710 0.31347 -9.86783 3.62996 -0.64100 30.76653 -6.89799 -2.84974 14.46906 -10.44110 -0.69689 -0.43010 -5.41348 -5.62652 -11.36891 1.02964 -18.78648 0.49043 2.61323 -4.66834 2.27410 0.48448 0.00000 0.00000 -0.00000 -0.56468 -27.42773 -63.59440 28.53891 -15.35224 -55.84244 0.00000 25.29760 -0.00000 41.55728 -30.54951 -29.82794 -7.12502 -0.00000 0.00000 12.38082 -18.90257 -10.87865 0.00000 0.00000 -0.00000 59.50091 -50.17551 12.98012 -16.25209 -4.22886 28.99536 -0.00000 -22.21950 -0.00000 -20.04068 44.27310 -62.41112 7.12502 -0.00000 -0.00000 16.86559 -11.65811 461.31519
-0.44045 0.61180 -0.02920 -705.74258 -79.70095 -767.21779 -0.00000 0.00000 -0.00000 -123.06650 -83.37567 -100.27115 -29.68427 63.34889 46.48677 -0.28138 -2.74690 -5.28814 -4.78178 -35.31771 -14.94396 -0.00000 0.00000 -0.00000 -312.77920 -62.07123 -266.99928 19.90958 57.78538 -35.28528 1.01417 -8.32092 8.03775 1.56007 21.45164 -8.22246 7.39398 29.88436 -10.45029 3.20320 15.25109 -12.75600 2.15483 1.01812 -6.42017 -3.55924 -6.44514 1.84387 -21.06282 6.01595 4.16158 -5.58654 3.29248 1.01984 -0.00000 0.00000 0.00000 -6.19620 -20.46134 -58.84497 25.13368 -11.16791 -47.36275 0.00000 26.92500 -0.00000 41.89740 -28.08748 -27.68979 -7.12502 -0.00000 0.00000 12.84185 -17.49623 -7.82876 -0.00000 0.00000 0.00000 58.37591 -52.22350 18.14205 -13.60263 -2.90920 24.03882 -0.00000 -14.17530 -0.00000 -17.98078 44.01777 -64.96477 7.12502 -0.00000 -0.00000 16.46730 -10.69790 462.87142
-0.47115 0.59627 -0.02985 -729.63124 -71.37718 -786.86519 -0.00000 0.00000 -0.00000 -23.34660 -85.54928 2.79500 -61.73948 69.78122 81.20527 1.17607 7.13380 -14.53818 -6.67438 -40.37030 -18.02535 -0.00000 0.00000 -0.00000 -310.26335 -65.63432 -276.87125 33.57451 64.84521 -50.81073 0.57482 -4.22898 7.29143 3.01931 28.99769 -11.63831 7.12872 25.60825 -9.67822 7.20938 14.80678 -12.40962 5.71912 3.29146 -6.50232 -3.24831 -5.08356 1.79629 -18.51062 13.13345 4.95487 -4.70788 5.19732 1.04252 0.00000 0.00000 -0.00000 -18.67442 -15.48857 -56.63703 21.77270 -8.00303 -39.97563 0.00000 28.83070 -0.00000 41.31350 -22.71293 -23.71569 -7.12502 -0.00000 0.00000 12.82574 -13.97736 -1.69340 0.00000 0.00000 -0.00000 62.24751 -56.71934 26.68665 -10.36881 -1.66191 18.16418 -0.00000 -0.14782 -0.00000 -16.61834 42.32536 -66.09443 7.12502 -0.00000 -0.00000 14.93058 -9.57618 463.04071
-0.49344 0.58063 -0.04294 -738.85249 -64.08831 -795.33259 -0.00000 0.00000 -0.00000 7.27384 -71.82972 34.63526 -92.04248 68.34658 113.53939 3.84185 13.67435 -20.25168 -8.48134 -44.17498 -20.70990 -0.00000 0.00000 -0.00000 -311.16900 -65.95521 -285.42885 57.79961 69.51737 -77.00334 0.25748 -3.51127 4.39647 0.94760 16.92980 -6.36082 5.99408 22.66115 -8.69358 8.14851 13.81464 -11.65104 6.81509 3.78715 -6.27390 -1.69196 -3.09042 1.97875 -17.14481 17.99713 5.38359 -4.48520 6.36007 1.14485 -0.00000 0.00000 0.00000 -31.22822 -12.02252 -49.77771 20.13069 -6.71758 -36.59161 0.00000 24.97720 -0.00000 38.61272 -17.99626 -21.14872 -7.12502 -0.00000 0.00000 10.99825 -10.10653 2.92086 -0.00000 0.00000 0.00000 56.51536 -51.06181 19.73855 -9.24701 -1.31557 16.16026 -0.00000 3.55788 0.00000 -20.28594 39.87899 -60.03664 7.12502 -0.00000 -0.00000 13.32742 -10.29672 457.96418
-0.51376 0.56659 -0.05707 -743.74458 -59.60502 -798.21435 -0.00000 0.00000 -0.00000 5.40746 -55.41288 35.06647 -109.10956 63.84628 132.16663 7.00441 19.65153 -22.72105 -6.94614 -40.99586 -18.44223 -0.00000 0.00000 -0.00000 -323.65071 -64.81121 -297.10692 91.74412 68.39412 -113.21844 -0.20932 3.01701 10.22864 5.28677 36.80258 -15.80178 5.08863 20.74429 -7.52097 7.92554 13.22519 -10.34095 6.65842 3.92017 -5.64387 -1.29926 -3.46962 1.21954 -14.17612 20.12491 4.03552 -3.74790 6.94727 0.58073 0.00000 0.00000 0.00000 -38.01037 -7.22461 -41.58657 19.87255 -6.52900 -36.07007 0.00000 21.23420 -0.00000 36.90952 -14.35382 -18.26650 -7.12502 -0.00000 0.00000 9.62903 -7.56710 7.18177 0.00000 0.00000 0.00000 50.43280 -43.61902 5.62635 -10.32517 -1.64763 18.08594 -0.00000 0.34912 0.00000 -22.11643 36.61230 -55.72903 7.12502 -0.00000 -0.00000 11.07797 -9.95993 453.54329
-0.54045 0.54426 -0.05832 -743.97901 -52.63661 -797.23646 -0.00000 0.00000 -0.00000 9.18840 -44.00248 36.98809 -119.67458 58.09448 144.22405 10.78001 23.68222 -28.29457 -4.93894 -35.79225 -15.21422 -0.00000 0.00000 -0.00000 -331.36033 -64.01381 -301.94779 116.92008 59.95047 -141.01196 0.00462 1.69018 9.72542 4.59667 34.74330 -14.62148 6.96980 19.14210 -7.50685 8.69723 11.79467 -9.90991 6.45429 2.92912 -5.30638 -0.89722 -1.95078 1.54013 -14.08549 18.05667 4.10579 -3.79637 6.02001 0.82507 -0.00000 0.00000 0.00000 -41.65599 0.93121 -27.56018 20.53057 -7.01672 -37.40481 0.00000 23.59770 -0.00000 30.89249 -11.40223 -18.28476 -7.12502 -0.00000 0.00000 4.79159 -3.54320 8.59981 -0.00000 0.00000 0.00000 49.34419 -45.80559 1.30908 -9.19185 -1.29964 16.06210 -0.00000 5.07288 0.00000 -23.96160 35.17169 -52.34858 7.12502 -0.00000 -0.00000 -10.50625 10.16306 631.42485
-0.56067 0.51453 -0.06219 -739.74387 -42.04113 -792.96346 -0.00000 0.00000 -0.00000 15.15383 -42.52083 39.46124 -124.08712 54.33109 149.52924 14.57779 26.03367 -34.54096 -2.44800 -26.40090 -10.40958 -0.00000 0.00000 -0.00000 -334.58536 -64.58650 -303.61348 126.50483 51.70202 -152.55483 -0.46333 4.51679 9.13133 4.59586 34.74075 -14.62006 9.40147 16.62409 -7.43024 10.83869 10.39553 -9.62000 7.28197 2.70495 -5.10663 -0.68440 -1.97747 2.55526 -13.29291 15.90353 5.19525 -3.48425 5.40594 1.56726 -0.00000 0.00000 0.00000 -45.97047 10.66717 -13.65638 20.47555 -6.97505 -37.29251 0.00000 22.99350 -0.00000 26.88930 -9.31983 -17.71138 -7.12502 -0.00000 0.00000 1.40842 -0.98494 10.04061 -0.00000 0.00000 0.00000 50.93107 -45.54760 0.33004 -8.85594 -1.20484 15.46504 -0.00000 8.29470 0.00000 -27.38169 28.25482 -42.42682 7.12502 -0.00000 -0.00000 -9.61346 6.45211 641.43813
-0.57447 0.47999 -0.06793 -735.89707 -32.09540 -789.58162 -0.00000 0.00000 -0.00000 31.43299 -45.93835 47.02573 -130.45427 46.08530 157.78849 -2.91942 4.68246 -43.53389 -0.28107 -9.35046 -3.43589 -0.00000 0.00000 -0.00000 -336.04760 -64.05587 -305.12412 129.29353 47.94936 -156.20208 4.81135 -14.42127 19.52237 1.96843 -23.89935 9.28146 9.96792 16.78648 -7.43743 11.59393 9.45678 -9.33155 8.01392 1.65346 -4.99714 1.50296 -2.95800 4.22754 -12.15312 13.97572 7.09872 -3.33035 5.11266 2.79315 -0.00000 0.00000 0.00000 -49.59477 21.77688 -1.11129 18.26723 -5.43260 -32.88197 0.00000 16.90350 -0.00000 22.18212 -6.94732 -16.52351 -7.12502 -0.00000 0.00000 -2.73505 1.77031 12.11036 -0.00000 0.00000 0.00000 56.44645 -42.73686 2.21866 -8.08437 -1.00129 14.09796 -0.00000 11.45460 0.00000 -25.57577 22.76757 -38.95885 7.12502 -0.00000 -0.00000 -6.04892 3.35105 646.11811
-0.58506 0.42821 -0.06695 -733.92154 -22.42827 -788.30926 -0.00000 0.00000 -0.00000 68.34323 -40.15470 68.91008 -135.23640 35.26205 165.08751 -11.09770 -2.37453 -49.09468 -0.01384 -2.08649 -0.75978 -0.00000 0.00000 -0.00000 -300.11453 -73.64929 -277.71073 132.28766 42.65259 -160.40892 4.67885 -16.77080 17.91154 2.48179 -26.56493 10.48535 11.98912 19.34771 -7.47802 9.99373 9.68517 -8.49317 5.54117 0.03235 -4.45471 5.49445 -4.69185 6.05955 -9.70482 11.04372 8.76664 -3.11022 4.67043 4.02341 0.00000 0.00000 0.00000 -52.80246 35.02599 11.54915 16.12320 -4.15797 -28.75052 0.00000 5.84062 -0.00000 15.66675 -4.07873 -14.23063 -7.12502 -0.00000 0.00000 -8.70419 5.00370 15.32955 0.00000 0.00000 0.00000 67.09645 -40.38968 3.38604 -8.21482 -1.03432 14.32869 -0.00000 14.51240 0.00000 -21.36835 17.55183 -37.62377 7.12502 -0.00000 -0.00000 -0.71580 0.34816 649.06317
-0.59118 0.38070 -0.06640 -735.16922 -20.18927 -786.19097 -0.00000 0.00000 -0.00000 90.04622 -24.96239 78.36110 -137.40414 27.10821 169.26197 -20.97705 -7.65600 -57.04340 -0.01349 -2.06016 -0.75018 -0.00000 0.00000 -0.00000 -227.09172 -81.40716 -208.91773 134.47447 37.46641 -163.80273 4.58282 -11.37869 20.92891 2.06247 -24.41787 9.51124 9.91697 26.37749 -7.34960 7.75288 11.19163 -7.74399 5.05544 -1.79830 -4.15246 5.60710 -5.70292 7.14973 -8.07866 4.88735 9.65170 -3.05094 3.30144 4.65454 -0.00000 0.00000 0.00000 -57.55869 41.60804 15.60916 12.47055 -2.42914 -21.96346 0.00000 -4.15440 0.00000 11.66814 -2.28165 -10.91184 -7.12502 -0.00000 0.00000 -12.71357 6.30199 19.05497 -0.00000 0.00000 0.00000 74.84800 -40.16368 2.64755 -7.68334 -0.90322 13.38963 -0.00000 16.17350 0.00000 -19.99093 15.86115 -36.91662 7.12502 -0.00000 -0.00000 1.09648 -0.50442 650.29883
-0.59136 0.35705 -0.06303 -734.37970 -20.72777 -785.58624 -0.00000 0.00000 -0.00000 96.58418 -18.93365 83.84574 -137.98724 24.14563 170.60965 -23.22311 -7.39199 -59.83977 -0.00014 0.20713 0.07539 -0.00000 0.00000 -0.00000 -205.78735 -80.32182 -184.44835 133.63006 39.64348 -162.44820 6.31883 -14.82396 23.46528 2.99004 -28.87296 11.57780 6.15597 31.53431 -4.87101 4.65268 13.37487 -5.32759 3.29751 -1.85563 -3.01625 3.55662 -5.43796 7.48969 -8.59177 -2.69644 9.77611 -3.17919 0.71564 4.78968 -0.00000 0.00000 -0.00000 -57.96321 29.00647 8.13865 9.27496 -1.32368 -16.21002 0.00000 -1.82819 0.00000 10.66207 -1.58161 -8.34041 -7.12502 -0.00000 0.00000 -13.96446 6.15216 21.68537 -0.00000 0.00000 -0.00000 80.96643 -44.37780 2.61851 -6.65509 -0.67556 11.57972 -0.00000 25.46410 0.00000 -14.82706 14.28966 -42.99673 7.12502 -0.00000 -0.00000 5.10544 -2.91328 645.36591
-0.58947 0.34439 -0.05682 -732.27010 -19.80476 -785.14628 -0.00000 0.00000 -0.00000 103.71116 -20.09907 90.15214 -137.98640 24.15026 170.60760 -23.02335 -0.57070 -66.43715 -0.00640 -1.41947 -0.51676 -0.00000 0.00000 -0.00000 -181.37859 -75.83803 -158.71631 133.67886 39.52430 -162.52478 8.40966 -17.00478 27.12803 5.03529 -36.07749 15.37840 3.29226 34.28218 -1.83086 1.09632 14.48683 -2.46662 0.01874 -1.53317 -1.58964 3.19821 -3.87385 7.90709 -11.27821 -7.84939 9.92486 -4.45017 -1.03382 4.99863 0.00000 0.00000 -0.00000 -61.30068 26.14913 5.05261 10.07480 -1.56698 -17.63752 0.00000 -14.96570 0.00000 16.36355 -2.73393 -9.22685 -7.12502 -0.00000 0.00000 -8.75815 4.03548 20.44926 0.00000 0.00000 -0.00000 84.00784 -43.55644 0.56724 -6.25463 -0.59607 10.87705 -0.00000 33.71840 0.00000 -5.30352 6.52547 -50.75685 7.12502 -0.00000 -0.00000 14.45124 -10.01684 640.98316
-0.58987 0.33951 -0.05501 -733.53046 -17.57855 -783.25833 -0.00000 0.00000 -0.00000 110.57560 -18.46312 91.23122 -137.94531 24.37552 170.50760 -26.60853 4.01710 -73.76027 -0.05296 -4.07878 -1.48723 -0.00000 0.00000 -0.00000 -161.23271 -73.34242 -141.93596 133.84112 39.12246 -162.78083 8.29394 -15.73375 27.72703 4.05673 -32.96292 13.65236 1.64901 38.32002 1.15615 -1.50485 14.79994 0.59310 -2.82511 -2.33212 -0.06254 3.39793 -1.46914 8.05728 -13.27929 -10.58031 9.79761 -4.95416 -1.96155 5.13802 0.00000 0.00000 -0.00000 -63.63173 26.64046 2.95725 11.34832 -1.99989 -19.92691 0.00000 -23.86630 0.00000 15.50939 -1.35118 -4.85699 -7.12502 -0.00000 0.00000 -9.97049 3.67041 24.99068 0.00000 0.00000 -0.00000 84.45672 -49.73997 -0.84467 -5.82951 -0.51724 10.13232 -0.00000 41.52320 0.00000 1.54807 -2.10087 -53.60181 7.12502 -0.00000 -0.00000 23.20627 -16.28185 641.81783
-0.58891 0.33743 -0.05448 -734.72029 -14.21192 -779.27133 -0.00000 0.00000 -0.00000 113.48215 -14.28002 91.46447 -138.17982 23.04997 171.09069 -32.90860 -0.09109 -73.95826 -0.05394 4.11614 1.50091 -0.00000 0.00000 -0.00000 -142.79717 -71.24973 -126.41172 133.73828 39.37816 -162.61829 9.10696 -17.52279 28.34176 4.86305 -35.56458 15.08412 -0.16976 39.58657 3.78430 -2.54032 14.72167 3.13718 -3.97713 -2.63630 1.17266 2.62696 -0.49149 8.17454 -13.03260 -11.93260 9.84711 -4.89238 -2.56418 5.26761 0.00000 0.00000 -0.00000 -66.79870 22.42844 1.45203 12.13536 -2.29614 -21.35313 0.00000 -32.81260 0.00000 17.74714 -0.63397 -1.98002 -7.12502 -0.00000 0.00000 -8.12562 2.51620 27.90815 0.00000 0.00000 -0.00000 84.43570 -36.90630 0.76461 -5.72996 -0.49961 9.95810 -0.00000 38.26460 0.00000 4.66468 -7.52587 -58.07783 7.12502 -0.00000 -0.00000 27.29855 -21.15818 640.03260
-0.58888 0.34020 -0.05728 -736.40352 -11.78179 -772.22537 -0.00000 0.00000 -0.00000 112.40249 -17.10807 92.87249 -138.16491 23.13723 171.05269 -33.38408 -4.32852 -71.16906 -0.00571 1.34041 0.48796 -0.00000 0.00000 -0.00000 -123.99325 -65.99781 -108.64279 133.57394 39.77963 -162.36035 10.06132 -16.01706 31.44447 4.78511 -35.32788 14.94972 -2.67150 39.35810 5.59233 -2.74370 14.08064 4.58802 -3.61109 -3.25608 1.84478 2.63205 -0.48083 7.38102 -10.03621 -11.64929 9.06739 -3.93710 -2.71810 4.77396 0.00000 0.00000 -0.00000 -68.69382 12.82173 0.43538 12.38915 -2.39646 -21.81508 0.00000 -35.77650 0.00000 21.61181 0.84678 2.13637 -7.12502 -0.00000 0.00000 -4.65084 1.05325 32.26757 0.00000 0.00000 -0.00000 86.04510 -37.85883 5.96011 -6.45873 -0.63595 11.23504 -0.00000 51.00720 0.00000 6.87368 -8.53883 -50.92764 7.12502 -0.00000 -0.00000 31.44771 -18.55214 647.51351
-0.58334 0.34874 -0.05800 -739.91793 -7.32486 -764.18066 -0.00000 0.00000 -0.00000 118.58948 -29.66908 99.41669 -137.97344 24.22165 170.57595 -25.36906 -1.64085 -67.34075 -0.07579 4.87685 1.77961 -0.00000 0.00000 -0.00000 -108.46532 -66.02222 -94.12421 132.34405 42.53570 -160.49223 8.94972 -9.13042 35.35129 3.93826 -32.54926 13.43339 -0.62543 36.42916 5.06195 -2.06202 13.56235 5.11706 -3.67375 -2.92781 2.21233 1.96732 -2.15218 5.77188 -4.38280 -9.02646 7.44044 -2.00643 -2.22090 3.75203 0.00000 0.00000 -0.00000 -68.81680 2.63427 -0.67542 12.14258 -2.29897 -21.36627 0.00000 -36.69190 0.00000 23.80483 1.27774 2.89367 -7.12502 -0.00000 0.00000 -2.57837 0.54190 33.13880 0.00000 0.00000 -0.00000 82.26419 -25.86780 9.68039 -7.88328 -0.95145 13.74259 -0.00000 31.59640 0.00000 -0.36188 0.33326 -42.64155 7.12502 -0.00000 -0.00000 22.84839 -10.72852 651.16406
-0.57345 0.35783 -0.05615 -743.49227 -5.73993 -757.71986 -0.00000 0.00000 -0.00000 119.61127 -40.22840 104.97895 -137.76100 25.35268 170.06926 -19.64145 -5.05740 -58.13157 -0.18673 7.63666 2.79721 -0.00000 0.00000 -0.00000 -88.75509 -71.56160 -72.09184 128.73112 48.78179 -155.44961 3.45396 1.43934 36.46260 4.79284 -35.35148 14.96308 -1.04935 33.64791 5.24298 -1.29142 13.32933 5.52930 -2.55582 -2.30674 2.43062 0.70651 -3.63426 3.64268 1.28446 -5.67042 4.89885 0.21682 -1.15104 2.41998 0.00000 0.00000 0.00000 -68.65808 -6.87953 -2.59161 11.05411 -1.89483 -19.39607 0.00000 -33.97060 0.00000 25.93196 1.18143 2.42798 -7.12502 -0.00000 0.00000 -0.57372 0.12531 32.67993 0.00000 0.00000 0.00000 74.08137 -16.09045 13.38757 -10.83830 -1.81971 19.00746 -0.00000 10.85780 0.00000 -5.91155 4.00686 -34.01323 7.12502 -0.00000 -0.00000 17.84873 -5.80091 657.57369
-0.55693 0.36761 -0.05048 -747.80044 -5.96426 -752.86414 -0.00000 0.00000 -0.00000 113.27249 -46.54497 105.17753 -137.37473 27.24576 169.19758 -19.00759 -12.97207 -49.55119 -0.02180 -2.61851 -0.95377 -0.00000 0.00000 -0.00000 -50.99042 -73.06435 -33.54837 118.48526 58.93479 -142.82945 -4.98319 13.81805 31.41993 4.03328 -32.88174 13.60921 -0.63110 31.51159 5.19310 -0.39436 13.43333 5.83343 -1.82006 -1.77229 2.60610 0.02875 -2.90269 1.42888 6.18195 -2.80900 1.99526 1.91712 -0.44775 0.97767 0.00000 0.00000 0.00000 -69.20397 -16.71798 -4.85193 10.02507 -1.55122 -17.54855 0.00000 -28.79060 0.00000 21.86775 -0.93130 -2.31909 -7.12502 -0.00000 0.00000 -4.30836 1.36245 27.48385 0.00000 0.00000 0.00000 64.73792 -14.83464 18.70600 -14.19734 -3.18095 25.13844 -0.00000 -2.09095 -0.00000 -9.93105 6.55615 -33.10907 7.12502 -0.00000 -0.00000 13.49029 -4.37976 657.34225
-0.53331 0.37601 -0.04300 -750.67136 -7.40889 -750.45183 -0.00000 0.00000 -0.00000 107.36128 -53.16090 102.77418 -136.93532 29.18937 168.26839 -14.01788 -9.13553 -45.54747 -0.21148 8.12287 2.97779 -0.00000 0.00000 -0.00000 -30.86615 -69.68539 -15.06005 92.93469 68.19939 -114.49983 -5.63401 16.05770 25.30124 1.80181 -22.94181 8.86229 0.49008 30.56542 5.53268 -0.94050 12.96999 6.66767 -3.13956 -1.63752 3.11787 -1.59999 -2.52897 -0.98830 12.11871 0.93486 -1.51999 4.23363 0.87178 -0.66755 -0.00000 0.00000 0.00000 -68.57077 -12.06418 -5.31903 11.73785 -2.14373 -20.63163 0.00000 -34.52050 0.00000 18.74388 -1.02731 -3.02444 -7.12502 -0.00000 0.00000 -7.14765 2.36302 26.79961 -0.00000 0.00000 0.00000 55.79693 -16.94385 24.29597 -16.59811 -4.42268 29.65472 -0.00000 -9.14491 -0.00000 -11.54986 7.46534 -32.44724 7.12502 -0.00000 -0.00000 11.81713 -3.76541 657.57382
-0.50709 0.38253 -0.03448 -752.86154 -7.80838 -750.39006 -0.00000 0.00000 -0.00000 108.69637 -59.10690 104.95060 -136.69637 30.16837 167.78581 -3.84991 2.45955 -40.59134 -1.65876 22.07567 8.48862 -0.00000 0.00000 -0.00000 -29.91595 -69.83042 -19.88085 72.69234 69.97695 -92.86526 -3.51644 12.94983 20.00574 0.52698 -12.73675 4.71903 0.27835 27.21151 4.52771 0.45229 13.59708 5.47648 -0.82535 0.25652 2.50368 -7.32474 -4.47163 -0.63800 14.14433 6.18176 -1.33175 5.44087 2.69220 -0.36919 0.00000 0.00000 -0.00000 -73.46873 -13.58142 -4.16732 12.01918 -2.25101 -21.14202 0.00000 -32.94190 0.00000 17.56627 -2.03267 -6.39291 -7.12502 -0.00000 0.00000 -7.96839 3.18990 23.32073 0.00000 0.00000 -0.00000 43.37328 -15.26100 37.02842 -18.84904 -5.81518 34.02701 -0.00000 -15.19700 -0.00000 -12.95067 8.14537 -31.63826 7.12502 -0.00000 -0.00000 10.43149 -3.21999 658.03301
-0.48171 0.39086 -0.02768 -751.18954 -12.61743 -749.47611 -0.00000 0.00000 -0.00000 116.03307 -76.02549 120.41264 -135.40018 34.75321 165.37300 7.94364 21.37557 -22.98040 -4.89481 35.66020 15.13866 -0.00000 0.00000 -0.00000 -51.03073 -69.23320 -42.26266 91.22900 68.47427 -112.66454 -1.87703 8.64663 22.18852 1.23561 -19.21767 7.28898 -0.05821 27.86774 4.51223 -2.80504 13.12399 5.27202 -4.28291 -0.26210 2.53948 -4.61685 -4.49216 -1.23972 14.30899 9.67336 -2.77116 4.93927 3.85448 -0.90175 0.00000 0.00000 -0.00000 -71.78370 -14.86125 -4.56606 11.55109 -2.07409 -20.29348 0.00000 -26.35140 0.00000 21.15881 -3.43113 -8.78997 -7.12502 -0.00000 0.00000 -4.52074 2.05809 20.57184 0.00000 0.00000 -0.00000 38.90425 -16.37751 45.63512 -21.86355 -8.07870 40.16652 -0.00000 -19.72500 -0.00000 -12.11175 7.24749 -30.45020 7.12502 -0.00000 -0.00000 11.60001 -3.26806 659.47905
-0.46572 0.39369 -0.02045 -752.18550 -15.68211 -748.72236 -0.00000 0.00000 -0.00000 141.75492 -82.25522 149.21706 -131.83774 43.55903 159.75054 3.39926 14.40343 -15.06357 -1.97799 23.95277 9.30504 -0.00000 0.00000 -0.00000 -72.24763 -62.63492 -67.16476 120.05557 57.81161 -144.67353 -0.15923 5.43981 28.50247 1.91757 -23.61255 9.15522 2.68242 28.82416 4.10915 -4.34137 13.02034 5.40527 -7.55559 -0.32615 2.81253 -2.11718 -3.54019 -1.52629 13.50734 9.30919 -3.23127 4.23381 3.58714 -1.12567 0.00000 0.00000 -0.00000 -71.50331 -15.89704 -7.64171 9.70146 -1.45071 -16.97029 0.00000 -21.40850 0.00000 28.48860 -7.27882 -13.14086 -7.12502 -0.00000 0.00000 2.31083 -1.33507 14.99883 0.00000 0.00000 -0.00000 32.90674 -17.44837 52.08150 -25.76263 -11.85478 48.83569 -0.00000 -23.55810 -0.00000 -10.10388 5.30201 -27.40936 7.12502 -0.00000 -0.00000 14.31317 -3.09628 663.04686
-0.44791 0.39932 -0.01302 -752.05600 -15.29562 -745.54517 -0.00000 0.00000 -0.00000 218.41462 -82.29267 221.97395 -115.95338 60.53163 139.89842 0.28482 3.56614 -7.01755 -0.64894 14.09771 5.24459 -0.00000 0.00000 -0.00000 -85.34259 -32.38108 -85.18141 132.26880 42.69154 -160.38109 6.05614 1.15193 44.31386 1.74402 -22.59709 8.71297 4.04976 26.89279 2.84494 -4.29631 12.77070 4.17759 -7.80772 0.15016 2.29563 -1.72857 -3.96444 -1.39792 14.43070 8.85094 -3.13283 4.46006 3.52643 -1.03219 0.00000 0.00000 -0.00000 -74.32344 -18.51838 -9.28163 9.37016 -1.35150 -16.37953 0.00000 -17.24650 0.00000 34.83829 -13.34950 -18.35246 -7.12502 -0.00000 0.00000 7.99265 -6.16007 7.61162 0.00000 0.00000 -0.00000 25.25719 -19.06046 58.74005 -29.37312 -16.58744 58.16409 -0.00000 -24.87430 -0.00000 -8.66907 4.16496 -25.47067 7.12502 -0.00000 -0.00000 16.11735 -2.83578 665.28458
-0.42875 0.40925 -0.00429 -751.67727 -14.66422 -742.22038 -0.00000 0.00000 -0.00000 252.50730 -81.24777 251.14813 -64.13411 69.89019 83.75620 -0.24990 -1.90769 -5.71527 -0.13127 6.41057 2.34369 -0.00000 0.00000 -0.00000 -85.26293 3.83785 -80.84425 135.96630 32.88320 -166.39001 14.26543 -1.33097 55.78483 0.22909 -8.45103 3.09994 2.41154 25.41263 2.63306 -3.82807 12.60777 3.57056 -6.18681 0.36290 1.91139 -3.38137 -4.01971 -1.93310 18.51405 6.92445 -3.86572 5.99271 3.13399 -1.39391 -0.00000 0.00000 0.00000 -75.44679 -16.55639 -10.71851 9.00666 -1.24691 -15.73280 0.00000 -16.55750 0.00000 37.40090 -15.70836 -19.49920 -7.12502 -0.00000 0.00000 10.05191 -8.41289 5.46487 -0.00000 0.00000 0.00000 19.68862 -20.96061 62.21845 -32.03142 -21.40726 66.72988 -0.00000 -21.98340 -0.00000 -11.43371 4.73153 -22.18816 7.12502 -0.00000 -0.00000 13.60430 -1.69987 668.01178
-0.40503 0.42528 0.00059 -751.06112 -14.72353 -738.50868 -0.00000 0.00000 -0.00000 276.58234 -81.09000 270.78568 -27.79727 62.50266 44.36764 -0.31769 -3.96808 -4.84313 -0.01568 -2.22123 -0.80889 -0.00000 0.00000 -0.00000 -69.33246 -1.96971 -76.57068 134.39879 37.67209 -163.67860 17.41211 -7.82094 52.25839 0.56280 -13.15261 4.87895 0.67179 24.49524 2.89722 -4.36340 12.18244 3.56107 -5.80162 0.23492 1.85552 -2.15473 -2.98931 -3.58773 21.42420 6.62177 -6.44234 6.57735 3.21869 -2.63746 -0.00000 0.00000 0.00000 -74.64700 -14.96632 -12.70323 8.13665 -1.01446 -14.19039 0.00000 -13.70390 0.00000 38.73648 -16.68542 -19.69295 -7.12502 -0.00000 0.00000 11.07031 -9.51764 4.79817 -0.00000 0.00000 0.00000 17.83766 -19.61511 60.87385 -33.82078 -26.07578 74.59110 -0.00000 -20.38540 -0.00000 -15.35223 5.22549 -18.35212 7.12502 -0.00000 -0.00000 9.98865 -0.65989 671.25867
-0.38760 0.43800 0.00996 -751.39719 -16.68601 -735.70318 -0.00000 0.00000 -0.00000 284.62016 -80.73350 269.99390 -35.78614 65.56913 53.24678 -0.38861 -1.80249 -7.92067 -0.40181 -11.15114 -4.11425 -0.00000 0.00000 -0.00000 -67.41327 -4.75984 -70.54096 133.15692 40.76113 -161.71523 18.52511 -8.78694 52.79809 1.48099 -20.93440 8.00371 -2.97305 23.33171 3.07274 -3.00251 12.79294 3.17054 -2.17201 1.11776 1.44480 -5.83236 -3.59342 -4.56437 23.82010 8.47842 -8.20913 7.85656 4.31082 -3.37458 -0.00000 0.00000 0.00000 -78.63751 -19.40974 -14.50384 7.34552 -0.82466 -12.79404 0.00000 -7.79332 0.00000 39.19758 -17.87260 -20.62286 -7.12502 -0.00000 0.00000 11.42175 -10.32806 3.41377 -0.00000 0.00000 0.00000 14.91865 -15.27036 60.32029 -34.69353 -29.55034 80.35342 -0.00000 -20.63350 -0.00000 -14.62089 4.50180 -16.74548 7.12502 -0.00000 -0.00000 10.88439 -0.38177 673.01537
-0.37039 0.43883 0.02300 -752.04593 -20.50773 -736.32041 -0.00000 0.00000 -0.00000 274.51364 -85.88932 250.92840 -86.75764 69.07234 107.86817 -0.64750 -1.24049 -12.11545 -1.49905 -21.05397 -8.05413 -0.00000 0.00000 -0.00000 -73.19894 -18.85332 -64.27695 131.96881 43.29968 -159.94120 -5.44939 14.43059 55.42693 0.02901 3.02036 -1.10041 -2.11592 24.28455 3.78981 -3.87501 12.99783 4.22842 -3.80346 1.07509 2.05968 -7.02944 -2.04852 -5.30662 24.98625 9.11516 -9.45502 8.41679 4.51135 -4.04711 -0.00000 0.00000 0.00000 -77.39317 -14.26303 -12.35878 7.35873 -0.82766 -12.81732 0.00000 -7.20359 0.00000 40.48032 -16.54223 -18.44862 -7.12502 -0.00000 0.00000 12.37734 -10.27744 5.88852 -0.00000 0.00000 0.00000 16.29917 -6.52575 55.46627 -34.96883 -31.18086 83.06868 -0.00000 -18.01170 -0.00000 -14.65805 4.15560 -15.48528 7.12502 -0.00000 -0.00000 10.94857 -0.13581 674.29802
-0.35066 0.45383 0.02576 -750.87968 -24.63335 -735.50684 -0.00000 0.00000 -0.00000 117.43733 -81.53309 87.39574 -120.39838 57.55105 145.07918 -0.98233 1.45157 -22.57319 -1.15937 -18.64447 -7.05396 -0.00000 0.00000 -0.00000 -64.11105 -39.62189 -50.88270 126.66606 51.50836 -152.76054 -4.39541 12.67136 38.90233 0.01820 -2.39292 0.87149 -5.67675 26.11612 4.02537 -3.21804 13.92292 3.66244 -1.21793 0.98821 1.54602 -8.20760 -2.48624 -5.20720 24.26813 9.95220 -9.31587 8.36457 4.81944 -3.96083 -0.00000 0.00000 -0.00000 -82.12346 -23.89730 -13.08242 6.47864 -0.63991 -11.26998 0.00000 3.69811 -0.00000 37.09137 -11.24373 -14.46115 -7.12502 -0.00000 0.00000 9.65634 -6.35465 11.95591 -0.00000 0.00000 -0.00000 20.56549 5.30310 52.85433 -34.85146 -30.42170 81.80227 -0.00000 -13.72940 -0.00000 -17.26496 3.82744 -12.12172 7.12502 -0.00000 -0.00000 8.57940 0.37199 677.46410
-0.33130 0.46737 0.02747 -747.46616 -25.60732 -731.29823 -0.00000 0.00000 -0.00000 127.80124 -59.25451 88.97250 -131.39405 44.40979 159.11166 -0.38979 5.58565 -34.15011 -0.03137 -3.14041 -1.14424 -0.00000 0.00000 -0.00000 -45.30308 -52.90077 -26.18382 111.16429 62.97910 -134.46420 -1.78436 8.80646 17.24556 0.05589 4.18961 -1.52780 -8.50614 26.93628 3.34669 -2.01860 14.46723 2.12805 1.81212 1.15811 0.56605 -8.50107 -1.47953 -5.80261 22.48607 7.48207 -9.47946 7.88435 3.88631 -4.30417 0.00000 0.00000 0.00000 -86.89039 -34.73635 -16.82617 4.83729 -0.35538 -8.39853 0.00000 18.65990 -0.00000 16.10173 -2.56887 -8.82558 -7.12502 -0.00000 0.00000 -9.03784 4.08393 20.88020 0.00000 0.00000 0.00000 29.95021 16.03778 48.67700 -34.12496 -27.12459 76.33171 -0.00000 -14.87930 -0.00000 -19.87569 4.46389 -12.14980 7.12502 -0.00000 -0.00000 5.99663 0.22712 677.16110
-0.31047 0.47058 0.02858 -742.25263 -23.85331 -725.73970 -0.00000 0.00000 -0.00000 133.43560 -39.49134 86.84932 -135.01234 35.93703 164.70261 0.11815 8.41316 -44.66627 -0.06760 -4.60670 -1.68057 -0.00000 0.00000 -0.00000 -30.31808 -55.76831 -0.66403 66.65351 69.96437 -86.43848 -1.01820 8.03483 8.20363 0.01226 1.96436 -0.71527 -8.74215 26.99834 1.73757 -1.61605 14.40439 0.05155 2.75929 1.25764 -0.47561 -7.99361 -0.86904 -6.38442 21.48970 5.11946 -9.80935 7.53767 3.09008 -4.63267 0.00000 0.00000 -0.00000 -80.86513 -22.89665 -12.41379 7.28806 -0.81167 -12.69285 0.00000 10.87670 -0.00000 -19.51182 0.90775 -2.55992 -7.12502 -0.00000 0.00000 -41.54556 16.35612 27.37032 0.00000 0.00000 -0.00000 46.40261 21.03969 41.86031 -32.12546 -21.61243 67.08174 -0.00000 -14.72740 -0.00000 -21.91625 5.60976 -13.65639 7.12502 -0.00000 -0.00000 3.84039 0.02083 675.31030
-0.29053 0.46918 0.03018 -738.80882 -20.80775 -721.78656 -0.00000 0.00000 -0.00000 122.99553 -35.74166 82.48924 -134.50282 37.38880 163.84937 -6.36036 3.63723 -50.65352 -1.59418 -21.66990 -8.31527 -0.00000 0.00000 -0.00000 -22.23363 -52.98388 17.95283 22.29801 59.45518 -38.08247 0.57768 10.16696 -5.09948 0.28077 9.34561 -3.43407 -6.96504 25.88561 0.72226 -0.89513 14.55128 -0.66013 2.78826 1.97093 -0.76545 -8.22752 0.47485 -7.97378 22.08418 2.35281 -11.62253 7.86683 2.41459 -5.74758 -0.00000 0.00000 0.00000 -74.85909 0.16723 -8.42527 13.23175 -2.74661 -23.35641 0.00000 10.49590 -0.00000 -22.87936 2.91911 -6.88118 -7.12502 -0.00000 0.00000 -43.26120 21.56390 23.66677 -0.00000 0.00000 0.00000 64.68301 15.61539 33.21207 -28.46552 -15.24831 55.64400 -0.00000 -17.37320 -0.00000 -25.97867 7.32505 -14.66313 7.12502 -0.00000 -0.00000 -0.34500 0.00803 673.66602
-0.27133 0.45623 0.03940 -736.31778 -18.28862 -718.56237 -0.00000 0.00000 -0.00000 118.67470 -22.13698 84.64580 -135.50219 34.42939 165.55267 -29.55176 -27.67362 -53.59631 -10.95046 -48.31577 -24.12556 -0.00000 0.00000 -0.00000 -21.69881 -52.56851 24.54520 8.04594 43.32907 -20.08031 2.67521 7.38080 -17.24047 0.13642 6.53432 -2.38936 -5.24110 25.13520 0.17009 1.71163 14.36813 -0.86521 4.78312 2.13828 -0.87174 -9.70062 1.08183 -10.02371 20.51754 1.95973 -14.27593 7.53661 2.59988 -7.12264 0.00000 0.00000 0.00000 -78.45363 5.38122 -7.51994 20.35707 -6.88586 -37.05116 0.00000 10.38950 -0.00000 -7.45736 1.01616 -7.71578 -7.12502 -0.00000 0.00000 -30.11386 13.59521 22.93851 0.00000 0.00000 0.00000 74.03076 5.27278 26.39098 -23.32531 -9.36760 43.29915 -0.00000 -22.82760 -0.00000 -26.49830 14.13591 -26.09892 7.12502 -0.00000 -0.00000 -3.01743 0.77434 660.62039
-0.24540 0.43890 0.04694 -734.48649 -19.69798 -719.90653 -0.00000 0.00000 -0.00000 120.84449 -11.51000 81.24692 -136.48577 30.99155 167.37187 -23.11959 -3.81126 -63.18131 -0.52303 -12.69002 -4.70110 -0.00000 0.00000 -0.00000 -9.38075 -60.67151 27.82297 4.89101 35.64877 -15.13214 0.81583 1.84963 -12.70141 0.06284 -4.44188 1.62018 -3.62829 27.15847 0.84469 2.99271 15.01400 0.30364 5.15036 1.78505 -0.25895 -10.28002 1.67014 -12.08651 19.89130 1.95989 -17.07049 7.32211 2.92165 -8.53682 0.00000 0.00000 -0.00000 -81.35453 7.98566 -7.58715 26.71417 -12.96176 -51.13494 0.00000 11.43580 -0.00000 13.95801 -1.56374 -6.26557 -7.12502 -0.00000 0.00000 -11.24352 4.46519 23.61335 0.00000 0.00000 -0.00000 78.05807 -3.72385 22.53792 -16.69473 -4.47773 29.83940 -0.00000 -29.51830 -0.00000 -15.72712 14.32443 -41.30254 7.12502 -0.00000 -0.00000 4.61116 -2.46901 646.89242
-0.22346 0.41942 0.05561 -728.33898 -21.79295 -720.13462 -0.00000 0.00000 -0.00000 117.51217 -1.36969 76.15348 -137.17412 28.15798 168.76605 -29.72565 -3.07099 -69.48457 -0.03122 -3.13314 -1.14158 -0.00000 0.00000 -0.00000 15.46997 -77.64418 30.52986 7.19227 41.54465 -18.81537 0.14775 7.00372 -2.48797 0.02813 -2.97442 1.08364 -5.00187 28.47611 1.72510 2.35185 15.91488 1.04604 5.03276 2.16597 0.03834 -8.42085 4.52684 -13.83491 19.89750 -0.45132 -19.15892 7.40477 1.99326 -9.81563 -0.00000 0.00000 -0.00000 -80.66261 13.55130 -10.52718 31.20005 -19.71756 -63.79898 0.00000 15.79470 -0.00000 28.98305 -3.42247 -6.15118 -7.12502 -0.00000 0.00000 2.32905 -0.94401 22.94819 -0.00000 0.00000 -0.00000 82.57242 -11.56505 19.05806 -10.73206 -1.78333 18.81638 -0.00000 -28.89830 -0.00000 -9.61981 13.96852 -54.92508 7.12502 -0.00000 -0.00000 7.07790 -6.08816 634.49688
-0.20590 0.40124 0.05841 -719.76677 -22.97054 -716.23726 -0.00000 0.00000 -0.00000 107.49285 6.10965 72.97160 -137.63643 25.98460 169.78170 -41.55483 -12.34357 -72.36375 -0.11164 -5.91440 -2.16086 -0.00000 0.00000 -0.00000 92.78807 -83.48791 94.21508 14.77861 53.15823 -29.06427 0.53793 8.43054 -5.12748 0.16393 -7.15892 2.62019 -7.67080 29.46257 1.01221 2.76795 16.01059 -0.55284 7.19631 2.17339 -0.94178 -9.19032 5.00158 -15.07656 19.90855 -0.16684 -20.91299 7.47266 2.34645 -10.68346 -0.00000 0.00000 0.00000 -78.24352 21.52444 -18.42306 33.77690 -25.93386 -74.35520 0.00000 17.55840 -0.00000 26.32677 -5.44906 -10.86370 -7.12502 -0.00000 0.00000 0.24086 -0.12357 17.84076 -0.00000 0.00000 0.00000 85.61759 -12.67416 12.24985 -9.50999 -1.39292 16.62872 -0.00000 -22.09790 -0.00000 -6.92809 11.20119 -57.97310 7.12502 -0.00000 -0.00000 9.51193 -8.83038 632.50512
-0.18702 0.38356 0.06634 -715.61972 -23.29841 -713.26235 -0.00000 0.00000 -0.00000 103.85374 17.34929 66.01655 -138.06347 23.71997 170.79757 -53.89579 -21.31706 -78.42127 -0.04076 -3.57897 -1.30445 -0.00000 0.00000 -0.00000 126.87296 -77.54729 114.53998 28.27119 62.72347 -44.90138 -0.87548 13.32384 1.89025 2.66542 -27.43191 10.88985 -5.59632 30.41999 -1.98445 5.54121 15.24537 -3.88261 9.33683 1.43288 -2.56104 -12.29632 5.74275 -14.67248 19.53743 -0.15223 -20.54868 7.90540 2.46949 -10.51768 -0.00000 0.00000 0.00000 -71.43354 31.87474 -28.81711 34.74877 -29.84004 -80.83467 0.00000 16.17670 -0.00000 27.82478 -8.72841 -16.04100 -7.12502 -0.00000 0.00000 2.01329 -1.31902 11.78198 -0.00000 0.00000 0.00000 85.51466 -7.17901 7.06072 -10.34295 -1.65344 18.11782 -0.00000 -25.58330 -0.00000 -4.51529 7.26420 -58.01343 7.12502 -0.00000 -0.00000 12.98788 -11.65392 633.78808
-0.16484 0.37518 0.06667 -713.71098 -21.73646 -710.65631 -0.00000 0.00000 -0.00000 101.85861 29.88579 62.37564 -138.19606 22.95435 171.13226 -62.63647 -29.23603 -84.04080 -0.00424 -1.15513 -0.42049 -0.00000 0.00000 -0.00000 126.61861 -70.82385 104.59928 42.15059 67.24307 -60.18971 -2.05190 18.65359 3.88609 0.15227 -6.90130 2.52490 0.94086 27.71740 -6.61138 7.43813 14.29942 -8.05266 9.32841 2.18072 -4.39633 -10.77082 5.18000 -13.98366 16.35157 -0.31717 -19.29301 6.70283 1.81801 -9.82198 -0.00000 0.00000 0.00000 -55.68902 42.37014 -42.99232 34.95916 -31.11337 -82.95590 0.00000 9.85153 -0.00000 30.91284 -15.31054 -23.79614 -7.12502 -0.00000 0.00000 5.35794 -5.01137 2.03417 -0.00000 0.00000 0.00000 85.92085 -6.11921 9.29004 -10.22046 -1.61364 17.89831 -0.00000 -30.78880 -0.00000 -5.43184 6.98484 -51.97695 7.12502 -0.00000 -0.00000 13.87769 -10.09142 639.65528
-0.14801 0.37965 0.05806 -707.25801 -19.02137 -707.36991 -0.00000 0.00000 -0.00000 88.27694 37.01490 69.15154 -137.90613 24.58773 170.41304 -56.46388 -27.28669 -79.26251 -0.25975 8.99288 3.30211 -0.00000 0.00000 -0.00000 111.68581 -63.04711 88.80219 46.81690 68.15705 -65.23259 -3.41087 24.68875 4.63722 1.47338 20.88378 -7.98239 2.00362 25.63064 -9.99053 8.49042 12.21673 -12.15062 10.68461 1.73532 -6.41293 -8.80476 4.80816 -12.77371 12.72035 0.43502 -17.47512 5.26938 1.31689 -8.84180 0.00000 0.00000 -0.00000 -37.85647 48.56037 -58.60692 34.82579 -30.27026 -81.55015 0.00000 6.54623 -0.00000 29.51143 -15.93175 -25.87048 -7.12502 -0.00000 0.00000 4.51888 -4.53765 -0.02932 0.00000 0.00000 -0.00000 85.04417 -11.73075 12.55464 -9.98114 -1.53736 17.46997 -0.00000 -23.37430 -0.00000 -6.84794 5.02887 -36.12663 7.12502 -0.00000 -0.00000 16.37823 -6.07110 655.20848
-0.13653 0.39727 0.04446 -700.31767 -15.82362 -705.71588 -0.00000 0.00000 -0.00000 67.88215 12.35301 84.99326 -137.05352 28.68587 168.51267 -26.97828 -7.37577 -63.62839 -0.42393 11.44861 4.22715 -0.00000 0.00000 -0.00000 93.96045 -53.03134 76.56285 41.63581 67.12741 -59.63123 -3.54235 26.21638 4.13974 3.16555 29.60876 -11.93709 3.92922 23.09612 -13.29785 8.38627 10.33603 -16.09011 10.06495 1.22426 -8.22046 -6.75738 3.49475 -11.26402 9.80922 1.97621 -15.33054 4.33641 1.46094 -7.69422 -0.00000 0.00000 0.00000 -22.77556 49.76230 -71.91271 34.31550 -27.85297 -77.53892 0.00000 2.82872 -0.00000 25.79145 -13.01323 -24.98440 -7.12502 -0.00000 0.00000 1.49856 -1.39730 2.01196 -0.00000 0.00000 0.00000 79.87456 -6.05823 15.94897 -9.83982 -1.49324 17.21736 -0.00000 -25.82880 -0.00000 -9.36513 6.47868 -34.37818 7.12502 -0.00000 -0.00000 13.86568 -4.81617 656.21496
-0.12975 0.42575 0.02935 -692.28987 -13.98871 -703.90015 -0.00000 0.00000 -0.00000 59.56267 -14.70070 89.93192 -135.13192 35.57973 164.90725 29.02662 30.62936 -53.25198 -1.38431 20.27946 7.72903 -0.00000 0.00000 -0.00000 75.13565 -43.42999 67.36710 34.00550 64.99289 -51.28659 -3.10136 21.93216 5.40488 1.06091 17.87148 -6.73971 6.29474 22.50127 -16.55803 7.85444 9.35075 -19.71083 9.11345 0.39835 -9.82337 -5.75694 1.65959 -9.88505 7.74326 2.29110 -13.35607 3.32249 1.42531 -6.66177 0.00000 0.00000 -0.00000 -14.00548 48.55180 -80.79216 33.11198 -23.99407 -71.11668 0.00000 -1.92833 0.00000 23.11507 -10.41827 -22.95984 -7.12502 -0.00000 0.00000 -0.98128 0.82679 4.88721 0.00000 0.00000 -0.00000 78.24277 -7.51034 23.34616 -8.51449 -1.11233 14.85932 -0.00000 -21.13170 -0.00000 -11.37854 7.72733 -33.74821 7.12502 -0.00000 -0.00000 11.72845 -4.03364 656.28246
-0.12511 0.45746 0.01663 -684.05963 -8.92383 -703.30105 -0.00000 0.00000 -0.00000 52.08977 -37.51984 88.19610 -132.73516 41.70337 161.07537 21.78637 33.79492 -36.09355 -2.31029 25.71700 10.09612 -0.00000 0.00000 -0.00000 62.93911 -39.99929 66.27722 25.77220 61.49077 -42.07419 -5.33953 29.75412 6.48503 1.18677 18.85288 -7.13921 6.40102 19.70252 -18.13316 7.39858 7.80146 -21.94541 8.53101 0.12361 -10.84853 -5.70327 0.19508 -9.32786 5.99698 1.01000 -12.47347 2.73552 1.06333 -6.22252 -0.00000 0.00000 0.00000 -11.20868 46.89112 -87.02042 30.71087 -18.81127 -62.19850 0.00000 -6.41846 0.00000 23.10676 -8.71958 -19.56022 -7.12502 -0.00000 0.00000 -1.51852 1.11825 8.63994 -0.00000 0.00000 0.00000 74.28530 -4.93173 28.39002 -8.77373 -1.18222 15.31910 -0.00000 -22.20660 -0.00000 -13.97364 8.89965 -31.86937 7.12502 -0.00000 -0.00000 9.24714 -2.93913 657.51875
-0.11794 0.48013 0.00264 -680.03925 -3.44790 -704.77478 -0.00000 0.00000 -0.00000 51.32793 -44.18359 86.77960 -129.92149 46.96685 157.05434 8.78796 19.22380 -32.36121 -0.08521 5.17011 1.88723 -0.00000 0.00000 -0.00000 60.55326 -40.26413 73.44860 27.66338 62.43924 -44.21666 -3.61743 14.59787 16.05473 0.01685 2.30247 -0.83851 8.11437 18.68223 -18.65439 8.21166 6.12825 -22.08841 9.03344 -1.35229 -10.80715 -5.19851 -0.54390 -9.14582 4.53819 -1.32785 -12.15511 2.28124 0.30467 -6.07471 -0.00000 0.00000 -0.00000 -11.84828 44.33847 -92.10517 26.64735 -12.88118 -50.97044 0.00000 -10.10290 0.00000 25.28423 -7.71446 -15.86417 -7.12502 -0.00000 0.00000 -0.16628 0.10641 12.38305 -0.00000 0.00000 -0.00000 69.23458 -2.64460 32.65969 -9.30209 -1.33158 16.25832 -0.00000 -24.51510 -0.00000 -12.69447 8.72955 -33.97060 7.12502 -0.00000 -0.00000 10.19636 -3.61580 655.67769
-0.11154 0.49972 -0.01798 -673.86366 1.88765 -707.69522 -0.00000 0.00000 -0.00000 40.74084 -52.81629 75.42812 -123.98219 54.43469 149.40016 -0.62623 2.70678 -23.73768 -2.05367 -24.36995 -9.48992 -0.00000 0.00000 -0.00000 59.78832 -44.46704 80.20252 43.12036 67.45254 -61.24053 0.06099 0.81744 7.46731 0.57099 -13.24567 4.91482 6.98793 18.40298 -18.29385 7.28429 5.64478 -21.83005 8.60312 -1.79290 -10.63867 -4.59269 -1.56567 -8.96143 5.96765 -3.33469 -11.81589 2.71562 -0.10673 -5.91553 -0.00000 0.00000 -0.00000 -12.13635 40.25023 -95.50452 21.93098 -8.13519 -40.30848 0.00000 -16.68410 0.00000 27.07649 -6.44420 -12.38279 -7.12502 -0.00000 0.00000 1.02359 -0.56639 16.04576 -0.00000 0.00000 -0.00000 65.55334 0.62617 36.92173 -9.96353 -1.53183 17.43848 -0.00000 -29.37090 -0.00000 -15.62306 10.04107 -31.94342 7.12502 -0.00000 -0.00000 7.40084 -2.41951 656.99550
-0.10729 0.52439 -0.04104 -668.67854 6.45150 -714.06226 -0.00000 0.00000 -0.00000 19.98843 -57.98374 52.81968 -110.56627 63.24148 133.79369 -0.37700 2.48335 -20.15197 -1.72466 -22.48005 -8.66245 -0.00000 0.00000 -0.00000 64.75877 -48.84367 88.17200 78.02311 69.79373 -98.54174 0.38940 -1.51509 8.39522 0.00135 -0.65093 0.23693 5.70735 18.34260 -17.17829 6.28438 5.78240 -20.68504 7.83562 -1.84035 -10.05634 -3.78051 -1.46445 -8.54457 5.72531 -6.91764 -11.22869 2.75709 -1.33626 -5.67895 -0.00000 0.00000 0.00000 -17.20235 37.29921 -94.33814 17.96839 -5.24238 -32.29809 0.00000 -22.74580 0.00000 28.15455 -4.25620 -7.89525 -7.12502 -0.00000 0.00000 1.66196 -0.73948 21.02013 -0.00000 0.00000 0.00000 60.27290 5.06916 41.56098 -10.79128 -1.80356 18.92287 -0.00000 -34.22020 -0.00000 -15.73809 10.70182 -33.38326 7.12502 -0.00000 -0.00000 6.92144 -2.47326 655.43059
-0.09750 0.54906 -0.05862 -665.42966 9.75177 -724.15717 -0.00000 0.00000 -0.00000 0.04805 -56.86357 30.07186 -88.76467 68.82488 110.01869 1.99109 8.98160 -21.12062 -0.89772 -16.49527 -6.18737 -0.00000 0.00000 -0.00000 74.43753 -51.12865 97.40873 114.05453 61.58193 -137.72871 0.93746 -2.61113 12.54050 0.00384 1.09906 -0.40008 5.56189 19.63629 -15.66310 5.61387 6.21076 -18.62359 7.12579 -2.50839 -8.99132 -2.89229 -1.66769 -7.42424 3.69284 -10.06545 -9.88631 2.12193 -2.54197 -5.02380 -0.00000 0.00000 -0.00000 -27.91454 34.73304 -89.06218 14.67009 -3.40686 -26.01758 0.00000 -29.87300 0.00000 31.51590 -2.83412 -4.61012 -7.12502 -0.00000 0.00000 4.58349 -1.71010 24.58234 -0.00000 0.00000 -0.00000 55.35143 7.89731 47.84789 -11.67742 -2.12106 20.52216 -0.00000 -36.70220 -0.00000 -15.35670 10.56356 -33.72434 7.12502 -0.00000 -0.00000 7.26306 -2.63332 655.17616
-0.07360 0.56792 -0.07068 -664.23959 11.93632 -738.82584 -0.00000 0.00000 -0.00000 -10.97074 -53.93210 16.09811 -63.08654 69.84719 82.64046 2.38480 9.62550 -27.92624 -1.47478 -20.89309 -7.98630 -0.00000 0.00000 -0.00000 84.71950 -54.44363 103.12430 128.77076 48.72451 -155.50233 1.48609 -6.36728 12.07383 0.55461 -13.05879 4.84282 5.35677 24.15863 -12.86089 5.50016 6.94869 -14.55131 7.36302 -4.34506 -6.93197 -2.37372 -3.57540 -5.88424 1.01527 -12.18733 -8.11293 1.12833 -3.12631 -4.10437 -0.00000 0.00000 0.00000 -37.18008 29.62082 -85.11140 12.01890 -2.25090 -21.14151 0.00000 -38.84890 0.00000 32.10749 -0.72986 -1.16297 -7.12502 -0.00000 0.00000 5.14118 -1.51669 28.60710 -0.00000 0.00000 0.00000 49.76829 8.84604 55.61402 -12.36210 -2.38566 21.76580 -0.00000 -37.48510 -0.00000 -14.03774 10.09754 -35.03892 7.12502 -0.00000 -0.00000 8.41712 -3.22827 654.16462
-0.06243 0.59723 -0.07081 -662.07183 17.08703 -753.61969 -0.00000 0.00000 -0.00000 -20.47650 -52.44787 2.67587 -33.29787 64.74864 50.50498 -2.83850 2.02800 -35.41334 -1.14357 -18.52304 -7.00440 -0.00000 0.00000 -0.00000 98.84212 -69.72824 115.79395 133.75134 39.34587 -162.63888 2.90235 -7.70432 17.92803 0.52807 -12.74958 4.72396 3.75015 23.94004 -9.15611 5.63627 7.71475 -10.35515 6.94957 -3.77346 -4.98774 -1.98665 -4.64496 -4.39697 -0.03424 -15.69524 -6.37025 0.75712 -4.26604 -3.24092 -0.00000 0.00000 0.00000 -43.20787 24.25690 -83.93382 9.71342 -1.45436 -16.99164 0.00000 -40.80960 0.00000 29.45690 0.00885 0.01567 -7.12502 -0.00000 0.00000 2.69771 -0.72357 29.99664 -0.00000 0.00000 0.00000 45.13253 7.99763 62.58710 -12.98866 -2.64287 22.91049 -0.00000 -37.76780 -0.00000 -13.24990 9.85524 -36.01317 7.12502 -0.00000 -0.00000 9.06312 -3.62607 653.37248
-0.04964 0.61850 -0.06172 -656.47932 22.44323 -770.12572 -0.00000 0.00000 -0.00000 -25.59456 -56.13124 -8.59444 -25.97976 61.59987 42.31027 -10.79957 -18.82021 -31.02982 -7.49476 -42.19727 -19.26856 -0.00000 0.00000 -0.00000 206.40399 -74.40134 225.77079 134.56147 37.22719 -163.94614 7.73259 -9.29623 32.14573 0.80491 -15.64954 5.85214 0.40740 19.97876 -5.04920 5.36948 7.98258 -6.23822 6.74703 -1.78310 -3.15291 -1.70303 -4.60681 -2.97302 -1.41337 -19.43407 -4.81447 0.24810 -5.08267 -2.42743 -0.00000 0.00000 0.00000 -45.12713 20.47498 -83.51795 9.40690 -1.36232 -16.44500 0.00000 -38.56890 0.00000 32.23026 -4.93801 -7.77449 -7.12502 -0.00000 0.00000 5.28475 -2.38159 20.80823 -0.00000 0.00000 0.00000 39.98207 7.58064 68.09847 -13.58887 -2.90307 24.01345 -0.00000 -40.37440 -0.00000 -11.86863 8.90421 -36.37150 7.12502 -0.00000 -0.00000 10.55289 -4.22572 653.41943
-0.04238 0.63054 -0.04816 -651.63731 23.25293 -783.62976 -0.00000 0.00000 -0.00000 -26.80381 -60.23753 -13.22446 -28.01328 62.60402 44.61105 -8.21416 -27.18980 -22.23122 -8.16289 -43.56026 -20.25037 -0.00000 0.00000 -0.00000 232.83153 -65.97241 254.30214 131.60020 44.01960 -159.40728 8.67957 -11.39908 32.29685 0.64768 -14.08442 5.23942 -3.31300 19.30375 -1.75137 4.15608 8.27268 -2.83367 6.74492 -1.45180 -1.59657 -1.76502 -4.67403 -2.22482 -2.24883 -22.35216 -4.12981 0.01444 -6.01639 -2.04555 0.00000 0.00000 0.00000 -48.87362 18.29047 -81.97723 10.35132 -1.65618 -18.13282 0.00000 -41.85620 0.00000 29.63691 -11.81928 -19.79979 -7.12502 -0.00000 0.00000 3.91581 -3.05580 7.08889 0.00000 0.00000 0.00000 35.77748 7.69215 70.35882 -14.75744 -3.44958 26.18054 -0.00000 -41.94510 -0.00000 -12.25428 9.15700 -36.22994 7.12502 -0.00000 -0.00000 10.14652 -4.05307 653.44897
-0.04100 0.63517 -0.03595 -648.45069 24.75636 -794.98786 -0.00000 0.00000 -0.00000 -24.51344 -66.17807 -16.67925 -38.96164 66.47352 56.72195 -2.76443 -25.94410 -11.12962 -5.04155 -36.09588 -15.38903 -0.00000 0.00000 -0.00000 250.11294 -71.63186 266.66947 122.24718 56.03941 -147.28848 6.19210 -14.36033 23.44546 1.03838 -17.68893 6.66594 -4.98195 17.48417 1.10094 2.48094 8.73159 0.46647 5.26281 -0.49310 -0.06385 -3.02800 -3.98639 -2.34410 -0.57476 -25.03459 -4.19233 0.85130 -6.94458 -2.09197 -0.00000 0.00000 0.00000 -41.66098 17.88439 -81.43961 13.27438 -2.76503 -23.43473 0.00000 -47.74330 0.00000 34.20376 -15.42221 -21.36785 -7.12502 -0.00000 0.00000 7.68624 -6.72636 4.04648 -0.00000 0.00000 0.00000 37.10959 7.62851 71.10637 -15.50406 -3.82728 27.58014 -0.00000 -41.36970 -0.00000 -11.17429 8.10728 -35.52380 7.12502 -0.00000 -0.00000 11.55354 -4.38127 654.50945
-0.05069 0.64314 -0.01827 -650.68551 25.56416 -807.52130 -0.00000 0.00000 -0.00000 -17.08371 -67.53634 -17.41135 -66.37684 69.95823 86.14397 -1.89004 -22.49562 -9.09348 -0.89179 -16.44277 -6.16647 -0.00000 0.00000 -0.00000 306.11395 -79.09116 314.51258 95.91617 67.65013 -117.71701 4.72453 -12.45933 20.55555 0.92662 -16.74861 6.28839 -10.11295 17.58854 9.00148 3.77061 9.25206 9.67193 8.02711 -1.83264 4.19855 -10.47765 4.82165 -4.99543 -2.75984 -28.81931 -10.38048 2.90304 -9.46137 -3.86056 0.00000 0.00000 0.00000 -42.23108 24.38098 -88.01556 13.20559 -2.73534 -23.30839 0.00000 -47.31330 0.00000 36.06638 -20.92143 -26.11839 -7.12502 -0.00000 0.00000 9.31810 -10.36504 -2.63615 0.00000 0.00000 0.00000 30.44418 6.07405 61.28803 -16.32024 -4.26662 29.12498 -0.00000 -45.41960 -0.00000 -10.16842 7.01531 -34.25287 7.12502 -0.00000 -0.00000 12.98335 -4.52471 656.11112
-0.05593 0.64696 0.00092 -653.47699 27.73481 -817.73273 -0.00000 0.00000 -0.00000 -22.97240 -69.47934 -31.66516 -99.53131 66.85325 121.63676 -3.51645 -18.55086 -14.02801 -0.33742 -10.23270 -3.76722 -0.00000 0.00000 -0.00000 354.11995 -72.81960 353.07512 49.46143 68.57790 -68.07739 4.73692 -11.33744 21.45987 3.28032 -30.07505 12.16774 -7.48620 18.84796 9.18947 -2.19637 12.14610 9.69918 0.53512 2.06909 4.09586 -6.35575 -4.61790 -3.05118 0.39020 -28.69677 -5.38637 2.03300 -7.96240 -2.44026 -0.00000 0.00000 -0.00000 -41.10488 12.86470 -84.69342 12.77869 -2.55505 -22.52615 0.00000 -44.75030 0.00000 36.42556 -21.66518 -26.57784 -7.12502 -0.00000 0.00000 9.57767 -10.95207 -3.39029 -0.00000 0.00000 -0.00000 34.53426 6.56127 73.74720 -14.84333 -3.49188 26.34092 -0.00000 -43.25620 -0.00000 -6.86336 4.33948 -32.15506 7.12502 -0.00000 -0.00000 17.09917 -5.01602 659.13356
-0.05991 0.64583 0.01192 -658.50028 29.76099 -824.72774 -0.00000 0.00000 -0.00000 -41.36673 -74.05543 -52.12145 -119.05948 58.53693 143.50122 -3.45262 -17.50553 -14.15278 -0.13326 -6.45877 -2.36148 -0.00000 0.00000 -0.00000 369.36123 -61.65174 358.78071 22.79224 59.77095 -38.65539 4.00170 -8.54903 21.47586 4.77766 -35.30509 14.93682 -9.50323 19.81727 11.81765 -3.75871 12.75679 12.30512 -0.52636 2.25658 5.18264 -6.46822 -6.81668 -3.01171 -0.06299 -28.31648 -5.34592 1.82382 -7.48646 -2.41928 -0.00000 0.00000 -0.00000 -39.51358 10.98909 -82.18797 12.32901 -2.37248 -21.70551 0.00000 -45.56020 0.00000 37.69378 -23.17981 -26.99413 -7.12502 -0.00000 0.00000 10.41996 -12.44226 -4.51877 -0.00000 0.00000 -0.00000 38.53114 7.87293 77.73379 -12.30111 -2.36139 21.65470 -0.00000 -36.89680 -0.00000 -3.92233 2.58880 -33.37524 7.12502 -0.00000 -0.00000 20.20422 -6.15393 658.75944
-0.05542 0.63856 0.01196 -664.50958 34.02501 -827.17838 -0.00000 0.00000 -0.00000 -80.36066 -73.25134 -90.52662 -125.39490 52.96978 151.15282 -3.21101 -17.16110 -13.54934 -0.65701 -14.18268 -5.27761 -0.00000 0.00000 -0.00000 374.55382 -50.17817 352.67384 14.83230 53.21604 -29.13133 4.96749 -11.91576 21.72355 4.89478 -35.66011 15.13861 -10.03414 22.47910 13.78241 -2.65746 12.82447 14.08780 -0.07665 0.80847 5.91056 -7.81737 -7.19454 -3.62250 -0.94493 -28.49064 -6.55764 1.92583 -7.45107 -2.82098 0.00000 0.00000 -0.00000 -36.02722 12.14200 -79.29039 11.96867 -2.23153 -21.05029 0.00000 -49.50220 0.00000 37.80109 -23.89633 -27.57399 -7.12502 -0.00000 0.00000 10.48676 -12.91071 -5.36033 0.00000 0.00000 -0.00000 48.57374 7.16908 79.45643 -9.00970 -1.24777 15.73819 -0.00000 -28.30700 -0.00000 3.45072 -3.05951 -41.51322 7.12502 -0.00000 -0.00000 27.77164 -11.82340 653.73967
-0.04870 0.62780 0.00910 -668.95477 37.03103 -828.72413 -0.00000 0.00000 -0.00000 -105.90488 -63.07759 -112.48456 -122.27352 56.01647 147.32025 -2.55605 -16.05946 -11.83953 -1.83866 -23.15812 -8.95641 -0.00000 0.00000 -0.00000 375.94553 -44.11197 346.48369 14.47018 52.82150 -28.67802 3.99171 -12.29169 18.31253 6.72011 -40.47706 18.09588 -9.22751 25.04067 13.95266 -2.19355 11.98776 13.99511 -0.87949 -1.11065 5.91069 -7.28625 -8.12952 -3.74582 -0.95634 -28.63731 -6.81247 1.83099 -7.35297 -3.04397 0.00000 0.00000 0.00000 -40.66051 12.80960 -73.42708 11.63885 -2.10666 -20.45231 0.00000 -46.81520 0.00000 37.28062 -23.91642 -28.03717 -7.12502 -0.00000 0.00000 10.15825 -12.66112 -5.73507 0.00000 0.00000 0.00000 45.53355 8.77318 82.17353 -7.11244 -0.77261 12.38368 -0.00000 -23.82350 -0.00000 4.44138 -6.21134 -54.32600 7.12502 -0.00000 -0.00000 27.42634 -18.88019 643.05369
-0.04838 0.61934 0.01013 -674.69626 39.61597 -831.51102 -0.00000 0.00000 -0.00000 -108.84660 -61.44443 -112.06373 -105.79011 65.06178 128.48795 -2.75954 -16.31476 -12.41689 -0.18112 -7.52209 -2.75472 -0.00000 0.00000 -0.00000 374.89646 -41.05692 342.23869 18.35715 56.55431 -33.43792 2.27086 -4.83099 18.21834 4.63704 -34.87003 14.69220 -9.43166 30.46476 14.78811 -2.47454 10.99209 13.84635 -2.85242 -4.29521 5.75209 -8.76468 -9.42907 -3.14079 2.39584 -28.55468 -5.04634 2.93972 -7.04220 -2.32602 0.00000 0.00000 0.00000 -54.13928 9.02345 -66.36299 10.52416 -1.71328 -18.44288 0.00000 -37.38510 0.00000 35.74625 -24.42345 -29.87457 -7.12502 -0.00000 0.00000 9.21600 -12.18694 -7.45441 0.00000 0.00000 0.00000 29.33314 12.35438 85.88146 -7.65245 -0.89588 13.33512 -0.00000 -13.63620 -0.00000 6.01498 -7.65362 -51.65069 7.12502 -0.00000 -0.00000 30.11356 -18.46193 646.36571
-0.05676 0.61128 0.02114 -678.65356 41.40036 -838.58271 -0.00000 0.00000 -0.00000 -100.66334 -66.55733 -105.19252 -70.65442 69.99864 90.69642 -0.10490 -22.32135 -4.27748 -0.09721 -5.52060 -2.01599 -0.00000 0.00000 -0.00000 372.71762 -42.60014 341.38639 29.69536 63.35362 -46.49918 0.36409 2.26177 19.08395 3.97943 -32.69401 13.50976 -10.58394 31.69190 16.30521 -3.05923 10.34336 14.87568 -3.61105 -4.85291 6.12512 -8.34876 -9.73088 -1.86925 3.33551 -29.59672 -3.13987 3.01283 -7.45275 -1.52788 0.00000 0.00000 -0.00000 -59.96943 4.99389 -59.46174 10.11979 -1.58131 -17.71804 0.00000 -35.06660 0.00000 35.96183 -25.35621 -30.55143 -7.12502 -0.00000 0.00000 9.35621 -12.85393 -8.47548 0.00000 0.00000 -0.00000 11.62628 13.48912 88.93842 -12.06920 -2.27038 21.23288 -0.00000 -17.48890 -0.00000 -1.98303 1.63081 -39.41817 7.12502 -0.00000 -0.00000 21.45262 -8.85727 653.60304
-0.06804 0.59125 0.02936 -680.97257 40.95713 -846.68574 -0.00000 0.00000 -0.00000 -86.59293 -71.02664 -94.25954 -48.20102 68.38545 66.72256 3.72525 -28.27099 3.53049 -0.86279 16.18293 6.06321 -0.00000 0.00000 -0.00000 366.55644 -50.76724 338.48126 59.13604 69.61896 -78.42948 -1.96342 8.87620 28.98364 2.45713 -26.44536 10.43009 -8.95021 26.84544 15.48324 -4.26414 10.15937 15.16952 -4.63168 -3.04453 6.41798 -5.05950 -6.65617 0.17865 2.94486 -30.00254 -0.47808 2.00279 -8.25148 -0.53244 0.00000 0.00000 -0.00000 -58.21839 3.84334 -48.67886 10.91471 -1.84612 -19.14497 0.00000 -38.10270 0.00000 35.70777 -22.00334 -27.53062 -7.12502 -0.00000 0.00000 9.12665 -10.77668 -4.33142 0.00000 0.00000 -0.00000 4.22562 15.75632 90.30545 -18.38392 -5.50802 33.11073 -0.00000 -11.29450 -0.00000 1.30882 -0.77988 -30.78409 7.12502 -0.00000 -0.00000 26.36752 -6.26105 662.59203
-0.07844 0.55807 0.02625 -684.44039 39.94083 -851.14591 -0.00000 0.00000 -0.00000 -91.13712 -74.47811 -94.25784 -63.48398 69.86435 83.06381 2.68510 -24.97886 2.50732 -2.58307 27.04810 10.70994 -0.00000 0.00000 -0.00000 351.06151 -61.22735 323.75984 101.50833 66.34888 -123.79087 -1.54033 8.35956 32.03034 2.11603 -24.70660 9.64008 -5.48474 23.43027 12.61795 -5.40854 8.72901 13.07701 -6.35870 -2.37715 5.71967 -3.44790 -5.57457 2.45439 5.49889 -25.39269 3.60966 1.98763 -6.99568 1.22518 -0.00000 0.00000 0.00000 -57.93543 2.71002 -34.00629 13.00092 -2.64805 -22.93296 0.00000 -42.55360 0.00000 37.35529 -17.48212 -21.48230 -7.12502 -0.00000 0.00000 10.07911 -9.23703 2.91621 -0.00000 0.00000 0.00000 3.96954 21.91901 90.94265 -24.74896 -10.76400 46.47811 -0.00000 -21.90060 -0.00000 1.90261 -0.93309 -26.11531 7.12502 -0.00000 -0.00000 27.31982 -4.21566 666.90098
-0.09206 0.52320 0.02234 -690.64934 39.39547 -852.94625 -0.00000 0.00000 -0.00000 -96.46695 -77.48495 -94.54757 -86.83322 69.06362 107.94910 1.25941 -17.55392 1.49444 -3.10362 29.35238 11.81126 -0.00000 0.00000 -0.00000 327.50108 -67.47748 297.98554 120.80616 57.23345 -145.56326 -2.64025 10.18833 33.67622 1.47290 -20.88062 7.98105 -3.57917 22.64462 10.71576 -6.57235 7.63649 11.17709 -8.21649 -2.84407 4.92273 -2.26947 -4.98638 4.40171 9.44905 -20.18857 7.02701 2.73329 -5.62468 2.75012 -0.00000 0.00000 0.00000 -59.30362 2.59204 -18.88455 16.01502 -4.09903 -28.54535 0.00000 -46.25560 0.00000 36.83160 -14.68014 -18.69416 -7.12502 -0.00000 0.00000 9.58373 -7.67417 6.65960 -0.00000 0.00000 0.00000 7.89142 27.94437 88.32922 -29.18213 -16.29551 57.62120 -0.00000 -30.98320 -0.00000 1.58265 -0.64046 -22.02645 7.12502 -0.00000 -0.00000 27.13257 -2.32661 670.47049
-0.11122 0.49631 0.02580 -698.99414 41.24498 -853.43925 -0.00000 0.00000 -0.00000 -87.02626 -82.35339 -80.31222 -102.34103 66.12043 124.70072 0.58669 -8.88370 2.82681 -1.37667 20.22657 7.70696 -0.00000 0.00000 -0.00000 318.29299 -69.64131 282.29317 126.16117 52.10650 -152.11815 -6.35020 15.48357 34.10026 0.82532 -15.83994 5.92735 -2.84057 23.30068 10.29049 -6.94142 8.13497 10.59826 -8.94181 -2.49003 4.60985 0.22544 -3.81452 5.78917 11.20044 -17.13859 9.03563 2.72196 -4.95388 3.58889 -0.00000 0.00000 -0.00000 -62.68386 2.06954 -7.66772 18.01772 -5.27349 -32.39429 0.00000 -48.25770 0.00000 37.95657 -13.80732 -17.01125 -7.12502 -0.00000 0.00000 10.41761 -7.81645 8.50873 -0.00000 0.00000 -0.00000 17.07785 32.43283 79.76206 -32.21859 -21.81883 67.43491 -0.00000 -29.98540 -0.00000 -0.68751 0.25713 -20.50476 7.12502 -0.00000 -0.00000 24.83627 -1.64272 671.45574
-0.13398 0.46211 0.02301 -708.83229 41.87333 -850.63576 -0.00000 0.00000 -0.00000 -81.26053 -84.91678 -69.12741 -113.05966 62.08843 136.60023 -0.28891 4.61565 4.20800 -0.24052 8.65717 3.17678 -0.00000 0.00000 -0.00000 311.02968 -71.64888 270.31286 128.52563 49.07550 -155.17704 -5.78051 14.92127 32.24164 0.27345 -9.22440 3.38870 -3.85582 22.61857 9.73328 -6.03743 9.32992 9.79442 -6.83537 -1.40304 4.15271 -0.97577 -0.35790 6.48010 12.78216 -14.73743 10.15860 3.25603 -4.97268 4.17669 0.00000 0.00000 -0.00000 -70.35282 -1.35434 1.63741 19.64404 -6.36499 -35.61058 0.00000 -48.66370 0.00000 36.95144 -12.48011 -16.02839 -7.12502 -0.00000 0.00000 9.58675 -6.78968 10.00901 0.00000 0.00000 -0.00000 28.68110 35.02916 66.39621 -33.82536 -26.09072 74.61593 -0.00000 -29.84800 -0.00000 -3.55866 1.37809 -21.14219 7.12502 -0.00000 -0.00000 21.85637 -1.85125 670.39547
-0.15943 0.42260 0.01862 -717.25461 41.02569 -846.34863 -0.00000 0.00000 -0.00000 -100.58453 -83.97953 -84.13416 -118.55556 58.88685 142.91154 -1.17190 13.70571 7.39234 -0.00143 -0.67166 -0.24448 -0.00000 0.00000 -0.00000 302.86100 -75.03334 260.09624 128.92514 48.49943 -155.70811 -3.89980 12.24168 29.58746 0.13577 -6.51894 2.38368 -2.73929 22.11929 8.61131 -6.05717 10.16488 8.66312 -6.96557 -0.25560 3.64457 0.13390 0.69588 6.45859 12.25681 -11.27618 9.77943 3.03322 -4.01855 4.14488 0.00000 0.00000 -0.00000 -74.90720 -0.13964 8.73476 20.75510 -7.18852 -37.86436 0.00000 -50.01300 0.00000 38.94176 -13.30797 -15.89942 -7.12502 -0.00000 0.00000 11.18175 -8.04805 9.69183 0.00000 0.00000 -0.00000 42.93585 32.51738 50.78591 -34.40283 -28.21055 78.13147 -0.00000 -27.39940 -0.00000 -7.06074 2.80020 -21.52531 7.12502 -0.00000 -0.00000 18.21109 -1.83620 669.43732
-0.18162 0.38096 0.01763 -724.01436 40.17893 -843.50391 -0.00000 0.00000 -0.00000 -116.81374 -83.16012 -98.53167 -121.56933 56.61552 146.47400 0.04511 11.11767 1.71661 -0.01072 -1.83634 -0.66862 -0.00000 0.00000 -0.00000 317.28535 -80.69984 274.50089 127.54793 50.40245 -153.89594 -0.87137 6.97982 29.88173 0.01469 -2.14997 0.78292 -1.04880 22.44452 8.01743 -5.66466 10.93395 8.23225 -7.28358 0.55361 3.48786 -0.19653 1.48236 6.08093 11.13348 -9.68672 9.02418 3.16100 -4.00755 3.93623 -0.00000 0.00000 -0.00000 -79.70063 2.69071 14.55981 21.91657 -8.12310 -40.27813 0.00000 -51.21660 0.00000 40.15610 -12.92635 -14.84881 -7.12502 -0.00000 0.00000 12.14928 -8.42489 10.76220 -0.00000 0.00000 -0.00000 54.75174 26.79444 36.54451 -34.64100 -29.28724 79.91668 -0.00000 -23.17150 -0.00000 -10.64627 5.01528 -24.94101 7.12502 -0.00000 -0.00000 14.08784 -2.43181 665.40353
-0.20360 0.34316 0.01999 -731.87554 37.90327 -839.74191 -0.00000 0.00000 -0.00000 -122.22296 -80.19872 -102.37040 -114.95105 61.10037 138.75037 1.61991 14.13674 -5.17569 -1.53906 -21.31575 -8.16483 -0.00000 0.00000 -0.00000 312.04875 -78.20977 273.29001 131.98342 43.27055 -159.96250 3.82182 -3.18339 28.07785 3.41094 30.59224 -12.42637 -1.27576 23.14277 7.51439 -4.88144 11.95562 7.47843 -6.15569 1.07039 3.04599 -2.34044 1.78210 5.47527 10.55684 -9.34627 8.06454 3.07156 -3.55457 3.58005 0.00000 0.00000 0.00000 -85.70248 2.25512 18.41086 22.28963 -8.44033 -41.06747 0.00000 -51.04220 0.00000 39.93760 -15.29129 -17.48406 -7.12502 -0.00000 0.00000 11.96963 -9.41592 7.34302 0.00000 0.00000 0.00000 62.68270 22.31617 22.08798 -34.82850 -30.28608 81.57650 -0.00000 -23.89670 -0.00000 -15.58560 7.97313 -26.44031 7.12502 -0.00000 -0.00000 8.59029 -1.87001 662.81046
-0.22753 0.30599 0.01955 -739.41663 34.72569 -836.65777 -0.00000 0.00000 -0.00000 -116.17249 -77.63085 -96.29448 -99.94868 66.75106 122.09085 1.43941 13.45760 -4.77426 -0.83055 -15.88836 -5.94650 -0.00000 0.00000 -0.00000 296.59650 -76.59182 263.26063 134.67674 36.90555 -164.13738 3.54149 -13.68656 15.99054 2.78589 27.97961 -11.14895 -1.08435 24.89593 7.68508 -4.41916 12.52942 7.58552 -5.97374 0.87668 3.05449 -5.24054 2.20247 4.08135 9.50838 -9.21864 5.95336 3.36634 -3.51170 2.69943 -0.00000 0.00000 0.00000 -90.07503 5.50772 21.57678 21.99124 -8.18591 -40.43554 0.00000 -51.16390 0.00000 40.62547 -18.06089 -19.86936 -7.12502 -0.00000 0.00000 12.46777 -11.11265 3.92109 -0.00000 0.00000 0.00000 70.94176 16.07710 4.45539 -34.82435 -30.26190 81.53624 -0.00000 -21.72330 -0.00000 -16.35978 7.97589 -25.29910 7.12502 -0.00000 -0.00000 7.96843 -1.58254 663.83923
-0.25312 0.28281 0.01574 -746.52427 30.67852 -835.09047 -0.00000 0.00000 -0.00000 -102.88887 -76.34022 -84.94399 -70.89093 69.99748 90.94811 0.08260 7.53826 0.65095 -0.27496 -9.24950 -3.39809 -0.00000 0.00000 -0.00000 294.94520 -67.90635 271.50785 136.41581 31.25739 -167.23652 7.58896 -18.04639 24.61040 1.77122 22.76018 -8.78351 -2.60840 25.60968 8.13577 -4.61217 13.02679 7.70581 -5.47581 0.94827 3.00849 -6.20358 0.89267 3.32986 7.59097 -6.55896 4.67962 3.40344 -2.64202 2.26620 0.00000 0.00000 -0.00000 -93.99965 10.47315 26.27733 22.04226 -8.22902 -40.54327 0.00000 -53.13580 0.00000 43.65550 -19.05340 -18.88793 -7.12502 -0.00000 0.00000 14.67421 -13.08779 4.14878 0.00000 0.00000 -0.00000 79.00677 10.79493 -9.15032 -33.88333 -26.28187 74.93347 -0.00000 -19.59040 -0.00000 -19.17803 9.82965 -26.14391 7.12502 -0.00000 -0.00000 4.80420 -1.08400 662.31447
-0.27172 0.27893 0.01611 -752.11255 27.53499 -833.01827 -0.00000 0.00000 -0.00000 -79.96018 -70.97447 -68.93343 -35.65421 65.52824 53.10185 -0.03171 1.58808 1.36965 -0.80004 -15.60373 -5.83407 -0.00000 0.00000 -0.00000 290.34569 -58.65412 277.60544 137.06864 28.62049 -168.54420 10.42540 -19.46880 29.88223 0.39017 10.99115 -4.05364 -2.87872 23.80660 7.04560 -4.60743 14.00940 6.42394 -4.71779 2.67991 2.34784 -6.43123 1.03250 3.13340 7.25342 -4.45050 4.31219 3.36546 -1.93851 2.11434 0.00000 0.00000 0.00000 -97.23227 11.23496 30.15699 22.45488 -8.58362 -41.41947 0.00000 -54.11920 0.00000 44.59190 -15.80261 -15.44182 -7.12502 -0.00000 0.00000 15.58087 -11.81450 8.71179 0.00000 0.00000 0.00000 85.36516 6.67810 -13.41304 -30.45421 -18.35769 61.38880 -0.00000 -21.86550 -0.00000 -17.88692 13.92305 -36.70641 7.12502 -0.00000 -0.00000 3.56841 -1.57631 651.19711
-0.28345 0.28999 0.01683 -756.87747 26.91443 -830.78969 -0.00000 0.00000 -0.00000 -59.33604 -63.12120 -61.11086 -20.03306 57.87803 35.43116 -0.05219 -0.70486 -2.84306 -2.81483 -28.10885 -11.21051 -0.00000 0.00000 -0.00000 290.74414 -48.76609 284.49749 137.03984 28.74481 -168.48421 12.97530 -19.20185 34.91896 0.00981 1.75717 -0.63977 -0.74580 22.80020 5.58322 -4.18512 14.38255 5.11225 -5.04866 3.60984 1.84732 -6.99928 1.85949 2.58592 9.19504 -0.22423 3.34829 4.23154 -0.71028 1.61050 0.00000 0.00000 0.00000 -98.06875 11.89890 32.62718 21.82030 -8.04261 -40.07559 0.00000 -55.11900 0.00000 43.61517 -9.40832 -9.73537 -7.12502 -0.00000 0.00000 15.13517 -8.31898 16.85691 0.00000 0.00000 0.00000 91.62725 0.83796 -15.64591 -25.53548 -11.60279 48.29973 -0.00000 -32.05800 -0.00000 -13.97275 26.74679 -61.06266 7.12502 -0.00000 -0.00000 2.47157 -2.12014 814.40074
-0.29324 0.31015 0.01599 -761.73967 25.62107 -828.60924 -0.00000 0.00000 -0.00000 -50.35007 -57.67594 -61.94923 -21.62262 59.00796 37.29644 0.34814 3.80515 -9.57337 -3.48667 -30.88581 -12.57452 -0.00000 0.00000 -0.00000 289.73611 -39.08640 288.56509 136.93401 29.19489 -168.26570 12.67602 -18.08271 35.12670 0.07790 -4.94408 1.80428 0.50293 21.41736 3.71688 -3.59129 15.25226 2.94573 -4.70691 5.08576 0.82583 -6.81401 2.65421 2.93839 8.72383 2.94369 3.56649 4.06629 0.16296 1.70137 -0.00000 0.00000 -0.00000 -98.79032 10.75931 32.16040 19.81682 -6.48875 -35.95783 0.00000 -55.73250 0.00000 40.15947 -5.24096 -6.17803 -7.12502 -0.00000 0.00000 12.31473 -5.30971 22.02793 -0.00000 0.00000 -0.00000 93.90869 -4.20463 -14.60677 -17.92482 -5.21500 32.21321 -0.00000 -37.21150 -0.00000 -12.85732 17.31923 -52.52216 7.12502 -0.00000 -0.00000 3.81895 -3.13270 635.69347
-0.30401 0.33166 0.01430 -766.85604 22.40772 -828.81682 -0.00000 0.00000 -0.00000 -46.08124 -59.13418 -58.53530 -42.95606 67.41781 61.06261 1.41034 8.52492 -12.10856 -3.64550 -31.48738 -12.88124 -0.00000 0.00000 -0.00000 287.10770 -38.48170 288.72318 136.54677 30.75675 -167.49073 7.70025 -12.54806 28.81739 0.08208 -5.07457 1.85216 0.88250 20.22753 2.50477 -4.21215 15.95406 1.37232 -5.45170 6.38476 0.08753 -5.37130 5.07531 4.00435 5.74487 3.91789 4.88125 2.71026 0.07053 2.31437 0.00000 0.00000 0.00000 -97.66241 9.15612 29.69177 15.96153 -4.07007 -28.44403 0.00000 -53.19230 0.00000 34.42456 -1.06872 -1.55892 -7.12502 -0.00000 0.00000 7.27302 -2.22300 28.09440 0.00000 0.00000 0.00000 94.28709 -15.19501 -15.68886 -10.60124 -1.73907 18.58129 -0.00000 -26.99570 -0.00000 -9.83734 15.49316 -57.01066 7.12502 -0.00000 -0.00000 5.84600 -5.46001 632.09800
-0.29961 0.35478 0.02079 -770.89784 18.84422 -832.23309 -0.00000 0.00000 -0.00000 -30.96695 -64.38879 -41.64217 -84.17955 69.34329 105.11056 2.97130 12.59083 -16.33160 -4.23661 -33.57448 -13.98027 -0.00000 0.00000 -0.00000 321.41024 -66.04233 317.95772 133.32764 40.36557 -161.97777 0.52043 -3.98922 6.96728 0.07543 4.86531 -1.77538 2.17761 20.01591 1.72836 -5.26454 15.81564 0.53530 -7.31671 6.33321 -0.16254 -2.59871 7.21784 5.24676 -0.53262 5.49919 6.60817 0.20363 0.44908 3.15379 0.00000 0.00000 0.00000 -88.63808 -6.43837 21.65146 8.48795 -1.10531 -14.81229 0.00000 -36.37920 0.00000 26.46604 0.66104 1.32755 -7.12502 -0.00000 0.00000 -0.08581 0.02066 31.46302 0.00000 0.00000 0.00000 93.91054 -25.40490 -22.45977 -10.56524 -1.72700 18.51665 -0.00000 -30.70270 -0.00000 -7.09650 11.19196 -57.32370 7.12502 -0.00000 -0.00000 9.54903 -8.67422 633.12289
-0.29999 0.36812 0.02498 -772.30559 16.09510 -836.23689 -0.00000 0.00000 -0.00000 5.19164 -69.68904 -7.47787 -116.43328 60.24729 140.45041 9.66721 24.70625 -22.91100 -1.03403 -17.65337 -6.65158 -0.00000 0.00000 -0.00000 363.58293 -69.38708 357.11756 123.11478 55.26160 -148.33931 0.04451 -3.13300 1.38169 0.02582 2.84981 -1.03816 3.75455 18.55718 0.39775 -5.10130 15.43277 -0.92901 -7.93906 6.44167 -0.72769 0.33714 6.94375 6.76802 -7.53982 7.52795 9.02713 -2.38023 1.59790 4.27671 0.00000 0.00000 0.00000 -82.99358 -28.45533 14.28840 4.04079 -0.24762 -7.01053 0.00000 3.37109 -0.00000 40.07901 -1.72624 -2.05031 -7.12502 -0.00000 0.00000 12.44673 -4.03201 27.32986 0.00000 0.00000 0.00000 93.73018 -23.98517 -25.50974 -12.16816 -2.30898 21.41278 -0.00000 -32.13670 -0.00000 -14.68395 16.54887 -47.38602 7.12502 -0.00000 -0.00000 3.64753 -2.50050 640.61263
-0.29895 0.37515 0.02857 -775.79206 10.70761 -839.96979 -0.00000 0.00000 -0.00000 52.51613 -57.64450 38.37871 -128.78964 48.69714 155.52747 24.87178 37.20135 -36.37022 -0.27889 -9.31452 -3.42243 -0.00000 0.00000 -0.00000 369.43589 -63.93159 364.54795 89.31463 68.75121 -110.60862 0.04962 -0.80167 2.61186 0.37691 10.80583 -3.98351 2.16540 17.43625 -0.24433 -6.65835 15.18427 -2.01153 -8.76372 6.53344 -1.35175 2.07170 6.48077 7.35762 -9.44240 8.64569 10.08134 -3.24659 2.30644 4.76584 -0.00000 0.00000 0.00000 -83.19054 -21.75361 9.01803 6.06449 -0.56011 -10.54382 0.00000 19.92030 -0.00000 52.02441 -10.67209 -8.22556 -7.12502 -0.00000 0.00000 22.21403 -12.36063 17.33732 -0.00000 0.00000 0.00000 92.56233 -25.03396 -24.03067 -12.42909 -2.41247 21.88788 -0.00000 -22.41410 -0.00000 -15.73870 19.92164 -50.40637 7.12502 -0.00000 -0.00000 1.04537 -0.82143 636.84449
-0.29920 0.37096 0.02873 -777.25139 6.06266 -843.74935 -0.00000 0.00000 -0.00000 80.92442 -31.16711 53.19259 -133.61865 39.67126 162.43031 58.21615 44.74950 -62.36548 -0.13293 -6.45071 -2.35850 -0.00000 0.00000 -0.00000 371.22968 -57.85692 367.36623 31.22003 63.97670 -48.20036 -0.34754 5.42562 3.59293 1.74051 22.57592 -8.70382 1.16506 15.32883 -0.34525 -7.05817 14.04431 -1.99620 -8.54569 6.31653 -1.33938 2.16407 5.21742 7.32965 -10.78071 11.36772 10.31266 -3.55039 3.55139 4.67259 -0.00000 0.00000 -0.00000 -80.35640 3.65838 4.94967 12.69737 -2.52148 -22.37750 0.00000 -9.80977 0.00000 44.58391 -13.88944 -13.68850 -7.12502 -0.00000 0.00000 15.68955 -10.84461 11.18505 -0.00000 0.00000 -0.00000 88.09876 -33.35968 -21.88506 -12.15400 -2.30343 21.38703 -0.00000 -29.45960 -0.00000 -14.83306 39.17074 -67.25287 7.12502 -0.00000 -0.00000 12.13490 -7.76222 462.86533
-0.29259 0.36478 0.02998 -779.03274 -2.17362 -846.80093 -0.00000 0.00000 -0.00000 100.60473 10.06551 231.86326 -134.24611 -38.08036 196.57007 98.77091 -17.95692 -97.43686 -0.03971 -3.53279 -1.28757 -0.00000 0.00000 -0.00000 366.28121 -51.36906 370.15401 8.05473 43.34654 -20.09311 -0.50250 13.58173 -0.06758 2.30642 25.69739 -10.08719 -2.45513 11.58989 0.42786 -7.96621 12.83821 -0.82506 -7.38052 7.13634 -0.90231 3.01312 2.10328 6.58397 -13.24308 13.87075 9.87209 -3.87947 4.51844 4.13461 -0.00000 0.00000 -0.00000 -71.22906 9.54803 -6.26434 17.16184 -4.74967 -30.73575 0.00000 -18.44280 0.00000 39.26380 -8.73849 -10.52860 -7.12502 -0.00000 0.00000 11.43892 -6.29354 16.55267 -0.00000 0.00000 -0.00000 85.68031 -38.51110 -23.71100 -13.22711 -2.74461 23.34789 -0.00000 -27.93210 -0.00000 -12.98407 39.45425 -70.05686 7.12502 -0.00000 -0.00000 12.20199 -7.17269 464.99766
-0.28056 0.35778 0.03108 -776.27380 -4.54119 -847.44777 -0.00000 0.00000 -0.00000 92.68065 10.66168 227.79086 -132.80348 -41.55399 198.82179 101.77827 -24.43220 -96.15962 -1.40710 20.43616 7.79452 -0.00000 0.00000 -0.00000 366.57512 -42.87073 377.25021 2.02982 24.23954 -9.43199 0.26402 17.64375 -4.05345 1.39826 20.37555 -7.76917 1.61222 10.35923 0.86912 -8.23549 11.51848 0.36112 -9.93941 6.57801 0.15734 5.62956 0.40369 4.61256 -12.41557 11.22552 6.97626 -4.28801 3.84942 3.02758 0.00000 0.00000 0.00000 -57.74932 12.45789 -19.95561 21.47693 -7.76009 -39.35696 0.00000 -13.54070 0.00000 38.94681 -14.63430 -17.35862 -7.12502 -0.00000 0.00000 11.20150 -8.64762 7.79226 0.00000 0.00000 0.00000 88.22966 -31.12741 -25.90492 -12.74193 -2.53984 22.45893 -0.00000 -38.63490 -0.00000 -12.48870 40.55191 -71.18711 7.12502 -0.00000 -0.00000 13.09882 -7.37957 466.10140
-0.28223 0.34740 0.02993 -770.35824 -5.48390 -844.45362 -0.00000 0.00000 -0.00000 102.00109 6.71614 223.70297 -134.09101 -38.48630 196.82042 109.93038 -17.65797 -90.04527 -4.28234 33.72692 14.06279 -0.00000 0.00000 -0.00000 368.32347 -41.78574 387.10430 1.82842 23.09825 -8.93033 3.88122 13.49280 -17.20432 1.55753 21.43527 -8.21551 3.98538 9.85519 -0.70631 -4.77655 9.91455 -1.37405 -7.39305 4.74643 -0.61615 2.40992 -3.77113 4.47426 -9.81105 7.00725 6.44719 -3.28833 3.39640 2.85199 0.00000 0.00000 0.00000 -52.37053 7.69961 -31.04190 25.80536 -11.90269 -48.93706 0.00000 -9.45594 0.00000 37.79209 -21.12318 -24.92543 -7.12502 -0.00000 0.00000 10.46983 -11.34057 -1.77882 0.00000 0.00000 0.00000 83.37399 -34.85686 -27.06365 -13.28292 -2.76873 23.45043 -0.00000 -35.24130 -0.00000 -14.40679 38.87292 -67.74009 7.12502 -0.00000 -0.00000 11.84526 -7.49098 463.13520
-0.28999 0.34810 0.03027 -764.62212 -8.66951 -844.63740 -0.00000 0.00000 -0.00000 86.72249 -5.31033 403.50473 -135.94202 32.96722 166.34535 79.55085 28.13458 -84.98272 -0.15545 6.97254 2.55124 -0.00000 0.00000 -0.00000 371.85280 -48.91683 394.02831 2.31044 25.71774 -10.09646 1.76984 5.29503 -14.83618 1.54155 21.33194 -8.17169 4.43873 7.65422 -1.30685 -2.65039 8.19380 -2.00624 -5.33346 4.03670 -0.92066 0.72719 -5.69435 4.47480 -8.99226 1.59139 6.07860 -2.76759 1.81538 2.76463 0.00000 0.00000 -0.00000 -45.56312 2.12126 -36.93619 29.72491 -17.14059 -59.18364 0.00000 -14.12680 0.00000 35.19396 -23.31629 -29.30189 -7.12502 -0.00000 0.00000 8.85141 -11.26021 -6.42707 0.00000 0.00000 -0.00000 76.98235 -38.94526 -27.68093 -13.27953 -2.76726 23.44418 -0.00000 -27.96940 -0.00000 -16.17732 34.98045 -63.15983 7.12502 -0.00000 -0.00000 8.93309 -6.68046 458.49543
-0.29899 0.35697 0.03122 -762.69078 -12.00593 -844.73657 -0.00000 0.00000 -0.00000 82.09720 -3.11103 405.25956 -135.89210 33.13885 166.25382 62.21522 26.61450 -82.48019 -0.13090 6.40171 2.34043 -0.00000 0.00000 -0.00000 371.75695 -56.32730 392.29949 3.13151 29.46826 -11.86804 3.34629 12.16501 -16.18214 1.22151 19.11318 -7.24600 2.41145 7.74345 -3.15007 -1.13415 6.89397 -4.51031 -2.49817 2.54984 -2.32680 1.56446 -4.59716 5.94545 -10.27380 -0.67574 7.78653 -3.39287 1.08743 3.66227 -0.00000 0.00000 -0.00000 -36.73836 -5.60753 -36.21168 31.13159 -19.58718 -63.57008 0.00000 -13.12540 0.00000 29.03419 -30.32231 -42.28708 -7.12502 -0.00000 0.00000 5.80559 -12.68513 -20.15515 -0.00000 0.00000 -0.00000 73.09852 -36.01856 -26.69699 -14.55584 -3.35145 25.80469 -0.00000 -26.26380 -0.00000 -15.72183 37.17485 -65.02085 7.12502 -0.00000 -0.00000 10.60465 -7.36427 460.60440
-0.31611 0.37219 0.03111 -763.19709 -11.01815 -844.77905 -0.00000 0.00000 -0.00000 82.46393 -1.71863 405.06097 -135.36137 34.87503 165.30501 75.64312 31.97243 -81.54814 -0.56383 13.16431 4.88346 -0.00000 0.00000 -0.00000 372.63228 -60.14608 390.49518 5.60295 37.67678 -16.32423 1.52242 11.54118 -9.35161 0.93921 16.85760 -6.33195 2.33649 9.76314 -5.50129 1.54321 7.05933 -7.79768 0.56536 1.86181 -4.10990 1.24043 -3.57381 7.34764 -12.19936 0.72303 9.83620 -3.92293 1.58751 4.61237 0.00000 0.00000 0.00000 -29.27397 -11.88567 -32.46116 28.93871 -15.93151 -56.93938 0.00000 2.98786 -0.00000 30.13765 -31.42320 -41.92461 -7.12502 -0.00000 0.00000 6.31427 -13.98539 -20.39885 0.00000 0.00000 0.00000 68.21487 -35.06473 -22.19589 -14.91180 -3.52581 26.46889 -0.00000 -19.53000 -0.00000 -15.05537 36.98740 -65.91120 7.12502 -0.00000 -0.00000 10.37150 -7.03307 461.21709
-0.34226 0.39632 0.02382 -767.59203 -12.79617 -847.46454 -0.00000 0.00000 -0.00000 71.38708 -0.68650 404.11848 -133.75931 39.32614 162.65146 76.08223 42.20135 -75.20220 -1.73056 22.51582 8.67788 -0.00000 0.00000 -0.00000 373.72795 -65.83601 395.81847 15.99045 54.40775 -30.56620 -0.46040 12.67167 0.05450 0.16351 7.14963 -2.61675 -0.33883 9.39504 -6.60039 1.52923 8.27916 -9.74474 1.77347 3.76601 -5.28222 0.77647 -4.25686 7.79426 -14.62678 4.94919 11.07531 -3.93118 2.99266 4.88601 -0.00000 0.00000 -0.00000 -17.42595 -8.77921 -28.33290 24.24313 -10.25068 -45.33235 0.00000 -3.59789 0.00000 30.10048 -20.53510 -31.17887 -7.12502 -0.00000 0.00000 5.57381 -7.07860 -6.62347 -0.00000 0.00000 -0.00000 65.22501 -33.58635 -18.83642 -15.58090 -3.86745 27.72489 -0.00000 -15.49820 -0.00000 -14.31011 37.36925 -67.20428 7.12502 -0.00000 -0.00000 10.59467 -6.89554 462.30512
-0.36641 0.42056 0.01478 -770.34624 -12.84089 -847.22157 -0.00000 0.00000 -0.00000 65.45436 -2.94436 402.02878 -132.67783 41.82779 160.98930 61.88175 42.32852 -66.97842 -1.11371 18.29088 6.90984 -0.00000 0.00000 -0.00000 371.17030 -71.41260 398.36682 51.28546 68.83146 -70.03506 -1.24870 10.59129 6.36727 0.00529 -1.29086 0.46992 0.24161 9.19058 -8.24301 2.22121 9.21178 -12.24228 1.90515 5.01867 -6.61648 -1.10595 -0.78423 8.23406 -17.28747 3.97538 11.40952 -4.65280 2.23012 5.06319 0.00000 0.00000 -0.00000 -8.48422 3.85912 -23.66500 19.18781 -6.04558 -34.69903 0.00000 1.32981 -0.00000 23.63909 -13.80662 -28.60029 -7.12502 -0.00000 0.00000 0.40495 -0.42708 -1.52265 0.00000 0.00000 -0.00000 58.98649 -33.27459 -16.84950 -14.05952 -3.11675 24.88300 -0.00000 -9.40533 -0.00000 -16.72208 33.81375 -61.63676 7.12502 -0.00000 -0.00000 8.12538 -6.41966 456.93444
-0.38011 0.44742 0.00616 -771.55520 -12.74605 -845.39585 -0.00000 0.00000 -0.00000 61.68857 -9.16667 402.05728 -132.03722 43.16282 160.04106 14.78590 23.20499 -42.76315 -0.00078 0.49426 0.17990 -0.00000 0.00000 -0.00000 347.85940 -76.86185 379.49602 103.08235 65.90859 -125.51210 -1.62235 8.67755 14.85971 0.03903 -3.50242 1.27647 0.73486 11.04659 -9.18910 3.24573 10.33710 -13.87734 2.75438 5.51225 -7.58577 -1.79696 -0.38923 8.25236 -18.80603 2.42283 11.12137 -5.12238 1.74774 4.95523 0.00000 0.00000 0.00000 -5.03532 17.05547 -22.26857 16.07104 -4.12950 -28.65158 0.00000 9.31604 -0.00000 15.66505 -9.51933 -30.52955 -7.12502 -0.00000 0.00000 -5.48134 5.85142 -1.73325 0.00000 0.00000 0.00000 53.49175 -37.16906 -14.78274 -11.02409 -1.88429 19.34198 -0.00000 -0.27255 -0.00000 -16.59358 30.53841 -59.60997 7.12502 -0.00000 -0.00000 5.70267 -4.93423 454.26091
-0.39201 0.46712 -0.00089 -770.85446 -13.08928 -844.38762 -0.00000 0.00000 -0.00000 52.09430 -19.39328 403.24523 -128.29655 49.39664 154.87459 0.76719 5.68815 -18.88808 -0.05004 3.96487 1.44555 -0.00000 0.00000 -0.00000 277.86906 -75.93399 314.14541 125.23828 53.14000 -150.95684 -1.18568 6.91846 20.45762 0.05961 4.32651 -1.57792 2.21282 13.55314 -9.19155 3.73903 11.49679 -14.00884 2.72507 5.31592 -7.69910 0.69535 -2.69997 7.82752 -22.30932 2.13183 10.67167 -6.53289 2.35470 4.50285 -0.00000 0.00000 0.00000 -8.20307 23.13853 -23.09569 13.94345 -3.06326 -24.66816 0.00000 8.28680 -0.00000 11.42851 -5.41445 -25.02181 -7.12502 -0.00000 0.00000 -10.22786 8.78000 4.76938 -0.00000 0.00000 0.00000 47.12491 -52.35664 -16.21512 -8.31973 -1.06130 14.51435 -0.00000 25.93980 0.00000 -11.81057 18.33731 -56.39033 7.12502 -0.00000 -0.00000 3.42611 -3.21552 631.86519
-0.40578 0.47348 -0.00793 -767.15115 -11.66744 -844.04878 -0.00000 0.00000 -0.00000 43.24378 -31.00607 397.20577 -117.38405 59.65940 141.54876 -0.21861 1.72176 -14.75357 -0.00162 -0.71487 -0.26020 -0.00000 0.00000 -0.00000 248.54668 -60.76381 285.91241 131.70127 43.82511 -159.55297 0.11644 3.46353 21.22020 0.40276 11.16408 -4.11916 5.36298 16.66248 -9.71505 4.86902 11.90257 -14.40550 2.86022 3.92624 -7.86474 -0.62677 -2.13113 8.51843 -22.44909 -0.65048 10.99792 -6.51950 1.43782 4.87548 0.00000 0.00000 -0.00000 -20.69208 22.02687 -18.49862 12.38427 -2.39451 -21.80619 0.00000 9.80851 -0.00000 9.09557 -3.61844 -21.51509 -7.12502 -0.00000 0.00000 -12.97995 9.76481 8.65393 0.00000 0.00000 -0.00000 47.57558 -45.26746 -15.17447 -8.89209 -1.21486 15.52923 -0.00000 23.58400 0.00000 -6.48366 8.45356 -52.29361 7.12502 -0.00000 -0.00000 12.35128 -9.21630 638.81738
-0.41803 0.47439 -0.01571 -761.32818 -12.17570 -846.27480 -0.00000 0.00000 -0.00000 36.42638 -39.36628 390.45178 -88.61812 68.84407 109.86154 0.27902 3.67988 -14.28081 -0.12000 -6.13084 -2.24057 -0.00000 0.00000 -0.00000 250.76189 -59.69037 284.23789 131.54305 44.12865 -159.32511 6.15709 -6.76407 30.81884 0.05020 -3.97140 1.44795 6.22415 17.62675 -9.07278 4.67299 12.21645 -13.36128 2.28368 3.53213 -7.28573 -0.97933 -1.37786 9.81243 -21.69188 -3.20184 12.28468 -6.39449 0.65615 5.79822 0.00000 0.00000 -0.00000 -32.63745 19.27844 -12.62972 11.16795 -1.93512 -19.60132 0.00000 13.22000 -0.00000 9.30727 -3.46329 -20.23400 -7.12502 -0.00000 0.00000 -13.08078 9.39217 9.91812 0.00000 0.00000 -0.00000 47.25016 -48.24704 -10.48626 -8.76968 -1.18111 15.31190 -0.00000 22.79060 0.00000 2.51044 -3.16069 -51.50893 7.12502 -0.00000 -0.00000 25.01502 -16.06976 644.32317
-0.43443 0.46592 -0.02145 -756.62220 -14.16145 -849.45970 -0.00000 0.00000 -0.00000 30.88474 -43.65929 383.02082 -44.76222 67.78319 63.01613 0.43407 5.51701 -4.86238 -0.24232 -8.68918 -3.18872 -0.00000 0.00000 -0.00000 242.39946 -56.54499 273.18470 132.42630 42.36380 -160.61410 10.32029 -14.73407 32.99532 0.14987 6.84695 -2.50481 4.15717 18.39621 -7.80999 3.04321 12.49141 -11.82532 1.63544 3.37260 -6.55145 0.63930 -1.69783 11.07622 -21.78266 -3.87495 14.05900 -6.67439 0.84276 6.74131 -0.00000 0.00000 -0.00000 -42.13459 19.02631 -7.11268 9.81798 -1.48649 -17.17835 0.00000 13.62610 -0.00000 9.37148 -3.69650 -21.33791 -7.12502 -0.00000 0.00000 -12.78624 9.56156 8.79823 -0.00000 0.00000 -0.00000 51.46805 -40.66288 -2.02294 -9.15046 -1.28776 15.98847 -0.00000 17.38560 0.00000 4.68818 -6.02181 -51.98477 7.12502 -0.00000 -0.00000 28.10698 -17.79050 645.22815
-0.44545 0.45922 -0.03045 -752.13342 -11.87900 -849.40424 -0.00000 0.00000 -0.00000 27.57989 -44.42669 371.12213 -19.13462 57.18662 34.36631 -0.04335 -0.26422 4.72721 -0.45719 -11.88096 -4.39168 -0.00000 0.00000 -0.00000 241.43184 -51.49550 266.41683 133.28096 40.47456 -161.90578 11.85141 -13.28250 37.37600 0.23396 8.53947 -3.13290 5.74203 21.11965 -7.24077 2.11646 13.33472 -10.79869 0.03123 2.54121 -5.97659 1.43656 -1.27762 11.81778 -21.10466 -5.38179 14.88563 -6.72343 0.46010 7.31867 -0.00000 0.00000 -0.00000 -51.35261 16.27970 -4.63954 8.49912 -1.10826 -14.83207 0.00000 12.38760 -0.00000 9.36610 -3.11160 -18.21604 -7.12502 -0.00000 0.00000 -13.45028 8.95653 11.93736 -0.00000 0.00000 -0.00000 54.75474 -34.34716 5.01261 -9.89436 -1.51019 17.31483 -0.00000 17.61360 0.00000 3.75746 -4.17741 -47.96341 7.12502 -0.00000 -0.00000 27.33004 -15.13881 648.19093
-0.45381 0.45194 -0.04176 -749.66416 -10.62863 -848.01977 -0.00000 0.00000 -0.00000 22.81595 -44.16911 359.85379 -8.36612 43.95503 20.54423 0.73744 -5.90383 10.03681 -0.27829 -9.30464 -3.41873 -0.00000 0.00000 -0.00000 240.09892 -42.53004 262.55164 134.14191 38.35404 -163.26149 13.40112 -13.36737 40.23013 0.00046 0.38086 -0.13862 5.31537 22.89285 -5.70287 0.63949 14.03425 -8.78628 -1.42815 2.29362 -4.95534 1.84986 0.75876 11.54153 -20.71466 -6.83821 14.23578 -6.94815 -0.34315 7.24461 0.00000 0.00000 -0.00000 -59.36673 16.88053 -5.80361 7.20150 -0.79229 -12.54042 0.00000 4.73138 -0.00000 13.96041 -3.27823 -12.95453 -7.12502 -0.00000 0.00000 -10.39046 5.64129 16.80434 0.00000 0.00000 -0.00000 54.20837 -32.19381 9.51158 -10.04062 -1.55614 17.57636 -0.00000 13.80090 0.00000 -0.31739 0.33286 -46.36188 7.12502 -0.00000 -0.00000 22.18132 -12.16517 647.66730
-0.46250 0.44015 -0.05031 -746.23507 -7.02464 -846.14833 -0.00000 0.00000 -0.00000 23.03793 -48.54353 356.09353 -4.73367 35.17005 14.86059 1.29724 -7.59661 14.40020 -0.77318 -15.34813 -5.73339 -0.00000 0.00000 -0.00000 245.93898 -35.56812 262.72303 134.86940 36.35554 -164.46028 15.63116 -14.71193 42.91183 0.03303 3.22254 -1.17423 6.85088 23.80443 -3.98160 -0.21968 14.52517 -6.16277 -3.48570 2.32100 -3.50370 1.79131 1.16978 10.76517 -20.06958 -6.04877 13.31438 -6.70047 -0.35830 6.80431 0.00000 0.00000 -0.00000 -68.83458 14.08724 -7.27331 6.50855 -0.64588 -11.32247 0.00000 -3.61772 0.00000 18.39116 -2.76402 -8.25246 -7.12502 -0.00000 0.00000 -7.04912 3.10690 21.33171 0.00000 0.00000 -0.00000 52.27585 -35.44655 16.74772 -9.64165 -1.43253 16.86354 -0.00000 10.81410 0.00000 -5.11367 4.85447 -43.40019 7.12502 -0.00000 -0.00000 16.79333 -8.63462 648.55090
-0.47007 0.42247 -0.05684 -744.50847 -3.81796 -843.81764 -0.00000 0.00000 -0.00000 19.26706 -59.94779 357.30644 -4.68002 35.00408 14.76726 1.21191 -8.13091 10.52808 -1.08841 -18.09132 -6.82878 -0.00000 0.00000 -0.00000 249.60739 -26.45115 264.07474 135.69612 33.79829 -165.89846 19.24894 -17.34457 46.40812 0.08716 5.22864 -1.90872 6.16307 25.13231 -2.35336 -1.18840 14.77145 -4.09509 -4.40157 2.12229 -2.48086 1.14838 0.49168 10.62020 -18.18598 -5.93897 13.21752 -5.95835 -0.42120 6.73870 0.00000 0.00000 0.00000 -78.37037 9.42688 -7.08877 6.87826 -0.72208 -11.97182 0.00000 -14.28980 0.00000 17.77671 -0.90322 -2.81475 -7.12502 -0.00000 0.00000 -8.04912 2.62741 27.03949 0.00000 0.00000 0.00000 47.36574 -35.47683 25.23286 -10.47650 -1.69743 18.35735 -0.00000 2.07986 0.00000 -9.39008 8.19700 -40.76676 7.12502 -0.00000 -0.00000 12.29974 -5.92521 649.66400
-0.47648 0.40193 -0.06320 -743.31318 -0.30548 -841.38066 -0.00000 0.00000 -0.00000 7.78898 -73.39881 354.65571 -6.98015 41.07269 18.49405 0.66873 -6.71259 6.26994 -0.09978 -5.59278 -2.04253 -0.00000 0.00000 -0.00000 252.03071 -16.13096 264.97428 136.51803 30.86774 -167.43462 22.34452 -20.00446 48.85602 0.03311 3.22612 -1.17554 5.72597 26.06360 -0.29572 -2.24908 14.58425 -1.36193 -5.70736 1.76993 -1.07823 1.36022 -0.25222 9.66297 -16.94354 -4.84992 12.15518 -5.48055 -0.17917 6.13196 -0.00000 0.00000 0.00000 -85.47209 6.30420 -6.47614 7.79217 -0.92931 -13.58170 0.00000 -27.16800 0.00000 21.30675 0.14208 0.36427 -7.12502 -0.00000 0.00000 -4.91259 1.28606 30.36547 -0.00000 0.00000 0.00000 37.66216 -35.51392 30.61719 -12.59049 -2.47773 22.18228 -0.00000 -9.43232 -0.00000 -12.95643 9.01539 -34.25891 7.12502 -0.00000 -0.00000 9.83292 -3.55774 655.30113
-0.48262 0.37913 -0.07169 -742.25229 4.95621 -839.25987 -0.00000 0.00000 -0.00000 -33.21540 -82.59191 321.58452 -11.92929 49.70697 25.42218 0.37705 -4.75808 5.34959 -0.07992 -5.00754 -1.82756 -0.00000 0.00000 -0.00000 257.09811 -5.77630 267.81192 137.25823 27.78089 -168.94538 26.29836 -24.67374 51.17824 0.01418 2.11193 -0.76905 6.33544 26.74390 1.66261 -3.14961 14.52894 1.36684 -7.49854 1.89690 0.37871 0.25030 -0.38777 8.81111 -13.17115 -4.21838 11.21447 -4.54871 -0.41345 5.65593 0.00000 0.00000 -0.00000 -89.27371 0.18561 -7.60070 7.94612 -0.96688 -13.85360 0.00000 -30.36640 0.00000 23.75651 -1.20746 -2.74102 -7.12502 -0.00000 0.00000 -2.55290 0.83073 26.98661 0.00000 0.00000 -0.00000 26.68249 -35.68541 35.42380 -15.62445 -3.89032 27.80699 -0.00000 -18.09850 -0.00000 -16.04484 9.05550 -28.69061 7.12502 -0.00000 -0.00000 7.65833 -2.01671 660.33399
-0.48317 0.35991 -0.08622 -740.61384 10.24160 -835.60457 -0.00000 0.00000 -0.00000 -101.44647 -78.28964 261.74524 -20.90061 58.50874 36.45199 0.50154 -6.08662 4.95131 -0.96586 -17.08566 -6.42325 -0.00000 0.00000 -0.00000 265.21319 4.34312 271.10651 137.72640 25.53038 -169.98873 30.06789 -31.84294 52.47664 0.01089 1.85156 -0.67416 6.76590 27.19055 2.96680 -4.30092 13.75344 3.30608 -9.40034 1.32965 1.43861 0.20204 -0.58158 7.86481 -9.23460 -3.40080 10.19224 -3.09427 -0.42977 5.13177 0.00000 0.00000 -0.00000 -89.26690 -10.62455 -11.84195 7.08386 -0.76635 -12.33340 0.00000 -18.63990 0.00000 26.90144 -4.51368 -8.81694 -7.12502 -0.00000 0.00000 0.59966 -0.27857 20.08366 0.00000 0.00000 -0.00000 18.52874 -36.93340 41.40955 -18.41790 -5.53011 33.17744 -0.00000 -19.17540 -0.00000 -17.96898 9.66887 -27.37794 7.12502 -0.00000 -0.00000 5.84914 -1.43443 661.26829
-0.48002 0.34761 -0.10874 -737.98267 17.85045 -831.43446 -0.00000 0.00000 -0.00000 -111.93931 -70.82801 257.10167 -34.28445 65.08673 51.59428 0.08123 -5.97651 -0.20431 -0.42899 -11.51552 -4.25257 -0.00000 0.00000 -0.00000 278.28141 16.19633 274.07698 137.89250 24.66092 -170.38035 34.73606 -39.80874 55.26776 0.00971 1.74775 -0.63634 7.89718 27.19042 4.01540 -5.12105 12.45126 5.13195 -11.36573 0.53018 2.44390 -0.00816 -0.48022 6.64390 -3.20813 -2.59820 8.79201 -1.06923 -0.55843 4.41651 -0.00000 0.00000 0.00000 -84.10775 -15.09300 -17.65957 6.04006 -0.55557 -10.50101 0.00000 -17.66020 0.00000 41.00503 -7.73578 -8.80054 -7.12502 -0.00000 0.00000 12.96094 -6.58219 18.52399 -0.00000 0.00000 0.00000 16.56054 -38.56883 49.44895 -21.59519 -7.85660 39.60382 -0.00000 -19.22440 -0.00000 -18.39311 8.37381 -23.65140 7.12502 -0.00000 -0.00000 6.10400 -1.06307 665.15768
-0.47031 0.35183 -0.13505 -733.17625 23.26951 -826.47856 -0.00000 0.00000 -0.00000 -111.99979 -63.14409 264.21932 -49.43732 68.57435 68.05150 -0.21915 -5.49697 -3.24425 -0.15033 -6.85739 -2.50867 -0.00000 0.00000 -0.00000 293.01381 -0.38948 269.82077 137.69294 25.70063 -169.91133 24.76325 -36.45731 44.40486 0.00000 -0.03002 0.01093 4.90952 25.04194 5.14615 -4.64576 10.17425 6.28653 -9.37456 -1.23146 2.87552 -1.78802 -0.18240 5.77051 0.64194 -1.19524 7.70407 0.43484 -0.42360 3.85883 -0.00000 0.00000 0.00000 -77.77598 -11.48258 -15.55172 7.67993 -0.90240 -13.38362 0.00000 -16.05330 0.00000 33.43557 -6.63452 -9.92527 -7.12502 -0.00000 0.00000 6.41100 -3.26494 18.12090 -0.00000 0.00000 0.00000 19.87141 -37.55914 62.13055 -24.79556 -10.81230 46.58465 -0.00000 -19.05910 -0.00000 -18.79113 7.81849 -21.79172 7.12502 -0.00000 -0.00000 5.99357 -0.83872 667.06291
-0.45576 0.38037 -0.15558 -729.33050 31.31944 -821.83781 -0.00000 0.00000 -0.00000 -98.94227 -60.29810 281.70986 -64.19090 69.89232 83.81667 0.30376 -8.53949 0.76765 -0.15242 -6.90460 -2.52612 -0.00000 0.00000 -0.00000 307.23698 -25.82466 266.36756 136.50897 30.90259 -167.41698 12.53470 -24.33829 31.24539 0.01022 1.79357 -0.65303 4.53656 23.68063 5.07760 -4.21864 9.23479 6.28771 -8.61707 -1.74320 2.87044 -0.54307 0.36732 5.86908 0.73262 -1.67839 7.84377 0.22229 -0.61268 3.92227 -0.00000 0.00000 -0.00000 -69.52553 -4.24086 -15.66812 9.68558 -1.44587 -16.94194 0.00000 -21.98330 0.00000 37.28029 -6.74790 -8.77448 -7.12502 -0.00000 0.00000 9.74074 -4.79100 19.05537 -0.00000 0.00000 -0.00000 25.10329 -32.07190 77.10395 -27.54059 -13.99687 53.21233 -0.00000 -23.15750 -0.00000 -21.53373 8.52867 -20.59839 7.12502 -0.00000 -0.00000 3.33351 -0.41946 667.83621
-0.44190 0.43322 -0.16964 -725.51482 39.67305 -818.23446 -0.00000 0.00000 -0.00000 -77.17037 -59.50708 302.89390 -74.31253 69.94078 94.58987 0.34969 -9.53846 0.65272 -0.11935 -6.11425 -2.23446 -0.00000 0.00000 -0.00000 319.48326 -52.26880 269.31541 133.82569 39.16106 -162.75638 3.85157 -8.00269 21.48307 0.03976 3.53517 -1.28844 3.46684 22.20251 5.66136 -4.35865 8.17783 6.92813 -8.26075 -2.17411 3.17941 -0.94410 -4.64924 5.01594 6.03317 2.22777 6.54639 2.30003 1.23298 3.36691 -0.00000 0.00000 -0.00000 -65.39131 -9.28435 -19.64919 10.21194 -1.61089 -17.88305 0.00000 -12.31290 0.00000 39.91150 -10.14747 -11.89411 -7.12502 -0.00000 0.00000 11.97116 -7.12418 14.67592 -0.00000 0.00000 -0.00000 23.37283 -24.33982 84.50303 -28.60917 -15.45244 56.03327 -0.00000 -23.22030 -0.00000 -20.80169 8.23627 -20.66092 7.12502 -0.00000 -0.00000 4.08224 -0.50911 667.90314
-0.43999 0.48818 -0.18516 -721.52194 45.10592 -814.47914 -0.00000 0.00000 -0.00000 -58.54355 -56.96881 318.54982 -82.28932 69.51016 103.09159 0.01702 -7.74780 -1.23343 -0.08778 -5.24707 -1.91549 -0.00000 0.00000 -0.00000 327.43036 -53.12669 272.72963 129.83636 47.10352 -156.93801 -6.59439 17.02165 28.06157 2.28457 25.58636 -10.03669 0.38682 19.38968 7.15299 -5.27509 7.48598 8.32897 -7.54303 -1.57153 3.87458 0.16096 -6.42516 3.50850 8.80737 3.23166 4.20073 3.05326 1.95538 2.30340 -0.00000 0.00000 0.00000 -60.81043 -10.92853 -27.82596 10.01963 -1.54950 -17.53882 0.00000 -6.48301 0.00000 41.64413 -15.20353 -16.43184 -7.12502 -0.00000 0.00000 13.29453 -10.16361 8.24780 -0.00000 0.00000 0.00000 18.12028 -16.46250 86.92984 -28.28897 -15.00118 55.17010 -0.00000 -23.46610 -0.00000 -19.37467 9.54417 -25.24399 7.12502 -0.00000 -0.00000 4.77298 -0.99596 663.24051
-0.43906 0.53654 -0.20161 -716.53885 50.84589 -809.87682 -0.00000 0.00000 -0.00000 -44.82886 -55.31965 325.08569 -90.80539 68.53836 112.20927 -0.08185 -10.28610 -2.30228 -0.21588 8.20602 3.00872 -0.00000 0.00000 -0.00000 335.33074 -55.57680 277.61246 123.45588 54.94255 -148.75520 -22.66402 39.30657 30.52106 3.60475 31.33483 -12.80306 -0.55186 17.87447 7.64378 -6.18117 7.18632 8.84636 -7.89629 -1.04178 4.15868 -1.16281 -9.55921 1.68474 12.79646 2.90580 1.59235 4.16538 2.32712 1.17056 -0.00000 0.00000 0.00000 -54.04900 -9.53596 -37.09417 10.44127 -1.68576 -18.29413 0.00000 -4.62701 0.00000 39.99628 -15.12917 -17.28008 -7.12502 -0.00000 0.00000 12.01518 -9.36645 7.59579 -0.00000 0.00000 0.00000 13.80020 -9.59225 89.36739 -26.68924 -12.93164 51.07350 -0.00000 -23.87700 -0.00000 -17.44581 9.62623 -28.01784 7.12502 -0.00000 -0.00000 6.28056 -1.60648 660.70914
-0.43483 0.58133 -0.21787 -710.52584 55.33638 -804.19944 -0.00000 0.00000 -0.00000 -36.69192 -57.01433 326.88755 -93.05086 68.17967 114.62495 -0.23510 -12.48927 -3.34992 -0.10444 5.72126 2.08978 -0.00000 0.00000 -0.00000 339.26503 -58.04260 284.14479 119.67978 58.09067 -144.23017 -14.81161 30.04004 27.98369 0.30672 9.76242 -3.59037 -1.53023 18.34870 7.71659 -6.37913 7.07682 8.74864 -7.67827 -1.52604 4.09423 -3.07806 -9.74373 -0.59841 14.04156 -2.12946 -0.81379 4.71276 1.07343 -0.22086 -0.00000 0.00000 0.00000 -52.73425 -10.78423 -51.09360 8.78116 -1.18425 -15.33228 0.00000 0.60188 -0.00000 37.62348 -15.17494 -18.75869 -7.12502 -0.00000 0.00000 10.20149 -8.27338 6.35334 -0.00000 0.00000 0.00000 11.67524 -4.13156 91.08605 -23.50941 -9.53993 43.70253 -0.00000 -21.32100 -0.00000 -15.84800 10.21587 -31.99586 7.12502 -0.00000 -0.00000 7.13892 -2.34914 656.87856
-0.42855 0.61916 -0.23529 -703.79444 59.28614 -797.06556 -0.00000 0.00000 -0.00000 -36.10873 -60.68086 322.46883 -92.42193 68.28491 113.94774 -0.81425 -16.36662 -5.89078 -0.27523 9.25395 3.39975 -0.00000 0.00000 -0.00000 341.31065 -62.08074 295.57407 119.76378 58.02888 -144.32916 -7.13034 20.91649 20.71545 1.43511 -20.62681 7.87439 -0.13051 20.39069 5.65660 -5.66963 7.17490 6.36597 -7.52081 -2.74489 2.94547 -6.27406 -11.79868 -2.32174 12.66038 -4.83054 -2.48179 4.76306 0.76118 -1.06474 -0.00000 0.00000 -0.00000 -46.05905 -7.16315 -56.66954 9.96067 -1.53093 -17.43336 0.00000 -5.46417 0.00000 36.38513 -15.69157 -20.15520 -7.12502 -0.00000 0.00000 9.29706 -7.91558 4.92814 -0.00000 0.00000 -0.00000 13.46358 0.89604 93.62216 -19.27173 -6.10354 34.86613 -0.00000 -21.40940 -0.00000 -14.80038 12.07723 -38.37507 7.12502 -0.00000 -0.00000 6.62268 -3.05097 650.37257
-0.42879 0.65503 -0.24974 -696.14434 63.53318 -791.33467 -0.00000 0.00000 -0.00000 -39.99532 -67.33279 315.35449 -86.50840 69.10080 107.60136 -2.88072 -21.57754 -11.72714 -0.00455 1.19702 0.43575 -0.00000 0.00000 -0.00000 351.92747 -66.56164 318.45361 119.77413 58.02124 -144.34135 -5.90801 19.95887 17.51131 2.43409 26.33297 -10.37826 2.02413 21.86075 3.81480 -3.99471 7.31867 4.60645 -6.59835 -3.58046 2.10766 -8.04895 -11.25757 -4.42744 8.99419 -10.10711 -5.03181 4.38718 -0.85184 -2.44741 -0.00000 0.00000 0.00000 -42.67962 -5.51339 -65.09514 10.29226 -1.63691 -18.02695 0.00000 -7.04575 0.00000 35.90646 -14.97939 -19.64553 -7.12502 -0.00000 0.00000 8.90380 -7.36380 5.71287 -0.00000 0.00000 0.00000 17.59126 3.52783 92.59057 -14.92709 -3.53341 26.49748 -0.00000 -22.55990 -0.00000 -12.15149 11.62787 -43.10850 7.12502 -0.00000 -0.00000 8.29008 -4.59166 646.21494
-0.43971 0.68542 -0.26362 -688.32705 66.04354 -784.68064 -0.00000 0.00000 -0.00000 -50.54884 -70.80701 305.27081 -75.50947 69.90318 95.86426 -5.59178 -19.42753 -19.15991 -0.09606 5.48805 2.00403 -0.00000 0.00000 -0.00000 361.15569 -68.17709 342.48655 120.67217 57.33875 -145.40401 -1.08958 7.52592 10.60718 0.62296 -13.82014 5.13688 3.18548 23.06801 1.18115 -2.14236 7.67475 1.74029 -4.53296 -4.24166 0.74666 -10.07549 -10.32071 -6.15253 7.58546 -15.16785 -7.36955 4.14561 -2.19988 -3.58427 0.00000 0.00000 -0.00000 -40.59892 -5.85119 -72.79652 10.29688 -1.63841 -18.03522 0.00000 -7.06546 0.00000 35.32858 -14.28658 -19.19609 -7.12502 -0.00000 0.00000 8.42859 -6.78462 6.43561 0.00000 0.00000 -0.00000 24.28214 3.38969 90.91308 -10.94098 -1.85525 19.19227 -0.00000 -21.46680 -0.00000 -7.88422 8.69827 -47.51994 7.12502 -0.00000 -0.00000 12.14235 -7.66312 643.21026
-0.45980 0.70632 -0.27272 -680.58458 66.30855 -777.95194 -0.00000 0.00000 -0.00000 -60.85261 -69.55230 300.34256 -55.50743 69.31311 74.55488 -7.97302 -14.60935 -27.79611 -0.49823 12.39190 4.58685 -0.00000 0.00000 -0.00000 367.58094 -65.89875 365.06172 121.64370 56.55360 -146.56309 0.01722 -2.81384 0.86146 0.50251 -12.44388 4.60675 2.67174 24.31890 -0.82023 -0.31774 7.90251 -0.63467 -1.62466 -4.84457 -0.36545 -11.85929 -8.50712 -7.83250 6.34418 -18.55497 -10.04264 4.42036 -3.25490 -4.77591 0.00000 0.00000 -0.00000 -36.89962 -4.60488 -78.43665 11.45620 -2.03919 -20.12186 0.00000 -11.22510 0.00000 34.55870 -13.45849 -18.67000 -7.12502 -0.00000 0.00000 7.78834 -6.07081 7.28812 0.00000 0.00000 -0.00000 32.87520 0.99499 87.32319 -8.74411 -1.17412 15.26653 -0.00000 -19.58590 -0.00000 -5.46782 5.68551 -45.98408 7.12502 -0.00000 -0.00000 15.66904 -9.01847 645.80243
-0.48164 0.71412 -0.28180 -674.52830 67.22739 -771.33596 -0.00000 0.00000 -0.00000 -67.82722 -67.54443 300.35245 -42.22189 67.25884 60.26701 -7.46769 -11.91289 -28.79624 -0.34482 10.34269 3.80866 -0.00000 0.00000 -0.00000 375.00333 -61.49615 384.61346 121.22379 56.89920 -146.06084 -0.94069 -10.15748 -4.50314 0.00332 -1.02193 0.37199 4.45554 25.04499 -3.28305 0.84749 8.13818 -3.08733 -0.55900 -5.03290 -1.47701 -12.46794 -7.28754 -9.02671 5.92225 -20.78799 -12.04719 4.72303 -3.92023 -5.68834 0.00000 0.00000 0.00000 -31.64865 -4.75657 -82.94229 12.77166 -2.55214 -22.51330 0.00000 -15.15720 0.00000 35.90999 -12.33728 -16.43921 -7.12502 -0.00000 0.00000 8.75890 -6.25508 9.73350 0.00000 0.00000 0.00000 32.03982 -2.19859 84.15638 -10.06326 -1.56332 17.61688 -0.00000 -27.82450 -0.00000 -5.43613 4.87806 -41.78288 7.12502 -0.00000 -0.00000 16.79408 -8.07303 650.04663
-0.50156 0.71543 -0.28956 -667.80835 68.51443 -768.43919 -0.00000 0.00000 -0.00000 -71.78459 -65.80889 301.85908 -34.88177 65.28313 52.25236 -8.09151 -13.70211 -28.80131 -0.32563 10.05492 3.70030 -0.00000 0.00000 -0.00000 381.23260 -56.67235 398.87244 116.60746 60.14207 -140.65114 -1.98423 -14.96566 -6.30695 0.31129 9.83398 -3.61724 5.60542 24.88371 -4.82060 1.77299 7.98460 -4.58455 0.30315 -5.14417 -2.14769 -11.88343 -3.86684 -9.30321 5.21397 -24.35990 -13.26295 5.06063 -5.49942 -6.18018 0.00000 0.00000 -0.00000 -27.67069 -5.07323 -84.71352 15.11784 -3.62906 -26.85458 0.00000 -18.00230 0.00000 34.26662 -10.52647 -15.01065 -7.12502 -0.00000 0.00000 7.34101 -4.82805 11.84320 0.00000 0.00000 -0.00000 31.13795 -5.24310 81.20229 -10.90530 -1.84286 19.12804 -0.00000 -27.32740 -0.00000 -6.07065 4.54287 -36.67688 7.12502 -0.00000 -0.00000 17.16479 -6.48869 654.90431
-0.51568 0.71270 -0.29744 -664.51618 70.40506 -766.67892 -0.00000 0.00000 -0.00000 -72.93788 -64.42585 302.91641 -28.93123 63.02158 45.64300 -9.21493 -12.82602 -32.20332 -0.52439 12.70603 4.70724 -0.00000 0.00000 -0.00000 385.33951 -50.86405 404.91206 98.44214 67.10962 -120.45337 -3.71424 -19.67573 -9.29942 1.54770 21.37175 -8.18856 6.33724 25.41815 -6.26150 3.05081 8.29492 -5.99363 1.78475 -4.97737 -2.78074 -10.86251 -1.85170 -8.64588 4.71557 -27.21594 -12.87633 5.14279 -6.87937 -5.92649 -0.00000 0.00000 0.00000 -27.04244 -6.94771 -82.55312 18.52898 -5.60269 -33.39573 0.00000 -20.83540 0.00000 33.36878 -8.57502 -12.75654 -7.12502 -0.00000 0.00000 6.47040 -3.79520 14.73110 -0.00000 0.00000 0.00000 25.94347 -7.44318 78.65810 -15.02466 -3.58215 26.68004 -0.00000 -38.09520 -0.00000 -7.94130 6.76167 -40.16552 7.12502 -0.00000 -0.00000 14.18174 -6.52573 650.78463
-0.52211 0.70202 -0.31473 -661.84338 71.93456 -768.62428 -0.00000 0.00000 -0.00000 -77.09648 -64.17130 296.36827 -30.03298 63.49601 46.87668 -11.52411 -16.56203 -34.02428 -0.06876 4.64600 1.69497 -0.00000 0.00000 -0.00000 384.21943 -46.33419 400.72771 53.19155 69.06648 -72.07743 -3.32274 -20.45394 -7.20099 0.92686 16.75076 -6.28925 6.86302 27.37907 -6.64103 3.36172 8.76115 -6.07935 2.11702 -5.39173 -2.79429 -9.17951 -0.37712 -8.03392 4.81239 -30.17146 -12.26898 5.23088 -8.27892 -5.71146 -0.00000 0.00000 -0.00000 -26.95331 -7.78803 -79.05626 22.61477 -8.72391 -41.76149 0.00000 -22.30360 0.00000 35.74430 -10.73613 -14.51098 -7.12502 -0.00000 0.00000 8.54522 -5.56396 12.16711 -0.00000 0.00000 -0.00000 19.60710 -10.29389 76.93023 -16.48962 -4.36135 29.44765 -0.00000 -41.48270 -0.00000 -6.74012 6.10892 -42.00173 7.12502 -0.00000 -0.00000 15.15810 -7.47602 649.34612
-0.52437 0.70008 -0.32052 -654.44097 71.84875 -779.47997 -0.00000 0.00000 -0.00000 -81.28827 -65.04739 289.41036 -31.47604 64.07645 48.48513 -12.00899 -24.11903 -30.41448 -0.38319 -10.89403 -4.01688 -0.00000 0.00000 -0.00000 380.39361 -42.37389 390.90757 22.12817 59.34445 -37.88514 -1.25078 -17.84613 -1.32928 0.26487 9.08015 -3.33474 3.79702 28.77750 -4.53270 2.18326 8.91109 -4.32287 1.93447 -5.81770 -1.99009 -7.14418 1.65656 -8.09139 4.51781 -31.54347 -12.55421 5.11082 -9.23409 -5.99794 -0.00000 0.00000 0.00000 -31.70829 -3.17947 -76.97755 25.96112 -12.07872 -49.30792 0.00000 -12.80110 0.00000 44.31572 -21.10046 -20.23932 -7.12502 -0.00000 0.00000 15.02343 -14.53551 1.91965 -0.00000 0.00000 0.00000 12.34793 -11.14611 72.19879 -18.10130 -5.32646 32.55744 -0.00000 -48.49310 -0.00000 -8.17863 8.04815 -44.24957 7.12502 -0.00000 -0.00000 12.78278 -7.07577 646.50059
-0.52468 0.70158 -0.32236 -649.48312 71.91828 -788.95282 -0.00000 0.00000 -0.00000 -81.06039 -65.08688 283.55509 -33.07573 64.67008 50.25930 -11.76061 -25.76322 -29.24738 -0.00090 0.53225 0.19373 -0.00000 0.00000 -0.00000 376.82184 -39.07513 376.40023 16.23786 54.64938 -30.86999 -2.37454 -16.95918 -6.37746 0.19301 7.76309 -2.84412 1.28238 28.64706 -2.70772 1.07122 9.13800 -2.92229 1.47346 -5.49639 -1.36484 -7.36302 2.27164 -8.00204 4.39211 -30.75500 -12.46190 5.05144 -9.06352 -5.92173 -0.00000 0.00000 0.00000 -41.97863 2.68607 -74.72234 27.10937 -13.44766 -52.11820 0.00000 -2.03415 0.00000 43.81655 -40.14304 -33.89700 -7.12502 -0.00000 0.00000 11.74022 -26.52835 -20.04740 -0.00000 0.00000 0.00000 8.12146 -11.23509 70.65799 -18.74917 -5.74834 33.82966 -0.00000 -52.12770 -0.00000 -7.83595 7.57169 -43.75477 7.12502 -0.00000 -0.00000 13.34736 -7.20365 647.14298
-0.52742 0.71026 -0.31895 -644.74009 72.06870 -799.43044 -0.00000 0.00000 -0.00000 -77.45067 -67.56303 284.13297 -29.14334 63.11513 45.88091 -8.09862 -32.42547 -20.92342 -1.07200 -17.96050 -6.77575 -0.00000 0.00000 -0.00000 374.42052 -32.46273 366.02085 17.84697 56.12103 -32.82497 -2.05883 -15.89271 -5.86160 0.43375 11.57803 -4.27634 -3.16937 28.10260 0.03443 0.37033 9.46100 -0.84724 2.28954 -4.87035 -0.46326 -6.08644 3.08114 -7.77710 2.49162 -32.13126 -12.75101 4.45071 -9.93082 -5.91713 -0.00000 0.00000 0.00000 -50.74644 6.15864 -73.68627 26.73351 -12.98516 -51.18265 0.00000 3.89701 -0.00000 49.67305 -37.28203 -27.21195 -7.12502 -0.00000 0.00000 15.57889 -27.38722 -13.77987 -0.00000 0.00000 0.00000 5.37773 -11.20631 70.21097 -19.30715 -6.12811 34.93675 -0.00000 -54.36870 -0.00000 -8.32907 7.92076 -43.26695 7.12502 -0.00000 -0.00000 12.88284 -6.84932 647.46120
-0.53401 0.72680 -0.30654 -632.65722 72.59554 -815.32392 -0.00000 0.00000 -0.00000 -72.09152 -69.99253 285.50169 -21.31030 58.79478 36.93170 -5.95276 -33.66991 -17.03746 -2.17912 -25.04096 -9.79009 -0.00000 0.00000 -0.00000 372.43488 -24.47865 358.23666 19.99877 57.85238 -35.39067 -2.07102 -14.28419 -7.42391 0.31245 9.85198 -3.62401 -0.82137 25.60924 -1.10571 -3.62215 9.76645 -1.92921 -3.07547 -3.48923 -0.89271 -6.08600 2.06206 -7.25759 6.33592 -32.74760 -10.77963 5.39528 -9.85284 -5.44246 -0.00000 0.00000 0.00000 -49.09365 3.34175 -71.61496 25.44894 -11.50797 -48.09674 0.00000 -3.10248 0.00000 51.66168 -34.75096 -24.26520 -7.12502 -0.00000 0.00000 17.44948 -26.69919 -10.02381 -0.00000 0.00000 0.00000 9.19924 -11.88291 74.86659 -19.06880 -5.96399 34.46250 -0.00000 -55.32550 -0.00000 -9.66555 8.63948 -41.41217 7.12502 -0.00000 -0.00000 11.79237 -5.87083 648.89782
-0.54480 0.75124 -0.29095 -613.34875 72.71525 -834.88162 -0.00000 0.00000 -0.00000 -68.24685 -71.54104 285.92977 -12.55286 50.53300 26.23474 -3.95214 -30.83027 -13.47876 -3.45129 -30.74923 -12.50547 -0.00000 0.00000 -0.00000 372.31589 -15.78152 350.96918 19.80690 57.70777 -35.16387 -1.12462 -12.14561 -4.02556 0.72317 14.85905 -5.54149 -1.77617 24.05596 -0.90217 -4.19481 8.71878 -1.89023 -3.18779 -3.87250 -0.87905 -4.86473 1.43975 -7.54113 6.14157 -33.40999 -11.18288 5.19777 -10.03786 -5.76824 0.00000 0.00000 -0.00000 -44.54100 1.29923 -73.74907 23.33836 -9.37974 -43.32768 0.00000 -4.03319 0.00000 49.22806 -38.39045 -28.16981 -7.12502 -0.00000 0.00000 14.99673 -27.91645 -15.22242 0.00000 0.00000 -0.00000 6.15906 -12.78820 73.54622 -19.12199 -6.00037 34.56815 -0.00000 -57.79530 -0.00000 -8.68245 6.97716 -38.50098 7.12502 -0.00000 -0.00000 13.71829 -5.88027 652.23295
-0.55929 0.78284 -0.27018 -588.77936 70.06531 -859.13781 -0.00000 0.00000 -0.00000 -62.08650 -73.59887 286.88771 -5.76390 38.10684 16.58630 -1.77381 -25.16593 -8.83109 -3.12306 -29.43323 -11.85086 -0.00000 0.00000 -0.00000 375.06198 -9.42517 344.41790 18.37943 56.57289 -33.46462 -1.04603 -9.53560 -6.03427 0.06360 4.46883 -1.63005 -2.46362 21.98217 -0.96667 -4.66450 7.00747 -2.09837 -3.24455 -4.69888 -0.97569 -4.25709 0.65101 -7.83258 7.69993 -34.47008 -11.16888 5.68042 -10.22064 -6.04653 0.00000 0.00000 0.00000 -37.52956 -5.18012 -76.99384 22.08424 -8.26461 -40.63199 0.00000 -4.82736 0.00000 31.41370 -57.92363 -54.21739 -7.12502 -0.00000 0.00000 -0.25633 -35.04968 -45.44634 0.00000 0.00000 0.00000 3.12027 -14.54957 71.64612 -19.24312 -6.08374 34.80915 -0.00000 -61.93570 -0.00000 -9.45190 7.39668 -37.71466 7.12502 -0.00000 -0.00000 13.01148 -5.41441 652.78790
-0.57296 0.81270 -0.24823 -571.69854 63.94876 -879.06072 -0.00000 0.00000 -0.00000 -36.30190 -75.44774 302.05783 -1.94435 23.76413 9.22186 3.59481 -22.26732 6.73584 -3.05783 -29.16057 -11.71757 -0.00000 0.00000 -0.00000 377.65595 -3.74244 340.65462 15.86302 54.28159 -30.40937 -0.57049 -6.41587 -5.40406 0.06544 4.53267 -1.65343 -3.71026 18.76177 -0.65348 -5.31370 4.92873 -1.91156 -3.28323 -5.24813 -0.89080 -3.78956 -0.45824 -7.91988 8.28876 -35.31435 -11.15466 5.81245 -10.33799 -6.17466 -0.00000 0.00000 0.00000 -31.85329 -13.37212 -78.62284 20.85931 -7.26921 -38.07840 0.00000 -9.81117 0.00000 -3.24066 60.75381 93.71286 -7.12502 -0.00000 0.00000 -12.36631 -30.75202 -68.20893 -0.00000 0.00000 0.00000 2.07155 -16.94413 72.09186 -19.16519 -6.03002 34.65404 -0.00000 -64.38230 -0.00000 -9.83851 7.57401 -37.23607 7.12502 -0.00000 -0.00000 12.67883 -5.17406 653.15621
-0.57784 0.83331 -0.23967 -562.53547 57.47683 -894.25885 -0.00000 0.00000 -0.00000 2.16383 -74.92707 325.30845 -1.53113 21.26422 8.14301 12.55561 -29.04370 24.20154 -1.11747 -18.32026 -6.92179 -0.00000 0.00000 -0.00000 379.11168 4.64648 337.81760 10.35969 47.41403 -23.32893 -0.16989 -3.33053 -3.28983 0.00013 0.20187 -0.07348 -4.49035 14.26401 0.68845 -5.98892 2.99854 -0.16803 -3.87878 -4.83634 -0.06948 -4.58399 -2.48296 -8.34367 9.20116 -34.69917 -11.56349 6.11409 -9.56578 -6.38362 0.00000 0.00000 0.00000 -28.64466 -18.59168 -78.71164 20.64066 -7.10061 -37.62987 0.00000 -10.46750 0.00000 -0.56778 60.90093 90.64979 -7.12502 -0.00000 0.00000 -11.54045 -31.14376 -66.54431 0.00000 0.00000 0.00000 3.05504 -19.34436 73.46855 -18.69813 -5.71437 33.72893 -0.00000 -65.17220 -0.00000 -10.08745 7.66358 -36.85553 7.12502 -0.00000 -0.00000 12.48274 -5.01086 653.46836
-0.57515 0.85640 -0.24569 -558.19815 51.02757 -904.16951 -0.00000 0.00000 -0.00000 23.40435 -78.54560 342.40245 -2.92456 28.59102 11.44160 12.60367 -26.89383 27.59978 -3.75230 -31.88157 -13.08458 -0.00000 0.00000 -0.00000 379.94363 13.64512 333.50453 4.10475 33.12808 -13.74042 -0.00139 -0.35234 -0.21493 0.15287 -6.91479 2.52989 -5.62787 10.26249 1.49317 -6.30891 0.68959 0.91127 -3.69207 -5.03752 0.48124 -5.48066 -2.83049 -9.55292 11.53614 -33.35014 -12.90576 7.06875 -8.56446 -7.25023 0.00000 0.00000 0.00000 -24.67525 -23.96920 -78.53263 19.77464 -6.45840 -35.87295 0.00000 -12.08780 0.00000 -8.07713 60.63114 99.24899 -7.12502 -0.00000 0.00000 -14.00348 -30.25319 -71.33546 0.00000 0.00000 0.00000 5.23890 -21.05603 76.10426 -17.91055 -5.20605 32.18540 -0.00000 -65.17290 -0.00000 -6.34842 4.30898 -34.03242 7.12502 -0.00000 -0.00000 17.35039 -5.67750 657.42996
-0.56554 0.88399 -0.25857 -557.11386 45.32639 -911.41000 -0.00000 0.00000 -0.00000 82.09519 -83.02615 407.69274 -7.55354 42.32142 19.35598 5.75268 -21.58980 14.59313 -5.96719 -38.63638 -16.91378 -0.00000 0.00000 -0.00000 385.06705 28.60084 326.96529 -0.00000 0.00000 -0.00000 0.86769 8.87242 -6.98957 0.01731 -2.33343 0.84980 -7.15694 6.60626 2.37538 -6.83570 -1.43744 2.11535 -3.49760 -5.23249 1.13137 -7.01450 -4.34007 -9.01738 11.47029 -35.31750 -12.07692 7.37268 -9.04895 -6.51578 0.00000 0.00000 -0.00000 -24.82084 -28.84615 -82.22335 17.85689 -5.17249 -32.08097 0.00000 -9.28561 0.00000 -5.43282 60.18170 96.25570 -7.12502 -0.00000 0.00000 -12.84082 -30.07615 -69.45799 0.00000 0.00000 -0.00000 7.15829 -22.82691 77.58935 -17.13609 -4.73443 30.68618 -0.00000 -64.26910 -0.00000 -4.29873 2.87981 -33.75809 7.12502 -0.00000 -0.00000 19.71888 -6.17901 658.28491
-0.55087 0.91848 -0.27397 -557.78204 40.37735 -917.93342 -0.00000 0.00000 -0.00000 126.07989 -79.46412 452.56832 -24.03088 60.52243 40.08350 1.88941 -17.33626 4.08185 -4.78184 -35.31789 -14.94407 -0.00000 0.00000 -0.00000 379.04025 28.84937 337.30554 -0.00000 0.00000 -0.00000 0.44998 -0.17612 -13.03938 0.09616 5.49099 -2.00511 -7.04067 2.71417 2.82863 -7.63789 -3.53501 2.96530 -4.40880 -5.18233 1.57128 -8.36916 -6.20334 -9.83625 12.80619 -33.97861 -12.90368 7.84180 -7.90353 -6.88862 -0.00000 0.00000 -0.00000 -27.82984 -33.25850 -86.73419 15.84643 -4.00815 -28.22619 0.00000 -3.89759 0.00000 -1.35318 60.32309 91.55738 -7.12502 -0.00000 0.00000 -11.50733 -30.57127 -66.81517 -0.00000 0.00000 -0.00000 10.61862 -24.50681 81.59916 -15.90650 -4.04040 28.33984 -0.00000 -62.02790 -0.00000 -1.69345 1.19399 -35.17645 7.12502 -0.00000 -0.00000 22.47749 -7.40082 657.70757
-0.54734 0.94854 -0.27088 -562.23829 36.39833 -921.62047 -0.00000 0.00000 -0.00000 126.70533 -77.47303 457.12759 -55.50153 69.31253 74.54857 -0.55258 -11.87302 -4.85242 -4.17589 -33.37018 -13.87016 -0.00000 0.00000 -0.00000 370.40198 27.10310 346.98689 -0.00000 0.00000 -0.00000 -3.27748 -12.30915 -20.21594 0.56000 13.12058 -4.86662 -9.44659 -0.75941 3.00106 -8.53064 -5.50208 3.28669 -3.98842 -5.41463 1.85118 -10.76394 -7.90824 -9.96827 14.01288 -34.97550 -12.65239 8.68735 -7.74272 -6.47177 0.00000 0.00000 -0.00000 -32.68975 -37.67696 -92.46335 13.81160 -3.00313 -24.42442 0.00000 1.82014 -0.00000 3.74057 -59.85133 -85.67633 -7.12502 -0.00000 0.00000 -9.59064 -30.75761 -63.28359 0.00000 0.00000 -0.00000 16.06275 -26.21919 87.79560 -14.20836 -3.18612 25.15888 -0.00000 -56.97460 -0.00000 3.70927 -2.83470 -37.33789 7.12502 -0.00000 -0.00000 28.53099 -9.86567 657.50722
-0.54320 0.96970 -0.25995 -562.35264 34.09435 -927.89618 -0.00000 0.00000 -0.00000 100.44298 -78.38174 434.32986 -77.22594 69.83296 97.69241 -0.65526 -7.31318 -6.20501 -4.55016 -34.59624 -14.53972 -0.00000 0.00000 -0.00000 366.09905 26.77524 355.20501 -0.00000 -0.00000 0.00000 -12.48538 -26.77624 -27.48547 3.73591 31.82162 -13.05353 -8.00536 -1.31501 3.04136 -7.84751 -6.25098 3.40862 -4.08689 -5.82892 1.87763 -11.32270 -9.67682 -9.81459 12.36555 -36.28519 -12.77495 8.30164 -8.08895 -6.12013 0.00000 0.00000 -0.00000 -32.09854 -44.15645 -90.39996 13.21300 -2.73853 -23.32198 0.00000 2.45643 -0.00000 2.65745 -59.90880 -86.92936 -7.12502 -0.00000 0.00000 -9.97006 -30.66989 -64.01503 0.00000 0.00000 -0.00000 19.76874 -29.46494 94.23285 -12.53003 -2.45317 22.07195 -0.00000 -52.64780 -0.00000 10.24219 -9.65044 -42.85411 7.12502 -0.00000 -0.00000 36.38375 -14.96529 655.68607
-0.53760 0.98002 -0.25001 -562.30351 32.98746 -935.95024 -0.00000 0.00000 -0.00000 52.39535 -74.05663 391.28326 -73.95296 69.95026 94.20710 -0.72477 -3.57896 -9.31909 -3.33209 -30.28169 -12.27072 -0.00000 0.00000 -0.00000 360.84183 26.76599 365.12364 -0.00000 0.00000 -0.00000 -22.48887 -37.83692 -31.92089 6.36850 39.63999 -17.54955 -5.38840 -1.45625 3.98025 -7.44034 -6.36767 4.76401 -5.23338 -5.63848 2.43328 -10.46415 -12.58416 -9.07495 10.74691 -36.17524 -11.72199 7.22993 -8.00482 -5.43534 -0.00000 0.00000 -0.00000 -31.47052 -49.81649 -88.49575 12.93885 -2.62189 -22.81925 0.00000 4.52994 -0.00000 2.98621 -59.70966 -86.54272 -7.12502 -0.00000 0.00000 -9.76249 -30.54029 -63.70593 -0.00000 0.00000 -0.00000 17.58931 -33.75317 96.16415 -12.08464 -2.27638 21.26093 -0.00000 -49.88050 -0.00000 10.94811 -13.51437 -50.38311 7.12502 -0.00000 -0.00000 37.62196 -20.33419 650.73061
-0.52970 0.98659 -0.24352 -561.62368 33.31189 -944.56439 -0.00000 0.00000 -0.00000 23.34967 -61.07050 368.21364 -48.15065 68.37745 66.66839 0.03860 1.94345 -9.63349 -0.97035 -17.12376 -6.43852 -0.00000 0.00000 -0.00000 355.24835 27.72438 375.11307 -0.00000 -0.00000 0.00000 -28.67189 -41.18823 -36.94409 7.71521 42.65852 -19.59531 -3.42997 -1.05588 4.57650 -6.42951 -6.09844 5.66759 -5.33568 -5.41789 2.81240 -8.74582 -14.71868 -7.81223 10.13674 -35.72628 -9.82742 6.30584 -7.92388 -4.60581 -0.00000 0.00000 0.00000 -22.43129 -55.36269 -74.70162 14.44360 -3.29753 -25.59582 0.00000 1.57433 -0.00000 8.16046 -59.61877 -80.56237 -7.12502 -0.00000 0.00000 -8.07142 -31.18683 -60.31542 -0.00000 0.00000 0.00000 11.49507 -35.62112 95.39488 -13.09707 -2.68886 23.10923 -0.00000 -43.69580 -0.00000 5.48675 -7.98367 -55.33262 7.12502 -0.00000 -0.00000 28.95047 -20.25087 642.96527
-0.52137 0.99426 -0.24662 -557.10723 32.40834 -955.69330 -0.00000 0.00000 -0.00000 14.29155 -43.39305 361.74532 -23.90322 60.44751 39.93680 0.26303 3.30346 -9.60346 -0.64279 -14.03258 -5.21929 -0.00000 0.00000 -0.00000 352.02438 30.08180 385.84824 -0.00000 -0.00000 0.00000 -47.99786 -53.28198 -46.63022 11.16074 48.62502 -24.40645 2.44195 -0.02353 5.22898 -4.95278 -6.27949 6.85588 -7.34200 -5.59552 3.17123 -7.52051 -14.51518 -6.29573 12.42757 -33.50400 -6.88443 6.32992 -7.34512 -3.54443 0.00000 0.00000 -0.00000 -26.41688 -58.88676 -76.63893 13.84833 -3.01981 -24.49230 0.00000 8.88055 -0.00000 12.41976 -58.82467 -75.56555 -7.12502 -0.00000 0.00000 -6.35115 -31.22662 -57.11734 0.00000 0.00000 -0.00000 1.99893 -33.87648 89.28399 -14.32447 -3.24084 25.37441 -0.00000 -21.05610 -0.00000 0.13830 -0.15023 -47.36772 7.12502 -0.00000 -0.00000 22.57099 -12.80886 646.92636
-0.51505 1.00543 -0.25594 -554.76025 33.64216 -965.47892 -0.00000 0.00000 -0.00000 4.45409 -25.72640 356.89535 -10.87165 48.19831 24.01993 0.26092 3.29257 -9.69006 -0.65616 -14.17379 -5.27416 -0.00000 0.00000 -0.00000 346.99464 28.86516 396.57642 0.15586 6.98168 -2.55462 -74.01942 -66.33314 -61.44509 12.74801 50.78265 -26.48707 4.42651 0.88995 5.68268 -3.64736 -6.41779 7.68645 -7.30614 -6.06579 3.50111 -5.04216 -14.23109 -4.78364 11.76798 -32.21301 -4.96161 5.35959 -7.25346 -2.80180 0.00000 0.00000 0.00000 -27.71994 -61.97796 -74.43606 13.68658 -2.94673 -24.19362 0.00000 14.62330 -0.00000 13.69976 -58.27109 -74.00752 -7.12502 -0.00000 0.00000 -5.68041 -30.99479 -55.93243 0.00000 0.00000 0.00000 -6.54349 -30.07584 82.35706 -18.87664 -5.83374 34.08162 -0.00000 -21.36660 -0.00000 -8.19004 6.86514 -39.71041 7.12502 -0.00000 -0.00000 14.00058 -6.32465 651.16338
-0.51307 1.01687 -0.26955 -552.70863 34.67843 -974.70932 -0.00000 0.00000 -0.00000 -4.30057 -10.46752 353.06366 -5.62072 37.72476 16.35330 0.27060 3.34636 -9.14929 -0.36972 -10.70393 -3.94499 -0.00000 0.00000 -0.00000 346.55876 22.14641 401.88448 1.68837 22.25856 -8.56710 -80.26395 -76.85566 -63.28262 14.82146 53.20438 -29.11779 6.29428 0.80609 5.83715 -1.95062 -6.42741 8.13297 -6.58043 -5.96590 3.69203 -4.47977 -15.62371 -2.68193 13.85823 -29.02658 -1.26478 5.41962 -6.21679 -1.02196 -0.00000 0.00000 0.00000 -29.06135 -65.74873 -72.19075 13.17446 -2.72196 -23.25124 0.00000 21.65740 -0.00000 17.41007 -58.21215 -69.75054 -7.12502 -0.00000 0.00000 -4.52872 -31.69670 -53.57264 -0.00000 0.00000 0.00000 -11.89136 -26.14245 77.66189 -23.17602 -9.22955 42.97357 -0.00000 -21.70760 -0.00000 -9.63176 5.64261 -30.08662 7.12502 -0.00000 -0.00000 14.39057 -3.81203 660.47343
-0.51803 1.02602 -0.28161 -551.45015 35.92253 -984.97823 -0.00000 0.00000 -0.00000 -13.59900 -1.20451 352.93724 -3.61151 31.36021 12.81605 0.26825 3.60203 -5.93580 -0.05560 -4.17897 -1.52390 -0.00000 0.00000 -0.00000 344.07887 12.93194 399.61296 3.28676 30.10086 -12.18058 -59.26830 -72.83377 -45.45369 13.82689 52.09263 -27.86672 6.98855 -1.32260 6.21938 0.26981 -6.38048 8.68615 -4.34781 -4.89140 4.08044 -2.80433 -14.69407 0.62253 17.44019 -25.27313 4.05059 5.82526 -5.58736 1.42852 0.00000 0.00000 0.00000 -4.10394 -65.55286 -43.16363 13.41199 -2.82497 -23.68774 0.00000 19.70310 -0.00000 21.15933 -58.96218 -65.68968 -7.12502 -0.00000 0.00000 -3.81789 -33.15606 -51.95665 0.00000 0.00000 0.00000 -12.98114 -20.98073 76.58748 -26.58722 -12.80905 50.82282 -0.00000 -21.05080 -0.00000 -11.67751 5.15937 -23.51375 7.12502 -0.00000 -0.00000 13.18783 -1.97496 666.63332
-0.52449 1.02978 -0.29084 -549.85330 36.33982 -995.71359 -0.00000 0.00000 -0.00000 -22.48220 2.41634 356.42805 -2.99004 28.87296 11.57780 0.06700 1.79178 -6.82563 -0.09678 -5.50837 -2.01150 -0.00000 0.00000 -0.00000 341.71682 2.96915 397.58745 4.73314 35.16842 -14.85966 -44.57621 -65.14974 -35.40560 11.59746 49.24886 -24.98565 9.02811 -2.78580 6.62049 2.53560 -5.59153 9.18430 -2.77858 -3.29836 4.41427 -0.69550 -14.87082 3.31256 19.26346 -18.41508 7.12181 5.93406 -3.70572 3.20470 -0.00000 0.00000 0.00000 12.23416 -63.69697 -22.54397 13.25706 -2.75754 -23.40292 0.00000 21.32110 -0.00000 21.18915 -59.26072 -65.72345 -7.12502 -0.00000 0.00000 -3.97554 -33.40634 -52.19429 -0.00000 0.00000 0.00000 -11.04303 -14.20123 77.04638 -29.43857 -16.68882 58.35181 -0.00000 -23.75220 -0.00000 -15.42959 6.15338 -21.22462 7.12502 -0.00000 -0.00000 9.57025 -1.13894 668.27634
-0.52829 1.02592 -0.29952 -548.21187 37.08880 -1006.38263 -0.00000 0.00000 -0.00000 -31.58440 0.12685 360.64846 -3.35999 30.39214 12.32596 -0.69702 -1.05489 -13.04217 -1.26893 -19.46176 -7.38958 -0.00000 0.00000 -0.00000 338.96603 -12.71253 387.52264 6.46186 39.86595 -17.69554 -25.36626 -47.80454 -26.33430 6.03944 38.82108 -17.02927 10.95927 -2.32421 7.22032 4.56888 -4.56842 10.06942 -1.62434 -2.47493 4.91140 1.20744 -13.48007 4.81696 18.14155 -9.79498 7.55261 5.42730 -1.31772 3.87098 0.00000 0.00000 0.00000 23.38170 -57.92986 -5.69736 13.40347 -2.82124 -23.67205 0.00000 19.83710 -0.00000 15.27057 -60.40419 -72.56866 -7.12502 -0.00000 0.00000 -6.34451 -33.08838 -56.51171 0.00000 0.00000 0.00000 -10.04686 -6.15849 75.04781 -31.52524 -20.35391 64.91024 -0.00000 -25.58470 -0.00000 -17.30764 6.88840 -21.05117 7.12502 -0.00000 -0.00000 7.64604 -0.92798 668.12101
-0.52493 1.01392 -0.31279 -546.79411 37.26814 -1015.24568 -0.00000 0.00000 -0.00000 -37.56794 -8.47608 364.42498 -5.43530 37.21825 16.04852 -1.35427 -2.82099 -15.52796 -2.62088 -27.22526 -10.79282 -0.00000 0.00000 -0.00000 334.09519 -30.89544 371.27669 9.54271 46.08016 -22.20732 -8.00437 -29.81548 -12.59603 1.43082 20.59777 -7.86221 12.94656 1.57259 7.31493 5.95501 -2.76553 10.71383 -1.56427 -2.59046 5.21128 3.19570 -12.82033 5.63423 16.27765 -3.79929 7.38940 4.72828 0.45818 4.08996 -0.00000 0.00000 0.00000 32.58107 -44.71161 12.00729 14.29125 -3.22513 -25.31272 0.00000 8.15752 -0.00000 17.33504 -59.58908 -70.10319 -7.12502 -0.00000 0.00000 -5.28305 -32.82783 -54.67979 -0.00000 0.00000 0.00000 -9.01047 -0.87532 71.55234 -32.50854 -22.48357 68.56739 -0.00000 -17.85590 -0.00000 -21.15110 8.28272 -20.42258 7.12502 -0.00000 -0.00000 3.75782 -0.45561 668.09695
-0.51668 0.99500 -0.33005 -545.41936 36.38468 -1021.63362 -0.00000 0.00000 -0.00000 -41.32745 -20.01641 363.42450 -11.19497 48.67482 24.45205 -1.55500 -5.30003 -13.54016 -2.77873 -27.94752 -11.13369 -0.00000 0.00000 -0.00000 328.75436 -43.61095 359.21838 14.93186 53.32260 -29.25555 -1.32614 -20.08215 -0.64914 0.89256 16.44959 -6.16918 13.84220 7.54741 7.19236 7.13708 -0.51269 11.41516 -1.37953 -3.46521 5.47452 4.19688 -11.19940 6.03367 15.76844 -0.21865 7.36047 4.49032 1.30947 4.19342 -0.00000 0.00000 0.00000 33.88528 -35.78317 21.84795 14.77668 -3.45903 -26.21645 0.00000 -2.25791 0.00000 19.78790 -58.76981 -67.18085 -7.12502 -0.00000 0.00000 -4.11460 -32.68344 -52.58812 -0.00000 0.00000 0.00000 -7.61477 1.81851 63.87667 -32.93195 -23.52301 70.32482 -0.00000 -10.30060 -0.00000 -23.91393 11.09671 -23.46269 7.12502 -0.00000 -0.00000 0.32239 -0.06149 664.20117
-0.50889 0.97097 -0.34820 -545.97889 33.50371 -1024.59175 -0.00000 0.00000 -0.00000 -42.78257 -32.57652 358.44858 -22.42921 59.53993 38.23474 -1.92021 -7.23485 -13.71563 -3.24161 -29.91905 -12.09031 -0.00000 0.00000 -0.00000 325.26967 -52.29391 350.32405 20.87562 58.49105 -36.42267 -0.21216 -18.07639 2.48231 0.22901 8.44956 -3.09939 16.45349 13.44908 7.26075 8.05142 1.37105 12.67689 -2.36171 -4.13593 5.89066 5.10858 -9.30783 5.75779 17.34267 2.77597 6.43623 4.82839 1.95269 3.82554 0.00000 0.00000 -0.00000 33.96371 -35.24732 26.19282 15.03415 -3.58691 -26.69781 0.00000 -7.63082 0.00000 21.01059 -57.49690 -65.51497 -7.12502 -0.00000 0.00000 -3.08339 -31.91678 -50.81772 0.00000 0.00000 -0.00000 -3.70210 2.59358 54.04575 -32.74356 -23.04949 69.52608 -0.00000 -4.91183 -0.00000 -23.05029 13.53494 -28.81153 7.12502 -0.00000 -0.00000 0.02121 -0.00631 658.43600
-0.50091 0.94954 -0.36670 -545.95127 33.43845 -1027.14861 -0.00000 0.00000 -0.00000 -49.77918 -45.39528 348.80330 -38.05861 66.23130 55.73614 -2.57434 -7.30744 -16.85060 -2.59094 -27.08513 -10.72724 -0.00000 0.00000 -0.00000 314.25481 -60.07307 337.29835 24.02572 60.51941 -40.07757 1.63891 -16.58804 8.72400 0.49318 12.33026 -4.56326 17.45764 18.46552 7.80938 7.57524 2.56107 14.29768 -4.08498 -4.77446 6.45564 6.17461 -8.35786 5.90138 19.34817 6.11206 5.80641 5.35257 2.83176 3.70053 -0.00000 0.00000 0.00000 34.58801 -40.07429 26.66159 14.39421 -3.27396 -25.50399 0.00000 -7.73143 0.00000 19.64514 -57.48210 -67.05502 -7.12502 -0.00000 0.00000 -3.48585 -31.58380 -51.63404 -0.00000 0.00000 0.00000 0.97468 1.74717 44.39381 -31.98142 -21.29944 66.54466 -0.00000 -1.74738 -0.00000 -21.28460 16.14375 -35.51633 7.12502 -0.00000 -0.00000 0.07029 -0.03063 651.45102
-0.49081 0.93163 -0.38707 -545.01601 33.58137 -1029.67765 -0.00000 0.00000 -0.00000 -63.47811 -55.49120 331.72444 -50.30989 68.69943 68.98844 -3.49895 -8.52069 -19.58839 -2.75777 -27.85319 -11.08890 -0.00000 0.00000 -0.00000 300.59706 -65.30186 323.42396 21.86090 59.16787 -37.57417 3.00457 -16.41630 13.15128 1.57362 21.53869 -8.25944 18.64542 24.02671 7.97974 6.99956 4.37034 15.31893 -5.84947 -4.79765 6.67711 5.54618 -7.94105 5.93285 20.75277 7.41163 5.53148 5.92128 3.12032 3.60764 -0.00000 0.00000 0.00000 33.36284 -40.70307 29.24367 13.96925 -3.07510 -24.71588 0.00000 -12.16320 0.00000 15.08770 -58.53128 -72.45944 -7.12502 -0.00000 0.00000 -5.39126 -31.48567 -55.24250 -0.00000 0.00000 0.00000 2.86482 -2.22137 37.96163 -30.25487 -18.01488 60.77266 -0.00000 4.40441 0.00000 -21.50155 20.47666 -41.60552 7.12502 -0.00000 -0.00000 -2.32021 1.36591 644.53066
-0.48163 0.91196 -0.40662 -542.16551 35.05022 -1032.55780 -0.00000 0.00000 -0.00000 -84.64921 -59.09348 307.23277 -48.93236 68.49887 67.50891 -4.46450 -11.03582 -20.81852 -2.65055 -27.36316 -10.85752 -0.00000 0.00000 -0.00000 282.29153 -67.83078 306.83163 16.52572 54.92512 -31.22232 2.70996 -20.64104 11.39653 1.58591 21.61727 -8.29286 18.55615 29.95298 7.88837 5.50694 6.32412 15.38582 -7.12882 -4.35442 6.43722 7.62020 -9.09984 7.14032 18.80825 6.72335 7.03348 5.11865 3.11473 4.35420 -0.00000 0.00000 0.00000 31.19302 -39.53617 32.06048 13.09536 -2.68813 -23.10610 0.00000 -18.37140 0.00000 10.65215 -60.03118 -77.75028 -7.12502 -0.00000 0.00000 -7.52108 -31.93974 -59.01280 -0.00000 0.00000 0.00000 0.59035 -7.24732 32.84697 -27.80783 -14.34777 53.90243 -0.00000 8.56008 0.00000 -20.07418 22.50368 -46.32503 7.12502 -0.00000 -0.00000 -2.55344 1.80774 639.72529
-0.47232 0.89040 -0.42276 -537.74675 38.04174 -1036.46647 -0.00000 0.00000 -0.00000 -104.46536 -58.25919 283.88777 -38.22213 66.27601 55.91479 -5.09610 -13.24045 -21.13026 -2.71168 -27.64411 -10.98990 -0.00000 0.00000 -0.00000 268.02049 -70.49607 300.05119 13.19024 51.33360 -27.05564 -0.64780 -27.25919 3.38653 0.98999 17.28911 -6.50490 16.23100 35.28905 8.96348 4.73962 8.08943 16.03337 -7.27485 -4.41342 6.36548 6.18208 -8.54370 6.99457 18.76323 4.57125 7.46316 5.21493 2.28147 4.34209 0.00000 0.00000 -0.00000 21.52411 -30.04952 30.73835 12.61875 -2.48926 -22.23389 0.00000 -33.40090 0.00000 1.71743 -61.22407 -88.04078 -7.12502 -0.00000 0.00000 -10.96054 -31.67436 -65.24515 0.00000 0.00000 -0.00000 -6.40484 -10.39385 25.47162 -24.64142 -10.65321 46.23291 -0.00000 12.09230 0.00000 -18.16787 25.20684 -52.38442 7.12502 -0.00000 -0.00000 -3.01151 2.65385 633.64877
-0.46679 0.86400 -0.43699 -534.69962 39.90169 -1039.17765 -0.00000 0.00000 -0.00000 -115.96188 -54.55917 264.60868 -28.55717 62.85396 45.22296 -4.89946 -14.84578 -19.52901 -3.80491 -32.07283 -13.18392 -0.00000 0.00000 -0.00000 258.38615 -71.85771 295.78974 11.47456 49.07576 -24.82320 -2.35144 -31.01677 0.68943 0.85384 16.10181 -6.03103 15.53158 38.55706 9.47317 4.26965 9.86330 16.04359 -7.41624 -3.50478 6.12261 6.53477 -7.62314 7.37383 18.86679 2.61588 8.36294 5.09121 1.48833 4.56932 0.00000 0.00000 -0.00000 18.53208 -33.55969 30.90182 12.45263 -2.42192 -21.93079 0.00000 -33.94450 0.00000 1.56356 -61.21128 -88.21607 -7.12502 -0.00000 0.00000 -11.00343 -31.64540 -65.33501 0.00000 0.00000 -0.00000 -14.21118 -10.49838 19.12773 -20.66336 -7.11799 37.67633 -0.00000 14.08270 0.00000 -21.22190 21.08785 -42.81715 7.12502 -0.00000 -0.00000 -2.46756 1.52739 643.26190
-0.46300 0.83491 -0.45210 -532.12884 41.41857 -1040.87186 -0.00000 0.00000 -0.00000 -121.83658 -51.17290 250.32931 -21.81600 59.13792 37.52187 -4.42179 -12.73418 -19.40991 -3.66578 -31.56285 -12.92003 -0.00000 0.00000 -0.00000 273.22643 -73.34349 321.54443 9.95777 46.77108 -22.78021 -7.30903 -38.03093 -5.83794 1.36811 20.16706 -7.68215 15.30267 40.16988 9.27576 4.45523 11.49300 15.30792 -6.71297 -2.49509 5.61765 5.64309 -7.87056 7.52218 19.96023 2.42090 8.58277 5.58510 1.37271 4.66096 -0.00000 0.00000 -0.00000 15.64001 -36.06555 32.35301 12.84154 -2.58116 -22.64111 0.00000 -32.76330 0.00000 2.52063 -61.62116 -87.13562 -7.12502 -0.00000 0.00000 -10.91594 -32.10615 -64.94398 -0.00000 0.00000 -0.00000 -20.09234 -10.07134 15.67737 -16.76981 -4.52079 29.98307 -0.00000 12.47020 0.00000 -19.75143 21.96556 -46.17093 7.12502 -0.00000 -0.00000 -2.09191 1.46445 640.02074
-0.46203 0.80866 -0.46509 -528.44254 43.31026 -1042.10994 -0.00000 0.00000 -0.00000 -127.47782 -49.05301 242.00006 -17.17455 55.52625 32.01221 -3.53248 -7.27617 -21.02810 -2.73746 -27.76134 -11.04536 -0.00000 0.00000 -0.00000 275.43353 -72.34818 328.68398 9.27158 45.61314 -21.82943 -9.49422 -40.09852 -8.48155 1.55643 21.42821 -8.21251 16.27805 41.38477 7.77649 4.63902 12.67165 13.56611 -6.24954 -1.89443 4.73236 4.87305 -7.88741 7.61382 19.56905 1.82333 8.91754 5.56358 1.14944 4.78141 -0.00000 0.00000 -0.00000 14.80284 -40.81089 33.32160 12.55999 -2.46532 -22.12661 0.00000 -29.03750 0.00000 6.49578 -61.54767 -82.62108 -7.12502 -0.00000 0.00000 -9.62514 -32.57159 -62.48516 -0.00000 0.00000 -0.00000 -23.20911 -12.67544 13.94930 -13.94814 -3.06541 24.67683 -0.00000 12.72010 0.00000 -15.81451 21.86413 -52.74412 7.12502 -0.00000 -0.00000 -0.13874 0.11974 634.20314
-0.46289 0.78415 -0.47897 -524.40070 44.51592 -1043.60795 -0.00000 0.00000 -0.00000 -134.16044 -49.56699 239.06147 -14.06485 52.36655 28.16776 -2.49455 -3.75630 -20.98128 -2.16345 -24.95845 -9.75299 -0.00000 0.00000 -0.00000 280.57458 -71.97802 336.20858 9.27028 45.61087 -21.82761 -12.31536 -42.56929 -11.58627 1.07821 18.01014 -6.79587 19.34003 43.03816 5.39988 4.45344 13.53706 11.72919 -6.89636 -1.29654 3.87349 4.89689 -8.91361 7.50330 18.72365 1.88043 8.63617 5.34743 1.39212 4.69699 -0.00000 0.00000 -0.00000 10.69447 -39.04955 32.81064 12.77721 -2.55444 -22.52344 0.00000 -32.24450 0.00000 6.63791 -61.78462 -82.47665 -7.12502 -0.00000 0.00000 -9.71424 -32.79068 -62.54157 -0.00000 0.00000 -0.00000 -23.20123 -20.86106 12.42976 -12.21944 -2.32912 21.50606 -0.00000 16.40280 0.00000 -13.33541 21.54179 -57.15466 7.12502 -0.00000 -0.00000 0.96004 -0.94918 630.32995
-0.46450 0.76718 -0.49038 -518.70339 48.72299 -1048.11066 -0.00000 0.00000 -0.00000 -144.77011 -50.26945 234.70996 -12.58007 50.56806 26.26998 -2.33958 -2.65630 -22.02160 -1.83621 -23.14382 -8.95018 -0.00000 0.00000 -0.00000 284.98081 -71.94350 345.55432 8.51016 44.22955 -20.75123 -13.85481 -44.10925 -12.98737 1.40689 20.43476 -7.79394 15.11462 43.15620 6.48052 4.49008 13.72205 11.34966 -5.36714 -2.04122 3.60768 4.39272 -8.40635 7.36746 18.66345 2.32621 8.47338 5.39355 1.43466 4.61395 0.00000 0.00000 -0.00000 6.88038 -39.79841 30.50013 12.76297 -2.54854 -22.49740 0.00000 -30.92090 0.00000 4.49540 -61.35044 -84.88057 -7.12502 -0.00000 0.00000 -10.14040 -32.12992 -63.58747 0.00000 0.00000 -0.00000 -25.93427 -22.79535 9.25685 -11.60655 -2.09464 20.39382 -0.00000 15.27640 0.00000 -12.11846 20.06000 -57.95367 7.12502 -0.00000 -0.00000 -2.22885 2.22243 810.10424
-0.47000 0.74999 -0.50633 -514.57901 50.45095 -1048.88410 -0.00000 0.00000 -0.00000 -143.19586 -50.15631 235.77548 -12.46375 50.41764 26.11921 -1.70802 -0.62946 -22.37765 -1.32158 -19.84004 -7.54615 -0.00000 0.00000 -0.00000 293.95359 -67.45583 354.74633 7.62420 42.46952 -19.46077 -13.87339 -41.82239 -14.53306 1.02632 17.59027 -6.62613 18.62378 42.68029 4.16198 4.76296 13.34382 10.13505 -5.92147 -2.14095 3.23740 2.85530 -7.76684 7.06686 20.61482 3.08163 8.06199 6.23733 1.45031 4.42311 -0.00000 0.00000 -0.00000 1.95556 -38.39490 26.26435 13.11005 -2.69440 -23.13304 0.00000 -31.18860 0.00000 4.77544 -60.37878 -84.51075 -7.12502 -0.00000 0.00000 -9.53179 -31.34435 -62.88997 -0.00000 0.00000 -0.00000 -27.25737 -24.68108 5.08416 -11.70179 -2.13018 20.56629 -0.00000 15.82180 0.00000 -10.86034 17.70412 -57.75297 7.12502 -0.00000 -0.00000 4.07147 -3.97082 630.78820
-0.47556 0.73124 -0.52412 -509.30291 52.36775 -1054.03581 -0.00000 0.00000 -0.00000 -136.14291 -51.55931 233.15977 -14.72390 53.09907 28.99587 -0.83287 0.62230 -18.68295 -0.81025 -15.69964 -5.87192 -0.00000 0.00000 -0.00000 313.83660 -58.33595 383.60300 6.33582 39.56024 -17.49828 -21.02980 -52.73416 -17.36666 2.54123 26.85002 -10.61762 17.99944 42.17971 4.24656 4.48977 14.12081 9.69870 -5.79415 -1.29084 3.13709 3.46085 -10.83451 6.73516 20.30978 4.65845 6.88579 6.23169 2.58581 4.12820 -0.00000 0.00000 -0.00000 -2.01606 -38.28563 24.11717 13.54953 -2.88560 -23.94096 0.00000 -31.71950 0.00000 4.61909 -59.45264 -84.64054 -7.12502 -0.00000 0.00000 -9.10582 -30.53229 -62.51014 -0.00000 0.00000 -0.00000 -28.41303 -27.32759 1.07702 -11.98515 -2.23788 21.08022 -0.00000 13.79550 0.00000 -12.08790 18.81457 -56.41383 7.12502 -0.00000 -0.00000 3.03644 -2.86398 631.71292
-0.48385 0.71612 -0.54111 -502.79979 54.58635 -1060.91667 -0.00000 0.00000 -0.00000 -130.51737 -53.59659 230.65570 -22.22492 59.40767 37.99757 -0.44816 1.67855 -17.89642 -1.79370 -22.89381 -8.84145 -0.00000 0.00000 -0.00000 321.69669 -50.72343 393.00683 4.93176 35.77085 -15.20196 -26.23101 -58.19967 -20.25485 1.93457 23.70894 -9.19758 16.51948 40.22302 4.74897 4.32359 14.68411 9.43492 -5.29697 -0.38011 3.20718 1.00408 -9.11255 6.14214 20.95573 2.71990 6.92810 6.65042 1.61025 3.92023 -0.00000 0.00000 -0.00000 -5.94249 -35.94855 21.65614 13.30405 -2.77789 -23.48924 0.00000 -32.12940 0.00000 3.37641 -60.00631 -86.10300 -7.12502 -0.00000 0.00000 -9.78727 -30.84329 -63.59612 -0.00000 0.00000 -0.00000 -29.48277 -27.02561 -3.42754 -12.15367 -2.30330 21.38643 -0.00000 12.25400 0.00000 -16.94586 20.70910 -49.25035 7.12502 -0.00000 -0.00000 0.03416 -0.02607 637.65201
-0.49888 0.70518 -0.55497 -494.99574 56.46367 -1069.34478 -0.00000 0.00000 -0.00000 -124.27896 -57.38886 230.50223 -40.57689 66.87938 58.48090 1.15818 6.95038 -15.79365 -1.25615 -19.36857 -7.35113 -0.00000 0.00000 -0.00000 327.02711 -42.92316 394.70299 3.62588 31.41409 -12.84364 -29.20025 -57.80418 -23.84305 1.58241 21.59495 -8.28336 15.88558 37.82150 4.50221 2.86928 15.29093 8.46933 -6.30569 0.90342 3.11367 1.71864 -10.65103 5.42196 20.00561 3.15317 5.64458 6.25331 2.18982 3.38858 0.00000 0.00000 -0.00000 -6.93212 -34.29345 20.36110 12.67247 -2.51125 -22.33200 0.00000 -31.73650 0.00000 2.75161 -60.48110 -86.83872 -7.12502 -0.00000 0.00000 -10.23419 -31.16964 -64.23023 0.00000 0.00000 -0.00000 -27.54939 -21.45255 -9.45961 -11.90874 -2.20855 20.94150 -0.00000 4.24063 0.00000 -14.58723 19.51188 -52.07557 7.12502 -0.00000 -0.00000 1.76847 -1.46059 635.45854
-0.51506 0.69961 -0.56759 -487.79646 57.04895 -1076.82929 -0.00000 0.00000 -0.00000 -116.21033 -64.12007 234.56025 -76.78683 69.85277 97.22465 3.18104 14.18962 -14.09157 -1.66813 -22.13375 -8.51352 -0.00000 0.00000 -0.00000 332.58197 -38.23731 380.43382 2.59332 27.09630 -10.73246 -14.19216 -38.52286 -17.54690 1.19542 18.91815 -7.16595 15.24575 35.24489 3.97937 2.06097 15.54839 7.36494 -6.69627 1.60796 2.87243 1.72774 -9.67435 5.11074 20.08186 3.77320 5.16542 6.22802 2.25810 3.13865 -0.00000 0.00000 0.00000 -6.70470 -34.12832 20.05029 11.58844 -2.08792 -20.36105 0.00000 -28.55600 0.00000 2.57812 -61.22676 -87.05932 -7.12502 -0.00000 0.00000 -10.68395 -31.78052 -64.70846 -0.00000 0.00000 0.00000 -21.78591 -10.25352 -15.69152 -11.87775 -2.19672 20.88527 -0.00000 7.37716 0.00000 -12.23629 15.98063 -51.77158 7.12502 -0.00000 -0.00000 4.95487 -3.91366 636.78740
-0.53165 0.70238 -0.57787 -480.50959 56.97525 -1085.83276 -0.00000 0.00000 -0.00000 -95.64545 -77.50200 251.44834 -106.51875 64.81281 129.29231 8.07325 28.52876 -13.90109 -0.11457 -5.99099 -2.18906 -0.00000 0.00000 -0.00000 337.33661 -35.94125 358.30094 2.63173 27.27585 -10.81653 -2.72026 -13.79852 -11.86370 0.21352 -8.16147 2.99215 12.28456 32.25798 4.57051 0.90975 15.45162 7.05471 -6.54523 2.14151 2.88838 2.33612 -7.09342 4.79844 20.82582 6.21026 4.30504 6.30210 2.62925 2.72651 -0.00000 0.00000 0.00000 -5.62544 -29.48473 20.94507 10.28256 -1.63375 -18.00956 0.00000 -27.79180 0.00000 1.36953 -62.85761 -88.46107 -7.12502 -0.00000 0.00000 -11.97289 -33.00350 -66.27225 -0.00000 0.00000 0.00000 -10.58442 -3.37385 -21.13642 -11.44267 -2.03423 20.09740 -0.00000 8.76469 0.00000 -10.11565 11.60012 -48.41883 7.12502 -0.00000 -0.00000 8.99747 -6.05550 641.32688
-0.54554 0.70877 -0.57966 -471.91874 56.89688 -1098.08494 -0.00000 0.00000 -0.00000 22.01813 -75.87679 364.47148 -117.47064 59.60417 141.64912 12.44704 40.27253 -13.29570 -0.01364 2.07192 0.75447 -0.00000 0.00000 -0.00000 341.34372 -33.27492 345.79433 5.04130 36.09516 -15.38862 0.12608 1.57127 -3.80886 1.87078 -23.34449 9.03777 7.05164 25.89352 6.61527 -1.54333 15.72412 8.00800 -6.75372 4.98896 3.54178 4.08722 -5.23521 3.51296 22.22692 10.85629 1.16939 6.33627 4.05115 1.38345 0.00000 0.00000 0.00000 -4.76450 -18.59909 23.72842 10.24540 -1.62170 -17.94298 0.00000 -32.25400 0.00000 14.67807 -64.84449 -73.86052 -7.12502 -0.00000 0.00000 -9.31067 -36.57243 -60.38447 0.00000 0.00000 0.00000 7.28156 -1.36107 -25.92855 -10.43148 -1.68253 18.27658 -0.00000 10.38970 0.00000 -8.56699 10.33608 -49.98243 7.12502 -0.00000 -0.00000 10.42527 -7.31497 640.31624
-0.56368 0.72286 -0.57948 -460.88418 56.45924 -1113.93727 -0.00000 0.00000 -0.00000 33.24698 -52.52508 370.46676 -119.48767 58.23076 144.00404 14.98486 45.74082 -13.62680 -0.00207 -0.80642 -0.29353 -0.00000 0.00000 -0.00000 344.36493 -27.72658 341.06157 10.47424 47.59280 -23.48430 -0.51010 6.65363 4.24040 3.29754 -30.14403 12.20207 0.74958 17.18734 8.32188 -5.71803 14.91670 9.53109 -6.86983 8.04502 4.22566 2.44252 -3.50520 2.24394 25.40965 16.81673 -2.44636 7.50131 5.96442 -0.17078 -0.00000 0.00000 0.00000 -3.04031 -9.25249 30.11477 10.55732 -1.72435 -18.50242 0.00000 -32.36550 0.00000 56.23864 -42.85624 -24.44960 -7.12502 -0.00000 0.00000 16.67561 -34.43229 -17.08657 -0.00000 0.00000 0.00000 27.43466 -6.78775 -27.96087 -8.76886 -1.18088 15.31045 -0.00000 22.89010 0.00000 -6.92368 7.18155 -45.83249 7.12502 -0.00000 -0.00000 13.87780 -8.08137 645.36013
-0.58723 0.72930 -0.58598 -446.36084 55.72880 -1131.92360 -0.00000 0.00000 -0.00000 24.76943 -34.60533 362.75216 -118.11460 59.18417 142.39730 9.76577 42.24428 -7.73986 -0.03770 3.44230 1.25450 -0.00000 0.00000 -0.00000 344.30594 -22.44119 338.22544 21.91149 59.20152 -37.63308 -1.55802 10.18689 9.57021 2.12982 -24.78025 9.67304 -0.82866 8.15929 8.21397 -10.10542 11.45783 10.10847 -9.82969 9.56247 4.78608 3.05308 -3.64122 3.21361 20.39399 24.26236 -1.76921 5.95222 8.30407 0.35129 0.00000 0.00000 -0.00000 2.79098 -12.64175 36.52861 10.42374 -1.67998 -18.26269 0.00000 -15.19050 0.00000 53.64211 -29.18836 -19.74801 -7.12502 -0.00000 0.00000 20.18204 -24.09576 -3.00226 0.00000 0.00000 -0.00000 49.77412 -5.11869 -35.68901 -9.23625 -1.31246 16.14111 -0.00000 15.29060 0.00000 -5.40241 5.12350 -43.35911 7.12502 -0.00000 -0.00000 16.44759 -8.47141 648.48053
-0.61187 0.71959 -0.60321 -432.29369 54.54774 -1150.82385 -0.00000 0.00000 -0.00000 18.47755 -20.29587 361.68313 -114.10098 61.55759 137.78152 3.31622 36.97071 0.84618 -0.31088 9.82751 3.61481 -0.00000 0.00000 -0.00000 345.75654 -18.34922 338.88230 44.38018 67.70886 -62.60334 -2.43561 11.99285 13.37944 1.09314 -18.12883 6.84400 0.29360 0.14494 8.18389 -11.83637 7.51495 10.70492 -11.65691 10.35768 5.35555 2.86769 -4.89050 5.28322 9.49762 26.50893 3.74174 3.26483 8.95395 2.28608 -0.00000 0.00000 0.00000 -2.75344 -10.67551 40.33664 10.83168 -1.81743 -18.99555 0.00000 -10.72800 0.00000 51.67742 -29.19808 -21.08552 -7.12502 -0.00000 0.00000 18.89562 -23.09613 -3.89272 -0.00000 0.00000 0.00000 65.10358 -5.70350 -45.63343 -9.63935 -1.43183 16.85944 -0.00000 6.48428 0.00000 -5.46989 5.13862 -43.08606 7.12502 -0.00000 -0.00000 16.43337 -8.37131 648.72892
-0.62647 0.68681 -0.62725 -419.05794 55.90325 -1165.90941 -0.00000 0.00000 -0.00000 17.40321 -12.98289 361.62165 -104.99291 65.32357 127.60971 3.21453 32.09189 -0.72665 -0.20215 7.94318 2.91100 -0.00000 0.00000 -0.00000 351.99930 -15.97698 337.96509 78.27583 69.78040 -98.81106 -1.83581 11.13497 10.20615 1.07265 -17.96573 6.77787 6.06712 -3.13665 7.40410 -10.86336 3.86436 9.55929 -14.17864 8.83857 5.23619 2.33564 -4.28079 7.09665 2.35789 21.55352 8.48807 1.50690 7.20051 4.01835 0.00000 0.00000 -0.00000 -9.07234 -18.48330 38.68267 10.66759 -1.76145 -18.70051 0.00000 -2.50300 0.00000 47.60504 -38.14587 -29.41894 -7.12502 -0.00000 0.00000 14.22026 -26.95388 -15.79139 0.00000 0.00000 -0.00000 53.30467 -28.87966 -56.86422 -7.75046 -0.91926 13.50807 -0.00000 21.68000 0.00000 -6.04600 5.73770 -43.34704 7.12502 -0.00000 -0.00000 15.65830 -8.12396 648.24490
-0.63730 0.65633 -0.65150 -406.95589 43.49162 -1184.02746 -0.00000 0.00000 -0.00000 5.88434 -10.35201 370.71242 -103.80833 65.69308 126.30802 1.49484 7.85340 -26.37511 -0.00663 -1.44456 -0.52590 -0.00000 0.00000 -0.00000 344.69575 -15.58136 341.85850 99.91842 66.75854 -122.05791 -3.84514 16.52455 13.73958 0.55398 -13.05148 4.84001 -0.48353 -5.83471 7.93908 -12.35742 1.24819 10.27376 -11.74257 6.75315 4.93194 0.30817 -1.38457 7.98343 -0.28234 13.22257 10.48684 0.72967 4.56288 4.93292 0.00000 0.00000 -0.00000 -18.56266 -31.23286 34.48538 9.75890 -1.46829 -17.07284 0.00000 9.50506 -0.00000 44.48485 -43.58297 -35.06556 -7.12502 -0.00000 0.00000 10.96711 -29.27145 -23.38010 0.00000 0.00000 -0.00000 53.48229 -36.67064 -60.09185 -7.68135 -0.90274 13.38611 -0.00000 16.84090 0.00000 -5.01709 6.71240 -53.09089 7.12502 -0.00000 -0.00000 14.06420 -10.60471 638.69881
-0.63278 0.59824 -0.68052 -395.00491 36.01466 -1197.20103 -0.00000 0.00000 -0.00000 17.72408 -23.36044 387.62714 -120.78455 57.25050 145.53756 -4.45216 -5.63041 -26.68720 -0.71040 -14.73119 -5.49147 -0.00000 0.00000 -0.00000 347.45372 -21.88460 343.65464 113.62465 61.80427 -137.24045 0.78144 0.22020 17.03614 2.79281 -28.01058 11.16369 -2.89955 -4.82153 5.26464 -10.96432 0.48896 6.72041 -9.36580 4.18947 3.05417 2.92800 -7.70449 10.26233 -3.60039 11.18837 13.79838 -0.18801 4.86807 6.55242 -0.00000 0.00000 -0.00000 -38.41951 -38.56803 23.02041 9.02823 -1.25300 -15.77112 0.00000 11.90210 -0.00000 43.03313 -41.14406 -35.17436 -7.12502 -0.00000 0.00000 11.08175 -26.87405 -21.57328 -0.00000 0.00000 -0.00000 66.91583 -40.25717 -43.66120 -7.29679 -0.81364 12.70822 -0.00000 26.73740 0.00000 -4.02545 4.36783 -47.26123 7.12502 -0.00000 -0.00000 17.16080 -10.21630 645.12850
-0.62498 0.52875 -0.69730 -388.36278 30.73229 -1202.92760 -0.00000 0.00000 -0.00000 39.36276 -29.48151 404.79567 -130.26366 46.40601 157.52460 -9.36462 -10.47946 -34.83940 -4.18293 -33.39399 -13.88296 -0.00000 0.00000 -0.00000 339.45663 -34.75022 339.76233 126.66744 51.50669 -152.76230 5.44009 -18.03842 19.36793 4.13355 -33.22647 13.79305 -1.42989 5.13648 3.46236 -9.19660 1.38980 3.78378 -9.15015 -0.88829 1.64812 5.31122 -14.11175 11.82673 -5.75361 8.50741 15.50775 -0.73991 5.37634 7.29634 -0.00000 0.00000 0.00000 -59.51515 -27.06658 2.03512 9.34424 -1.34390 -16.33338 0.00000 7.09488 -0.00000 43.47693 -35.97126 -31.77690 -7.12502 -0.00000 0.00000 12.58102 -23.46703 -15.73203 -0.00000 0.00000 0.00000 87.76205 -28.25699 -19.69759 -7.60675 -0.88508 13.25451 -0.00000 23.19230 0.00000 -7.40980 6.38189 -40.52053 7.12502 -0.00000 -0.00000 14.72635 -6.84482 650.60855
-0.61951 0.45629 -0.70407 -384.35376 28.87731 -1203.49139 -0.00000 0.00000 -0.00000 64.66415 -21.57468 420.04408 -134.85563 36.39537 164.43707 -19.17732 -45.15527 -35.22943 -20.67123 -58.34535 -36.18275 -0.00000 0.00000 -0.00000 308.99503 -45.42943 317.28915 133.32268 40.37718 -161.97011 5.02936 -5.77630 28.53714 2.03768 -24.28264 9.45112 3.62524 15.17657 1.43265 -6.08827 4.38405 1.63213 -8.92603 -3.52034 0.59643 5.40297 -8.22087 10.85012 -8.86422 -8.51107 13.26895 -3.72813 -0.30767 6.30817 0.00000 0.00000 -0.00000 -65.52269 -8.90320 -16.80240 10.68318 -1.76673 -18.72852 0.00000 1.68269 -0.00000 41.56873 -31.42994 -30.45448 -7.12502 -0.00000 0.00000 12.28129 -19.48448 -11.86943 0.00000 0.00000 -0.00000 92.96351 -5.85632 -3.38101 -9.63227 -1.42968 16.84680 -0.00000 8.25488 0.00000 -8.04830 6.93643 -40.50013 7.12502 -0.00000 -0.00000 13.96967 -6.53776 650.40684
-0.61085 0.41350 -0.71409 -379.62016 27.72764 -1200.94151 -0.00000 0.00000 -0.00000 81.62280 -11.43240 429.23174 -136.89907 29.34116 168.19424 -26.25146 -48.91148 -43.48891 -16.71031 -55.09897 -31.44763 -0.00000 0.00000 -0.00000 280.98838 -39.98428 292.85752 135.00621 35.95515 -164.69217 2.00876 5.37905 42.21101 0.70088 -14.63503 5.45390 6.97436 19.95124 -0.36055 -1.96859 6.36709 0.13048 -6.03938 -4.17208 -0.18145 3.27430 -5.57347 10.43588 -4.96239 -16.27413 12.65464 -2.96609 -3.76836 5.90487 -0.00000 0.00000 0.00000 -59.63605 2.95347 -35.03742 12.61161 -2.48634 -22.22086 0.00000 -2.94439 0.00000 37.94197 -25.16059 -28.60422 -7.12502 -0.00000 0.00000 10.56027 -13.72907 -6.84979 -0.00000 0.00000 0.00000 84.71664 6.24193 11.22204 -10.11907 -1.58109 17.71676 -0.00000 -0.59893 -0.00000 -5.54402 4.59062 -39.50771 7.12502 -0.00000 -0.00000 17.18692 -7.44372 652.27344
-0.60250 0.38707 -0.71623 -376.29855 26.03376 -1199.63402 -0.00000 0.00000 -0.00000 91.82821 -12.77861 436.41375 -137.77388 25.28604 170.09940 -34.10533 -29.86515 -57.77118 -8.60379 -44.40575 -20.88525 -0.00000 0.00000 -0.00000 266.21993 -33.33602 283.08805 135.78148 33.51384 -166.05248 -8.18758 16.26047 52.05224 0.03059 -3.10108 1.12988 8.46798 24.33260 -0.89097 1.57245 8.71235 -0.24988 -2.89031 -3.83405 -0.53547 2.09635 -8.79530 9.98918 -3.12306 -20.93582 11.64091 -2.02324 -4.54172 5.10818 0.00000 0.00000 -0.00000 -54.58015 3.99091 -50.54332 15.84033 -4.00489 -28.21466 0.00000 -8.01186 0.00000 26.29606 -18.24140 -32.35262 -7.12502 -0.00000 0.00000 3.03381 -3.83734 -6.62315 0.00000 0.00000 -0.00000 75.62745 1.03537 31.74613 -8.20707 -1.03235 14.31497 -0.00000 5.18469 0.00000 -5.84662 4.66566 -38.46221 7.12502 -0.00000 -0.00000 17.05607 -7.04548 653.20878
-0.59198 0.38080 -0.71493 -373.78069 20.91929 -1199.79783 -0.00000 0.00000 -0.00000 92.31416 -21.17081 447.21384 -137.90251 24.60719 170.40435 -22.17188 -10.80740 -55.56950 -0.72908 -14.91778 -5.56448 -0.00000 0.00000 -0.00000 257.28303 -29.71412 276.46513 136.02811 32.66761 -166.50419 -1.62567 12.11631 57.37352 0.11076 -5.89104 2.15226 4.81115 28.19002 0.80875 3.25031 9.95314 1.02169 0.51813 -4.31958 -0.15063 1.78553 -7.93315 9.47763 -1.86615 -28.30121 10.56551 -2.04578 -7.16901 4.05868 0.00000 0.00000 -0.00000 -46.10717 3.27568 -60.11698 20.37142 -6.89662 -37.08036 0.00000 -9.65594 0.00000 23.40794 -16.09114 -32.62940 -7.12502 -0.00000 0.00000 0.96103 -1.18695 -5.99964 0.00000 0.00000 -0.00000 62.92634 2.13749 44.24323 -10.93436 -1.85295 19.18036 -0.00000 -4.57303 -0.00000 -12.99602 10.86748 -39.24561 7.12502 -0.00000 -0.00000 8.46994 -3.97556 650.03450
-0.57929 0.39340 -0.70843 -368.84746 14.28360 -1200.00266 -0.00000 0.00000 -0.00000 97.44611 -50.38119 465.41002 -137.38917 27.17837 169.22914 -9.24985 -3.85625 -43.07469 -0.00374 1.08560 0.39518 -0.00000 0.00000 -0.00000 252.97602 -31.67210 267.52516 135.91074 33.07495 -166.28795 11.31163 -0.76030 52.01230 1.20489 -18.98919 7.19509 2.96786 29.33183 2.02385 3.58649 10.23177 2.08411 1.51894 -4.59811 0.30752 0.82231 -8.17546 8.46549 -0.05744 -32.93979 9.11206 -1.39508 -8.97482 2.92037 -0.00000 0.00000 -0.00000 -38.91977 -0.82945 -68.10509 24.22469 -10.23234 -45.29094 0.00000 -7.58412 0.00000 27.09874 -18.86823 -32.29285 -7.12502 -0.00000 0.00000 3.60168 -4.59359 -6.83471 -0.00000 0.00000 -0.00000 52.42828 0.16255 51.70829 -14.60181 -3.37369 25.89033 -0.00000 -6.68450 -0.00000 -14.71553 9.50728 -32.16607 7.12502 -0.00000 -0.00000 8.35611 -2.73458 657.00580
-0.56675 0.42632 -0.69617 -364.00939 8.68279 -1200.99260 -0.00000 0.00000 -0.00000 170.39820 -75.46918 542.67196 -135.96682 32.88137 166.39098 -3.16242 -4.34758 -23.30618 -0.14387 6.70936 2.45398 -0.00000 0.00000 -0.00000 252.57511 -48.74289 260.76485 134.75469 36.68493 -164.26752 11.78889 -14.25978 36.39121 4.36126 -33.98717 14.20444 2.69582 30.36657 2.84015 2.96747 10.23013 3.03582 0.64893 -5.03871 0.77023 0.02327 -7.33352 8.08579 2.31980 -35.27701 9.21290 -0.65091 -10.17061 2.61570 0.00000 0.00000 -0.00000 -34.11048 -5.09907 -72.46861 27.49177 -13.93366 -53.08728 0.00000 -5.61846 0.00000 30.74561 -22.34881 -32.58852 -7.12502 -0.00000 0.00000 6.15527 -8.42058 -8.63013 0.00000 0.00000 -0.00000 43.79495 -1.58656 56.51525 -18.52193 -5.59807 33.38187 -0.00000 -19.37200 -0.00000 -19.34148 10.36213 -27.13223 7.12502 -0.00000 -0.00000 4.42362 -1.08812 661.20803
-0.55936 0.46947 -0.68443 -359.87370 5.28105 -1201.63438 -0.00000 0.00000 -0.00000 222.84343 -68.74026 593.92191 -133.82174 39.17093 162.75013 -2.71981 -13.18470 -13.41448 -0.96378 -17.06801 -6.41617 -0.00000 0.00000 -0.00000 248.85581 -72.85994 257.40144 132.44233 42.33011 -160.63789 6.62780 -17.32654 22.71821 5.22789 -36.63527 15.70330 4.44595 30.61033 2.72254 2.35572 10.48194 3.29376 -1.00634 -4.69022 0.92327 -0.11201 -7.29407 7.86643 3.78230 -33.61528 9.56908 -0.11079 -9.61150 2.80104 0.00000 0.00000 -0.00000 -31.15217 -6.51595 -73.48129 30.36832 -18.20899 -61.12199 0.00000 -9.18150 0.00000 27.87286 -25.39048 -39.03384 -7.12502 -0.00000 0.00000 4.97174 -8.77722 -15.31300 0.00000 0.00000 -0.00000 37.93765 -4.21457 62.45471 -19.88816 -6.54031 36.10155 -0.00000 -20.42750 -0.00000 -16.67477 7.11563 -22.46749 7.12502 -0.00000 -0.00000 8.09839 -1.18208 666.75068
-0.55403 0.51821 -0.67703 -357.41801 2.71154 -1200.31848 -0.00000 0.00000 -0.00000 243.30730 -60.90418 611.80746 -130.62654 45.79013 158.02822 -1.94589 -14.72945 -10.11550 -1.21628 -19.07431 -7.23003 -0.00000 0.00000 -0.00000 286.16199 -88.53747 297.70844 129.00539 48.38119 -155.81536 3.56466 -18.56250 14.15893 5.03939 -36.08954 15.38537 4.99789 30.65142 2.15466 2.18901 10.62256 2.71258 -1.28785 -4.54715 0.66742 -0.35323 -6.58817 7.70906 4.73299 -31.27906 9.88972 0.27309 -8.91798 3.12312 -0.00000 0.00000 -0.00000 -29.80420 -3.69101 -74.14545 31.93193 -21.19360 -66.36263 0.00000 -9.58618 0.00000 25.86553 -26.93330 -43.05311 -7.12502 -0.00000 0.00000 4.21377 -8.79369 -19.26886 -0.00000 0.00000 -0.00000 33.11962 -4.42269 66.87640 -20.87883 -7.28439 38.11854 -0.00000 -20.25090 -0.00000 -17.07554 5.97031 -18.70681 7.12502 -0.00000 -0.00000 8.18843 -0.63134 670.62119
-0.55230 0.56617 -0.67330 -354.51548 0.08393 -1199.98189 -0.00000 0.00000 -0.00000 250.67619 -64.96604 621.69147 -125.36250 53.00516 151.11224 -2.41634 -18.27529 -10.92269 -1.40924 -20.45087 -7.80068 -0.00000 0.00000 -0.00000 387.14857 -85.20173 396.08923 123.85339 54.56076 -149.24195 0.87401 -24.27958 6.57186 4.67570 -34.99063 14.75972 4.28693 28.89909 2.43000 1.65818 10.30001 2.90727 -1.51415 -4.11752 0.84354 0.89981 -5.54736 7.78338 4.17956 -30.90432 10.07578 -0.20497 -8.85835 3.17158 0.00000 0.00000 0.00000 -28.32636 2.87339 -76.29015 32.30656 -22.01687 -67.77308 0.00000 -7.07343 0.00000 24.24818 -27.01711 -45.24241 -7.12502 -0.00000 0.00000 3.55390 -8.05807 -21.10370 0.00000 0.00000 0.00000 31.11804 -2.19800 68.82069 -22.32338 -8.46945 41.13924 -0.00000 -21.06620 -0.00000 -13.10763 4.38991 -18.19711 7.12502 -0.00000 -0.00000 12.29128 -0.70731 671.75716
-0.55558 0.61879 -0.66885 -352.62780 -0.54767 -1199.04229 -0.00000 0.00000 -0.00000 262.41540 -72.32008 636.48025 -117.18303 59.78651 141.31599 -4.28180 -15.73113 -17.26546 -0.21714 -8.22988 -3.01760 -0.00000 0.00000 -0.00000 359.61084 -81.19704 363.25506 114.33457 61.43415 -138.04734 0.67114 -26.87520 6.38755 2.43271 -26.32622 10.37515 4.48479 27.34488 2.15971 1.81623 10.13708 2.64859 -1.31230 -3.59542 0.77260 0.07431 -4.64252 7.86345 4.62227 -32.23263 10.36219 -0.07070 -9.56344 3.23846 0.00000 0.00000 0.00000 -27.27847 11.74527 -78.21506 31.54636 -20.39626 -64.98386 0.00000 -2.95047 0.00000 24.40390 -28.18203 -46.14901 -7.12502 -0.00000 0.00000 3.72578 -8.96193 -22.31392 0.00000 0.00000 0.00000 30.66896 3.07498 69.27043 -23.99502 -10.00597 44.77713 -0.00000 -21.36650 -0.00000 -6.43407 2.05796 -17.66352 7.12502 -0.00000 -0.00000 19.09815 -0.60909 673.24146
-0.56397 0.66300 -0.66905 -352.31379 -0.76084 -1197.66136 -0.00000 0.00000 -0.00000 289.59653 -80.72558 668.97212 -108.10634 64.23629 131.05085 -4.04992 -7.56399 -22.72000 -0.05740 4.24583 1.54838 -0.00000 0.00000 -0.00000 334.32999 -74.94722 332.47055 101.04249 66.47244 -123.28256 2.84250 -26.85270 11.28217 0.89295 -16.45304 6.17056 4.09314 26.17573 1.61156 1.89408 9.88452 1.90711 -0.79674 -3.40125 0.44993 -0.61740 -4.76466 8.25672 5.62210 -31.62518 11.17875 0.29957 -9.41834 3.65983 -0.00000 0.00000 0.00000 -28.26219 20.95907 -79.30611 28.94401 -15.93935 -56.95412 0.00000 1.69115 -0.00000 24.58267 -28.99648 -46.65877 -7.12502 -0.00000 0.00000 3.85777 -9.63647 -23.05880 -0.00000 0.00000 0.00000 30.73774 10.26395 69.75006 -24.63786 -10.64957 46.22482 -0.00000 -26.01040 -0.00000 -0.85510 0.28711 -18.55896 7.12502 -0.00000 -0.00000 24.71306 -0.82931 673.19868
-0.57790 0.71185 -0.66897 -352.74354 0.13072 -1197.45871 -0.00000 0.00000 -0.00000 378.97271 -77.97717 764.15564 -95.25062 67.78071 116.99774 -0.43234 4.35432 -28.85864 -0.06223 -4.42055 -1.61236 -0.00000 0.00000 -0.00000 325.56383 -65.37253 315.88792 78.14602 69.78730 -98.67272 5.34229 -22.90296 17.43063 0.00878 -1.66260 0.60532 3.32115 24.41378 1.57231 1.85013 9.97269 1.64316 -0.33836 -2.50476 0.34757 -0.10642 -4.14592 8.30413 5.43232 -31.42964 11.27428 0.10116 -9.40951 3.69233 -0.00000 0.00000 0.00000 -29.16464 28.86831 -79.23765 24.60345 -10.61432 -46.14656 0.00000 -2.15462 0.00000 26.64112 -27.43431 -42.56475 -7.12502 -0.00000 0.00000 4.59467 -9.51915 -19.08274 -0.00000 0.00000 0.00000 32.34977 18.57202 68.38434 -24.74524 -10.76016 46.46962 -0.00000 -26.70290 -0.00000 1.96808 -0.73839 -20.55722 7.12502 -0.00000 -0.00000 27.55656 -1.65093 671.83987
-0.60100 0.74946 -0.67111 -354.60066 2.42066 -1197.92168 -0.00000 0.00000 -0.00000 400.68130 -61.75729 789.58831 -85.42743 69.21854 106.44472 0.76369 6.93557 -30.99395 -4.91242 -35.71299 -15.16884 -0.00000 0.00000 -0.00000 319.03558 -53.73252 299.57671 56.59938 69.41523 -75.72169 3.63543 -20.61215 13.84485 0.16100 -7.09500 2.59654 3.36186 22.90463 1.46019 1.45403 9.64940 1.54009 -0.73185 -2.11596 0.35063 -0.79739 -2.14724 8.11099 7.89188 -30.13447 11.77917 0.90736 -9.47222 3.89374 0.00000 0.00000 0.00000 -27.97969 36.94918 -77.55608 18.91759 -5.86134 -34.16267 0.00000 -14.18390 0.00000 27.65227 -26.59293 -40.50971 -7.12502 -0.00000 0.00000 4.98058 -9.45169 -17.04570 0.00000 0.00000 0.00000 36.32889 28.32301 64.32143 -23.76733 -9.78537 44.27135 -0.00000 -22.36060 -0.00000 0.95427 -0.43563 -24.53467 7.12502 -0.00000 -0.00000 26.38800 -3.43481 668.11447
-0.62552 0.77615 -0.67354 -355.33186 4.07607 -1198.78127 -0.00000 0.00000 -0.00000 409.40463 -46.43801 799.70293 -83.04288 69.44677 103.89621 -4.15213 -6.16737 -24.82674 -6.66077 -40.33840 -18.00433 -0.00000 0.00000 -0.00000 315.46131 -43.93602 286.74286 37.97468 66.20821 -55.64443 -1.13586 -25.02574 1.59108 0.03701 -3.41100 1.24307 2.71929 19.36575 1.59550 1.13153 8.44453 1.76577 -0.69264 -1.66142 0.56562 0.41003 -1.54211 8.01232 8.05989 -25.65741 11.71577 0.94674 -7.96102 4.16870 -0.00000 0.00000 0.00000 -30.69853 43.57922 -73.02386 11.61424 -2.09749 -20.40774 0.00000 -11.20780 0.00000 26.25019 -18.37039 -32.58156 -7.12502 -0.00000 0.00000 3.03629 -3.87533 -6.87430 -0.00000 0.00000 0.00000 42.15650 37.43173 57.62391 -21.93780 -8.14092 40.32284 -0.00000 -19.08300 -0.00000 -0.93681 0.44130 -25.22159 7.12502 -0.00000 -0.00000 24.35010 -3.59544 667.11097
-0.64063 0.80457 -0.66397 -354.36070 2.94108 -1199.81356 -0.00000 0.00000 -0.00000 405.94098 -41.59509 795.73399 -72.11316 69.98581 92.24885 -2.79183 -18.53449 -11.97544 -4.85897 -35.55224 -15.07709 -0.00000 0.00000 -0.00000 318.91831 -43.33712 287.39725 24.88094 61.00733 -41.05762 -6.69776 -20.59187 -19.60064 2.56881 -26.98079 10.67853 1.40553 15.68512 1.53898 0.17015 6.02226 1.77972 -0.92381 -2.35031 0.70056 1.64304 -1.82063 7.95946 7.59180 -21.22168 11.44408 0.87098 -6.37925 4.38161 0.00000 0.00000 -0.00000 -28.25593 51.22083 -68.18585 7.58406 -0.87975 -13.21450 0.00000 -0.22316 0.00000 19.60351 -9.06304 -23.85908 -7.12502 -0.00000 0.00000 -3.70688 3.16103 4.59808 0.00000 0.00000 -0.00000 48.37476 45.15998 49.33605 -20.07835 -6.67906 36.48565 -0.00000 -12.65190 -0.00000 -3.04597 1.62682 -28.08054 7.12502 -0.00000 -0.00000 21.84897 -4.46850 664.00390
-0.64517 0.83469 -0.64767 -352.57453 1.54039 -1198.25450 -0.00000 0.00000 -0.00000 389.59725 -44.06928 776.04465 -49.33861 68.55978 67.94545 -0.40064 -23.89505 -5.31695 -4.72780 -35.15198 -14.85040 -0.00000 0.00000 -0.00000 330.64961 -48.28472 304.15514 17.48206 55.80170 -32.38461 -9.25375 -24.73426 -21.61640 0.82640 -15.84995 5.93130 0.66158 13.43411 0.54545 -0.09843 4.30450 0.54155 -0.57584 -2.99451 0.15811 2.31871 -0.77492 8.23085 6.08128 -21.70017 11.70965 0.17586 -6.57634 4.54095 0.00000 0.00000 -0.00000 -13.58052 59.54658 -73.30637 8.17354 -1.02381 -14.25564 0.00000 0.41580 -0.00000 1.13160 -0.32236 -15.89882 -7.12502 -0.00000 0.00000 -21.00361 12.83561 14.94531 0.00000 0.00000 -0.00000 49.56485 51.34396 44.26397 -18.76812 -5.76098 33.86707 -0.00000 -7.84223 -0.00000 -3.50499 2.18581 -31.91051 7.12502 -0.00000 -0.00000 20.88461 -5.75607 660.27269
-0.65699 0.87121 -0.62622 -352.58185 0.73323 -1196.75770 -0.00000 0.00000 -0.00000 367.22978 -42.02430 752.45167 -27.74338 62.47719 44.30688 -4.84339 -21.74022 -16.57500 -4.27277 -33.69511 -14.04554 -0.00000 0.00000 -0.00000 350.51206 -46.11909 334.42538 10.88267 48.21479 -24.03472 -11.33256 -34.90134 -15.35489 0.26435 -9.07131 3.33143 1.39055 10.82699 0.26185 -0.33427 4.76971 0.22739 -1.15986 -1.09396 0.02832 1.89209 1.35496 8.04635 4.39539 -25.49615 11.37346 -0.58629 -8.08796 4.26491 -0.00000 0.00000 0.00000 16.99954 64.27992 -95.92871 10.72089 -1.77953 -18.79629 0.00000 -7.69916 0.00000 -5.84342 1.27347 -12.25200 -7.12502 -0.00000 0.00000 -27.77949 15.04544 18.76711 -0.00000 0.00000 0.00000 44.58683 56.57715 43.00560 -17.94873 -5.23002 32.25979 -0.00000 -10.02770 -0.00000 -3.72493 2.62104 -35.08466 7.12502 -0.00000 -0.00000 20.15839 -6.77778 657.17813
-0.67245 0.90016 -0.60796 -354.16720 0.83930 -1193.71101 -0.00000 0.00000 -0.00000 351.19201 -35.90628 736.78877 -17.71722 56.00841 32.66859 -0.45055 -25.14292 -5.62201 -4.43928 -34.24107 -14.34355 -0.00000 0.00000 -0.00000 364.74662 -35.03479 361.25412 7.80615 42.84541 -19.72928 -8.23628 -39.94401 -6.44906 0.10466 -5.72725 2.09198 2.17591 10.23269 0.06300 -0.15254 4.38271 0.07683 -1.38897 -1.17306 -0.02544 1.50769 1.33938 7.21944 3.19828 -22.86205 9.96341 -0.54943 -7.18430 3.96800 -0.00000 0.00000 -0.00000 42.19054 65.85052 -117.23999 12.78174 -2.55631 -22.53173 0.00000 -12.97540 0.00000 -2.70258 0.61743 -12.85944 -7.12502 -0.00000 0.00000 -24.95136 13.67880 18.05777 -0.00000 0.00000 -0.00000 43.26752 62.84516 37.50171 -16.90220 -4.59732 30.23677 -0.00000 -11.11930 -0.00000 -0.55929 0.42406 -37.16893 7.12502 -0.00000 -0.00000 23.50682 -8.51165 656.20708
-0.68663 0.91314 -0.59221 -355.65817 0.96219 -1187.51342 -0.00000 0.00000 -0.00000 341.67580 -31.39376 725.85696 -15.76959 54.18833 30.29423 1.64392 -23.23681 0.38464 -2.98571 -28.85446 -11.56884 -0.00000 0.00000 -0.00000 367.75261 -30.43790 362.66140 8.77019 44.71454 -21.12240 -1.35007 -30.49830 2.65758 1.46823 -20.84944 7.96793 3.20271 8.08776 -0.54506 0.20256 4.49179 -0.67936 -1.54725 0.08329 -0.36110 1.06381 -0.18976 6.15953 1.72490 -18.15236 8.19802 -0.42822 -5.40746 3.55759 0.00000 0.00000 -0.00000 32.19990 71.64115 -109.74702 13.27052 -2.76336 -23.42764 0.00000 -17.50870 0.00000 5.02425 -1.19829 -13.38043 -7.12502 -0.00000 0.00000 -18.14503 9.99677 17.08996 0.00000 0.00000 -0.00000 48.82283 67.11880 27.20343 -15.86078 -4.01584 28.25333 -0.00000 -10.50110 -0.00000 -1.76264 1.34267 -37.28674 7.12502 -0.00000 -0.00000 22.07576 -8.16543 655.69940
-0.69738 0.92033 -0.57710 -356.91026 0.76756 -1181.78338 -0.00000 0.00000 -0.00000 339.63176 -30.48292 721.29830 -17.52527 55.83993 32.43685 -0.43341 -12.68184 -4.29080 -3.74111 -31.84066 -13.06338 -0.00000 0.00000 -0.00000 370.77528 -28.08339 360.02399 12.06270 49.88744 -25.59686 3.04685 -22.44250 12.04558 2.51048 -26.70306 10.54935 2.36043 6.44531 -0.73344 0.59280 4.07047 -0.98080 -0.67827 0.55492 -0.50885 1.05343 -0.36333 5.14891 0.09645 -14.32889 6.68517 -0.69340 -4.60637 3.06845 0.00000 0.00000 -0.00000 -12.22711 77.04290 -67.97601 14.44089 -3.29623 -25.59078 0.00000 -20.09890 0.00000 9.28937 -2.68608 -15.98773 -7.12502 -0.00000 0.00000 -13.95034 8.52478 14.17336 0.00000 0.00000 -0.00000 67.71939 64.56542 7.62636 -14.72561 -3.43398 26.12114 -0.00000 -14.88100 -0.00000 2.48360 -2.04634 -39.46294 7.12502 -0.00000 -0.00000 26.82915 -10.50129 655.18322
-0.70961 0.92365 -0.56481 -358.19905 0.02273 -1177.48297 -0.00000 0.00000 -0.00000 343.21072 -31.97883 723.59917 -19.90601 57.78270 35.28107 -0.16609 2.63722 -17.93033 -4.07158 -33.01415 -13.67964 -0.00000 0.00000 -0.00000 373.13399 -25.05170 357.06909 14.56900 52.93026 -28.80196 3.63807 -7.77821 20.89622 1.78457 -22.83967 8.81796 0.64480 4.22116 -0.17516 -0.10220 4.11220 -0.31444 -0.46963 1.85351 -0.18177 0.86025 -0.88097 3.83769 0.56305 -11.79874 5.01460 -0.27695 -3.63637 2.31640 -0.00000 0.00000 0.00000 -40.93344 76.74473 -35.76286 17.54954 -4.98280 -31.48437 0.00000 -18.13380 0.00000 13.15640 -3.87165 -16.11236 -7.12502 -0.00000 0.00000 -10.57976 6.53165 13.65781 -0.00000 0.00000 0.00000 83.56381 53.24610 -5.24397 -14.22014 -3.19165 25.18074 -0.00000 -21.45680 -0.00000 -3.79284 3.09831 -39.19009 7.12502 -0.00000 -0.00000 19.33556 -8.07229 653.18936
-0.72547 0.92346 -0.55509 -359.75114 1.82203 -1172.97126 -0.00000 0.00000 -0.00000 351.54086 -32.87598 726.44841 -23.37065 60.12877 39.32362 0.41080 4.98681 -21.92256 -4.09067 -33.07979 -13.71464 -0.00000 0.00000 -0.00000 378.86906 -20.21414 355.74445 12.45363 50.40448 -26.10608 -0.04515 4.44924 24.27133 7.54672 42.30706 -19.34584 0.66522 3.22277 0.31311 0.00609 3.93643 0.34826 -0.36330 2.23806 0.15713 0.10547 -1.64519 2.34788 1.78021 -8.88433 3.13090 0.41825 -2.54438 1.44160 0.00000 0.00000 0.00000 -53.06332 76.53948 -17.53942 21.00323 -7.38165 -38.37477 0.00000 -14.16470 0.00000 14.49567 -4.60127 -17.23851 -7.12502 -0.00000 0.00000 -9.22691 5.97430 12.35163 0.00000 0.00000 0.00000 93.70079 43.95499 -13.95514 -15.27261 -3.70776 27.14493 -0.00000 -21.48760 -0.00000 -6.98505 6.26071 -41.67172 7.12502 -0.00000 -0.00000 14.94617 -7.28473 649.59184
-0.74064 0.92225 -0.54065 -360.33562 -2.23335 -1167.26175 -0.00000 0.00000 -0.00000 350.93208 -33.12888 724.59751 -24.91942 61.02872 41.10162 -1.37748 -5.32265 -12.39683 -5.28409 -36.79499 -15.79730 -0.00000 0.00000 -0.00000 376.69865 -13.05438 357.27421 9.58765 46.15636 -22.26967 3.01515 -16.56671 13.13761 0.53587 12.84136 -4.75921 -2.92355 1.77700 0.31546 -1.71052 3.59368 0.38439 -0.10516 2.68780 0.10895 -1.15425 -1.39108 1.13450 2.76217 -7.83307 1.57764 1.01190 -2.25631 0.70498 0.00000 0.00000 0.00000 -50.78679 76.82686 -13.44954 23.45063 -9.48466 -43.57351 0.00000 -13.28890 0.00000 15.77946 -6.13430 -20.71412 -7.12502 -0.00000 0.00000 -7.49553 5.57208 8.57355 0.00000 0.00000 0.00000 100.18348 38.12388 -20.29741 -17.18517 -4.76350 30.78067 -0.00000 -23.33540 -0.00000 -6.51190 5.72687 -41.15994 7.12502 -0.00000 -0.00000 15.64472 -7.40749 650.28004
-0.75988 0.92096 -0.51920 -359.90201 -0.21312 -1162.48901 -0.00000 0.00000 -0.00000 355.72782 -34.21020 722.27205 -21.49352 58.92034 37.14577 -0.43487 -11.07103 -4.28595 -4.15816 -33.31015 -13.83791 -0.00000 0.00000 -0.00000 378.63592 -7.88994 355.95533 6.88749 40.86265 -18.35271 3.29759 -21.10551 12.87512 0.37906 10.83610 -3.99496 0.44995 -0.18158 0.17070 -1.38190 2.67273 0.22631 -1.66149 2.85188 0.13017 -2.54643 -0.34634 0.23577 1.97849 -7.51523 0.31467 1.05100 -2.31568 0.14188 -0.00000 0.00000 0.00000 -52.84346 75.32354 -7.58731 25.05149 -11.08061 -47.17276 0.00000 -13.22540 0.00000 16.55720 -7.09154 -22.55087 -7.12502 -0.00000 0.00000 -6.48660 5.18385 6.52721 -0.00000 0.00000 0.00000 103.67438 33.49157 -25.37479 -19.64580 -6.36625 35.61411 -0.00000 -24.01950 -0.00000 -5.79602 5.04727 -40.91623 7.12502 -0.00000 -0.00000 16.56486 -7.68867 650.78189
-0.77618 0.91771 -0.49470 -358.46802 3.27703 -1159.61013 -0.00000 0.00000 -0.00000 361.34167 -36.12019 721.69332 -15.16812 53.57229 29.54965 1.08286 -14.08908 2.50467 -1.07215 -17.96171 -6.77624 -0.00000 0.00000 -0.00000 380.42533 -7.45796 353.74307 5.78226 38.15529 -16.61604 3.20553 -22.50561 12.43292 0.11063 5.88758 -2.15098 4.36401 -2.82140 0.45067 -0.39630 1.61787 0.42517 -2.82625 3.28830 0.31115 -3.25693 -2.25026 -0.04255 0.71183 -4.67985 -0.04324 0.76057 -1.06350 0.00298 -0.00000 0.00000 -0.00000 -57.39331 69.52396 -2.53680 25.82633 -11.92626 -48.98685 0.00000 -10.29980 0.00000 12.90156 -5.59777 -23.06659 -7.12502 -0.00000 0.00000 -9.43881 7.58300 6.55807 -0.00000 0.00000 -0.00000 104.28034 33.69511 -27.79771 -21.54488 -7.81544 39.49870 -0.00000 -25.18690 -0.00000 -5.64583 5.28051 -42.95184 7.12502 -0.00000 -0.00000 16.25108 -8.24779 648.79658
-0.79452 0.91482 -0.47138 -358.29328 2.54433 -1158.85516 -0.00000 0.00000 -0.00000 362.29389 -33.69685 722.11646 -9.24808 45.57205 21.79653 1.94817 -13.93934 7.11614 -0.46838 -12.02262 -4.44571 -0.00000 0.00000 -0.00000 378.65309 -4.91470 353.90219 5.36117 37.01193 -15.92567 2.60201 -24.18009 10.81649 0.02045 -2.53643 0.92383 2.90655 -4.45738 0.77231 -0.49343 1.53051 0.87230 -2.05063 4.13331 0.51444 -2.76763 -2.74935 0.17038 -0.41429 -3.15346 0.24614 0.32419 -0.51038 0.13905 0.00000 0.00000 0.00000 -66.04753 59.06502 5.49858 26.85041 -13.12745 -51.47191 0.00000 -4.90376 0.00000 4.03133 -1.60114 -21.62665 -7.12502 -0.00000 0.00000 -17.22017 12.95453 9.12180 0.00000 0.00000 0.00000 102.57686 34.84295 -27.60116 -22.87579 -8.95649 42.32292 -0.00000 -21.62090 -0.00000 -4.45461 4.32672 -44.08064 7.12502 -0.00000 -0.00000 17.44101 -9.15932 648.12986
-0.80860 0.91559 -0.44597 -358.19394 1.52774 -1157.67688 -0.00000 0.00000 -0.00000 360.74588 -29.97429 717.93902 -5.47934 37.33978 16.12123 1.00266 -6.99297 11.08757 -0.34241 -10.30697 -3.79520 -0.00000 0.00000 -0.00000 377.18447 -2.29623 355.00162 4.99002 35.94401 -15.30141 0.85606 -24.85647 6.58669 0.38075 -10.85991 4.00397 1.95381 -4.39357 0.73886 -0.92699 1.30871 0.90425 -1.96473 3.85945 0.50660 -2.95694 -4.02527 0.43840 -0.23744 -0.76295 0.69839 0.42313 0.41834 0.34446 0.00000 0.00000 -0.00000 -71.43142 50.16821 11.01195 28.50504 -15.30419 -55.75076 0.00000 -1.53467 0.00000 -1.73217 0.56118 -17.94552 -7.12502 -0.00000 0.00000 -22.96873 15.23715 13.19721 0.00000 0.00000 -0.00000 99.85228 34.53299 -26.36469 -24.63881 -10.65054 46.22699 -0.00000 -15.62460 -0.00000 -3.57415 3.83107 -46.92862 7.12502 -0.00000 -0.00000 17.83107 -10.41681 645.65953
-0.81923 0.91798 -0.41886 -358.71489 -1.29724 -1157.23566 -0.00000 0.00000 -0.00000 356.80598 -24.23089 712.57752 -3.78895 32.01500 13.15384 1.03385 -6.62742 14.32694 -0.32998 -10.12084 -3.72511 -0.00000 0.00000 -0.00000 373.30980 -0.58540 355.41492 5.30812 36.86289 -15.83739 -0.40748 -23.07844 3.01293 0.70519 -14.67871 5.47096 -0.04760 -3.25517 0.88428 -1.80503 1.91838 1.23356 -1.72513 3.83915 0.63097 -3.07192 -3.99957 0.72273 -0.95994 -0.74581 1.08162 0.22698 0.41574 0.52837 0.00000 0.00000 -0.00000 -71.43463 44.35739 10.46378 29.56539 -16.88721 -58.71806 0.00000 2.38930 -0.00000 -5.44144 1.45177 -14.89401 -7.12502 -0.00000 0.00000 -26.83403 16.07676 16.30327 0.00000 0.00000 -0.00000 95.52898 33.41752 -23.16716 -26.50453 -12.71044 50.62042 -0.00000 -8.80344 -0.00000 -4.62982 4.74251 -45.59378 7.12502 -0.00000 -0.00000 16.83433 -9.43786 646.54465
-0.82833 0.91820 -0.38916 -359.42495 -1.26068 -1156.51471 -0.00000 0.00000 -0.00000 355.60650 -21.20919 711.31922 -3.66445 31.55791 12.91748 1.85984 -10.03733 12.97828 -1.66805 -22.13329 -8.51332 -0.00000 0.00000 -0.00000 370.78860 -1.77648 353.23611 6.52735 40.02284 -17.79755 -0.17655 -18.19154 2.63019 1.07776 -18.00660 6.79443 1.43321 -2.99762 0.94222 -1.81413 2.56744 1.24306 -2.56280 4.40157 0.68529 -1.89202 -2.54509 0.40682 -3.63848 -1.76095 0.52041 -0.79247 -0.11358 0.25125 0.00000 0.00000 0.00000 -70.14946 40.08333 7.58306 30.09575 -17.74691 -60.28838 0.00000 5.51693 -0.00000 -7.32641 2.02898 -15.39609 -7.12502 -0.00000 0.00000 -28.29888 17.41669 15.92938 0.00000 0.00000 0.00000 90.35958 32.71927 -19.23870 -28.07189 -14.70283 54.59398 -0.00000 -5.69782 -0.00000 -5.82578 5.59247 -43.68511 7.12502 -0.00000 -0.00000 15.84149 -8.31722 647.98818
-0.83608 0.92063 -0.36238 -359.67182 -3.72382 -1154.37279 -0.00000 0.00000 -0.00000 351.89619 -21.43683 714.70149 -3.74384 31.85063 13.06855 1.29902 -10.27038 7.18341 -1.89917 -23.50762 -9.10918 -0.00000 0.00000 -0.00000 365.22357 -4.39424 351.33871 9.09171 45.29612 -21.57705 -0.01266 -10.77354 1.83299 1.17234 -18.74351 7.09444 -0.28280 -1.83906 0.59507 -2.31134 2.93817 0.85630 -2.15668 4.08909 0.44179 -4.04835 -2.26617 0.58831 -2.48134 0.38665 0.89062 -0.08132 0.47987 0.40560 0.00000 0.00000 0.00000 -69.72001 37.00586 4.68279 30.38036 -18.22975 -61.15928 0.00000 6.67817 -0.00000 -4.07877 1.30281 -17.68461 -7.12502 -0.00000 0.00000 -25.00632 16.53885 13.60464 0.00000 0.00000 0.00000 85.59922 30.81526 -15.10652 -29.16055 -16.26288 57.56030 -0.00000 -3.25270 -0.00000 -9.10023 8.21220 -41.72514 7.12502 -0.00000 -0.00000 12.38318 -6.20913 648.77426
-0.84527 0.92599 -0.33989 -359.53396 -4.59341 -1152.50780 -0.00000 0.00000 -0.00000 350.09193 -21.80258 717.22112 -3.68371 31.62934 12.95425 0.73443 -8.37061 4.61136 -1.90697 -23.55215 -9.12871 -0.00000 0.00000 -0.00000 362.56646 -8.26007 352.26756 12.56149 50.54413 -26.24591 -0.06449 -5.10590 0.10907 0.45094 -11.80104 4.36122 -1.45406 -1.62566 0.48003 -2.37470 3.35018 0.74476 -1.57172 4.37867 0.34597 -3.97042 -1.16523 0.02060 -3.69951 1.75527 0.12776 -0.47415 0.72532 -0.01597 -0.00000 0.00000 0.00000 -68.58526 35.05826 0.78107 30.47931 -18.40143 -61.46714 0.00000 7.89270 -0.00000 3.66180 -1.35983 -20.34553 -7.12502 -0.00000 0.00000 -17.83916 12.81809 10.41829 -0.00000 0.00000 0.00000 82.35320 27.58442 -10.68178 -29.88884 -17.40555 59.66800 -0.00000 0.52977 0.00000 -12.42120 11.00198 -40.90810 7.12502 -0.00000 -0.00000 8.65512 -4.35945 648.46406
-0.85403 0.92645 -0.31833 -360.35971 -4.38643 -1148.90075 -0.00000 0.00000 -0.00000 349.16299 -20.65918 716.47517 -3.77301 31.95708 13.12374 0.34200 -8.74914 0.96454 -1.92208 -23.63816 -9.16647 -0.00000 0.00000 -0.00000 361.31857 -10.59292 350.33157 15.16843 53.57261 -29.55004 -0.12339 -5.52283 -0.45162 0.41321 -11.30551 4.17280 -0.83127 -0.44857 0.12442 -2.26794 3.60710 0.21736 -1.85748 3.97005 0.10189 -5.14329 -1.32079 -0.42241 -2.88743 5.68913 -0.30594 -0.04511 2.00835 -0.35551 -0.00000 0.00000 0.00000 -66.78744 34.87754 -3.58068 30.34302 -18.16549 -61.04380 0.00000 10.62110 -0.00000 12.82286 -5.60773 -23.23436 -7.12502 -0.00000 0.00000 -9.46834 7.65173 6.39649 -0.00000 0.00000 0.00000 81.35668 22.78134 -7.79192 -30.54096 -18.50941 61.66032 -0.00000 3.55279 0.00000 -15.70586 13.81612 -40.33951 7.12502 -0.00000 -0.00000 4.95482 -2.53734 647.94880
-0.86643 0.92205 -0.30080 -360.52922 -3.96365 -1145.28307 -0.00000 0.00000 -0.00000 348.63093 -20.88766 714.39799 -4.36654 34.00448 14.21389 -0.41665 -8.93408 -4.29414 -2.93600 -28.64057 -11.46548 -0.00000 0.00000 -0.00000 361.45977 -12.98820 349.22243 14.51165 52.86725 -28.73005 0.85435 -9.93490 6.62215 1.12477 -18.37726 6.94499 -1.04544 -0.27714 0.02936 -2.11448 3.69091 0.09025 -1.58733 3.95563 0.02960 -6.04430 -0.63187 -1.14710 -1.85507 8.65750 -1.28833 0.38683 2.90383 -0.93207 -0.00000 0.00000 -0.00000 -64.92484 34.71041 -8.61398 30.17798 -17.88478 -60.53784 0.00000 14.19840 -0.00000 19.89103 -10.25840 -26.20655 -7.12502 -0.00000 0.00000 -3.02217 2.82157 2.00411 -0.00000 0.00000 -0.00000 81.64631 17.84886 -5.92798 -31.14547 -19.61352 63.61635 -0.00000 7.54972 0.00000 -19.65795 17.09894 -39.45698 7.12502 -0.00000 -0.00000 0.63037 -0.32701 647.58280
-0.87943 0.91468 -0.28586 -359.89101 -3.36952 -1141.46765 -0.00000 0.00000 -0.00000 347.61854 -21.22318 709.32900 -4.89198 35.65167 15.13379 -1.57947 -10.99055 -9.79949 -2.07027 -24.46022 -9.53010 -0.00000 0.00000 -0.00000 361.67835 -15.99934 348.33296 12.05596 49.87837 -25.58804 2.10780 -16.12274 10.36007 1.94313 -23.75726 9.21884 -2.44022 -0.84942 -0.35016 -1.56939 3.75132 -0.37210 -0.27940 4.34799 -0.25718 -6.15224 0.81513 -1.87859 -1.90767 10.23277 -2.36381 0.32958 3.19859 -1.52168 -0.00000 0.00000 0.00000 -64.34874 33.71255 -13.64738 29.85636 -17.35267 -59.57153 0.00000 17.45570 -0.00000 25.76586 -15.94369 -29.64395 -7.12502 -0.00000 0.00000 2.21236 -2.48609 -3.31112 -0.00000 0.00000 0.00000 81.84276 13.98997 -4.05253 -31.74882 -20.80909 65.69940 -0.00000 10.77970 0.00000 -22.52071 19.49393 -38.82770 7.12502 -0.00000 -0.00000 -2.46681 1.29487 647.32088
-0.89259 0.90661 -0.27303 -359.77706 -2.11564 -1137.73882 -0.00000 0.00000 -0.00000 348.24045 -21.46082 705.23045 -5.03519 36.07722 15.37825 -3.14972 -11.95457 -15.60591 -1.90352 -23.53249 -9.12009 -0.00000 0.00000 -0.00000 363.40323 -17.78646 349.56327 9.23921 45.55651 -21.78411 0.87521 -23.92191 6.53956 0.88586 -16.38998 6.14547 -2.73831 -0.77827 -0.48479 -1.03863 3.89820 -0.55789 0.42024 4.47213 -0.37109 -6.95061 1.50243 -2.59221 -0.90611 11.92673 -3.43700 0.72075 3.72911 -2.10287 0.00000 0.00000 0.00000 -63.57422 32.78567 -18.52961 29.77256 -17.21712 -59.32380 0.00000 21.61410 -0.00000 28.34457 -21.09780 -33.71424 -7.12502 -0.00000 0.00000 4.66547 -6.45076 -9.00612 0.00000 0.00000 0.00000 81.88767 11.22548 -2.77652 -32.18172 -21.73673 67.29452 -0.00000 11.75280 0.00000 -23.57523 21.51344 -40.04294 7.12502 -0.00000 -0.00000 -4.14613 2.34337 645.57484
-0.90614 0.89590 -0.26046 -359.33464 -2.14630 -1135.41025 -0.00000 0.00000 -0.00000 348.75773 -22.19911 707.59507 -4.81916 35.43163 15.00852 -2.11735 -17.15708 -10.19613 -3.46621 -30.80693 -12.53462 -0.00000 0.00000 -0.00000 362.51257 -19.37434 349.48507 8.05340 43.34390 -20.09117 -3.02643 -29.84705 -1.21284 0.76307 -15.25070 5.69509 -4.07034 -1.02766 -0.41858 -0.81273 4.23372 -0.41641 1.40988 4.98063 -0.36864 -5.91126 3.54435 -3.13525 -2.01403 12.02278 -4.25267 0.16240 3.34383 -2.50171 -0.00000 0.00000 0.00000 -63.66017 31.56827 -22.32035 29.88209 -17.39455 -59.64794 0.00000 24.14960 -0.00000 29.28155 -23.76372 -35.70173 -7.12502 -0.00000 0.00000 5.50750 -8.48866 -11.84746 -0.00000 0.00000 0.00000 82.25564 8.58339 -2.29575 -32.80580 -23.20387 69.78681 -0.00000 14.39940 0.00000 -24.77607 23.33252 -40.63316 7.12502 -0.00000 -0.00000 -5.78113 3.42269 644.47287
-0.91464 0.89730 -0.25269 -358.77677 -2.58896 -1132.72778 -0.00000 0.00000 -0.00000 348.91764 -24.37627 711.91592 -5.06675 36.16971 15.43177 -2.09606 -17.00616 -10.15439 -4.41452 -34.16086 -14.29950 -0.00000 0.00000 -0.00000 360.48788 -18.35256 346.54987 7.98370 43.20477 -19.98949 -3.03910 -30.10600 -1.13611 0.23035 -8.47405 3.10851 -5.34726 -0.86384 -0.64723 -0.88554 4.51200 -0.67882 2.02580 5.21944 -0.56112 -6.91071 5.67428 -2.57333 -1.51326 13.93443 -3.75272 0.52131 3.66088 -2.35311 -0.00000 0.00000 0.00000 -64.36041 30.07391 -25.43257 29.67407 -17.05937 -59.03465 0.00000 27.61040 -0.00000 29.94274 -25.21977 -36.49101 -7.12502 -0.00000 0.00000 5.98780 -9.72353 -13.15833 -0.00000 0.00000 0.00000 82.64530 6.61752 -0.83299 -33.00744 -23.71821 70.65328 -0.00000 18.66500 0.00000 -26.61247 27.08650 -42.26422 7.12502 -0.00000 -0.00000 -8.62974 5.67429 641.91648
-0.92382 0.89542 -0.25224 -359.01941 -3.01340 -1130.61942 -0.00000 0.00000 -0.00000 349.60062 -25.35522 713.80575 -5.22244 36.61971 15.69417 -0.76715 -16.14149 -5.71816 -4.57750 -34.68283 -14.58782 -0.00000 0.00000 -0.00000 361.27697 -16.24760 346.92920 7.80087 42.83462 -19.72152 -4.28038 -31.58770 -3.17592 0.20906 -8.07666 2.96061 -7.16756 0.29409 -0.52242 -0.67221 5.68599 -0.52917 3.29120 5.83450 -0.63097 -6.89766 3.84931 -2.34611 -2.58220 20.48795 -3.11798 0.12256 5.65862 -2.34199 0.00000 0.00000 -0.00000 -64.05622 28.24637 -29.98269 28.96356 -15.96828 -57.00850 0.00000 30.75400 -0.00000 30.20259 -25.83498 -36.82103 -7.12502 -0.00000 0.00000 6.16817 -10.24300 -13.71074 0.00000 0.00000 -0.00000 83.52730 3.86971 2.48190 -32.57596 -22.64326 68.83840 -0.00000 23.85660 0.00000 -25.11451 27.94061 -44.98856 7.12502 -0.00000 -0.00000 -8.07569 5.84390 639.33688
-0.93284 0.89813 -0.24240 -361.11018 -0.48289 -1129.98642 -0.00000 0.00000 -0.00000 352.20447 -25.02424 712.13087 -5.82331 38.26314 16.68241 -0.56287 -17.35104 -5.05356 -4.11593 -33.16633 -13.76086 -0.00000 0.00000 -0.00000 363.72950 -14.65524 343.38605 6.78617 40.63020 -18.19748 -3.51468 -30.90664 -1.84159 0.40473 -11.19098 4.12936 -2.78280 -0.46095 -0.37087 -0.22597 6.37423 -0.44271 1.28439 6.91307 -0.40376 -5.30257 2.83981 -1.91506 -4.34411 25.07490 -2.14362 -0.67506 7.25686 -2.06579 -0.00000 0.00000 0.00000 -63.91290 27.93238 -31.37918 28.65583 -15.51934 -56.16041 0.00000 30.71850 -0.00000 29.59306 -24.20234 -35.82417 -7.12502 -0.00000 0.00000 5.71518 -8.91576 -12.14737 -0.00000 0.00000 0.00000 83.96739 4.27706 2.06429 -32.64779 -22.81573 69.13064 -0.00000 21.52290 0.00000 -24.60056 28.38078 -46.07322 7.12502 -0.00000 -0.00000 -7.96501 5.98892 638.28833
-0.94285 0.90269 -0.24048 -359.53023 -1.23859 -1132.06017 -0.00000 0.00000 -0.00000 350.43200 -23.52824 711.08189 -5.55949 37.55899 16.25304 0.59515 -18.64350 -1.30634 -3.84275 -32.20923 -13.25505 -0.00000 0.00000 -0.00000 363.55810 -14.61818 346.48365 6.69356 40.41516 -18.05495 -4.03069 -31.48307 -2.69352 0.33984 -10.26880 3.78082 -5.11137 -0.09189 0.63332 -1.02016 6.13704 1.00873 1.93565 6.37636 0.21618 -4.94492 2.62731 -1.69122 -3.89644 26.18079 -1.90976 -0.58400 7.66163 -1.92829 -0.00000 0.00000 0.00000 -62.21413 28.88367 -31.30085 28.81206 -15.74558 -56.58891 0.00000 30.44330 -0.00000 29.92140 -25.26265 -36.55812 -7.12502 -0.00000 0.00000 5.98027 -9.73955 -13.23273 -0.00000 0.00000 0.00000 83.97379 5.48268 0.00632 -32.99929 -23.69699 70.61759 -0.00000 20.94080 0.00000 -23.96495 28.88418 -47.37962 7.12502 -0.00000 -0.00000 -7.82072 6.15166 637.03890
-0.95242 0.90892 -0.23697 -357.19369 -0.20108 -1132.98447 -0.00000 0.00000 -0.00000 349.42533 -24.34314 709.44494 -5.37918 37.06226 15.95557 1.14348 -18.70049 0.57970 -2.95836 -28.73707 -11.51205 -0.00000 0.00000 -0.00000 363.43640 -16.43535 347.13729 6.42684 39.78151 -17.64087 -4.23613 -31.09062 -3.31588 0.33276 -10.16275 3.74088 -4.97490 -1.89522 0.85477 -2.08907 5.75609 1.47285 0.82042 7.00908 0.47830 -4.53676 2.38998 -1.40863 -2.59529 24.10861 -1.75220 -0.20544 7.00471 -1.62804 0.00000 0.00000 -0.00000 -59.87236 29.58529 -29.82521 29.27705 -16.43988 -57.89011 0.00000 29.45220 -0.00000 29.53900 -27.55991 -39.23094 -7.12502 -0.00000 0.00000 5.94412 -11.03226 -16.44975 0.00000 0.00000 -0.00000 85.16259 5.65505 -0.99186 -33.22638 -24.30385 71.63608 -0.00000 22.08330 0.00000 -25.87204 29.07897 -45.06158 7.12502 -0.00000 -0.00000 -9.02657 6.63693 638.96247
-0.95807 0.91336 -0.23683 -356.77336 1.36062 -1133.52485 -0.00000 0.00000 -0.00000 350.46715 -25.22064 708.77554 -5.37934 37.06271 15.95583 1.42291 -18.80319 1.52402 -2.70442 -27.61099 -10.97426 -0.00000 0.00000 -0.00000 366.12632 -16.61388 349.63350 6.04312 38.83043 -17.03513 -5.34485 -31.74469 -5.36086 0.18232 -7.54679 2.76388 -4.40652 -1.09883 0.42045 -1.71855 5.35387 0.78001 0.78392 6.14926 0.18379 -4.27850 1.47351 -0.74231 -3.10532 21.95952 -0.67640 -0.28278 6.44665 -1.05942 -0.00000 0.00000 0.00000 -60.17935 28.58977 -27.48588 29.42509 -16.66788 -58.31307 0.00000 28.90280 -0.00000 29.61480 -26.24544 -37.88203 -7.12502 -0.00000 0.00000 5.89924 -10.20900 -14.75878 -0.00000 0.00000 0.00000 84.99447 6.62541 -1.30488 -33.37628 -24.72328 72.33781 -0.00000 21.37730 0.00000 -25.11214 28.95713 -45.92970 7.12502 -0.00000 -0.00000 -8.51985 6.42146 638.25581
-0.96283 0.91529 -0.23502 -356.57555 2.04790 -1133.74287 -0.00000 0.00000 -0.00000 350.97044 -25.66109 709.23864 -5.39781 37.11420 15.98647 1.50311 -19.18388 1.63215 -2.32365 -25.78444 -10.12686 -0.00000 0.00000 -0.00000 367.09060 -16.42617 350.11407 5.81343 38.23722 -16.66643 -5.87429 -32.43334 -6.09668 0.32500 -10.04526 3.69667 -3.06829 -0.57687 0.53017 -2.08883 5.31490 0.85887 -0.35197 5.82010 0.30351 -3.62590 2.07302 -0.77647 -2.32380 19.80656 -0.91623 -0.16945 5.65170 -0.99324 -0.00000 0.00000 0.00000 -58.04044 29.02523 -27.14877 29.41692 -16.65520 -58.28961 0.00000 27.66240 -0.00000 30.15997 -25.64421 -36.67835 -7.12502 -0.00000 0.00000 6.13254 -10.10075 -13.50693 -0.00000 0.00000 0.00000 85.30657 6.11450 -1.67533 -33.48850 -25.04831 72.88052 -0.00000 19.54240 0.00000 -23.98834 28.33283 -46.84413 7.12502 -0.00000 -0.00000 -7.58742 5.83653 637.64135
-0.96749 0.91586 -0.23375 -356.10518 2.28364 -1134.72327 -0.00000 0.00000 -0.00000 351.04270 -25.44871 709.25283 -5.31238 36.87491 15.84450 1.88715 -19.85933 2.62691 -2.37408 -26.03694 -10.24227 -0.00000 0.00000 -0.00000 367.77916 -16.39108 351.60893 5.73997 38.04352 -16.54750 -6.11768 -33.22910 -6.15265 0.20964 -8.08762 2.96468 -3.77043 -0.44822 0.14309 -1.31419 5.21783 0.32483 0.79291 5.64726 -0.00912 -5.23168 1.62470 -0.09663 -2.24373 19.80239 0.07196 0.22809 5.73105 -0.63318 0.00000 0.00000 -0.00000 -59.64601 27.10989 -26.72765 29.02492 -16.05941 -57.17959 0.00000 28.18870 -0.00000 30.38600 -25.02590 -35.80809 -7.12502 -0.00000 0.00000 6.20339 -9.82878 -12.51339 0.00000 0.00000 -0.00000 82.95185 7.57622 -0.97140 -33.42783 -24.87136 72.58518 -0.00000 20.06700 0.00000 -24.15292 28.20435 -46.50427 7.12502 -0.00000 -0.00000 -7.62495 5.79687 637.96662
-0.97192 0.91454 -0.23204 -355.51178 2.04073 -1135.75334 -0.00000 0.00000 -0.00000 350.90384 -24.97299 709.71640 -5.23614 36.65879 15.71712 2.15269 -20.70681 3.07137 -2.15284 -24.90242 -9.72782 -0.00000 0.00000 -0.00000 367.73419 -16.35915 352.52439 5.70796 37.95848 -16.49551 -6.70608 -33.84004 -6.99225 0.19763 -7.85469 2.87813 -3.19041 -0.64473 0.61601 -2.06313 5.06046 0.97381 -0.24616 5.58595 0.35941 -4.32437 0.97118 -0.45134 -1.58998 21.46771 -0.51471 0.21506 6.37189 -0.85885 -0.00000 0.00000 0.00000 -58.45727 27.86094 -25.71923 29.37213 -16.58592 -58.16126 0.00000 28.00380 -0.00000 30.53658 -24.23496 -34.83172 -7.12502 -0.00000 0.00000 6.21861 -9.42131 -11.34997 -0.00000 0.00000 0.00000 83.03834 6.87906 -0.76779 -33.36832 -24.70060 72.29991 -0.00000 20.40620 0.00000 -23.77837 28.22314 -47.02533 7.12502 -0.00000 -0.00000 -7.41732 5.73002 637.51472
-0.97645 0.91279 -0.23056 -355.01603 1.86350 -1136.32345 -0.00000 0.00000 -0.00000 350.95243 -24.64622 710.26756 -5.14224 36.38922 15.55934 2.16658 -21.29808 2.80740 -2.45758 -26.44758 -10.43111 -0.00000 0.00000 -0.00000 367.52476 -16.15135 352.80564 5.65314 37.81194 -16.40623 -6.81178 -34.53938 -6.80014 0.32752 -10.08361 3.71110 -2.99092 -1.01672 0.67203 -2.42179 4.82638 1.06970 -0.71985 5.56077 0.42776 -3.22723 0.68610 -0.28480 -1.88163 22.31365 -0.28821 -0.04569 6.68306 -0.71425 -0.00000 0.00000 0.00000 -58.35601 27.67499 -25.64183 29.29054 -16.46051 -57.92847 0.00000 27.43500 -0.00000 30.41355 -24.80456 -35.55242 -7.12502 -0.00000 0.00000 6.20042 -9.70620 -12.20254 -0.00000 0.00000 0.00000 83.23888 7.37592 -0.64286 -33.34756 -24.64165 72.20137 -0.00000 19.43660 0.00000 -23.71425 27.91544 -46.82427 7.12502 -0.00000 -0.00000 -7.24123 5.54071 637.76887
-0.97942 0.91194 -0.22965 -354.90310 1.76185 -1136.75029 -0.00000 0.00000 -0.00000 351.26851 -24.30639 710.92683 -5.05424 36.13312 15.41057 2.14271 -21.52952 2.61492 -3.23909 -29.90885 -12.08526 -0.00000 0.00000 -0.00000 367.19494 -16.09005 352.58417 5.67770 37.87773 -16.44627 -6.05751 -34.50811 -5.34208 0.28922 -9.48339 3.48569 -2.84118 -0.99260 0.57610 -2.33203 4.82904 0.93091 -0.72532 5.55101 0.36411 -3.88413 0.77218 -0.30330 -1.58141 22.58792 -0.34927 0.15875 6.76277 -0.78519 -0.00000 0.00000 -0.00000 -59.26651 27.25657 -25.43020 29.38283 -16.60244 -58.19189 0.00000 27.91740 -0.00000 31.17502 -25.60617 -35.53903 -7.12502 -0.00000 0.00000 6.66087 -10.59126 -12.56961 -0.00000 0.00000 -0.00000 82.87539 7.89563 -0.00690 -33.27377 -24.43471 71.85520 -0.00000 19.70890 0.00000 -23.37235 27.05414 -46.46382 7.12502 -0.00000 -0.00000 -6.65022 4.98346 638.31172
-0.98212 0.91113 -0.22937 -355.03737 1.67780 -1136.53915 -0.00000 0.00000 -0.00000 351.65429 -24.42537 711.86106 -5.06870 36.17542 15.43507 1.86480 -21.33389 1.83787 -3.44188 -30.71271 -12.48705 -0.00000 0.00000 -0.00000 367.18137 -15.84492 352.33217 5.72680 38.00857 -16.52612 -6.04413 -34.30068 -5.42476 0.31281 -9.85761 3.62612 -2.35284 -0.67731 0.58968 -2.50987 4.84532 0.92340 -1.18905 5.39712 0.38730 -3.82449 1.18106 -0.44671 -0.90139 22.40568 -0.70241 0.32136 6.63615 -0.89183 0.00000 0.00000 0.00000 -58.52866 27.36565 -26.27272 29.26926 -16.42798 -57.86798 0.00000 27.47930 -0.00000 30.91424 -25.42916 -35.64287 -7.12502 -0.00000 0.00000 6.51129 -10.34848 -12.56915 0.00000 0.00000 0.00000 83.47093 7.69736 -0.06071 -33.24033 -24.34220 71.70031 -0.00000 19.76830 0.00000 -23.71984 27.62490 -46.54129 7.12502 -0.00000 -0.00000 -7.11237 5.37747 638.09044
-0.98392 0.91132 -0.22944 -354.51851 1.65286 -1136.11748 -0.00000 0.00000 -0.00000 351.06045 -24.58160 711.15269 -5.03319 36.07133 15.37484 1.94086 -21.82280 1.84925 -2.82009 -28.13226 -11.22168 -0.00000 0.00000 -0.00000 366.82625 -16.17544 352.21815 5.78250 38.15592 -16.61643 -5.88338 -34.47308 -5.01992 0.26447 -9.07334 3.33219 -3.07339 -0.72658 0.07453 -2.04837 4.68915 0.24256 -0.37054 5.25484 0.01217 -4.46237 0.64755 -0.21732 -1.27071 22.74189 -0.25738 0.37053 6.83728 -0.77235 -0.00000 0.00000 -0.00000 -60.62254 26.76121 -25.16865 29.50210 -16.78787 -58.53487 0.00000 27.59630 -0.00000 30.78287 -25.37736 -35.73257 -7.12502 -0.00000 0.00000 6.43838 -10.24939 -12.61689 -0.00000 0.00000 -0.00000 82.73621 8.99118 -0.04856 -33.22825 -24.30897 71.64466 -0.00000 19.02010 0.00000 -23.73216 26.87234 -45.79452 7.12502 -0.00000 -0.00000 -6.77517 4.96281 638.93895
-0.98627 0.91038 -0.22819 -353.99846 1.15148 -1135.78101 -0.00000 0.00000 -0.00000 349.97576 -24.47830 711.04643 -4.96974 35.88391 15.26684 2.30230 -22.34445 2.69854 -2.96296 -28.75687 -11.52162 -0.00000 0.00000 -0.00000 365.69866 -16.20576 351.37588 5.78370 38.15907 -16.61837 -5.68069 -34.52425 -4.59825 0.25232 -8.86482 3.25428 -3.26895 -1.14005 -0.03755 -2.32512 4.79661 0.13367 -0.56110 5.60878 -0.04918 -4.31854 0.59265 -0.21977 -1.20570 22.30798 -0.26832 0.36278 6.70407 -0.74492 -0.00000 0.00000 0.00000 -60.10778 26.67192 -26.13636 29.28522 -16.45238 -57.91334 0.00000 27.63290 -0.00000 30.85681 -25.65938 -35.93322 -7.12502 -0.00000 0.00000 6.49628 -10.46340 -12.91184 -0.00000 0.00000 0.00000 82.91194 9.19247 -0.02076 -33.22745 -24.30679 71.64101 -0.00000 19.01110 0.00000 -23.87817 26.81609 -45.54132 7.12502 -0.00000 -0.00000 -6.83495 4.96423 639.17263
-0.98830 0.90976 -0.22807 -354.25825 1.69079 -1136.10611 -0.00000 0.00000 -0.00000 350.73866 -24.45810 711.48309 -4.98561 35.93095 15.29390 2.51317 -23.23021 2.87946 -2.85722 -28.29659 -11.30021 -0.00000 0.00000 -0.00000 367.00113 -15.60271 352.85150 5.66366 37.84015 -16.42339 -5.78584 -35.45043 -4.34304 0.17282 -7.34905 2.69059 -2.48760 -1.36603 0.20293 -2.25894 4.70817 0.43197 -0.89977 5.64225 0.13420 -3.40308 0.58404 -0.44336 -1.97989 22.25540 -0.47996 -0.06754 6.68441 -0.82790 -0.00000 0.00000 0.00000 -59.50733 27.51529 -26.06053 29.42945 -16.67464 -58.32559 0.00000 27.14060 -0.00000 30.97664 -25.36377 -35.51074 -7.12502 -0.00000 0.00000 6.53994 -10.33941 -12.43167 -0.00000 0.00000 0.00000 83.22102 8.99504 -0.38505 -33.23945 -24.33978 71.69626 -0.00000 19.23530 0.00000 -24.22002 26.33100 -44.59715 7.12502 -0.00000 -0.00000 -6.81583 4.77849 640.12472
-0.98929 0.90895 -0.22743 -354.24038 1.78544 -1136.08936 -0.00000 0.00000 -0.00000 350.73087 -24.44685 711.46686 -4.95799 35.84900 15.24679 2.70377 -23.83250 3.12162 -2.55381 -26.90977 -10.64543 -0.00000 0.00000 -0.00000 366.97689 -15.64495 352.62844 5.68097 37.88648 -16.45159 -5.63006 -35.40290 -4.07030 0.22650 -8.40357 3.08226 -2.72320 -1.39295 -0.08430 -1.71775 4.72031 0.03778 -0.24668 5.67063 -0.08324 -4.59193 0.53298 -0.14191 -1.75364 21.80060 -0.03591 0.26483 6.55050 -0.68075 0.00000 0.00000 -0.00000 -60.40104 27.27358 -25.55629 29.54916 -16.86167 -58.67098 0.00000 26.94820 -0.00000 31.25171 -25.49224 -35.34469 -7.12502 -0.00000 0.00000 6.69463 -10.55906 -12.35887 0.00000 0.00000 -0.00000 81.89565 9.83215 0.05124 -33.17757 -24.17064 71.41285 -0.00000 18.94540 0.00000 -24.04358 26.52734 -45.03110 7.12502 -0.00000 -0.00000 -6.80039 4.84452 639.69401
-0.99031 0.90835 -0.22665 -354.07580 1.63765 -1135.80242 -0.00000 0.00000 -0.00000 350.44752 -24.42236 711.40810 -4.94119 35.79896 15.21807 2.61103 -24.09074 2.73187 -2.71481 -27.65841 -10.99666 -0.00000 0.00000 -0.00000 366.49327 -15.70187 352.12045 5.71121 37.96713 -16.50079 -5.49740 -35.50547 -3.77003 0.22230 -8.32615 3.05343 -2.53462 -1.63597 -0.13271 -1.97897 4.74389 -0.01316 -0.63215 5.83563 -0.09492 -3.95952 0.50832 -0.31241 -1.94257 21.91568 -0.27009 0.06717 6.59034 -0.75998 -0.00000 0.00000 0.00000 -59.77124 27.67194 -25.65097 29.56045 -16.87944 -58.70373 0.00000 26.68800 -0.00000 31.30566 -25.49009 -35.28521 -7.12502 -0.00000 0.00000 6.72329 -10.58507 -12.30997 -0.00000 0.00000 0.00000 82.10001 9.75849 0.20853 -33.14266 -24.07632 71.25469 -0.00000 18.84240 0.00000 -24.00019 26.29080 -44.85128 7.12502 -0.00000 -0.00000 -6.66593 4.70859 639.91637
-0.99087 0.90751 -0.22612 -353.94445 1.52649 -1135.60669 -0.00000 0.00000 -0.00000 350.46041 -24.49155 711.74304 -4.91263 35.71362 15.16920 2.34254 -23.70847 2.16017 -2.78239 -27.96393 -11.14150 -0.00000 0.00000 -0.00000 366.16109 -15.80771 351.87373 5.77690 38.14115 -16.60736 -5.34572 -35.50284 -3.48427 0.23077 -8.48167 3.11135 -3.00316 -1.74900 -0.35215 -1.64296 4.82862 -0.29311 -0.05230 5.99812 -0.26512 -4.42233 0.07682 -0.20310 -2.23235 22.21570 -0.01049 0.08880 6.76445 -0.70693 -0.00000 0.00000 -0.00000 -60.50841 27.31511 -25.61551 29.52022 -16.81624 -58.58722 0.00000 26.92610 -0.00000 31.22145 -25.30643 -35.19238 -7.12502 -0.00000 0.00000 6.66669 -10.42823 -12.14755 -0.00000 0.00000 -0.00000 81.12393 10.18991 0.59527 -33.08978 -23.93495 71.01744 -0.00000 18.63400 0.00000 -23.86535 26.20206 -44.94312 7.12502 -0.00000 -0.00000 -6.54485 4.63147 639.86196
-0.99136 0.90763 -0.22574 -353.71013 1.26608 -1135.66647 -0.00000 0.00000 -0.00000 350.11775 -24.50781 711.83625 -4.90031 35.67671 15.14809 2.30192 -23.74138 2.03046 -2.76688 -27.89423 -11.10837 -0.00000 0.00000 -0.00000 365.87758 -15.77508 352.12248 5.79441 38.18725 -16.63569 -5.35030 -35.60497 -3.44573 0.17680 -7.43248 2.72150 -3.43567 -1.76757 -0.33559 -1.71034 4.73360 -0.24865 0.12689 5.91142 -0.25998 -4.64859 0.41980 -0.22037 -1.84898 22.18976 -0.12066 0.23644 6.69833 -0.74787 -0.00000 0.00000 -0.00000 -60.48821 27.41084 -25.66344 29.47632 -16.74759 -58.46047 0.00000 26.79080 -0.00000 30.90706 -25.02131 -35.24155 -7.12502 -0.00000 0.00000 6.47922 -10.09165 -12.05131 -0.00000 0.00000 -0.00000 81.16598 10.32438 0.32365 -33.10357 -23.97164 71.07904 -0.00000 18.26580 0.00000 -24.19885 26.15350 -44.44544 7.12502 -0.00000 -0.00000 -6.72181 4.67986 640.30698
-0.99149 0.90731 -0.22557 -353.66401 1.18934 -1135.70209 -0.00000 0.00000 -0.00000 349.96051 -24.56596 711.80360 -4.93979 35.79478 15.21568 2.27539 -23.78552 1.93575 -2.81323 -28.10175 -11.20712 -0.00000 0.00000 -0.00000 365.80468 -15.69319 352.13754 5.77475 38.13548 -16.60388 -5.24747 -35.78846 -3.16851 0.16715 -7.22826 2.64586 -3.02750 -1.78528 -0.00191 -2.14591 4.70813 0.19750 -0.50492 5.88356 -0.01035 -4.06258 0.51857 -0.48005 -1.53300 22.50958 -0.57613 0.17856 6.78522 -0.90094 -0.00000 0.00000 0.00000 -59.46314 28.38161 -26.05811 29.47364 -16.74341 -58.45275 0.00000 26.32980 -0.00000 31.05223 -25.22080 -35.28705 -7.12502 -0.00000 0.00000 6.57063 -10.28902 -12.18280 -0.00000 0.00000 0.00000 82.16850 9.54535 -0.16478 -33.17581 -24.16585 71.40483 -0.00000 18.00840 0.00000 -23.92690 25.85833 -44.50814 7.12502 -0.00000 -0.00000 -6.42269 4.46426 640.33760
-0.99141 0.90725 -0.22518 -353.64233 1.13346 -1135.74246 -0.00000 0.00000 -0.00000 349.88108 -24.51556 711.92987 -4.92133 35.73965 15.18409 2.29829 -23.72214 2.02904 -2.94629 -28.68505 -11.48693 -0.00000 0.00000 -0.00000 365.74697 -15.68989 352.27068 5.80194 38.20706 -16.64787 -5.28669 -35.79051 -3.24114 0.15692 -7.00509 2.56328 -3.26707 -1.75668 -0.14589 -1.99736 4.70578 0.00811 -0.23702 5.86807 -0.11821 -4.24656 0.55227 -0.35981 -1.83327 22.28333 -0.34686 0.14393 6.70524 -0.82404 0.00000 0.00000 -0.00000 -60.26029 28.10753 -25.62273 29.50442 -16.79150 -58.54156 0.00000 26.21550 -0.00000 31.36601 -25.50832 -35.23919 -7.12502 -0.00000 0.00000 6.75677 -10.62704 -12.28126 0.00000 0.00000 -0.00000 81.81490 10.11202 -0.05826 -33.17007 -24.15031 71.37877 -0.00000 18.23630 0.00000 -23.98513 25.93913 -44.51287 7.12502 -0.00000 -0.00000 -6.49485 4.51968 640.30958
-0.99151 0.90712 -0.22507 -353.59775 1.14140 -1135.83675 -0.00000 0.00000 -0.00000 349.94823 -24.53514 711.96358 -4.89533 35.66174 15.13954 2.30693 -23.83549 2.00156 -3.01790 -28.99171 -11.63540 -0.00000 0.00000 -0.00000 365.85977 -15.65348 352.60935 5.80605 38.21786 -16.65452 -5.33053 -35.93670 -3.25674 0.16243 -7.12629 2.60812 -2.67272 -1.80794 0.28833 -2.61625 4.66130 0.58850 -1.15011 5.85001 0.21021 -3.48057 0.59683 -0.76399 -1.16658 22.43839 -1.06824 0.13232 6.74798 -1.05507 0.00000 0.00000 0.00000 -58.72373 29.29984 -26.12177 29.57198 -16.89760 -58.73719 0.00000 25.71350 -0.00000 31.38602 -25.34039 -35.05171 -7.12502 -0.00000 0.00000 6.75721 -10.53274 -12.04954 0.00000 0.00000 0.00000 83.06935 9.16750 -0.41285 -33.18586 -24.19315 71.45059 -0.00000 18.15140 0.00000 -23.73609 25.96044 -44.87134 7.12502 -0.00000 -0.00000 -6.35624 4.47465 639.99358
-0.99135 0.90726 -0.22464 -353.53193 1.09004 -1135.74422 -0.00000 0.00000 -0.00000 349.81052 -24.51793 711.97253 -4.88184 35.62119 15.11640 2.31115 -23.73521 2.05929 -2.95731 -28.73256 -11.50987 -0.00000 0.00000 -0.00000 365.61953 -15.74549 352.35579 5.81627 38.24469 -16.67104 -5.33034 -35.85774 -3.29233 0.20326 -7.96477 2.91902 -3.82424 -1.78223 -0.32398 -1.76998 4.60613 -0.21450 0.28822 5.78789 -0.25640 -4.65976 0.50154 -0.23396 -1.94669 22.33165 -0.12960 0.20717 6.73104 -0.76662 0.00000 0.00000 -0.00000 -60.74090 28.03927 -25.18725 29.52599 -16.82529 -58.60391 0.00000 25.38340 -0.00000 31.15854 -25.25002 -35.20300 -7.12502 -0.00000 0.00000 6.62928 -10.36116 -12.12919 0.00000 0.00000 -0.00000 81.55375 10.80316 -0.05906 -33.13838 -24.06482 71.23539 -0.00000 18.00140 0.00000 -23.94597 25.65537 -44.27216 7.12502 -0.00000 -0.00000 -6.34005 4.36302 640.60076
-0.99098 0.90711 -0.22469 -353.66513 1.15978 -1135.86131 -0.00000 0.00000 -0.00000 349.96182 -24.51315 712.06439 -4.90630 35.69467 15.15836 2.36648 -23.77251 2.19792 -3.18120 -29.67302 -11.96873 -0.00000 0.00000 -0.00000 365.96354 -15.53820 352.76733 5.77653 38.14016 -16.60675 -5.49720 -36.09421 -3.49541 0.17760 -7.44925 2.72772 -3.92270 -1.75163 -0.40384 -1.62809 4.66932 -0.32332 0.47862 5.84271 -0.31971 -4.68202 0.41994 -0.12718 -2.10013 22.27679 0.05126 0.18393 6.72565 -0.69324 -0.00000 0.00000 0.00000 -60.88745 27.90003 -25.05309 29.52602 -16.82533 -58.60399 0.00000 25.24530 -0.00000 31.20838 -25.03975 -34.93942 -7.12502 -0.00000 0.00000 6.64202 -10.25664 -11.81584 -0.00000 0.00000 0.00000 81.55256 11.22111 0.16119 -33.12164 -24.01990 71.16003 -0.00000 17.67380 0.00000 -23.49196 25.92338 -45.16583 7.12502 -0.00000 -0.00000 -6.19457 4.39948 639.74917
-0.99015 0.90730 -0.22444 -353.44762 1.07662 -1135.76086 -0.00000 0.00000 -0.00000 349.69191 -24.73181 712.10851 -4.90074 35.67798 15.14882 2.28074 -23.65751 2.00906 -3.23887 -29.90794 -12.08481 -0.00000 0.00000 -0.00000 365.73513 -15.62141 352.84550 5.76469 38.10891 -16.58757 -5.39261 -36.16198 -3.26999 0.13534 -6.50870 2.37990 -3.48435 -1.94849 -0.10658 -2.15201 4.68904 0.08720 -0.26783 5.96064 -0.08665 -3.93053 0.27430 -0.47030 -1.85261 22.53164 -0.49492 0.06358 6.83290 -0.87754 -0.00000 0.00000 0.00000 -59.38045 28.91363 -25.76437 29.51200 -16.80336 -58.56345 0.00000 25.17050 -0.00000 31.09354 -24.78273 -34.80151 -7.12502 -0.00000 0.00000 6.56201 -10.04013 -11.58226 -0.00000 0.00000 0.00000 82.59223 10.29119 -0.11061 -33.13444 -24.05421 71.21760 -0.00000 17.98170 0.00000 -23.37942 25.56057 -44.94380 7.12502 -0.00000 -0.00000 -5.95804 4.18372 640.04482
-0.98980 0.90740 -0.22416 -353.68181 1.33023 -1135.75568 -0.00000 0.00000 -0.00000 350.17267 -24.85146 712.33688 -4.91960 35.73448 15.18113 2.19048 -23.59681 1.78143 -3.12040 -29.42219 -11.84545 -0.00000 0.00000 -0.00000 366.21088 -15.44958 353.06782 5.71168 37.96839 -16.50156 -5.61353 -36.31262 -3.61035 0.15112 -6.87533 2.51531 -3.18237 -1.89064 -0.12671 -1.98916 4.66135 0.03587 -0.27335 5.89713 -0.10012 -3.98456 -0.02294 -0.41318 -2.03706 22.82170 -0.35917 0.03082 6.97896 -0.84159 -0.00000 0.00000 0.00000 -59.28244 29.00577 -25.83013 29.42630 -16.66975 -58.31654 0.00000 25.08730 -0.00000 30.83315 -24.93936 -35.23776 -7.12502 -0.00000 0.00000 6.43364 -10.00347 -12.01035 -0.00000 0.00000 0.00000 82.68217 10.42177 -0.29837 -33.13431 -24.05388 71.21705 -0.00000 18.09050 0.00000 -23.47808 25.67727 -44.93026 7.12502 -0.00000 -0.00000 -6.07114 4.26728 640.02340
-0.98897 0.90722 -0.22384 -353.55049 1.15029 -1135.74495 -0.00000 0.00000 -0.00000 349.78604 -24.79164 712.03227 -4.93198 35.77148 15.20232 2.25342 -23.77754 1.87769 -2.97552 -28.81082 -11.54771 -0.00000 0.00000 -0.00000 365.90185 -15.48575 353.01306 5.69450 37.92261 -16.47362 -5.85162 -35.97334 -4.21346 0.22774 -8.42644 3.09078 -3.39356 -1.85801 -0.24602 -1.97406 4.60772 -0.11740 -0.15605 5.82614 -0.18446 -4.50442 -0.04161 -0.30531 -1.83316 22.73326 -0.21479 0.20545 6.95581 -0.79793 0.00000 0.00000 0.00000 -59.54292 28.83239 -25.67502 29.38894 -16.61188 -58.20937 0.00000 25.05390 -0.00000 30.38236 -24.56936 -35.34445 -7.12502 -0.00000 0.00000 6.16460 -9.54571 -11.92339 0.00000 0.00000 0.00000 82.76233 10.96806 -0.42048 -33.13491 -24.05549 71.21975 -0.00000 17.31580 0.00000 -23.34680 25.34049 -44.75738 7.12502 -0.00000 -0.00000 -5.83507 4.06234 640.27012
-0.98819 0.90695 -0.22403 -354.41124 1.77077 -1136.12874 -0.00000 0.00000 -0.00000 351.11395 -24.53652 712.40785 -4.96705 35.87593 15.26225 2.29552 -23.86169 1.95767 -2.99553 -28.89644 -11.58918 -0.00000 0.00000 -0.00000 367.61278 -14.74022 354.39036 5.64283 37.78426 -16.38941 -6.25377 -36.47322 -4.71671 0.16427 -7.16628 2.62292 -2.70169 -1.59870 -0.25106 -1.47888 4.69315 -0.18714 -0.03615 5.76394 -0.19864 -4.67753 0.07565 -0.09951 -2.02730 22.45417 0.10533 0.21315 6.84200 -0.66713 -0.00000 0.00000 0.00000 -60.04909 28.61855 -25.43104 29.38360 -16.60363 -58.19410 0.00000 25.28810 -0.00000 30.53994 -24.59847 -35.20443 -7.12502 -0.00000 0.00000 6.25092 -9.64432 -11.82284 -0.00000 0.00000 0.00000 82.57908 11.10163 -0.38271 -33.12105 -24.01834 71.15741 -0.00000 18.17950 0.00000 -23.67752 25.43850 -44.40864 7.12502 -0.00000 -0.00000 -6.07800 4.18979 640.54454
-0.98731 0.90685 -0.22337 -354.08920 1.38086 -1136.15080 -0.00000 0.00000 -0.00000 350.43277 -24.47046 712.22177 -4.94137 35.79950 15.21838 2.31948 -23.92398 1.99635 -2.84371 -28.23696 -11.27169 -0.00000 0.00000 -0.00000 366.83532 -14.97513 354.10279 5.67959 37.88278 -16.44934 -6.20480 -36.39109 -4.66674 0.22211 -8.32247 3.05206 -2.99890 -1.79608 -0.25438 -1.67782 4.60248 -0.16215 -0.07394 5.78308 -0.19428 -4.53197 0.17072 -0.11573 -2.12884 22.37288 0.08531 0.15263 6.79863 -0.67006 0.00000 0.00000 -0.00000 -59.89760 28.95254 -25.18877 29.43863 -16.68890 -58.35197 0.00000 24.88230 -0.00000 30.65279 -24.34414 -34.82080 -7.12502 -0.00000 0.00000 6.29030 -9.54722 -11.39228 0.00000 0.00000 -0.00000 82.70940 11.23972 -0.56001 -33.10698 -23.98073 71.09429 -0.00000 17.81250 0.00000 -23.65245 25.30275 -44.29963 7.12502 -0.00000 -0.00000 -5.99945 4.11438 640.67870
-0.98641 0.90635 -0.22298 -354.19007 1.29556 -1136.08378 -0.00000 0.00000 -0.00000 350.38816 -24.32040 712.31585 -4.94517 35.81083 15.22488 2.25787 -24.01842 1.78231 -2.94680 -28.68726 -11.48800 -0.00000 0.00000 -0.00000 366.68732 -14.94361 353.97225 5.71683 37.98208 -16.50993 -6.14354 -36.34672 -4.57517 0.24487 -8.73430 3.20555 -2.89083 -1.91475 -0.20068 -1.76814 4.59608 -0.08593 -0.22089 5.84224 -0.14994 -4.21608 0.15422 -0.15974 -2.12403 22.56540 0.00486 0.08885 6.86282 -0.68873 0.00000 0.00000 0.00000 -59.48635 29.31227 -25.58836 29.34116 -16.53819 -58.07274 0.00000 25.04590 -0.00000 30.81363 -24.23701 -34.53840 -7.12502 -0.00000 0.00000 6.36838 -9.56506 -11.11204 0.00000 0.00000 0.00000 82.97766 10.90116 -0.66593 -33.11576 -24.00419 71.13367 -0.00000 17.91660 0.00000 -23.80910 25.48863 -44.28282 7.12502 -0.00000 -0.00000 -6.18027 4.24584 640.63932
-0.98579 0.90589 -0.22274 -354.48872 1.05175 -1135.78519 -0.00000 0.00000 -0.00000 350.33810 -24.14589 712.42857 -4.99005 35.94410 15.30146 2.14694 -23.92474 1.51521 -3.01520 -28.98020 -11.62981 -0.00000 0.00000 -0.00000 366.70335 -14.35851 353.99665 5.67531 37.87134 -16.44237 -6.44673 -36.53590 -5.04139 0.25387 -8.89169 3.26431 -3.08540 -1.71666 -0.32891 -1.64189 4.68392 -0.26195 0.00061 5.82656 -0.25001 -4.62422 0.42697 -0.12906 -1.85990 22.31800 0.00142 0.24336 6.73691 -0.69504 -0.00000 0.00000 0.00000 -59.61560 29.49489 -25.48094 29.38352 -16.60350 -58.19386 0.00000 25.04280 -0.00000 30.92542 -24.23377 -34.41659 -7.12502 -0.00000 0.00000 6.42877 -9.62044 -11.01124 -0.00000 0.00000 0.00000 82.72310 10.88483 -0.64455 -33.10655 -23.97959 71.09238 -0.00000 17.87950 0.00000 -24.13700 25.51030 -43.86413 7.12502 -0.00000 -0.00000 -6.38831 4.33155 640.99684
-0.98480 0.90627 -0.22252 -354.71711 1.47888 -1135.86214 -0.00000 0.00000 -0.00000 350.88973 -24.51005 712.63636 -5.04476 36.10531 15.39448 2.09884 -23.77723 1.44478 -3.13751 -29.49309 -11.88023 -0.00000 0.00000 -0.00000 367.35821 -14.25788 354.35392 5.59464 37.65433 -16.31064 -6.56990 -36.43079 -5.32203 0.21172 -8.12730 2.97944 -2.99988 -2.00400 -0.56121 -1.13050 4.72096 -0.58512 0.44371 6.04197 -0.41927 -5.14734 0.36119 0.01094 -2.13237 22.23857 0.27544 0.28248 6.72384 -0.62767 0.00000 0.00000 -0.00000 -60.77470 29.11562 -24.79511 29.47774 -16.74980 -58.46456 0.00000 25.16080 -0.00000 30.81358 -24.39127 -34.69808 -7.12502 -0.00000 0.00000 6.38094 -9.65832 -11.31395 0.00000 0.00000 -0.00000 81.91612 11.66617 -0.44098 -33.10602 -23.97817 71.09000 -0.00000 17.46580 0.00000 -23.87063 25.48248 -44.19318 7.12502 -0.00000 -0.00000 -6.21448 4.25679 640.71918
-0.98388 0.90605 -0.22249 -354.75538 1.40127 -1136.00340 -0.00000 0.00000 -0.00000 350.88834 -24.42111 712.78853 -5.02478 36.04659 15.36056 2.04297 -23.81235 1.27387 -3.00404 -28.93271 -11.60676 -0.00000 0.00000 -0.00000 367.34524 -14.21088 354.60252 5.60765 37.68950 -16.33193 -6.56862 -36.34853 -5.36176 0.17563 -7.40812 2.71248 -2.69572 -2.07854 -0.34970 -1.43914 4.71196 -0.30007 -0.01566 6.06212 -0.25695 -4.98937 0.43434 -0.16134 -1.53507 22.28848 -0.08447 0.40001 6.72883 -0.74028 -0.00000 0.00000 0.00000 -59.82259 29.65401 -25.30935 29.44720 -16.70223 -58.37662 0.00000 24.80510 -0.00000 31.00699 -24.06745 -34.15788 -7.12502 -0.00000 0.00000 6.45975 -9.56216 -10.72204 -0.00000 0.00000 0.00000 82.56796 11.22454 -0.71432 -33.11996 -24.01540 71.15249 -0.00000 17.58780 0.00000 -23.60095 25.25196 -44.31599 7.12502 -0.00000 -0.00000 -5.94484 4.07644 640.67976
-0.98284 0.90617 -0.22235 -354.85820 1.28575 -1135.99238 -0.00000 0.00000 -0.00000 350.80994 -24.29472 712.80993 -5.02293 36.04116 15.35742 2.04904 -23.82142 1.28696 -3.05113 -29.13232 -11.70380 -0.00000 0.00000 -0.00000 367.25602 -14.06296 354.70082 5.59317 37.65036 -16.30824 -6.52085 -36.45536 -5.21887 0.13308 -6.45449 2.35990 -2.67827 -1.97971 -0.36645 -1.46983 4.60787 -0.32727 -0.05863 5.89533 -0.26614 -5.25399 1.01763 -0.14778 -1.21848 22.04622 -0.15958 0.53644 6.55187 -0.76705 -0.00000 0.00000 0.00000 -60.04958 29.94709 -24.93106 29.49150 -16.77129 -58.50424 0.00000 24.77210 -0.00000 30.64076 -24.04340 -34.52045 -7.12502 -0.00000 0.00000 6.25838 -9.35939 -11.00659 -0.00000 0.00000 0.00000 82.84213 11.18338 -1.12078 -33.13976 -24.06851 71.24159 -0.00000 18.09290 0.00000 -23.85917 25.15161 -43.85914 7.12502 -0.00000 -0.00000 -6.05331 4.08538 641.10610
-0.98164 0.90558 -0.22263 -354.92944 1.22145 -1135.82917 -0.00000 0.00000 -0.00000 350.72709 -24.26804 712.70994 -5.02426 36.04505 15.35967 1.97044 -23.72607 1.10764 -3.03220 -29.05236 -11.66488 -0.00000 0.00000 -0.00000 367.11250 -14.12354 354.21802 5.60275 37.67624 -16.32391 -6.92431 -36.23003 -6.08441 0.35967 -10.55974 3.89054 -2.64714 -1.98834 -0.47147 -1.50211 4.73445 -0.46629 -0.12813 6.03618 -0.33528 -4.51784 -0.02994 -0.10682 -2.04783 22.68077 0.09142 0.17742 6.93349 -0.67294 -0.00000 0.00000 0.00000 -59.78274 29.82439 -25.29573 29.44350 -16.69648 -58.36599 0.00000 25.00440 -0.00000 30.55590 -24.03129 -34.59826 -7.12502 -0.00000 0.00000 6.21138 -9.30828 -11.06424 -0.00000 0.00000 0.00000 82.93486 11.54575 -0.94476 -33.14175 -24.07386 71.25056 -0.00000 17.31100 0.00000 -23.36379 25.35909 -44.75368 7.12502 -0.00000 -0.00000 -5.85395 4.07585 640.26849
-0.98065 0.90553 -0.22284 -354.86543 1.08389 -1135.80308 -0.00000 0.00000 -0.00000 350.48465 -24.23222 712.61156 -4.99342 35.95407 15.30720 2.03077 -23.67679 1.29707 -2.99234 -28.88281 -11.58257 -0.00000 0.00000 -0.00000 366.70492 -14.36473 353.72922 5.63854 37.77272 -16.38240 -6.80145 -35.91880 -6.02093 0.36726 -10.66886 3.93175 -2.69343 -2.15261 -0.37081 -1.55753 4.85138 -0.31842 -0.14513 6.25243 -0.26645 -4.48330 0.25045 -0.24193 -2.13476 22.17207 -0.09590 0.12019 6.72125 -0.74586 0.00000 0.00000 -0.00000 -59.18198 30.06436 -26.03969 29.34378 -16.54223 -58.08023 0.00000 24.74520 -0.00000 30.51647 -24.03944 -34.64893 -7.12502 -0.00000 0.00000 6.19074 -9.29305 -11.11016 0.00000 0.00000 -0.00000 82.95499 10.94964 -0.74798 -33.10666 -23.97987 71.09286 -0.00000 17.69700 0.00000 -24.00326 25.26808 -43.78859 7.12502 -0.00000 -0.00000 -6.19488 4.17756 641.13316
-0.97932 0.90575 -0.22310 -354.95995 1.22275 -1135.73415 -0.00000 0.00000 -0.00000 350.62743 -24.44567 712.67265 -5.02158 36.03717 15.35512 2.00080 -23.58361 1.25227 -3.07717 -29.24181 -11.75720 -0.00000 0.00000 -0.00000 366.88479 -14.34856 353.70682 5.59341 37.65099 -16.30863 -6.82945 -35.81434 -6.12958 0.38214 -10.87932 4.01131 -2.47787 -2.15834 -0.39522 -1.50690 4.83992 -0.36430 -0.21941 6.24228 -0.27930 -5.01419 0.50504 -0.19654 -1.49481 21.94064 -0.13914 0.40931 6.60466 -0.75189 0.00000 0.00000 0.00000 -59.12057 30.33948 -26.01429 29.35933 -16.56617 -58.12464 0.00000 24.76390 -0.00000 30.61550 -23.45832 -33.92889 -7.12502 -0.00000 0.00000 6.19183 -8.99738 -10.25016 0.00000 0.00000 0.00000 83.13492 11.04866 -0.94837 -33.15475 -24.10890 71.30934 -0.00000 17.36360 0.00000 -23.98725 25.14261 -43.67696 7.12502 -0.00000 -0.00000 -6.12683 4.11037 641.26707
-0.97799 0.90546 -0.22376 -354.93162 1.28463 -1135.68609 -0.00000 0.00000 -0.00000 350.62683 -24.51256 712.55236 -5.00428 35.98615 15.32569 1.95905 -23.50490 1.16773 -2.96634 -28.77142 -11.52865 -0.00000 0.00000 -0.00000 367.03738 -14.39551 354.02386 5.59707 37.66091 -16.31463 -6.87773 -36.07850 -6.07848 0.36911 -10.69530 3.94173 -2.63462 -2.18923 -0.49609 -1.34982 4.74579 -0.49796 0.01708 6.16547 -0.35462 -5.27870 0.16484 -0.11203 -1.50239 22.49720 0.01594 0.47461 6.84397 -0.72124 0.00000 0.00000 -0.00000 -59.97022 30.37754 -25.41046 29.40553 -16.63755 -58.25693 0.00000 25.27620 -0.00000 30.66258 -23.42522 -33.84385 -7.12502 -0.00000 0.00000 6.21475 -9.00211 -10.16420 0.00000 0.00000 -0.00000 82.70111 11.19886 -0.89803 -33.10880 -23.98560 71.10246 -0.00000 17.42560 0.00000 -23.36488 25.17112 -44.55305 7.12502 -0.00000 -0.00000 -5.76597 3.97984 640.49751
-0.97710 0.90566 -0.22433 -355.12274 1.48183 -1135.74012 -0.00000 0.00000 -0.00000 350.92990 -24.55576 712.51983 -4.99180 35.94926 15.30444 1.99896 -23.39281 1.32790 -3.06777 -29.20234 -11.73794 -0.00000 0.00000 -0.00000 367.45479 -14.28583 354.34660 5.57836 37.61022 -16.28398 -6.73330 -36.16814 -5.76140 0.22026 -8.28807 3.03925 -2.76457 -2.24189 -0.66662 -0.99325 4.73580 -0.73412 0.43233 6.19662 -0.48590 -5.19826 -0.12501 0.05442 -2.22068 22.70381 0.39589 0.28155 6.95933 -0.60117 0.00000 0.00000 0.00000 -60.52617 30.01541 -24.96395 29.40531 -16.63721 -58.25630 0.00000 25.00660 -0.00000 30.02647 -23.53596 -34.64110 -7.12502 -0.00000 0.00000 5.87928 -8.73832 -10.87010 0.00000 0.00000 0.00000 82.22271 11.67650 -0.58718 -33.05161 -23.83396 70.84782 -0.00000 17.54260 0.00000 -23.47280 25.22342 -44.46069 7.12502 -0.00000 -0.00000 -5.85487 4.03194 640.56227
-0.97573 0.90567 -0.22462 -355.02566 1.20326 -1135.67150 -0.00000 0.00000 -0.00000 350.51816 -24.44698 712.30064 -4.96644 35.87412 15.26121 1.95072 -23.43213 1.17462 -2.80910 -28.08332 -11.19834 -0.00000 0.00000 -0.00000 367.03097 -14.33609 354.23732 5.59767 37.66254 -16.31561 -6.69718 -36.27060 -5.64061 0.28452 -9.40695 3.45705 -2.50625 -2.14067 -0.48910 -1.45791 4.67757 -0.49281 -0.16578 6.06261 -0.34171 -5.15849 0.71260 -0.10983 -1.40442 21.95739 -0.04960 0.47344 6.57340 -0.71656 -0.00000 0.00000 -0.00000 -59.33414 30.74309 -25.20430 29.39820 -16.62620 -58.23591 0.00000 24.61060 -0.00000 30.18561 -23.51146 -34.44353 -7.12502 -0.00000 0.00000 5.96268 -8.80623 -10.69676 -0.00000 0.00000 -0.00000 83.16570 11.19753 -0.99084 -33.10510 -23.97571 71.08587 -0.00000 17.39420 0.00000 -24.04613 25.00775 -43.45394 7.12502 -0.00000 -0.00000 -6.09989 4.05610 641.50021
-0.97519 0.90563 -0.22477 -354.77945 0.86990 -1135.45959 -0.00000 0.00000 -0.00000 349.89802 -24.43362 712.03717 -4.94995 35.82507 15.23305 1.94452 -23.38257 1.17779 -2.75902 -27.85882 -11.09157 -0.00000 0.00000 -0.00000 366.40989 -14.43502 353.90445 5.61059 37.69743 -16.33674 -6.63281 -36.02800 -5.64717 0.24213 -8.68577 3.18745 -2.98950 -2.42047 -0.63704 -1.49251 4.70986 -0.65149 0.04568 6.26799 -0.44401 -4.91124 0.25741 -0.06646 -1.99798 22.42574 0.13929 0.26777 6.80232 -0.67005 0.00000 0.00000 -0.00000 -59.23782 30.59576 -25.58547 29.31477 -16.49764 -57.99746 0.00000 24.52500 -0.00000 30.24418 -23.41232 -34.27435 -7.12502 -0.00000 0.00000 5.98468 -8.77777 -10.51196 0.00000 0.00000 -0.00000 83.01689 11.53556 -1.00232 -33.12325 -24.02421 71.16726 -0.00000 17.27240 0.00000 -24.19254 25.26425 -43.53089 7.12502 -0.00000 -0.00000 -6.30831 4.21882 641.35759
-0.97440 0.90523 -0.22495 -355.11138 0.98295 -1135.27016 -0.00000 0.00000 -0.00000 350.21967 -24.30791 712.15423 -4.94566 35.81228 15.22571 1.84424 -23.26434 0.94194 -2.73673 -27.75802 -11.04378 -0.00000 0.00000 -0.00000 366.64617 -14.23025 353.71297 5.61711 37.71502 -16.34740 -6.59739 -36.10858 -5.53901 0.25740 -8.95264 3.28708 -2.57421 -2.41184 -0.66369 -1.44250 4.77286 -0.71153 -0.14468 6.32459 -0.45558 -5.13596 0.33970 -0.10889 -1.77326 22.30679 0.04733 0.36682 6.75134 -0.70982 0.00000 0.00000 -0.00000 -59.25673 30.86960 -25.17316 29.44835 -16.70401 -58.37992 0.00000 24.20630 -0.00000 29.91128 -23.07254 -34.26339 -7.12502 -0.00000 0.00000 5.76901 -8.40446 -10.34667 0.00000 0.00000 -0.00000 83.12024 11.51801 -0.95462 -33.10542 -23.97656 71.08730 -0.00000 17.28610 0.00000 -24.36699 25.30435 -43.34091 7.12502 -0.00000 -0.00000 -6.43361 4.27856 641.51058
-0.97362 0.90530 -0.22567 -355.00889 0.66994 -1135.20864 -0.00000 0.00000 -0.00000 349.83305 -24.21149 712.04369 -4.92927 35.76341 15.19770 1.87333 -23.23281 1.03766 -2.77999 -27.95315 -11.13637 -0.00000 0.00000 -0.00000 366.37388 -14.18555 353.88566 5.63938 37.77498 -16.38377 -6.73318 -36.27725 -5.70405 0.27167 -9.19457 3.37753 -2.98491 -2.28646 -0.63056 -1.48807 4.70443 -0.64940 0.05028 6.18489 -0.44221 -5.04723 -0.06989 -0.07023 -1.87757 22.75283 0.14909 0.33281 6.96643 -0.67851 0.00000 0.00000 0.00000 -59.21506 31.05567 -25.36184 29.35357 -16.55729 -58.10818 0.00000 24.08760 -0.00000 29.74791 -23.07271 -34.43996 -7.12502 -0.00000 0.00000 5.68062 -8.31948 -10.49272 0.00000 0.00000 0.00000 83.15787 11.32290 -1.02919 -33.09894 -23.95930 71.05832 -0.00000 17.53330 0.00000 -23.48285 25.03689 -44.24816 7.12502 -0.00000 -0.00000 -5.77291 3.93945 640.80171
-0.97299 0.90539 -0.22598 -355.30244 0.90715 -1135.06828 -0.00000 0.00000 -0.00000 350.21488 -24.31330 712.04309 -4.96434 35.86786 15.25762 1.80008 -23.05997 0.89905 -2.80358 -28.05871 -11.18661 -0.00000 0.00000 -0.00000 366.77970 -14.03088 353.81521 5.60508 37.68256 -16.32773 -6.86725 -36.24620 -5.96963 0.29501 -9.57663 3.52065 -2.54325 -2.24986 -0.58462 -1.44882 4.71323 -0.61400 -0.15260 6.16582 -0.40423 -5.10927 0.56605 -0.17111 -1.54140 22.11457 -0.09756 0.41705 6.65087 -0.75071 0.00000 0.00000 -0.00000 -59.36438 31.35770 -25.25256 29.43235 -16.67915 -58.33394 0.00000 24.38340 -0.00000 30.15609 -23.00608 -33.92858 -7.12502 -0.00000 0.00000 5.89530 -8.49299 -10.04048 0.00000 0.00000 -0.00000 83.34529 11.17619 -1.20956 -33.09691 -23.95391 71.04927 -0.00000 17.40810 0.00000 -23.41574 25.20961 -44.52418 7.12502 -0.00000 -0.00000 -5.81434 4.01151 640.51080
-0.97251 0.90530 -0.22623 -355.20965 0.72782 -1134.97560 -0.00000 0.00000 -0.00000 349.97315 -24.28184 712.06020 -4.94599 35.81328 15.22629 1.77037 -23.04117 0.82149 -2.75528 -27.84194 -11.08356 -0.00000 0.00000 -0.00000 366.50266 -14.05967 353.71711 5.63337 37.75884 -16.37397 -6.67517 -36.37576 -5.54519 0.25587 -8.92621 3.27720 -3.02282 -2.27029 -0.73606 -1.27700 4.66280 -0.79928 0.27420 6.13844 -0.52171 -5.29554 0.07883 -0.01856 -1.79062 22.57187 0.20708 0.41033 6.88162 -0.65818 -0.00000 0.00000 -0.00000 -60.00307 31.19507 -25.02566 29.38866 -16.61145 -58.20858 0.00000 24.48640 -0.00000 30.25926 -23.05089 -33.86755 -7.12502 -0.00000 0.00000 5.95650 -8.57281 -10.01045 -0.00000 0.00000 -0.00000 82.98538 11.51091 -1.12892 -33.03812 -23.79849 70.78823 -0.00000 17.56190 0.00000 -23.25024 24.97851 -44.50498 7.12502 -0.00000 -0.00000 -5.60657 3.85485 640.59483
-0.97210 0.90513 -0.22664 -355.28149 0.73644 -1134.81771 -0.00000 0.00000 -0.00000 349.99465 -24.37848 711.97007 -4.97081 35.88708 15.26866 1.73660 -22.96034 0.75698 -2.76049 -27.86546 -11.09472 -0.00000 0.00000 -0.00000 366.61883 -13.97597 353.77121 5.61738 37.71574 -16.34783 -6.88087 -36.34078 -5.94482 0.29773 -9.62014 3.53697 -3.15289 -2.26996 -0.80476 -1.15160 4.71007 -0.88973 0.46610 6.19551 -0.57680 -5.01065 -0.30408 0.02829 -2.36656 22.66871 0.39682 0.20236 6.97880 -0.59393 -0.00000 0.00000 -0.00000 -59.92211 31.25093 -25.08662 29.38063 -16.59904 -58.18559 0.00000 24.33320 -0.00000 30.01062 -23.04194 -34.12325 -7.12502 -0.00000 0.00000 5.81959 -8.43829 -10.21791 -0.00000 0.00000 -0.00000 82.88491 11.63343 -1.06698 -33.04696 -23.82173 70.82727 -0.00000 17.30700 0.00000 -23.38691 24.87206 -44.20254 7.12502 -0.00000 -0.00000 -5.63763 3.83366 640.88983
-0.97198 0.90531 -0.22691 -355.27748 0.68391 -1134.71977 -0.00000 0.00000 -0.00000 349.97202 -24.43451 712.09379 -4.96391 35.86659 15.25689 1.64521 -22.84605 0.53901 -2.77953 -27.95112 -11.13540 -0.00000 0.00000 -0.00000 366.56962 -13.97720 353.75145 5.62460 37.73522 -16.35964 -7.04574 -36.28923 -6.27848 0.30304 -9.70446 3.56861 -3.21812 -2.38863 -0.75530 -1.13120 4.74889 -0.81499 0.53077 6.30442 -0.54524 -5.11319 0.11088 0.00832 -2.10967 21.78043 0.29710 0.28393 6.61755 -0.59243 -0.00000 0.00000 0.00000 -59.97600 31.35051 -25.26351 29.33057 -16.52190 -58.04250 0.00000 24.47090 -0.00000 29.76819 -22.95363 -34.28740 -7.12502 -0.00000 0.00000 5.67849 -8.26032 -10.31302 -0.00000 0.00000 0.00000 82.80969 11.50745 -1.12628 -33.05236 -23.83594 70.85116 -0.00000 17.12230 0.00000 -23.04507 24.84522 -44.64527 7.12502 -0.00000 -0.00000 -5.42143 3.73817 640.51205
-0.97163 0.90511 -0.22685 -355.59983 0.89407 -1134.54279 -0.00000 0.00000 -0.00000 350.33122 -24.43575 712.12132 -4.99596 35.96159 15.31153 1.61872 -22.75585 0.49757 -2.88317 -28.41056 -11.35484 -0.00000 0.00000 -0.00000 366.85924 -13.82041 353.43336 5.58678 37.63304 -16.29777 -6.94661 -36.26457 -6.10744 0.28137 -9.35540 3.43774 -2.99269 -2.32345 -0.86074 -0.86127 4.75657 -0.98403 0.66519 6.28007 -0.62399 -5.25269 -0.48903 0.15083 -2.40718 22.30146 0.61028 0.25677 6.88954 -0.49946 -0.00000 0.00000 -0.00000 -60.36557 31.36224 -25.00748 29.30075 -16.47615 -57.95753 0.00000 24.27140 -0.00000 29.85723 -23.28666 -34.55487 -7.12502 -0.00000 0.00000 5.76242 -8.50259 -10.68559 -0.00000 0.00000 -0.00000 82.52915 11.91288 -1.19470 -33.03402 -23.78773 70.77014 -0.00000 17.29950 0.00000 -22.25796 24.75806 -45.65830 7.12502 -0.00000 -0.00000 -4.92030 3.50055 639.65344
-0.97154 0.90496 -0.22707 -355.48976 0.70053 -1134.42399 -0.00000 0.00000 -0.00000 350.05491 -24.42366 712.04234 -4.99449 35.95724 15.30903 1.56480 -22.73274 0.35053 -2.79596 -28.02469 -11.17040 -0.00000 0.00000 -0.00000 366.59203 -13.78220 353.31934 5.58475 37.62754 -16.29444 -6.99454 -36.22512 -6.21778 0.32001 -9.96883 3.66792 -3.23657 -2.31878 -0.90279 -0.92019 4.66060 -1.02532 0.73774 6.18170 -0.65204 -5.30597 -0.44785 0.20767 -2.37581 22.16588 0.68293 0.28379 6.83693 -0.46115 -0.00000 0.00000 0.00000 -60.48879 31.58385 -24.61079 29.30603 -16.48425 -57.97257 0.00000 24.22210 -0.00000 29.97265 -23.06422 -34.18833 -7.12502 -0.00000 0.00000 5.80137 -8.43156 -10.28140 -0.00000 0.00000 0.00000 82.70708 12.04655 -1.38751 -33.00741 -23.71812 70.65312 -0.00000 17.31840 0.00000 -23.04568 24.94703 -44.75411 7.12502 -0.00000 -0.00000 -5.47036 3.78984 640.38712
-0.97169 0.90514 -0.22734 -355.51932 0.70529 -1134.41807 -0.00000 0.00000 -0.00000 350.16885 -24.39620 712.26344 -4.95665 35.84502 15.24450 1.48247 -22.60847 0.15889 -2.77348 -27.92392 -11.12248 -0.00000 0.00000 -0.00000 366.70750 -13.74292 353.51900 5.60952 37.69455 -16.33499 -7.05608 -36.41669 -6.22910 0.29302 -9.54474 3.50869 -3.19498 -2.42095 -0.86598 -0.99203 4.62246 -0.97043 0.64496 6.19591 -0.62058 -5.37228 0.17395 0.20180 -2.02172 21.31038 0.55898 0.38381 6.45117 -0.46235 -0.00000 0.00000 -0.00000 -59.96603 31.67957 -24.87352 29.19866 -16.32056 -57.66791 0.00000 23.50210 -0.00000 29.64101 -22.80701 -34.26323 -7.12502 -0.00000 0.00000 5.59320 -8.10815 -10.22627 -0.00000 0.00000 -0.00000 83.02164 12.09634 -1.58039 -33.00646 -23.71567 70.64900 -0.00000 17.11470 0.00000 -22.63746 24.57128 -44.91729 7.12502 -0.00000 -0.00000 -5.04987 3.50085 640.35442
-0.97162 0.90506 -0.22745 -355.54696 0.68120 -1134.36165 -0.00000 0.00000 -0.00000 350.08767 -24.34073 712.03868 -4.96907 35.88191 15.26569 1.56307 -22.61755 0.38948 -2.90765 -28.51752 -11.40622 -0.00000 0.00000 -0.00000 366.70708 -13.66139 353.50764 5.59978 37.66822 -16.31905 -6.94312 -36.40156 -6.02800 0.23399 -8.54012 3.13314 -3.24123 -2.50829 -0.88942 -0.99805 4.65268 -0.99469 0.65926 6.28011 -0.63585 -5.12460 0.15459 0.28488 -2.27260 20.96815 0.70538 0.27584 6.34255 -0.37779 -0.00000 0.00000 0.00000 -60.07363 31.74056 -24.68802 29.19083 -16.30869 -57.64578 0.00000 23.69860 -0.00000 29.79553 -22.80088 -34.08965 -7.12502 -0.00000 0.00000 5.67635 -8.18530 -10.07992 -0.00000 0.00000 0.00000 83.10504 12.52823 -1.63255 -32.98450 -23.65855 70.55294 -0.00000 16.71570 0.00000 -23.06873 24.84553 -44.61279 7.12502 -0.00000 -0.00000 -5.43558 3.74411 640.53980
-0.97160 0.90485 -0.22759 -355.49445 0.54860 -1134.34066 -0.00000 0.00000 -0.00000 349.90823 -24.23686 711.95859 -4.96034 35.85599 15.25080 1.57877 -22.72358 0.39442 -2.85894 -28.30414 -11.30383 -0.00000 0.00000 -0.00000 366.53574 -13.67062 353.49235 5.62463 37.73531 -16.35970 -6.95852 -36.39771 -6.05856 0.24297 -8.70071 3.19302 -3.25594 -2.53736 -0.80944 -1.14879 4.65209 -0.87821 0.52455 6.29007 -0.57561 -4.60147 -0.22083 0.23088 -2.61407 20.88109 0.69552 0.07700 6.37962 -0.36333 0.00000 0.00000 -0.00000 -59.83004 32.11051 -24.66668 29.16890 -16.27550 -57.58386 0.00000 23.47580 -0.00000 29.77447 -23.05809 -34.39520 -7.12502 -0.00000 0.00000 5.69333 -8.32466 -10.44903 0.00000 0.00000 -0.00000 83.39289 12.49416 -1.80140 -32.96845 -23.61698 70.48300 -0.00000 17.01100 0.00000 -22.90075 24.78153 -44.77721 7.12502 -0.00000 -0.00000 -5.30577 3.67114 640.41516
-0.97154 0.90501 -0.22747 -355.45898 0.61796 -1134.30364 -0.00000 0.00000 -0.00000 349.93546 -24.40135 711.97094 -4.96825 35.87947 15.26429 1.55668 -22.61253 0.37281 -2.81340 -28.10249 -11.20748 -0.00000 0.00000 -0.00000 366.50410 -13.79902 353.28471 5.61938 37.72115 -16.35111 -7.08197 -36.31557 -6.33157 0.33402 -10.18170 3.74801 -3.18437 -2.54231 -0.79723 -1.11404 4.61959 -0.86749 0.52246 6.25713 -0.56678 -4.57176 -0.38919 0.32135 -2.53474 20.19610 0.81872 0.10615 6.18697 -0.26810 0.00000 0.00000 -0.00000 -59.99194 32.49741 -24.57487 29.17808 -16.28939 -57.60978 0.00000 22.78800 -0.00000 29.93537 -23.28976 -34.47381 -7.12502 -0.00000 0.00000 5.80481 -8.54504 -10.62056 0.00000 0.00000 -0.00000 83.47666 12.62004 -1.96588 -32.92441 -23.50371 70.29232 -0.00000 16.89990 0.00000 -24.25713 25.90442 -44.11266 7.12502 -0.00000 -0.00000 -6.64266 4.56220 640.66690
