HIERARCHY
ROOT Hips
{
  OFFSET 0.000000 0.000000 0.000000
  CHANNELS 6 Xposition Yposition Zposition Zrotation Xrotation Yrotation
  JOINT LeftHipJoint
  {
    OFFSET 0.000000 0.000000 0.000000
    CHANNELS 3 Zrotation Xrotation Yrotation
    JOINT LeftUpLeg
    {
      OFFSET 0.072733 -0.103458 0.058685
      CHANNELS 3 Zrotation Xrotation Yrotation
      JOINT LeftLeg
      {
        OFFSET 0.139895 -0.384360 0.000000
        CHANNELS 3 Zrotation Xrotation Yrotation
        JOINT LeftFoot
        {
          OFFSET 0.155377 -0.426896 0.000000
          CHANNELS 3 Zrotation Xrotation Yrotation
          JOINT LeftToeBase
          {
            OFFSET 0.007252 -0.019925 0.094953
            CHANNELS 3 Zrotation Xrotation Yrotation
            End Site
            {
              OFFSET 0.000000 -0.000000 0.049282
            }
          }
        }
      }
    }
  }
  JOINT RightHipJoint
  {
    OFFSET 0.000000 0.000000 0.000000
    CHANNELS 3 Zrotation Xrotation Yrotation
    JOINT RightUpLeg
    {
      OFFSET -0.074046 -0.103458 0.058685
      CHANNELS 3 Zrotation Xrotation Yrotation
      JOINT RightLeg
      {
        OFFSET -0.138142 -0.379542 0.000000
        CHANNELS 3 Zrotation Xrotation Yrotation
        JOINT RightFoot
        {
          OFFSET -0.150900 -0.414595 0.000000
          CHANNELS 3 Zrotation Xrotation Yrotation
          JOINT RightToeBase
          {
            OFFSET -0.009547 -0.026231 0.100260
            CHANNELS 3 Zrotation Xrotation Yrotation
            End Site
            {
              OFFSET -0.000000 -0.000000 0.052368
            }
          }
        }
      }
    }
  }
  JOINT Spine
  {
    OFFSET 0.000000 0.000000 0.000000
    CHANNELS 3 Zrotation Xrotation Yrotation
    JOINT Spine1
    {
      OFFSET 0.000705 0.120933 0.002169
      CHANNELS 3 Zrotation Xrotation Yrotation
      JOINT Spine2
      {
        OFFSET -0.001669 0.120903 -0.002117
        CHANNELS 3 Zrotation Xrotation Yrotation
        JOINT Neck
        {
          OFFSET -0.001907 0.120641 -0.003077
          CHANNELS 3 Zrotation Xrotation Yrotation
          JOINT Neck1
          {
            OFFSET -0.000947 0.093534 -0.003091
            CHANNELS 3 Zrotation Xrotation Yrotation
            JOINT Head
            {
              OFFSET 0.004466 0.089369 -0.006685
              CHANNELS 3 Zrotation Xrotation Yrotation
              End Site
              {
                OFFSET 0.001862 0.098180 -0.002411
              }
            }
          }
        }
        JOINT LeftShoulder
        {
          OFFSET -0.001907 0.120641 -0.003077
          CHANNELS 3 Zrotation Xrotation Yrotation
          JOINT LeftArm
          {
            OFFSET 0.191660 0.065756 0.004896
            CHANNELS 3 Zrotation Xrotation Yrotation
            JOINT LeftForeArm
            {
              OFFSET 0.295718 -0.000000 -0.000000
              CHANNELS 3 Zrotation Xrotation Yrotation
              JOINT LeftHand
              {
                OFFSET 0.187095 -0.000000 0.000000
                CHANNELS 3 Zrotation Xrotation Yrotation
                JOINT LeftHandMid
                {
                  OFFSET 0.093548 -0.000000 0.000000
                  CHANNELS 3 Zrotation Xrotation Yrotation
                  JOINT LeftHandIndex1
                  {
                    OFFSET 0.054520 -0.000000 0.000000
                    CHANNELS 3 Zrotation Xrotation Yrotation
                    End Site
                    {
                      OFFSET 0.043955 -0.000000 0.000000
                    }
                  }
                }
                JOINT LeftHandThumb1
                {
                  OFFSET 0.093548 -0.000000 0.000000
                  CHANNELS 3 Zrotation Xrotation Yrotation
                  End Site
                  {
                    OFFSET 0.044626 -0.000000 0.044626
                  }
                }
              }
            }
          }
        }
        JOINT RightShoulder
        {
          OFFSET -0.001907 0.120641 -0.003077
          CHANNELS 3 Zrotation Xrotation Yrotation
          JOINT RightArm
          {
            OFFSET -0.184682 0.074129 0.019157
            CHANNELS 3 Zrotation Xrotation Yrotation
            JOINT RightForeArm
            {
              OFFSET -0.299298 -0.000000 0.000000
              CHANNELS 3 Zrotation Xrotation Yrotation
              JOINT RightHand
              {
                OFFSET -0.207645 -0.000000 0.000000
                CHANNELS 3 Zrotation Xrotation Yrotation
                JOINT RightHandMid
                {
                  OFFSET -0.103822 -0.000000 0.000000
                  CHANNELS 3 Zrotation Xrotation Yrotation
                  JOINT RightHandIndex1
                  {
                    OFFSET -0.033574 -0.000000 0.000000
                    CHANNELS 3 Zrotation Xrotation Yrotation
                    End Site
                    {
                      OFFSET -0.027068 -0.000000 0.000000
                    }
                  }
                }
                JOINT RightHandThumb1
                {
                  OFFSET -0.103822 -0.000000 0.000000
                  CHANNELS 3 Zrotation Xrotation Yrotation
                  End Site
                  {
                    OFFSET -0.027481 -0.000000 0.027481
                  }
                }
              }
            }
          }
        }
      }
    }
  }
}
MOTION
Frames: 193
Frame Time: 0.033333
0.18813 0.95728 -0.90467 1.93560 2.98210 -7.24572 -0.00000 0.00000 -0.00000 -17.79884 -25.16986 -9.31103 -6.24290 39.33161 17.35202 -3.45060 -13.73624 -15.66497 -3.57722 31.23109 12.75005 -0.00000 0.00000 -0.00000 23.44004 -7.68045 8.71274 4.98757 35.93675 -15.29723 -15.82209 -37.56909 -21.18906 6.92018 40.93702 -18.40264 2.61170 -6.55682 1.33161 -1.82424 1.01025 1.64751 -3.14983 4.85493 0.91345 -0.61107 0.56932 -2.16310 2.68832 3.85251 -2.97205 0.87488 1.13970 -1.46033 0.00000 0.00000 0.00000 -80.49580 29.60126 0.27469 11.38806 -2.01432 -19.99869 0.00000 -5.69341 0.00000 -6.07114 1.22616 -11.37567 -7.12502 -0.00000 0.00000 -28.16513 14.74160 19.58010 0.00000 0.00000 0.00000 87.16661 11.99393 -7.22037 -12.63302 -2.49509 22.25994 -0.00000 6.93376 0.00000 10.57491 -7.63881 -35.45152 7.12502 -0.00000 -0.00000 36.75526 -10.34405 -58.51805
0.18840 0.95738 -0.90470 1.80664 3.18559 -7.42835 -0.00000 0.00000 -0.00000 -17.65573 -25.32811 -9.37557 -6.26735 39.39206 17.39059 -3.46332 -13.61479 -15.76947 -3.90512 32.43198 13.37171 -0.00000 0.00000 -0.00000 23.62372 -7.80984 8.98169 4.97420 35.89714 -15.27445 -11.14714 -45.69600 -8.03210 0.00264 -0.91212 0.33201 3.01899 -6.56786 1.49491 -1.94883 0.74277 1.83733 -3.49010 4.61379 1.01241 -0.05191 1.46378 -1.79738 2.52407 3.26267 -2.46077 0.75338 0.78704 -1.21112 -0.00000 0.00000 0.00000 -80.41351 31.89937 0.66832 11.77390 -2.15732 -20.69696 0.00000 -8.63820 0.00000 3.90901 -0.82050 -11.83600 -7.12502 -0.00000 0.00000 -19.40298 10.04509 18.65449 -0.00000 0.00000 0.00000 87.86041 12.68258 -8.08268 -12.29557 -2.35920 21.64463 -0.00000 9.59206 0.00000 6.32166 -3.47176 -28.66192 7.12502 -0.00000 -0.00000 31.99834 -5.86082 -54.28148
0.18816 0.95743 -0.90506 1.68276 3.29992 -7.31926 -0.00000 0.00000 -0.00000 -17.50020 -25.51219 -9.41584 -6.28161 39.42721 17.41305 -3.44316 -13.52537 -15.74886 -3.89252 32.38718 13.34820 -0.00000 0.00000 -0.00000 23.89818 -7.79928 9.22321 4.96205 35.86106 -15.25371 -11.29280 -48.58474 -6.79230 0.02944 3.04280 -1.10860 2.96939 -6.56187 1.31634 -1.77548 0.94908 1.59534 -3.30830 4.79934 0.89501 -0.23227 0.55600 -1.53555 2.44107 3.62265 -2.12298 0.75144 1.04701 -1.03599 0.00000 0.00000 0.00000 -80.26576 31.84097 -0.18335 11.77521 -2.15781 -20.69933 0.00000 -8.66425 0.00000 8.02862 -1.90862 -13.28564 -7.12502 -0.00000 0.00000 -15.53761 8.51519 16.96152 0.00000 0.00000 0.00000 87.79249 13.96274 -7.86884 -12.09019 -2.27853 21.27102 -0.00000 11.27330 0.00000 2.99947 -1.45916 -25.91870 7.12502 -0.00000 -0.00000 28.49822 -4.20411 -52.69011
0.18798 0.95738 -0.90515 1.74028 3.28094 -7.32953 -0.00000 0.00000 -0.00000 -17.57629 -25.46991 -9.48080 -6.27994 39.42308 17.41041 -3.42982 -13.47519 -15.73051 -3.99251 32.73979 13.53397 -0.00000 0.00000 -0.00000 23.86558 -7.77891 9.28795 4.96965 35.88364 -15.26668 -11.30644 -48.57311 -6.81701 0.03425 3.28146 -1.19575 2.86999 -6.47697 1.26661 -1.75858 1.00590 1.53830 -3.24289 4.80285 0.86476 -0.47083 0.44973 -1.47745 2.63747 3.67216 -2.05182 0.85267 1.08546 -1.00017 0.00000 0.00000 -0.00000 -80.27802 32.20195 -0.29361 11.88677 -2.20016 -20.90164 0.00000 -8.84025 0.00000 8.11309 -1.83805 -12.68034 -7.12502 -0.00000 0.00000 -15.56808 8.32063 17.55179 0.00000 0.00000 -0.00000 87.90738 14.19748 -7.91034 -12.13182 -2.29476 21.34669 -0.00000 11.33070 0.00000 2.76639 -1.32609 -25.59178 7.12502 -0.00000 -0.00000 28.26236 -4.03256 -52.45257
0.18779 0.95721 -0.90512 1.77931 3.24703 -7.37556 -0.00000 0.00000 -0.00000 -17.61084 -25.43492 -9.50448 -6.29167 39.45195 17.42887 -3.45360 -13.52955 -15.78150 -4.01244 32.80931 13.57079 -0.00000 0.00000 -0.00000 23.79693 -7.77765 9.21008 4.96751 35.87729 -15.26304 -11.08784 -48.50158 -6.54536 0.04054 3.56938 -1.30094 2.90388 -6.47800 1.25821 -1.82305 1.14332 1.52752 -3.32890 4.94919 0.86587 -0.41047 0.19289 -1.44099 2.65910 3.73505 -2.00655 0.84786 1.14751 -0.97411 0.00000 0.00000 -0.00000 -80.16389 32.60274 -0.34632 12.05959 -2.26665 -21.21542 0.00000 -8.94230 0.00000 8.18653 -1.80907 -12.37673 -7.12502 -0.00000 0.00000 -15.55499 8.20858 17.84554 0.00000 0.00000 -0.00000 88.15623 14.30223 -7.80792 -12.20198 -2.32225 21.47429 -0.00000 11.36310 0.00000 3.03293 -1.45230 -25.56385 7.12502 -0.00000 -0.00000 28.54669 -4.03603 -52.37193
0.18738 0.95709 -0.90504 1.87394 3.28934 -7.46298 -0.00000 0.00000 -0.00000 -17.62386 -25.52982 -9.34947 -6.29772 39.46684 17.43840 -3.45710 -13.45740 -15.83103 -4.02891 32.86658 13.60116 -0.00000 0.00000 -0.00000 23.68772 -7.84769 9.17462 4.96348 35.86532 -15.25616 -10.82547 -48.41097 -6.22036 0.05069 3.99054 -1.45495 2.76545 -6.47847 1.20844 -1.79575 1.18057 1.47111 -3.22921 4.97934 0.83455 -0.31483 0.23066 -1.45037 2.46074 3.45776 -2.00721 0.77207 1.05036 -0.97812 -0.00000 0.00000 0.00000 -80.23187 32.57418 -0.51476 11.94649 -2.22301 -21.01001 0.00000 -8.82552 0.00000 8.23605 -1.81152 -12.31976 -7.12502 -0.00000 0.00000 -15.52099 8.17098 17.89810 -0.00000 0.00000 0.00000 88.20536 14.53697 -7.68663 -12.14347 -2.29931 21.36788 -0.00000 11.24770 0.00000 3.43686 -1.74168 -26.84294 7.12502 -0.00000 -0.00000 28.93070 -4.68313 -53.40255
0.18699 0.95711 -0.90476 1.63763 3.41384 -7.64250 -0.00000 0.00000 -0.00000 -17.28703 -25.63265 -9.31877 -6.32754 39.53998 17.48528 -3.48170 -13.54552 -15.86662 -4.07978 33.04236 13.69467 -0.00000 0.00000 -0.00000 23.94971 -7.94308 9.14094 4.94052 35.79696 -15.21693 -10.76036 -48.19208 -6.23258 0.04604 3.80360 -1.38657 3.08479 -6.54187 1.27662 -1.73434 1.16770 1.53130 -3.33567 5.01377 0.87297 -0.17657 0.28838 -1.44048 2.37272 3.42380 -1.99138 0.72252 1.02679 -0.97017 -0.00000 0.00000 0.00000 -80.31630 32.74427 -0.50946 11.89630 -2.20380 -20.91894 0.00000 -8.89961 0.00000 7.81226 -1.54750 -11.13533 -7.12502 -0.00000 0.00000 -16.08877 8.05391 19.09131 -0.00000 0.00000 0.00000 88.37704 14.93543 -7.72378 -12.13471 -2.29589 21.35195 -0.00000 10.55410 0.00000 4.01136 -2.20109 -28.70871 7.12502 -0.00000 -0.00000 29.47444 -5.65553 -54.89085
0.18655 0.95727 -0.90455 1.58021 3.50317 -7.79644 -0.00000 0.00000 -0.00000 -17.17258 -25.67544 -9.35737 -6.33329 39.55405 17.49431 -3.51080 -13.75835 -15.85231 -4.00743 32.79186 13.56154 -0.00000 0.00000 -0.00000 24.01381 -8.08023 9.07074 4.93921 35.79306 -15.21469 -10.75647 -47.97766 -6.32924 0.03292 3.21692 -1.17218 3.20182 -6.54500 1.25890 -1.66983 1.11252 1.49480 -3.33972 4.95639 0.85540 -0.13623 0.59906 -1.57943 2.16973 2.95432 -2.16015 0.65642 0.82779 -1.06170 -0.00000 0.00000 0.00000 -80.58404 32.49810 -0.35874 11.75536 -2.15032 -20.66336 0.00000 -8.92752 0.00000 7.66820 -1.50993 -11.07330 -7.12502 -0.00000 0.00000 -16.22599 8.10148 19.16127 -0.00000 0.00000 0.00000 88.47299 15.26663 -7.82661 -12.15433 -2.30356 21.38762 -0.00000 10.16980 0.00000 4.68972 -2.56860 -28.64790 7.12502 -0.00000 -0.00000 30.21722 -5.69676 -54.67220
0.18599 0.95717 -0.90411 1.64781 3.48631 -7.89201 -0.00000 0.00000 -0.00000 -17.24575 -25.53581 -9.49414 -6.32761 39.54016 17.48539 -3.55709 -13.92664 -15.91787 -4.11193 33.15263 13.75354 -0.00000 0.00000 -0.00000 23.98658 -8.05464 9.12328 4.95297 35.83404 -15.23820 -10.80715 -47.97969 -6.40003 0.02664 2.89465 -1.05452 3.15758 -6.47475 1.26495 -1.66249 1.04312 1.50824 -3.30773 4.84361 0.85764 -0.16270 0.90661 -1.47959 2.21621 2.85211 -2.02449 0.68011 0.74445 -0.99648 -0.00000 0.00000 0.00000 -80.90798 32.46966 0.10187 11.56367 -2.07874 -20.31623 0.00000 -8.73607 0.00000 8.22454 -1.79106 -12.20162 -7.12502 -0.00000 0.00000 -15.55084 8.14609 18.01526 -0.00000 0.00000 0.00000 88.64754 15.38403 -8.05539 -12.19448 -2.31930 21.46065 -0.00000 10.16920 0.00000 5.58252 -3.17428 -29.53240 7.12502 -0.00000 -0.00000 31.16437 -6.24956 -55.20399
0.18539 0.95696 -0.90347 1.72764 3.45736 -7.89216 -0.00000 0.00000 -0.00000 -17.28614 -25.49087 -9.42608 -6.32593 39.53604 17.48275 -3.56716 -13.89999 -15.96430 -4.08721 33.06792 13.70830 -0.00000 0.00000 -0.00000 23.85344 -8.07974 8.87901 4.95714 35.84647 -15.24533 -10.54884 -47.90698 -6.06854 0.02603 2.86123 -1.04232 3.09148 -6.47359 1.25157 -1.63081 1.09314 1.49419 -3.23834 4.89130 0.84993 -0.46690 0.90583 -1.32447 2.49619 2.98882 -1.82743 0.81880 0.79125 -0.89794 0.00000 0.00000 -0.00000 -81.04919 32.52884 0.16872 11.36488 -2.00590 -19.95681 0.00000 -8.72071 0.00000 7.94063 -1.68396 -11.89701 -7.12502 -0.00000 0.00000 -15.85120 8.19768 18.33487 0.00000 0.00000 -0.00000 88.58193 15.45641 -7.84235 -12.07988 -2.27453 21.25229 -0.00000 10.33090 0.00000 5.30336 -2.94152 -28.93494 7.12502 -0.00000 -0.00000 30.87767 -5.90740 -54.76609
0.18420 0.95712 -0.90343 1.76232 3.62977 -7.72244 -0.00000 0.00000 -0.00000 -17.22729 -25.73021 -9.38348 -6.31397 39.50673 17.46395 -3.49139 -13.62297 -15.85830 -4.02289 32.84566 13.59006 -0.00000 0.00000 -0.00000 24.00208 -8.18367 9.06874 4.95991 35.85472 -15.25007 -10.84399 -48.12918 -6.38058 0.03005 3.07395 -1.11997 3.00044 -6.53917 1.23209 -1.59538 1.06304 1.47226 -3.15199 4.89167 0.83545 -0.58034 1.00399 -1.36338 2.62326 2.73742 -1.87684 0.87897 0.70123 -0.92533 0.00000 0.00000 0.00000 -81.28048 32.32620 0.38365 11.28076 -1.97549 -19.80489 0.00000 -8.46660 0.00000 7.93192 -1.66786 -11.79926 -7.12502 -0.00000 0.00000 -15.87505 8.17600 18.43157 0.00000 0.00000 0.00000 88.64686 15.27017 -7.68997 -12.04410 -2.26065 21.18728 -0.00000 10.77310 0.00000 3.83597 -1.89159 -26.21075 7.12502 -0.00000 -0.00000 29.38059 -4.40269 -52.76414
0.18336 0.95707 -0.90296 1.83351 3.62118 -7.68123 -0.00000 0.00000 -0.00000 -17.30910 -25.61318 -9.53956 -6.30750 39.49086 17.45378 -3.52873 -13.73084 -15.92551 -4.07901 33.03971 13.69326 -0.00000 0.00000 -0.00000 23.91217 -8.23078 8.86478 4.96406 35.86705 -15.25715 -10.69188 -48.09589 -6.18156 0.02683 2.90461 -1.05816 3.06804 -6.48599 1.29145 -1.67745 1.08581 1.55127 -3.26625 4.89579 0.87820 -0.43762 1.19844 -1.44476 2.56733 2.44527 -1.97669 0.84027 0.57861 -0.97783 -0.00000 0.00000 -0.00000 -81.35089 31.99727 0.47306 11.09714 -1.91001 -19.47362 0.00000 -8.05079 0.00000 7.83769 -1.64667 -11.79149 -7.12502 -0.00000 0.00000 -15.95931 8.21694 18.44568 -0.00000 0.00000 -0.00000 88.78873 15.06395 -7.57187 -11.98413 -2.23748 21.07835 -0.00000 10.86010 0.00000 3.64687 -1.85359 -26.90748 7.12502 -0.00000 -0.00000 29.15375 -4.73161 -53.41169
0.18242 0.95678 -0.90209 1.90009 3.56858 -7.57417 -0.00000 0.00000 -0.00000 -17.35700 -25.52163 -9.58598 -6.31404 39.50691 17.46407 -3.54641 -13.56361 -16.07153 -4.25449 33.63421 14.01256 -0.00000 0.00000 -0.00000 23.89431 -8.07459 8.85232 4.95662 35.84492 -15.24445 -10.60819 -48.29032 -5.97162 0.03874 3.48961 -1.27179 3.08902 -6.50495 1.25009 -1.69712 1.21190 1.49464 -3.30403 5.03524 0.85544 -0.37754 0.88770 -1.47537 2.49529 2.45762 -2.01707 0.80496 0.63275 -0.99566 -0.00000 0.00000 -0.00000 -81.30326 31.78593 0.32726 10.85590 -1.82578 -19.03912 0.00000 -7.73568 0.00000 7.70610 -1.64682 -11.99058 -7.12502 -0.00000 0.00000 -16.04197 8.32996 18.25914 -0.00000 0.00000 -0.00000 88.76490 15.29150 -7.47162 -12.01746 -2.25034 21.13888 -0.00000 10.78370 0.00000 3.26420 -1.59686 -26.04070 7.12502 -0.00000 -0.00000 28.77598 -4.28087 -52.73994
0.18128 0.95660 -0.90140 1.92641 3.58730 -7.35512 -0.00000 0.00000 -0.00000 -17.35223 -25.56224 -9.61035 -6.32348 39.53003 17.47889 -3.53555 -13.52194 -16.05777 -4.08586 33.06327 13.70582 -0.00000 0.00000 -0.00000 24.05665 -7.87634 9.10771 4.94901 35.82226 -15.23144 -10.93321 -48.68032 -6.24377 0.04973 3.95280 -1.44114 3.01687 -6.43267 1.19063 -1.64722 1.14762 1.42073 -3.22329 4.91785 0.81305 -0.44999 1.00019 -1.49155 2.56503 2.53917 -2.04171 0.83878 0.64133 -1.00830 -0.00000 0.00000 -0.00000 -81.57565 31.67918 0.70384 10.73410 -1.78402 -18.82004 0.00000 -7.58559 0.00000 7.60287 -1.59215 -11.75860 -7.12502 -0.00000 0.00000 -16.17146 8.31536 18.49377 -0.00000 0.00000 -0.00000 88.78506 15.28905 -7.72090 -12.11294 -2.28739 21.31237 -0.00000 10.81120 0.00000 3.89414 -1.99171 -27.04758 7.12502 -0.00000 -0.00000 29.41451 -4.82058 -53.47760
0.17988 0.95667 -0.90071 1.87975 3.63970 -7.24794 -0.00000 0.00000 -0.00000 -17.24844 -25.56158 -9.67928 -6.32952 39.54482 17.48838 -3.52673 -13.61651 -15.97855 -3.91804 32.47778 13.39578 -0.00000 0.00000 -0.00000 24.33077 -7.69782 9.43045 4.93787 35.78907 -15.21240 -11.55469 -49.00006 -6.95620 0.03539 3.33562 -1.21553 3.03535 -6.35652 1.18479 -1.58916 1.09202 1.41077 -3.17638 4.81473 0.80520 -0.66751 1.06905 -1.42402 2.86887 2.70007 -1.96233 0.96996 0.68470 -0.96793 -0.00000 0.00000 -0.00000 -81.89216 31.25886 1.02517 10.61503 -1.74371 -18.60607 0.00000 -7.30352 0.00000 7.61381 -1.57461 -11.61622 -7.12502 -0.00000 0.00000 -16.18538 8.27216 18.63263 -0.00000 0.00000 -0.00000 88.69405 15.36853 -7.78818 -12.11732 -2.28910 21.32034 -0.00000 11.01040 0.00000 3.01808 -1.40979 -25.01546 7.12502 -0.00000 -0.00000 28.54940 -3.77203 -51.89447
0.17868 0.95691 -0.89999 2.02696 3.65629 -7.15406 -0.00000 0.00000 -0.00000 -17.41372 -25.45012 -9.82298 -6.30936 39.49543 17.45671 -3.51023 -13.82315 -15.81726 -3.71903 31.75964 13.02148 -0.00000 0.00000 -0.00000 24.27922 -7.65102 9.49586 4.94222 35.80204 -15.21984 -11.84709 -49.11713 -7.30428 0.03327 3.23422 -1.17850 2.99003 -6.35359 1.17005 -1.67681 1.11972 1.39890 -3.24393 4.84232 0.80032 -0.35826 1.04038 -1.45883 2.62341 2.75515 -2.00359 0.84054 0.70007 -0.98657 0.00000 0.00000 -0.00000 -81.86094 31.18763 1.16175 10.56424 -1.72667 -18.51486 0.00000 -7.22136 0.00000 7.51686 -1.57590 -11.77297 -7.12502 -0.00000 0.00000 -16.24471 8.35848 18.48539 0.00000 0.00000 -0.00000 88.66361 15.46372 -7.66025 -12.12138 -2.29069 21.32771 -0.00000 11.10110 0.00000 2.76549 -1.29335 -25.04538 7.12502 -0.00000 -0.00000 28.28107 -3.77274 -51.97259
0.17776 0.95720 -0.89910 2.26266 3.65091 -7.21453 -0.00000 0.00000 -0.00000 -17.61067 -25.40951 -9.73441 -6.29670 39.46433 17.43679 -3.47514 -14.08867 -15.56977 -3.45553 30.76565 12.51376 -0.00000 0.00000 -0.00000 23.98445 -7.71999 9.27582 4.94484 35.80984 -15.22431 -11.63894 -48.93653 -7.10400 0.02880 3.00927 -1.09636 2.80482 -6.36516 1.22791 -1.72225 1.09552 1.49290 -3.17484 4.82683 0.84171 -0.15295 1.24653 -1.63782 2.44147 2.57165 -2.23237 0.75114 0.60791 -1.10304 0.00000 0.00000 -0.00000 -81.87314 31.46222 1.15050 10.45537 -1.69043 -18.31944 0.00000 -7.45488 0.00000 7.74013 -1.61878 -11.74118 -7.12502 -0.00000 0.00000 -16.05348 8.24810 18.50159 0.00000 0.00000 -0.00000 88.54035 15.48275 -7.77841 -12.18107 -2.31404 21.43625 -0.00000 11.00100 0.00000 2.82126 -1.30318 -24.77341 7.12502 -0.00000 -0.00000 28.34908 -3.64626 -51.72239
0.17684 0.95723 -0.89795 2.28274 3.62612 -7.26783 -0.00000 0.00000 -0.00000 -17.61731 -25.25778 -9.82324 -6.30498 39.48468 17.44982 -3.52623 -14.39207 -15.58871 -3.42937 30.66409 12.46254 -0.00000 0.00000 -0.00000 23.98331 -7.64327 9.22756 4.93997 35.79533 -15.21599 -11.63000 -48.90054 -7.10913 0.02814 2.97473 -1.08375 2.82274 -6.34898 1.27248 -1.69600 1.11384 1.55010 -3.14989 4.84074 0.87060 -0.50559 1.20244 -1.64085 2.88241 2.68750 -2.25046 0.94533 0.66206 -1.11135 -0.00000 0.00000 -0.00000 -82.00711 31.49199 1.25187 10.41799 -1.67808 -18.25238 0.00000 -7.42797 0.00000 8.02059 -1.69688 -11.86803 -7.12502 -0.00000 0.00000 -15.78564 8.15354 18.35783 -0.00000 0.00000 -0.00000 88.31901 15.41319 -7.71892 -12.16602 -2.30814 21.40889 -0.00000 11.02400 0.00000 2.71539 -1.22052 -24.18537 7.12502 -0.00000 -0.00000 28.25559 -3.36174 -51.22683
0.17578 0.95703 -0.89737 2.19692 3.61840 -7.24123 -0.00000 0.00000 -0.00000 -17.42698 -25.27024 -9.73758 -6.32769 39.54034 17.48551 -3.53068 -14.41913 -15.59015 -3.32003 30.23376 12.24679 -0.00000 0.00000 -0.00000 24.21212 -7.50401 9.41256 4.93456 35.77919 -15.20674 -11.89675 -49.07381 -7.39425 0.03491 3.31261 -1.20713 2.88136 -6.22583 1.22601 -1.62392 1.04725 1.48301 -3.11977 4.69612 0.83472 -0.60193 1.31401 -1.56563 2.90401 2.95021 -2.15734 0.96805 0.72423 -1.06430 -0.00000 0.00000 0.00000 -82.40152 31.19248 1.79968 10.57838 -1.73140 -18.54024 0.00000 -7.23233 0.00000 7.99153 -1.72350 -12.09190 -7.12502 -0.00000 0.00000 -15.77400 8.22526 18.13967 -0.00000 0.00000 0.00000 88.08489 15.50779 -7.73529 -12.19429 -2.31923 21.46031 -0.00000 11.00250 0.00000 2.64940 -1.22764 -24.84411 7.12502 -0.00000 -0.00000 28.16511 -3.67098 -51.81931
0.17500 0.95674 -0.89641 2.25051 3.54269 -7.11288 -0.00000 0.00000 -0.00000 -17.41087 -25.20279 -9.58755 -6.33201 39.55092 17.49229 -3.54029 -14.07202 -15.79004 -3.52428 31.02997 12.64764 -0.00000 0.00000 -0.00000 24.24207 -7.32090 9.46381 4.94818 35.81981 -15.23003 -12.02033 -49.26681 -7.47010 0.04234 3.64779 -1.32960 2.82246 -6.30942 1.16096 -1.60606 1.07053 1.39796 -3.07695 4.75941 0.79203 -0.44645 1.46100 -1.64563 2.76897 3.03483 -2.26153 0.89941 0.72364 -1.11606 -0.00000 0.00000 -0.00000 -82.58221 31.30281 2.05000 10.68062 -1.76586 -18.72392 0.00000 -7.30647 0.00000 7.78018 -1.62447 -11.72163 -7.12502 -0.00000 0.00000 -16.02146 8.22468 18.51803 -0.00000 0.00000 -0.00000 87.83921 15.55328 -7.72873 -12.26877 -2.34859 21.59584 -0.00000 10.88730 0.00000 2.63443 -1.21224 -24.69272 7.12502 -0.00000 -0.00000 28.15443 -3.59856 -51.68915
0.17435 0.95641 -0.89543 2.23005 3.53673 -6.99774 -0.00000 0.00000 -0.00000 -17.34899 -25.15599 -9.54306 -6.34007 39.57063 17.50495 -3.57039 -13.80628 -16.02309 -3.72468 31.78042 13.03222 -0.00000 0.00000 -0.00000 24.32549 -7.20601 9.47519 4.94739 35.81745 -15.22868 -12.12741 -49.43561 -7.53446 0.04482 3.75283 -1.36801 2.85377 -6.36797 1.11079 -1.57166 1.04022 1.32551 -3.06742 4.75554 0.75598 -0.54709 1.63938 -1.72321 2.83095 2.99986 -2.36598 0.93670 0.68743 -1.17055 0.00000 0.00000 -0.00000 -82.66802 31.26173 2.03013 10.62688 -1.74770 -18.62736 0.00000 -7.43520 0.00000 7.86144 -1.65581 -11.81982 -7.12502 -0.00000 0.00000 -15.93367 8.21359 18.41613 0.00000 0.00000 -0.00000 87.55417 15.51260 -7.62035 -12.24178 -2.33792 21.54672 -0.00000 10.84090 0.00000 2.69281 -1.26645 -25.16983 7.12502 -0.00000 -0.00000 28.19974 -3.82777 -52.09701
0.17389 0.95654 -0.89483 2.30916 3.64947 -7.15736 -0.00000 0.00000 -0.00000 -17.37818 -25.21940 -9.53612 -6.32959 39.54500 17.48850 -3.58530 -13.86633 -16.04073 -3.84504 32.21746 13.25935 -0.00000 0.00000 -0.00000 24.32341 -7.23141 9.69995 4.94821 35.81990 -15.23008 -12.16213 -49.48617 -7.55727 0.04415 3.72454 -1.35766 2.84206 -6.45599 1.17207 -1.56435 0.99130 1.40581 -3.04174 4.75955 0.79459 -0.72301 1.66497 -1.66233 3.00463 2.88136 -2.28738 1.02255 0.65032 -1.13324 0.00000 0.00000 -0.00000 -82.67438 31.42008 1.91291 10.65959 -1.75874 -18.68612 0.00000 -7.51970 0.00000 7.92599 -1.67173 -11.83458 -7.12502 -0.00000 0.00000 -15.87441 8.18800 18.39721 0.00000 0.00000 -0.00000 87.31606 15.29712 -7.48697 -12.28566 -2.35527 21.62659 -0.00000 10.87050 0.00000 2.80757 -1.32790 -25.29306 7.12502 -0.00000 -0.00000 28.31701 -3.89296 -52.18147
0.17365 0.95657 -0.89436 2.25697 3.74834 -7.35885 -0.00000 0.00000 -0.00000 -17.27852 -25.26298 -9.56116 -6.33893 39.56785 17.50317 -3.61526 -14.06155 -16.03815 -3.83542 32.18288 13.24129 -0.00000 0.00000 -0.00000 24.43018 -7.26159 9.85735 4.94198 35.80131 -15.21942 -12.19573 -49.40495 -7.64352 0.04042 3.56434 -1.29910 3.03170 -6.35826 1.26906 -1.57559 0.89881 1.52324 -3.14851 4.62198 0.85445 -0.51947 1.35409 -1.65868 2.87447 3.07922 -2.28342 0.94296 0.75804 -1.12583 -0.00000 0.00000 0.00000 -82.54360 31.59254 1.74149 10.65764 -1.75808 -18.68263 0.00000 -7.52795 0.00000 7.92600 -1.69817 -12.01625 -7.12502 -0.00000 0.00000 -15.84431 8.23567 18.21868 -0.00000 0.00000 0.00000 87.15074 14.87884 -7.24256 -12.18172 -2.31429 21.43744 -0.00000 10.76590 0.00000 2.51039 -1.13998 -24.40772 7.12502 -0.00000 -0.00000 28.03300 -3.45799 -51.46302
0.17332 0.95658 -0.89388 2.29785 3.77685 -7.35343 -0.00000 0.00000 -0.00000 -17.29136 -25.26377 -9.52222 -6.32999 39.54599 17.48913 -3.62540 -13.98518 -16.10989 -3.90026 32.41470 13.36264 -0.00000 0.00000 -0.00000 24.45963 -7.20176 10.03158 4.94898 35.82217 -15.23138 -12.34960 -49.54401 -7.78594 0.04503 3.76164 -1.37123 3.07882 -6.28330 1.28864 -1.63491 0.87724 1.55038 -3.23566 4.56233 0.86873 -0.56587 0.94420 -1.65103 2.99024 3.33418 -2.28397 0.98120 0.90779 -1.12016 -0.00000 0.00000 0.00000 -82.19827 31.87612 1.32368 10.58085 -1.73223 -18.54467 0.00000 -7.68596 0.00000 7.63429 -1.59759 -11.74990 -7.12502 -0.00000 0.00000 -16.14520 8.29868 18.50015 -0.00000 0.00000 0.00000 87.08032 14.71402 -7.04996 -12.17785 -2.31278 21.43041 -0.00000 10.80690 0.00000 3.17318 -1.57816 -26.41698 7.12502 -0.00000 -0.00000 28.66467 -4.45613 -53.08883
0.17300 0.95652 -0.89310 2.58482 3.80326 -7.32231 -0.00000 0.00000 -0.00000 -17.58308 -25.27943 -9.45210 -6.30082 39.47446 17.44328 -3.59338 -13.87956 -16.06024 -3.89085 32.38124 13.34508 -0.00000 0.00000 -0.00000 24.18500 -7.20158 10.10794 4.96996 35.88454 -15.26720 -12.34409 -49.72769 -7.68753 0.04582 3.79429 -1.38317 2.84660 -6.35238 1.30024 -1.73373 0.81078 1.58679 -3.20331 4.53100 0.88064 -0.57787 0.96911 -1.65313 3.05445 3.31409 -2.28794 1.00360 0.89866 -1.12208 0.00000 0.00000 0.00000 -82.11862 32.40868 1.32740 10.70606 -1.77449 -18.76964 0.00000 -8.00486 0.00000 7.97441 -1.68371 -11.84573 -7.12502 -0.00000 0.00000 -15.83000 8.16881 18.38299 0.00000 0.00000 0.00000 87.04721 14.53320 -7.01556 -12.14869 -2.30135 21.37737 -0.00000 11.01900 0.00000 2.27191 -1.08087 -25.42987 7.12502 -0.00000 -0.00000 27.74346 -3.92434 -52.41352
0.17287 0.95646 -0.89219 2.67612 3.76864 -7.40097 -0.00000 0.00000 -0.00000 -17.68230 -25.18990 -9.43203 -6.29936 39.47087 17.44098 -3.60684 -14.08115 -16.00105 -3.72561 31.78381 13.03397 -0.00000 0.00000 -0.00000 24.02606 -7.18376 9.94622 4.97105 35.88781 -15.26908 -12.21586 -49.61683 -7.56667 0.03579 3.35443 -1.22240 2.77844 -6.33203 1.27961 -1.69775 0.69829 1.56337 -3.13268 4.39748 0.86309 -0.66284 1.39282 -1.56480 3.00862 3.05875 -2.16172 1.01079 0.74696 -1.06614 -0.00000 0.00000 0.00000 -82.45857 32.38367 1.76921 10.94032 -1.85502 -19.19108 0.00000 -7.93228 0.00000 8.03582 -1.69765 -11.85115 -7.12502 -0.00000 0.00000 -15.77501 8.14217 18.37338 -0.00000 0.00000 0.00000 86.93738 14.60952 -7.21172 -12.13312 -2.29527 21.34907 -0.00000 10.84040 0.00000 2.01748 -0.92625 -24.65059 7.12502 -0.00000 -0.00000 27.50475 -3.54696 -51.77615
0.17273 0.95645 -0.89190 2.73949 3.74626 -7.34145 -0.00000 0.00000 -0.00000 -17.74908 -25.18002 -9.41129 -6.30476 39.48414 17.44948 -3.60243 -14.16221 -15.94612 -3.54499 31.10890 12.68777 -0.00000 0.00000 -0.00000 23.93698 -7.16598 9.82121 4.96297 35.86378 -15.25527 -12.11376 -49.59879 -7.43561 0.03894 3.49848 -1.27503 2.73859 -6.30079 1.23614 -1.69694 0.73353 1.50914 -3.11616 4.41146 0.83597 -0.53666 1.27452 -1.60089 2.72776 3.03732 -2.20216 0.90071 0.75497 -1.08624 -0.00000 0.00000 -0.00000 -82.26785 32.22571 1.35622 10.95723 -1.86091 -19.22154 0.00000 -7.60116 0.00000 7.75831 -1.64490 -11.89776 -7.12502 -0.00000 0.00000 -16.01155 8.28142 18.34662 -0.00000 0.00000 -0.00000 86.78277 14.70742 -6.98836 -12.07839 -2.27395 21.24958 -0.00000 10.44680 0.00000 3.22450 -1.59865 -26.34440 7.12502 -0.00000 -0.00000 28.72238 -4.42490 -53.01405
0.17252 0.95641 -0.89166 2.78826 3.70441 -7.29838 -0.00000 0.00000 -0.00000 -17.79122 -25.13413 -9.37811 -6.30710 39.48988 17.45315 -3.58614 -14.12493 -15.91219 -3.49039 30.90012 12.58177 -0.00000 0.00000 -0.00000 23.91813 -7.07478 9.89509 4.96138 35.85907 -15.25257 -12.24426 -49.67923 -7.57488 0.04475 3.74984 -1.36691 2.74040 -6.29401 1.24666 -1.74750 0.81722 1.52552 -3.16672 4.49756 0.84737 -0.44372 1.05405 -1.64520 2.74628 2.94419 -2.25970 0.88899 0.76297 -1.11299 -0.00000 0.00000 -0.00000 -81.97412 32.46633 0.98979 11.07893 -1.90358 -19.44080 0.00000 -7.72830 0.00000 7.89805 -1.62653 -11.56351 -7.12502 -0.00000 0.00000 -15.94366 8.12929 18.66540 -0.00000 0.00000 -0.00000 86.82788 14.71654 -6.85909 -12.11061 -2.28649 21.30814 -0.00000 10.35070 0.00000 4.38715 -2.42204 -28.84741 7.12502 -0.00000 -0.00000 29.87898 -5.76581 -54.91837
0.17232 0.95635 -0.89142 2.62093 3.69695 -7.27044 -0.00000 0.00000 -0.00000 -17.59349 -25.11826 -9.37401 -6.33391 39.55558 17.49529 -3.60158 -14.07554 -15.98687 -3.55979 31.16510 12.71639 -0.00000 0.00000 -0.00000 24.11217 -6.98742 9.84915 4.94435 35.80839 -15.22348 -12.28111 -49.73349 -7.59859 0.04140 3.60727 -1.31479 2.85199 -6.25302 1.20097 -1.63401 0.82085 1.45180 -3.12088 4.47259 0.81177 -0.55949 1.03364 -1.63896 2.83914 2.93705 -2.25386 0.93733 0.76707 -1.11048 -0.00000 0.00000 0.00000 -81.91031 32.70066 0.84466 11.17615 -1.93804 -19.61612 0.00000 -8.13561 0.00000 7.94244 -1.65816 -11.71728 -7.12502 -0.00000 0.00000 -15.87930 8.14967 18.51139 -0.00000 0.00000 0.00000 86.75894 14.98763 -6.95657 -12.12571 -2.29238 21.33559 -0.00000 10.07380 0.00000 5.27212 -3.03838 -29.87368 7.12502 -0.00000 -0.00000 30.81013 -6.39217 -55.57470
0.17200 0.95624 -0.89135 2.49560 3.70057 -7.15561 -0.00000 0.00000 -0.00000 -17.42963 -25.17056 -9.33656 -6.35251 39.60101 17.52448 -3.58427 -13.91928 -16.01017 -3.59034 31.28058 12.77532 -0.00000 0.00000 -0.00000 24.33523 -6.87532 9.97932 4.93462 35.77937 -15.20684 -12.51641 -49.93783 -7.81878 0.04701 3.84320 -1.40105 2.94282 -6.12723 1.14342 -1.56968 0.80206 1.36837 -3.11777 4.37648 0.77005 -0.61563 0.94234 -1.65783 2.85712 3.16507 -2.28537 0.94940 0.85435 -1.12407 -0.00000 0.00000 0.00000 -81.76841 33.19550 0.79401 11.34635 -1.99918 -19.92334 0.00000 -8.59997 0.00000 7.70313 -1.59730 -11.64446 -7.12502 -0.00000 0.00000 -16.10209 8.23918 18.59900 -0.00000 0.00000 0.00000 86.76320 15.11676 -6.96432 -12.11196 -2.28701 21.31060 -0.00000 10.14840 0.00000 5.39794 -3.04731 -29.36191 7.12502 -0.00000 -0.00000 30.96708 -6.13991 -55.10615
0.17179 0.95618 -0.89132 2.52040 3.70538 -7.11108 -0.00000 0.00000 -0.00000 -17.46017 -25.18245 -9.37752 -6.35453 39.60594 17.52764 -3.58188 -13.87196 -16.02669 -3.59776 31.30853 12.78961 -0.00000 0.00000 -0.00000 24.35760 -6.82694 10.09196 4.93210 35.77184 -15.20253 -12.61952 -50.07729 -7.88996 0.05185 4.03593 -1.47156 2.99838 -6.02715 1.19268 -1.65918 0.79498 1.43635 -3.23639 4.32165 0.80538 -0.45078 0.89447 -1.72374 2.87407 3.20579 -2.37471 0.92487 0.87446 -1.16595 0.00000 0.00000 0.00000 -81.35291 33.77810 0.53169 11.41998 -2.02594 -20.05637 0.00000 -8.72688 0.00000 7.65810 -1.58485 -11.62312 -7.12502 -0.00000 0.00000 -16.14523 8.25392 18.62287 0.00000 0.00000 0.00000 87.03236 14.98509 -7.06221 -12.15922 -2.30547 21.39652 -0.00000 10.14000 0.00000 3.23905 -1.55654 -25.64019 7.12502 -0.00000 -0.00000 28.76316 -4.08556 -52.39529
0.17155 0.95622 -0.89139 2.49992 3.75337 -7.12475 -0.00000 0.00000 -0.00000 -17.43918 -25.22295 -9.44989 -6.36206 39.62431 17.53946 -3.57798 -14.02724 -15.93482 -3.48509 30.87976 12.57146 -0.00000 0.00000 -0.00000 24.43266 -6.82785 10.20163 4.92563 35.75253 -15.19147 -12.61485 -50.15406 -7.84567 0.05922 4.31241 -1.57276 3.02633 -5.99783 1.20038 -1.65916 0.74638 1.44536 -3.25239 4.25596 0.80870 -0.46952 1.06633 -1.69482 2.94318 3.28102 -2.33924 0.95098 0.86975 -1.14853 0.00000 0.00000 0.00000 -81.16969 34.04604 0.38127 11.43262 -2.03056 -20.07922 0.00000 -8.87147 0.00000 7.88378 -1.68789 -12.00858 -7.12502 -0.00000 0.00000 -15.88266 8.25304 18.22913 0.00000 0.00000 0.00000 87.20861 15.05403 -7.22234 -12.21888 -2.32890 21.50504 -0.00000 10.15390 0.00000 3.97378 -2.00426 -26.72346 7.12502 -0.00000 -0.00000 29.51132 -4.66620 -53.17857
0.17136 0.95621 -0.89136 2.50916 3.76859 -7.21886 -0.00000 0.00000 -0.00000 -17.39968 -25.23518 -9.38167 -6.36284 39.62619 17.54067 -3.58468 -14.02443 -15.95795 -3.51224 30.98394 12.62426 -0.00000 0.00000 -0.00000 24.43856 -6.84870 10.22875 4.92827 35.76042 -15.19599 -12.66324 -50.08565 -7.94516 0.05426 4.12852 -1.50544 3.03960 -5.97024 1.22944 -1.66903 0.69124 1.48437 -3.26702 4.18667 0.82648 -0.58876 1.31427 -1.61994 3.18687 3.22512 -2.24380 1.05106 0.81472 -1.10282 -0.00000 0.00000 0.00000 -81.08956 34.32275 0.47409 11.54870 -2.07321 -20.28915 0.00000 -8.89578 0.00000 8.01719 -1.67148 -11.70026 -7.12502 -0.00000 0.00000 -15.81627 8.11122 18.52305 -0.00000 0.00000 0.00000 87.34943 14.98061 -7.31755 -12.12953 -2.29387 21.34254 -0.00000 10.32320 0.00000 4.10114 -2.13423 -27.44698 7.12502 -0.00000 -0.00000 29.62297 -5.03627 -53.77648
0.17129 0.95604 -0.89121 2.53150 3.68762 -7.21327 -0.00000 0.00000 -0.00000 -17.39891 -25.20474 -9.29408 -6.37653 39.65952 17.56213 -3.57588 -14.05798 -15.91252 -3.36665 30.41840 12.33911 -0.00000 0.00000 -0.00000 24.39403 -6.77447 10.15029 4.92293 35.74446 -15.18685 -12.71867 -50.04971 -8.03825 0.04745 3.86127 -1.40766 2.99926 -5.90646 1.19220 -1.65002 0.70320 1.43846 -3.23089 4.15796 0.80225 -0.65217 1.44633 -1.59249 3.19028 3.13798 -2.20493 1.06516 0.76590 -1.08607 -0.00000 0.00000 0.00000 -81.08401 34.42252 0.51820 11.63421 -2.10493 -20.44390 0.00000 -8.96395 0.00000 7.92378 -1.60442 -11.37397 -7.12502 -0.00000 0.00000 -15.95181 8.06749 18.84989 -0.00000 0.00000 0.00000 87.38843 15.09222 -7.37526 -12.10553 -2.28451 21.29890 -0.00000 10.47010 0.00000 3.37239 -1.68908 -26.57437 7.12502 -0.00000 -0.00000 28.87186 -4.54749 -53.18259
0.17129 0.95586 -0.89112 2.54437 3.65039 -7.19525 -0.00000 0.00000 -0.00000 -17.43300 -25.13750 -9.34235 -6.38367 39.67690 17.57333 -3.59888 -14.01136 -16.01063 -3.51008 30.97568 12.62008 -0.00000 0.00000 -0.00000 24.38332 -6.71107 10.16444 4.92169 35.74074 -15.18472 -12.71789 -50.13586 -7.99438 0.04878 3.91466 -1.42719 2.98665 -5.86872 1.14478 -1.62631 0.72796 1.37605 -3.20663 4.15668 0.77106 -0.61394 1.25140 -1.56080 3.09707 3.26469 -2.16397 1.02737 0.83486 -1.06307 -0.00000 0.00000 -0.00000 -81.03718 34.49135 0.45768 11.65207 -2.11159 -20.47624 0.00000 -9.00021 0.00000 7.79571 -1.52517 -11.00168 -7.12502 -0.00000 0.00000 -16.12489 8.02550 19.22336 -0.00000 0.00000 -0.00000 87.40162 15.39287 -7.40214 -12.12198 -2.29092 21.32881 -0.00000 10.38010 0.00000 2.82934 -1.35361 -25.54717 7.12502 -0.00000 -0.00000 28.33093 -4.01534 -52.40015
0.17120 0.95586 -0.89098 2.66818 3.61316 -7.18023 -0.00000 0.00000 -0.00000 -17.55819 -25.10190 -9.30551 -6.36799 39.63873 17.54874 -3.58737 -13.98067 -15.98890 -3.48917 30.89544 12.57940 -0.00000 0.00000 -0.00000 24.25859 -6.66645 10.17129 4.93252 35.77311 -15.20326 -12.60440 -50.20603 -7.80585 0.05883 4.29814 -1.56753 2.79803 -5.87621 1.06565 -1.59621 0.75476 1.28267 -3.07930 4.17634 0.72062 -0.56288 1.10977 -1.56635 2.94936 3.26977 -2.16787 0.97134 0.85728 -1.06447 0.00000 0.00000 0.00000 -81.10714 34.30502 0.40652 11.58169 -2.08541 -20.34883 0.00000 -8.94037 0.00000 7.64370 -1.51432 -11.13983 -7.12502 -0.00000 0.00000 -16.23687 8.13038 19.09760 0.00000 0.00000 0.00000 87.32132 15.55095 -7.36569 -12.06216 -2.26765 21.22008 -0.00000 10.48070 0.00000 2.52121 -1.18545 -25.16671 7.12502 -0.00000 -0.00000 28.01806 -3.81630 -52.12962
0.17104 0.95587 -0.89102 2.67833 3.63629 -7.15435 -0.00000 0.00000 -0.00000 -17.53634 -25.15257 -9.24822 -6.35850 39.61562 17.53387 -3.57989 -13.90213 -16.00471 -3.47788 30.85197 12.55739 -0.00000 0.00000 -0.00000 24.31480 -6.64032 10.30746 4.94304 35.80449 -15.22124 -12.77012 -50.34764 -7.96010 0.05658 4.21556 -1.53730 2.72489 -5.87246 1.02503 -1.55721 0.74906 1.23226 -3.00341 4.16200 0.69308 -0.59460 1.07384 -1.61097 2.99540 3.17435 -2.22639 0.99076 0.83600 -1.09422 0.00000 0.00000 -0.00000 -81.13823 34.12557 0.29461 11.41387 -2.02372 -20.04533 0.00000 -8.68647 0.00000 7.79752 -1.60062 -11.52891 -7.12502 -0.00000 0.00000 -16.03791 8.16556 18.70616 0.00000 0.00000 -0.00000 87.27121 15.51518 -7.32658 -12.01442 -2.24917 21.13337 -0.00000 10.42870 0.00000 3.89961 -2.03097 -27.46995 7.12502 -0.00000 -0.00000 29.40462 -5.03006 -53.84288
0.17103 0.95589 -0.89103 2.61169 3.69051 -7.15111 -0.00000 0.00000 -0.00000 -17.46926 -25.19363 -9.30323 -6.36585 39.63354 17.54540 -3.59507 -13.87190 -16.06969 -3.58489 31.26005 12.76483 -0.00000 0.00000 -0.00000 24.41239 -6.65594 10.37969 4.93726 35.78726 -15.21136 -12.72948 -50.36673 -7.89578 0.07033 4.69837 -1.71417 2.79168 -5.79256 0.99650 -1.51109 0.65855 1.18950 -3.00031 4.02026 0.66937 -0.65240 0.97567 -1.54949 3.06844 3.30046 -2.14992 1.02264 0.89193 -1.05416 -0.00000 0.00000 0.00000 -81.31287 34.16105 0.51135 11.34837 -1.99991 -19.92699 0.00000 -8.66600 0.00000 7.92429 -1.65273 -11.70632 -7.12502 -0.00000 0.00000 -15.89712 8.15507 18.52334 -0.00000 0.00000 0.00000 87.30880 15.50808 -7.53213 -12.06957 -2.27052 21.23356 -0.00000 10.41210 0.00000 4.18185 -2.21714 -27.88364 7.12502 -0.00000 -0.00000 29.69397 -5.26142 -54.13534
0.17104 0.95597 -0.89102 2.64008 3.70459 -7.13450 -0.00000 0.00000 -0.00000 -17.49769 -25.22165 -9.29765 -6.36648 39.63506 17.54638 -3.58512 -13.90309 -16.02123 -3.49447 30.91580 12.58971 -0.00000 0.00000 -0.00000 24.34065 -6.71258 10.21717 4.93325 35.77529 -15.20451 -12.52515 -50.26037 -7.67179 0.06930 4.66415 -1.70162 2.73966 -5.76390 0.94589 -1.48114 0.59416 1.12525 -2.94827 3.93088 0.63368 -0.56790 1.08858 -1.56104 2.91778 3.21882 -2.15887 0.96266 0.84449 -1.06062 -0.00000 0.00000 -0.00000 -81.55802 34.11943 0.75590 11.29577 -1.98090 -19.83200 0.00000 -8.66463 0.00000 7.88689 -1.68465 -11.98156 -7.12502 -0.00000 0.00000 -15.88449 8.24455 18.25547 -0.00000 0.00000 -0.00000 87.30339 15.47889 -7.70465 -12.18228 -2.31451 21.43846 -0.00000 10.88060 0.00000 2.88430 -1.36480 -25.30184 7.12502 -0.00000 -0.00000 28.39805 -3.90165 -52.17324
0.17094 0.95599 -0.89103 2.66444 3.71481 -7.14348 -0.00000 0.00000 -0.00000 -17.50243 -25.23448 -9.26635 -6.35413 39.60495 17.52701 -3.57131 -13.82022 -16.01887 -3.55616 31.15135 12.70939 -0.00000 0.00000 -0.00000 24.32592 -6.74501 10.20582 4.94313 35.80476 -15.22140 -12.58939 -50.25834 -7.75976 0.06641 4.56604 -1.66566 2.70161 -5.71977 0.91945 -1.47669 0.52651 1.09360 -2.92718 3.83270 0.61466 -0.46203 1.34523 -1.72238 2.80584 2.92969 -2.36309 0.91235 0.71302 -1.16683 0.00000 0.00000 -0.00000 -81.71425 34.04161 0.87831 11.19250 -1.94387 -19.64561 0.00000 -8.53528 0.00000 7.41624 -1.59342 -12.05862 -7.12502 -0.00000 0.00000 -16.28543 8.48175 18.21226 0.00000 0.00000 -0.00000 87.26416 15.41948 -7.74208 -12.15311 -2.30309 21.38542 -0.00000 10.87510 0.00000 2.96135 -1.37047 -24.81247 7.12502 -0.00000 -0.00000 28.49579 -3.67187 -51.72821
0.17089 0.95612 -0.89102 2.67561 3.73043 -7.15136 -0.00000 0.00000 -0.00000 -17.51007 -25.25441 -9.24746 -6.35273 39.60155 17.52482 -3.54703 -13.96552 -15.86537 -3.33387 30.28876 12.27425 -0.00000 0.00000 -0.00000 24.34301 -6.72719 10.31866 4.94164 35.80032 -15.21885 -12.64750 -50.29070 -7.82246 0.06755 4.60495 -1.67992 2.68111 -5.67029 0.88540 -1.46225 0.44931 1.05029 -2.90687 3.72104 0.58981 -0.49258 1.47255 -1.76221 2.88417 2.87100 -2.41639 0.94317 0.67645 -1.19478 0.00000 0.00000 0.00000 -81.93297 33.99056 1.13123 11.15117 -1.92915 -19.57106 0.00000 -8.49200 0.00000 7.35854 -1.59622 -12.17215 -7.12502 -0.00000 0.00000 -16.31686 8.53904 18.10500 0.00000 0.00000 0.00000 87.22996 15.34306 -7.83253 -12.10357 -2.28374 21.29534 -0.00000 10.96460 0.00000 2.77344 -1.26462 -24.49319 7.12502 -0.00000 -0.00000 28.30743 -3.51050 -51.48576
0.17090 0.95611 -0.89086 2.73112 3.74781 -7.27815 -0.00000 0.00000 -0.00000 -17.55249 -25.25841 -9.22256 -6.35163 39.59886 17.52309 -3.55147 -13.98031 -15.87236 -3.42254 30.63748 12.44914 -0.00000 0.00000 -0.00000 24.26099 -6.76156 10.31547 4.94182 35.80086 -15.21916 -12.52982 -50.21576 -7.70002 0.05997 4.33969 -1.58275 2.66779 -5.74492 0.92037 -1.49023 0.46966 1.09717 -2.92215 3.78773 0.61440 -0.49238 1.46579 -1.83602 2.90189 2.79466 -2.51337 0.94850 0.65613 -1.24373 -0.00000 0.00000 0.00000 -81.95504 33.94079 1.07035 11.08798 -1.90677 -19.45713 0.00000 -8.45694 0.00000 7.36923 -1.58432 -12.06687 -7.12502 -0.00000 0.00000 -16.32532 8.50568 18.20733 -0.00000 0.00000 0.00000 87.16696 15.18669 -7.69748 -12.04392 -2.26057 21.18694 -0.00000 11.11140 0.00000 2.79719 -1.30524 -24.99563 7.12502 -0.00000 -0.00000 28.31626 -3.75080 -51.92240
0.17080 0.95619 -0.89077 2.74573 3.74292 -7.33944 -0.00000 0.00000 -0.00000 -17.52036 -25.23818 -9.13482 -6.34113 39.57323 17.50662 -3.56753 -13.91417 -15.95825 -3.50726 30.96486 12.61459 -0.00000 0.00000 -0.00000 24.24722 -6.75458 10.32015 4.94910 35.82253 -15.23159 -12.50121 -50.18870 -7.67453 0.05998 4.33993 -1.58283 2.61923 -5.76190 0.92224 -1.48188 0.47639 1.10234 -2.88522 3.80345 0.61620 -0.44134 1.36010 -1.85122 2.83792 2.88005 -2.53438 0.91785 0.69846 -1.25254 0.00000 0.00000 -0.00000 -82.06941 33.78788 1.14011 11.07973 -1.90386 -19.44225 0.00000 -8.36348 0.00000 7.44357 -1.56315 -11.79341 -7.12502 -0.00000 0.00000 -16.30590 8.39751 18.47038 0.00000 0.00000 -0.00000 87.08567 14.97615 -7.63458 -12.00780 -2.24661 21.12133 -0.00000 11.22510 0.00000 2.97901 -1.42952 -25.61223 7.12502 -0.00000 -0.00000 28.48770 -4.05586 -52.42570
0.17088 0.95614 -0.89057 2.78385 3.70220 -7.30518 -0.00000 0.00000 -0.00000 -17.54574 -25.22971 -9.02257 -6.34825 39.59062 17.51779 -3.56581 -13.83106 -15.99531 -3.47843 30.85408 12.55846 -0.00000 0.00000 -0.00000 24.15380 -6.77471 10.19961 4.94797 35.81918 -15.22967 -12.51737 -50.09988 -7.74013 0.05014 3.96880 -1.44699 2.58399 -5.73438 0.91066 -1.50309 0.45046 1.09075 -2.88945 3.76001 0.60896 -0.40224 1.40043 -1.80828 2.80836 2.96429 -2.47807 0.90219 0.71565 -1.22380 -0.00000 0.00000 -0.00000 -82.20760 33.65779 1.33152 11.06878 -1.90000 -19.42252 0.00000 -8.24403 0.00000 7.49685 -1.59951 -11.97560 -7.12502 -0.00000 0.00000 -16.22848 8.42222 18.28812 -0.00000 0.00000 -0.00000 87.05783 14.83700 -7.69248 -12.01078 -2.24776 21.12676 -0.00000 11.26030 0.00000 3.05358 -1.48005 -25.83535 7.12502 -0.00000 -0.00000 28.55896 -4.16770 -52.60542
0.17096 0.95602 -0.89044 2.69885 3.70298 -7.24919 -0.00000 0.00000 -0.00000 -17.48432 -25.24961 -9.08082 -6.37159 39.64751 17.55440 -3.56717 -13.77770 -16.02736 -3.52807 31.04445 12.65500 -0.00000 0.00000 -0.00000 24.23368 -6.75371 10.14581 4.93277 35.77384 -15.20367 -12.57874 -50.08140 -7.83255 0.04822 3.89235 -1.41903 2.67716 -5.80530 0.92787 -1.49929 0.50677 1.10545 -2.93463 3.86120 0.62042 -0.44305 1.26939 -1.79356 2.82851 3.02656 -2.46118 0.91357 0.75721 -1.21407 0.00000 0.00000 0.00000 -82.18974 33.70764 1.28400 11.09082 -1.90777 -19.46223 0.00000 -8.18175 0.00000 7.50413 -1.56147 -11.68759 -7.12502 -0.00000 0.00000 -16.27020 8.34127 18.57002 0.00000 0.00000 0.00000 87.01834 14.88836 -7.62100 -12.01391 -2.24897 21.13244 -0.00000 11.12140 0.00000 2.94706 -1.46265 -26.37297 7.12502 -0.00000 -0.00000 28.42445 -4.41783 -53.09980
0.17103 0.95595 -0.89030 2.76525 3.68169 -7.20605 -0.00000 0.00000 -0.00000 -17.60259 -25.18265 -9.17457 -6.36769 39.63802 17.54828 -3.58069 -13.80397 -16.05797 -3.57148 31.20937 12.73896 -0.00000 0.00000 -0.00000 24.11668 -6.77406 10.00004 4.93535 35.78155 -15.20809 -12.44910 -50.07915 -7.65761 0.04962 3.94845 -1.43955 2.57860 -5.86923 0.90718 -1.50991 0.55920 1.08380 -2.89112 3.94837 0.60969 -0.46521 1.17870 -1.73511 2.79391 3.03899 -2.38306 0.90639 0.77456 -1.17473 -0.00000 0.00000 -0.00000 -82.20357 33.59827 1.18556 11.06855 -1.89992 -19.42209 0.00000 -8.00077 0.00000 7.48137 -1.57768 -11.84084 -7.12502 -0.00000 0.00000 -16.26466 8.39303 18.42124 -0.00000 0.00000 -0.00000 86.98389 14.97606 -7.61322 -12.04760 -2.26200 21.19364 -0.00000 11.01170 0.00000 2.85496 -1.42305 -26.47254 7.12502 -0.00000 -0.00000 28.32178 -4.45825 -53.20739
0.17112 0.95592 -0.89030 2.86252 3.67090 -7.18379 -0.00000 0.00000 -0.00000 -17.72677 -25.16674 -9.19693 -6.35604 39.60961 17.53001 -3.58115 -13.86169 -16.02959 -3.48262 30.87022 12.56663 -0.00000 0.00000 -0.00000 23.94866 -6.85854 9.82643 4.94414 35.80775 -15.22311 -12.19905 -50.02717 -7.34306 0.06271 4.43747 -1.61856 2.49974 -5.87678 0.91662 -1.58945 0.62819 1.10506 -2.92632 4.02580 0.62150 -0.28429 0.85081 -1.60217 2.67372 3.21383 -2.20773 0.83637 0.87603 -1.08217 -0.00000 0.00000 -0.00000 -82.04684 33.65825 0.98629 11.03523 -1.88820 -19.36205 0.00000 -8.08480 0.00000 7.46812 -1.61121 -12.10614 -7.12502 -0.00000 0.00000 -16.23179 8.47057 18.16210 -0.00000 0.00000 -0.00000 87.04072 15.01519 -7.52769 -12.08594 -2.27688 21.26331 -0.00000 10.97490 0.00000 2.93388 -1.47791 -26.71345 7.12502 -0.00000 -0.00000 28.39616 -4.57963 -53.40146
0.17125 0.95577 -0.89017 2.81811 3.71097 -7.21208 -0.00000 0.00000 -0.00000 -17.64931 -25.21248 -9.14473 -6.34994 39.59474 17.52044 -3.61376 -13.66852 -16.23736 -3.74544 31.85649 13.07158 -0.00000 0.00000 -0.00000 23.92019 -7.02425 9.66255 4.95702 35.84610 -15.24512 -12.17736 -49.89503 -7.37783 0.03855 3.48114 -1.26869 2.59790 -5.93606 0.95401 -1.63870 0.69482 1.14864 -3.02637 4.13466 0.64847 -0.14866 0.74454 -1.65499 2.49779 2.96519 -2.26851 0.75945 0.81333 -1.11396 -0.00000 0.00000 -0.00000 -81.92295 33.79972 0.82013 11.05680 -1.89578 -19.40092 0.00000 -8.16110 0.00000 7.73576 -1.64751 -11.95020 -7.12502 -0.00000 0.00000 -16.02265 8.30566 18.29667 -0.00000 0.00000 -0.00000 87.09226 15.00391 -7.36530 -12.08781 -2.27761 21.26670 -0.00000 11.02420 0.00000 3.04809 -1.52835 -26.60533 7.12502 -0.00000 -0.00000 28.52317 -4.53711 -53.28138
0.17138 0.95543 -0.89020 2.71523 3.72190 -7.22057 -0.00000 0.00000 -0.00000 -17.49140 -25.27603 -9.09233 -6.37619 39.65871 17.56161 -3.68412 -13.41250 -16.60759 -4.01121 32.80501 13.56851 -0.00000 0.00000 -0.00000 23.87597 -7.22707 9.26416 4.95449 35.83858 -15.24080 -11.77334 -49.68367 -6.92780 0.02942 3.04141 -1.10809 2.75532 -5.89386 1.00664 -1.67165 0.75642 1.20972 -3.14223 4.18355 0.68452 -0.09346 0.68043 -1.73772 2.42072 2.67374 -2.37095 0.72718 0.73366 -1.16727 0.00000 0.00000 0.00000 -81.77215 33.99032 0.63766 11.04953 -1.89322 -19.38782 0.00000 -8.11742 0.00000 7.74321 -1.65017 -11.95762 -7.12502 -0.00000 0.00000 -16.01481 8.30418 18.28888 0.00000 0.00000 0.00000 87.12444 15.16556 -7.19776 -12.03995 -2.25904 21.17974 -0.00000 10.75310 0.00000 3.16269 -1.53561 -25.87280 7.12502 -0.00000 -0.00000 28.67383 -4.19300 -52.61499
0.17166 0.95524 -0.89054 2.77161 3.73931 -7.33028 -0.00000 0.00000 -0.00000 -17.46641 -25.45115 -8.88479 -6.40493 39.72849 17.60661 -3.72248 -13.45642 -16.70893 -3.69483 31.67046 12.97544 -0.00000 0.00000 -0.00000 23.34798 -7.91941 8.02258 4.97879 35.91074 -15.28227 -10.46980 -48.83402 -5.52468 0.02501 2.80431 -1.02155 2.75699 -5.71610 1.04008 -1.65434 0.77678 1.25757 -3.12212 4.10753 0.70724 -0.32508 0.52655 -1.61479 2.43585 2.66896 -2.20766 0.77111 0.75894 -1.08675 -0.00000 0.00000 0.00000 -81.75651 34.16074 0.46821 11.00422 -1.87732 -19.30617 0.00000 -8.20898 0.00000 7.65697 -1.63471 -11.98000 -7.12502 -0.00000 0.00000 -16.08689 8.34975 18.27279 -0.00000 0.00000 0.00000 86.89911 15.77367 -6.95615 -11.99174 -2.24042 21.09217 -0.00000 9.80398 0.00000 4.44525 -2.13080 -25.56039 7.12502 -0.00000 -0.00000 30.04760 -4.11440 -52.07048
0.17251 0.95506 -0.89133 2.77843 3.82128 -7.63254 -0.00000 0.00000 -0.00000 -17.42187 -25.76467 -8.63458 -6.46886 39.88278 17.70646 -3.79738 -13.82783 -16.74755 -3.26942 30.03123 12.14597 -0.00000 0.00000 -0.00000 22.64791 -8.92051 6.42997 5.06025 36.15069 -15.42075 -8.33599 -47.67676 -3.01721 0.03445 3.29075 -1.19914 2.97065 -5.31927 1.11272 -1.52647 0.76356 1.34456 -3.10667 3.87836 0.74998 -0.80842 0.49211 -1.42953 2.44333 2.27765 -1.95179 0.86012 0.64658 -0.96554 0.00000 0.00000 -0.00000 -82.03385 34.32375 0.46572 11.02575 -1.88487 -19.34496 0.00000 -8.24042 0.00000 7.85963 -1.66916 -11.91503 -7.12502 -0.00000 0.00000 -15.91951 8.23953 18.32274 0.00000 0.00000 -0.00000 86.19796 16.63321 -6.37438 -11.97012 -2.23209 21.05292 -0.00000 8.28382 0.00000 6.15459 -3.02223 -26.05569 7.12502 -0.00000 -0.00000 31.85922 -4.45501 -52.12448
0.17404 0.95428 -0.89262 2.62936 4.01465 -8.19503 -0.00000 0.00000 -0.00000 -17.15945 -26.42367 -8.29216 -6.67533 40.37254 18.02683 -3.88260 -14.05506 -16.89707 -3.12585 29.44481 11.85654 -0.00000 0.00000 -0.00000 22.37733 -9.83715 5.75267 5.21099 36.58696 -15.67496 -6.43293 -47.00217 -0.54138 0.05152 4.02285 -1.46677 3.52022 -4.67673 1.36524 -1.23864 0.77215 1.65589 -3.09866 3.55600 0.90789 -0.62765 0.03323 -1.27989 1.69001 1.80626 -1.73058 0.59961 0.56354 -0.85833 0.00000 0.00000 -0.00000 -82.35088 34.65303 0.26023 11.06138 -1.89739 -19.40917 0.00000 -8.12985 0.00000 7.81391 -1.65754 -11.90259 -7.12502 -0.00000 0.00000 -15.96176 8.25720 18.33803 0.00000 0.00000 -0.00000 84.88833 16.87303 -5.18292 -11.89859 -2.20467 20.92310 -0.00000 7.12535 0.00000 7.90210 -4.00990 -26.73963 7.12502 -0.00000 -0.00000 33.72669 -4.90801 -52.30303
0.17689 0.95279 -0.89450 2.54216 4.26918 -9.23164 -0.00000 0.00000 -0.00000 -17.17463 -27.09511 -8.53868 -7.09709 41.33438 18.67156 -4.14399 -15.65734 -16.89488 -2.39020 26.11692 10.27894 -0.00000 0.00000 -0.00000 22.08526 -11.04721 5.44849 5.48600 37.35811 -16.13222 -4.78895 -46.20054 1.57839 0.03856 3.48131 -1.26876 4.35695 -4.05115 1.70645 -0.88089 1.13565 2.07195 -3.16621 3.63098 1.13623 -0.04570 -0.75483 -0.92507 0.86443 1.15420 -1.24368 0.25625 0.47711 -0.61654 -0.00000 0.00000 -0.00000 -82.63349 35.50599 0.02712 11.51556 -2.06098 -20.22920 0.00000 -8.22083 0.00000 7.90525 -1.70438 -12.09003 -7.12502 -0.00000 0.00000 -15.85020 8.26450 18.14764 -0.00000 0.00000 -0.00000 82.48747 16.85592 -2.04614 -11.56808 -2.08037 20.32421 -0.00000 6.22006 0.00000 8.59733 -4.54056 -27.63732 7.12502 -0.00000 -0.00000 34.48017 -5.45129 -52.87561
0.18062 0.95050 -0.89589 2.07812 4.42903 -10.54826 -0.00000 0.00000 -0.00000 -17.08775 -27.80603 -9.45101 -7.99163 43.22066 20.00108 -4.37968 -18.19795 -16.50885 -1.44962 20.72473 7.91550 -0.00000 0.00000 -0.00000 22.21010 -11.96432 5.22792 5.77420 38.13404 -16.60299 -3.31884 -45.54999 3.54964 0.01417 2.11180 -0.76900 5.62721 -3.18915 1.98054 -0.25431 1.55702 2.38913 -3.21673 3.63895 1.32312 0.64025 -0.50646 -0.46559 0.29303 0.08216 -0.62539 -0.01691 0.10489 -0.31195 -0.00000 0.00000 -0.00000 -83.78432 36.65904 1.24204 12.47997 -2.43294 -21.98064 0.00000 -8.99775 0.00000 9.01047 -2.10829 -13.06146 -7.12502 -0.00000 0.00000 -14.71645 7.99138 17.10732 -0.00000 0.00000 -0.00000 79.04308 17.87697 2.32757 -11.34329 -1.99807 19.91781 -0.00000 6.15088 0.00000 7.45393 -3.77415 -26.70726 7.12502 -0.00000 -0.00000 33.24569 -4.86983 -52.37893
0.18477 0.94818 -0.89662 0.89111 4.77769 -12.16090 -0.00000 0.00000 -0.00000 -16.40750 -29.04609 -10.81918 -9.56008 46.10965 22.23143 -4.33425 -19.81015 -15.85648 -1.03810 17.68660 6.66499 -0.00000 0.00000 -0.00000 23.36396 -12.53151 5.58579 5.94827 38.58774 -16.88347 -2.54795 -44.99978 4.54431 0.00791 -1.57774 0.57440 7.38793 -2.12269 2.06224 0.90283 2.13626 2.44117 -3.01647 3.67767 1.38841 1.39535 0.13013 -0.08680 -0.60659 -1.67586 -0.11591 -0.41069 -0.53004 -0.06264 -0.00000 0.00000 0.00000 -85.61737 37.76781 3.13377 13.51516 -2.87038 -23.87765 0.00000 -10.44480 0.00000 9.78451 -2.36128 -13.43666 -7.12502 -0.00000 0.00000 -13.97486 7.70949 16.67290 -0.00000 0.00000 0.00000 74.26325 19.81915 8.66912 -11.32626 -1.99191 19.88706 -0.00000 6.63513 0.00000 5.49102 -2.69814 -26.09039 7.12502 -0.00000 -0.00000 31.15072 -4.44049 -52.29928
0.18979 0.94613 -0.89550 -0.07134 5.31774 -14.22500 -0.00000 0.00000 -0.00000 -16.33243 -30.54128 -12.59110 -11.85192 49.60134 25.32066 -4.23237 -19.60710 -15.65285 -0.68649 14.48844 5.39669 -0.00000 0.00000 -0.00000 24.31702 -13.08842 6.31359 6.11229 39.00548 -17.14524 -1.85735 -44.24241 5.38539 0.04430 -3.73113 1.36007 9.01239 -1.11883 1.99477 2.17159 2.90412 2.30300 -2.62148 3.92558 1.36798 2.01354 0.56934 0.41074 -1.71440 -3.06012 0.53118 -0.87342 -1.02461 0.26384 -0.00000 0.00000 0.00000 -87.92172 39.23561 5.48893 14.42137 -3.28691 -25.55449 0.00000 -11.78260 0.00000 10.72039 -2.65065 -13.72705 -7.12502 -0.00000 0.00000 -13.10717 7.32236 16.30455 -0.00000 0.00000 0.00000 68.56666 22.27244 16.96785 -11.68052 -2.12222 20.52776 -0.00000 6.16355 0.00000 3.18837 -1.58816 -26.45180 7.12502 -0.00000 -0.00000 28.67953 -4.47405 -53.11593
0.19452 0.94417 -0.89205 -0.53184 6.18372 -16.67201 -0.00000 0.00000 -0.00000 -16.92972 -32.50663 -14.14076 -14.84117 53.22556 29.14240 -4.33892 -17.98328 -16.47736 -0.50186 12.43601 4.60374 -0.00000 0.00000 -0.00000 24.84182 -14.05634 7.21294 6.33670 39.56239 -17.49966 -1.51733 -43.25182 5.65627 0.15892 -7.04944 2.57968 10.25378 -0.27429 1.95886 3.23032 3.67274 2.21663 -2.21131 4.27018 1.37223 2.94013 0.40154 0.95729 -3.17358 -3.73874 1.21872 -1.51446 -1.18980 0.61337 0.00000 0.00000 -0.00000 -90.17375 41.26300 8.05857 15.06404 -3.60193 -26.75379 0.00000 -12.46930 0.00000 11.38799 -2.86069 -13.91661 -7.12502 -0.00000 0.00000 -12.49170 7.03755 16.05608 0.00000 0.00000 -0.00000 63.09291 24.25120 26.16882 -12.39458 -2.39864 21.82498 -0.00000 5.41683 0.00000 0.42554 -0.20733 -25.97553 7.12502 -0.00000 -0.00000 25.75153 -4.03016 -53.28960
0.19794 0.94216 -0.88608 -0.56922 7.31903 -19.23854 -0.00000 0.00000 -0.00000 -17.97010 -34.68409 -15.10289 -18.19476 56.41803 33.24316 -4.43443 -16.20835 -17.48243 -0.40176 11.15049 4.11400 -0.00000 0.00000 -0.00000 25.17320 -15.13561 8.27322 6.58614 40.16256 -17.88884 -0.99737 -42.49704 6.28451 0.35677 -10.51764 3.87465 10.89521 0.46252 2.09134 4.15287 4.02825 2.40199 -1.59894 4.24865 1.46800 3.93597 0.96896 1.43564 -4.63448 -4.04074 1.83759 -2.19456 -1.35213 0.93586 -0.00000 0.00000 -0.00000 -93.13808 44.15673 11.85968 15.35829 -3.75175 -27.30589 0.00000 -12.48370 0.00000 10.07393 -2.46837 -13.62681 -7.12502 -0.00000 0.00000 -13.68948 7.61271 16.45942 -0.00000 0.00000 -0.00000 58.92145 25.84535 33.95609 -13.59226 -2.90458 24.01969 -0.00000 5.16117 0.00000 -2.25856 1.01979 -24.28790 7.12502 -0.00000 -0.00000 23.01618 -3.11695 -52.29404
0.19946 0.94068 -0.87712 -0.44171 8.59265 -21.60051 -0.00000 0.00000 -0.00000 -18.99711 -36.67657 -15.34688 -21.40095 58.85708 37.03765 -4.55158 -14.29869 -18.82338 -0.41590 11.34159 4.18650 -0.00000 0.00000 -0.00000 25.57029 -15.64679 9.44973 6.68496 40.39505 -18.04168 -0.24047 -42.59683 7.49006 0.42475 -11.45958 4.23131 11.33868 1.00055 2.34779 4.80066 4.18295 2.76349 -1.15291 4.14567 1.64039 4.88366 1.60974 1.79788 -5.57844 -4.21317 2.33239 -2.71275 -1.48421 1.19270 0.00000 0.00000 -0.00000 -95.92638 47.21333 15.64147 15.12119 -3.63075 -26.86086 0.00000 -11.72760 0.00000 6.84767 -1.56517 -12.81405 -7.12502 -0.00000 0.00000 -16.65409 8.95400 17.51228 0.00000 0.00000 -0.00000 56.65814 27.33333 39.66773 -15.30622 -3.72498 27.20805 -0.00000 5.11660 0.00000 -4.09940 1.75492 -23.13679 7.12502 -0.00000 -0.00000 21.16677 -2.55599 -51.56995
0.19953 0.93900 -0.86501 -0.05178 9.98165 -23.82164 -0.00000 0.00000 -0.00000 -20.02621 -38.49292 -14.68498 -23.87132 60.42870 39.90013 -4.62820 -11.97641 -20.60980 -0.44804 11.76365 4.34698 -0.00000 0.00000 -0.00000 25.70616 -16.21624 10.30810 6.69666 40.42239 -18.05973 0.03955 -42.87078 7.98151 0.62160 -13.80545 5.13118 11.63056 1.27561 2.67258 5.04054 4.16975 3.21601 -1.04335 4.03168 1.85774 5.40798 1.95140 1.99963 -5.57834 -4.32345 2.63252 -2.82980 -1.55890 1.33858 -0.00000 0.00000 -0.00000 -98.08305 49.28145 19.01420 14.58469 -3.36540 -25.85843 0.00000 -10.37270 0.00000 2.55149 -0.54236 -11.99272 -7.12502 -0.00000 0.00000 -20.56245 10.73897 18.58530 -0.00000 0.00000 -0.00000 56.12476 29.38070 43.32669 -17.28641 -4.82383 30.97581 -0.00000 4.81193 0.00000 -5.36753 2.10594 -21.36107 7.12502 -0.00000 -0.00000 19.97518 -1.86484 -50.11597
0.19810 0.93565 -0.85057 0.35917 11.16641 -25.88682 -0.00000 0.00000 -0.00000 -20.59665 -39.95697 -12.69535 -25.75439 61.48135 42.05393 -4.69097 -10.35757 -22.15022 -0.59626 13.52839 5.02396 -0.00000 0.00000 -0.00000 25.42439 -16.94039 10.28701 6.74832 40.54262 -18.13931 1.14803 -41.79711 9.51425 1.05321 -17.80932 6.71458 11.76497 1.61930 2.96759 4.93091 4.12968 3.66206 -1.22467 3.85990 2.07343 5.62439 2.50613 2.03895 -4.99517 -4.97083 2.72936 -2.70710 -1.86648 1.37469 -0.00000 0.00000 -0.00000 -99.42531 50.00860 21.93248 14.05598 -3.11511 -24.87644 0.00000 -9.05972 0.00000 -0.39035 0.08124 -11.75632 -7.12502 -0.00000 0.00000 -23.17355 12.06612 18.97141 -0.00000 0.00000 -0.00000 56.32090 32.37323 45.64516 -19.26974 -6.10216 34.86218 -0.00000 3.65150 0.00000 -6.29189 2.43404 -21.06580 7.12502 -0.00000 -0.00000 19.04124 -1.72700 -49.99044
0.19488 0.92998 -0.83449 0.42149 12.00724 -27.50355 -0.00000 0.00000 -0.00000 -20.14636 -40.62057 -9.18068 -27.07765 62.15614 43.55510 -4.47172 -8.63195 -23.08308 -1.02868 17.60959 6.63392 -0.00000 0.00000 -0.00000 25.06591 -17.72379 9.39032 7.08468 41.30678 -18.65277 3.10028 -39.72995 12.35375 1.09958 -18.17977 6.86468 10.62335 2.31047 3.16060 5.44473 4.01280 4.02370 -0.10849 3.25312 2.17877 5.11079 3.00508 2.16943 -4.46332 -5.64870 2.91633 -2.47288 -2.17745 1.46629 0.00000 0.00000 0.00000 -100.85074 48.93444 23.91624 13.37884 -2.81047 -23.62676 0.00000 -8.02167 0.00000 -2.36908 0.48074 -11.46446 -7.12502 -0.00000 0.00000 -24.95074 12.91473 19.34146 0.00000 0.00000 0.00000 55.17092 36.39910 46.67736 -21.15915 -7.50478 38.69691 -0.00000 1.53612 0.00000 -6.80287 2.46313 -19.81198 7.12502 -0.00000 -0.00000 18.60250 -1.30498 -48.87086
0.19092 0.92136 -0.81626 0.23667 12.38133 -28.54698 -0.00000 0.00000 -0.00000 -19.29556 -40.03413 -4.97573 -27.36012 62.29381 43.87436 -3.55845 -6.60959 -21.91644 -1.60248 21.72261 8.33773 -0.00000 0.00000 -0.00000 24.35933 -18.73188 7.55381 8.05238 43.34187 -20.08969 5.44618 -37.41636 16.06667 0.75145 -15.13783 5.65076 9.37893 2.78611 3.22052 5.77998 3.96541 4.16522 0.88109 2.81829 2.19413 4.45362 3.48061 2.20092 -3.69191 -6.00997 2.98087 -2.12153 -2.39325 1.49299 0.00000 0.00000 -0.00000 -100.78405 47.09273 24.64464 12.80573 -2.56627 -22.57560 0.00000 -7.92848 0.00000 -4.53850 0.81904 -10.20844 -7.12502 -0.00000 0.00000 -27.08473 13.41827 20.59242 0.00000 0.00000 -0.00000 54.09100 40.66120 46.94414 -22.67320 -8.77559 41.88683 -0.00000 -0.15219 -0.00000 -5.94895 2.01747 -18.66706 7.12502 -0.00000 -0.00000 19.54090 -0.93979 -47.64587
0.18647 0.91063 -0.79513 0.33593 12.03719 -29.49257 -0.00000 0.00000 -0.00000 -18.96421 -37.80600 -1.09207 -25.88763 61.55160 42.20551 -3.64802 -5.67102 -23.49512 -3.78426 31.99798 13.14499 -0.00000 0.00000 -0.00000 22.64059 -20.31769 5.71994 10.39532 47.46985 -23.37731 6.92575 -33.82543 18.72033 0.60409 -13.61460 5.05729 7.88477 2.79161 3.35776 5.57636 4.08035 4.33976 1.49674 2.83250 2.25118 3.97722 3.82829 2.23822 -2.88231 -5.85935 3.06636 -1.77716 -2.41538 1.52532 0.00000 0.00000 0.00000 -99.19780 45.32377 24.45305 12.30669 -2.36361 -21.66487 0.00000 -7.02083 0.00000 -5.63334 0.98477 -9.88389 -7.12502 -0.00000 0.00000 -28.09902 13.79971 20.92765 0.00000 0.00000 0.00000 53.81995 44.40682 46.23450 -23.73505 -9.75439 44.19992 -0.00000 -0.13982 -0.00000 -4.24856 1.29936 -16.97470 7.12502 -0.00000 -0.00000 21.32677 -0.31610 -45.80958
0.18334 0.89982 -0.77179 0.83447 11.50418 -29.99278 -0.00000 0.00000 -0.00000 -20.21188 -34.41531 -0.35056 -23.65841 60.30224 39.65518 -4.93192 -5.76156 -28.22120 -5.73841 38.03938 16.54497 -0.00000 0.00000 -0.00000 19.90473 -23.94973 4.64446 16.24302 54.65438 -30.87632 6.52455 -27.08341 18.96503 0.72575 -14.88467 5.55152 6.98235 2.53633 3.53721 4.60049 4.00125 4.58824 0.99892 2.89785 2.37518 4.05572 4.34543 2.07242 -2.33504 -5.46078 2.90486 -1.60502 -2.38910 1.43213 0.00000 0.00000 0.00000 -95.59901 44.33807 23.26059 12.01573 -2.24967 -21.13574 0.00000 -5.97799 0.00000 -6.41223 1.12419 -9.90268 -7.12502 -0.00000 0.00000 -28.76887 14.19288 20.93599 0.00000 0.00000 0.00000 55.33970 47.09058 44.25088 -24.29894 -10.30636 45.45784 -0.00000 0.92860 0.00000 -1.89799 0.52981 -15.59092 7.12502 -0.00000 -0.00000 23.69942 0.33829 -44.22938
0.18160 0.89020 -0.74692 2.33724 10.40906 -30.10010 -0.00000 0.00000 -0.00000 -23.87637 -30.04606 -2.26456 -20.96881 58.55687 36.53194 -4.77338 -2.92094 -32.17373 -8.24763 43.72594 20.37316 -0.00000 0.00000 -0.00000 15.79379 -30.25160 5.39819 30.00241 63.48322 -46.84251 3.19878 -17.11680 13.52627 0.72457 -14.87298 5.54694 6.25910 1.97384 3.83336 2.67017 4.11362 4.98606 -0.52142 3.44309 2.60857 4.37931 4.78387 1.86593 -1.72819 -5.29091 2.70566 -1.45950 -2.42365 1.31047 -0.00000 0.00000 -0.00000 -89.54585 44.69593 20.02840 11.49077 -2.05186 -20.18436 0.00000 -5.99671 0.00000 -4.25884 0.82751 -10.97563 -7.12502 -0.00000 0.00000 -26.68697 13.63399 19.87624 -0.00000 0.00000 -0.00000 58.61514 48.20594 40.98489 -24.51452 -10.52365 45.94472 -0.00000 1.16009 0.00000 1.16882 -0.32067 -15.33953 7.12502 -0.00000 -0.00000 26.74251 0.68793 -43.63502
0.17947 0.88260 -0.71962 4.08671 9.46341 -29.97533 -0.00000 0.00000 -0.00000 -27.75949 -25.67875 -3.77163 -17.95282 56.21217 32.95240 -3.87003 0.06129 -34.80227 -11.44646 49.03592 24.78601 -0.00000 0.00000 -0.00000 12.67423 -37.37850 8.01840 49.48912 68.58196 -68.10714 1.78504 -11.30245 10.57516 0.79234 -15.53091 5.80536 4.55305 1.49278 4.15554 1.57273 4.07708 5.43371 -0.64712 3.63165 2.80696 4.61060 4.95297 1.79854 -2.59407 -5.06642 2.59034 -1.77554 -2.37624 1.27848 -0.00000 0.00000 -0.00000 -84.37528 43.27822 16.31237 10.95884 -1.86147 -19.22443 0.00000 -5.00725 0.00000 1.06104 -0.22672 -12.05980 -7.12502 -0.00000 0.00000 -21.85066 11.47834 18.60680 -0.00000 0.00000 -0.00000 61.23576 48.39349 36.37952 -24.50833 -10.51736 45.93069 -0.00000 0.61746 0.00000 5.18780 -1.57515 -16.84404 7.12502 -0.00000 -0.00000 30.76993 0.32733 -44.45027
0.17674 0.87919 -0.68911 4.73218 9.63104 -29.58504 -0.00000 0.00000 -0.00000 -29.88817 -22.08385 -4.14547 -15.29757 53.70723 29.71041 -6.82151 -4.10972 -36.62344 -10.35623 47.40860 23.32423 -0.00000 0.00000 -0.00000 13.29777 -44.26468 11.87019 60.26307 69.69490 -79.63148 1.71972 -11.59065 10.18370 0.86580 -16.21012 6.07400 4.27770 0.99412 4.22940 1.09256 3.91092 5.53219 -0.95215 3.76127 2.85809 4.34626 4.98826 2.03764 -3.13689 -5.14999 2.86065 -1.92400 -2.39662 1.43482 -0.00000 0.00000 -0.00000 -80.62005 40.57780 14.01751 10.89698 -1.83998 -19.11306 0.00000 -4.74505 0.00000 9.55212 -2.25472 -13.15899 -7.12502 -0.00000 0.00000 -14.22534 7.75718 16.96801 -0.00000 0.00000 -0.00000 62.46793 48.14403 32.88402 -23.83831 -9.85373 44.42864 -0.00000 1.11279 0.00000 7.04929 -2.38766 -18.61871 7.12502 -0.00000 -0.00000 32.69237 -0.44827 -45.69842
0.17362 0.87885 -0.65627 4.93388 10.30282 -28.62491 -0.00000 0.00000 -0.00000 -31.40114 -18.29843 -5.21187 -12.91043 50.98735 26.69640 -8.26910 -6.62873 -36.78715 -9.90693 46.68797 22.71040 -0.00000 0.00000 -0.00000 16.29228 -50.13606 16.60127 55.20200 69.28294 -74.22837 1.72345 -14.72495 9.31686 0.78630 -15.47360 5.78278 4.17237 0.89102 3.87845 1.17607 3.57017 5.07194 -0.85975 3.42540 2.61766 3.96315 4.92549 2.60385 -3.63413 -5.00872 3.56188 -2.04922 -2.30520 1.80763 0.00000 0.00000 0.00000 -79.24025 37.66178 13.93827 11.01748 -1.88197 -19.33007 0.00000 -5.84398 0.00000 18.32750 -4.94281 -14.58007 -7.12502 -0.00000 0.00000 -6.33474 3.72237 14.68076 0.00000 0.00000 0.00000 62.49118 47.96202 30.28214 -22.76978 -8.86149 42.09442 -0.00000 1.08889 0.00000 6.14099 -2.23135 -19.89369 7.12502 -0.00000 -0.00000 31.81055 -1.18813 -46.91462
0.17049 0.88241 -0.62026 4.77845 10.80271 -26.96419 -0.00000 0.00000 -0.00000 -32.20261 -13.86302 -5.92665 -10.62567 47.82618 23.68900 -7.74444 -6.92784 -35.05407 -10.00056 46.84073 22.83890 -0.00000 0.00000 -0.00000 19.59765 -53.32281 21.24341 37.32882 66.02709 -54.93808 1.32056 -19.41721 7.54466 0.93502 -16.82146 6.31750 4.19672 1.11420 3.11255 1.59930 3.58411 4.05075 -0.51133 3.23790 2.10062 3.84742 5.20675 3.18005 -4.57010 -5.50438 4.27101 -2.40336 -2.47600 2.19370 0.00000 0.00000 -0.00000 -79.82494 37.00606 15.55185 11.17422 -1.93735 -19.61263 0.00000 -7.33670 0.00000 23.65022 -7.20748 -15.98638 -7.12502 -0.00000 0.00000 -1.54861 0.98732 12.48794 0.00000 0.00000 -0.00000 61.62775 47.71645 28.21446 -22.07051 -8.25296 40.60296 -0.00000 0.07419 0.00000 5.07275 -2.04858 -21.93454 7.12502 -0.00000 -0.00000 30.74156 -2.28388 -48.83339
0.16609 0.89064 -0.58116 4.50216 11.22265 -25.01723 -0.00000 0.00000 -0.00000 -32.25961 -9.87849 -5.62627 -8.85555 44.87086 21.24355 -6.19612 -6.87432 -30.79150 -8.83769 44.83827 21.21824 -0.00000 0.00000 -0.00000 22.03851 -52.99374 26.23779 19.76996 57.67973 -35.12016 0.52526 -23.87861 5.63684 0.74808 -15.10492 5.63784 4.02676 1.23341 2.22256 2.31095 3.92708 2.83754 0.26642 3.43205 1.48393 3.70319 5.00188 3.68578 -5.63829 -5.36954 4.87404 -2.75508 -2.34411 2.52932 -0.00000 0.00000 -0.00000 -81.77718 38.51178 18.17392 11.13316 -1.92276 -19.53858 0.00000 -6.55138 0.00000 22.76622 -7.02703 -16.25195 -7.12502 -0.00000 0.00000 -2.27133 1.45779 12.32310 -0.00000 0.00000 -0.00000 60.72475 46.82846 26.20460 -21.88673 -8.09809 40.21531 -0.00000 -0.65426 -0.00000 4.82005 -2.04734 -22.96052 7.12502 -0.00000 -0.00000 30.47816 -2.80860 -49.75932
0.16275 0.89942 -0.54112 4.23495 11.80408 -22.19416 -0.00000 0.00000 -0.00000 -31.99580 -7.88526 -5.66444 -8.67428 44.53722 20.98587 -3.29064 -4.00859 -24.41606 -7.03051 41.18585 18.57061 -0.00000 0.00000 -0.00000 21.75449 -50.75176 30.74247 10.27793 47.28524 -23.21777 -0.08333 -26.70353 4.59606 0.84165 -15.99051 5.98693 4.14245 1.74777 1.16198 3.19526 4.11247 1.42029 1.03181 3.28044 0.76536 3.89034 4.69771 4.19258 -7.42440 -5.08367 5.47542 -3.40458 -2.11421 2.87373 -0.00000 0.00000 0.00000 -84.89773 40.88229 21.74677 10.99128 -1.87279 -19.28287 0.00000 -4.46228 0.00000 21.06997 -6.80648 -17.09905 -7.12502 -0.00000 0.00000 -3.60539 2.37711 11.64453 -0.00000 0.00000 0.00000 60.13745 45.29480 23.84197 -22.21512 -8.37628 40.90923 -0.00000 -1.05031 -0.00000 5.42677 -2.29393 -22.84707 7.12502 -0.00000 -0.00000 31.10947 -2.75207 -49.54912
0.16082 0.90250 -0.50382 3.55965 12.16030 -17.70935 -0.00000 0.00000 -0.00000 -30.92645 -9.63762 -6.34687 -12.01220 49.81937 25.53079 -0.13034 2.52488 -16.81800 -6.13174 39.05442 17.17613 -0.00000 0.00000 -0.00000 18.65664 -48.06706 33.28177 6.70853 40.45009 -18.07803 -0.10921 -28.52921 4.89101 1.47559 -20.89848 7.98858 5.02737 3.35762 -0.01870 4.15200 4.38903 -0.06927 1.46123 2.65110 0.02595 5.28766 3.16104 4.07551 -10.51137 -4.31439 5.27079 -4.66164 -1.49225 2.78451 -0.00000 0.00000 -0.00000 -87.58778 43.43796 24.85063 10.95936 -1.86165 -19.22536 0.00000 -2.85480 0.00000 20.99114 -6.80546 -17.16289 -7.12502 -0.00000 0.00000 -3.66346 2.42084 11.58683 -0.00000 0.00000 -0.00000 59.25051 42.52566 22.13885 -22.87531 -8.95605 42.32186 -0.00000 -1.48274 -0.00000 5.58132 -2.27098 -22.07229 7.12502 -0.00000 -0.00000 31.26734 -2.34849 -48.86062
0.15818 0.89528 -0.47012 2.05076 11.43633 -13.05157 -0.00000 0.00000 -0.00000 -28.65600 -14.84671 -6.25195 -22.70903 59.71845 38.55907 1.01289 6.89167 -11.79729 -4.58528 34.70738 14.60148 -0.00000 0.00000 -0.00000 15.06203 -45.62378 31.08546 5.98509 38.68232 -16.94244 0.92623 -25.11970 6.78612 1.66631 -22.12251 8.50870 6.57000 6.15287 -0.80931 5.09153 5.41608 -0.91150 1.60341 2.16128 -0.36761 6.21296 1.34247 3.64205 -13.37083 -4.50874 4.54541 -5.16462 -1.06472 2.42827 -0.00000 0.00000 -0.00000 -87.84870 44.57429 25.68911 10.76264 -1.79376 -18.87137 0.00000 -2.06117 0.00000 23.36658 -7.84145 -17.52517 -7.12502 -0.00000 0.00000 -1.58860 1.07846 10.83695 -0.00000 0.00000 -0.00000 56.76186 38.88218 22.30436 -23.69946 -9.72033 44.12125 -0.00000 -2.50664 -0.00000 4.84530 -1.88211 -21.17856 7.12502 -0.00000 -0.00000 30.50447 -1.90193 -48.22425
0.15560 0.87879 -0.44081 0.92952 10.56920 -8.78200 -0.00000 0.00000 -0.00000 -26.37401 -23.69555 -5.94748 -48.32392 68.40485 66.85475 0.53696 4.69633 -12.74276 -2.32576 25.79508 10.13171 -0.00000 0.00000 -0.00000 10.76118 -45.88190 24.89370 6.94405 40.99114 -18.43905 0.18332 -14.21981 3.30639 1.32744 -19.88159 7.56340 8.29429 9.19793 -1.26481 5.37862 6.50505 -1.15784 1.03088 1.61653 -0.44207 6.01221 0.63109 2.93787 -14.24020 -5.57363 3.42456 -5.38799 -1.35450 1.89394 -0.00000 0.00000 -0.00000 -84.98409 43.09961 24.36598 10.31557 -1.64450 -18.06872 0.00000 -1.19540 0.00000 26.61860 -9.58359 -18.37629 -7.12502 -0.00000 0.00000 1.26117 -0.90523 9.33567 -0.00000 0.00000 -0.00000 53.50280 35.45297 24.09730 -24.27879 -10.28623 45.41251 -0.00000 -2.46289 -0.00000 2.44375 -0.90666 -20.34326 7.12502 -0.00000 -0.00000 28.04540 -1.54352 -47.89459
0.15347 0.85535 -0.41581 0.13736 10.08124 -5.12682 -0.00000 0.00000 -0.00000 -24.09104 -36.01489 -5.35592 -82.13522 69.52262 102.92709 0.84387 5.87356 -17.60877 -2.13745 24.82082 9.69122 -0.00000 0.00000 -0.00000 5.95645 -50.84427 16.05591 10.87303 48.20037 -24.02178 -0.09100 -11.75914 1.60252 3.11974 -29.41943 11.84410 10.03891 12.23101 -1.37047 5.17153 7.65860 -0.83590 -0.06097 1.21079 -0.21195 5.54163 0.05094 1.98376 -14.80439 -6.68492 1.95367 -5.45863 -1.73280 1.19752 0.00000 0.00000 -0.00000 -78.99300 37.98959 19.67121 9.34347 -1.34367 -16.33201 0.00000 2.15166 -0.00000 27.68355 -10.16694 -18.59551 -7.12502 -0.00000 0.00000 2.17442 -1.58739 8.88610 0.00000 0.00000 -0.00000 49.66683 31.35199 27.16169 -24.51565 -10.52480 45.94728 -0.00000 -2.26906 -0.00000 0.97838 -0.36528 -20.47118 7.12502 -0.00000 -0.00000 26.54433 -1.62283 -48.24469
0.14934 0.82846 -0.38957 -0.19463 8.76858 -1.42247 -0.00000 0.00000 -0.00000 -22.29241 -49.02866 -3.66589 -99.93456 66.75455 122.07548 3.54832 12.89975 -20.50333 -3.74584 31.85796 13.07234 -0.00000 0.00000 -0.00000 -0.96215 -54.53524 6.90828 18.14482 56.37581 -33.18320 0.47798 -13.76478 4.52364 4.05293 -32.94977 13.64537 10.50250 15.47428 -1.33783 4.92647 9.14257 -0.39125 -0.50010 1.12014 0.06336 5.06286 0.32392 0.99724 -14.97894 -8.10453 0.43026 -5.40260 -2.35642 0.51807 -0.00000 0.00000 -0.00000 -72.82002 31.23832 13.77530 8.14295 -1.01605 -14.20154 0.00000 6.20591 -0.00000 27.68478 -9.97290 -18.26685 -7.12502 -0.00000 0.00000 2.13759 -1.53906 9.26208 -0.00000 0.00000 -0.00000 45.18290 26.94354 29.70980 -24.44718 -10.45539 45.79226 -0.00000 -2.37758 -0.00000 -0.63110 0.23649 -20.54140 7.12502 -0.00000 -0.00000 24.89304 -1.65832 -48.56856
0.14382 0.79801 -0.36117 -0.37993 6.94084 1.95300 -0.00000 0.00000 -0.00000 -21.50281 -62.00515 -1.75887 -103.99919 65.63507 126.51749 5.73970 17.96027 -20.55206 -5.70911 37.96154 16.49738 -0.00000 0.00000 -0.00000 -8.15170 -55.72217 -0.90266 28.80502 62.96541 -45.50135 1.51677 -17.29261 8.24946 4.83408 -35.47692 15.03424 9.89294 18.97800 -1.00208 4.67641 10.47309 0.36677 -0.40360 0.80166 0.44342 4.60984 0.88828 0.17669 -14.98012 -8.95585 -0.79595 -5.27958 -2.83071 -0.01966 -0.00000 0.00000 -0.00000 -68.01020 25.15101 8.73145 7.35190 -0.82611 -12.80530 0.00000 9.30124 -0.00000 27.60211 -9.68357 -17.83406 -7.12502 -0.00000 0.00000 2.01943 -1.42674 9.77252 -0.00000 0.00000 -0.00000 40.72254 22.59139 31.13261 -23.86522 -9.87975 44.48837 -0.00000 -3.28461 -0.00000 -1.61260 0.62154 -21.07265 7.12502 -0.00000 -0.00000 23.86534 -1.86840 -49.21482
0.14204 0.76705 -0.32847 -1.73566 5.50106 5.59807 -0.00000 0.00000 -0.00000 -24.14200 -73.77276 -3.83110 -96.88092 67.45227 118.76086 6.29202 19.85375 -19.26995 -7.34578 41.87878 19.04608 -0.00000 0.00000 -0.00000 -15.17308 -55.39402 -9.52662 42.49514 67.31873 -60.56323 2.90755 -20.88493 11.88993 5.00060 -35.97527 15.31942 10.49910 21.49398 -0.95570 4.55520 11.34208 0.85197 -0.82699 0.55930 0.72926 4.21988 1.29659 -0.42463 -14.66424 -9.32955 -1.64433 -5.06941 -3.09449 -0.40418 -0.00000 0.00000 -0.00000 -64.55623 19.32233 4.75127 6.89464 -0.72556 -12.00062 0.00000 12.06990 -0.00000 28.64654 -10.17086 -17.91359 -7.12502 -0.00000 0.00000 2.89907 -2.07122 9.48548 -0.00000 0.00000 -0.00000 36.90309 18.52184 31.78311 -22.82081 -8.90713 42.20432 -0.00000 -4.79772 -0.00000 0.12000 -0.04722 -21.48175 7.12502 -0.00000 -0.00000 25.63645 -2.06536 -49.29472
0.14560 0.73747 -0.29346 -3.50164 5.00090 8.77076 -0.00000 0.00000 -0.00000 -39.57644 -83.20387 -18.02842 -75.88192 69.88959 96.26087 3.80583 14.58632 -17.32627 -6.26786 39.39331 17.39139 -0.00000 0.00000 -0.00000 -23.23634 -55.03972 -19.86817 58.11033 69.54212 -77.33501 3.11372 -25.03941 11.96946 5.90642 -38.47964 16.81629 10.92693 22.54616 -0.75038 4.38289 11.73103 1.35114 -1.26960 0.54559 1.01704 4.01621 1.51984 -0.81766 -14.37627 -9.92676 -2.22743 -4.91033 -3.36241 -0.66111 0.00000 0.00000 0.00000 -62.26536 15.03429 1.80556 6.87992 -0.72243 -11.97474 0.00000 12.73560 -0.00000 29.07767 -10.58103 -18.27391 -7.12502 -0.00000 0.00000 3.29492 -2.39861 8.98447 0.00000 0.00000 0.00000 34.06192 14.69309 31.20767 -21.96347 -8.16251 40.37697 -0.00000 -7.33943 -0.00000 2.61663 -1.12847 -23.31323 7.12502 -0.00000 -0.00000 28.17575 -2.94508 -50.47896
0.15230 0.70636 -0.25782 -5.43975 4.71264 10.81681 -0.00000 0.00000 -0.00000 -123.15491 -87.75115 -100.05158 -48.62180 68.45131 67.17507 0.91468 6.58714 -11.05146 -4.64014 34.87975 14.69763 -0.00000 0.00000 -0.00000 -30.97256 -54.09740 -29.52679 74.57159 69.93343 -94.86568 2.48343 -28.82310 10.52175 6.19759 -39.21912 17.28045 10.40383 23.27937 -0.19996 4.07781 11.68151 2.07968 -1.42813 0.18760 1.35261 3.85862 1.67940 -0.96853 -14.06420 -10.70600 -2.49189 -4.76861 -3.64169 -0.75882 0.00000 0.00000 0.00000 -60.75828 12.31738 0.22937 7.20067 -0.79211 -12.53896 0.00000 12.61070 -0.00000 29.39917 -11.00810 -18.72096 -7.12502 -0.00000 0.00000 3.60714 -2.68345 8.39971 0.00000 0.00000 0.00000 31.36192 11.25008 30.33110 -20.96827 -7.35423 38.30269 -0.00000 -9.18284 -0.00000 3.48803 -1.58744 -24.44126 7.12502 -0.00000 -0.00000 29.06171 -3.51606 -51.29760
0.16120 0.66885 -0.21972 -7.65825 3.36299 12.04014 -0.00000 0.00000 -0.00000 -187.35392 -85.66279 -164.81495 -33.51459 64.82441 50.74453 0.57396 7.96733 -3.49330 -4.55847 34.62262 14.55436 -0.00000 0.00000 -0.00000 -37.38518 -51.24827 -37.35625 90.47171 68.58771 -111.85079 2.20969 -31.80035 10.12103 5.59167 -37.64630 16.30579 9.63204 24.02218 0.39917 3.67994 11.72108 2.78920 -1.57158 -0.08500 1.67625 3.75072 1.48321 -0.87349 -13.27071 -11.32815 -2.34467 -4.51404 -3.77325 -0.69765 0.00000 0.00000 -0.00000 -59.08695 10.09469 -0.92082 7.52656 -0.86630 -13.11310 0.00000 12.63080 -0.00000 29.29220 -11.57032 -19.67331 -7.12502 -0.00000 0.00000 3.62114 -2.80233 7.31239 0.00000 0.00000 -0.00000 28.84665 8.03208 29.39920 -19.79628 -6.47396 35.91650 -0.00000 -10.32180 -0.00000 2.97558 -1.39190 -25.04705 7.12502 -0.00000 -0.00000 28.50331 -3.78491 -51.93091
0.17071 0.62045 -0.17819 -10.07386 0.77344 12.40205 -0.00000 0.00000 -0.00000 -210.59706 -82.19583 -190.70177 -37.00150 65.93296 54.57974 -0.03194 10.75432 2.08325 -7.84469 42.92403 19.78591 -0.00000 0.00000 -0.00000 -43.53611 -46.62050 -44.04392 105.10152 65.28854 -127.72925 2.04550 -34.23286 10.01797 4.81011 -35.40413 14.99292 8.79686 24.64100 1.21767 3.17627 11.57150 3.73772 -1.86991 -0.47645 2.10976 3.37735 1.15051 -0.63049 -11.77066 -10.84064 -1.82237 -4.01939 -3.51829 -0.51649 0.00000 0.00000 -0.00000 -56.77391 8.57586 -1.75365 7.80442 -0.93227 -13.60333 0.00000 12.23190 -0.00000 28.58407 -11.25315 -19.70533 -7.12502 -0.00000 0.00000 3.04532 -2.34582 7.42671 0.00000 0.00000 -0.00000 26.23521 5.63353 27.73310 -18.34334 -5.48172 33.03113 -0.00000 -10.14850 -0.00000 2.90521 -1.42915 -26.17196 7.12502 -0.00000 -0.00000 28.38783 -4.31861 -52.93253
0.18057 0.56704 -0.13765 -12.09806 -2.55983 12.66955 -0.00000 0.00000 -0.00000 -214.76988 -75.35193 -197.09301 -66.15940 69.95305 85.91251 0.97028 13.70098 -2.16603 -7.32829 41.84103 19.01988 -0.00000 0.00000 -0.00000 -50.24618 -40.10349 -49.28972 115.31881 60.89553 -139.17087 2.19137 -34.83657 10.34182 3.92729 -32.51051 13.41299 8.07941 25.25531 1.94882 2.48293 11.15319 4.59171 -2.46356 -1.14236 2.49477 2.90733 0.65052 -0.49158 -9.51755 -9.93205 -1.36125 -3.64034 -3.47889 -0.42298 0.00000 0.00000 0.00000 -53.69672 7.00006 -2.85298 7.85957 -0.94567 -13.70072 0.00000 12.27200 -0.00000 27.67302 -10.51439 -19.18666 -7.12502 -0.00000 0.00000 2.23494 -1.67237 8.21087 0.00000 0.00000 0.00000 23.28649 3.66365 25.43216 -16.67985 -4.46923 29.81094 -0.00000 -7.52436 -0.00000 3.47967 -1.81962 -27.57342 7.12502 -0.00000 -0.00000 28.94673 -5.04281 -54.03016
0.19019 0.50941 -0.09771 -13.12492 -6.20160 14.44777 -0.00000 0.00000 -0.00000 -210.15774 -70.09902 -194.60917 -97.00109 67.42690 118.89098 1.50626 12.05524 -6.49214 -4.90612 35.69412 15.15805 -0.00000 0.00000 -0.00000 -58.36833 -30.62838 -52.33912 121.81669 56.40836 -146.77059 4.19205 -33.32319 13.89958 2.70972 -27.63516 10.98567 7.67890 26.19922 2.10895 1.59961 10.58138 4.80810 -3.34903 -2.15779 2.57043 2.28550 0.35767 -0.71418 -7.17106 -10.07888 -1.48571 -2.69053 -3.42410 -0.54727 0.00000 0.00000 0.00000 -50.02502 5.44167 -4.92888 7.72819 -0.91392 -13.46876 0.00000 13.03910 -0.00000 26.42003 -9.42037 -18.23372 -7.12502 -0.00000 0.00000 1.07764 -0.76785 9.53315 0.00000 0.00000 0.00000 20.49477 0.99488 22.22416 -14.99896 -3.56928 26.63194 -0.00000 -3.27105 -0.00000 4.11151 -2.23381 -28.46811 7.12502 -0.00000 -0.00000 29.59407 -5.54635 -54.65793
0.20068 0.45388 -0.06109 -14.42686 -9.57771 15.74038 -0.00000 0.00000 -0.00000 -207.09826 -65.13422 -193.19759 -114.56085 61.31300 138.30513 1.79784 11.94221 -8.60825 -5.86572 38.37393 16.75080 -0.00000 0.00000 -0.00000 -63.89437 -22.98770 -50.97864 125.58420 52.76130 -151.39026 6.64755 -31.39115 18.49093 1.23083 -19.18235 7.27444 7.62790 26.49378 2.50161 0.90656 10.05489 5.33246 -4.26562 -2.73976 2.81463 0.93026 0.45433 -0.90537 -4.89002 -10.29750 -1.59399 -1.66499 -3.46029 -0.62559 0.00000 0.00000 0.00000 -47.12430 3.46587 -8.29245 7.12728 -0.77588 -12.40980 0.00000 15.12320 -0.00000 25.03439 -8.15252 -16.89005 -7.12502 -0.00000 0.00000 -0.25569 0.17068 11.27698 0.00000 0.00000 0.00000 17.28445 -3.31942 19.16434 -12.70973 -2.52656 22.40008 -0.00000 2.98334 0.00000 2.89274 -1.59129 -28.79142 7.12502 -0.00000 -0.00000 28.24921 -5.56798 -55.23624
0.21307 0.40100 -0.02839 -15.59405 -12.77640 16.40789 -0.00000 0.00000 -0.00000 -205.96016 -59.73501 -193.38171 -124.54484 53.86973 150.09428 1.93806 11.45522 -10.44663 -5.76765 38.11675 16.59238 -0.00000 0.00000 -0.00000 -67.01770 -18.37787 -46.03276 127.71747 50.18031 -154.11632 8.44989 -30.00011 21.98790 0.45306 -11.82821 4.37158 7.37747 26.33113 2.84835 0.16678 9.67320 5.68855 -5.06687 -2.97045 2.98875 0.62040 -0.24293 -1.19195 -3.91483 -10.20436 -1.89120 -1.27062 -3.28304 -0.80341 0.00000 0.00000 0.00000 -44.64761 4.12357 -10.59250 7.04761 -0.75845 -12.26962 0.00000 14.89850 -0.00000 22.63556 -6.89867 -16.06908 -7.12502 -0.00000 0.00000 -2.40750 1.53238 12.54150 0.00000 0.00000 0.00000 15.05427 -9.98771 17.21673 -10.99411 -1.87378 19.28797 -0.00000 12.81990 0.00000 2.27916 -1.28347 -29.37027 7.12502 -0.00000 -0.00000 27.54289 -5.76294 -55.89831
0.22605 0.35306 0.00163 -16.71814 -16.70349 17.42179 -0.00000 0.00000 -0.00000 -206.29624 -55.13160 -194.07449 -129.93008 46.95301 157.06609 2.03109 11.18448 -11.76550 -5.65966 37.82942 16.41686 -0.00000 0.00000 -0.00000 -66.77690 -15.17790 -38.62821 128.73408 48.77751 -155.45355 8.56158 -29.12970 22.38597 0.01801 -2.38008 0.86681 7.09876 26.48162 2.71938 -0.52877 9.33718 5.45022 -5.68153 -3.40829 2.86030 1.04773 -0.12749 -1.37994 -2.95962 -11.00864 -2.06203 -1.02196 -3.57780 -0.92725 -0.00000 0.00000 -0.00000 -41.77986 7.49051 -11.25387 7.61045 -0.88595 -13.26103 0.00000 12.96730 -0.00000 20.41967 -6.36786 -16.58977 -7.12502 -0.00000 0.00000 -4.23657 2.72759 12.28321 -0.00000 0.00000 -0.00000 14.02629 -15.95680 16.07244 -10.26805 -1.62904 17.98356 -0.00000 20.22560 0.00000 2.55010 -1.37519 -28.31849 7.12502 -0.00000 -0.00000 27.90240 -5.30394 -54.90229
0.24208 0.31164 0.02851 -18.33225 -21.32147 18.77771 -0.00000 0.00000 -0.00000 -206.66850 -50.96441 -194.16065 -132.95213 41.22468 161.40305 2.04689 10.85244 -12.68984 -3.75729 31.89979 13.09402 -0.00000 0.00000 -0.00000 -61.91340 -13.07916 -29.71500 128.87838 48.56794 -155.64571 5.29870 -26.05736 16.65166 0.31617 9.90966 -3.64568 7.39952 26.34757 2.54149 -0.89983 8.98065 5.29853 -6.23899 -3.69823 2.78366 0.63246 -0.00274 -1.89927 -1.22348 -11.03034 -2.60860 -0.34627 -3.57976 -1.24572 -0.00000 0.00000 0.00000 -39.16080 11.97859 -12.10483 8.58277 -1.13052 -14.98035 0.00000 10.19620 -0.00000 19.56845 -5.85946 -16.02400 -7.12502 -0.00000 0.00000 -5.05145 3.16624 13.00060 -0.00000 0.00000 0.00000 11.84842 -15.46505 12.62601 -10.54351 -1.71974 18.47764 -0.00000 16.50900 0.00000 -0.28761 0.15854 -28.86560 7.12502 -0.00000 -0.00000 24.77320 -5.18169 -56.07276
0.26010 0.27394 0.05213 -19.39002 -26.24146 20.76327 -0.00000 0.00000 -0.00000 -208.45076 -48.55920 -194.54535 -135.04594 35.83731 164.75993 2.21547 11.54675 -12.55302 -4.06052 32.97598 13.65931 -0.00000 0.00000 -0.00000 -54.28361 -11.66912 -19.99252 128.47917 49.14115 -155.11558 2.21426 -21.16959 10.00822 0.95562 16.99844 -6.38830 7.00012 25.99414 2.62815 -1.02206 8.66773 5.31370 -6.17742 -3.90191 2.78026 -0.91720 -0.49156 -2.74380 1.46383 -9.71954 -3.55004 0.80930 -2.95983 -1.75620 -0.00000 0.00000 -0.00000 -37.73002 16.84541 -13.46991 9.94320 -1.52545 -17.40213 0.00000 5.70970 -0.00000 27.97232 -8.66749 -15.84161 -7.12502 -0.00000 0.00000 2.11793 -1.37690 11.98595 -0.00000 0.00000 -0.00000 10.49236 -14.05370 8.36336 -10.61859 -1.74491 18.61246 -0.00000 15.83420 0.00000 -4.23761 2.32481 -28.69908 7.12502 -0.00000 -0.00000 20.48677 -4.50001 -56.85960
0.28033 0.24100 0.06989 -20.49915 -31.28932 22.83796 -0.00000 0.00000 -0.00000 -210.38389 -47.93766 -193.93717 -136.30837 31.65865 167.03065 1.84349 10.84260 -10.84202 -4.13988 33.24801 13.80459 -0.00000 0.00000 -0.00000 -44.68085 -10.60399 -11.16990 127.89817 49.93997 -154.35200 1.10206 -19.11552 6.88018 0.94900 16.94185 -6.36564 6.58243 25.31794 2.87763 -0.61263 8.56686 5.55343 -5.52113 -3.73515 2.90463 -1.93921 -1.00700 -3.49879 2.61214 -8.51872 -4.50313 1.34632 -2.40252 -2.23109 -0.00000 0.00000 0.00000 -40.18280 15.69346 -13.09277 12.76357 -2.54879 -22.49850 0.00000 6.25714 -0.00000 38.61736 -18.07838 -21.23049 -7.12502 -0.00000 0.00000 11.00271 -10.15012 2.81130 -0.00000 0.00000 0.00000 10.32163 -16.97153 3.81221 -9.98500 -1.53858 17.47688 -0.00000 26.07020 0.00000 -2.10574 1.02557 -25.95645 7.12502 -0.00000 -0.00000 23.05388 -3.78119 -53.80819
0.30111 0.21313 0.08024 -21.52183 -36.02518 25.48779 -0.00000 0.00000 -0.00000 -211.77317 -49.61091 -191.54428 -136.84852 29.55084 168.09140 1.22613 9.62279 -7.50913 -4.33586 33.90381 14.15896 -0.00000 0.00000 -0.00000 -34.50502 -11.14392 -3.91766 127.46203 50.51378 -153.78456 0.33884 -18.73052 4.44265 0.73288 14.95538 -5.57921 7.08429 24.19123 2.89024 0.18750 8.66940 5.70354 -4.83585 -3.09273 3.02309 -2.32079 -0.69864 -4.07403 1.85900 -8.06304 -5.33746 1.19648 -2.29302 -2.61580 -0.00000 0.00000 0.00000 -39.71034 23.70143 -7.26978 20.09280 -6.68967 -36.51489 0.00000 7.31529 -0.00000 37.54439 -14.21933 -17.72409 -7.12502 -0.00000 0.00000 10.11046 -7.80624 7.70334 -0.00000 0.00000 0.00000 10.58555 -22.87960 -1.65375 -9.17363 -1.29441 16.02969 -0.00000 34.40010 0.00000 1.89309 -0.81243 -23.21858 7.12502 -0.00000 -0.00000 27.42285 -2.88005 -50.53117
0.32053 0.19262 0.08367 -20.96500 -40.06254 30.09071 -0.00000 0.00000 -0.00000 -216.95071 -53.33546 -191.80726 -137.06906 28.61865 168.54509 0.99439 9.35583 -5.81195 -3.94837 32.58491 13.45217 -0.00000 0.00000 -0.00000 -26.21884 -13.69129 1.61030 126.88413 51.24235 -153.03967 -0.16167 -18.81797 2.81261 0.43136 11.54673 -4.26444 6.70685 22.62005 2.81940 0.61220 9.04226 5.47086 -3.97475 -2.04071 2.96990 -2.76829 -0.12136 -4.94518 3.06025 -7.33652 -6.46668 1.68963 -2.07733 -3.20510 0.00000 0.00000 0.00000 -34.12745 31.93202 -6.53761 24.64726 -10.65921 -46.24621 0.00000 8.13210 -0.00000 34.13584 -11.15266 -15.92350 -7.12502 -0.00000 0.00000 7.28248 -4.99055 10.75589 0.00000 0.00000 0.00000 12.67097 -26.79108 -8.53384 -8.43983 -1.09262 14.72704 -0.00000 32.77070 0.00000 -1.58751 0.76555 -25.73849 7.12502 -0.00000 -0.00000 23.62283 -3.74684 -53.49790
0.33692 0.18469 0.08153 -18.25779 -43.91839 37.07839 -0.00000 0.00000 -0.00000 -229.95423 -58.18585 -200.56291 -137.03920 28.74757 168.48287 1.29786 11.51209 -5.69206 -1.91746 23.61190 9.15494 -0.00000 0.00000 -0.00000 -19.86058 -17.73446 5.04250 125.56336 52.78440 -151.36409 -0.39994 -19.92032 2.28899 0.25623 8.93241 -3.27952 2.88821 21.63992 2.51782 1.50271 9.67704 4.30846 -0.66925 -1.41008 2.32384 -3.86018 1.56493 -5.66392 4.85395 -7.21956 -7.42212 2.57642 -2.20332 -3.71719 -0.00000 0.00000 0.00000 -29.88425 34.93001 -9.87352 26.35676 -12.53589 -50.26057 0.00000 7.59499 -0.00000 31.03573 -9.88777 -15.92795 -7.12502 -0.00000 0.00000 4.70659 -3.14115 11.35392 -0.00000 0.00000 0.00000 17.45660 -27.89831 -13.47847 -7.80374 -0.93211 13.60213 -0.00000 30.07930 0.00000 -3.72462 1.97012 -27.83834 7.12502 -0.00000 -0.00000 21.14003 -4.28013 -55.92456
0.35109 0.18809 0.07644 -15.89983 -49.19621 44.90239 -0.00000 0.00000 -0.00000 -242.55651 -66.54128 -213.73864 -136.63110 30.42730 167.65643 1.67689 11.73036 -8.04844 -0.90721 16.57897 6.22072 -0.00000 0.00000 -0.00000 -12.42330 -23.25506 5.72040 122.46853 55.84541 -147.55566 -0.75249 -21.68933 1.67702 0.03713 3.41616 -1.24495 0.20632 21.79950 1.13855 2.49901 10.61491 2.05744 2.28517 -0.69323 1.11788 -4.81265 2.50238 -6.00383 7.17240 -6.07458 -7.88108 3.53453 -1.84870 -4.00665 -0.00000 0.00000 0.00000 -23.51858 36.74762 -14.05082 27.00911 -13.32285 -51.86705 0.00000 4.68438 -0.00000 27.61423 -9.64405 -17.75795 -7.12502 -0.00000 0.00000 2.02103 -1.42340 9.85719 -0.00000 0.00000 0.00000 27.45851 -22.81163 -15.81898 -7.45422 -0.84953 12.98558 -0.00000 25.64310 0.00000 -1.97407 0.99534 -26.74735 7.12502 -0.00000 -0.00000 23.12965 -4.10448 -54.51245
0.36593 0.19044 0.06701 -16.05956 -56.49012 49.07525 -0.00000 0.00000 -0.00000 -261.80486 -70.32686 -238.54584 -136.44656 31.14099 167.29589 3.28313 15.52562 -12.36568 -0.27824 9.30383 3.41842 -0.00000 0.00000 -0.00000 -3.20992 -32.97886 6.19055 116.06263 60.46760 -140.02395 -1.16642 -23.41114 1.01255 0.00234 0.85841 -0.31246 1.53917 22.37826 -0.77438 3.45853 11.46068 -0.11734 2.99604 0.03524 0.05602 -5.64476 3.25228 -6.03988 9.51954 -4.18418 -8.01687 4.44815 -1.23089 -4.12964 0.00000 0.00000 0.00000 -15.17921 36.56525 -18.90052 26.48696 -12.68957 -50.57751 0.00000 -0.02028 0.00000 22.74834 -10.15684 -22.80994 -7.12502 -0.00000 0.00000 -1.30650 1.09161 5.12711 0.00000 0.00000 0.00000 38.56792 -17.04751 -17.12284 -7.46245 -0.85143 13.00009 -0.00000 23.25870 0.00000 -1.31007 0.60454 -24.76699 7.12502 -0.00000 -0.00000 23.98470 -3.37969 -52.54800
0.38726 0.18613 0.05293 -16.17471 -63.20321 49.85705 -0.00000 0.00000 -0.00000 -284.58250 -70.08718 -264.13050 -135.61403 34.06797 165.75139 4.01115 18.21847 -12.10479 -0.15633 -6.99200 -2.55844 -0.00000 0.00000 -0.00000 3.51431 -44.85558 7.26439 101.96335 66.22527 -124.28785 -2.16420 -24.99179 -1.11177 0.00424 1.15475 -0.42036 1.71336 22.18965 -1.97820 4.50126 12.05895 -1.68230 4.26041 0.90641 -0.77677 -5.98736 3.60358 -5.60235 10.41679 -1.63431 -7.60938 4.70411 -0.45667 -3.92872 -0.00000 0.00000 0.00000 -10.16137 35.75743 -22.44829 25.03954 -11.06797 -47.14518 0.00000 -4.68133 0.00000 20.07034 -10.34560 -26.17541 -7.12502 -0.00000 0.00000 -2.88311 2.69180 1.99999 -0.00000 0.00000 0.00000 45.23165 -15.12986 -18.18125 -7.98170 -0.97568 13.91648 -0.00000 25.22290 0.00000 0.59768 -0.24477 -22.26992 7.12502 -0.00000 -0.00000 26.10489 -2.41794 -49.92096
0.40969 0.17419 0.03947 -14.51046 -70.14993 50.87617 -0.00000 0.00000 -0.00000 -302.76939 -59.50455 -283.80130 -135.18108 35.43091 164.99189 3.71348 14.25360 -17.53302 -1.39724 -20.36856 -7.76626 -0.00000 0.00000 -0.00000 8.02092 -55.76066 7.92229 75.52362 69.90269 -95.87932 -2.73332 -24.26997 -2.98382 0.00721 -1.50657 0.54848 1.31866 22.57324 -3.30690 5.62510 12.72317 -3.55535 5.96354 1.73146 -1.83631 -6.09475 3.37855 -4.91323 11.59414 0.92080 -6.87038 4.50991 0.34027 -3.52536 0.00000 0.00000 0.00000 -7.09579 36.73212 -24.07699 23.37587 -9.41470 -43.40972 0.00000 -6.90941 0.00000 16.85277 -9.01219 -27.34396 -7.12502 -0.00000 0.00000 -5.24939 5.01867 1.40407 0.00000 0.00000 0.00000 49.65948 -9.84038 -19.64576 -9.97264 -1.53469 17.45478 -0.00000 16.54750 0.00000 -0.81191 0.32294 -21.68891 7.12502 -0.00000 -0.00000 24.66657 -2.13706 -49.64219
0.43163 0.15823 0.02027 -3.52438 -75.60122 60.28881 -0.00000 0.00000 -0.00000 -309.62916 -38.23190 -288.96419 -134.33681 37.83889 163.57738 -0.41955 4.16866 -27.91068 -4.34127 -33.92158 -14.16865 -0.00000 0.00000 -0.00000 9.84009 -63.16128 12.19012 42.26201 67.26769 -60.31052 -2.36470 -23.63170 -2.25867 0.02327 2.70529 -0.98543 -1.46719 23.93828 -4.35947 6.18495 13.33300 -5.58028 8.45376 2.39126 -3.14935 -5.59920 3.69847 -4.31477 10.97550 2.37172 -6.15992 4.65361 0.68375 -3.15400 -0.00000 0.00000 0.00000 -7.80234 37.59208 -23.53216 21.65018 -7.90176 -39.71883 0.00000 -7.92759 0.00000 12.75307 -7.00649 -28.32234 -7.12502 -0.00000 0.00000 -8.35473 8.11185 1.14472 -0.00000 0.00000 0.00000 50.69341 -5.62580 -20.75245 -12.47533 -2.43106 21.97218 -0.00000 7.64780 0.00000 -5.42110 2.17967 -21.83969 7.12502 -0.00000 -0.00000 19.88589 -2.02525 -50.58014
0.44790 0.14635 -0.00493 16.25854 -79.79186 80.02449 -0.00000 0.00000 -0.00000 -315.01420 -35.18511 -294.90368 -132.46422 42.28401 160.67041 -3.11853 -1.75955 -27.67947 -7.61325 -42.44666 -19.44455 -0.00000 0.00000 -0.00000 11.84245 -65.28643 24.36157 20.12301 57.94506 -35.53733 -3.09648 -23.98843 -4.15274 0.21528 8.19472 -3.00452 -6.27187 25.04408 -5.32084 7.22451 13.50078 -8.10074 12.72509 3.56844 -5.01583 -5.44678 4.28867 -4.05448 9.95720 4.24825 -5.94270 4.21667 1.12084 -3.03295 0.00000 0.00000 0.00000 -12.15842 36.96066 -21.61580 19.04032 -5.94457 -34.40596 0.00000 -5.96521 0.00000 11.56427 -6.15732 -27.66281 -7.12502 -0.00000 0.00000 -9.48463 8.95286 2.03133 0.00000 0.00000 0.00000 48.16437 -4.05513 -19.59874 -14.45570 -3.30332 25.61833 -0.00000 8.61735 0.00000 -5.22454 1.84553 -19.40239 7.12502 -0.00000 -0.00000 20.24067 -1.19433 -48.23531
0.45998 0.14468 -0.02712 66.20298 -86.79183 131.42499 -0.00000 0.00000 -0.00000 -309.41999 -33.38789 -297.90265 -130.08248 46.70531 157.27506 -0.24607 4.75024 -29.01301 -3.46747 -30.81179 -12.53708 -0.00000 0.00000 -0.00000 12.69865 -64.84164 37.01926 10.01411 46.86272 -22.85748 -4.73276 -27.41088 -6.47199 0.13985 6.61566 -2.41938 -5.55850 24.77039 -7.39810 8.95060 13.24898 -11.04801 13.95844 3.98007 -6.71526 -4.95823 3.92738 -3.99172 9.38854 8.91904 -6.16796 3.79425 2.69468 -3.06628 -0.00000 0.00000 0.00000 -13.53897 37.12054 -22.07915 14.88879 -3.51438 -26.42587 0.00000 -3.85814 0.00000 10.61541 -5.19498 -25.78544 -7.12502 -0.00000 0.00000 -10.72037 9.43534 4.11035 -0.00000 0.00000 0.00000 47.37832 -1.67867 -17.69633 -16.79644 -4.53612 30.03405 -0.00000 7.57216 0.00000 -7.76901 2.62875 -18.58107 7.12502 -0.00000 -0.00000 17.69485 -0.90419 -47.83165
0.46997 0.14937 -0.04519 166.36738 -81.30341 232.09779 -0.00000 0.00000 -0.00000 -304.28426 -38.07718 -301.04690 -125.35269 53.01586 151.09995 1.83300 8.51969 -23.05741 -1.18666 -18.85204 -7.13887 -0.00000 0.00000 -0.00000 7.39855 -67.11600 39.98919 5.46891 37.31108 -16.10403 -6.59197 -30.30434 -8.98183 0.16441 7.16922 -2.62400 -3.10592 24.47282 -8.93960 9.98927 12.78423 -12.82956 14.03747 3.92686 -7.63646 -4.65689 2.45253 -4.12944 9.69521 13.80320 -6.77449 3.30082 4.14910 -3.19874 -0.00000 0.00000 0.00000 -14.40854 37.65654 -22.92990 11.46776 -2.04342 -20.14275 0.00000 -1.16541 0.00000 11.93334 -4.92377 -22.10317 -7.12502 -0.00000 0.00000 -10.45884 8.08815 7.68590 -0.00000 0.00000 0.00000 47.58043 -0.02452 -16.01190 -19.41067 -6.20028 35.14335 -0.00000 4.85042 0.00000 -13.24461 4.50776 -18.46509 7.12502 -0.00000 -0.00000 12.12713 -0.76060 -48.53510
0.47657 0.15799 -0.06088 175.32140 -70.75278 237.53663 -0.00000 0.00000 -0.00000 -297.49750 -39.31310 -302.32089 -115.31376 60.89838 139.16508 2.18159 9.49704 -20.68542 -0.86477 -16.20087 -6.07033 -0.00000 0.00000 -0.00000 4.29789 -68.12591 45.45342 3.37121 30.43639 -12.34812 -11.34993 -34.70883 -15.54963 0.57267 13.26458 -4.92211 2.27275 26.35965 -9.44259 9.06231 12.97153 -12.12369 11.04305 2.31956 -6.84724 -4.66659 0.34338 -4.48871 9.91873 15.07385 -7.40251 3.22755 4.92927 -3.42200 0.00000 0.00000 0.00000 -12.48448 41.91940 -22.55115 10.27395 -1.63096 -17.99413 0.00000 -2.57214 0.00000 15.41329 -4.80244 -16.89194 -7.12502 -0.00000 0.00000 -8.49643 5.43986 12.60088 0.00000 0.00000 0.00000 49.98894 -0.48346 -16.17509 -22.36846 -8.50847 41.23521 -0.00000 5.21751 0.00000 -16.41128 5.26833 -17.31497 7.12502 -0.00000 -0.00000 9.01776 -0.44896 -47.82660
0.48145 0.17640 -0.07912 173.22413 -63.78254 233.94562 -0.00000 0.00000 -0.00000 -295.21163 -42.40346 -303.81304 -98.65409 67.06087 120.68349 3.29588 12.42277 -19.92939 -0.06007 -4.34323 -1.58404 -0.00000 0.00000 -0.00000 -17.47648 -64.09123 44.12198 2.44082 26.36587 -10.39342 -27.22738 -48.48540 -28.13363 2.39842 26.15760 -10.29761 5.08718 29.34705 -9.61779 7.95115 13.70870 -11.32376 8.70566 0.92787 -6.18644 -3.99815 -0.21857 -5.31902 8.07226 9.82968 -7.91273 2.91993 3.76838 -3.84756 -0.00000 0.00000 -0.00000 -9.80211 45.67283 -22.05707 10.12198 -1.58201 -17.72196 0.00000 -2.75544 0.00000 17.94898 -4.32231 -13.09747 -7.12502 -0.00000 0.00000 -6.87100 3.78554 16.28154 -0.00000 0.00000 -0.00000 51.98385 -2.20747 -18.13304 -25.46212 -11.52237 48.12763 -0.00000 4.42810 0.00000 -21.38436 6.75703 -16.72407 7.12502 -0.00000 -0.00000 4.03777 -0.20739 -47.93539
0.48259 0.19435 -0.10524 169.31597 -58.85101 231.82447 -0.00000 0.00000 -0.00000 -294.06366 -50.39420 -303.14696 -75.80421 69.89250 96.17812 -0.48983 2.02569 -19.68994 -1.01604 -17.50570 -6.59204 -0.00000 0.00000 -0.00000 -45.83190 -52.12721 33.89701 1.07025 17.94650 -6.77008 -52.42341 -61.30300 -45.19644 3.81557 32.11135 -13.20398 4.18448 31.77806 -9.27903 8.22114 14.32021 -10.99953 9.09316 0.70739 -6.13466 -4.76580 -0.50427 -6.12560 8.34176 7.83549 -8.86720 3.14427 3.25940 -4.36427 -0.00000 0.00000 0.00000 -10.03328 43.75819 -23.85853 8.33570 -1.06544 -14.54263 0.00000 3.00124 -0.00000 18.10717 -4.33797 -13.02465 -7.12502 -0.00000 0.00000 -6.74219 3.70446 16.34229 -0.00000 0.00000 0.00000 49.85914 -3.57321 -17.62597 -26.47761 -12.67849 50.55471 -0.00000 5.61169 0.00000 -26.46816 9.27074 -17.92984 7.12502 -0.00000 -0.00000 -1.31676 0.11728 -50.08885
0.48658 0.21565 -0.13279 170.55343 -52.38605 232.92065 -0.00000 0.00000 -0.00000 -285.10528 -55.83608 -294.18765 -44.61757 67.75523 62.85986 -2.00477 -6.18155 -15.17246 -0.83609 -15.93939 -5.96669 -0.00000 0.00000 -0.00000 -55.63679 -41.89052 19.38248 0.19121 7.72711 -2.83077 -46.06835 -59.08643 -40.60612 4.91205 35.71190 -15.16821 3.67351 33.15642 -8.80831 8.95551 14.49523 -10.52775 10.19288 0.50071 -6.04060 -6.65407 -0.57683 -6.58634 7.98981 11.55129 -9.70206 2.85340 4.18149 -4.81360 -0.00000 0.00000 -0.00000 -12.67398 44.02098 -22.70281 7.11507 -0.77319 -12.38832 0.00000 5.53499 -0.00000 18.88996 -3.98852 -11.49023 -7.12502 -0.00000 0.00000 -6.24861 3.21407 17.88498 -0.00000 0.00000 -0.00000 45.63480 -3.21091 -12.27455 -26.05195 -12.18238 49.52526 -0.00000 7.14517 0.00000 -28.18667 11.49518 -20.39883 7.12502 -0.00000 -0.00000 -3.53328 0.51157 -53.22802
0.49125 0.24063 -0.16258 175.69609 -44.13231 234.93173 -0.00000 0.00000 -0.00000 -270.95498 -58.72174 -282.41108 -19.20130 57.23934 34.44562 -2.00530 -9.21931 -12.64284 -0.36065 10.57380 3.89584 -0.00000 0.00000 -0.00000 -73.64502 -49.55735 -63.13750 0.01483 2.16009 -0.78661 0.05738 -0.98672 2.65331 6.92069 40.93818 -18.40342 6.26263 32.58796 -8.21785 8.79826 15.39664 -9.10683 8.25156 1.09675 -5.14511 -7.19567 -0.85734 -7.13328 9.00460 13.86299 -10.80041 3.05305 5.06243 -5.32459 -0.00000 0.00000 0.00000 -11.92610 44.05588 -21.54140 6.59188 -0.66268 -11.46874 0.00000 5.64514 -0.00000 20.73678 -3.58299 -9.37304 -7.12502 -0.00000 0.00000 -4.84197 2.26593 19.97961 -0.00000 0.00000 0.00000 45.19163 -4.24813 -6.37774 -26.05789 -12.18919 49.53951 -0.00000 7.33855 0.00000 -29.01523 13.55771 -22.91127 7.12502 -0.00000 -0.00000 -4.93349 0.98941 -56.31238
0.49506 0.26556 -0.19446 180.51773 -35.42895 233.88712 -0.00000 0.00000 -0.00000 -266.02403 -61.06644 -284.32683 -6.30042 39.47347 17.44265 -1.70909 -13.98630 -9.42492 -0.77292 15.34570 5.73244 -0.00000 0.00000 -0.00000 -93.11773 -39.15486 -142.87832 0.29641 9.59904 -3.52906 -45.46049 58.13185 40.65975 7.93196 43.10080 -19.91385 8.39977 32.22673 -6.92731 7.95106 16.47903 -6.87693 5.69789 1.86092 -3.75737 -7.41823 -2.21042 -7.02901 10.58838 16.87642 -11.17779 3.35884 6.31635 -5.35933 0.00000 0.00000 -0.00000 -12.30460 42.09221 -17.88420 7.27235 -0.80813 -12.66518 0.00000 2.18150 -0.00000 23.37807 -3.94148 -9.03496 -7.12502 -0.00000 0.00000 -2.51955 1.16842 20.13660 0.00000 0.00000 -0.00000 45.65559 -4.07033 -2.36692 -26.77862 -13.03990 51.29408 -0.00000 7.78551 0.00000 -31.30385 15.99577 -24.37806 7.12502 -0.00000 -0.00000 -7.70945 1.87557 -58.59151
0.49672 0.29071 -0.22924 183.07581 -29.99699 231.02050 -0.00000 0.00000 -0.00000 -281.65083 -61.75752 -310.24920 -1.15887 18.64065 7.05240 1.07059 -28.15935 -2.63516 -0.88934 16.42100 6.15781 -0.00000 0.00000 -0.00000 -81.38150 -35.17177 -135.93396 0.26357 9.05803 -3.32646 -51.24329 59.94471 44.95751 7.51902 42.24862 -19.30467 6.98340 31.03424 -4.93171 6.22228 17.13308 -4.85752 3.94619 2.77519 -2.64811 -6.80781 -1.36897 -7.54464 8.32820 17.68458 -11.74686 2.49134 6.30678 -5.80399 -0.00000 0.00000 0.00000 -19.22768 27.51279 -10.65219 9.22568 -1.30940 -16.12230 0.00000 1.19539 -0.00000 25.36286 -6.55224 -13.53449 -7.12502 -0.00000 0.00000 -0.35440 0.20487 14.96953 -0.00000 0.00000 0.00000 46.49215 -3.53861 -0.52335 -28.40836 -15.16785 55.49003 -0.00000 8.93347 0.00000 -33.40973 17.52846 -24.54115 7.12502 -0.00000 -0.00000 -9.99169 2.58146 -59.34050
0.49743 0.31584 -0.26469 183.12236 -25.90860 226.06109 -0.00000 0.00000 -0.00000 -298.12585 -54.74712 -333.04732 -0.00000 0.00000 0.00000 8.03431 -38.87050 6.66874 -2.69414 27.56394 10.95205 -0.00000 0.00000 -0.00000 -58.14277 -39.50087 -106.35585 0.08271 -5.09377 1.85921 -24.47521 49.96777 23.54469 6.08020 38.92448 -17.09421 3.52922 29.68044 -2.40122 3.43313 17.78449 -2.48676 2.30291 3.99497 -1.46540 -5.87327 -0.21977 -7.77387 6.69696 18.84492 -12.09791 1.79748 6.34754 -6.09235 -0.00000 0.00000 0.00000 -26.94302 11.37548 -0.71760 14.26947 -3.21485 -25.27229 0.00000 8.25706 -0.00000 28.59280 -11.57473 -20.20970 -7.12502 -0.00000 0.00000 3.11053 -2.44731 6.84078 -0.00000 0.00000 0.00000 48.48348 -4.39140 -0.31773 -30.59691 -18.60811 61.83659 -0.00000 10.51980 0.00000 -34.89595 19.13893 -25.17573 7.12502 -0.00000 -0.00000 -11.75234 3.31313 -60.52492
0.49840 0.34031 -0.30320 181.49476 -22.93646 218.18938 -0.00000 0.00000 -0.00000 -304.41158 -51.77701 -343.86680 -0.00000 0.00000 0.00000 7.85466 -40.87787 5.34166 -6.31799 39.51659 17.47027 -0.00000 0.00000 -0.00000 -43.20598 -32.88169 -77.48182 0.00276 -0.93266 0.33949 -7.48568 29.94430 11.28997 5.62604 37.73909 -16.36199 -2.82394 27.96279 1.01288 -0.33302 18.08352 0.64640 1.03487 5.00933 -0.10704 -5.63719 0.80713 -7.50062 5.91767 21.06378 -11.95515 1.48124 6.80910 -6.12836 0.00000 0.00000 -0.00000 -28.20014 12.04639 9.41390 21.80731 -8.03180 -40.04831 0.00000 4.67955 -0.00000 30.56982 -14.37777 -22.80097 -7.12502 -0.00000 0.00000 4.98487 -4.45408 3.31917 0.00000 0.00000 -0.00000 51.23427 -5.70480 -0.23382 -32.68543 -22.90706 69.28524 -0.00000 13.28720 0.00000 -35.32946 20.98050 -26.80024 7.12502 -0.00000 -0.00000 -12.69694 4.10976 -62.64547
0.50125 0.36140 -0.34697 182.52738 -19.19406 211.56762 -0.00000 0.00000 -0.00000 -308.16608 -48.55074 -353.27059 -0.00000 -0.00000 -0.00000 4.80212 -36.00779 2.24043 -6.77172 40.59682 18.17529 -0.00000 0.00000 -0.00000 -28.16500 -21.34508 -52.29967 -0.00000 0.00000 -0.00000 0.39587 5.40481 -4.92651 5.90083 38.46516 -16.80730 -5.34525 25.06060 3.20810 -3.34545 17.90473 3.45259 -1.04151 6.16353 1.32802 -5.80278 -0.37349 -6.72996 4.74297 25.02874 -10.96080 1.02426 8.20759 -5.76158 -0.00000 0.00000 0.00000 -29.72300 11.19365 15.08951 28.59204 -15.42794 -55.98665 0.00000 3.00197 -0.00000 29.70905 -14.69648 -23.97077 -7.12502 -0.00000 0.00000 4.44363 -4.13178 2.16481 -0.00000 0.00000 0.00000 54.08841 -8.12251 -0.83565 -34.26476 -27.65254 77.20678 -0.00000 17.96220 0.00000 -36.55237 22.82766 -27.62295 7.12502 -0.00000 -0.00000 -14.27550 5.03994 -64.04807
0.50470 0.37961 -0.39237 184.47477 -16.28924 205.48836 -0.00000 0.00000 -0.00000 -311.79965 -45.60989 -361.74011 -0.00000 -0.00000 -0.00000 1.68927 -26.68490 -0.72671 -6.43611 39.80390 17.65535 -0.00000 0.00000 -0.00000 -15.54282 -8.93948 -29.93711 -0.00000 -0.00000 0.00000 -5.15763 -16.89056 -19.96104 6.25791 39.36874 -17.37570 -5.13216 21.26317 4.29579 -6.29417 17.26705 5.57846 -4.18408 7.60133 2.65084 -6.79699 -0.06588 -5.78068 3.79047 25.68235 -9.41158 1.11374 8.33753 -5.23621 -0.00000 0.00000 0.00000 -31.99440 9.02659 15.76980 33.02193 -23.75606 -70.71690 0.00000 -0.57037 0.00000 29.27813 -13.84447 -23.11212 -7.12502 -0.00000 0.00000 4.00391 -3.57647 3.29225 -0.00000 0.00000 0.00000 57.53909 -11.51428 -2.69227 -35.12126 -32.43964 85.18033 -0.00000 24.98170 0.00000 -39.77518 23.84553 -25.90354 7.12502 -0.00000 -0.00000 -17.19725 5.75298 -62.94597
0.50504 0.39675 -0.43412 185.81734 -13.70623 198.68830 -0.00000 0.00000 -0.00000 -316.61832 -41.27602 -369.27133 -0.00000 0.00000 0.00000 0.69933 -18.89840 -1.02638 -6.32659 39.53765 17.48378 -0.00000 0.00000 -0.00000 -7.06420 0.36333 -6.40047 0.22533 8.38205 -3.07424 -19.21190 -32.77224 -32.95977 4.37345 34.02707 -14.22624 -5.38148 19.25463 5.18555 -9.08810 16.28857 7.12099 -7.05258 7.98505 3.61071 -8.15853 1.31496 -4.54142 1.92262 22.86931 -7.06734 1.21728 7.08526 -4.34378 0.00000 0.00000 -0.00000 -35.27009 8.93969 8.50552 34.79529 -30.09584 -81.25995 0.00000 -2.71383 0.00000 30.18017 -13.06902 -21.24760 -7.12502 -0.00000 0.00000 4.50941 -3.75941 5.26114 0.00000 0.00000 -0.00000 59.83324 -15.48876 -7.24405 -35.10810 -38.11414 95.03664 -0.00000 28.02090 0.00000 -41.37448 24.26571 -25.01242 7.12502 -0.00000 -0.00000 -18.62620 6.04088 -62.34025
0.50222 0.41829 -0.46733 188.08479 -11.96845 190.80297 -0.00000 0.00000 -0.00000 -319.18796 -35.65180 -372.93907 -0.00000 -0.00000 -0.00000 1.10729 -15.86645 1.68024 -5.16321 36.44977 15.59468 -0.00000 0.00000 -0.00000 -2.60540 -1.32251 -5.06081 1.26216 19.41247 -7.36924 -14.98365 -28.20152 -31.34019 1.96639 23.88794 -9.27643 -5.83612 17.36476 5.84449 -11.02673 15.10362 8.18920 -8.89341 8.00134 4.23857 -7.43191 1.72957 -2.95835 -2.49805 20.26393 -3.94798 0.12605 5.96835 -2.96685 0.00000 0.00000 -0.00000 -36.92965 14.38130 -3.73971 35.21833 -33.67239 -87.26741 0.00000 -3.84083 0.00000 33.33078 -11.49681 -16.86051 -7.12502 -0.00000 0.00000 6.67845 -4.74052 9.78553 0.00000 0.00000 -0.00000 59.38012 -17.55691 -10.20876 -34.12670 -42.65692 103.65775 -0.00000 25.84340 0.00000 -42.52589 25.98841 -25.53690 7.12502 -0.00000 -0.00000 -20.02779 6.97747 -63.43106
0.49835 0.44298 -0.49434 191.02642 -10.87211 182.34431 -0.00000 0.00000 -0.00000 -321.62208 -32.28844 -377.19461 -0.15472 6.95622 2.54521 0.93828 -16.72548 0.60899 -4.56037 34.62862 14.55769 -0.00000 0.00000 -0.00000 0.31825 -6.05807 -11.30028 3.28589 30.09737 -12.17884 -9.09019 -21.22775 -27.77672 1.45185 20.73971 -7.92179 -6.56399 15.58892 5.44796 -12.42852 13.44242 7.43451 -10.06293 7.05158 3.79712 -5.86957 1.96902 -1.69370 -7.33557 18.33350 -1.52948 -1.37530 5.21540 -1.88869 0.00000 0.00000 -0.00000 -34.51440 22.43016 -22.00323 35.08802 -32.12389 -84.64902 0.00000 -3.02930 0.00000 34.13720 -12.85210 -18.16344 -7.12502 -0.00000 0.00000 7.41912 -5.62807 8.01537 0.00000 0.00000 -0.00000 60.14956 -9.39562 -9.12959 -33.18341 -45.01313 108.56058 -0.00000 20.14830 0.00000 -52.38031 22.41096 -16.37324 7.12502 -0.00000 -0.00000 -27.60296 4.87752 -54.23655
0.49553 0.46807 -0.51851 193.97930 -10.29493 172.79916 -0.00000 0.00000 -0.00000 -324.28873 -30.12019 -376.92927 -0.87866 16.32570 6.11991 0.04349 -11.72196 -1.84552 -3.31667 30.22035 12.24010 -0.00000 0.00000 -0.00000 1.85032 -9.47566 -16.11514 6.49587 39.94758 -17.74855 -6.34927 -17.46353 -25.08757 1.47733 20.91012 -7.99348 -7.61960 14.40105 4.68938 -13.31671 11.72452 5.95706 -10.50685 5.52038 2.90967 -3.33675 2.08546 -0.69693 -13.55652 16.27389 0.46647 -3.54865 4.54647 -1.01334 -0.00000 0.00000 0.00000 -30.50311 29.87077 -36.41865 35.03719 -31.69254 -83.92504 0.00000 -2.89169 0.00000 34.08624 -12.25131 -17.41040 -7.12502 -0.00000 0.00000 7.33051 -5.37291 8.94986 -0.00000 0.00000 0.00000 60.63674 0.50895 -5.50742 -32.18411 -46.85942 112.69642 -0.00000 12.38290 0.00000 -59.30270 6.75871 -3.99680 7.12502 -0.00000 -0.00000 -31.33032 -5.17978 -36.56399
0.49522 0.49187 -0.54437 196.81142 -11.65283 162.08740 -0.00000 0.00000 -0.00000 -326.54523 -26.32156 -375.02163 -1.87054 23.34310 9.03716 -0.23443 -4.28325 -3.74013 -2.34773 25.90543 10.18209 -0.00000 0.00000 -0.00000 3.12565 -12.58722 -18.60096 11.02787 48.43030 -24.22911 -4.05657 -13.58593 -22.47922 1.12344 18.36690 -6.94077 -7.67642 12.63622 3.83028 -13.76718 10.09058 4.64169 -10.89760 4.47443 2.20107 -2.10622 1.60881 0.29527 -19.14609 11.87079 1.88015 -5.39726 3.38429 -0.25683 0.00000 0.00000 0.00000 -24.95834 34.20543 -50.38574 34.98326 -31.28363 -83.24047 0.00000 -3.19672 0.00000 35.11468 -12.59082 -17.22319 -7.12502 -0.00000 0.00000 8.15250 -5.98679 8.94311 0.00000 0.00000 0.00000 59.68278 6.60604 0.39911 -30.64153 -49.03958 118.02216 -0.00000 -2.14214 -0.00000 -46.20974 -3.73194 3.57043 7.12502 -0.00000 -0.00000 -17.86798 -6.74400 -24.98448
0.49589 0.51403 -0.57354 198.47621 -14.14505 150.39976 -0.00000 0.00000 -0.00000 -330.99042 -22.14735 -374.15197 -3.35049 30.35459 12.30716 0.20910 3.03161 -6.24720 -0.71848 14.81219 5.52315 -0.00000 0.00000 -0.00000 4.27458 -14.72006 -19.03142 16.44310 54.84657 -31.12132 -2.48366 -10.27852 -20.51553 1.11378 18.29144 -6.91007 -7.65513 10.91621 3.20484 -13.94935 8.01829 3.64887 -11.03620 2.97949 1.67522 -1.36437 0.85673 1.73224 -22.73248 6.52719 3.25833 -6.61858 2.10976 0.70468 -0.00000 0.00000 0.00000 -19.91577 37.25408 -63.79616 34.89650 -30.69884 -82.26409 0.00000 -4.64662 0.00000 37.50939 -13.04352 -16.38473 -7.12502 -0.00000 0.00000 10.04608 -7.28024 9.42330 -0.00000 0.00000 0.00000 56.93032 13.93901 7.57881 -30.00588 -49.78561 119.98236 -0.00000 -7.28587 -0.00000 -36.63889 1.59686 -2.14584 7.12502 -0.00000 -0.00000 -9.52562 -2.11351 -32.60471
0.49623 0.53565 -0.60724 200.25639 -17.91516 138.47898 -0.00000 0.00000 -0.00000 -336.33605 -18.98606 -374.28291 -5.55176 37.53797 16.24036 1.43709 10.13645 -8.56811 -1.07182 17.95910 6.77519 -0.00000 0.00000 -0.00000 7.03213 -15.16354 -18.96998 21.35820 58.82774 -36.98769 -1.78248 -8.60556 -18.94415 0.76815 15.29979 -5.71438 -5.64602 9.27624 2.93865 -13.67916 5.81712 3.40446 -11.84430 1.53530 1.64930 -1.95612 -1.76813 3.39087 -21.39193 3.10751 5.15550 -6.01820 1.74082 1.85048 0.00000 0.00000 0.00000 -15.60479 39.68195 -78.19775 34.58874 -29.03590 -79.49969 0.00000 -6.71232 0.00000 39.17681 -13.17397 -15.62495 -7.12502 -0.00000 0.00000 11.36702 -8.09535 9.98973 0.00000 0.00000 0.00000 54.13673 20.40572 15.16395 -29.60180 -50.22511 121.17615 -0.00000 -10.69960 -0.00000 -27.77067 4.43479 -8.35366 7.12502 -0.00000 -0.00000 -1.47038 -0.14351 -39.42694
0.49244 0.55358 -0.64624 200.95378 -22.75958 125.75296 -0.00000 0.00000 -0.00000 -342.85256 -17.53381 -375.41168 -8.52187 44.25170 20.76802 2.35825 16.67929 -6.54352 -4.02347 32.84767 13.59113 -0.00000 0.00000 -0.00000 10.32378 -13.82153 -18.55203 24.20823 60.62559 -40.28712 -1.71656 -8.55961 -17.57257 0.50038 12.41812 -4.59689 -3.62121 6.44501 2.71022 -12.66940 2.99503 3.25204 -11.77418 0.10027 1.58710 -2.35478 -4.15334 4.90442 -17.48488 -0.07120 6.82340 -4.70060 1.21937 2.93633 0.00000 0.00000 0.00000 -15.18597 41.38945 -90.19485 33.87078 -26.24016 -74.86420 0.00000 -11.68090 0.00000 39.32139 -13.63451 -16.05494 -7.12502 -0.00000 0.00000 11.48467 -8.36608 9.39267 0.00000 0.00000 0.00000 51.00053 28.21341 21.62005 -28.86303 -50.96914 123.27038 -0.00000 -13.26260 -0.00000 -21.86893 5.15105 -12.60890 7.12502 -0.00000 -0.00000 3.98410 0.10096 -43.55071
0.48188 0.56325 -0.68498 199.52630 -25.46913 111.01922 -0.00000 0.00000 -0.00000 -352.45744 -16.90775 -378.19755 -12.08768 49.92099 25.62951 1.51835 18.69598 -1.91505 -7.50917 42.22778 19.29001 -0.00000 0.00000 -0.00000 10.78755 -10.65921 -17.38565 25.53400 61.36397 -41.80296 -2.05069 -9.69308 -16.79484 0.37600 10.79308 -3.97869 -5.61133 4.13763 2.83344 -10.90970 -0.11652 3.19289 -8.62625 -2.12230 1.49269 0.89668 -1.25457 6.75135 -20.95415 -10.20121 7.25089 -6.84649 -1.87202 3.67489 0.00000 0.00000 0.00000 -18.84356 40.80232 -97.68760 33.01711 -23.74346 -70.69572 0.00000 -16.25960 0.00000 43.77413 -20.04041 -19.68059 -7.12502 -0.00000 0.00000 14.70273 -13.68303 2.96529 0.00000 0.00000 0.00000 48.69180 36.95487 26.15863 -28.87957 -50.95325 123.22463 -0.00000 -15.66940 -0.00000 -18.25709 4.14236 -12.35100 7.12502 -0.00000 -0.00000 7.58418 0.28248 -42.87942
0.46394 0.56571 -0.72458 198.12543 -30.28566 93.70886 -0.00000 0.00000 -0.00000 -358.41668 -17.34971 -382.30957 -17.39417 55.72357 32.27829 1.24599 19.28138 -0.70235 -8.47088 44.15511 20.69488 -0.00000 0.00000 -0.00000 13.27677 -5.97720 -14.50792 24.00384 60.50661 -40.05244 -2.52545 -10.98876 -17.32815 0.56132 13.13566 -4.87242 -4.76737 1.01640 3.62126 -7.74945 -2.86940 4.45656 -5.71865 -3.28139 2.17010 1.75782 -0.50133 8.59713 -20.60559 -17.55698 8.49291 -7.45270 -3.96781 4.31996 -0.00000 0.00000 -0.00000 -26.33953 43.92075 -93.05595 33.69176 -25.66419 -73.90668 0.00000 -10.38490 0.00000 42.25832 -35.71553 -32.72007 -7.12502 -0.00000 0.00000 11.98615 -22.70655 -16.18948 -0.00000 0.00000 -0.00000 50.86300 42.39559 24.68798 -28.41212 -51.39002 124.49985 -0.00000 -22.99900 -0.00000 -14.21504 2.56264 -10.00981 7.12502 -0.00000 -0.00000 11.66167 1.01673 -40.08613
0.44202 0.56083 -0.76273 195.52294 -34.42282 74.64358 -0.00000 0.00000 -0.00000 -363.87452 -19.31562 -389.18478 -27.25541 62.24303 43.75605 1.68552 20.21532 -1.77614 -7.69419 42.61505 19.56428 -0.00000 0.00000 -0.00000 13.59459 -1.43822 -11.57069 20.92649 58.52703 -36.48234 -2.71035 -11.24729 -18.44011 0.68927 14.51688 -5.40778 -3.14571 -2.27138 5.26627 -4.78136 -4.61778 6.85897 -3.48675 -3.26754 3.34679 2.69744 -0.35927 9.86962 -17.39170 -22.56479 9.94635 -7.10755 -5.46758 4.65673 0.00000 0.00000 -0.00000 -35.82734 48.16733 -82.93584 34.42800 -28.31687 -78.30765 0.00000 -0.13086 0.00000 39.86171 -41.39067 -38.37390 -7.12502 -0.00000 0.00000 9.54792 -25.61865 -23.74315 0.00000 0.00000 -0.00000 56.24722 47.22224 22.83149 -28.91777 -50.91642 123.11876 -0.00000 -29.38850 -0.00000 -9.38521 1.50932 -9.05449 7.12502 -0.00000 -0.00000 16.36037 1.83814 -38.76435
0.41682 0.55256 -0.79562 191.83862 -40.30150 55.49552 -0.00000 0.00000 -0.00000 -365.24258 -22.61633 -397.17859 -47.09248 68.20399 65.52944 2.78063 19.99228 -5.64269 -6.11696 39.01725 17.15266 -0.00000 0.00000 -0.00000 14.97358 3.39104 -9.94500 16.84502 55.22440 -31.61176 -2.45128 -10.55097 -18.36215 0.30309 9.70530 -3.56893 2.11454 -3.55417 7.78266 -1.67197 -5.58488 10.10828 -3.23209 -3.10653 4.73026 4.30387 -0.19882 9.95123 -15.71545 -25.66822 10.00724 -7.15946 -6.47167 4.26931 -0.00000 0.00000 -0.00000 -38.13095 50.56960 -77.66994 34.88958 -30.65525 -82.19141 0.00000 5.85541 -0.00000 35.51889 -44.59080 -44.52444 -7.12502 -0.00000 0.00000 6.82771 -26.15881 -29.80555 -0.00000 0.00000 -0.00000 65.27547 51.56641 17.81976 -29.13008 -50.70843 122.52551 -0.00000 -31.86760 -0.00000 -5.00673 0.92402 -10.43010 7.12502 -0.00000 -0.00000 20.61495 1.98220 -39.74643
0.38913 0.54079 -0.82091 188.21712 -45.25213 36.71330 -0.00000 0.00000 -0.00000 -366.11787 -25.84891 -404.91558 -74.56013 69.93376 94.85347 2.87764 16.31219 -9.27754 -3.72513 31.78207 13.03307 -0.00000 0.00000 -0.00000 13.39918 7.95193 -10.25628 13.46710 51.66849 -27.40940 -2.42930 -10.66148 -17.53862 0.15611 6.98724 -2.55668 6.23179 -2.65721 10.30280 1.55836 -5.18703 13.22855 -2.27397 -2.83198 6.00332 6.56570 -3.36477 9.52380 -16.04603 -26.03342 9.07592 -7.39338 -6.00710 3.38016 0.00000 0.00000 0.00000 -40.66614 53.19721 -70.98474 35.13577 -32.58864 -85.43147 0.00000 13.02760 -0.00000 33.66805 -46.60879 -47.49006 -7.12502 -0.00000 0.00000 5.50605 -26.98803 -33.00766 0.00000 0.00000 0.00000 73.69811 54.29042 13.08674 -29.71800 -50.10126 120.83664 -0.00000 -32.58630 -0.00000 -0.53184 0.12918 -13.65180 7.12502 -0.00000 -0.00000 25.03641 1.25887 -42.30702
0.36082 0.52292 -0.83889 184.25362 -49.20694 16.86300 -0.00000 0.00000 -0.00000 -365.58352 -29.15429 -410.40039 -93.34159 68.12972 114.93817 2.64989 15.84712 -8.70047 -2.31097 25.72043 10.09768 -0.00000 0.00000 -0.00000 9.19838 9.73705 -10.51224 12.16054 50.01847 -25.72467 -3.36473 -13.59912 -16.70758 0.07034 4.69876 -1.71431 10.64576 0.05776 10.82461 4.39262 -3.59548 13.78196 -1.88704 -2.27226 6.03607 5.22145 -4.94728 9.44671 -12.34722 -28.78575 8.91645 -6.06323 -7.02395 2.69996 0.00000 0.00000 0.00000 -50.30320 51.33955 -56.27969 35.26395 -35.11078 -89.73419 0.00000 18.85310 -0.00000 31.37862 -48.10996 -50.67311 -7.12502 -0.00000 0.00000 4.17819 -27.32251 -35.95684 0.00000 0.00000 0.00000 72.39167 56.15091 18.58447 -33.03718 -45.31448 109.21593 -0.00000 -27.97400 -0.00000 -7.52328 4.19157 -28.96219 7.12502 -0.00000 -0.00000 16.87521 -3.98224 -57.89475
0.33290 0.49758 -0.84977 181.66582 -51.48958 -3.55375 -0.00000 0.00000 -0.00000 -363.76549 -32.82360 -411.47295 -100.43216 66.62986 122.61729 2.66136 23.15547 -3.34986 -3.16016 29.58660 11.92618 -0.00000 0.00000 -0.00000 2.20553 6.03978 -9.24344 13.62130 51.85176 -27.60572 -4.18635 -16.44233 -15.65037 0.10069 5.61821 -2.05188 12.92827 3.23756 9.09210 5.82414 -1.02783 14.15773 -1.69867 -1.31475 7.39794 3.12983 -6.23755 4.68066 -3.26858 -32.45157 8.54864 -2.96479 -8.83947 5.94972 -0.00000 0.00000 -0.00000 -61.51574 47.11653 -40.26152 35.07046 -38.43127 -95.61162 0.00000 24.31770 -0.00000 28.14743 -49.49215 -54.86698 -7.12502 -0.00000 0.00000 2.57644 -27.32462 -39.40133 -0.00000 0.00000 -0.00000 63.65842 60.10566 29.97321 -34.90986 -39.51002 97.59369 -0.00000 -22.80700 -0.00000 -13.18332 14.78921 -47.45919 7.12502 -0.00000 -0.00000 5.48923 -3.69927 -78.87680
0.30612 0.46731 -0.85522 182.77026 -54.89454 -21.25094 -0.00000 0.00000 -0.00000 -363.24939 -35.58592 -408.70840 -101.57252 66.33162 123.86096 1.40597 30.07008 2.41773 -2.50736 26.68809 10.54240 -0.00000 0.00000 -0.00000 -7.24197 -2.09690 -9.73409 17.89501 56.16247 -32.88282 -3.74388 -16.59630 -13.11865 0.03179 3.16154 -1.15195 11.65851 6.76810 9.87186 5.44028 0.88091 15.45987 -1.76698 -1.20193 8.07428 3.74813 -4.60293 1.68265 1.87307 -33.91018 5.50674 -1.05028 -10.02179 3.72748 0.00000 0.00000 0.00000 -71.81208 44.52921 -25.45898 34.39221 -41.79150 -101.94209 0.00000 30.30490 -0.00000 25.53460 -50.59735 -58.27397 -7.12502 -0.00000 0.00000 1.30840 -27.40560 -42.15927 0.00000 0.00000 0.00000 53.16210 64.92045 41.33788 -35.26404 -35.40078 90.23643 -0.00000 -23.82370 -0.00000 -13.69881 14.50275 -45.77384 7.12502 -0.00000 -0.00000 5.48305 -3.47086 -77.23955
0.28241 0.43146 -0.85225 183.19953 -59.11180 -38.16728 -0.00000 0.00000 -0.00000 -361.13867 -38.31235 -402.84163 -100.13587 66.70450 122.29461 0.65966 33.35973 4.77422 -1.57239 21.53078 8.25608 -0.00000 0.00000 -0.00000 -15.34198 -12.54015 -12.91765 25.37751 61.27973 -41.62459 -2.63169 -15.96296 -8.48666 0.05723 4.23947 -1.54605 10.65161 8.66451 10.62808 4.27179 2.26571 16.38737 -2.53829 -0.52878 8.56058 3.04523 -2.04719 -1.04676 6.06045 -33.36767 2.34355 1.03919 -10.41067 1.61157 0.00000 0.00000 -0.00000 -80.99666 41.07345 -12.34029 33.40567 -44.52868 -107.52156 0.00000 36.17110 -0.00000 25.71675 -50.81775 -58.14556 -7.12502 -0.00000 0.00000 1.29035 -27.64387 -42.22062 0.00000 0.00000 -0.00000 38.79185 68.89748 54.63083 -35.13530 -32.58365 85.42307 -0.00000 -26.55320 -0.00000 -15.71621 14.54062 -41.74023 7.12502 -0.00000 -0.00000 4.47594 -2.44414 -73.58087
0.26278 0.39573 -0.83785 180.25487 -63.90268 -54.89499 -0.00000 0.00000 -0.00000 -356.77606 -40.22125 -394.41163 -100.51190 66.60958 122.70416 4.63510 31.75767 -3.84664 -0.07656 -4.90155 -1.78867 -0.00000 0.00000 -0.00000 -22.44422 -22.11553 -18.92171 39.48750 66.60943 -57.29519 -1.02822 -13.09406 -2.82010 0.00122 0.61902 -0.22531 10.49244 9.30191 10.72274 3.25395 3.11899 16.38385 -3.39015 0.29056 8.60618 1.31772 0.35018 -3.14328 8.98281 -32.65576 -0.29143 2.88594 -10.49649 0.09731 -0.00000 0.00000 -0.00000 -88.31062 38.01957 -1.23412 32.39340 -46.50921 -111.88856 0.00000 42.25200 -0.00000 26.77680 -50.54834 -56.83429 -7.12502 -0.00000 0.00000 1.74131 -27.74935 -41.26425 -0.00000 0.00000 -0.00000 23.64288 70.86198 68.91874 -34.74367 -29.81270 80.78923 -0.00000 -29.26100 -0.00000 -26.31310 11.87525 -22.59355 7.12502 -0.00000 -0.00000 -2.02230 0.36920 -55.34208
0.24840 0.35854 -0.81496 171.68848 -69.73630 -74.80903 -0.00000 0.00000 -0.00000 -352.14404 -40.56167 -383.56303 -103.38104 65.82090 125.83941 -6.51071 -23.55749 -19.83213 -29.93202 -63.45370 -46.76384 -0.00000 0.00000 -0.00000 -29.69602 -29.11252 -23.98580 62.29516 69.80990 -81.79738 0.36183 -6.00693 4.41912 0.04790 -3.87927 1.41424 10.37180 9.69070 10.77434 2.19174 3.67437 16.34083 -4.33490 0.94871 8.62804 -0.80622 1.55893 -4.37537 11.95403 -31.49121 -1.66625 4.57789 -10.10048 -0.69014 -0.00000 0.00000 0.00000 -92.11405 37.18884 5.80509 32.08530 -47.01926 -113.06912 0.00000 47.60390 -0.00000 25.05911 -49.29392 -58.33428 -7.12502 -0.00000 0.00000 1.58951 -26.17448 -41.40036 -0.00000 0.00000 0.00000 12.78084 71.79693 79.25996 -33.96890 -26.57135 75.41405 -0.00000 -31.24430 -0.00000 -41.52961 5.54094 -6.22205 7.12502 -0.00000 -0.00000 -14.62064 -1.83131 -38.01585
0.23493 0.32166 -0.78503 149.47188 -75.41981 -106.38843 -0.00000 0.00000 -0.00000 -346.90256 -40.08929 -368.90209 -108.91778 63.92245 131.95304 -4.42514 -24.45343 -15.02371 -30.44596 -63.66672 -47.33781 -0.00000 0.00000 -0.00000 -37.82103 -35.16352 -27.30323 89.74490 68.69177 -111.07038 0.38334 0.13959 11.98734 0.66399 -14.25575 5.30604 10.11403 11.11046 10.31713 1.10350 4.12361 15.73047 -5.51701 0.85343 8.33073 -2.30680 2.94997 -4.73005 13.43549 -31.31162 -1.93967 5.49060 -10.19968 -0.85621 -0.00000 0.00000 -0.00000 -94.81467 37.43662 11.57006 32.30955 -46.65148 -112.21533 0.00000 51.99540 -0.00000 32.23623 -47.71229 -49.55427 -7.12502 -0.00000 0.00000 4.62071 -27.31815 -35.01212 -0.00000 0.00000 -0.00000 0.96479 72.17196 91.14336 -32.89353 -23.42489 70.15956 -0.00000 -34.86590 -0.00000 -48.78549 -19.45471 16.26315 7.12502 -0.00000 -0.00000 -18.49537 -15.75542 -5.93238
0.22122 0.28374 -0.75719 110.64920 -74.74316 -152.67007 -0.00000 0.00000 -0.00000 -343.68716 -35.43242 -354.52450 -113.91336 61.65555 137.56825 -5.15676 -22.66294 -17.06806 -31.87117 -64.22777 -48.92418 -0.00000 0.00000 -0.00000 -42.93071 -40.02980 -28.56499 107.28764 64.53959 -130.14294 -0.23393 3.82702 17.00949 0.70572 -14.68404 5.47305 10.65879 14.74327 8.85150 0.69932 4.49828 14.21751 -6.82828 -0.64267 7.53095 -3.33370 1.22041 -4.58067 13.30342 -27.70658 -2.25136 5.40270 -8.49572 -0.98353 -0.00000 0.00000 0.00000 -96.68594 38.11742 15.93925 33.01065 -45.36781 -109.33267 0.00000 53.09360 -0.00000 39.00493 -50.60741 -43.65682 -7.12502 -0.00000 0.00000 5.97100 -32.08882 -33.86171 -0.00000 0.00000 0.00000 -10.63940 71.75392 102.84641 -31.68893 -20.68565 65.48584 -0.00000 -40.62450 -0.00000 -28.46100 -44.58263 52.32270 7.12502 -0.00000 -0.00000 -4.09562 -23.43653 34.79433
0.20812 0.24141 -0.73976 91.26169 -69.93191 -178.30442 -0.00000 0.00000 -0.00000 -351.36366 -31.43920 -350.73971 -116.91181 59.95558 141.00241 -3.53892 -16.19579 -14.85910 -32.21362 -64.35638 -49.30425 -0.00000 0.00000 -0.00000 -43.48568 -46.07900 -29.30841 113.83043 61.69851 -137.47405 -0.49239 4.90277 19.24851 0.59242 -13.48580 5.00750 12.92127 16.49474 7.41237 0.91102 4.44337 12.89663 -7.96885 -1.45941 6.84475 -2.98525 -1.65515 -4.60334 12.70555 -22.59476 -2.95953 4.87386 -6.23262 -1.34954 0.00000 0.00000 0.00000 -97.05621 40.13797 17.39671 33.85096 -43.43886 -105.24464 0.00000 51.39670 -0.00000 37.02548 -54.05802 -47.02740 -7.12502 -0.00000 0.00000 3.60956 -33.93796 -38.55345 0.00000 0.00000 0.00000 -12.36470 71.05202 104.70303 -30.28714 -18.06984 60.87169 -0.00000 -42.01860 -0.00000 -11.10926 -47.11275 74.99743 7.12502 -0.00000 -0.00000 2.24893 -20.64972 51.35426
0.19264 0.20219 -0.72087 79.04852 -65.65461 -195.73381 -0.00000 0.00000 -0.00000 -363.53347 -32.49539 -349.97675 -119.69017 58.08305 144.24241 -1.58586 -7.93065 -11.42043 -32.13436 -64.32682 -49.21632 -0.00000 0.00000 -0.00000 -43.11302 -55.44908 -29.01687 115.85844 60.58693 -139.78941 -0.89233 6.15101 20.86764 0.46069 -11.92537 4.40861 12.43184 16.05097 6.09552 1.84579 4.17898 10.93453 -6.49807 -2.30521 5.74536 -2.73516 -3.60557 -4.03356 12.39744 -17.59311 -2.88792 4.48108 -4.36246 -1.34998 -0.00000 0.00000 -0.00000 -96.72215 40.08210 15.90064 34.41754 -41.70146 -101.76588 0.00000 48.10910 -0.00000 43.86941 -47.78467 -37.61231 -7.12502 -0.00000 0.00000 9.05314 -32.00435 -28.26701 -0.00000 0.00000 -0.00000 -0.22443 70.64296 92.95516 -28.60807 -15.45087 56.03027 -0.00000 -33.35810 -0.00000 -34.37370 -41.40085 44.03262 7.12502 -0.00000 -0.00000 -7.13409 -23.25503 27.41119
0.17715 0.16507 -0.71489 74.27799 -58.94445 -206.42678 -0.00000 0.00000 -0.00000 -374.61749 -32.06147 -348.02913 -118.96611 58.60260 143.39179 -0.15051 0.38048 -8.42364 -31.51502 -64.09152 -48.52846 -0.00000 0.00000 -0.00000 -32.55127 -61.90453 -19.01729 111.55867 62.80135 -134.90726 -1.05318 6.56675 20.57522 0.24109 -8.66738 3.18059 10.42042 16.31857 4.57777 3.63016 4.70687 8.66473 -3.20533 -2.99316 4.58639 -1.55296 -3.75641 -3.00482 10.46265 -12.06995 -2.52085 3.89748 -3.11763 -1.20199 0.00000 0.00000 -0.00000 -99.35210 31.73715 12.95013 34.58551 -41.06177 -100.52553 0.00000 47.42770 -0.00000 49.35609 -30.33873 -23.44178 -7.12502 -0.00000 0.00000 17.16064 -22.64906 -6.27397 0.00000 0.00000 -0.00000 26.95590 67.77397 66.73508 -27.46111 -13.89410 53.00892 -0.00000 -18.75430 -0.00000 -48.70122 -18.97428 15.94111 7.12502 -0.00000 -0.00000 -18.48838 -15.44286 -6.46775
0.16334 0.14970 -0.70470 70.21070 -52.05810 -216.16372 -0.00000 0.00000 -0.00000 -377.52614 -33.31134 -341.18729 -117.78077 59.40396 142.00903 0.62956 5.30904 -10.20828 -30.19154 -63.56200 -47.05381 -0.00000 0.00000 -0.00000 -15.26291 -68.10080 -0.20001 105.39722 65.19216 -128.05488 -1.07627 6.60897 19.84069 0.19074 -7.71771 2.82728 3.76433 14.67954 4.09576 4.87137 5.28373 6.76040 2.10138 -2.71047 3.61026 -1.30210 -3.07611 -2.37436 10.66979 -7.53326 -2.25443 3.77466 -1.72791 -1.10280 0.00000 0.00000 0.00000 -102.02288 23.26811 10.21199 35.15703 -37.63470 -94.17349 0.00000 44.43550 -0.00000 47.73127 -22.08379 -18.86654 -7.12502 -0.00000 0.00000 17.39557 -16.76182 2.36996 0.00000 0.00000 0.00000 50.57102 60.47093 44.55054 -27.99595 -14.59985 54.39408 -0.00000 -13.03880 -0.00000 -48.60800 -4.23291 3.72213 7.12502 -0.00000 -0.00000 -19.98114 -7.78052 -24.57814
0.14817 0.15285 -0.69468 71.57905 -45.99786 -217.43776 -0.00000 0.00000 -0.00000 -374.53794 -31.60667 -336.61601 -116.22619 60.37098 140.21202 1.76756 8.96284 -15.93553 -28.51568 -62.83515 -45.17633 -0.00000 0.00000 -0.00000 1.28294 -69.00836 15.92597 94.58558 67.90652 -116.27968 -1.54238 7.86372 20.48596 0.11560 -6.01795 2.19899 1.22181 13.12878 2.26664 4.80831 5.81649 3.76967 3.95845 -1.47467 2.06090 -2.03081 -3.26019 -2.63552 13.43278 -2.76120 -3.04898 4.80541 -0.03532 -1.36505 -0.00000 0.00000 -0.00000 -99.07118 20.05383 5.64355 34.99038 -31.33527 -83.32684 0.00000 38.73790 -0.00000 51.94020 -11.65299 -8.98672 -7.12502 -0.00000 0.00000 22.01298 -12.85748 16.17100 -0.00000 0.00000 -0.00000 65.70736 50.81093 30.09423 -29.72593 -17.14222 59.18663 -0.00000 -14.37240 -0.00000 -46.90949 -3.05077 2.85022 7.12502 -0.00000 -0.00000 -18.57275 -6.66665 -25.93968
0.13404 0.15567 -0.68472 77.31911 -42.25935 -211.19766 -0.00000 0.00000 -0.00000 -370.52659 -28.81582 -337.04146 -115.65873 60.70228 139.56028 2.38329 10.51109 -17.61969 -27.36545 -62.29639 -43.88037 -0.00000 0.00000 -0.00000 4.99861 -68.71149 17.76886 75.66612 69.89758 -96.03107 -2.05202 9.16191 20.76572 0.00696 -1.47992 0.53877 6.19304 12.29080 -0.94024 4.73178 5.66995 -0.05070 1.56502 -0.94996 0.19884 -2.53876 -4.00489 -3.58092 16.07261 1.87995 -4.93532 5.08932 1.69832 -2.02760 -0.00000 0.00000 -0.00000 -93.60695 17.75470 -0.47050 33.41749 -24.84150 -72.53531 0.00000 34.01710 -0.00000 57.57951 -6.30427 -3.98944 -7.12502 -0.00000 0.00000 27.69593 -12.16314 23.13017 -0.00000 0.00000 -0.00000 69.80854 41.48923 21.75443 -31.62546 -20.55607 65.26129 -0.00000 -21.00250 -0.00000 -46.89601 -1.75289 1.63985 7.12502 -0.00000 -0.00000 -18.70208 -6.07837 -27.63045
0.12165 0.15442 -0.67657 80.87156 -37.89498 -208.35781 -0.00000 0.00000 -0.00000 -367.27132 -27.68861 -335.70056 -116.20550 60.38325 140.18822 2.99076 12.09155 -18.12590 -26.97056 -62.10338 -43.43396 -0.00000 0.00000 -0.00000 5.56226 -68.89284 20.86922 52.27872 68.95764 -71.09973 -0.44014 4.68753 18.67956 0.05434 -4.13132 1.50646 8.86672 11.59090 -2.75036 4.94385 5.85301 -2.26843 0.52034 -0.47751 -0.84747 -1.82923 -4.34216 -3.97612 16.08623 4.01756 -5.80687 4.88200 2.43774 -2.31599 0.00000 0.00000 0.00000 -90.50440 13.39066 -5.62323 32.11580 -21.59120 -67.04537 0.00000 32.77730 -0.00000 55.56866 0.79109 0.54227 -7.12502 -0.00000 0.00000 26.98986 -7.46174 30.69530 0.00000 0.00000 0.00000 65.90727 30.47775 17.51264 -32.65980 -22.84479 69.17985 -0.00000 -23.30380 -0.00000 -47.29768 -4.06261 3.74071 7.12502 -0.00000 -0.00000 -18.81767 -7.25665 -24.66175
0.11355 0.15371 -0.66266 82.39373 -32.83664 -209.95856 -0.00000 0.00000 -0.00000 -363.65637 -28.32349 -332.16068 -118.00126 59.25930 142.26538 3.64784 12.82607 -21.81285 -25.66214 -61.43240 -41.94892 -0.00000 0.00000 -0.00000 10.76055 -69.52549 31.39458 32.83054 64.58230 -49.98792 1.22419 -3.32311 13.78638 0.21073 -8.10846 2.97243 7.61497 12.27323 -3.06660 5.52863 6.17148 -2.72054 1.89322 -0.45517 -1.08355 -1.63212 -4.12413 -4.06361 15.89895 5.46441 -6.11428 4.74693 2.83821 -2.39811 0.00000 0.00000 -0.00000 -89.95644 7.48284 -9.01767 31.70404 -20.71668 -65.53956 0.00000 32.75220 -0.00000 34.50743 1.23853 1.80084 -7.12502 -0.00000 0.00000 7.49410 -1.72116 32.13853 0.00000 0.00000 -0.00000 59.76749 18.28810 15.30550 -32.36255 -22.14453 67.99071 -0.00000 -12.96170 -0.00000 -48.60888 -14.06311 12.08776 7.12502 -0.00000 -0.00000 -18.95347 -12.71090 -12.35197
0.10355 0.15050 -0.65239 84.10857 -27.94320 -212.70724 -0.00000 0.00000 -0.00000 -363.99512 -32.29548 -333.01741 -119.18334 58.44922 143.64649 6.34523 17.83713 -23.98469 -23.49161 -60.20205 -39.46305 -0.00000 0.00000 -0.00000 16.23228 -69.22024 40.84495 18.46257 56.64199 -33.56421 1.22527 -8.95956 8.92206 0.12149 -6.16854 2.25446 6.33194 13.59315 -3.38363 5.76032 6.67639 -3.14461 2.95905 -0.55879 -1.30788 -2.09977 -3.75873 -3.96678 17.00019 7.41306 -6.26410 5.12749 3.41011 -2.32398 0.00000 0.00000 0.00000 -89.42508 -0.65807 -12.97413 30.46216 -18.37152 -61.41358 0.00000 32.11810 -0.00000 15.48489 -2.66674 -9.53337 -7.12502 -0.00000 0.00000 -9.50571 4.43909 20.19187 0.00000 0.00000 0.00000 55.71512 9.27794 16.02714 -31.07228 -19.47521 63.37314 -0.00000 -2.45938 -0.00000 -47.70322 -18.55546 16.14718 7.12502 -0.00000 -0.00000 -17.77081 -14.73586 -6.56315
0.09256 0.14398 -0.64658 86.61601 -23.59089 -216.24316 -0.00000 0.00000 -0.00000 -365.55348 -37.69213 -336.43057 -118.98869 58.58676 143.41825 9.39427 24.04822 -23.15022 -18.35583 -56.55321 -33.43635 -0.00000 0.00000 -0.00000 22.80641 -69.13823 47.94208 10.20183 47.16446 -23.11410 0.87602 -10.40475 6.62897 0.11266 -5.94115 2.17071 6.88140 14.47972 -3.63006 5.10354 7.57463 -3.34382 2.00864 -0.14357 -1.34409 -2.00464 -3.69951 -4.00683 18.40183 9.44408 -6.69736 5.48586 4.08512 -2.30207 -0.00000 0.00000 -0.00000 -87.39183 -6.45063 -17.38407 27.47168 -13.90772 -53.03591 0.00000 30.32490 -0.00000 13.02640 -4.72434 -19.59573 -7.12502 -0.00000 0.00000 -10.04766 7.09793 10.10877 -0.00000 0.00000 -0.00000 55.09425 4.13427 18.47681 -29.47864 -16.75121 58.46716 -0.00000 -3.97409 -0.00000 -45.11019 -2.79404 2.78002 7.12502 -0.00000 -0.00000 -16.96112 -5.97915 -26.14281
0.08477 0.13914 -0.64035 88.10203 -18.36437 -220.51816 -0.00000 0.00000 -0.00000 -370.02632 -43.91064 -342.51439 -118.09781 59.19534 142.37775 8.09765 28.04320 -14.42352 -10.68074 -47.91023 -23.76326 -0.00000 0.00000 -0.00000 29.79647 -70.64170 53.90013 6.39378 39.70144 -17.58915 0.86111 -7.18199 7.62899 0.26218 -9.03447 3.31766 4.58048 15.47221 -3.47260 4.35671 8.50048 -3.40284 2.49786 0.38818 -1.40724 -1.15635 -3.69469 -4.07582 18.96280 11.41400 -7.17112 5.44386 4.71296 -2.28972 -0.00000 0.00000 0.00000 -87.00702 -11.42032 -19.97156 25.07129 -11.10160 -47.21848 0.00000 29.25180 -0.00000 9.15230 -3.08858 -18.49133 -7.12502 -0.00000 0.00000 -13.57757 9.13355 11.68457 -0.00000 0.00000 0.00000 54.88456 2.86977 20.88441 -28.28572 -14.99667 55.16142 -0.00000 -12.32930 -0.00000 -43.64629 1.96772 -2.06167 7.12502 -0.00000 -0.00000 -16.12387 -3.61994 -32.67981
0.07932 0.13633 -0.63458 88.67464 -11.77748 -224.46240 -0.00000 0.00000 -0.00000 -378.30572 -48.10485 -350.93823 -116.13967 60.42221 140.11251 1.41746 26.45582 1.31889 -0.15643 -6.99430 -2.55929 -0.00000 0.00000 -0.00000 35.66390 -72.74325 59.62903 4.91926 35.73348 -15.18056 0.38664 -1.20936 8.90178 0.23962 -8.64118 3.17082 0.01088 15.88881 -2.73433 3.42030 9.15439 -3.06482 3.96511 1.04531 -1.38868 -1.60070 -2.41327 -4.44356 20.21588 12.50615 -7.86767 5.88162 4.94417 -2.51414 -0.00000 0.00000 -0.00000 -87.77162 -15.70470 -21.53286 23.50204 -9.53299 -43.68635 0.00000 29.28970 -0.00000 4.41765 -1.39706 -17.51501 -7.12502 -0.00000 0.00000 -17.83744 11.54688 13.11596 -0.00000 0.00000 -0.00000 55.09442 2.67788 20.38430 -27.98982 -14.59156 54.37796 -0.00000 -18.65910 -0.00000 -46.53187 -2.58464 2.44768 7.12502 -0.00000 -0.00000 -18.27854 -6.33683 -26.52256
0.08135 0.13939 -0.63255 88.00261 -2.93611 -227.44566 -0.00000 0.00000 -0.00000 -391.92395 -53.13688 -363.69203 -116.30027 60.32690 140.29727 -1.39299 19.66522 7.75803 -2.94284 28.67013 11.47973 -0.00000 0.00000 -0.00000 45.72938 -76.75601 70.60380 5.66342 37.83952 -16.42300 0.05504 1.05934 8.29274 0.11336 -5.95954 2.17747 -6.82151 15.52286 -1.56822 1.96998 9.63443 -2.40849 6.11288 2.02031 -1.34373 -2.09024 -1.16299 -4.80185 20.39768 13.66925 -8.47746 5.99012 5.15762 -2.77315 -0.00000 0.00000 0.00000 -86.94696 -13.31428 -23.26870 20.61595 -7.08173 -37.57931 0.00000 26.87310 -0.00000 28.33901 -2.59662 -4.80166 -7.12502 -0.00000 0.00000 1.70353 -0.63631 24.52416 -0.00000 0.00000 0.00000 56.77440 1.85712 18.88518 -28.00579 -14.61315 54.41992 -0.00000 -18.03970 -0.00000 -45.78092 -5.91175 5.72344 7.12502 -0.00000 -0.00000 -17.27948 -7.57261 -22.04056
0.08615 0.14370 -0.63719 89.98017 5.83649 -229.39587 -0.00000 0.00000 -0.00000 -404.21355 -56.61750 -377.79944 -117.22967 59.75715 141.36997 -0.21226 14.37989 3.44827 -1.60195 21.71927 8.33630 -0.00000 0.00000 -0.00000 68.07277 -80.59080 89.14498 8.44757 44.11080 -20.66141 0.26983 -1.99970 5.91645 0.56617 -13.19090 4.89371 -11.50315 16.20184 -0.76350 1.41585 9.88839 -1.94892 8.10444 2.16364 -1.30348 -2.89903 -0.19485 -4.76069 19.62834 16.32517 -8.64921 5.85095 5.80055 -2.77500 0.00000 0.00000 -0.00000 -85.57177 -7.50705 -22.53800 17.67377 -5.05894 -31.72516 0.00000 21.15250 -0.00000 43.46284 0.89385 0.94302 -7.12502 -0.00000 0.00000 15.82695 -3.99602 31.18897 0.00000 0.00000 -0.00000 58.63850 1.28306 17.61409 -27.60793 -14.08451 53.38531 -0.00000 -13.98870 -0.00000 -45.05299 -6.36188 6.31143 7.12502 -0.00000 -0.00000 -16.59535 -7.51151 -21.31584
0.08779 0.14441 -0.64686 95.48966 13.13498 -232.17845 -0.00000 0.00000 -0.00000 -409.83609 -58.27930 -388.28603 -117.69993 59.45651 141.91515 0.02663 10.44906 1.69083 -1.07537 17.98747 6.78668 -0.00000 0.00000 -0.00000 92.61931 -82.37982 107.24190 13.16809 51.30649 -27.02727 0.36158 -6.21766 4.35857 0.57448 -13.28509 4.93002 -11.85512 19.63768 -0.85534 1.79702 10.38840 -2.41097 8.82918 1.11559 -1.45868 -3.80614 -1.34670 -3.83790 16.96160 18.44127 -7.25689 5.22766 6.44304 -2.18970 0.00000 0.00000 0.00000 -84.79290 -4.27293 -18.20949 17.56414 -4.99171 -31.51263 0.00000 13.43690 -0.00000 40.50832 -1.20285 -1.40755 -7.12502 -0.00000 0.00000 12.88285 -3.97419 28.14176 0.00000 0.00000 0.00000 58.60831 3.96516 18.40469 -27.68331 -14.18324 53.57969 -0.00000 -15.40450 -0.00000 -41.40731 -8.22826 9.21831 7.12502 -0.00000 -0.00000 -13.29125 -6.93832 -17.91607
0.08602 0.14366 -0.66282 102.26910 18.42352 -236.87889 -0.00000 0.00000 -0.00000 -411.54364 -60.01912 -396.75829 -117.63368 59.49939 141.83824 0.28928 10.16811 0.00299 -0.70382 14.66487 5.46555 -0.00000 0.00000 -0.00000 124.64375 -82.57877 131.29864 20.06064 57.89863 -35.46372 0.38764 -5.72162 4.73330 0.43388 -11.57981 4.27702 -8.60893 23.46895 -1.57901 2.11451 11.41145 -2.85951 7.57588 0.22322 -1.41235 -2.03502 -2.71039 -2.36824 12.31122 16.69179 -4.51271 3.70032 5.75362 -1.21827 0.00000 0.00000 -0.00000 -83.98770 1.87043 -11.75062 20.00839 -6.62780 -36.34419 0.00000 5.31899 -0.00000 40.46925 -2.10166 -2.46133 -7.12502 -0.00000 0.00000 12.77744 -4.27905 26.78804 0.00000 0.00000 -0.00000 58.25058 6.67049 20.16740 -28.41532 -15.17762 55.50873 -0.00000 -20.35260 -0.00000 -35.10680 -10.34379 14.32789 7.12502 -0.00000 -0.00000 -8.00800 -5.13856 -12.51752
0.08199 0.14314 -0.68467 107.52083 24.11840 -242.48598 -0.00000 0.00000 -0.00000 -415.75715 -61.95480 -405.41382 -117.56609 59.54296 141.75981 0.40747 8.44185 -1.65424 -0.22899 8.44923 3.09927 -0.00000 0.00000 -0.00000 152.23818 -80.14887 153.95329 30.54301 63.70628 -47.44608 0.24332 -3.33053 4.32501 0.60728 -13.64961 5.07084 -7.25661 26.80508 -1.65435 2.34800 11.89918 -2.61139 7.21723 -0.94205 -1.05701 -0.46370 -2.98206 -1.96796 8.56487 15.14559 -3.49433 2.36862 5.17939 -0.99696 -0.00000 0.00000 0.00000 -86.22494 5.20893 -8.10906 21.76415 -7.99593 -39.95768 0.00000 4.62949 -0.00000 37.68988 -3.69168 -4.76391 -7.12502 -0.00000 0.00000 10.15878 -3.93921 24.02367 -0.00000 0.00000 0.00000 57.34685 7.50006 20.21637 -29.03487 -16.07425 57.20741 -0.00000 -20.76890 -0.00000 -30.92740 -11.02191 17.69786 7.12502 -0.00000 -0.00000 -4.76718 -3.43732 -9.28602
0.07336 0.14157 -0.70879 113.36119 30.28443 -250.00326 -0.00000 0.00000 -0.00000 -417.16961 -63.85587 -409.37107 -117.70792 59.45133 141.92442 0.21792 4.46389 -2.63445 -0.12218 6.18595 2.26088 -0.00000 0.00000 -0.00000 164.05150 -77.22171 161.68054 44.91436 67.81236 -63.18045 0.17449 -1.89360 4.43137 0.84641 -16.03406 6.00418 -7.18638 30.85482 -1.00495 2.25584 12.13043 -1.66399 7.03980 -2.69859 -0.32349 0.17273 -3.46453 -1.12002 6.65594 16.79506 -2.15749 1.79086 5.69560 -0.34280 0.00000 0.00000 0.00000 -88.15285 8.15071 -6.31399 22.92818 -9.00371 -42.43607 0.00000 5.46292 -0.00000 33.53822 -3.99229 -5.99610 -7.12502 -0.00000 0.00000 6.42004 -2.63003 22.81433 0.00000 0.00000 0.00000 56.52462 7.76630 19.65635 -29.18843 -16.30505 57.63900 -0.00000 -16.70150 -0.00000 -30.71137 -11.14831 18.02956 7.12502 -0.00000 -0.00000 -4.61931 -3.37291 -8.93893
0.05888 0.13525 -0.73105 121.00617 33.92275 -259.99072 -0.00000 0.00000 -0.00000 -410.36491 -66.50051 -406.70582 -117.96410 59.28382 142.22215 0.10370 2.16542 -4.16488 -0.16050 7.08406 2.59249 -0.00000 0.00000 -0.00000 165.68330 -75.93568 157.51481 58.96934 69.60698 -78.25164 0.13665 -1.25635 4.43195 1.07696 -18.00016 6.79182 -5.22502 35.72463 -0.63564 2.34299 11.95991 -0.40172 5.43124 -4.65161 0.64302 0.47296 -1.93600 -1.22714 5.29603 16.59865 -2.02956 1.34376 5.35334 -0.36278 0.00000 0.00000 -0.00000 -88.57372 11.32185 -5.35682 23.99361 -10.00459 -44.77399 0.00000 5.62629 -0.00000 29.47623 -3.25244 -5.73195 -7.12502 -0.00000 0.00000 2.76019 -1.09388 23.39765 0.00000 0.00000 -0.00000 57.16347 8.20330 18.95910 -29.28353 -16.44979 57.90854 -0.00000 -13.64240 -0.00000 -30.33134 -9.45649 15.68531 7.12502 -0.00000 -0.00000 -4.09537 -2.68902 -11.76556
0.04239 0.13132 -0.75766 128.16512 37.01244 -269.55820 -0.00000 0.00000 -0.00000 -404.68596 -68.67534 -404.49128 -119.75343 58.03651 144.31695 0.01087 1.20430 -6.22402 -0.02303 2.69126 0.98031 -0.00000 0.00000 -0.00000 169.50157 -74.39354 157.02259 74.20054 69.94382 -94.47066 0.02913 0.40135 4.52827 1.45450 -20.75749 7.92926 -0.28077 38.81111 -1.53878 0.79835 12.59984 0.75645 1.41674 -4.96682 1.67112 0.81783 -1.47642 -2.05174 6.15478 15.90473 -3.23980 1.44374 5.09530 -0.88944 -0.00000 0.00000 0.00000 -85.08747 16.97642 -7.32915 24.85036 -10.86931 -46.71014 0.00000 6.62686 -0.00000 26.28568 -3.13175 -6.31180 -7.12502 -0.00000 0.00000 -0.09548 0.03870 22.93653 -0.00000 0.00000 0.00000 59.99918 7.11587 17.16021 -29.70345 -17.10625 59.12068 -0.00000 -15.30960 -0.00000 -28.55395 -7.49098 13.47263 7.12502 -0.00000 -0.00000 -2.39488 -1.40548 -14.60968
0.02448 0.13319 -0.78040 133.38210 43.40277 -277.41158 -0.00000 0.00000 -0.00000 -408.19145 -70.93715 -407.86432 -121.97147 56.27695 146.95654 0.03487 1.68881 -8.09285 -0.27309 -9.21841 -3.38645 -0.00000 0.00000 -0.00000 171.27849 -70.62486 159.44887 88.76320 68.82507 -110.01712 -0.09600 2.04535 4.35237 1.72383 -22.47503 8.66029 -1.82061 38.96189 -0.83971 -0.49853 13.38042 1.36875 0.58814 -4.12790 2.18546 0.75428 -2.41169 -2.46525 7.66584 15.88051 -4.00958 1.83190 5.29496 -1.12697 -0.00000 0.00000 -0.00000 -82.96263 20.80836 -8.94593 26.44591 -12.64094 -50.47740 0.00000 8.38908 -0.00000 24.68735 -3.92099 -8.46110 -7.12502 -0.00000 0.00000 -1.39698 0.63200 20.66251 -0.00000 0.00000 -0.00000 62.39976 6.37496 15.38989 -30.15468 -17.84557 60.46696 -0.00000 -17.52710 -0.00000 -27.18753 -7.30907 13.91103 7.12502 -0.00000 -0.00000 -1.25846 -0.74730 -14.30221
0.00303 0.13342 -0.80388 140.69259 47.42479 -287.18614 -0.00000 0.00000 -0.00000 -405.88995 -73.11200 -406.89455 -124.63912 53.77274 150.21108 0.14448 2.66498 -10.40369 -1.39384 -20.34519 -7.75649 -0.00000 0.00000 -0.00000 172.14357 -69.16700 158.65176 98.42756 67.11295 -120.43755 -0.23936 3.65286 4.65312 1.77275 -22.76929 8.78745 -3.78160 40.30587 -0.23113 -0.40144 13.91747 1.77671 1.47032 -3.94465 2.54810 0.18926 -2.34346 -2.41960 7.71740 15.90480 -3.87545 1.95821 5.29541 -1.07441 0.00000 0.00000 0.00000 -82.63015 22.85619 -9.63676 28.07441 -14.70625 -54.60061 0.00000 9.49093 -0.00000 24.49137 -4.68794 -10.17118 -7.12502 -0.00000 0.00000 -1.43520 0.70658 18.79335 0.00000 0.00000 0.00000 62.79418 7.06987 14.30863 -30.27554 -18.05006 60.83606 -0.00000 -17.43940 -0.00000 -27.23152 -8.26161 15.60073 7.12502 -0.00000 -0.00000 -1.46431 -0.93745 -12.37958
-0.02012 0.13560 -0.82853 147.53821 50.80832 -296.32722 -0.00000 0.00000 -0.00000 -405.58141 -76.58048 -408.08568 -127.47052 50.50282 153.79555 0.82218 6.85705 -8.27631 -1.11780 18.32287 6.92286 -0.00000 0.00000 -0.00000 173.70658 -67.53512 158.88584 105.65378 65.10732 -128.33763 -0.46619 5.70103 5.06696 1.67937 -22.20317 8.54331 -4.76030 40.07366 5.78224 1.46867 14.37806 0.76833 2.02500 -3.48047 -2.21756 -0.30529 -2.10388 -2.32995 6.84615 16.67768 -3.57024 1.79941 5.47555 -0.96180 0.00000 0.00000 -0.00000 -81.62477 24.93095 -11.32371 29.36575 -16.57606 -58.14299 0.00000 9.16302 -0.00000 25.47450 -4.05283 -8.43804 -7.12502 -0.00000 0.00000 -0.69631 0.31550 20.62582 0.00000 0.00000 -0.00000 62.78107 7.66685 13.49443 -30.03341 -17.64321 60.10036 -0.00000 -15.98790 -0.00000 -27.50884 -8.48534 15.81988 7.12502 -0.00000 -0.00000 -1.72271 -1.11547 -12.08617
-0.04537 0.13854 -0.85183 154.36680 55.18053 -304.98415 -0.00000 0.00000 -0.00000 -413.43694 -80.56748 -416.17830 -129.76367 47.21933 156.83887 1.13712 7.90756 -10.11888 -0.58918 13.44985 4.99361 -0.00000 0.00000 -0.00000 175.65242 -65.36253 161.30883 111.36729 62.88809 -134.69217 -0.85893 8.70371 5.39718 1.25925 -19.39122 7.36047 -5.72006 37.91823 5.51764 1.69200 14.79986 0.62506 2.94658 -2.37619 -2.19619 -1.75475 -2.88432 -2.03291 7.42467 18.79727 -3.11920 2.25462 6.28547 -0.63358 0.00000 0.00000 -0.00000 -81.64836 26.09729 -11.84659 30.59681 -18.60794 -61.83628 0.00000 9.51130 -0.00000 27.03932 -4.08178 -7.93940 -7.12502 -0.00000 0.00000 0.66877 -0.29695 21.05903 0.00000 0.00000 -0.00000 62.85564 8.03833 13.01678 -29.54166 -16.84988 58.64926 -0.00000 -16.71610 -0.00000 -27.34435 -6.15344 11.71076 7.12502 -0.00000 -0.00000 -1.20069 -0.64464 -16.77315
-0.07230 0.14278 -0.87396 161.97474 60.38283 -313.54467 -0.00000 0.00000 -0.00000 -444.62494 -83.36010 -446.97799 -131.55044 44.11458 159.33573 1.40643 8.83856 -11.06552 -0.43752 11.62732 4.29509 -0.00000 0.00000 -0.00000 178.47050 -62.47696 166.04451 116.25901 60.35148 -140.24978 -1.19907 11.46540 5.07915 0.56827 -13.21477 4.90291 -7.40813 34.18970 4.54973 2.20633 14.99035 -0.15355 4.85420 -1.03047 -2.39379 -2.61173 -2.49256 -1.58491 6.42245 19.45020 -2.17800 2.20384 6.38338 -0.25844 -0.00000 0.00000 0.00000 -83.12701 25.66980 -11.24927 31.57703 -20.45800 -65.09111 0.00000 10.23590 -0.00000 27.90750 -4.23385 -7.93542 -7.12502 -0.00000 0.00000 1.44360 -0.64306 20.99410 -0.00000 0.00000 0.00000 62.26009 9.44381 13.01587 -28.94744 -15.94442 56.96366 -0.00000 -19.23860 -0.00000 -27.18445 -3.08226 5.97677 7.12502 -0.00000 -0.00000 -0.70006 -0.27920 -23.25791
-0.09972 0.14456 -0.89312 170.43133 64.14737 -322.55128 -0.00000 0.00000 -0.00000 -485.67509 -84.10306 -489.05288 -132.71881 41.73893 161.05081 2.18432 12.65203 -10.22090 -1.11588 18.30785 6.91675 -0.00000 0.00000 -0.00000 182.06352 -60.79940 170.44757 119.99120 57.85988 -144.59749 -1.26079 12.25468 4.75653 0.42083 -11.40747 4.21152 -6.97977 30.66825 3.22887 2.29650 15.27194 -0.88967 5.60737 0.60303 -2.60006 -2.02200 -2.73778 -1.40088 5.43923 20.27840 -1.70979 1.84574 6.66207 0.01690 0.00000 0.00000 0.00000 -83.32494 25.50521 -10.94927 32.24005 -21.86686 -67.51700 0.00000 9.17178 -0.00000 29.09486 -3.65498 -6.53515 -7.12502 -0.00000 0.00000 2.44347 -1.01273 22.50100 0.00000 0.00000 0.00000 62.94421 9.85995 13.27172 -28.27871 -14.98694 55.14270 -0.00000 -19.96820 -0.00000 -27.09950 -2.04323 3.98562 7.12502 -0.00000 -0.00000 -0.55128 -0.19521 -25.50184
-0.12428 0.14277 -0.90698 181.75682 66.13349 -334.97439 -0.00000 0.00000 -0.00000 -528.45601 -84.63793 -533.30365 -133.43946 40.10183 162.15089 3.25309 16.71501 -10.57802 -1.13012 18.41886 6.96193 -0.00000 0.00000 -0.00000 185.16133 -61.74631 173.20059 122.74297 55.60071 -147.88778 -0.93225 9.53218 5.07500 1.07080 -17.95089 6.77186 -3.90362 31.68744 1.26687 -0.26540 13.44217 -2.23149 1.64155 -1.98308 -2.57796 2.23288 -1.24012 -1.36658 5.03793 22.63197 -1.53779 0.98885 7.13506 0.72544 0.00000 0.00000 0.00000 -80.21270 24.94331 -6.49102 32.65476 -22.83259 -69.15920 0.00000 7.19760 -0.00000 32.00244 -3.64961 -5.81604 -7.12502 -0.00000 0.00000 5.03852 -2.02737 23.13671 0.00000 0.00000 0.00000 69.31132 12.31705 10.53208 -27.66441 -14.15842 53.53088 -0.00000 -18.64790 -0.00000 -27.35220 -3.03745 5.84867 7.12502 -0.00000 -0.00000 -0.84617 -0.33518 -23.39238
-0.14625 0.13952 -0.91735 197.88108 66.87671 -351.35916 -0.00000 0.00000 -0.00000 -539.96581 -84.86055 -545.14295 -133.78138 39.27142 162.68630 3.80072 19.32643 -9.97742 -1.53459 21.28673 8.15254 -0.00000 0.00000 -0.00000 190.85749 -63.74683 179.54226 125.30884 53.06356 -151.04508 -0.43602 5.61156 4.72770 1.65248 -22.03663 8.47190 -2.82145 32.33784 1.65932 -1.17830 12.39265 -1.24749 -0.12133 -3.55787 -1.84552 2.23507 1.50631 -0.48300 7.93940 22.62026 -4.23760 1.60214 6.76069 -2.26508 -0.00000 0.00000 0.00000 -79.11810 29.56940 -4.67197 32.63029 -22.77350 -69.05913 0.00000 6.92198 -0.00000 33.74672 -3.70141 -5.51924 -7.12502 -0.00000 0.00000 6.60459 -2.63150 23.37026 -0.00000 0.00000 0.00000 72.42728 9.59616 6.53763 -27.01400 -13.32891 51.87926 -0.00000 -18.62390 -0.00000 -27.75129 -4.15092 7.83309 7.12502 -0.00000 -0.00000 -1.29872 -0.57501 -21.12262
-0.16683 0.13684 -0.92661 213.48489 65.78216 -366.72938 -0.00000 0.00000 -0.00000 -535.32679 -86.35840 -539.86615 -133.86904 39.05244 162.82511 3.36000 20.38614 -7.38581 -2.86283 28.32128 11.31204 -0.00000 0.00000 -0.00000 201.31029 -66.01382 190.39216 127.51936 50.43957 -153.85887 -0.12601 2.41287 4.40587 2.19771 -25.13828 9.83391 -8.60056 30.27613 3.09696 1.83283 13.69854 -0.75920 6.09179 -1.01336 -2.05602 0.45950 1.88125 -0.70839 5.52019 21.67844 -3.60368 1.24828 6.34248 -2.12592 -0.00000 0.00000 -0.00000 -83.88712 28.38330 -6.34011 32.48261 -22.42267 -68.46394 0.00000 7.73399 -0.00000 31.73118 -4.08758 -6.57568 -7.12502 -0.00000 0.00000 4.80965 -2.02076 22.26277 -0.00000 0.00000 -0.00000 66.81186 10.33266 9.07953 -25.74042 -11.82994 48.78309 -0.00000 -20.08660 -0.00000 -27.70640 -3.07224 5.82718 7.12502 -0.00000 -0.00000 -1.16534 -0.46156 -23.39579
-0.18561 0.13419 -0.93504 226.44040 62.90095 -379.40263 -0.00000 0.00000 -0.00000 -500.21142 -87.95686 -503.81370 -134.05933 38.56814 163.12873 2.71619 18.78688 -6.29259 -2.74548 27.79768 11.06257 -0.00000 0.00000 -0.00000 218.07036 -67.79232 207.54683 129.21743 48.06452 -156.09969 -0.08927 1.96318 4.30712 2.68007 -27.49936 10.92161 -11.63855 29.08639 3.68504 3.44018 14.81611 -0.71109 8.89079 0.86366 -2.44606 -0.73634 1.81129 -0.69844 5.70826 21.94095 -3.54008 1.52434 6.45049 -2.13453 -0.00000 0.00000 0.00000 -85.86290 27.68659 -8.74100 32.03965 -21.42508 -66.76048 0.00000 7.93611 -0.00000 30.74599 -3.79640 -6.35138 -7.12502 -0.00000 0.00000 3.92075 -1.61897 22.59742 -0.00000 0.00000 0.00000 64.51856 10.46504 11.04513 -24.59087 -10.60145 46.11796 -0.00000 -20.55540 -0.00000 -28.29300 -1.91512 3.55258 7.12502 -0.00000 -0.00000 -1.63170 -0.56374 -25.94543
-0.20231 0.13248 -0.94230 235.75888 60.31709 -388.98450 -0.00000 0.00000 -0.00000 -477.34446 -88.45449 -481.18186 -134.26753 38.02361 163.46468 2.05483 17.18228 -4.86016 -2.86509 28.33123 11.31681 -0.00000 0.00000 -0.00000 235.79397 -68.05716 224.92746 130.24385 46.43900 -157.49725 -0.17865 2.88784 5.14197 2.63827 -27.30621 10.83078 -12.35794 26.94061 3.62572 3.81030 15.77728 -0.59840 9.81768 2.78188 -2.62671 -0.35554 2.55687 -1.03837 5.23811 22.26086 -4.00439 1.26403 6.42719 -2.38157 -0.00000 0.00000 -0.00000 -84.54966 29.53034 -10.96698 31.34986 -20.00710 -64.30581 0.00000 7.59166 -0.00000 32.73667 -3.34174 -5.18086 -7.12502 -0.00000 0.00000 5.69286 -2.21144 23.83937 -0.00000 0.00000 -0.00000 63.62628 10.79417 13.31112 -22.88178 -8.96188 42.33584 -0.00000 -20.31180 -0.00000 -28.06062 -1.59622 2.99131 7.12502 -0.00000 -0.00000 -1.40867 -0.46897 -26.59017
-0.21085 0.12669 -0.94398 242.69417 58.00380 -396.81612 -0.00000 0.00000 -0.00000 -414.25761 -88.06093 -418.73103 -133.82533 39.16195 162.75582 1.47463 15.63477 -3.40499 -2.83459 28.19660 11.25239 -0.00000 0.00000 -0.00000 254.84843 -69.17359 242.61155 129.90753 46.98935 -157.03524 -0.26782 3.69801 5.49284 1.97072 -23.91215 9.28711 -12.95699 25.11130 3.72512 4.23630 16.42893 -0.27068 10.73549 4.21238 -2.66228 -0.98269 2.73533 -0.85701 5.90472 23.76245 -4.11345 1.55757 6.90649 -2.48670 0.00000 0.00000 -0.00000 -84.27775 30.15099 -13.11387 30.89435 -19.14450 -62.78956 0.00000 9.27673 -0.00000 31.68998 -3.18897 -5.14882 -7.12502 -0.00000 0.00000 4.74728 -1.83245 23.94076 0.00000 0.00000 -0.00000 62.54289 11.13924 16.26517 -20.70924 -7.15321 37.77031 -0.00000 -20.21300 -0.00000 -25.67793 -0.91437 1.90101 7.12502 -0.00000 -0.00000 0.80483 0.24807 -27.87044
-0.21859 0.12311 -0.94622 253.44798 53.21367 -407.96609 -0.00000 0.00000 -0.00000 -417.75415 -83.51411 -418.06720 -132.91340 41.31106 161.34433 0.65618 11.80980 -1.49260 -2.84999 28.26470 11.28495 -0.00000 0.00000 -0.00000 266.91459 -68.05486 258.13866 129.04301 48.32546 -155.86570 -0.58745 6.26397 5.93698 1.28283 -19.56250 7.43120 -16.53228 22.97674 4.16323 3.15318 16.70295 0.14071 11.59321 5.49683 -2.72175 -1.87302 2.67981 -0.53439 8.02915 26.00007 -4.53112 2.32753 7.72269 -2.69151 -0.00000 0.00000 0.00000 -83.15631 31.12913 -14.72262 30.58771 -18.59185 -61.80757 0.00000 9.06640 -0.00000 29.92885 -2.35784 -4.08753 -7.12502 -0.00000 0.00000 3.13421 -1.12546 25.26669 -0.00000 0.00000 0.00000 61.41788 12.17061 19.09124 -18.33829 -5.47845 33.02122 -0.00000 -22.16470 -0.00000 -22.13436 0.60445 -1.48567 7.12502 -0.00000 -0.00000 4.15460 0.99333 -31.57683
-0.22348 0.12015 -0.94527 263.21071 46.16123 -418.54833 -0.00000 0.00000 -0.00000 -418.15961 -79.01414 -411.41749 -131.27185 44.63704 158.93739 0.24501 7.65183 -0.69747 -2.55856 26.93231 10.65593 -0.00000 0.00000 -0.00000 274.26518 -67.29404 271.24391 127.06266 51.02101 -153.26896 -1.08668 9.73587 6.12703 1.34331 -19.99355 7.60992 -21.43374 20.54817 5.06326 1.02465 16.78639 1.20605 11.95878 6.64057 -2.53709 -1.56758 3.57396 -0.73551 9.33158 27.08190 -5.47147 2.57262 8.00117 -3.09738 -0.00000 0.00000 -0.00000 -80.12717 33.26807 -16.48768 29.96364 -17.52804 -59.89107 0.00000 8.19106 -0.00000 30.69856 -2.58338 -4.34136 -7.12502 -0.00000 0.00000 3.83824 -1.40403 24.93705 -0.00000 0.00000 -0.00000 61.20210 12.07884 21.50278 -16.17323 -4.18541 28.84552 -0.00000 -23.06300 -0.00000 -20.33040 1.64975 -4.44305 7.12502 -0.00000 -0.00000 5.86245 1.07026 -34.68990
-0.22428 0.11540 -0.94840 264.46535 42.82204 -420.71836 -0.00000 0.00000 -0.00000 -405.47997 -76.26301 -398.39934 -129.65707 47.38771 156.69383 0.22757 6.90872 -0.90185 -1.65506 22.05271 8.47878 -0.00000 0.00000 -0.00000 294.82144 -65.98052 291.06543 123.02626 55.34314 -148.23165 -1.11967 11.77523 4.29329 0.74936 -15.11745 5.64276 -20.36492 21.08220 5.36933 0.63506 17.43667 1.60500 10.93698 6.97033 -2.35857 -1.76867 3.41223 -0.89476 11.03055 28.24770 -6.40443 3.02931 8.52733 -3.44289 -0.00000 0.00000 0.00000 -77.47070 34.67729 -18.35759 29.37634 -16.59242 -58.17331 0.00000 9.05645 -0.00000 32.29045 -3.29024 -5.18947 -7.12502 -0.00000 0.00000 5.29009 -2.05214 23.85671 -0.00000 0.00000 0.00000 61.30084 10.75072 24.02737 -14.55002 -3.34865 25.79386 -0.00000 -21.49490 -0.00000 -19.99551 1.55074 -4.25331 7.12502 -0.00000 -0.00000 6.18231 1.15309 -34.47567
-0.22256 0.11284 -0.95718 267.21979 41.86315 -423.51939 -0.00000 0.00000 -0.00000 -401.46366 -76.93534 -396.14235 -128.30758 49.38132 154.88912 0.19388 7.46136 -0.33164 -1.06626 17.91450 6.75712 -0.00000 0.00000 -0.00000 309.73059 -66.25554 303.67229 117.76940 59.41137 -141.99583 -0.56683 13.03620 0.45588 0.32546 -10.05229 3.69931 -18.05149 20.21819 5.17482 0.41267 17.49594 2.02418 9.64631 7.30546 -1.92055 -1.78727 3.42994 -1.22385 12.82210 28.52831 -7.44472 3.47998 8.73965 -3.79090 0.00000 0.00000 -0.00000 -73.51426 36.49549 -20.68878 28.95478 -15.95528 -56.98407 0.00000 8.88914 -0.00000 31.98919 -3.19065 -5.09216 -7.12502 -0.00000 0.00000 5.01703 -1.93221 23.98956 0.00000 0.00000 -0.00000 61.02971 10.09450 25.65576 -13.78132 -2.98941 24.36850 -0.00000 -20.56500 -0.00000 -20.68457 0.81456 -2.15635 7.12502 -0.00000 -0.00000 5.52439 1.25203 -32.26971
-0.22446 0.11188 -0.97127 273.09128 38.68109 -428.77938 -0.00000 0.00000 -0.00000 -408.67967 -78.56480 -401.34364 -127.18508 50.86731 153.42662 0.06513 5.89034 0.35068 -0.71056 14.73278 5.49209 -0.00000 0.00000 -0.00000 314.04026 -68.41757 310.10358 113.46620 61.88488 -137.06072 -0.05859 14.97373 -2.41325 0.12665 -6.29733 2.30194 -18.39476 18.16881 5.27217 -1.07402 16.82074 2.76226 8.74968 8.10527 -1.46856 -1.79630 3.59294 -1.62631 14.29080 28.18029 -8.33670 3.85507 8.70040 -4.08836 -0.00000 0.00000 -0.00000 -68.81561 37.92787 -23.30978 28.86144 -15.81780 -56.72522 0.00000 7.13929 -0.00000 30.67372 -2.72399 -4.58101 -7.12502 -0.00000 0.00000 3.81889 -1.41793 24.65987 -0.00000 0.00000 -0.00000 60.54519 9.68141 26.53706 -13.86774 -3.02865 24.52816 -0.00000 -20.80840 -0.00000 -20.22888 0.14764 -0.40065 7.12502 -0.00000 -0.00000 5.92007 1.54791 -30.39864
-0.22496 0.11104 -0.98561 277.93068 34.97576 -432.97966 -0.00000 0.00000 -0.00000 -414.33686 -79.83319 -404.52443 -126.01449 52.27580 151.93249 0.01329 4.40556 0.59175 -0.25217 8.86225 3.25332 -0.00000 0.00000 -0.00000 317.12631 -70.62898 315.78060 109.80491 63.56347 -132.94222 -0.00846 15.90221 -2.78872 0.11205 -5.92513 2.16481 -19.42944 16.90699 5.25653 -1.99740 16.53393 3.00162 8.38747 8.43058 -1.35841 -2.44265 2.80998 -1.59777 13.99824 27.96946 -7.96412 3.92078 8.74304 -3.88796 0.00000 0.00000 -0.00000 -66.04032 37.55357 -24.47695 29.09674 -16.16681 -57.38076 0.00000 5.13469 -0.00000 29.95168 -3.43943 -5.94389 -7.12502 -0.00000 0.00000 3.19504 -1.28431 23.12362 0.00000 0.00000 -0.00000 58.27455 9.85576 28.29682 -14.20804 -3.18597 25.15829 -0.00000 -20.89620 -0.00000 -19.98494 -0.04840 0.13309 7.12502 -0.00000 -0.00000 6.13210 1.66893 -29.83250
-0.22625 0.11066 -0.99933 281.51337 31.30844 -435.62567 -0.00000 0.00000 -0.00000 -421.24383 -80.28846 -409.22417 -124.95355 53.44426 150.60169 -0.04090 3.58345 1.30671 -0.28469 9.40976 3.45810 -0.00000 0.00000 -0.00000 317.90795 -72.26467 318.75686 107.78688 64.35620 -130.69630 0.04681 15.32609 -2.90601 0.04717 -3.84978 1.40346 -19.60849 16.68131 5.25970 -2.87159 16.23504 3.07423 7.48749 8.20147 -1.20327 -2.45161 2.37019 -1.54284 13.21633 27.63699 -7.44668 3.72851 8.64344 -3.61905 -0.00000 0.00000 -0.00000 -62.59364 37.72630 -25.79601 29.10496 -16.17915 -57.40384 0.00000 1.42912 -0.00000 29.31630 -5.16461 -9.10717 -7.12502 -0.00000 0.00000 2.75754 -1.31461 19.53054 -0.00000 0.00000 -0.00000 55.60980 9.54752 29.13052 -14.87852 -3.50929 26.40667 -0.00000 -20.06170 -0.00000 -20.34018 -0.09665 0.26071 7.12502 -0.00000 -0.00000 5.79733 1.59190 -29.69731
-0.22657 0.11083 -1.01239 283.35466 28.05732 -436.41098 -0.00000 0.00000 -0.00000 -421.69236 -79.50548 -408.17003 -123.72694 54.68341 149.08686 -0.08452 3.82505 1.95042 -1.30883 19.74921 7.50849 -0.00000 0.00000 -0.00000 318.50439 -72.72296 320.56539 106.85377 64.69511 -129.66271 0.22802 13.75987 -3.44511 0.01153 -1.90478 0.69355 -19.50364 17.61072 5.70764 -3.14877 16.30636 3.42577 7.00203 7.70564 -0.95726 -2.01494 2.75636 -1.61479 12.38845 26.71430 -7.04999 3.44108 8.19555 -3.41429 -0.00000 0.00000 0.00000 -59.32917 38.78640 -27.13224 29.26887 -16.42739 -57.86688 0.00000 -0.93667 0.00000 28.87815 -5.35531 -9.60476 -7.12502 -0.00000 0.00000 2.39868 -1.17053 19.00291 -0.00000 0.00000 0.00000 52.90475 7.62780 29.44689 -15.50993 -3.83034 27.59118 -0.00000 -18.50620 -0.00000 -20.65295 -0.34441 0.91364 7.12502 -0.00000 -0.00000 5.48506 1.57759 -29.00238
-0.22665 0.11073 -1.02291 284.98969 24.38109 -437.19064 -0.00000 0.00000 -0.00000 -422.75509 -78.53551 -407.59282 -122.25627 56.03150 147.29944 -0.16131 4.96395 2.74037 -2.35699 25.95177 10.20328 -0.00000 0.00000 -0.00000 318.15239 -73.60025 321.80940 105.47473 65.16665 -128.14029 0.64661 12.53308 -5.26599 0.00281 0.94042 -0.34232 -19.46729 18.85133 6.15668 -3.58144 16.30827 3.66457 6.31911 7.01268 -0.74182 -0.36833 3.76231 -1.69405 9.45104 25.76641 -6.22976 2.31384 7.54249 -3.07872 0.00000 0.00000 0.00000 -57.57454 39.13994 -28.14266 29.26538 -16.42206 -57.85695 0.00000 -0.68082 0.00000 29.94755 -4.89845 -8.43060 -7.12502 -0.00000 0.00000 3.28323 -1.51535 20.25103 0.00000 0.00000 0.00000 50.44978 5.37262 29.74476 -16.09079 -4.14027 28.68904 -0.00000 -17.12230 -0.00000 -21.37361 -0.32768 0.83720 7.12502 -0.00000 -0.00000 4.81862 1.37785 -29.07968
-0.22785 0.10998 -1.02992 286.16205 21.88753 -438.42794 -0.00000 0.00000 -0.00000 -420.90991 -78.31979 -405.70436 -120.89824 57.16055 145.67280 -0.24139 7.04716 3.24184 -2.59436 27.10119 10.73475 -0.00000 0.00000 -0.00000 320.96852 -75.19447 324.72049 104.48486 65.48483 -127.05097 0.82976 10.96372 -6.29111 0.04842 3.90039 -1.42197 -17.86216 20.05896 6.32979 -4.03292 16.29613 3.79845 4.79739 6.34871 -0.43742 -1.10030 3.48318 -0.67700 10.08670 26.92054 -5.06937 2.78830 7.95366 -2.51863 0.00000 0.00000 0.00000 -56.73500 38.60129 -29.26222 29.03371 -16.07252 -57.20418 0.00000 0.63362 -0.00000 31.49012 -4.19146 -6.80422 -7.12502 -0.00000 0.00000 4.59941 -1.95567 22.01315 0.00000 0.00000 0.00000 48.59946 3.43365 30.36674 -16.72100 -4.49277 29.88965 -0.00000 -16.94340 -0.00000 -23.30471 -0.43237 1.00361 7.12502 -0.00000 -0.00000 3.02152 0.87371 -28.88684
-0.22962 0.10925 -1.03475 287.19840 20.65444 -439.64655 -0.00000 0.00000 -0.00000 -419.25282 -78.42768 -405.36253 -119.54529 58.18893 144.07182 -0.32429 9.04826 3.70992 -2.17056 24.99596 9.76984 -0.00000 0.00000 -0.00000 325.76846 -77.13898 327.86885 104.14171 65.59138 -126.67397 0.70367 9.71635 -5.85620 0.03115 3.12946 -1.14024 -14.22179 21.15715 6.42897 -4.77057 16.13556 4.27393 1.89484 5.61205 0.24180 0.43420 3.72934 0.27638 10.29662 27.84243 -3.98326 2.71177 8.17278 -1.84190 -0.00000 0.00000 0.00000 -54.93957 38.86850 -30.60172 28.81632 -15.75179 -56.60066 0.00000 2.75128 -0.00000 32.46447 -3.79289 -5.93612 -7.12502 -0.00000 0.00000 5.45563 -2.21556 22.96307 -0.00000 0.00000 0.00000 49.29669 0.64104 30.37948 -17.43492 -4.91317 31.26259 -0.00000 -18.03130 -0.00000 -25.77939 0.01687 -0.03494 7.12502 -0.00000 -0.00000 0.73305 0.19618 -30.01845
-0.23115 0.10915 -1.03926 287.93502 20.29102 -440.74872 -0.00000 0.00000 -0.00000 -416.00791 -78.75056 -404.54586 -118.32845 59.04099 142.64649 -0.42187 10.34475 4.23498 -2.75230 27.82848 11.07717 -0.00000 0.00000 -0.00000 334.35176 -78.99721 333.48589 103.38662 65.81925 -125.84552 0.59785 9.24389 -5.34237 0.00010 -0.18068 0.06576 -10.83290 22.18588 6.16971 -4.72840 16.10810 4.34925 0.03221 5.17753 0.61249 1.41553 3.92908 1.55530 9.07581 28.32546 -1.91985 2.40583 8.21080 -0.84877 -0.00000 0.00000 0.00000 -54.76674 38.67062 -31.03087 28.63784 -15.49351 -56.11136 0.00000 3.41898 -0.00000 34.08898 -4.40176 -6.47003 -7.12502 -0.00000 0.00000 6.91647 -2.92241 22.20334 -0.00000 0.00000 0.00000 49.43505 -1.12151 31.69653 -18.27507 -5.43765 32.89733 -0.00000 -19.00470 -0.00000 -27.15865 0.45030 -0.87767 7.12502 -0.00000 -0.00000 -0.55940 -0.13983 -30.96608
-0.23085 0.10934 -1.04358 288.79574 19.46941 -441.77587 -0.00000 0.00000 -0.00000 -414.52928 -78.68200 -405.10265 -116.89882 59.96361 140.98739 -0.61709 10.73263 5.24850 -2.82530 28.15540 11.23272 -0.00000 0.00000 -0.00000 343.11643 -80.61482 340.00758 103.35686 65.82805 -125.81290 0.38858 11.05496 -4.04540 0.09702 -5.51541 2.01408 -8.81249 23.01356 5.93294 -4.46299 16.14107 4.29230 -0.83105 4.89282 0.76514 2.79179 5.20170 2.95534 6.18885 26.80842 1.03692 1.56197 7.40298 0.47269 0.00000 0.00000 -0.00000 -55.27427 38.26643 -30.58079 28.66856 -15.53766 -56.19520 0.00000 3.48758 -0.00000 34.61541 -5.15777 -7.42046 -7.12502 -0.00000 0.00000 7.39311 -3.31028 21.01013 0.00000 0.00000 -0.00000 49.01372 -1.68129 33.06844 -19.36112 -6.16567 35.04442 -0.00000 -19.19780 -0.00000 -28.02506 0.31598 -0.59362 7.12502 -0.00000 -0.00000 -1.36770 -0.34992 -30.65178
-0.22906 0.10902 -1.04607 289.34719 19.42129 -442.65368 -0.00000 0.00000 -0.00000 -410.42917 -79.03660 -403.81943 -115.68488 60.68725 139.59026 -0.57326 11.34249 4.97784 -2.39938 26.16232 10.29977 -0.00000 0.00000 -0.00000 356.08193 -81.62877 349.41365 102.80971 65.98744 -125.21354 0.39606 12.30126 -4.10489 0.33510 -10.19792 3.75412 -6.18361 23.84886 5.64964 -3.93157 16.24654 4.33555 -1.72643 4.72525 0.99143 3.18703 5.52368 4.59703 4.89310 25.89442 3.81911 1.37367 7.01884 1.77923 -0.00000 0.00000 0.00000 -56.17829 38.32240 -29.61323 28.97112 -15.97948 -57.02955 0.00000 2.58692 -0.00000 34.52326 -6.00635 -8.64940 -7.12502 -0.00000 0.00000 7.32946 -3.51239 19.53154 -0.00000 0.00000 0.00000 48.61163 -1.79732 33.82189 -20.62837 -7.09121 37.60471 -0.00000 -18.69210 -0.00000 -28.02072 -1.19180 2.23819 7.12502 -0.00000 -0.00000 -1.36190 -0.43094 -27.44452
-0.23124 0.10929 -1.04853 289.97440 19.38541 -443.21856 -0.00000 0.00000 -0.00000 -409.21218 -79.34800 -405.19760 -115.20487 60.95946 139.04050 -0.58464 11.29469 5.03747 -2.68284 27.51209 10.92761 -0.00000 0.00000 -0.00000 368.07601 -82.83534 357.53402 103.40150 65.81485 -125.86183 0.69552 12.10657 -5.51469 0.49353 -12.33457 4.56491 -3.04198 24.63290 5.43622 -3.79200 16.15969 4.64283 -3.35356 4.49382 1.42474 5.14838 6.24564 5.85059 3.89175 24.68665 5.95234 0.88554 6.58780 2.93615 0.00000 0.00000 -0.00000 -57.39192 38.41210 -29.20958 29.22708 -16.36371 -57.74834 0.00000 3.68973 -0.00000 33.12082 -6.78267 -10.26095 -7.12502 -0.00000 0.00000 6.14873 -3.17960 17.75772 0.00000 0.00000 -0.00000 49.53920 -1.98320 33.01301 -22.05159 -8.23692 40.56298 -0.00000 -18.13500 -0.00000 -27.36113 -2.45283 4.72766 7.12502 -0.00000 -0.00000 -0.81259 -0.30133 -24.65534
-0.23693 0.11010 -1.05164 291.20195 17.43040 -443.85382 -0.00000 0.00000 -0.00000 -414.54497 -79.62846 -410.92583 -115.16296 60.98287 138.99256 -0.63036 10.95252 5.29492 -2.53038 26.79830 10.59357 -0.00000 0.00000 -0.00000 376.72345 -84.65226 365.44757 105.65904 65.10557 -128.34342 0.23791 13.46457 -3.45752 0.89783 -16.49621 6.18774 -2.86648 24.80790 5.34994 -3.43692 16.24458 4.58178 -3.05717 4.48584 1.40485 5.07122 6.75994 7.59441 2.70569 23.06910 8.82857 0.73129 6.01602 4.28732 -0.00000 0.00000 -0.00000 -58.41269 38.93954 -29.02980 29.20298 -16.32710 -57.68012 0.00000 4.20418 -0.00000 32.17160 -7.15519 -11.20032 -7.12502 -0.00000 0.00000 5.36528 -2.89113 16.76169 -0.00000 0.00000 -0.00000 48.60397 -1.05707 32.92232 -23.37035 -9.40954 43.39763 -0.00000 -18.70180 -0.00000 -26.65531 -3.51961 6.97256 7.12502 -0.00000 -0.00000 -0.27125 -0.11417 -22.17317
-0.23851 0.11034 -1.05398 291.84965 16.71754 -444.28530 -0.00000 0.00000 -0.00000 -413.08965 -80.01341 -410.92162 -114.46430 61.36488 138.19510 -0.83644 11.43920 6.24969 -1.99356 24.03938 9.34331 -0.00000 0.00000 -0.00000 395.52859 -85.07207 382.20440 106.04563 64.97555 -128.76984 0.03987 16.41567 -3.06358 1.28118 -19.55057 7.42627 -1.44412 25.35892 5.26508 -2.97008 16.28405 4.75534 -3.36531 4.36939 1.59536 4.83989 7.11282 9.24243 2.33175 21.62202 11.33354 0.78664 5.50866 5.50844 -0.00000 0.00000 0.00000 -55.07610 42.26049 -29.13184 29.27514 -16.43696 -57.88468 0.00000 0.31811 -0.00000 34.00125 -7.30742 -10.67846 -7.12502 -0.00000 0.00000 6.92742 -3.68184 17.14213 -0.00000 0.00000 0.00000 48.79486 -0.68012 32.66890 -24.30842 -10.31584 45.47918 -0.00000 -18.66810 -0.00000 -25.96509 -4.00469 8.16120 7.12502 -0.00000 -0.00000 0.27693 0.12391 -20.89500
-0.23736 0.11082 -1.05434 292.74802 15.71887 -444.89622 -0.00000 0.00000 -0.00000 -412.51228 -80.24883 -411.24153 -113.00305 62.11641 136.53618 -1.11348 12.09973 7.40901 -2.18661 25.08022 9.80776 -0.00000 0.00000 -0.00000 415.09738 -84.97437 400.35960 105.54154 65.14457 -128.21391 -0.21485 19.21458 -2.72196 1.53542 -21.29213 8.15482 -0.39663 25.41546 5.10363 -2.57349 16.38031 4.78899 -3.47948 4.51633 1.68924 4.34729 6.89371 11.18519 1.52595 20.50617 14.24133 0.80491 5.20998 6.89375 0.00000 0.00000 -0.00000 -55.62876 43.28897 -28.28930 29.51102 -16.80182 -58.56061 0.00000 -2.39670 0.00000 34.73798 -8.25399 -11.69703 -7.12502 -0.00000 0.00000 7.59558 -4.27380 15.80133 0.00000 0.00000 -0.00000 48.55144 0.18273 32.77690 -25.02897 -11.05679 47.12079 -0.00000 -18.52490 -0.00000 -25.95217 -3.89667 7.94876 7.12502 -0.00000 -0.00000 0.30214 0.13368 -21.13285
-0.23897 0.11165 -1.05634 293.72088 14.49845 -445.22988 -0.00000 0.00000 -0.00000 -413.91648 -80.85681 -413.47631 -112.01223 62.59211 135.41769 -1.28625 13.25881 7.92418 -2.54385 26.86249 10.62342 -0.00000 0.00000 -0.00000 435.79387 -84.47506 420.37321 105.95719 65.00552 -128.67224 -0.52377 20.93052 -2.15735 1.69134 -22.27677 8.57493 0.71325 25.62194 4.99090 -2.66317 16.31502 4.90132 -4.19636 4.47921 1.86221 4.17352 6.74515 12.99460 1.06246 19.09978 16.88353 0.80147 4.82584 8.20367 -0.00000 0.00000 -0.00000 -55.57294 44.24670 -27.45713 29.75287 -17.18544 -59.26580 0.00000 -2.81431 0.00000 36.13144 -8.47873 -11.41792 -7.12502 -0.00000 0.00000 8.77837 -4.92458 15.92992 -0.00000 0.00000 -0.00000 49.60273 0.74988 32.53230 -25.54257 -11.61059 48.31640 -0.00000 -18.35870 -0.00000 -26.17743 -4.02453 8.12542 7.12502 -0.00000 -0.00000 0.08963 0.04006 -20.91823
-0.24085 0.11209 -1.05900 294.74692 13.09149 -445.54817 -0.00000 0.00000 -0.00000 -414.48280 -81.73994 -414.19301 -111.11849 62.99950 134.41280 -1.25569 14.17307 7.65872 -2.45538 26.43685 10.42617 -0.00000 0.00000 -0.00000 452.36976 -83.30384 436.72025 107.06971 64.61815 -129.90165 -0.84303 21.37456 -1.31560 1.85476 -23.25177 8.99726 1.65509 26.08078 5.45441 -3.12850 15.93474 5.76865 -5.37465 4.10283 2.43518 5.09931 6.95047 14.15789 0.97380 17.19656 18.58364 0.70835 4.81823 9.14175 0.00000 0.00000 -0.00000 -54.74673 45.86769 -27.07853 30.03416 -17.64447 -60.10264 0.00000 -2.22309 0.00000 36.45861 -8.57343 -11.40743 -7.12502 -0.00000 0.00000 9.05707 -5.09198 15.89156 0.00000 0.00000 -0.00000 52.14395 0.23708 30.75626 -26.02869 -12.15577 49.46954 -0.00000 -17.97070 -0.00000 -26.90952 -3.93985 7.70968 7.12502 -0.00000 -0.00000 -0.53965 -0.23659 -21.32741
-0.24305 0.11284 -1.06107 295.70830 12.13791 -445.58439 -0.00000 0.00000 -0.00000 -415.19502 -82.58493 -415.47792 -110.40160 63.31224 133.60932 -0.91036 14.13751 6.30278 -1.89143 23.46327 9.08975 -0.00000 0.00000 -0.00000 462.68162 -81.99280 446.56220 108.44854 64.10558 -131.43103 -0.92688 20.54715 -0.80094 2.06872 -24.45179 9.52634 3.12806 26.40906 5.76572 -3.51466 15.50042 6.57954 -6.74605 3.83318 3.01691 5.93704 6.88545 15.32733 0.89746 15.93235 20.27057 0.54577 4.49850 10.06051 0.00000 0.00000 -0.00000 -53.85669 47.51645 -26.46116 30.41018 -18.28128 -61.25178 0.00000 -2.75388 0.00000 36.68357 -9.00548 -11.86665 -7.12502 -0.00000 0.00000 9.25695 -5.33775 15.28365 0.00000 0.00000 -0.00000 54.00586 -0.00795 28.66654 -26.44229 -12.63666 50.46857 -0.00000 -18.40610 -0.00000 -28.30446 -3.98721 7.35699 7.12502 -0.00000 -0.00000 -1.76930 -0.76517 -21.62012
-0.24433 0.11371 -1.06265 296.59007 10.65010 -445.74343 -0.00000 0.00000 -0.00000 -415.77345 -83.03924 -416.37963 -109.24673 63.79131 132.31948 -0.61572 12.54365 5.12528 -1.79792 22.91879 8.85229 -0.00000 0.00000 -0.00000 467.49410 -80.72613 451.94217 109.89901 63.52438 -133.04734 -1.38656 20.32527 0.74864 2.56955 -26.98430 10.68017 3.51509 26.75225 6.32683 -3.95529 15.16392 7.45305 -7.62692 3.59110 3.53703 6.30507 6.43512 16.56948 0.86055 14.68440 22.01687 0.49927 4.20455 10.97751 0.00000 0.00000 -0.00000 -52.96868 49.45016 -25.97164 30.84313 -19.05070 -62.62350 0.00000 -4.91782 0.00000 37.93524 -10.09837 -12.67749 -7.12502 -0.00000 0.00000 10.32287 -6.27238 14.04334 0.00000 0.00000 -0.00000 55.58646 -0.46017 26.99523 -26.60846 -12.83449 50.87491 -0.00000 -19.02570 -0.00000 -28.45319 -4.37668 8.01600 7.12502 -0.00000 -0.00000 -1.93440 -0.86737 -20.85774
-0.24352 0.11428 -1.06410 297.29767 9.43007 -445.40338 -0.00000 0.00000 -0.00000 -423.40997 -83.53772 -424.79728 -107.93963 64.29912 130.86578 -0.42584 11.52544 4.23682 -0.56207 13.14427 4.87574 -0.00000 0.00000 -0.00000 472.25923 -79.96470 456.39069 111.10075 63.00739 -134.39288 -0.43841 19.26662 -2.00188 2.48162 -26.56410 10.48497 3.63124 27.02756 6.51923 -4.00593 15.12803 7.75266 -7.82054 3.51870 3.71234 6.58397 5.23954 17.87901 -0.29997 13.84532 23.91246 0.26570 4.31307 11.91584 0.00000 0.00000 -0.00000 -53.68430 50.06304 -24.58247 31.23722 -19.78884 -63.92394 0.00000 -6.40439 0.00000 38.96344 -11.72005 -14.09943 -7.12502 -0.00000 0.00000 11.18483 -7.37312 12.01574 0.00000 0.00000 -0.00000 56.54726 -0.65993 26.68143 -26.47996 -12.68127 50.56043 -0.00000 -18.65320 -0.00000 -29.25127 -4.52584 8.01986 7.12502 -0.00000 -0.00000 -2.64553 -1.19066 -20.78599
-0.24316 0.11470 -1.06616 297.84531 8.95469 -444.86077 -0.00000 0.00000 -0.00000 -430.57384 -84.08432 -432.45886 -106.15976 64.93666 128.89581 -0.52283 9.95293 4.81989 -0.00325 1.01102 0.36802 -0.00000 0.00000 -0.00000 469.79299 -79.45982 454.77387 111.91750 62.63624 -135.31100 0.08949 19.31971 -3.72491 0.37554 -10.78651 3.97621 4.77753 27.61435 6.78348 -4.04090 14.67325 8.44393 -8.68490 3.09218 4.16171 7.44548 5.02668 18.38553 -1.12667 12.63447 24.70661 -0.18067 4.19434 12.35280 0.00000 0.00000 -0.00000 -53.61794 52.37850 -22.56773 31.66737 -20.64149 -65.40936 0.00000 -8.11680 0.00000 40.75488 -14.15318 -15.83997 -7.12502 -0.00000 0.00000 12.61506 -9.25586 9.29576 0.00000 0.00000 -0.00000 57.85794 -1.24523 25.28059 -26.35935 -12.53893 50.26685 -0.00000 -18.88900 -0.00000 -29.67607 -4.03943 7.04713 7.12502 -0.00000 -0.00000 -2.98383 -1.27578 -21.87063
-0.24291 0.11513 -1.06720 298.19874 7.98693 -444.29989 -0.00000 0.00000 -0.00000 -432.17662 -84.04956 -434.03108 -104.37807 65.51819 126.93361 -1.02772 9.33395 7.71912 -0.05087 -3.99769 -1.45756 -0.00000 0.00000 -0.00000 469.85390 -79.31260 455.31245 113.16565 62.03580 -136.72021 0.46364 19.47675 -4.92753 0.05622 -4.20201 1.53234 4.67646 28.06825 7.06611 -3.80358 14.45808 8.84064 -8.51094 2.67506 4.34116 7.57922 4.84779 18.93821 -2.26790 11.44426 25.56203 -0.62427 4.04536 12.77236 -0.00000 0.00000 0.00000 -55.20658 53.96169 -19.71362 32.00990 -21.36074 -66.65000 0.00000 -9.74713 0.00000 42.05655 -16.76092 -17.72607 -7.12502 -0.00000 0.00000 13.57070 -11.12894 6.35318 -0.00000 0.00000 0.00000 58.11962 -1.42998 24.80785 -26.04471 -12.17409 49.50791 -0.00000 -19.51500 -0.00000 -29.00615 -3.33717 5.99353 7.12502 -0.00000 -0.00000 -2.34447 -0.94175 -23.12707
-0.24327 0.11579 -1.06799 298.53579 6.87604 -443.46189 -0.00000 0.00000 -0.00000 -434.30207 -83.66360 -435.67917 -102.97351 65.94020 125.39290 -2.31188 11.40693 12.71439 -0.00167 -0.72443 -0.26369 -0.00000 0.00000 -0.00000 474.48455 -79.43703 459.69833 114.79801 61.18433 -138.57565 1.67815 18.14656 -8.69306 0.01524 2.18953 -0.79734 4.89436 28.31381 7.11233 -3.88363 14.42964 8.98027 -8.77096 2.62539 4.44237 7.45251 4.70263 19.43916 -2.65302 9.93670 26.25172 -0.86620 3.64994 13.12600 0.00000 0.00000 -0.00000 -58.97972 53.54123 -15.54596 32.28203 -21.96135 -67.67834 0.00000 -9.15855 0.00000 42.15683 -18.86718 -19.65540 -7.12502 -0.00000 0.00000 13.57496 -12.26975 3.64859 0.00000 0.00000 -0.00000 58.56937 -1.61646 24.93285 -25.65832 -11.73850 48.58898 -0.00000 -20.12300 -0.00000 -29.42680 -2.42591 4.29126 7.12502 -0.00000 -0.00000 -2.68051 -0.97347 -25.05508
-0.24302 0.11623 -1.06836 298.77733 6.33689 -442.53766 -0.00000 0.00000 -0.00000 -435.18393 -83.06807 -436.85967 -101.78000 66.27543 124.08753 -4.86175 16.98186 18.31772 -0.02395 2.74481 0.99984 -0.00000 0.00000 -0.00000 475.87258 -79.61719 461.13470 115.68114 60.68940 -139.58598 1.92423 18.40092 -9.42539 0.01723 2.32800 -0.84782 5.23764 28.23742 7.09147 -3.37639 14.39505 9.10320 -8.37362 2.60221 4.51503 6.19845 5.75558 19.92205 -2.80153 7.81405 26.88785 -1.13908 2.73985 13.43595 -0.00000 0.00000 -0.00000 -63.54908 53.84315 -10.16462 32.53528 -22.54666 -68.67450 0.00000 -9.73905 0.00000 42.48000 -22.14306 -22.37328 -7.12502 -0.00000 0.00000 13.65612 -14.22772 -0.32987 -0.00000 0.00000 -0.00000 57.02781 -1.46134 24.65417 -25.32944 -11.37808 47.81752 -0.00000 -21.57890 -0.00000 -29.89697 -1.46436 2.54497 7.12502 -0.00000 -0.00000 -3.09096 -1.00259 -27.04605
