HIERARCHY
ROOT Hips
{
  OFFSET 0.000000 0.000000 0.000000
  CHANNELS 6 Xposition Yposition Zposition Zrotation Xrotation Yrotation
  JOINT LeftHipJoint
  {
    OFFSET 0.000000 0.000000 0.000000
    CHANNELS 3 Zrotation Xrotation Yrotation
    JOINT LeftUpLeg
    {
      OFFSET 0.092879 -0.096451 0.047733
      CHANNELS 3 Zrotation Xrotation Yrotation
      JOINT LeftLeg
      {
        OFFSET 0.126979 -0.348873 0.000000
        CHANNELS 3 Zrotation Xrotation Yrotation
        JOINT LeftFoot
        {
          OFFSET 0.153402 -0.421469 0.000000
          CHANNELS 3 Zrotation Xrotation Yrotation
          JOINT LeftToeBase
          {
            OFFSET 0.010593 -0.029105 0.126851
            CHANNELS 3 Zrotation Xrotation Yrotation
            End Site
            {
              OFFSET 0.000000 -0.000000 0.065439
            }
          }
        }
      }
    }
  }
  JOINT RightHipJoint
  {
    OFFSET 0.000000 0.000000 0.000000
    CHANNELS 3 Zrotation Xrotation Yrotation
    JOINT RightUpLeg
    {
      OFFSET -0.089651 -0.096452 0.047733
      CHANNELS 3 Zrotation Xrotation Yrotation
      JOINT RightLeg
      {
        OFFSET -0.127004 -0.348940 0.000000
        CHANNELS 3 Zrotation Xrotation Yrotation
        JOINT RightFoot
        {
          OFFSET -0.153997 -0.423104 0.000000
          CHANNELS 3 Zrotation Xrotation Yrotation
          JOINT RightToeBase
          {
            OFFSET -0.012159 -0.033406 0.118896
            CHANNELS 3 Zrotation Xrotation Yrotation
            End Site
            {
              OFFSET -0.000000 -0.000000 0.061997
            }
          }
        }
      }
    }
  }
  JOINT Spine
  {
    OFFSET 0.000000 0.000000 0.000000
    CHANNELS 3 Zrotation Xrotation Yrotation
    JOINT Spine1
    {
      OFFSET 0.001773 0.118814 -0.006230
      CHANNELS 3 Zrotation Xrotation Yrotation
      JOINT Spine2
      {
        OFFSET -0.001051 0.119040 -0.003926
        CHANNELS 3 Zrotation Xrotation Yrotation
        JOINT Neck
        {
          OFFSET -0.001972 0.119099 -0.001022
          CHANNELS 3 Zrotation Xrotation Yrotation
          JOINT Neck1
          {
            OFFSET -0.001280 0.097783 0.000255
            CHANNELS 3 Zrotation Xrotation Yrotation
            JOINT Head
            {
              OFFSET -0.003279 0.087333 -0.034854
              CHANNELS 3 Zrotation Xrotation Yrotation
              End Site
              {
                OFFSET -0.000788 0.096784 -0.011900
              }
            }
          }
        }
        JOINT LeftShoulder
        {
          OFFSET -0.001972 0.119099 -0.001022
          CHANNELS 3 Zrotation Xrotation Yrotation
          JOINT LeftArm
          {
            OFFSET 0.194676 0.028390 0.012373
            CHANNELS 3 Zrotation Xrotation Yrotation
            JOINT LeftForeArm
            {
              OFFSET 0.305882 -0.000000 -0.000000
              CHANNELS 3 Zrotation Xrotation Yrotation
              JOINT LeftHand
              {
                OFFSET 0.137935 -0.000000 0.000000
                CHANNELS 3 Zrotation Xrotation Yrotation
                JOINT LeftHandMid
                {
                  OFFSET 0.068967 -0.000000 0.000000
                  CHANNELS 3 Zrotation Xrotation Yrotation
                  JOINT LeftHandIndex1
                  {
                    OFFSET 0.041063 -0.000000 0.000000
                    CHANNELS 3 Zrotation Xrotation Yrotation
                    End Site
                    {
                      OFFSET 0.033106 -0.000000 0.000000
                    }
                  }
                }
                JOINT LeftHandThumb1
                {
                  OFFSET 0.068967 -0.000000 0.000000
                  CHANNELS 3 Zrotation Xrotation Yrotation
                  End Site
                  {
                    OFFSET 0.033612 -0.000000 0.033612
                  }
                }
              }
            }
          }
        }
        JOINT RightShoulder
        {
          OFFSET -0.001972 0.119099 -0.001022
          CHANNELS 3 Zrotation Xrotation Yrotation
          JOINT RightArm
          {
            OFFSET -0.182324 0.031513 0.017527
            CHANNELS 3 Zrotation Xrotation Yrotation
            JOINT RightForeArm
            {
              OFFSET -0.315511 -0.000006 0.000008
              CHANNELS 3 Zrotation Xrotation Yrotation
              JOINT RightHand
              {
                OFFSET -0.140016 -0.000000 0.000000
                CHANNELS 3 Zrotation Xrotation Yrotation
                JOINT RightHandMid
                {
                  OFFSET -0.070008 -0.000000 0.000000
                  CHANNELS 3 Zrotation Xrotation Yrotation
                  JOINT RightHandIndex1
                  {
                    OFFSET -0.046059 -0.000000 0.000000
                    CHANNELS 3 Zrotation Xrotation Yrotation
                    End Site
                    {
                      OFFSET -0.037134 -0.000000 0.000000
                    }
                  }
                }
                JOINT RightHandThumb1
                {
                  OFFSET -0.070008 -0.000000 0.000000
                  CHANNELS 3 Zrotation Xrotation Yrotation
                  End Site
                  {
                    OFFSET -0.037701 -0.000000 0.037701
                  }
                }
              }
            }
          }
        }
      }
    }
  }
}
MOTION
Frames: 281
Frame Time: 0.033333
0.24400 0.93658 -0.86000 -8.41724 29.76706 10.42129 -0.00000 0.00000 -0.00000 -20.91587 -26.27586 11.81765 -5.26781 36.74887 15.77011 -20.26605 14.74434 49.82504 -0.29796 9.62390 3.53838 -0.00000 0.00000 -0.00000 44.02227 -38.51063 23.89906 2.71231 27.64697 -10.99125 -18.56063 -36.66296 -26.83438 1.06737 17.92336 -6.76071 2.94351 -18.51945 -3.17662 4.34655 -11.63160 -4.63405 2.55597 -2.07860 -2.31485 -4.99656 -14.11845 -8.62284 6.13506 38.50099 -14.20572 -1.10657 16.46094 -5.68234 0.00000 0.00000 -0.00000 -101.22572 27.51687 30.12943 15.60565 -3.88044 -27.77154 -0.00000 -6.25655 -0.00000 2.05384 0.59930 16.26016 -7.12502 -0.00000 0.00000 -23.53953 0.05971 44.86294 0.00000 0.00000 -0.00000 86.05132 27.27878 -24.30069 -12.07923 -2.27427 21.25110 0.00000 -18.92620 0.00000 4.45879 0.98363 12.41551 7.12502 -0.00000 -0.00000 26.55670 14.39447 -18.55544
0.24381 0.93575 -0.86011 -8.38949 29.86527 10.43722 -0.00000 0.00000 -0.00000 -20.98708 -26.35079 11.49089 -5.32461 36.90935 15.86487 -21.93954 21.51779 47.37315 -0.02029 -2.52637 -0.92016 -0.00000 0.00000 -0.00000 43.85165 -38.51756 23.24092 2.64879 27.35503 -10.85371 -18.28498 -38.15489 -24.78872 1.53810 21.30952 -8.16219 2.84411 -18.50080 -3.10229 4.35834 -11.88891 -4.50492 2.65891 -2.36233 -2.24428 -4.37838 -15.27309 -7.59272 5.87267 40.31031 -12.91699 -1.12940 17.67146 -4.97879 0.00000 0.00000 0.00000 -101.25267 27.63095 30.03697 15.41347 -3.78024 -27.40965 -0.00000 -5.98697 -0.00000 1.61330 0.48389 16.69149 -7.12502 -0.00000 0.00000 -23.97604 -0.08985 45.20202 0.00000 0.00000 0.00000 86.31209 27.20205 -24.40534 -11.96227 -2.22908 21.03867 0.00000 -17.90710 0.00000 0.47938 0.12016 14.07130 7.12502 -0.00000 -0.00000 22.78002 13.01694 -16.79329
0.24392 0.93534 -0.85920 -8.42800 29.60975 10.12873 -0.00000 0.00000 -0.00000 -20.75552 -25.96450 11.74481 -5.27553 36.77075 15.78301 -22.11690 26.13257 45.06566 -0.42259 -11.43081 -4.22038 -0.00000 0.00000 -0.00000 43.93922 -38.17423 23.02956 2.64437 27.33455 -10.84408 -17.76132 -37.13472 -24.95715 1.31540 19.79607 -7.52791 3.08669 -18.31408 -2.82658 4.35961 -12.05415 -4.15603 2.58428 -2.66055 -2.08239 -3.39763 -16.74171 -6.60035 5.48744 42.67689 -11.82913 -1.38923 19.40155 -4.28281 -0.00000 0.00000 -0.00000 -101.28778 27.24944 30.31798 15.44243 -3.79524 -27.46412 -0.00000 -5.98112 -0.00000 1.92341 0.57736 16.70231 -7.12502 -0.00000 0.00000 -23.66536 -0.11050 45.25215 -0.00000 0.00000 -0.00000 86.89198 26.95949 -24.97373 -12.20999 -2.32540 21.48886 0.00000 -16.96690 0.00000 -2.63039 -0.67462 14.37461 7.12502 -0.00000 -0.00000 20.03191 11.51459 -16.29950
0.24452 0.93484 -0.85779 -8.31737 28.97859 9.76830 -0.00000 0.00000 -0.00000 -20.51990 -25.10021 12.44869 -5.18684 36.51774 15.63441 -20.66956 20.33057 46.37537 -0.00570 -1.33914 -0.48750 -0.00000 0.00000 -0.00000 43.59678 -37.75929 21.89374 2.65306 27.37478 -10.86299 -17.34214 -37.15488 -24.21748 1.27548 19.50929 -7.40921 3.18124 -18.01128 -2.58976 4.44478 -11.90909 -3.84610 2.65205 -2.65824 -1.92847 -2.70489 -15.99313 -5.52759 5.52408 42.57601 -10.37081 -0.89435 19.11921 -3.63762 0.00000 0.00000 -0.00000 -101.14620 26.60971 30.08769 15.31584 -3.72992 -27.22613 -0.00000 -5.51598 -0.00000 1.48994 0.41751 15.65047 -7.12502 -0.00000 0.00000 -24.10521 0.34252 44.23453 0.00000 0.00000 -0.00000 86.26725 25.51106 -24.04111 -11.65484 -2.11262 20.48125 0.00000 -15.13870 0.00000 -5.24987 -1.44913 15.38846 7.12502 -0.00000 -0.00000 17.56233 10.47727 -15.12006
0.24476 0.93442 -0.85666 -8.37850 28.69478 9.45258 -0.00000 0.00000 -0.00000 -20.29766 -24.58162 12.84429 -5.07862 36.20441 15.45188 -21.23854 19.22389 47.88243 -0.00445 1.18289 0.43060 -0.00000 0.00000 -0.00000 43.63286 -37.64884 21.21864 2.69861 27.58442 -10.96172 -16.49091 -36.41421 -23.49594 1.05885 17.85487 -6.73299 3.39565 -17.83159 -2.33792 4.50116 -12.20270 -3.51463 2.65242 -3.08851 -1.77285 -1.72256 -15.88162 -4.46891 5.10844 43.69291 -8.98321 -0.81409 19.75010 -2.95769 -0.00000 0.00000 0.00000 -101.79231 26.66168 31.01676 15.22368 -3.68277 -27.05308 -0.00000 -6.03294 -0.00000 1.98630 0.54654 15.37853 -7.12502 -0.00000 0.00000 -23.61232 0.41753 44.04497 -0.00000 0.00000 0.00000 86.85230 25.18385 -24.88841 -11.76047 -2.15225 20.67261 0.00000 -15.63470 0.00000 -7.44569 -2.18741 16.28075 7.12502 -0.00000 -0.00000 15.48810 9.56353 -14.05440
0.24455 0.93534 -0.85537 -8.12903 28.98342 9.16918 -0.00000 0.00000 -0.00000 -20.57815 -24.61522 12.84081 -4.92961 35.76441 15.19827 -22.33392 24.70608 46.09274 -0.24901 -8.80711 -3.23273 -0.00000 0.00000 -0.00000 43.89553 -37.74854 22.72581 2.76850 27.90151 -11.11183 -17.77240 -36.32596 -25.84370 0.92173 16.70611 -6.27143 3.16835 -17.93916 -2.15119 4.39600 -12.61572 -3.21797 2.71088 -3.48503 -1.61455 -0.72590 -15.63762 -3.51808 4.72440 44.35851 -7.70668 -0.72683 20.07783 -2.33666 -0.00000 0.00000 0.00000 -102.26082 26.79891 31.86623 15.32956 -3.73696 -27.25191 -0.00000 -6.04634 -0.00000 0.63666 0.19498 17.02662 -7.12502 -0.00000 0.00000 -24.95192 -0.17659 45.37953 -0.00000 0.00000 0.00000 86.93231 23.46200 -24.96938 -11.50035 -2.05538 20.20169 0.00000 -15.62060 0.00000 -9.36053 -3.11316 18.23487 7.12502 -0.00000 -0.00000 13.45124 8.96351 -11.91906
0.24499 0.93529 -0.85452 -8.25187 28.96596 9.41518 -0.00000 0.00000 -0.00000 -20.58267 -24.47529 12.54500 -4.91632 35.72469 15.17553 -22.40266 26.70309 45.16851 -0.51881 -12.63982 -4.68184 -0.00000 0.00000 -0.00000 43.68130 -37.91072 21.90147 2.74234 27.78348 -11.05584 -17.50781 -36.82532 -24.84636 1.03700 17.67764 -6.66138 3.38733 -18.01206 -1.99711 4.33349 -12.65382 -3.04202 2.53628 -3.50863 -1.54040 0.32423 -16.31581 -2.66988 4.08543 45.10347 -6.50673 -0.83604 20.75128 -1.74606 -0.00000 0.00000 0.00000 -102.58395 27.22999 32.02415 15.25526 -3.69889 -27.11236 -0.00000 -6.08802 -0.00000 1.12747 0.33326 16.46452 -7.12502 -0.00000 0.00000 -24.46378 0.03081 44.93228 -0.00000 0.00000 0.00000 87.29039 22.33669 -25.07565 -11.72938 -2.14054 20.61627 0.00000 -17.61020 0.00000 -12.01912 -3.84853 17.49760 7.12502 -0.00000 -0.00000 11.31127 7.35762 -12.37133
0.24517 0.93544 -0.85362 -8.55391 29.14078 9.67527 -0.00000 0.00000 -0.00000 -20.41660 -24.63223 12.42377 -4.90833 35.70074 15.16183 -22.38472 26.22488 45.37994 -0.39191 -11.01533 -4.06279 -0.00000 0.00000 -0.00000 43.98270 -38.07655 22.16264 2.75834 27.85578 -11.09012 -17.34712 -35.83894 -25.63184 0.82194 15.80863 -5.91497 3.66691 -18.28458 -1.81036 4.31779 -12.65348 -2.84599 2.37204 -3.38790 -1.45677 1.16513 -17.39925 -1.98854 3.62366 45.51898 -5.56314 -0.90452 21.36889 -1.27433 0.00000 0.00000 0.00000 -102.74768 27.22553 32.12940 15.18382 -3.66249 -26.97829 -0.00000 -5.68807 -0.00000 1.07931 0.32435 16.72424 -7.12502 -0.00000 0.00000 -24.51039 -0.07414 45.16260 0.00000 0.00000 0.00000 87.38372 20.89759 -24.65554 -11.47861 -2.04740 20.16237 0.00000 -18.78900 0.00000 -13.08987 -4.69097 19.37761 7.12502 -0.00000 -0.00000 10.03603 7.03250 -10.32435
0.24526 0.93528 -0.85323 -8.48561 29.26718 9.77923 -0.00000 0.00000 -0.00000 -20.64885 -24.69063 12.13987 -4.96886 35.88128 15.26533 -20.29365 19.01440 46.71787 -0.01857 2.41690 0.88024 -0.00000 0.00000 -0.00000 43.79631 -38.21759 21.82232 2.71231 27.64697 -10.99125 -17.37694 -35.98139 -25.52721 0.84136 15.98780 -5.98585 3.65541 -18.38792 -1.68014 4.19631 -12.55027 -2.68200 2.25089 -3.22529 -1.37641 1.74238 -17.47306 -1.40590 3.16946 44.74391 -4.55165 -0.79714 20.80508 -0.89400 0.00000 0.00000 -0.00000 -102.93713 27.48284 32.12328 15.13830 -3.63941 -26.89294 -0.00000 -5.92162 -0.00000 0.79736 0.23798 16.61714 -7.12502 -0.00000 0.00000 -24.79310 -0.01329 45.02878 0.00000 0.00000 -0.00000 87.42032 19.34686 -23.99826 -11.05722 -1.89593 19.40168 0.00000 -19.25830 0.00000 -13.97942 -5.11711 19.71142 7.12502 -0.00000 -0.00000 9.21392 6.55468 -9.86562
0.24533 0.93540 -0.85292 -8.72124 29.08399 9.80070 -0.00000 0.00000 -0.00000 -20.43722 -24.56414 12.09617 -5.00222 35.98008 15.32219 -19.13037 15.20566 47.87021 -0.27632 9.27207 3.40654 -0.00000 0.00000 -0.00000 44.03117 -37.92070 21.97439 2.70580 27.61726 -10.97722 -17.47599 -36.16589 -25.49949 0.93591 16.82912 -6.32056 4.08070 -18.09933 -1.46965 4.18741 -12.52545 -2.44520 2.03327 -3.36811 -1.28442 2.25195 -17.54989 -1.00006 2.38647 44.13629 -3.68647 -0.90719 20.37412 -0.61471 -0.00000 0.00000 -0.00000 -104.02307 28.38709 33.04845 15.12414 -3.63224 -26.86639 -0.00000 -6.61549 -0.00000 1.80128 0.52786 16.32770 -7.12502 -0.00000 0.00000 -23.79126 0.04720 44.89294 -0.00000 0.00000 -0.00000 87.94755 18.60798 -24.32148 -10.90124 -1.84145 19.12072 0.00000 -20.12080 0.00000 -14.38713 -5.32254 19.88114 7.12502 -0.00000 -0.00000 8.83472 6.33328 -9.63576
0.24555 0.93543 -0.85225 -8.86260 29.14626 9.90618 -0.00000 0.00000 -0.00000 -20.34382 -24.73305 12.15153 -5.02909 36.05928 15.36788 -21.15157 18.25391 48.42306 -0.03564 3.34736 1.21982 -0.00000 0.00000 -0.00000 44.11935 -37.97833 21.95504 2.71051 27.63876 -10.98737 -17.20803 -35.94368 -25.26893 0.98753 17.26848 -6.49661 4.28646 -18.29067 -1.34798 4.12787 -12.35265 -2.33546 1.85293 -3.09079 -1.23997 3.17388 -18.48644 -0.24580 1.19848 43.88996 -2.31828 -1.11695 20.47536 -0.11565 -0.00000 0.00000 0.00000 -104.88103 29.29166 33.80122 15.23372 -3.68789 -27.07192 -0.00000 -5.38904 -0.00000 1.51736 0.45932 16.83782 -7.12502 -0.00000 0.00000 -24.07059 -0.14447 45.32340 -0.00000 0.00000 0.00000 88.29493 17.95404 -24.05755 -10.35441 -1.65719 18.13836 0.00000 -19.29940 0.00000 -15.24283 -5.41229 19.09276 7.12502 -0.00000 -0.00000 8.25409 5.75677 -10.33814
0.24552 0.93475 -0.85188 -9.00289 29.00072 10.01514 -0.00000 0.00000 -0.00000 -20.04300 -25.00263 12.47873 -5.18889 36.52362 15.63785 -18.87140 12.11322 50.11557 -0.61749 13.76090 5.11392 -0.00000 0.00000 -0.00000 43.99676 -37.74970 21.12279 2.64143 27.32089 -10.83767 -16.42463 -34.92190 -24.98494 0.79655 15.57083 -5.82109 4.45435 -18.28613 -1.32564 4.14875 -12.00518 -2.35116 1.76576 -2.71628 -1.25158 3.04080 -18.77724 -0.15344 0.83548 43.15679 -1.92903 -1.07864 20.05869 -0.06640 -0.00000 0.00000 0.00000 -105.12710 29.69659 33.54445 14.58365 -3.36489 -25.85650 -0.00000 -3.46937 -0.00000 1.78297 0.48802 15.30281 -7.12502 -0.00000 0.00000 -23.81446 0.46286 43.95140 -0.00000 0.00000 0.00000 88.01900 16.84172 -23.35972 -9.78916 -1.47760 17.12688 0.00000 -17.18900 0.00000 -14.58788 -5.11236 18.90081 7.12502 -0.00000 -0.00000 8.84822 6.11341 -10.62324
0.24532 0.93548 -0.85171 -9.01421 28.93000 10.05087 -0.00000 0.00000 -0.00000 -19.97088 -25.15083 12.67084 -5.24309 36.67860 15.72876 -14.77006 6.62796 49.64909 -2.03789 24.28375 9.45161 -0.00000 0.00000 -0.00000 44.09376 -37.91696 21.28246 2.68294 27.51255 -10.92782 -16.62413 -34.01772 -26.41142 0.50384 12.45999 -4.61292 4.29077 -18.16616 -1.40928 4.38770 -11.40568 -2.46906 2.07157 -2.10044 -1.28591 3.04292 -20.23154 0.23606 -0.33779 42.53915 -0.82443 -1.16928 20.08132 0.16706 -0.00000 0.00000 0.00000 -105.43100 29.77069 32.87217 14.41523 -3.28397 -25.54306 -0.00000 -2.15134 -0.00000 1.70473 0.47681 15.62171 -7.12502 -0.00000 0.00000 -23.89153 0.33925 44.23418 -0.00000 0.00000 0.00000 87.12451 16.46613 -22.11301 -9.44877 -1.37471 16.51960 0.00000 -15.10520 0.00000 -12.28107 -3.81268 16.98566 7.12502 -0.00000 -0.00000 11.18031 7.13247 -12.86270
0.24615 0.93484 -0.85021 -8.73763 28.31950 9.31819 -0.00000 0.00000 -0.00000 -19.83972 -24.32113 13.69412 -5.16821 36.46416 15.60308 -10.96125 1.59517 50.05763 -3.24152 29.91869 12.09013 -0.00000 0.00000 -0.00000 43.79438 -37.36539 20.62412 2.72462 27.70305 -11.01777 -16.22397 -33.67561 -26.06101 0.43209 11.55629 -4.26807 4.62994 -17.61137 -1.11597 4.33264 -11.02665 -2.11725 1.85396 -1.98554 -1.12794 3.21441 -20.75457 0.42874 -1.08672 42.40778 -0.27067 -1.32954 20.15676 0.29307 -0.00000 0.00000 0.00000 -105.85821 29.81694 33.37285 14.07846 -3.12553 -24.91808 -0.00000 -1.02800 -0.00000 1.71967 0.48540 15.75782 -7.12502 -0.00000 0.00000 -23.87622 0.28302 44.36064 -0.00000 0.00000 0.00000 86.90636 16.18708 -22.18357 -9.36876 -1.35109 16.37705 0.00000 -12.83620 0.00000 -7.46598 -1.93806 14.47034 7.12502 -0.00000 -0.00000 15.81565 9.09434 -15.83882
0.24455 0.93422 -0.85107 -8.49494 29.26117 9.71906 -0.00000 0.00000 -0.00000 -20.26902 -25.78103 13.32688 -5.34427 36.96457 15.89758 -9.99819 0.99098 49.22773 -4.09671 33.10051 13.72570 -0.00000 0.00000 -0.00000 43.96778 -37.42453 22.52229 2.68051 27.50139 -10.92256 -17.26621 -35.38452 -25.99751 0.82291 15.81761 -5.91852 3.79117 -18.20326 -1.26471 4.13542 -11.45876 -2.20205 2.10024 -2.12306 -1.13551 2.91589 -19.43280 0.26917 -1.20373 41.77716 -0.27860 -1.29843 19.35777 0.21629 -0.00000 0.00000 -0.00000 -106.32283 29.80803 34.59162 14.30284 -3.23060 -25.33424 -0.00000 -0.07777 -0.00000 -0.59151 -0.17086 16.11072 -7.12502 -0.00000 0.00000 -26.17843 0.29723 44.39541 -0.00000 0.00000 -0.00000 87.27105 16.42864 -23.28092 -9.44081 -1.37235 16.50542 0.00000 -9.93050 0.00000 -1.38021 -0.33990 13.83191 7.12502 -0.00000 -0.00000 21.22375 11.96605 -16.90325
0.24419 0.93458 -0.85083 -8.54551 29.51885 10.13686 -0.00000 0.00000 -0.00000 -20.40091 -25.86145 13.02740 -5.24338 36.67941 15.72924 -16.50069 8.99316 49.69119 -1.54290 21.34068 8.17539 -0.00000 0.00000 -0.00000 44.04274 -37.39870 23.58941 2.69150 27.55185 -10.94635 -18.20359 -36.13964 -26.80378 0.96995 17.12039 -6.43718 3.62417 -18.43328 -1.31365 4.06748 -11.31141 -2.26166 2.10165 -1.83877 -1.15550 2.79707 -19.88050 0.19301 -1.66927 41.71120 -0.15513 -1.43950 19.44361 0.17838 0.00000 0.00000 -0.00000 -106.42774 30.28349 34.69769 14.14800 -3.15788 -25.04695 -0.00000 0.39955 0.00000 -2.11183 -0.60858 16.06868 -7.12502 -0.00000 0.00000 -27.69053 0.43643 44.16846 0.00000 0.00000 -0.00000 87.29677 17.30024 -23.19080 -9.09780 -1.27272 15.89482 0.00000 -6.82913 0.00000 2.83385 0.73054 14.44393 7.12502 -0.00000 -0.00000 24.71962 14.42463 -16.58184
0.24486 0.93432 -0.85021 -8.45155 29.10683 9.62035 -0.00000 0.00000 -0.00000 -20.14508 -25.34775 13.50731 -5.21668 36.60324 15.68451 -18.78879 14.20140 48.19667 -0.55251 13.03463 4.83352 -0.00000 0.00000 -0.00000 43.89976 -37.03256 22.86762 2.68617 27.52741 -10.93482 -17.61278 -35.86963 -26.06921 0.96579 17.08510 -6.42302 3.97194 -18.00109 -1.02848 4.01716 -11.16089 -1.91912 1.89362 -1.91114 -1.00407 2.70729 -19.66863 0.16126 -2.01919 41.73730 -0.00196 -1.51986 19.40322 0.17491 -0.00000 0.00000 0.00000 -106.65661 30.46658 35.21435 13.86264 -3.02632 -24.51873 -0.00000 -0.41279 -0.00000 -3.52419 -1.00458 15.89059 -7.12502 -0.00000 0.00000 -29.08863 0.64727 43.83673 -0.00000 0.00000 0.00000 88.15666 19.18126 -24.16244 -9.45285 -1.37592 16.52687 0.00000 -5.87893 0.00000 5.65810 1.36799 13.54810 7.12502 -0.00000 -0.00000 27.33078 15.56425 -17.56284
0.24411 0.93488 -0.85223 -8.55814 30.22795 10.37793 -0.00000 0.00000 -0.00000 -20.75736 -26.72164 12.25253 -5.34530 36.96747 15.89929 -19.36233 15.77832 47.75109 -0.33394 10.18057 3.74759 -0.00000 0.00000 -0.00000 44.32626 -37.99312 24.65588 2.71196 27.64540 -10.99051 -18.51580 -36.51202 -26.92576 1.13287 18.44022 -6.97063 3.52855 -18.35198 -1.22602 3.92184 -11.73764 -2.09894 2.03375 -2.34890 -1.07753 2.26901 -18.87409 -0.06390 -2.13080 41.50725 -0.10217 -1.50221 19.02819 0.05036 0.00000 0.00000 0.00000 -106.72691 29.82012 35.82976 14.00390 -3.09105 -24.78001 -0.00000 -0.16293 -0.00000 -5.68587 -1.71079 16.69144 -7.12502 -0.00000 0.00000 -31.26025 0.45289 44.25401 0.00000 0.00000 0.00000 88.79200 20.71292 -25.00169 -9.56183 -1.40845 16.72115 0.00000 -5.57516 0.00000 6.94725 1.60811 12.96958 7.12502 -0.00000 -0.00000 28.55918 15.99205 -18.15294
0.24390 0.93502 -0.85242 -8.32033 30.27824 10.23765 -0.00000 0.00000 -0.00000 -21.13375 -26.46513 12.10394 -5.23411 36.65300 15.71372 -21.58501 19.38883 48.24242 -0.00382 1.09598 0.39896 -0.00000 0.00000 -0.00000 44.50809 -37.94956 25.97574 2.83043 28.17816 -11.24359 -19.61221 -36.45005 -28.86835 0.88680 16.39839 -6.14881 3.19868 -18.48490 -1.17089 3.89640 -11.40901 -2.00213 2.17923 -1.90707 -1.00930 1.79235 -18.90560 -0.33747 -2.14999 41.23073 -0.32926 -1.48842 18.85786 -0.11721 0.00000 0.00000 -0.00000 -106.46381 30.18414 35.29148 13.94559 -3.06424 -24.67212 -0.00000 -0.48168 -0.00000 -6.54315 -1.99484 16.88236 -7.12502 -0.00000 0.00000 -32.11994 0.43729 44.30349 0.00000 0.00000 -0.00000 89.24312 22.40634 -25.07809 -9.77095 -1.47199 17.09435 0.00000 -5.42042 0.00000 8.19293 1.98404 13.52089 7.12502 -0.00000 -0.00000 29.48390 16.96955 -17.69698
0.24493 0.93522 -0.85259 -8.70138 29.94863 10.34772 -0.00000 0.00000 -0.00000 -20.74485 -26.07213 12.39757 -5.18838 36.52217 15.63701 -20.23773 15.72569 49.01799 -0.14927 6.83330 2.49977 -0.00000 0.00000 -0.00000 44.70476 -37.79592 25.73531 2.84795 28.25567 -11.28063 -19.60743 -36.45680 -28.85238 0.85872 16.14611 -6.04860 3.94421 -17.95221 -0.92591 3.84589 -11.37299 -1.75727 1.74928 -2.17147 -0.92835 1.70067 -18.53523 -0.57374 -2.15523 41.24467 -0.65005 -1.59152 18.75323 -0.25321 -0.00000 0.00000 0.00000 -106.09804 30.01952 35.24303 13.83197 -3.01238 -24.46207 -0.00000 -0.12045 -0.00000 -7.12345 -2.09923 16.33622 -7.12502 -0.00000 0.00000 -32.67138 0.79144 43.76607 -0.00000 0.00000 0.00000 89.79379 23.51944 -25.58298 -9.96487 -1.53225 17.44087 0.00000 -4.59727 0.00000 10.12839 2.53293 13.89550 7.12502 -0.00000 -0.00000 31.01441 18.29823 -17.42532
0.24640 0.93444 -0.85284 -8.89413 29.89391 10.43115 -0.00000 0.00000 -0.00000 -20.61347 -26.19834 12.54739 -5.29880 36.83658 15.82185 -13.36259 3.84009 50.91419 -2.05459 24.37496 9.49215 -0.00000 0.00000 -0.00000 44.26317 -38.27217 23.26934 2.72892 27.72260 -11.02702 -17.68094 -36.16899 -25.85639 0.98208 17.22273 -6.47824 4.49580 -18.09033 -0.80459 3.81672 -11.09631 -1.70376 1.41368 -1.82019 -0.92487 1.51911 -18.80123 -0.71847 -2.38232 41.27421 -0.71190 -1.68415 18.84240 -0.33702 0.00000 0.00000 -0.00000 -105.67185 29.72445 34.76724 13.95660 -3.06929 -24.69249 -0.00000 -0.36946 -0.00000 -7.15997 -1.96695 15.28193 -7.12502 -0.00000 0.00000 -32.65376 1.36442 42.87210 0.00000 0.00000 -0.00000 90.42130 26.00712 -25.82483 -10.25939 -1.62623 17.96805 0.00000 -6.33797 0.00000 11.60239 2.67568 12.80961 7.12502 -0.00000 -0.00000 32.51381 18.56467 -18.45867
0.24729 0.93533 -0.85255 -8.85898 29.72416 10.19661 -0.00000 0.00000 -0.00000 -20.59830 -25.87924 12.87704 -5.19444 36.53955 15.64718 -11.09008 1.10765 51.06630 -2.53590 26.82462 10.60581 -0.00000 0.00000 -0.00000 44.30294 -38.49132 23.24728 2.80130 28.04857 -11.18178 -17.58217 -35.08402 -26.91580 0.69958 14.62193 -5.44878 4.53808 -18.42238 -0.73596 3.96079 -10.42987 -1.68799 1.52341 -0.92104 -0.89960 1.15026 -19.47803 -0.86763 -2.59299 41.06998 -0.71669 -1.70539 18.90531 -0.42940 0.00000 0.00000 -0.00000 -105.16337 29.95110 33.38505 13.84906 -3.02014 -24.49364 -0.00000 -1.29579 -0.00000 -8.51185 -2.44501 15.90992 -7.12502 -0.00000 0.00000 -34.01979 1.19364 43.23237 0.00000 0.00000 -0.00000 89.63981 27.26897 -24.53811 -10.03136 -1.55321 17.55981 0.00000 -6.26662 0.00000 12.92799 2.97549 12.74241 7.12502 -0.00000 -0.00000 33.63001 19.32239 -18.55178
0.24735 0.93526 -0.85309 -8.76749 29.85355 10.27644 -0.00000 0.00000 -0.00000 -20.68922 -26.15693 12.92317 -5.24023 36.67046 15.72397 -10.84675 0.72385 51.25293 -2.66906 27.44870 10.89775 -0.00000 0.00000 -0.00000 44.18196 -38.66455 23.15004 2.79623 28.02589 -11.17098 -17.56486 -35.10177 -26.86362 0.70973 14.72445 -5.48884 4.34734 -18.57731 -0.82303 3.99888 -10.27107 -1.79475 1.64856 -0.66186 -0.94018 0.73138 -19.52523 -1.03923 -2.65948 41.18622 -0.78683 -1.67867 18.99105 -0.52956 -0.00000 0.00000 0.00000 -105.03432 29.98752 32.98239 14.05144 -3.11301 -24.86802 -0.00000 -1.86771 -0.00000 -8.89381 -2.54729 15.85527 -7.12502 -0.00000 0.00000 -34.39260 1.27455 43.13886 -0.00000 0.00000 0.00000 89.93558 29.28066 -24.87596 -10.43875 -1.68493 18.28962 0.00000 -7.62776 0.00000 13.96956 3.15967 12.49320 7.12502 -0.00000 -0.00000 34.55271 19.80958 -18.79704
0.24797 0.93500 -0.85372 -9.06280 29.60713 10.29715 -0.00000 0.00000 -0.00000 -20.33061 -26.12177 12.97054 -5.33037 36.92553 15.87445 -10.90117 0.88728 51.08405 -2.68674 27.52999 10.93604 -0.00000 0.00000 -0.00000 44.27943 -38.66709 22.35691 2.76962 27.90658 -11.11424 -16.95969 -34.79517 -26.11704 0.69501 14.57544 -5.43063 4.86675 -18.14730 -0.73646 4.07892 -10.27091 -1.73139 1.46314 -0.89957 -0.93126 0.53361 -19.18398 -1.10668 -2.69175 41.12294 -0.79844 -1.64656 18.85813 -0.57090 -0.00000 0.00000 0.00000 -105.22998 30.12297 33.21073 14.25625 -3.20862 -25.24774 -0.00000 -1.72726 -0.00000 -8.89046 -2.57924 16.04966 -7.12502 -0.00000 0.00000 -34.40133 1.16416 43.30049 -0.00000 0.00000 0.00000 90.73538 32.22476 -25.74363 -10.60707 -1.74103 18.59177 0.00000 -8.92929 0.00000 14.91001 3.29506 12.18131 7.12502 -0.00000 -0.00000 35.40561 20.19867 -19.09182
0.24838 0.93487 -0.85379 -9.02348 29.47365 10.30843 -0.00000 0.00000 -0.00000 -20.37002 -26.08128 12.97778 -5.38322 37.07355 15.96228 -12.68940 2.89365 51.12023 -2.10296 24.63656 9.60876 -0.00000 0.00000 -0.00000 44.25707 -38.83898 22.40039 2.85031 28.26608 -11.28562 -17.05176 -34.44169 -26.70434 0.60315 13.60430 -5.05331 4.93497 -17.91143 -0.67573 3.99270 -10.30627 -1.63915 1.34697 -1.06238 -0.89319 -0.64640 -16.98743 -1.85231 -1.27595 40.14107 -2.10871 -1.17910 17.67506 -1.07872 -0.00000 0.00000 0.00000 -105.27147 30.35190 33.49369 14.40153 -3.27744 -25.51760 -0.00000 -1.76127 -0.00000 -8.23128 -2.36809 15.94098 -7.12502 -0.00000 0.00000 -33.74512 1.14039 43.29359 -0.00000 0.00000 0.00000 91.58136 34.22584 -26.74838 -11.10265 -1.91196 19.48357 0.00000 -9.21117 0.00000 15.64740 3.38257 11.89549 7.12502 -0.00000 -0.00000 36.08361 20.47837 -19.35631
0.24824 0.93485 -0.85424 -8.94368 29.49650 10.22881 -0.00000 0.00000 -0.00000 -20.22289 -26.30984 13.43319 -5.41243 37.15485 16.01069 -12.61342 2.75570 51.19118 -2.24318 25.37425 9.94050 -0.00000 0.00000 -0.00000 44.28344 -38.80266 22.64362 2.86358 28.32460 -11.31363 -17.13011 -34.51055 -26.76738 0.62708 13.86460 -5.15411 4.80910 -17.69266 -0.67180 3.99873 -10.38677 -1.59335 1.42959 -1.25637 -0.86849 -0.34450 -17.06947 -1.83340 -1.47987 40.42484 -2.10848 -1.34373 17.85196 -1.05674 -0.00000 0.00000 0.00000 -105.25779 30.46777 33.49622 14.29908 -3.22883 -25.32726 -0.00000 -1.72874 -0.00000 -7.55896 -2.05452 15.11826 -7.12502 -0.00000 0.00000 -33.03650 1.50544 42.68658 -0.00000 0.00000 0.00000 92.37621 36.22146 -27.99473 -11.80792 -2.17018 20.75863 0.00000 -9.42216 0.00000 17.52784 3.20901 10.05076 7.12502 -0.00000 -0.00000 38.10232 20.43342 -21.00087
0.24825 0.93475 -0.85428 -8.97372 29.53964 10.21090 -0.00000 0.00000 -0.00000 -19.98715 -26.50790 13.79152 -5.44320 37.24011 16.06157 -14.18553 4.61024 51.21726 -1.86678 23.32138 9.02767 -0.00000 0.00000 -0.00000 44.27535 -38.62540 22.66417 2.81311 28.10120 -11.20686 -17.21117 -34.83604 -26.53125 0.74424 15.06732 -5.62310 4.79290 -17.73316 -0.66985 4.04375 -10.44248 -1.58824 1.48816 -1.29432 -0.86453 -0.71220 -16.54257 -2.06209 -1.20067 40.36885 -2.44960 -1.25313 17.68309 -1.21120 -0.00000 0.00000 0.00000 -105.47043 30.78790 33.78114 14.57103 -3.35879 -25.83299 -0.00000 -2.33123 -0.00000 -8.27291 -2.36121 15.82001 -7.12502 -0.00000 0.00000 -33.77911 1.21297 43.18740 -0.00000 0.00000 0.00000 92.58876 38.07730 -28.52926 -11.90037 -2.20535 20.92632 0.00000 -9.64857 0.00000 16.88270 3.45083 11.21793 7.12502 -0.00000 -0.00000 37.26919 20.81461 -19.96846
0.24779 0.93413 -0.85514 -8.55030 29.51019 9.98991 -0.00000 0.00000 -0.00000 -20.33200 -26.40698 13.64561 -5.42633 37.19342 16.03369 -17.48792 9.55718 50.56852 -1.05327 17.80979 6.71476 -0.00000 0.00000 -0.00000 43.93721 -38.15057 22.94638 2.75644 27.84720 -11.08605 -17.42928 -35.35004 -26.33080 0.78957 15.50464 -5.79501 4.34177 -17.53879 -0.69563 3.95126 -10.46060 -1.54035 1.64081 -1.39851 -0.82565 -0.72030 -16.36862 -2.14665 -1.08016 40.52467 -2.63037 -1.26586 17.72485 -1.26468 0.00000 0.00000 0.00000 -105.37552 31.15240 33.74473 14.70361 -3.42322 -26.08010 -0.00000 -2.50407 -0.00000 -8.59168 -2.57785 16.57763 -7.12502 -0.00000 0.00000 -34.13735 0.82927 43.77712 0.00000 0.00000 0.00000 92.85294 39.78152 -29.02328 -12.09084 -2.27879 21.27221 0.00000 -9.96019 0.00000 17.12345 3.56233 11.40231 7.12502 -0.00000 -0.00000 37.41496 21.09274 -19.80549
0.24738 0.93445 -0.85583 -8.29320 29.59385 9.63836 -0.00000 0.00000 -0.00000 -20.52451 -26.35692 13.47884 -5.34543 36.96783 15.89951 -21.57196 18.83286 48.59574 -0.02183 2.62028 0.95441 -0.00000 0.00000 -0.00000 44.03296 -37.75045 23.98669 2.76462 27.88408 -11.10356 -18.58190 -38.18824 -25.24578 1.42492 20.55774 -7.84543 3.99110 -17.55712 -0.68483 3.98215 -10.44390 -1.47893 1.87003 -1.35740 -0.77840 -0.68492 -16.21351 -2.19612 -0.96922 40.58570 -2.76986 -1.27393 17.71703 -1.29844 -0.00000 0.00000 0.00000 -105.05660 31.07995 33.32278 14.62938 -3.38706 -25.94170 -0.00000 -2.20994 -0.00000 -8.10133 -2.30744 15.79328 -7.12502 -0.00000 0.00000 -33.60852 1.20574 43.18654 -0.00000 0.00000 0.00000 92.78838 41.03476 -29.53121 -12.77739 -2.55451 22.52378 0.00000 -10.17800 0.00000 16.35176 3.92490 13.13188 7.12502 -0.00000 -0.00000 36.31801 21.74339 -18.25304
0.24776 0.93436 -0.85543 -8.17939 29.61099 9.26380 -0.00000 0.00000 -0.00000 -20.62642 -25.99176 13.51447 -5.19012 36.52715 15.63992 -21.54622 19.66933 48.00588 -0.01214 1.95491 0.71183 -0.00000 0.00000 -0.00000 44.03474 -37.70396 23.95005 2.75285 27.83097 -11.07835 -17.64443 -35.84749 -26.15012 0.94574 16.91383 -6.35443 3.95826 -17.63980 -0.66135 4.11628 -10.43022 -1.45277 2.03276 -1.29612 -0.75974 -1.13485 -15.95046 -2.32183 -0.73228 40.62753 -2.91119 -1.12020 17.68320 -1.39278 -0.00000 0.00000 -0.00000 -105.03883 30.93934 32.99386 14.63276 -3.38870 -25.94800 -0.00000 -2.34988 -0.00000 -7.45082 -2.24533 16.67698 -7.12502 -0.00000 0.00000 -33.01225 0.64311 44.01028 -0.00000 0.00000 -0.00000 92.50238 42.64600 -29.78339 -13.08229 -2.68256 23.08212 0.00000 -10.42320 0.00000 16.21084 4.01378 13.53684 7.12502 -0.00000 -0.00000 36.09134 21.91672 -17.88629
0.24850 0.93404 -0.85498 -8.42896 29.52490 9.37211 -0.00000 0.00000 -0.00000 -20.38723 -25.87445 13.61630 -5.14994 36.41149 15.57233 -22.06747 23.20966 46.55476 -0.06668 -4.57535 -1.66907 -0.00000 0.00000 -0.00000 44.04711 -37.77465 23.27861 2.72748 27.71606 -11.02392 -17.24411 -36.28492 -24.96206 1.28184 19.55532 -7.42823 4.32470 -17.85899 -0.62951 4.18279 -10.48419 -1.47691 1.90279 -1.25359 -0.78477 -0.72363 -15.92477 -2.24666 -1.06427 41.05597 -2.81375 -1.33331 17.91177 -1.33101 -0.00000 0.00000 -0.00000 -104.97845 30.80307 32.93184 14.62997 -3.38735 -25.94280 -0.00000 -2.19250 -0.00000 -7.74111 -2.32623 16.62509 -7.12502 -0.00000 0.00000 -33.29752 0.70383 43.92858 -0.00000 0.00000 -0.00000 92.30164 43.67415 -30.07131 -13.53850 -2.88071 23.92064 0.00000 -11.83190 0.00000 16.90810 3.48785 11.31744 7.12502 -0.00000 -0.00000 37.26323 20.89755 -19.88014
0.24916 0.93352 -0.85478 -8.53131 29.25132 9.11846 -0.00000 0.00000 -0.00000 -20.12343 -25.69925 13.99773 -5.18104 36.50109 15.62467 -21.87793 25.87944 44.86942 -0.32974 -10.11718 -3.72373 -0.00000 0.00000 -0.00000 44.24110 -37.31092 23.52862 2.74626 27.80118 -11.06423 -17.85871 -37.58265 -24.65837 1.37406 20.20841 -7.69939 4.68434 -17.47810 -0.49067 4.27243 -10.76479 -1.30048 1.82877 -1.76479 -0.71758 -0.64574 -15.55335 -2.27294 -1.18330 41.61414 -2.84803 -1.42782 18.13775 -1.34195 0.00000 0.00000 -0.00000 -105.04434 30.74052 33.05953 14.37866 -3.26655 -25.47509 -0.00000 -2.30753 -0.00000 -6.03768 -1.53025 14.16999 -7.12502 -0.00000 0.00000 -31.49402 1.80510 42.05673 0.00000 0.00000 -0.00000 92.69879 44.31811 -31.15605 -13.88400 -3.03606 24.55822 0.00000 -12.55060 0.00000 16.87513 3.74842 12.16198 7.12502 -0.00000 -0.00000 37.00782 21.44250 -19.12724
0.25013 0.93321 -0.85479 -8.43343 29.06006 9.05147 -0.00000 0.00000 -0.00000 -20.27185 -25.54077 14.15262 -5.20821 36.57900 15.67029 -20.93916 17.83666 48.42530 -0.06094 4.37434 1.59544 -0.00000 0.00000 -0.00000 44.00790 -37.35856 23.12478 2.78593 27.97979 -11.14904 -17.22890 -35.79003 -25.47544 1.01007 17.45632 -6.57216 4.98164 -17.35916 -0.30828 4.05749 -11.02732 -1.07212 1.46565 -2.12349 -0.63020 -0.69583 -14.46761 -2.52739 -0.46021 41.70374 -3.54004 -1.32425 17.89897 -1.52406 -0.00000 0.00000 0.00000 -105.17268 31.13379 33.89173 14.52517 -3.33667 -25.74759 -0.00000 -1.89737 -0.00000 -6.29643 -1.61331 14.31416 -7.12502 -0.00000 0.00000 -31.75481 1.76504 42.15107 -0.00000 0.00000 0.00000 93.23211 44.14845 -31.91982 -14.11324 -3.14169 24.98252 0.00000 -12.80420 0.00000 14.72998 3.79903 14.14508 7.12502 -0.00000 -0.00000 34.72886 21.32612 -17.31626
0.25117 0.93343 -0.85409 -8.64143 28.99477 9.06360 -0.00000 0.00000 -0.00000 -19.93711 -25.54644 14.67345 -5.18457 36.51122 15.63060 -19.24838 13.03771 49.83249 -0.57544 13.29595 4.93421 -0.00000 0.00000 -0.00000 44.01600 -37.44849 22.49517 2.76692 27.89441 -11.10846 -16.78978 -35.23231 -25.30580 0.93152 16.79110 -6.30537 5.28277 -17.71652 -0.26969 4.20007 -11.06404 -1.09096 1.45444 -1.98791 -0.64688 -0.79473 -14.07668 -2.57127 -0.44057 41.97201 -3.59740 -1.31441 17.95519 -1.55775 -0.00000 0.00000 -0.00000 -105.36609 31.03434 33.96005 14.48221 -3.31602 -25.66764 -0.00000 -1.36619 -0.00000 -6.16689 -1.50794 13.68787 -7.12502 -0.00000 0.00000 -31.59367 2.07507 41.63082 -0.00000 0.00000 -0.00000 93.06028 45.08342 -31.92547 -14.15390 -3.16064 25.05788 0.00000 -14.05580 0.00000 12.63974 3.74855 16.25319 7.12502 -0.00000 -0.00000 32.44932 21.22981 -15.33809
0.25217 0.93359 -0.85385 -8.89809 28.64879 9.32593 -0.00000 0.00000 -0.00000 -19.69509 -25.18928 14.64060 -5.21371 36.59474 15.67952 -19.21230 12.99602 49.81796 -0.57636 13.30624 4.93818 -0.00000 0.00000 -0.00000 43.79213 -37.51840 21.25824 2.73055 27.72998 -11.03051 -16.28028 -34.79177 -24.86414 0.84313 16.00406 -5.99229 5.69261 -17.48885 -0.24161 4.32304 -11.14545 -1.08517 1.36417 -2.20652 -0.66384 -0.82728 -14.15545 -2.51004 -0.43667 42.35479 -3.50175 -1.28987 18.21015 -1.51560 0.00000 0.00000 -0.00000 -105.40715 31.29571 33.70053 14.51118 -3.32994 -25.72156 -0.00000 -1.26506 -0.00000 -6.60161 -1.68067 14.22056 -7.12502 -0.00000 0.00000 -32.04798 1.85668 42.03738 0.00000 0.00000 -0.00000 92.97344 45.34074 -32.10236 -14.29193 -3.22545 25.31398 0.00000 -15.18110 0.00000 15.95491 3.69662 12.70848 7.12502 -0.00000 -0.00000 36.11479 21.20430 -18.63062
0.25368 0.93303 -0.85218 -8.09050 27.70396 8.12397 -0.00000 0.00000 -0.00000 -19.93119 -23.80976 15.94916 -5.02965 36.06091 15.36882 -18.41148 11.54882 49.97752 -0.84614 16.03154 6.00318 -0.00000 0.00000 -0.00000 42.83320 -36.65790 20.11639 2.79105 28.00275 -11.15996 -15.76029 -35.12057 -23.53721 0.87638 16.30524 -6.11178 5.50884 -17.15400 -0.01498 4.37103 -10.68726 -0.76810 1.53310 -1.86515 -0.48789 -1.25619 -13.77929 -2.65211 -0.10192 42.18386 -3.72306 -1.10991 18.02067 -1.63128 -0.00000 0.00000 0.00000 -105.45019 31.32716 33.34341 14.42996 -3.29101 -25.57045 -0.00000 -0.89322 -0.00000 -6.00306 -1.42528 13.30766 -7.12502 -0.00000 0.00000 -31.41249 2.24923 41.32297 -0.00000 0.00000 0.00000 92.34569 45.15828 -31.47559 -14.22825 -3.19546 25.19579 0.00000 -15.13510 0.00000 12.83151 3.45665 14.82660 7.12502 -0.00000 -0.00000 33.00035 20.50771 -16.65496
0.25306 0.93421 -0.85428 -8.39313 28.62602 9.00746 -0.00000 0.00000 -0.00000 -20.40607 -24.75613 14.43593 -5.03057 36.06363 15.37039 -17.79729 9.69201 50.87818 -1.05698 17.83975 6.72688 -0.00000 0.00000 -0.00000 43.56408 -37.65982 22.17822 2.88205 28.40568 -11.35250 -16.91144 -34.57577 -26.28477 0.63735 13.97465 -5.19680 5.07886 -17.67041 -0.27724 4.48218 -11.23395 -1.05453 1.87195 -2.18745 -0.61155 -1.26718 -13.47111 -2.73420 0.04114 42.40473 -3.92111 -1.11594 18.07077 -1.68762 -0.00000 0.00000 -0.00000 -105.68408 31.53688 33.52074 14.55056 -3.34891 -25.79487 -0.00000 -0.79719 -0.00000 -6.19870 -1.50499 13.59401 -7.12502 -0.00000 0.00000 -31.61933 2.12882 41.54725 -0.00000 0.00000 -0.00000 91.48670 43.32853 -30.68386 -14.24474 -3.20321 25.22639 0.00000 -14.76980 0.00000 13.38196 2.96716 12.27534 7.12502 -0.00000 -0.00000 34.12444 19.31643 -18.98213
0.25360 0.93420 -0.85396 -8.39990 28.31973 8.74156 -0.00000 0.00000 -0.00000 -20.25586 -24.43680 14.72231 -5.00041 35.97473 15.31911 -15.64566 6.24664 51.45114 -1.71762 22.43732 8.64403 -0.00000 0.00000 -0.00000 43.61392 -37.33294 22.26000 2.91127 28.53327 -11.41380 -17.01254 -34.50910 -26.55118 0.57323 13.27095 -4.92456 5.24671 -17.56151 -0.18870 4.61592 -11.18698 -0.95676 1.93071 -2.19490 -0.56665 -0.99632 -13.83910 -2.63624 -0.22082 42.88940 -3.76104 -1.26566 18.45586 -1.60321 0.00000 0.00000 -0.00000 -105.73725 31.64429 33.34429 14.50333 -3.32616 -25.70694 -0.00000 -0.40597 -0.00000 -6.72285 -1.65261 13.74773 -7.12502 -0.00000 0.00000 -32.13884 2.12498 41.62228 0.00000 0.00000 -0.00000 90.72858 41.63507 -29.65532 -13.85731 -3.02390 24.50888 0.00000 -16.13540 0.00000 8.83041 2.14974 13.57479 7.12502 -0.00000 -0.00000 30.00730 17.36372 -17.67211
0.25333 0.93423 -0.85549 -8.34986 28.76331 9.25921 -0.00000 0.00000 -0.00000 -20.83233 -24.86732 13.61077 -5.07493 36.19363 15.44563 -10.76873 0.26618 51.86945 -3.05364 29.14291 11.70896 -0.00000 0.00000 -0.00000 43.56673 -37.51775 23.15487 2.88491 28.41821 -11.35851 -17.74267 -35.45838 -26.76837 0.80564 15.65646 -5.85487 4.85322 -17.76343 -0.43219 4.61562 -11.41468 -1.22085 2.12646 -2.33029 -0.68057 -0.98378 -13.89784 -2.71971 -0.02923 42.96504 -3.98741 -1.27208 18.51896 -1.66004 0.00000 0.00000 -0.00000 -105.54601 31.31396 32.96974 14.57477 -3.36060 -25.83996 -0.00000 -0.13802 -0.00000 -7.12046 -1.79127 14.04864 -7.12502 -0.00000 0.00000 -32.54450 2.02272 41.83428 0.00000 0.00000 -0.00000 90.03765 39.24664 -28.48298 -13.67128 -2.93987 24.16539 0.00000 -18.28510 0.00000 3.55251 0.94880 14.93448 7.12502 -0.00000 -0.00000 25.22175 15.03142 -16.16276
0.25356 0.93360 -0.85589 -8.40835 28.74827 9.29886 -0.00000 0.00000 -0.00000 -20.76358 -25.09034 13.41833 -5.19308 36.53566 15.64490 -16.64147 9.82041 49.05180 -1.32575 19.86957 7.55841 -0.00000 0.00000 -0.00000 43.39364 -37.44618 22.44973 2.81321 28.10166 -11.20708 -17.16333 -36.01311 -25.11365 1.11237 18.28033 -6.90555 4.92779 -17.96180 -0.43995 4.70082 -11.24351 -1.27057 2.16842 -2.04180 -0.70174 -1.26231 -13.80825 -2.75339 0.41754 42.76782 -4.13294 -1.05368 18.39080 -1.70572 0.00000 0.00000 -0.00000 -105.32069 31.40423 32.26238 14.42390 -3.28811 -25.55919 -0.00000 0.30713 0.00000 -6.80996 -1.62993 13.39732 -7.12502 -0.00000 0.00000 -32.20222 2.32440 41.31534 0.00000 0.00000 -0.00000 88.72917 36.23293 -26.09923 -12.97483 -2.63703 22.88515 0.00000 -20.72320 0.00000 -2.32918 -0.66663 15.96285 7.12502 -0.00000 -0.00000 19.96192 12.20731 -14.79390
0.25419 0.93352 -0.85453 -8.25845 28.21052 8.69979 -0.00000 0.00000 -0.00000 -20.47207 -24.44117 14.25063 -5.14587 36.39972 15.56547 -10.75287 2.06552 48.93007 -3.91041 32.45072 13.38156 -0.00000 0.00000 -0.00000 43.08107 -37.09435 21.18531 2.80112 28.04774 -11.18138 -16.33647 -35.33476 -24.36482 0.90716 16.57851 -6.22053 5.20624 -17.84857 -0.22618 4.73410 -11.09464 -1.03243 2.07195 -1.94407 -0.59395 -1.46458 -13.64396 -2.80397 1.08500 42.83482 -4.43783 -0.82248 18.40955 -1.76521 -0.00000 0.00000 0.00000 -105.29941 31.27011 32.18911 14.30035 -3.22943 -25.32962 -0.00000 0.79381 0.00000 -6.76248 -1.60771 13.31161 -7.12502 -0.00000 0.00000 -32.15079 2.36266 41.24744 -0.00000 0.00000 0.00000 88.14591 32.25125 -24.93312 -12.55201 -2.46208 22.11206 0.00000 -22.65640 0.00000 -6.87241 -2.31934 18.56072 7.12502 -0.00000 -0.00000 15.51324 10.44333 -11.85438
0.25390 0.93352 -0.85442 -8.08225 28.06702 8.55971 -0.00000 0.00000 -0.00000 -20.54819 -24.24386 14.46084 -5.08769 36.23085 15.46722 -10.69412 1.85038 49.15842 -3.98117 32.70014 13.51300 -0.00000 0.00000 -0.00000 42.99305 -36.71078 21.51479 2.80025 28.04386 -11.17954 -16.61495 -35.68798 -24.48592 1.04122 17.71208 -6.67528 5.03266 -17.90036 -0.23106 4.69231 -11.05659 -1.02087 2.12221 -1.87084 -0.57998 -1.10076 -14.00483 -2.78204 1.00047 43.32371 -4.51223 -1.00032 18.80024 -1.72880 0.00000 0.00000 -0.00000 -105.22623 31.50220 31.93614 14.20527 -3.18467 -25.15316 -0.00000 0.44122 0.00000 -6.76656 -1.62827 13.46773 -7.12502 -0.00000 0.00000 -32.16442 2.28033 41.37970 0.00000 0.00000 -0.00000 87.46855 28.37949 -23.41851 -11.99893 -2.24319 21.10522 0.00000 -23.30160 0.00000 -9.81717 -3.24987 18.13972 7.12502 -0.00000 -0.00000 13.07884 8.68892 -11.96522
0.25444 0.93352 -0.85426 -8.03203 27.81022 8.46325 -0.00000 0.00000 -0.00000 -20.55783 -23.88609 14.74164 -5.03677 36.08184 15.38092 -13.00910 5.01636 48.75168 -2.94126 28.66331 11.47645 -0.00000 0.00000 -0.00000 42.67554 -36.98696 20.30504 2.82055 28.13429 -11.22265 -15.79548 -34.63620 -24.13277 0.81290 15.72441 -5.88170 5.14591 -17.39444 -0.25426 4.75765 -11.33560 -1.00526 2.13467 -2.44005 -0.58557 -1.08595 -13.64892 -2.68927 1.02316 43.55242 -4.39798 -0.94841 18.84868 -1.67900 0.00000 0.00000 -0.00000 -105.90856 31.28315 32.62805 14.29080 -3.22491 -25.31188 -0.00000 0.02511 0.00000 -6.10946 -1.43715 13.18750 -7.12502 -0.00000 0.00000 -31.50885 2.32785 41.20920 0.00000 0.00000 -0.00000 87.62853 25.86634 -23.42920 -12.05376 -2.26439 21.20483 0.00000 -22.88920 0.00000 -13.02981 -4.03620 16.91748 7.12502 -0.00000 -0.00000 10.54689 6.72031 -12.84949
0.25409 0.93340 -0.85398 -8.22796 27.75659 8.76660 -0.00000 0.00000 -0.00000 -20.36608 -23.86918 14.61980 -5.07034 36.18022 15.43786 -10.81464 2.05315 49.06549 -3.83168 32.16944 13.23427 -0.00000 0.00000 -0.00000 42.88768 -36.66007 20.88425 2.81839 28.12471 -11.21807 -16.48679 -35.23363 -24.75101 0.89230 16.44725 -6.16825 5.14730 -17.36729 -0.40647 4.87735 -11.51518 -1.19008 2.25086 -2.65115 -0.67705 -0.78912 -13.41669 -2.62718 0.51910 43.66311 -4.19257 -1.16237 18.83270 -1.62029 0.00000 0.00000 -0.00000 -106.53942 31.15288 33.12495 14.43212 -3.29204 -25.57448 -0.00000 -0.60310 -0.00000 -5.53337 -1.35411 13.70856 -7.12502 -0.00000 0.00000 -30.97711 1.97396 41.71605 0.00000 0.00000 -0.00000 86.93575 21.90957 -22.66328 -11.20796 -1.94939 19.67349 0.00000 -20.95830 0.00000 -12.78326 -4.48856 19.03084 7.12502 -0.00000 -0.00000 10.36477 7.16232 -10.71804
0.25392 0.93347 -0.85424 -8.13364 27.87686 8.66048 -0.00000 0.00000 -0.00000 -20.50069 -24.08790 14.56737 -5.11383 36.30692 15.51142 -7.75141 -1.55474 49.27589 -4.99523 35.95941 15.31028 -0.00000 0.00000 -0.00000 42.81472 -36.87105 20.69082 2.81396 28.10498 -11.20866 -16.02445 -35.12796 -24.01756 1.04082 17.70881 -6.67396 5.05312 -17.70267 -0.41021 4.86843 -11.36478 -1.22251 2.28679 -2.30982 -0.68343 -1.27909 -12.96100 -2.79373 1.35004 43.08121 -4.63125 -0.80519 18.37525 -1.77751 -0.00000 0.00000 -0.00000 -106.25076 30.98371 32.46173 14.39905 -3.27626 -25.51298 -0.00000 -0.17634 -0.00000 -5.24469 -1.30555 13.93970 -7.12502 -0.00000 0.00000 -30.70709 1.81590 41.94594 -0.00000 0.00000 -0.00000 86.35808 18.47695 -21.41518 -10.58654 -1.73414 18.55489 0.00000 -19.93540 0.00000 -12.92194 -4.58039 19.19122 7.12502 -0.00000 -0.00000 10.21537 7.10468 -10.53655
0.25375 0.93333 -0.85443 -8.26065 27.84624 8.76279 -0.00000 0.00000 -0.00000 -20.42215 -24.07075 14.39012 -5.11910 36.32222 15.52032 -19.26440 12.57367 50.25730 -0.58142 13.36307 4.96010 -0.00000 0.00000 -0.00000 42.89922 -36.93330 20.49951 2.78895 27.99334 -11.15549 -15.98549 -34.66475 -24.45715 0.91221 16.62288 -6.23822 5.22926 -18.03496 -0.49895 4.89368 -11.08940 -1.41563 2.19373 -1.84334 -0.78090 -1.04411 -13.85796 -2.69407 1.07968 43.39326 -4.45198 -0.95218 18.80558 -1.69079 0.00000 0.00000 -0.00000 -105.77102 30.62838 31.50730 14.33520 -3.24592 -25.39433 -0.00000 0.48217 0.00000 -5.83651 -1.58278 15.12091 -7.12502 -0.00000 0.00000 -31.34408 1.28422 42.89262 0.00000 0.00000 -0.00000 85.82503 15.22275 -20.23328 -9.96391 -1.53195 17.43917 0.00000 -17.94970 0.00000 -13.40066 -4.76045 19.20513 7.12502 -0.00000 -0.00000 9.80425 6.83069 -10.46189
0.25388 0.93344 -0.85417 -8.37924 27.68181 8.75839 -0.00000 0.00000 -0.00000 -20.28732 -23.94528 14.36588 -5.10557 36.28292 15.49746 -20.53031 15.44074 49.63850 -0.26098 9.01394 3.30999 -0.00000 0.00000 -0.00000 42.85943 -36.94392 19.85545 2.76800 27.89930 -11.11078 -15.59310 -34.19819 -24.24107 0.82137 15.80331 -5.91286 5.55253 -18.08855 -0.46246 4.87105 -11.14008 -1.41623 1.99619 -1.88415 -0.79835 -1.09122 -13.42860 -2.72934 1.16412 43.45990 -4.53736 -0.92482 18.73081 -1.72442 -0.00000 0.00000 0.00000 -105.97484 30.54412 31.80374 14.46437 -3.30747 -25.63446 -0.00000 0.71898 0.00000 -5.47179 -1.55252 15.79271 -7.12502 -0.00000 0.00000 -31.01358 0.89487 43.51189 -0.00000 0.00000 0.00000 85.61346 12.28683 -19.94402 -9.21102 -1.30517 16.09622 0.00000 -16.08450 0.00000 -13.81065 -4.94761 19.33314 7.12502 -0.00000 -0.00000 9.43008 6.60944 -10.27766
0.25377 0.93374 -0.85398 -8.69528 27.76020 8.86553 -0.00000 0.00000 -0.00000 -19.86977 -24.24619 14.49878 -5.14684 36.40252 15.56710 -22.03573 19.07659 49.05214 -0.02161 2.60736 0.94970 -0.00000 0.00000 -0.00000 43.16297 -37.01457 19.78427 2.73856 27.76632 -11.04771 -15.44814 -34.03361 -24.15014 0.78950 15.50398 -5.79475 5.99406 -18.51340 -0.33960 4.82496 -11.03863 -1.36699 1.71283 -1.57255 -0.78903 -1.17071 -13.14632 -2.82893 1.49264 43.17261 -4.79604 -0.83588 18.48217 -1.80262 -0.00000 0.00000 0.00000 -106.05645 31.25777 31.67269 14.38580 -3.26995 -25.48837 -0.00000 -0.64736 -0.00000 -3.87079 -1.07147 15.44929 -7.12502 -0.00000 0.00000 -29.41865 0.89699 43.40978 -0.00000 0.00000 0.00000 85.38544 8.72290 -19.40465 -8.64362 -1.14687 15.08826 0.00000 -13.46490 0.00000 -13.92301 -5.23607 20.21012 7.12502 -0.00000 -0.00000 9.16522 6.64317 -9.35865
0.25307 0.93379 -0.85434 -8.67968 27.78778 8.88143 -0.00000 0.00000 -0.00000 -19.76975 -24.42765 14.51641 -5.19450 36.53973 15.64728 -22.19327 19.54966 48.94964 -0.02533 2.82224 1.02810 -0.00000 0.00000 -0.00000 43.27377 -36.79491 20.25109 2.72081 27.68571 -11.00956 -15.69366 -34.21685 -24.41155 0.87506 16.29346 -6.10710 5.86239 -18.52133 -0.46367 4.84307 -11.11915 -1.50607 1.79067 -1.65391 -0.85430 -1.11576 -12.92605 -2.80179 1.38243 43.15715 -4.73029 -0.86511 18.40733 -1.78872 0.00000 0.00000 -0.00000 -106.26907 31.16271 31.75579 14.24397 -3.20285 -25.22496 -0.00000 -1.86115 -0.00000 -2.62455 -0.71687 15.26648 -7.12502 -0.00000 0.00000 -28.18160 0.85857 43.39802 0.00000 0.00000 -0.00000 84.99412 5.67336 -19.08737 -8.01548 -0.98407 13.97617 0.00000 -11.48240 0.00000 -14.17195 -5.78881 21.77300 7.12502 -0.00000 -0.00000 8.64322 6.64790 -7.70738
0.25371 0.93346 -0.85443 -8.76453 27.96616 7.79431 -0.00000 0.00000 -0.00000 -19.32069 -24.81514 15.44634 -5.17481 36.48317 15.61419 -22.40040 21.21305 48.17436 -0.00585 1.35648 0.49382 -0.00000 0.00000 -0.00000 43.53919 -37.30041 18.94360 2.66432 27.42683 -10.88746 -13.82017 -33.10374 -21.98815 0.64685 14.07563 -5.23601 6.47398 -18.84580 0.01178 4.99258 -11.01989 -1.02145 1.67589 -1.38991 -0.63042 -1.12667 -12.80115 -2.75758 1.36982 43.01333 -4.64588 -0.82781 18.28550 -1.76508 -0.00000 0.00000 -0.00000 -106.33180 31.08614 31.69655 14.20677 -3.18537 -25.15593 -0.00000 -2.08976 -0.00000 -2.23548 -0.63333 15.80984 -7.12502 -0.00000 0.00000 -27.80857 0.56745 43.92428 -0.00000 0.00000 -0.00000 84.42541 2.33344 -18.58664 -7.51088 -0.86265 13.08545 0.00000 -9.86137 0.00000 -15.11756 -5.80958 20.54054 7.12502 -0.00000 -0.00000 8.08861 5.95936 -8.85038
0.25303 0.93307 -0.85508 -8.56961 27.96953 7.43887 -0.00000 0.00000 -0.00000 -19.46759 -24.50350 15.33127 -5.09726 36.25875 15.48342 -22.55088 25.68209 45.87555 -0.14874 -6.82128 -2.49533 -0.00000 0.00000 -0.00000 43.62894 -37.24864 19.20340 2.68282 27.51200 -10.92756 -14.21432 -34.28267 -21.50264 1.02508 17.58010 -6.62203 6.30436 -18.76660 -0.04189 5.00486 -10.91784 -1.06931 1.77235 -1.31304 -0.64569 -1.05718 -12.97614 -2.64436 1.19132 42.96945 -4.41554 -0.84176 18.30156 -1.69067 -0.00000 0.00000 -0.00000 -106.15774 30.70401 31.40952 14.20904 -3.18644 -25.16014 -0.00000 -2.09703 -0.00000 -2.06986 -0.59792 16.10540 -7.12502 -0.00000 0.00000 -27.64942 0.41592 44.20615 -0.00000 0.00000 -0.00000 84.45459 1.60141 -18.00913 -7.16459 -0.78411 12.47546 0.00000 -9.95961 0.00000 -16.17635 -5.93710 19.62524 7.12502 -0.00000 -0.00000 7.36219 5.25769 -9.65511
0.25275 0.93330 -0.85625 -8.23353 28.02068 7.27542 -0.00000 0.00000 -0.00000 -19.81611 -24.45833 15.05156 -5.02943 36.06028 15.36846 -22.68669 24.27943 46.79204 -0.00432 -1.16638 -0.42459 -0.00000 0.00000 -0.00000 43.47175 -37.13546 19.82238 2.72724 27.71495 -11.02339 -14.51205 -35.47168 -20.86025 1.27097 19.47658 -7.39570 6.04888 -19.04878 -0.09621 4.83612 -10.77732 -1.13857 1.72194 -1.00983 -0.66798 -0.98980 -12.65028 -2.69127 1.28259 42.74183 -4.54287 -0.84420 18.07322 -1.72692 -0.00000 0.00000 0.00000 -106.03081 30.95320 31.33784 14.18274 -3.17412 -25.11137 -0.00000 -2.48894 -0.00000 -1.74664 -0.50972 16.26393 -7.12502 -0.00000 0.00000 -27.33021 0.31667 44.38729 -0.00000 0.00000 0.00000 84.16920 -0.98690 -17.62023 -6.82136 -0.71007 11.87181 0.00000 -7.83183 0.00000 -16.23058 -6.11013 20.08443 7.12502 -0.00000 -0.00000 7.23187 5.25743 -9.16685
0.25265 0.93328 -0.85677 -7.95937 27.99719 7.05770 -0.00000 0.00000 -0.00000 -20.00797 -24.44529 15.06954 -5.04772 36.11400 15.39951 -22.69098 25.34546 46.23492 -0.01222 -1.96113 -0.71409 -0.00000 0.00000 -0.00000 43.34385 -36.91516 20.19670 2.71516 27.65997 -10.99740 -14.64874 -34.70509 -21.89373 1.01734 17.51644 -6.59637 5.83433 -18.86870 -0.19811 4.81444 -10.70419 -1.22898 1.80017 -1.01574 -0.70594 -1.16410 -12.80987 -2.64658 1.23378 42.76178 -4.40021 -0.78072 18.13407 -1.70722 -0.00000 0.00000 0.00000 -106.09695 31.01360 31.29120 14.15929 -3.16316 -25.06789 -0.00000 -2.59158 -0.00000 -1.49582 -0.43842 16.33218 -7.12502 -0.00000 0.00000 -27.08129 0.26610 44.47959 -0.00000 0.00000 0.00000 83.51133 -3.34040 -17.19709 -6.36351 -0.61718 11.06798 0.00000 -5.78466 0.00000 -16.09732 -6.19367 20.49864 7.12502 -0.00000 -0.00000 7.26754 5.36488 -8.75258
0.25293 0.93350 -0.85764 -8.55484 27.99437 7.19842 -0.00000 0.00000 -0.00000 -19.43435 -24.64732 15.06573 -5.08846 36.23312 15.46853 -22.10442 26.25878 44.98594 -0.03579 -3.35422 -1.22233 -0.00000 0.00000 -0.00000 43.84167 -36.96483 19.90743 2.67417 27.47223 -10.90883 -14.28783 -34.97968 -20.93001 1.20663 19.00225 -7.20045 6.46946 -18.92254 -0.24216 5.06454 -10.23184 -1.43879 1.69192 -0.49482 -0.81694 -1.28865 -14.07154 -2.56601 0.80104 42.78237 -4.04444 -0.85138 18.48625 -1.63913 0.00000 0.00000 -0.00000 -105.51725 30.68323 30.02644 14.13139 -3.15014 -25.01616 -0.00000 -2.37777 -0.00000 -1.34897 -0.37854 15.67204 -7.12502 -0.00000 0.00000 -26.92643 0.55372 43.90996 0.00000 0.00000 -0.00000 82.94329 -4.55854 -15.99949 -6.13178 -0.57270 10.66171 0.00000 -4.98326 0.00000 -14.99894 -5.72916 20.43458 7.12502 -0.00000 -0.00000 8.20940 6.02171 -8.97733
0.25283 0.93451 -0.85807 -8.41291 28.03489 7.03698 -0.00000 0.00000 -0.00000 -19.57518 -24.65076 15.07626 -5.04809 36.11509 15.40014 -22.58888 26.45521 45.53907 -0.07289 -4.78309 -1.74523 -0.00000 0.00000 -0.00000 43.90052 -37.41131 20.11935 2.71427 27.65591 -10.99548 -14.48281 -33.67113 -22.68098 0.86959 16.24432 -6.08758 6.44529 -18.86334 -0.14958 4.87943 -10.62524 -1.27163 1.53515 -0.95387 -0.75030 -1.27834 -12.51012 -2.64119 1.19669 42.58047 -4.33871 -0.73400 17.94665 -1.71781 0.00000 0.00000 -0.00000 -105.78023 30.61121 31.16324 14.20088 -3.18261 -25.14500 -0.00000 -2.18742 -0.00000 -1.16465 -0.33791 16.17727 -7.12502 -0.00000 0.00000 -26.74973 0.31089 44.38322 0.00000 0.00000 -0.00000 83.36884 -3.57318 -16.95248 -6.45456 -0.63512 11.22772 0.00000 -6.67574 0.00000 -12.81809 -4.24000 18.00151 7.12502 -0.00000 -0.00000 10.53058 6.99602 -11.76622
0.25265 0.93431 -0.85886 -8.26966 28.06768 6.84142 -0.00000 0.00000 -0.00000 -19.62216 -24.90244 15.16575 -5.12972 36.35300 15.53824 -22.15028 22.83503 46.87959 -0.02573 2.84465 1.03628 -0.00000 0.00000 -0.00000 43.88013 -37.22051 20.37400 2.68306 27.51310 -10.92808 -14.17866 -32.75619 -23.10423 0.69854 14.61136 -5.44466 6.26652 -18.95842 -0.16994 4.83694 -10.56270 -1.28505 1.58384 -0.83121 -0.74829 -1.23641 -12.17273 -2.61126 1.28579 42.38876 -4.33742 -0.68783 17.74382 -1.70675 -0.00000 0.00000 -0.00000 -105.48851 30.37796 30.93710 14.05580 -3.11503 -24.87610 -0.00000 -1.86308 -0.00000 -0.86713 -0.24078 15.51778 -7.12502 -0.00000 0.00000 -26.44616 0.58185 43.83042 -0.00000 0.00000 -0.00000 82.69512 -5.05436 -16.76536 -6.20689 -0.58693 10.79337 0.00000 -4.38670 0.00000 -9.08827 -2.69980 16.40759 7.12502 -0.00000 -0.00000 14.04471 8.72294 -13.77385
0.25241 0.93403 -0.85926 -8.02931 27.95632 6.68739 -0.00000 0.00000 -0.00000 -19.78106 -24.82464 15.28725 -5.11995 36.32467 15.52174 -22.07611 23.55977 46.36982 -0.00740 1.52654 0.55576 -0.00000 0.00000 -0.00000 43.80780 -36.96612 20.98111 2.73138 27.73376 -11.03230 -14.59505 -33.22379 -23.40487 0.78102 15.42330 -5.76297 6.01744 -18.79337 -0.22076 4.75915 -10.52426 -1.29858 1.63045 -0.86577 -0.74829 -1.12152 -12.37969 -2.61549 1.18849 42.47163 -4.34310 -0.76630 17.84174 -1.70047 -0.00000 0.00000 0.00000 -105.30799 30.26198 30.89592 14.03212 -3.10408 -24.83227 -0.00000 -2.00219 -0.00000 -1.04661 -0.28531 15.24679 -7.12502 -0.00000 0.00000 -26.62001 0.71854 43.56669 -0.00000 0.00000 0.00000 83.36934 -1.75503 -17.15158 -6.62035 -0.66846 11.51873 0.00000 -6.88163 0.00000 -5.04556 -1.31340 14.55343 7.12502 -0.00000 -0.00000 17.90340 10.33744 -15.94958
0.25253 0.93404 -0.85858 -7.85710 27.16278 7.17409 -0.00000 0.00000 -0.00000 -19.91864 -23.65220 15.25202 -5.03809 36.08574 15.38317 -21.22881 18.17790 48.58050 -0.49991 12.41241 4.59470 -0.00000 0.00000 -0.00000 43.09756 -36.36271 20.38564 2.78149 27.95988 -11.13957 -15.42967 -34.76977 -23.29928 1.05887 17.85505 -6.73307 5.67364 -18.38477 -0.56431 4.70121 -10.12470 -1.68621 1.69422 -0.63435 -0.92363 -1.36810 -12.72773 -2.60879 1.42253 42.50564 -4.35311 -0.62420 17.96972 -1.70918 -0.00000 0.00000 -0.00000 -105.35259 30.42530 30.83237 14.29927 -3.22891 -25.32760 -0.00000 -2.26155 -0.00000 -1.24785 -0.35058 15.69018 -7.12502 -0.00000 0.00000 -26.82633 0.53691 43.93844 -0.00000 0.00000 -0.00000 83.76342 1.48835 -17.12186 -6.58924 -0.66214 11.46409 0.00000 -5.45141 0.00000 -2.89369 -0.70867 13.74940 7.12502 -0.00000 -0.00000 19.92826 11.17071 -16.88183
0.25243 0.93313 -0.85987 -7.82658 27.06862 7.06967 -0.00000 0.00000 -0.00000 -19.92982 -23.78742 15.18048 -5.14148 36.38704 15.55808 -22.37062 21.13489 48.18266 -0.04743 3.86024 1.40728 -0.00000 0.00000 -0.00000 43.02147 -36.04016 20.17783 2.72655 27.71181 -11.02191 -15.01519 -35.14836 -22.12307 1.31298 19.77884 -7.52077 5.54962 -17.87090 -0.65813 4.78325 -10.21978 -1.74026 1.84529 -0.99516 -0.95177 -1.29240 -12.82367 -2.50227 1.22903 42.57718 -4.13522 -0.65240 18.03281 -1.63769 0.00000 0.00000 -0.00000 -105.47722 30.27696 30.86385 14.25752 -3.20922 -25.25010 -0.00000 -2.12592 -0.00000 -1.49848 -0.41595 15.51006 -7.12502 -0.00000 0.00000 -27.07210 0.64017 43.74772 0.00000 0.00000 -0.00000 85.07575 8.15544 -18.25025 -7.45193 -0.84901 12.98154 0.00000 -7.52223 0.00000 -1.66063 -0.36768 12.48087 7.12502 -0.00000 -0.00000 21.24734 11.34072 -18.17263
0.25256 0.93322 -0.85987 -7.89873 27.10410 7.18863 -0.00000 0.00000 -0.00000 -19.94014 -23.85993 15.01319 -5.16755 36.46226 15.60197 -22.16034 24.33071 46.06041 -0.00075 -0.48673 -0.17716 -0.00000 0.00000 -0.00000 43.00660 -36.23715 19.92960 2.72789 27.71790 -11.02479 -15.07030 -35.46051 -21.90516 1.37747 20.23206 -7.70925 5.34717 -18.02216 -0.77501 4.89558 -10.03523 -1.89261 2.05076 -0.70689 -1.01093 -1.21627 -13.35101 -2.43095 1.16829 42.54326 -4.01784 -0.66672 18.15232 -1.58330 0.00000 0.00000 -0.00000 -105.48800 30.72533 30.33879 14.17562 -3.17079 -25.09816 -0.00000 -2.70184 -0.00000 -1.50730 -0.42627 15.78749 -7.12502 -0.00000 0.00000 -27.08528 0.51474 43.99358 0.00000 0.00000 -0.00000 85.46133 12.61105 -18.48877 -7.69944 -0.90705 13.41804 0.00000 -6.52067 0.00000 -0.56732 -0.13898 13.76451 7.12502 -0.00000 -0.00000 21.94066 12.35757 -17.01910
0.25287 0.93302 -0.86094 -7.99786 27.18097 7.34564 -0.00000 0.00000 -0.00000 -20.01891 -23.97224 14.68069 -5.21988 36.61238 15.68987 -20.67862 16.75572 48.84811 -0.53658 12.84960 4.76237 -0.00000 0.00000 -0.00000 43.02608 -36.58059 19.73577 2.75068 27.82119 -11.07372 -14.61415 -34.74316 -21.78856 1.25774 19.38022 -7.35594 5.41855 -17.86643 -0.67850 4.77533 -10.30226 -1.73892 1.91004 -1.08198 -0.94692 -1.18015 -12.61363 -2.52546 1.69474 42.45878 -4.39696 -0.55829 17.91416 -1.66017 -0.00000 0.00000 -0.00000 -105.88116 31.11883 31.21829 14.31778 -3.23767 -25.36198 -0.00000 -2.38277 -0.00000 -1.48945 -0.40730 15.29051 -7.12502 -0.00000 0.00000 -27.05917 0.73911 43.55345 -0.00000 0.00000 -0.00000 86.11828 16.33415 -19.53504 -7.99947 -0.98009 13.94787 0.00000 -4.53511 0.00000 0.63101 0.16655 14.78498 7.12502 -0.00000 -0.00000 22.75756 13.37445 -16.12689
0.25323 0.93294 -0.86107 -8.13346 27.15021 7.37233 -0.00000 0.00000 -0.00000 -19.88743 -24.03147 14.76725 -5.26144 36.73078 15.75946 -21.22162 19.23161 47.85425 -0.20821 8.06041 2.95457 -0.00000 0.00000 -0.00000 43.05023 -36.78953 19.25441 2.75058 27.82073 -11.07350 -14.30979 -34.45961 -21.50229 1.23061 19.18067 -7.27375 5.50411 -17.77268 -0.66471 4.82228 -10.15453 -1.73693 1.90976 -0.97184 -0.94573 -1.10525 -13.20448 -2.46678 1.80670 42.58863 -4.37922 -0.53963 18.15355 -1.61579 -0.00000 0.00000 0.00000 -105.65500 31.46143 30.61990 14.08241 -3.12737 -24.92540 -0.00000 -2.05086 -0.00000 -1.52173 -0.39109 14.41001 -7.12502 -0.00000 0.00000 -27.07212 1.14245 42.76605 -0.00000 0.00000 0.00000 86.52176 20.52011 -20.25429 -8.49273 -1.10657 14.82077 0.00000 -3.65215 0.00000 1.83441 0.45092 13.80558 7.12502 -0.00000 -0.00000 24.00259 13.62250 -17.12427
0.25405 0.93283 -0.86082 -8.39781 26.86283 7.47613 -0.00000 0.00000 -0.00000 -19.62207 -23.64706 15.01113 -5.23338 36.65092 15.71249 -20.04064 15.88481 48.62303 -0.54306 12.92517 4.79142 -0.00000 0.00000 -0.00000 42.97705 -36.72640 18.38646 2.72182 27.69032 -11.01175 -13.68868 -33.44646 -21.35358 1.04921 17.77694 -6.70149 5.90647 -17.34992 -0.66052 4.80344 -10.30355 -1.74023 1.67747 -1.36989 -0.97325 -1.13103 -12.70174 -2.44045 2.14739 42.55442 -4.47798 -0.40583 18.00847 -1.61991 0.00000 0.00000 -0.00000 -105.81317 30.84647 31.30897 14.08909 -3.13046 -24.93777 -0.00000 -1.44266 -0.00000 -1.53457 -0.36620 13.41840 -7.12502 -0.00000 0.00000 -27.05719 1.59456 41.88169 0.00000 0.00000 -0.00000 87.37260 25.34052 -21.77742 -8.75627 -1.17744 15.28811 0.00000 -3.81296 0.00000 3.03523 0.76058 14.05475 7.12502 -0.00000 -0.00000 24.97834 14.36715 -16.95792
0.25406 0.93286 -0.86151 -8.22132 26.85872 7.28806 -0.00000 0.00000 -0.00000 -19.72887 -23.72978 15.21015 -5.24030 36.67064 15.72408 -17.14793 10.09183 49.53706 -1.89400 23.47802 9.09621 -0.00000 0.00000 -0.00000 42.97350 -36.68263 18.76074 2.73567 27.75322 -11.04151 -13.90607 -33.21363 -22.04000 0.99587 17.33832 -6.52468 5.74612 -17.52206 -0.57994 4.66500 -9.95433 -1.65166 1.61542 -0.89607 -0.91533 -0.84278 -13.22517 -2.47636 2.28797 42.39219 -4.67312 -0.48772 18.04721 -1.62551 0.00000 0.00000 -0.00000 -105.06798 30.78499 30.54481 14.18927 -3.17717 -25.12347 -0.00000 -0.92722 -0.00000 -2.31906 -0.57548 13.92905 -7.12502 -0.00000 0.00000 -27.84206 1.45261 42.25217 0.00000 0.00000 -0.00000 87.68971 28.78375 -22.37564 -9.35542 -1.34718 16.35329 0.00000 -3.18295 0.00000 5.99174 1.34814 12.63444 7.12502 -0.00000 -0.00000 27.82144 15.30862 -18.42115
0.25366 0.93318 -0.86293 -8.38911 27.34864 7.87897 -0.00000 0.00000 -0.00000 -19.80519 -24.51538 14.64965 -5.39009 37.09270 15.97367 -17.85278 11.60012 49.12491 -1.47107 20.86843 7.97592 -0.00000 0.00000 -0.00000 43.22537 -37.37577 19.26004 2.77463 27.92908 -11.12493 -14.17094 -33.48419 -22.27121 1.06401 17.89639 -6.74980 5.56631 -17.52335 -0.81154 4.60507 -10.11085 -1.91766 1.62438 -1.06455 -1.04676 -0.95994 -13.25268 -2.48358 2.56165 42.03267 -4.74233 -0.35744 17.85252 -1.64363 -0.00000 0.00000 0.00000 -104.90447 30.88624 30.43747 14.21302 -3.18831 -25.16754 -0.00000 -0.79909 -0.00000 -2.80741 -0.71432 14.26410 -7.12502 -0.00000 0.00000 -28.33234 1.35186 42.49454 -0.00000 0.00000 0.00000 87.18859 31.00169 -22.51634 -9.43966 -1.37201 16.50337 0.00000 -3.03274 0.00000 7.38832 1.72004 13.03324 7.12502 -0.00000 -0.00000 28.91875 16.26770 -18.11251
0.25461 0.93294 -0.86193 -8.06281 26.89334 7.03693 -0.00000 0.00000 -0.00000 -19.73376 -24.01795 15.63571 -5.36214 37.01464 15.92728 -17.51430 11.35172 48.86014 -1.44027 20.66172 7.88904 -0.00000 0.00000 -0.00000 42.84650 -36.86268 18.52246 2.75579 27.84425 -11.08465 -13.65811 -33.74440 -20.97862 1.26801 19.45505 -7.38682 5.77781 -17.23493 -0.51967 4.48668 -9.74774 -1.56527 1.41281 -0.82409 -0.87691 -0.97909 -13.56551 -2.56373 2.74960 41.94037 -4.93304 -0.34535 17.88758 -1.69346 -0.00000 0.00000 0.00000 -104.62832 31.35058 30.20572 14.20763 -3.18578 -25.15753 -0.00000 -1.14925 -0.00000 -3.02068 -0.80261 14.86634 -7.12502 -0.00000 0.00000 -28.56139 1.08922 42.99996 -0.00000 0.00000 0.00000 86.86125 33.00018 -22.96029 -9.81703 -1.48619 17.17665 0.00000 -4.14550 0.00000 8.74508 2.01566 12.87936 7.12502 -0.00000 -0.00000 30.10218 16.94830 -18.30516
0.25486 0.93313 -0.86247 -8.24065 26.92223 7.07060 -0.00000 0.00000 -0.00000 -19.58349 -24.10474 15.61554 -5.38552 37.07996 15.96610 -14.51021 6.30867 49.61570 -2.85066 28.26765 11.28637 -0.00000 0.00000 -0.00000 42.96423 -36.90806 18.34698 2.72103 27.68672 -11.01004 -13.33721 -32.89259 -21.24041 1.00821 17.44092 -6.56595 6.06893 -17.21489 -0.45331 4.46509 -9.69315 -1.52200 1.23607 -0.78629 -0.86589 -0.87779 -13.63872 -2.57630 2.58947 41.91112 -4.91592 -0.43232 17.88089 -1.69237 -0.00000 0.00000 0.00000 -104.43185 31.63012 30.09192 14.20409 -3.18412 -25.15097 -0.00000 -1.47407 -0.00000 -3.27445 -0.87300 14.91225 -7.12502 -0.00000 0.00000 -28.81290 1.09461 43.01089 -0.00000 0.00000 0.00000 86.63981 35.32269 -23.74684 -10.32541 -1.64771 18.08637 0.00000 -4.11604 0.00000 10.18860 2.32239 12.70604 7.12502 -0.00000 -0.00000 31.35799 17.67886 -18.51149
0.25528 0.93316 -0.86208 -8.26845 26.82508 6.82264 -0.00000 0.00000 -0.00000 -19.47109 -23.95452 15.88055 -5.33207 36.93032 15.87728 -15.43203 7.91801 49.21196 -2.64447 27.33501 10.84430 -0.00000 0.00000 -0.00000 42.91467 -36.89710 17.77405 2.70683 27.62197 -10.97944 -12.84868 -32.51414 -20.64489 0.97300 17.14617 -6.44751 6.24473 -17.09013 -0.38972 4.50091 -9.69497 -1.45335 1.18669 -0.85698 -0.83947 -0.97154 -13.34767 -2.53712 2.57225 41.96431 -4.82126 -0.37902 17.83745 -1.67638 -0.00000 0.00000 0.00000 -104.28306 31.34434 30.06128 14.12835 -3.14872 -25.01053 -0.00000 -1.27352 -0.00000 -3.67562 -0.96887 14.74681 -7.12502 -0.00000 0.00000 -29.20251 1.21906 42.82018 -0.00000 0.00000 0.00000 86.33344 37.05950 -24.85896 -10.65281 -1.75645 18.67394 0.00000 -3.33189 0.00000 10.73636 2.39829 12.44541 7.12502 -0.00000 -0.00000 31.88042 17.85006 -18.76447
0.25476 0.93286 -0.86278 -8.10442 26.88743 6.60219 -0.00000 0.00000 -0.00000 -19.61860 -24.13260 15.64876 -5.40372 37.13064 15.99626 -19.34500 16.71189 47.01437 -0.57253 13.26308 4.92153 -0.00000 0.00000 -0.00000 43.14936 -36.59766 18.97497 2.77116 27.91350 -11.11753 -13.42674 -33.54689 -20.72597 1.22052 19.10582 -7.24298 6.11196 -16.67900 -0.28875 4.39709 -9.84225 -1.24981 1.17125 -1.22118 -0.74474 -0.82348 -13.22963 -2.59136 2.71506 41.98622 -5.01241 -0.41529 17.81879 -1.70745 0.00000 0.00000 -0.00000 -104.31564 31.74591 30.54473 14.27156 -3.21584 -25.27616 -0.00000 -1.02952 -0.00000 -4.53297 -1.25058 15.39160 -7.12502 -0.00000 0.00000 -30.07075 0.99602 43.28035 0.00000 0.00000 -0.00000 86.06886 38.36206 -25.65111 -10.68380 -1.76693 18.72963 0.00000 -3.20681 0.00000 11.05834 2.44864 12.33123 7.12502 -0.00000 -0.00000 32.17772 17.97207 -18.87679
0.25469 0.93372 -0.86283 -7.94809 26.81121 6.64310 -0.00000 0.00000 -0.00000 -19.73326 -23.92810 15.65488 -5.35452 36.99331 15.91462 -19.73012 17.82613 46.74908 -0.45278 11.82456 4.37018 -0.00000 0.00000 -0.00000 43.07900 -36.84105 19.40673 2.84989 28.26424 -11.28473 -13.88645 -32.57074 -22.72106 0.74086 15.03413 -5.61008 5.91399 -16.59706 -0.37687 4.38304 -9.72563 -1.33966 1.25166 -1.13300 -0.77964 -0.72300 -13.23041 -2.53347 2.55212 41.98457 -4.88586 -0.46310 17.80996 -1.66412 -0.00000 0.00000 0.00000 -104.23945 31.48272 30.54422 14.34569 -3.25089 -25.41383 -0.00000 -0.69584 -0.00000 -4.93936 -1.35052 15.25455 -7.12502 -0.00000 0.00000 -30.46632 1.11019 43.11353 -0.00000 0.00000 0.00000 85.02843 39.03706 -25.71404 -10.47489 -1.69689 18.35446 0.00000 -1.54562 0.00000 11.39940 2.47494 12.08854 7.12502 -0.00000 -0.00000 32.52238 18.03138 -19.10535
0.25219 0.93480 -0.86682 -8.10820 28.40996 8.06950 -0.00000 0.00000 -0.00000 -20.41614 -25.93550 13.61238 -5.42832 37.19893 16.03698 -21.54842 27.18229 43.78106 -0.16670 -7.21867 -2.64231 -0.00000 0.00000 -0.00000 43.91599 -38.07479 22.42458 2.86206 28.31787 -11.31041 -16.14760 -35.05993 -24.31946 1.21484 19.06359 -7.22563 4.87180 -17.27573 -0.87039 4.40060 -10.30810 -1.85779 1.79723 -1.38082 -1.00026 -0.88274 -13.33020 -2.62520 2.66751 41.81004 -5.01138 -0.42007 17.74147 -1.72413 -0.00000 0.00000 0.00000 -104.34989 31.74522 30.57558 14.42182 -3.28712 -25.55533 -0.00000 -0.87618 -0.00000 -4.78338 -1.24458 14.55082 -7.12502 -0.00000 0.00000 -30.28363 1.44688 42.52415 -0.00000 0.00000 0.00000 84.46226 40.09711 -26.30997 -10.40773 -1.67470 18.23398 0.00000 -0.97611 0.00000 10.57545 2.43298 12.80969 7.12502 -0.00000 -0.00000 31.65684 17.96061 -18.42924
0.25257 0.93414 -0.86721 -8.20225 28.42490 8.17237 -0.00000 0.00000 -0.00000 -20.28321 -25.95126 13.60445 -5.44356 37.24110 16.06217 -21.17003 27.33188 43.19064 -0.13094 -6.40259 -2.34075 -0.00000 0.00000 -0.00000 43.77895 -38.11072 21.70937 2.83447 28.19604 -11.25213 -15.36807 -35.20052 -22.72517 1.38893 20.31130 -7.74233 5.14241 -17.10504 -0.74335 4.40223 -10.29339 -1.71398 1.66698 -1.46268 -0.94074 -1.12267 -13.05567 -2.75854 2.95259 41.49317 -5.23619 -0.30688 17.50110 -1.82098 -0.00000 0.00000 0.00000 -104.21854 31.77084 30.44657 14.28378 -3.22160 -25.29885 -0.00000 -1.05668 -0.00000 -4.66396 -1.18537 14.22893 -7.12502 -0.00000 0.00000 -30.15247 1.59362 42.25911 -0.00000 0.00000 0.00000 83.31754 39.55141 -25.93198 -10.01744 -1.54881 17.53490 0.00000 1.38883 -0.00000 10.58910 2.35130 12.37757 7.12502 -0.00000 -0.00000 31.77340 17.72718 -18.82157
0.25306 0.93534 -0.86862 -8.15537 28.81274 7.73968 -0.00000 0.00000 -0.00000 -20.28354 -26.59094 13.84864 -5.45676 37.27758 16.08398 -21.95919 26.65926 44.59229 -0.10683 -5.78618 -2.11367 -0.00000 0.00000 -0.00000 44.33720 -38.63972 22.95035 2.88437 28.41581 -11.35736 -15.21203 -32.51651 -25.48642 0.62283 13.81874 -5.13633 5.32566 -17.09366 -0.51204 4.47553 -10.27384 -1.43651 1.67243 -1.44862 -0.80770 -1.00987 -13.36733 -2.73232 2.70605 41.32894 -5.11640 -0.39936 17.47581 -1.78807 0.00000 0.00000 -0.00000 -103.98491 31.58364 29.90166 13.93567 -3.05969 -24.65377 -0.00000 -0.55828 -0.00000 -5.01850 -1.27613 14.23087 -7.12502 -0.00000 0.00000 -30.49987 1.63809 42.22162 0.00000 0.00000 -0.00000 81.25179 36.65097 -24.42209 -9.40383 -1.36142 16.43953 0.00000 5.88481 -0.00000 8.61534 2.27448 14.67835 7.12502 -0.00000 -0.00000 29.55582 17.81677 -16.64959
0.25296 0.93432 -0.87011 -7.49820 28.94846 7.29837 -0.00000 0.00000 -0.00000 -20.79648 -27.05735 14.05386 -5.60131 37.67237 16.32156 -22.16842 28.37927 44.06675 -0.32706 -10.07658 -3.70845 -0.00000 0.00000 -0.00000 43.83492 -38.35069 23.27185 2.85980 28.30792 -11.30564 -15.74640 -35.33310 -23.28429 1.45468 20.75870 -7.92977 4.84195 -16.93601 -0.45070 4.30877 -10.30191 -1.27229 1.77451 -1.54468 -0.71156 -1.03053 -13.03819 -2.78724 2.95924 41.19562 -5.28870 -0.33336 17.32298 -1.83110 -0.00000 0.00000 0.00000 -104.38324 32.25815 30.38380 14.07556 -3.12418 -24.91270 -0.00000 -1.56479 -0.00000 -3.98299 -1.00587 14.15052 -7.12502 -0.00000 0.00000 -29.48178 1.54706 42.26597 -0.00000 0.00000 0.00000 79.90215 32.95486 -23.05252 -8.68862 -1.15903 15.16807 0.00000 11.23830 -0.00000 5.04692 1.42376 15.71375 7.12502 -0.00000 -0.00000 26.30489 16.22988 -15.51673
0.25337 0.93440 -0.87110 -7.97749 28.65442 7.48109 -0.00000 0.00000 -0.00000 -20.10126 -27.24030 14.41445 -5.78897 38.17294 16.62689 -21.55148 29.30431 42.82267 -0.36039 -10.57014 -3.89446 -0.00000 0.00000 -0.00000 44.08493 -38.15484 22.69041 2.80606 28.06977 -11.19188 -15.55033 -35.16961 -23.09578 1.43778 20.64487 -7.88197 5.57002 -16.41314 -0.25725 4.43838 -10.09733 -1.08546 1.52776 -1.61350 -0.64614 -0.98354 -13.59412 -2.76726 2.91712 41.33901 -5.25896 -0.37151 17.54754 -1.80329 -0.00000 0.00000 0.00000 -104.43118 32.23954 30.27520 14.23935 -3.20067 -25.21638 -0.00000 -1.82447 -0.00000 -3.36098 -0.88789 14.78135 -7.12502 -0.00000 0.00000 -28.89397 1.16710 42.88639 -0.00000 0.00000 0.00000 79.20535 29.38382 -21.67174 -7.68597 -0.90384 13.39426 0.00000 17.17240 -0.00000 1.08525 0.32145 16.49706 7.12502 -0.00000 -0.00000 22.76317 14.29142 -14.53167
0.25296 0.93420 -0.87234 -7.20959 28.77534 6.87252 -0.00000 0.00000 -0.00000 -20.71255 -27.43572 14.71067 -5.79581 38.19094 16.63796 -21.50464 28.76032 42.99644 -0.26040 -9.00406 -3.30629 -0.00000 0.00000 -0.00000 43.83511 -37.86526 23.98592 2.85275 28.27687 -11.29078 -16.14853 -35.65170 -23.68087 1.54918 21.38133 -8.19263 4.97727 -16.26289 -0.06524 4.26516 -10.11468 -0.73720 1.69715 -1.69074 -0.45213 -1.13422 -12.86619 -2.95917 3.30578 40.84796 -5.62830 -0.26550 17.09737 -1.93951 -0.00000 0.00000 -0.00000 -104.42567 32.52426 30.15012 14.19689 -3.18074 -25.13760 -0.00000 -1.30610 -0.00000 -2.68886 -0.77589 16.08429 -7.12502 -0.00000 0.00000 -28.26429 0.47841 44.11025 -0.00000 0.00000 -0.00000 78.14143 21.30254 -20.12415 -6.48722 -0.64162 11.28503 0.00000 24.95870 -0.00000 -8.64512 -3.22850 20.32530 7.12502 -0.00000 -0.00000 13.62322 9.80560 -9.90375
0.25316 0.93399 -0.87247 -7.49980 27.98830 7.34158 -0.00000 0.00000 -0.00000 -20.30708 -26.44907 14.97053 -5.72205 37.99596 16.51841 -21.78271 23.86333 45.80452 -0.00598 1.37235 0.49960 -0.00000 0.00000 -0.00000 43.58859 -37.30944 23.24288 2.86928 28.34966 -11.32564 -16.60312 -36.49681 -23.60894 1.73001 22.51247 -8.67643 5.43204 -15.45860 0.01895 4.25267 -10.03953 -0.61762 1.43718 -2.03969 -0.41776 -1.32649 -12.46501 -3.07284 3.80456 40.83313 -5.93819 -0.10656 17.01286 -2.02702 0.00000 0.00000 0.00000 -105.00125 33.34486 30.64852 14.30352 -3.23092 -25.33550 -0.00000 -1.67608 -0.00000 -0.99889 -0.30115 16.77547 -7.12502 -0.00000 0.00000 -26.58928 0.03070 44.93866 0.00000 0.00000 0.00000 76.34179 7.89064 -18.03973 -4.91118 -0.36637 8.52745 0.00000 33.70150 -0.00000 -15.19476 -6.44232 22.44672 7.12502 -0.00000 -0.00000 7.64754 6.05382 -6.85273
0.25327 0.93405 -0.87291 -7.65980 27.69408 7.48437 -0.00000 0.00000 -0.00000 -20.09273 -26.35757 15.02735 -5.83879 38.30365 16.70739 -19.68326 15.56343 48.37213 -1.05342 17.81100 6.71526 -0.00000 0.00000 -0.00000 43.49314 -37.52317 22.24569 2.87516 28.37546 -11.33800 -15.61992 -34.33752 -24.13503 1.22598 19.14637 -7.25964 5.82280 -15.22750 0.21316 4.12795 -10.09248 -0.38123 1.10749 -2.22321 -0.32430 -1.41460 -11.83170 -3.23081 4.36015 40.76395 -6.36798 0.02248 16.84125 -2.14557 -0.00000 0.00000 0.00000 -104.90069 33.29761 30.63326 14.30940 -3.23371 -25.34643 -0.00000 -1.64686 -0.00000 -0.59586 -0.18617 17.35033 -7.12502 -0.00000 0.00000 -26.18710 -0.24921 45.50674 -0.00000 0.00000 0.00000 79.27413 6.57714 -17.28263 -3.94679 -0.23620 6.84691 0.00000 24.52970 -0.00000 -21.76084 -9.59843 22.67087 7.12502 -0.00000 -0.00000 2.14204 1.76845 -5.47470
0.25314 0.93493 -0.87409 -7.57609 27.69164 7.42985 -0.00000 0.00000 -0.00000 -20.22000 -26.41711 15.02015 -5.80838 38.22398 16.65829 -21.58913 21.79968 46.72900 -0.05803 4.26897 1.55685 -0.00000 0.00000 -0.00000 43.54028 -37.99697 22.42186 2.94755 28.69048 -11.48955 -15.77785 -34.01070 -24.80861 1.08195 18.04000 -6.80797 5.88649 -15.04806 0.33087 4.01309 -10.15443 -0.21137 0.96112 -2.38186 -0.24937 -1.51434 -11.51538 -3.36191 4.77907 40.70252 -6.70112 0.12005 16.75157 -2.24315 0.00000 0.00000 0.00000 -105.23152 33.87217 30.84290 14.40908 -3.28104 -25.53164 -0.00000 -2.34496 -0.00000 0.13849 0.04152 16.68945 -7.12502 -0.00000 0.00000 -25.45190 -0.00430 45.00903 0.00000 0.00000 0.00000 81.85254 5.60948 -15.80402 -2.93784 -0.13069 5.09297 0.00000 15.13770 -0.00000 -25.90909 -12.76101 24.45181 7.12502 -0.00000 -0.00000 -1.51167 -1.38131 -2.58938
0.25178 0.93472 -0.87667 -7.23044 27.91478 7.48874 -0.00000 0.00000 -0.00000 -20.68330 -27.02030 14.54553 -6.00877 38.74290 16.98030 -20.69043 20.32132 46.41034 -0.22070 8.29630 3.04232 -0.00000 0.00000 -0.00000 43.53281 -38.00332 23.50365 2.95879 28.73891 -11.51294 -16.48479 -34.78746 -25.24856 1.31445 19.78927 -7.52509 4.95293 -15.14557 0.12406 4.11437 -10.08557 -0.38680 1.56675 -2.24094 -0.28625 -1.42993 -11.68050 -3.37172 4.53104 40.80317 -6.64860 0.00740 16.83331 -2.23532 -0.00000 0.00000 -0.00000 -105.48523 34.15275 30.37739 14.36808 -3.26152 -25.45543 -0.00000 -2.78901 -0.00000 0.70337 0.21084 16.68601 -7.12502 -0.00000 0.00000 -24.88687 -0.03674 45.07919 -0.00000 0.00000 -0.00000 83.61224 5.09751 -14.11660 -2.73073 -0.11288 4.73336 0.00000 8.84213 -0.00000 -24.73918 -11.30448 23.04575 7.12502 -0.00000 -0.00000 -0.35664 -0.30517 -4.44756
0.25177 0.93481 -0.87783 -7.55123 27.63814 7.69894 -0.00000 0.00000 -0.00000 -20.36673 -27.07378 14.53641 -6.11646 39.01599 17.15187 -20.97833 22.41665 45.52383 -0.03412 3.27497 1.19338 -0.00000 0.00000 -0.00000 43.52996 -38.11841 22.52637 2.94068 28.66083 -11.47525 -15.38571 -33.15448 -25.05452 1.02745 17.59951 -6.62985 5.18407 -15.44248 0.10238 4.22095 -9.70727 -0.49386 1.54456 -1.68153 -0.33598 -1.24934 -11.88123 -3.37620 4.45513 40.71607 -6.67244 -0.07531 16.82571 -2.22585 0.00000 0.00000 -0.00000 -105.59348 34.76647 29.84605 14.35401 -3.25484 -25.42929 -0.00000 -2.60333 -0.00000 0.89976 0.25567 15.86119 -7.12502 -0.00000 0.00000 -24.69253 0.29678 44.35456 0.00000 0.00000 -0.00000 84.99526 4.81352 -12.49825 -2.49506 -0.09422 4.32432 0.00000 8.26275 -0.00000 -21.70900 -9.24060 21.96604 7.12502 -0.00000 -0.00000 2.30380 1.84999 -6.25488
0.25299 0.93481 -0.87670 -7.88368 26.15182 7.52102 -0.00000 0.00000 -0.00000 -19.46312 -25.43277 15.68913 -6.12910 39.04777 17.17194 -16.94845 10.82106 48.52307 -1.93687 23.72192 9.20329 -0.00000 0.00000 -0.00000 42.94802 -37.24942 19.89034 2.90801 28.51908 -11.40698 -14.48233 -32.64776 -23.84752 0.94426 16.90113 -6.34935 5.87884 -14.59897 0.12330 4.45672 -9.18849 -0.51554 1.39794 -1.58139 -0.36562 -1.26237 -11.92771 -3.39668 4.22582 40.98239 -6.63490 -0.16576 16.97441 -2.23612 -0.00000 0.00000 0.00000 -106.48409 36.49740 30.03842 14.18451 -3.17495 -25.11465 -0.00000 -2.92081 -0.00000 1.14023 0.32691 15.99605 -7.12502 -0.00000 0.00000 -24.45284 0.22420 44.50698 -0.00000 0.00000 0.00000 85.06980 4.99562 -13.09505 -4.23682 -0.27232 7.35185 0.00000 14.92690 -0.00000 -14.46355 -5.46658 20.27081 7.12502 -0.00000 -0.00000 8.69475 6.32719 -9.22196
0.25321 0.93456 -0.87718 -7.80579 25.98083 7.01178 -0.00000 0.00000 -0.00000 -19.40209 -25.38944 16.24412 -6.10292 38.98187 17.13035 -20.57158 16.20839 49.10908 -0.55462 13.05888 4.84286 -0.00000 0.00000 -0.00000 43.01997 -37.00955 19.91974 2.89671 28.46980 -11.38329 -14.10873 -32.31530 -23.47551 0.98532 17.24999 -6.48919 5.69404 -14.43869 0.05685 4.70496 -9.19299 -0.57029 1.75520 -1.66672 -0.38148 -1.08789 -11.49794 -3.34188 3.78617 40.92977 -6.42984 -0.30288 16.80961 -2.19917 -0.00000 0.00000 -0.00000 -107.74886 38.21746 30.73431 14.12835 -3.14872 -25.01053 -0.00000 -2.85983 -0.00000 0.79919 0.23848 16.61404 -7.12502 -0.00000 0.00000 -24.79130 -0.01208 45.02615 -0.00000 0.00000 -0.00000 86.62032 18.49016 -14.98440 -6.33725 -0.61205 11.02193 0.00000 11.64410 -0.00000 -7.30985 -2.65743 19.87172 7.12502 -0.00000 -0.00000 14.85647 10.50170 -10.50700
0.25191 0.93423 -0.88134 -7.61035 27.15799 7.77184 -0.00000 0.00000 -0.00000 -20.39556 -27.17067 14.67060 -6.38183 39.67242 17.57044 -20.27962 14.77285 49.82088 -0.63338 13.93217 5.18031 -0.00000 0.00000 -0.00000 43.31126 -38.09144 21.72351 2.93587 28.64001 -11.46521 -14.93545 -33.23641 -24.06640 1.28463 19.57545 -7.43655 4.57226 -15.51066 -0.25017 4.53603 -9.96341 -0.87411 2.18559 -1.90871 -0.49439 -0.24441 -9.19688 -3.48975 3.85987 40.38341 -6.85515 -0.49175 15.91657 -2.28585 -0.00000 0.00000 0.00000 -109.40104 40.82657 33.00882 14.28750 -3.22335 -25.30575 -0.00000 -2.69731 -0.00000 0.04724 0.01461 17.18099 -7.12502 -0.00000 0.00000 -25.54219 -0.21063 45.44076 -0.00000 0.00000 0.00000 91.42039 38.94089 -21.94316 -10.08657 -1.57073 17.65859 0.00000 2.01862 -0.00000 -4.11954 -1.36725 18.32952 7.12502 -0.00000 -0.00000 17.91370 11.95532 -12.34740
0.25338 0.93495 -0.88334 -8.14569 26.93014 7.99569 -0.00000 0.00000 -0.00000 -19.91315 -27.43310 14.82360 -6.57203 40.12911 17.86694 -15.02393 5.98546 50.81421 -2.52953 26.79423 10.59168 -0.00000 0.00000 -0.00000 43.51524 -38.67662 20.66161 2.93240 28.62500 -11.45797 -14.09021 -31.49319 -24.43792 0.96980 17.11909 -6.43665 5.06666 -15.42236 -0.53554 4.84096 -9.96809 -1.30947 2.20476 -1.97130 -0.72793 0.03078 -8.48241 -3.40577 3.58169 40.41474 -6.70079 -0.59147 15.73991 -2.23510 -0.00000 0.00000 0.00000 -110.77993 42.26339 34.33747 14.55421 -3.35067 -25.80167 -0.00000 -2.28332 -0.00000 0.07984 0.02445 17.02468 -7.12502 -0.00000 0.00000 -25.51002 -0.14509 45.30406 -0.00000 0.00000 0.00000 96.82321 55.37824 -33.12601 -15.70202 -3.93126 27.95334 0.00000 -5.15855 0.00000 0.86009 0.19995 13.08640 7.12502 -0.00000 -0.00000 23.31407 12.82663 -17.74547
0.25496 0.93391 -0.88380 -8.06750 26.66532 7.59068 -0.00000 0.00000 -0.00000 -19.73111 -27.47097 15.81655 -6.69161 40.41060 18.05194 -15.26934 7.28305 49.67373 -2.43558 26.34027 10.38163 -0.00000 0.00000 -0.00000 43.23683 -38.16779 19.95520 2.87170 28.36026 -11.33072 -13.56808 -32.00508 -22.71536 1.15894 18.64121 -7.05263 5.02206 -15.92407 -0.86776 5.06625 -9.74541 -1.80985 2.41820 -1.46173 -0.96439 0.78222 -7.65231 -3.16517 2.68763 40.47256 -6.18328 -0.92925 15.51468 -2.04570 0.00000 0.00000 -0.00000 -112.79784 44.43323 36.46568 14.91306 -3.52643 -26.47124 -0.00000 -3.44771 -0.00000 -0.71670 -0.21715 16.85484 -7.12502 -0.00000 0.00000 -26.30749 -0.02300 45.04652 0.00000 0.00000 -0.00000 103.58462 66.13583 -47.95028 -21.13592 -7.48635 38.64884 0.00000 -2.54452 0.00000 3.75358 0.83801 12.56744 7.12502 -0.00000 -0.00000 25.91801 14.09595 -18.38167
0.25546 0.93309 -0.88476 -8.01324 26.21943 6.97697 -0.00000 0.00000 -0.00000 -19.41171 -27.36470 16.71586 -6.77925 40.61422 18.18686 -18.05366 16.08180 45.60382 -0.56190 13.14231 4.87498 -0.00000 0.00000 -0.00000 43.45257 -37.44333 20.53039 2.90108 28.48887 -11.39245 -13.79941 -32.16692 -23.00926 1.38375 20.27555 -7.72740 4.84047 -16.15100 -1.29327 5.54750 -9.77033 -2.37817 2.97731 -1.34483 -1.22955 1.12962 -5.65638 -2.91010 1.47888 40.35490 -5.38718 -1.17999 14.94555 -1.86240 0.00000 0.00000 0.00000 -116.99822 47.39129 40.71903 15.58716 -3.87073 -27.73668 -0.00000 -5.59718 -0.00000 -1.11598 -0.32109 16.04937 -7.12502 -0.00000 0.00000 -26.69989 0.36460 44.27512 0.00000 0.00000 0.00000 114.78765 73.34123 -68.84309 -25.96545 -12.08364 49.31827 0.00000 7.52869 -0.00000 10.88775 2.17136 11.14334 7.12502 -0.00000 -0.00000 32.31839 17.20266 -19.94382
0.25643 0.93293 -0.88417 -8.18494 25.61760 6.14151 -0.00000 0.00000 -0.00000 -18.80853 -26.70903 17.86494 -6.72564 40.48992 18.10439 -17.98968 16.04559 45.53604 -0.41742 11.36193 4.19422 -0.00000 0.00000 -0.00000 43.79302 -37.03560 20.43447 2.97559 28.81110 -11.54785 -13.45101 -31.55331 -23.00219 1.20328 18.97717 -7.19016 5.25536 -16.95032 -1.48711 6.04334 -9.36384 -2.80845 3.20686 -0.48836 -1.43808 1.66533 -4.68577 -2.65352 0.01145 40.85066 -4.58891 -1.64007 14.92944 -1.64204 0.00000 0.00000 -0.00000 -120.32097 49.59179 44.34679 16.53366 -4.38619 -29.53167 -0.00000 -6.26341 -0.00000 -2.95726 -0.86090 16.21678 -7.12502 -0.00000 0.00000 -28.53381 0.43878 44.19307 0.00000 0.00000 -0.00000 120.39418 77.59261 -83.56474 -30.23451 -17.98033 60.71036 0.00000 10.11920 -0.00000 22.08084 1.93095 4.74812 7.12502 -0.00000 -0.00000 43.17196 19.41904 -25.48583
0.25502 0.93225 -0.88614 -8.27442 26.20891 5.46283 -0.00000 0.00000 -0.00000 -18.69388 -27.56281 17.70298 -6.80309 40.66921 18.22345 -18.53735 16.52646 45.98066 -0.25769 8.95767 3.28896 -0.00000 0.00000 -0.00000 44.55819 -37.39890 20.93380 2.91324 28.54183 -11.41792 -12.82509 -31.02306 -22.28306 1.20428 18.98463 -7.19322 4.96793 -18.35140 -1.74056 6.67372 -9.48653 -3.23954 3.97262 0.15578 -1.62190 2.01087 -3.97858 -2.46472 -1.47398 41.74859 -3.85875 -2.12204 15.20077 -1.46345 -0.00000 0.00000 0.00000 -122.91989 51.69282 46.93406 17.04688 -4.68184 -30.51458 -0.00000 -5.51429 -0.00000 -4.35529 -1.19102 15.26531 -7.12502 -0.00000 0.00000 -29.89080 1.03960 43.19211 -0.00000 0.00000 0.00000 98.15582 80.56893 -68.53958 -33.15507 -24.10976 71.31077 0.00000 2.70187 -0.00000 35.95235 -1.37516 -1.89519 7.12502 -0.00000 -0.00000 55.78266 23.60386 -29.76788
0.25367 0.93183 -0.88676 -7.94427 26.00496 4.58811 -0.00000 0.00000 -0.00000 -18.98011 -27.11941 17.27322 -6.73555 40.51297 18.11965 -12.27306 3.58902 49.42070 -3.18715 29.69738 11.98074 -0.00000 0.00000 -0.00000 44.51963 -37.27727 20.39706 2.90138 28.49016 -11.39307 -11.99727 -30.51011 -21.05185 0.97529 17.16549 -6.45527 5.04149 -18.79965 -1.59262 6.64567 -9.80604 -3.07363 3.93578 0.02938 -1.54341 2.51038 -2.55404 -2.59904 -1.47090 42.58885 -4.17481 -2.32269 15.29191 -1.49907 -0.00000 0.00000 0.00000 -123.57327 52.68526 48.48263 17.27716 -4.81830 -30.95797 -0.00000 -4.82464 -0.00000 -7.29167 -1.93402 14.77546 -7.12502 -0.00000 0.00000 -32.75475 1.65530 42.42910 -0.00000 0.00000 0.00000 56.22410 74.81083 -29.52177 -34.68906 -29.52752 80.31553 0.00000 -12.86920 0.00000 46.87940 -4.75514 -4.43897 7.12502 -0.00000 -0.00000 63.04804 33.97596 -29.13719
0.25174 0.93198 -0.88573 -7.30921 25.20521 3.83753 -0.00000 0.00000 -0.00000 -19.53365 -25.69079 16.74745 -6.45468 39.84867 17.68434 -18.04855 11.27236 49.71430 -1.49312 21.01480 8.03760 -0.00000 0.00000 -0.00000 43.80676 -36.71025 19.36773 2.93549 28.63836 -11.46441 -11.63240 -30.22922 -20.55277 0.84116 15.98603 -5.98515 4.48372 -18.85567 -1.52775 6.49069 -9.68535 -2.90967 4.08511 0.21048 -1.44514 2.80815 -3.38673 -2.89587 -0.33974 43.81286 -5.25872 -2.35385 16.14340 -1.69569 -0.00000 0.00000 0.00000 -122.86101 53.80029 48.04086 17.16120 -4.74929 -30.73451 -0.00000 -5.29594 -0.00000 -9.35023 -2.44806 14.54257 -7.12502 -0.00000 0.00000 -34.75161 2.08596 41.99670 -0.00000 0.00000 0.00000 42.26529 61.55953 -14.24020 -35.25646 -34.60732 88.86638 0.00000 -33.73830 0.00000 40.62768 -2.95663 -3.44052 7.12502 -0.00000 -0.00000 59.44997 26.67246 -30.16075
0.24938 0.93131 -0.88570 -7.46649 25.10362 3.56557 -0.00000 0.00000 -0.00000 -19.31153 -25.52166 15.91315 -6.50705 39.97434 17.76596 -19.18750 14.28327 48.69827 -0.98301 17.23057 6.48139 -0.00000 0.00000 -0.00000 43.81809 -36.69422 17.64202 2.81354 28.10314 -11.20778 -10.36345 -29.73008 -18.18228 1.09841 18.17053 -6.86093 4.19680 -19.63041 -1.62443 6.66302 -10.41060 -3.00237 4.44223 -0.15916 -1.47629 3.13294 -2.35621 -3.00877 -0.19403 44.03745 -5.54805 -2.42801 16.00996 -1.74412 0.00000 0.00000 -0.00000 -122.30902 51.93052 47.84680 17.37788 -4.87874 -31.15237 -0.00000 -4.46779 -0.00000 -13.11050 -3.28419 13.81920 -7.12502 -0.00000 0.00000 -38.33420 3.18511 40.98057 0.00000 0.00000 -0.00000 42.26575 50.23287 -8.70944 -34.93217 -39.37864 97.35002 0.00000 -53.06660 0.00000 28.58064 -0.28027 -0.51445 7.12502 -0.00000 -0.00000 49.77186 19.23891 -29.42508
0.24692 0.93251 -0.88603 -7.32540 25.37467 3.20919 -0.00000 0.00000 -0.00000 -19.45356 -25.88232 15.24852 -6.48937 39.93201 17.73843 -21.06123 32.71342 40.80560 -1.04825 -17.76919 -6.69836 -0.00000 0.00000 -0.00000 44.25345 -36.82558 18.48300 2.80932 28.08433 -11.19882 -10.64640 -29.73973 -18.83277 1.07623 17.99437 -6.78948 3.94843 -19.56951 -1.33212 6.64796 -11.32012 -2.49745 4.67418 -1.19550 -1.21402 2.90355 -1.61920 -3.31292 0.80592 41.73667 -6.15377 -1.96564 14.63649 -2.00809 -0.00000 0.00000 0.00000 -123.42263 51.57194 49.23474 17.67125 -5.05739 -31.72027 -0.00000 -5.75934 -0.00000 -14.29624 -3.41506 13.15729 -7.12502 -0.00000 0.00000 -39.40259 3.85334 40.32325 -0.00000 0.00000 0.00000 48.30183 39.54499 -4.30428 -34.02240 -42.96455 104.27770 0.00000 -63.85870 0.00000 21.74122 1.88936 4.72621 7.12502 -0.00000 -0.00000 42.89932 19.19690 -25.51337
0.24403 0.93175 -0.88560 -7.35165 24.99574 3.03244 -0.00000 0.00000 -0.00000 -18.92795 -25.69891 15.67625 -6.62259 40.24866 17.94530 -22.95160 27.39965 45.56557 -0.08384 -5.12836 -1.87191 -0.00000 0.00000 -0.00000 43.97328 -37.42310 16.05498 2.83636 28.20443 -11.25614 -9.35773 -28.43887 -17.15998 0.82157 15.80517 -5.91360 3.81839 -18.73928 -1.44234 7.03946 -11.95032 -2.51334 5.21608 -2.29397 -1.20425 1.42743 -0.50158 -3.16837 1.15113 36.75044 -5.47247 -1.06938 12.14750 -2.08420 -0.00000 0.00000 0.00000 -123.70252 50.32130 48.76316 17.59733 -5.01200 -31.57694 -0.00000 -6.72661 -0.00000 -16.65077 -4.19010 13.72867 -7.12502 -0.00000 0.00000 -41.71872 4.01880 40.50530 -0.00000 0.00000 0.00000 54.28606 34.46222 0.68422 -32.84201 -45.69780 110.06010 0.00000 -73.30340 0.00000 11.01790 1.95331 9.92959 7.12502 -0.00000 -0.00000 32.70792 16.58597 -21.03463
0.24022 0.93129 -0.88798 -6.79272 25.59771 2.72101 -0.00000 0.00000 -0.00000 -19.23960 -26.92214 15.59944 -6.84970 40.77630 18.29490 -23.12957 29.18455 44.98952 -0.28819 -9.46670 -3.47944 -0.00000 0.00000 -0.00000 44.27650 -37.95334 17.13769 2.85267 28.27650 -11.29060 -9.60934 -28.96428 -17.21112 0.96628 17.08921 -6.42467 2.91263 -18.36582 -1.18757 7.19628 -13.29199 -1.90780 6.02414 -3.98438 -0.82140 1.68382 -0.51696 -3.23658 0.39753 32.24747 -5.12420 -1.13645 10.29737 -2.09347 0.00000 0.00000 -0.00000 -125.31263 49.77670 50.05080 16.91498 -4.60475 -30.26129 -0.00000 -6.08383 -0.00000 -17.01261 -4.16381 13.34958 -7.12502 -0.00000 0.00000 -42.01543 4.36407 40.17198 0.00000 0.00000 -0.00000 59.11380 31.85399 5.65419 -31.66582 -47.66277 114.59613 0.00000 -84.12270 0.00000 2.26784 0.44229 11.02995 7.12502 -0.00000 -0.00000 24.94927 12.68000 -19.74104
0.23902 0.93110 -0.88771 -6.63912 24.94048 2.26438 -0.00000 0.00000 -0.00000 -18.82276 -26.05671 16.64653 -6.69337 40.41471 18.05466 -21.62698 32.38148 41.69338 -0.92749 -16.75617 -6.29141 -0.00000 0.00000 -0.00000 43.69303 -37.45699 15.42323 2.79171 28.00570 -11.16136 -8.67990 -27.79207 -16.15104 0.78840 15.49361 -5.79066 2.83657 -17.93490 -1.08280 7.76628 -13.70446 -1.69060 6.74603 -4.68526 -0.66960 1.20665 1.54583 -2.90181 -0.39648 24.76209 -4.11906 -0.85930 7.27445 -1.89153 0.00000 0.00000 0.00000 -126.37726 48.70508 50.14211 16.19773 -4.19888 -28.89205 -0.00000 -3.39689 -0.00000 -17.84861 -4.15999 12.69588 -7.12502 -0.00000 0.00000 -42.72081 5.02881 39.57753 0.00000 0.00000 0.00000 59.68759 30.13537 15.20360 -31.23896 -48.26652 116.07020 0.00000 -89.44380 0.00000 -2.20172 -0.36591 9.43139 7.12502 -0.00000 -0.00000 21.32557 9.99159 -21.03832
0.23732 0.93147 -0.88865 -6.61696 25.39889 2.42600 -0.00000 0.00000 -0.00000 -18.72553 -26.40782 16.65223 -6.58951 40.17051 17.89405 -22.11979 35.06656 41.42239 -0.99299 -17.31423 -6.51500 -0.00000 0.00000 -0.00000 44.20740 -37.51141 16.90636 2.80178 28.05069 -11.18279 -9.19267 -28.37854 -16.81577 0.90044 16.51928 -6.19693 2.48460 -17.62045 -1.06391 8.44672 -14.51994 -1.51422 7.78310 -5.79506 -0.48969 0.70875 3.05649 -2.92633 -1.74262 17.60808 -3.79619 -0.94326 4.72474 -1.91546 -0.00000 0.00000 0.00000 -129.05345 48.90565 51.78867 16.20243 -4.20146 -28.90098 -0.00000 -2.09016 -0.00000 -18.62522 -4.53399 13.20023 -7.12502 -0.00000 0.00000 -43.52362 4.88714 39.87423 -0.00000 0.00000 0.00000 57.48065 28.43231 25.59628 -31.32685 -48.14600 115.77257 180.00000 -89.00320 180.00000 -5.38136 -0.94272 9.90730 7.12502 -0.00000 -0.00000 18.43551 8.76724 -20.42788
0.23649 0.93209 -0.88917 -6.41582 25.87218 3.03644 -0.00000 0.00000 -0.00000 -19.14280 -26.70500 16.19801 -6.52008 40.00548 17.78624 -21.14074 33.44538 40.65433 -0.96767 -17.10106 -6.42942 -0.00000 0.00000 -0.00000 44.36372 -37.29927 19.17087 2.82119 28.13715 -11.22401 -10.39878 -29.74627 -18.24733 1.19937 18.94780 -7.17811 2.21858 -17.44430 -0.87134 8.66871 -15.39832 -1.11473 8.27060 -6.96078 -0.20937 0.54318 2.73708 -3.20510 -2.78850 13.11218 -4.07085 -1.24828 3.69440 -2.09890 -0.00000 0.00000 0.00000 -133.25469 50.11097 55.71474 16.63540 -4.44388 -29.72597 -0.00000 -0.92726 -0.00000 -20.62206 -4.92743 12.85752 -7.12502 -0.00000 0.00000 -45.35048 5.70865 39.38811 -0.00000 0.00000 0.00000 54.04161 25.89983 36.06861 -31.99665 -47.15985 113.39906 180.00000 -86.93930 180.00000 -9.05019 -1.57842 9.81125 7.12502 -0.00000 -0.00000 15.19676 7.17127 -20.31767
0.23723 0.93317 -0.88885 -6.65129 25.77768 4.04922 -0.00000 0.00000 -0.00000 -19.09406 -26.31375 16.13806 -6.37807 39.66328 17.56455 -21.07187 33.08726 40.68646 -0.83055 -15.88836 -5.94650 -0.00000 0.00000 -0.00000 44.01632 -36.99576 19.45471 2.77803 27.94439 -11.13220 -11.20987 -31.17506 -18.56668 1.54020 21.32320 -8.16798 2.78037 -17.39895 -0.65069 8.84394 -15.62032 -0.83454 8.16793 -7.29555 -0.09096 0.67879 3.77697 -3.84086 -4.13206 7.58046 -4.93016 -1.50884 1.59788 -2.51598 0.00000 0.00000 0.00000 -135.52844 51.04347 57.76393 16.99386 -4.65076 -30.41272 -0.00000 -0.12484 -0.00000 -20.66402 -4.65190 12.13597 -7.12502 -0.00000 0.00000 -45.27688 6.24933 38.84680 0.00000 0.00000 0.00000 49.74006 21.85093 47.41581 -32.98986 -45.40932 109.42368 180.00000 -82.20290 180.00000 -11.24451 -1.89170 9.42723 7.12502 -0.00000 -0.00000 13.29894 6.16400 -20.56938
0.23767 0.93384 -0.88858 -6.70595 25.64666 4.55009 -0.00000 0.00000 -0.00000 -19.04204 -25.98010 16.37565 -6.24953 39.34803 17.36249 -20.74029 33.80731 39.98621 -0.89016 -16.42829 -6.16071 -0.00000 0.00000 -0.00000 43.66344 -36.92264 19.20711 2.74503 27.79565 -11.06161 -11.49230 -31.52029 -18.82308 1.64243 21.97399 -8.44508 3.36967 -16.60754 -0.16322 8.96842 -16.06197 -0.11082 8.00457 -8.33936 0.25293 0.89262 2.76775 -4.25902 -5.84963 4.49059 -5.52770 -2.02419 0.72693 -2.80393 -0.00000 0.00000 -0.00000 -137.51279 51.11878 59.97531 17.16615 -4.75223 -30.74405 -0.00000 0.13550 0.00000 -20.52887 -4.84311 12.70576 -7.12502 -0.00000 0.00000 -45.23975 5.79103 39.28603 -0.00000 0.00000 -0.00000 45.59400 16.98727 57.50441 -33.90221 -43.30080 104.96176 180.00000 -79.48700 180.00000 -14.60709 -2.08179 7.93519 7.12502 -0.00000 -0.00000 10.47788 4.52808 -21.88320
0.23714 0.93509 -0.89032 -6.23967 25.75991 6.33200 -0.00000 0.00000 -0.00000 -20.46885 -25.59701 14.49726 -6.09950 38.97325 17.12492 -20.68986 34.02834 39.84324 -0.90208 -16.53376 -6.20270 -0.00000 0.00000 -0.00000 42.74881 -36.86888 20.94148 2.81187 28.09567 -11.20422 -13.79618 -33.93119 -21.05552 2.03819 24.28542 -9.45236 2.69847 -15.72421 -0.41244 8.85037 -16.44626 -0.24299 8.29775 -9.25743 0.27860 0.48578 1.02059 -4.49891 -7.20178 2.53526 -5.90929 -2.38250 0.36810 -3.00051 0.00000 0.00000 0.00000 -138.73969 51.42424 61.15861 17.35279 -4.86364 -31.10392 -0.00000 0.89557 0.00000 -20.32428 -4.42802 11.77441 -7.12502 -0.00000 0.00000 -44.90426 6.40526 38.61326 0.00000 0.00000 0.00000 41.27072 11.48131 67.29099 -34.77305 -40.23241 98.94581 180.00000 -78.22300 180.00000 -14.06155 -2.00265 7.94269 7.12502 -0.00000 -0.00000 10.96675 4.73989 -21.90527
0.23756 0.93549 -0.89195 -6.49794 25.70271 7.41829 -0.00000 0.00000 -0.00000 -20.74564 -25.68421 13.58380 -6.17201 39.15531 17.23997 -20.78470 36.90858 39.08462 -1.37780 -20.23439 -7.71023 -0.00000 0.00000 -0.00000 42.37269 -36.90246 20.37273 2.70523 27.61468 -10.97600 -14.06046 -33.90219 -21.60347 2.11213 24.68575 -9.63075 3.46899 -14.40590 -0.00716 8.79159 -16.80489 0.41344 7.78486 -10.49983 0.54815 0.63513 0.53688 -4.86076 -8.50416 -0.79692 -6.60328 -2.73863 -0.67160 -3.27171 0.00000 0.00000 -0.00000 -139.45558 51.46212 62.45269 17.50899 -4.95810 -31.40587 -0.00000 0.23473 0.00000 -20.19206 -4.39058 11.75876 -7.12502 -0.00000 0.00000 -44.77899 6.37490 38.61553 0.00000 0.00000 -0.00000 38.48717 5.96549 75.56487 -35.21351 -36.90460 92.87227 180.00000 -77.87500 180.00000 -12.15704 -1.57173 7.25605 7.12502 -0.00000 -0.00000 12.75810 5.32985 -22.69449
0.23783 0.93722 -0.89226 -6.69016 25.92471 8.00911 -0.00000 0.00000 -0.00000 -20.98018 -25.74515 13.22400 -6.08425 38.93472 17.10066 -20.91113 35.96685 39.52871 -1.23570 -19.21833 -7.28924 -0.00000 0.00000 -0.00000 42.38807 -37.28601 20.75180 2.71996 27.68183 -11.00773 -14.42731 -34.00490 -22.20930 2.14916 24.88297 -9.71909 4.23496 -13.35448 0.51500 8.72550 -17.24751 1.23759 7.22355 -11.72464 0.88515 1.08960 -1.24866 -5.12902 -10.22381 -1.85020 -7.04496 -3.42958 -0.81349 -3.50028 -0.00000 0.00000 0.00000 -140.16047 51.14880 64.09828 17.59365 -5.00975 -31.56981 -0.00000 -0.79741 -0.00000 -22.51203 -5.58164 13.20699 -7.12502 -0.00000 0.00000 -47.17042 6.04967 39.42026 -0.00000 0.00000 0.00000 36.80327 1.16352 82.52376 -35.23594 -34.01557 87.85256 180.00000 -76.33700 180.00000 -13.21347 -1.48610 6.30307 7.12502 -0.00000 -0.00000 11.91254 4.74068 -23.60679
0.23914 0.93768 -0.88945 -6.81848 25.75746 7.98133 -0.00000 0.00000 -0.00000 -20.89704 -25.16991 13.68981 -5.86876 38.38185 16.75570 -22.66647 31.51960 43.41152 -0.39086 -11.00080 -4.05729 -0.00000 0.00000 -0.00000 41.93647 -37.61502 18.80505 2.66880 27.44750 -10.89719 -13.16831 -32.66212 -21.14469 1.90372 23.53360 -9.12057 5.19086 -12.76199 1.08416 9.04709 -17.40790 2.08203 6.95187 -12.36049 1.21817 0.39275 -1.79062 -5.15765 -11.41717 -3.09300 -7.20777 -3.68931 -1.15169 -3.54010 0.00000 0.00000 -0.00000 -140.85048 50.21671 65.19782 17.54304 -4.97883 -31.47177 -0.00000 -1.34391 -0.00000 -20.75820 -4.73207 12.27901 -7.12502 -0.00000 0.00000 -45.38702 6.17437 38.94294 0.00000 0.00000 -0.00000 34.87606 -2.63106 88.72445 -34.83129 -30.30236 81.60358 180.00000 -79.32400 180.00000 -11.04856 -1.05721 5.39804 7.12502 -0.00000 -0.00000 13.96925 5.31017 -24.59292
0.23882 0.93765 -0.88850 -7.19904 25.87894 8.65596 -0.00000 0.00000 -0.00000 -20.61818 -25.38883 13.70104 -5.89531 38.45086 16.79843 -23.26580 28.62440 45.41662 -0.07886 -4.97443 -1.81541 -0.00000 0.00000 -0.00000 41.98034 -37.76808 18.22960 2.59464 27.10248 -10.73535 -13.26904 -32.93025 -21.06100 1.99809 24.06450 -9.35443 5.87717 -12.18762 1.52322 9.18913 -17.70675 2.79377 6.63014 -13.13864 1.50176 0.02202 -2.30179 -5.11137 -12.60742 -4.78733 -7.34230 -4.00207 -1.65967 -3.53459 0.00000 0.00000 -0.00000 -141.87879 50.27278 66.84404 17.53311 -4.97277 -31.45254 -0.00000 -2.01098 -0.00000 -21.98940 -5.36786 13.04347 -7.12502 -0.00000 0.00000 -46.65654 6.00148 39.36449 0.00000 0.00000 -0.00000 34.16837 -5.80708 93.95634 -34.07486 -26.94315 76.03085 180.00000 -80.88980 180.00000 -8.89680 -0.75743 4.82700 7.12502 -0.00000 -0.00000 15.98336 5.91254 -25.21970
0.23797 0.93847 -0.88873 -6.55876 26.13809 9.10304 -0.00000 0.00000 -0.00000 -21.50869 -25.42322 13.26378 -5.87509 38.39831 16.76589 -23.41814 24.77968 47.48866 -0.02580 2.84864 1.03773 -0.00000 0.00000 -0.00000 41.43424 -38.13933 19.48865 2.75154 27.82507 -11.07556 -14.31833 -33.49323 -22.55308 2.37278 26.03047 -10.23930 5.55895 -10.69291 1.43814 9.11250 -18.47257 2.98757 6.71922 -15.06543 1.65076 0.06276 -2.90131 -4.84283 -14.28889 -4.18031 -6.95516 -4.67158 -1.41294 -3.38067 0.00000 0.00000 0.00000 -142.19258 48.65593 68.08408 17.77524 -5.12167 -31.92219 -0.00000 -2.18698 -0.00000 -20.46124 -4.71295 12.41894 -7.12502 -0.00000 0.00000 -45.13215 5.97931 39.08016 0.00000 0.00000 0.00000 33.89081 -6.52368 98.52584 -32.99812 -23.69392 70.61243 180.00000 -85.68140 180.00000 -6.65986 -0.59459 5.07886 7.12502 -0.00000 -0.00000 17.97943 6.77089 -25.03387
0.23580 0.93860 -0.88989 -6.56851 27.07549 10.17239 -0.00000 0.00000 -0.00000 -22.03109 -26.50616 11.98336 -5.97447 38.65508 16.92544 -22.41185 32.75566 42.60595 -0.45566 -11.86138 -4.38422 -0.00000 0.00000 -0.00000 41.81440 -38.30772 22.22682 2.74285 27.78578 -11.05693 -16.28874 -35.56285 -24.03052 2.65677 27.39195 -10.87106 5.36261 -11.42829 2.00343 8.46681 -18.89916 3.70895 5.95820 -15.17704 1.96995 1.76399 -1.89467 -5.48717 -16.96350 -5.19618 -8.16303 -5.21111 -1.97223 -3.86269 -0.00000 0.00000 -0.00000 -144.68941 50.40125 72.70504 18.38602 -5.50939 -33.11486 -0.00000 -4.09376 -0.00000 -20.53125 -5.05557 13.24091 -7.12502 -0.00000 0.00000 -45.32442 5.40118 39.68286 -0.00000 0.00000 -0.00000 34.99731 -8.03942 101.00607 -31.63218 -20.56974 65.28499 0.00000 -89.35340 0.00000 -4.71058 -0.49693 6.00846 7.12502 -0.00000 -0.00000 19.61572 7.78217 -24.19632
0.23554 0.93762 -0.88958 -7.14988 27.34711 10.69422 -0.00000 0.00000 -0.00000 -21.45535 -27.04408 12.08353 -6.12592 39.03978 17.16689 -20.28998 36.71919 38.47224 -1.16791 -18.70975 -7.08064 -0.00000 0.00000 -0.00000 42.30362 -38.84471 21.82796 2.73976 27.77176 -11.05029 -16.13486 -34.96137 -24.40479 2.84230 28.23070 -11.26869 6.46614 -11.03126 2.10192 8.72232 -19.25390 3.95627 5.56370 -15.91153 1.95245 1.00359 -2.01080 -5.14546 -17.57980 -4.82869 -7.66192 -5.30737 -1.79478 -3.61941 0.00000 0.00000 -0.00000 -145.38732 49.41802 74.36000 19.35717 -6.16292 -35.03653 -0.00000 -4.59875 -0.00000 -20.97799 -5.46728 13.95484 -7.12502 -0.00000 0.00000 -45.85460 5.01023 40.15483 0.00000 0.00000 -0.00000 36.32225 -6.28919 104.66181 -30.02401 -17.62766 60.07211 0.00000 -84.56340 0.00000 -3.93036 -0.45684 6.61954 7.12502 -0.00000 -0.00000 20.22985 8.28727 -23.63842
0.23526 0.93723 -0.88768 -6.53013 27.05323 9.70115 -0.00000 0.00000 -0.00000 -21.32547 -26.70089 13.67255 -6.05132 38.85127 17.04821 -21.03082 34.16471 40.26064 -0.69456 -14.57085 -5.42884 -0.00000 0.00000 -0.00000 42.29481 -38.26241 22.91890 2.91568 28.55242 -11.42302 -16.47687 -35.06739 -24.91791 2.66666 27.43763 -10.89254 6.70294 -11.09777 2.45376 8.73090 -18.53980 4.30683 5.35085 -14.89998 2.07302 0.19700 -2.83193 -4.93792 -17.47898 -4.90305 -7.32618 -5.17861 -1.61651 -3.47367 -0.00000 0.00000 -0.00000 -148.69863 51.01379 78.22763 20.58803 -7.06043 -37.52221 -0.00000 -6.96346 -0.00000 -19.61974 -5.07573 13.93851 -7.12502 -0.00000 0.00000 -44.56933 4.63469 40.31074 -0.00000 0.00000 -0.00000 37.90678 -3.82189 107.17834 -28.72019 -15.61213 56.33644 0.00000 -81.89480 0.00000 -4.61634 -0.65283 8.03182 7.12502 -0.00000 -0.00000 19.40837 8.48923 -22.26611
0.23414 0.93691 -0.88849 -6.79175 27.47077 10.05149 -0.00000 0.00000 -0.00000 -21.09190 -27.51048 13.61423 -6.22585 39.28936 17.32512 -22.69364 24.68654 46.58340 -0.05123 4.01175 1.46271 -0.00000 0.00000 -0.00000 42.72145 -38.58729 23.49237 2.90279 28.49633 -11.39604 -16.83905 -35.71111 -24.86418 2.69876 27.58507 -10.96202 7.49227 -11.83502 2.37395 8.40403 -18.64769 4.04377 4.58076 -14.51494 1.79969 -0.85619 -3.38942 -4.78243 -15.54110 -1.77136 -6.53232 -5.06521 -0.53048 -3.30379 -0.00000 0.00000 0.00000 -150.79430 50.99062 82.47853 22.82879 -8.91428 -42.22153 -0.00000 -8.35064 -0.00000 -20.51652 -6.10763 15.87154 -7.12502 -0.00000 0.00000 -45.70526 3.47403 41.61647 -0.00000 0.00000 0.00000 38.75824 0.54056 106.42505 -28.18859 -14.86248 54.90282 0.00000 -87.83760 0.00000 -9.77337 -1.53534 8.84143 7.12502 -0.00000 -0.00000 14.69122 6.62925 -21.23503
0.23290 0.93668 -0.88835 -6.41193 27.51785 9.47491 -0.00000 0.00000 -0.00000 -20.97894 -27.75129 14.35800 -6.28536 39.43644 17.41895 -22.57416 28.45248 44.57760 -0.03207 -3.17523 -1.15695 -0.00000 0.00000 -0.00000 42.74610 -38.41456 23.92778 2.93060 28.61717 -11.45420 -16.92874 -36.04938 -24.65753 2.91024 28.52875 -11.41163 7.83733 -12.17351 2.19773 7.91920 -18.37680 3.62735 3.89385 -13.86974 1.49781 -1.84915 -4.11409 -4.51881 -13.03023 0.62916 -5.76944 -4.06930 0.55095 -3.06040 0.00000 0.00000 -0.00000 -148.27010 50.24212 82.82684 25.26383 -11.30729 -47.66475 -0.00000 -7.95798 -0.00000 -21.64251 -7.40831 18.00204 -7.12502 -0.00000 0.00000 -47.11163 2.18452 42.97218 0.00000 0.00000 -0.00000 37.00295 5.55665 102.33120 -29.47375 -16.74358 58.45307 180.00000 -76.38300 180.00000 -21.54627 -3.89738 9.76735 7.12502 -0.00000 -0.00000 4.08334 1.95203 -19.49209
0.23152 0.93681 -0.88792 -6.37885 27.53951 9.28096 -0.00000 0.00000 -0.00000 -20.71509 -27.91015 14.56486 -6.36618 39.63434 17.54592 -22.64115 27.02062 45.33371 -0.00001 -0.04222 -0.01537 -0.00000 0.00000 -0.00000 43.09675 -37.88643 25.06764 2.96551 28.76783 -11.52692 -17.50467 -36.69454 -24.97941 3.12547 29.44325 -11.85577 8.21498 -13.10383 1.68437 7.20899 -19.47568 2.83233 3.02535 -14.71588 0.96952 -2.77346 1.94275 -4.31740 -8.79143 3.10724 -5.66088 -2.32087 0.44958 -2.91527 0.00000 0.00000 0.00000 -143.63222 46.29182 82.05723 27.31080 -13.70165 -52.62639 -0.00000 -8.90392 -0.00000 -23.63626 -9.23105 20.13018 -7.12502 -0.00000 0.00000 -49.40782 1.07117 44.08228 0.00000 0.00000 0.00000 35.14432 15.39132 93.10367 -31.61746 -20.53981 65.23309 180.00000 -66.04700 180.00000 -21.65553 -4.16893 10.37560 7.12502 -0.00000 -0.00000 3.92639 1.93306 -18.82767
0.22937 0.93690 -0.88703 -6.27893 27.41334 8.80344 -0.00000 0.00000 -0.00000 -20.46353 -27.80150 14.79019 -6.32534 39.53460 17.48183 -23.25491 26.37632 46.46016 -0.02101 2.57086 0.93639 -0.00000 0.00000 -0.00000 43.48953 -36.87170 26.31189 2.94375 28.67409 -11.48164 -18.11642 -37.41911 -25.26333 3.36180 30.39930 -12.32954 7.95707 -14.38680 1.23481 6.40152 -18.22298 1.79095 2.40736 -12.24710 0.46764 -2.46220 -4.03111 -3.84112 -4.93540 9.24715 -4.54071 -1.52433 3.64181 -2.54845 -0.00000 0.00000 0.00000 -132.23804 44.93352 73.50655 29.23170 -16.37073 -57.76141 -0.00000 -9.92797 -0.00000 -27.11361 -12.58626 23.05376 -7.12502 -0.00000 0.00000 -53.42798 -0.25491 45.18912 -0.00000 0.00000 0.00000 31.56281 23.21506 85.58942 -33.43691 -24.89765 72.62907 180.00000 -70.20300 180.00000 -15.11078 -2.54331 9.33239 7.12502 -0.00000 -0.00000 9.86361 4.56098 -20.42327
0.22778 0.93692 -0.88755 -5.43693 27.52281 8.01940 -0.00000 0.00000 -0.00000 -21.45934 -27.41172 14.20750 -6.14967 39.09939 17.20457 -22.71220 19.21249 49.85136 -0.75195 15.14270 5.65267 -0.00000 0.00000 -0.00000 43.16752 -37.18223 26.47701 3.06409 29.18689 -11.73040 -17.58859 -36.98687 -24.81581 3.01020 28.95894 -11.61949 6.90285 -14.69581 1.14070 4.94313 -18.62767 1.60769 1.38875 -12.50065 0.36842 -2.44561 -3.27809 -4.20098 0.53586 13.90494 -5.59076 0.06970 4.76329 -2.84172 -0.00000 0.00000 0.00000 -122.06457 40.84363 67.17110 30.32364 -18.13225 -60.98402 -0.00000 -13.14380 -0.00000 -29.92863 -15.58429 25.01690 -7.12502 -0.00000 0.00000 -56.73655 -0.84153 45.55198 -0.00000 0.00000 0.00000 32.87262 35.84162 72.94696 -34.43354 -28.34047 78.34676 180.00000 -77.71200 180.00000 -0.95103 -0.12295 7.36555 7.12502 -0.00000 -0.00000 22.77464 9.75057 -23.03137
0.22576 0.93612 -0.88802 -5.27404 27.39254 7.56385 -0.00000 0.00000 -0.00000 -21.48586 -27.56915 13.94160 -6.25976 39.37332 17.37862 -24.03984 25.70675 47.81674 -0.04061 3.57238 1.30204 -0.00000 0.00000 -0.00000 43.28757 -36.95023 26.35973 3.02769 29.03321 -11.65557 -17.24396 -36.83647 -24.37760 3.22124 29.83644 -12.04942 5.40955 -14.82106 0.54331 4.88233 -17.68224 0.78468 2.24143 -11.20725 0.16928 -3.69614 -8.52522 -4.52394 4.90623 19.30563 -6.63829 1.20893 7.54844 -3.00337 0.00000 0.00000 -0.00000 -112.67958 35.37886 56.42109 30.41059 -18.28198 -61.25304 -0.00000 -16.76750 -0.00000 -31.03478 -17.84818 26.99402 -7.12502 -0.00000 0.00000 -58.42253 -1.96306 46.20620 0.00000 0.00000 -0.00000 37.09826 47.79631 59.01798 -34.93443 -30.94520 82.67507 180.00000 -83.62920 180.00000 14.84892 0.85212 3.21057 7.12502 -0.00000 -0.00000 37.41591 14.47218 -26.90879
0.22461 0.93566 -0.88704 -5.42391 27.16368 7.30324 -0.00000 0.00000 -0.00000 -20.93332 -27.46922 14.38774 -6.29663 39.46415 17.43668 -23.78941 20.26142 50.56481 -0.54309 12.92554 4.79156 -0.00000 0.00000 -0.00000 43.16611 -37.63273 23.76909 2.95205 28.70991 -11.49893 -15.31171 -35.29361 -22.52337 2.80451 28.06285 -11.18858 4.08137 -13.98127 0.77676 4.60806 -17.97544 1.27467 2.63678 -12.03457 0.54672 -4.46185 -6.85520 -5.52964 9.51060 19.56738 -8.91342 2.51876 7.63378 -3.76730 0.00000 0.00000 -0.00000 -107.50384 29.82205 52.42834 30.05290 -17.67556 -60.15905 -0.00000 -17.31410 -0.00000 -32.46267 -18.03838 25.95492 -7.12502 -0.00000 0.00000 -59.56635 -0.40792 45.23964 0.00000 0.00000 -0.00000 59.78346 55.86689 27.15338 -35.13028 -32.53132 85.33483 0.00000 -89.36920 0.00000 22.16915 1.06656 2.61558 7.12502 -0.00000 -0.00000 43.76203 17.85495 -27.24740
0.22511 0.93396 -0.88529 -5.88306 26.87530 6.53945 -0.00000 0.00000 -0.00000 -19.85169 -27.21130 15.34121 -6.35861 39.61589 17.53404 -21.75655 35.15517 40.91150 -0.80827 -15.68114 -5.86461 -0.00000 0.00000 -0.00000 43.25738 -38.59937 20.05000 2.88437 28.41581 -11.35736 -12.15402 -32.16134 -19.56744 1.95125 23.80299 -9.23898 3.28036 -13.11467 1.33392 5.17177 -17.29486 2.13899 3.60915 -11.73623 1.11756 -4.77468 -8.27167 -6.69281 11.36684 18.34965 -10.69893 2.87504 7.69637 -4.46673 -0.00000 0.00000 -0.00000 -103.62405 24.04597 49.09632 28.96070 -15.96404 -57.00054 -0.00000 -22.43830 -0.00000 -31.60421 -18.27514 27.00493 -7.12502 -0.00000 0.00000 -59.01392 -1.69633 46.01844 -0.00000 0.00000 -0.00000 83.60516 50.74112 -6.39851 -35.06112 -31.88899 84.25452 180.00000 -89.75260 180.00000 25.55035 0.97521 2.03900 7.12502 -0.00000 -0.00000 46.67631 19.43330 -27.57871
0.22454 0.93273 -0.89208 -7.71965 31.86846 4.56378 -0.00000 0.00000 -0.00000 -18.43791 -34.59036 14.75506 -7.07864 41.29334 18.64361 -20.12251 36.17381 38.40149 -1.30690 -19.73542 -7.50277 -0.00000 0.00000 -0.00000 48.88820 -44.28528 21.37269 2.73947 27.77047 -11.04968 -7.83229 -26.70485 -15.08549 1.32504 19.86454 -7.55632 3.65656 -13.91450 2.51596 6.73757 -18.99167 3.95272 4.99275 -13.71301 2.12612 -4.45569 -9.29435 -7.18865 11.31875 17.43143 -11.30053 2.69772 7.59547 -4.73096 0.00000 0.00000 -0.00000 -101.26495 17.82236 50.19674 27.10937 -13.44766 -52.11820 -0.00000 -30.08220 -0.00000 -32.88705 -18.18428 25.76347 -7.12502 -0.00000 0.00000 -59.93300 -0.01930 45.01117 0.00000 0.00000 -0.00000 94.19868 38.32656 -28.06019 -34.66998 -29.43099 80.15527 180.00000 -87.13040 180.00000 22.59216 1.87542 4.49709 7.12502 -0.00000 -0.00000 43.65226 19.54010 -25.68017
0.22671 0.93351 -0.88890 -7.31645 29.00341 7.33346 -0.00000 0.00000 -0.00000 -19.36335 -30.50780 14.10137 -6.91743 40.93078 18.39845 -20.69695 19.40522 47.01767 -0.88139 16.35009 6.12960 -0.00000 0.00000 -0.00000 45.05649 -42.30445 18.92140 2.83576 28.20176 -11.25486 -10.10651 -29.49164 -17.83522 1.49129 21.00270 -8.03250 2.59332 -11.91539 1.03972 6.56467 -17.41118 1.99454 5.59155 -12.69119 1.26924 -1.91213 -8.49547 -6.74087 9.17431 13.34019 -10.24200 1.95486 5.88673 -4.42915 0.00000 0.00000 -0.00000 -99.44364 14.22569 51.57549 24.08170 -10.09095 -44.97063 -0.00000 -38.63230 -0.00000 -35.74886 -18.78802 24.10370 -7.12502 -0.00000 0.00000 -62.17880 3.16451 43.33137 0.00000 0.00000 -0.00000 92.48796 24.35336 -37.43044 -33.71722 -25.74406 74.03957 0.00000 -87.77690 0.00000 25.52184 1.01066 2.11575 7.12502 -0.00000 -0.00000 46.63363 19.47794 -27.51809
0.22811 0.93390 -0.89003 -7.04900 29.57029 6.83083 -0.00000 0.00000 -0.00000 -19.71301 -31.48218 15.18652 -6.96806 41.04542 18.47564 -21.07311 23.01325 45.30915 -0.06996 4.68606 1.70965 -0.00000 0.00000 -0.00000 45.56072 -41.99407 21.22542 2.82277 28.14415 -11.22735 -11.12844 -29.80329 -19.88432 1.65644 22.06126 -8.48245 2.84215 -10.02660 0.36535 6.71665 -17.69471 1.20907 5.76493 -14.11971 0.87626 0.04505 -8.25117 -5.80812 8.76438 11.32778 -8.97518 1.74939 5.08745 -3.83647 0.00000 0.00000 -0.00000 -96.04609 10.19618 55.16927 20.65730 -7.11335 -37.66392 -0.00000 -34.47180 -0.00000 -36.24342 -18.48968 23.39428 -7.12502 -0.00000 0.00000 -62.40434 4.10121 42.85916 0.00000 0.00000 -0.00000 89.04840 17.39145 -46.58531 -32.07405 -21.49987 66.88879 0.00000 -81.50700 0.00000 28.24620 2.18292 4.05549 7.12502 -0.00000 -0.00000 48.25289 22.98149 -25.78962
0.22986 0.93415 -0.89243 -6.06459 29.64989 5.76151 -0.00000 0.00000 -0.00000 -20.71816 -31.36942 16.22786 -6.70347 40.43829 18.07024 -19.14832 25.45089 41.25422 -0.04053 -3.56925 -1.30089 -0.00000 0.00000 -0.00000 45.17425 -41.47022 22.66436 2.85392 28.28203 -11.29324 -11.52420 -29.68387 -20.94629 1.63285 21.91403 -8.41944 2.14863 -8.32925 -0.32380 7.30964 -16.65415 0.32556 6.98540 -13.76065 0.56814 0.72100 -11.80192 -4.85377 8.50767 10.72533 -7.79059 1.59988 5.42935 -3.17494 0.00000 0.00000 -0.00000 -90.75370 6.94689 56.24962 17.25194 -4.80324 -30.90933 -0.00000 -14.61230 -0.00000 -36.26610 -17.09617 21.83583 -7.12502 -0.00000 0.00000 -61.91761 5.38609 42.13285 0.00000 0.00000 -0.00000 81.63237 15.21495 -50.93817 -30.08448 -17.72811 60.25432 0.00000 -78.98840 0.00000 29.49747 1.16787 2.06338 7.12502 -0.00000 -0.00000 49.78800 22.14414 -27.32434
0.23197 0.93676 -0.89933 -5.96429 30.14476 6.24979 -0.00000 0.00000 -0.00000 -21.64472 -32.39641 15.66357 -6.72441 40.48707 18.10250 -18.75615 31.03869 38.20870 -0.93328 -16.80642 -6.31149 -0.00000 0.00000 -0.00000 45.29057 -41.92472 24.70459 2.88464 28.41701 -11.35794 -12.69043 -30.92483 -22.10457 2.08406 24.53482 -9.56335 2.32250 -5.85910 -1.19901 7.85771 -16.63230 -0.67769 7.87613 -15.18544 0.16012 2.69438 -10.14784 -3.98313 5.90310 6.05893 -6.19474 0.93028 3.88475 -2.70630 0.00000 0.00000 -0.00000 -83.52522 5.05952 58.62403 13.74615 -2.97353 -24.30356 -0.00000 7.06594 0.00000 -36.64458 -14.10914 18.14413 -7.12502 -0.00000 0.00000 -61.11195 8.81269 40.16817 0.00000 0.00000 -0.00000 74.01100 15.94925 -54.56073 -27.24931 -13.62366 52.47074 0.00000 -73.46870 0.00000 32.44194 1.05802 1.66391 7.12502 -0.00000 -0.00000 52.12066 24.06911 -27.39798
0.23466 0.93767 -0.90470 -5.56886 30.26669 6.76985 -0.00000 0.00000 -0.00000 -22.76385 -32.84603 15.09587 -6.85570 40.79004 18.30409 -19.73182 31.31246 39.48829 -0.81629 -15.75610 -5.89421 -0.00000 0.00000 -0.00000 44.69750 -42.23980 25.77654 2.91375 28.54404 -11.41898 -13.62384 -30.97632 -24.08564 1.87512 23.36954 -9.04872 2.29484 -3.12200 -1.90273 8.40928 -16.66332 -1.41196 9.02087 -16.93020 -0.03229 3.25364 -10.27669 -3.05413 4.42124 4.58560 -4.82423 0.49187 3.31798 -2.13237 -0.00000 0.00000 0.00000 -73.86626 4.65693 60.34787 10.72870 -1.78219 -18.81034 -0.00000 22.32160 0.00000 -34.62880 -13.19921 18.29586 -7.12502 -0.00000 0.00000 -59.38960 7.28018 40.71234 -0.00000 0.00000 0.00000 65.71092 18.09253 -56.19731 -23.28320 -9.32851 43.20718 0.00000 -66.31450 0.00000 33.16429 0.84823 1.29773 7.12502 -0.00000 -0.00000 52.76213 24.32141 -27.61758
0.23772 0.93807 -0.90807 -5.54820 29.14000 8.18708 -0.00000 0.00000 -0.00000 -23.24486 -31.61324 14.74018 -6.85937 40.79842 18.30970 -20.15493 30.74728 40.29981 -0.60202 -13.59186 -5.04850 -0.00000 0.00000 -0.00000 43.30105 -42.13125 24.83895 3.08501 29.27465 -11.77324 -14.70151 -31.83692 -25.29137 1.87160 23.34922 -9.03984 2.64208 -0.59067 -2.56328 9.01302 -15.82902 -2.10791 9.90762 -17.41617 -0.30445 3.30131 -11.74104 -2.24448 2.77602 3.80844 -3.66932 0.02836 3.29187 -1.63721 -0.00000 0.00000 0.00000 -63.82527 6.37734 59.85442 9.22683 -1.30973 -16.12435 -0.00000 32.31050 0.00000 -34.53580 -14.38809 19.85310 -7.12502 -0.00000 0.00000 -59.74712 5.87345 41.58436 -0.00000 0.00000 0.00000 55.30586 18.83360 -54.55375 -18.84658 -5.81353 34.02215 0.00000 -54.84700 0.00000 32.94163 0.63122 0.97404 7.12502 -0.00000 -0.00000 52.70138 23.82442 -27.89683
0.24086 0.93763 -0.91668 -5.24195 29.19769 8.08250 -0.00000 0.00000 -0.00000 -23.86390 -33.04033 14.45436 -7.43202 42.06382 19.17503 -20.13028 33.70275 39.18596 -1.15454 -18.60745 -7.03884 -0.00000 0.00000 -0.00000 43.15802 -42.79879 25.44421 3.13546 29.48463 -11.87608 -14.66388 -31.40108 -25.77385 1.88091 23.40286 -9.06330 2.75521 2.29431 -2.58633 9.95128 -15.40376 -1.79908 11.29737 -18.89079 0.05642 2.89940 -13.18682 -1.65085 0.90758 2.88020 -2.72523 -0.44112 3.23205 -1.26928 0.00000 0.00000 -0.00000 -55.27640 9.60366 57.74770 8.10833 -1.00731 -14.14032 -0.00000 41.02060 0.00000 -32.62292 -12.74276 19.01387 -7.12502 -0.00000 0.00000 -57.76821 5.47227 41.55907 0.00000 0.00000 -0.00000 42.92657 18.52533 -50.52861 -14.50549 -3.32720 25.71098 0.00000 -38.20150 0.00000 33.51777 1.28740 1.94283 7.12502 -0.00000 -0.00000 52.80934 25.24987 -27.06468
0.24475 0.93693 -0.92585 -5.95592 29.06229 8.43759 -0.00000 0.00000 -0.00000 -23.62129 -34.40217 14.09928 -8.09298 43.42242 20.14880 -21.08064 31.22270 41.39190 -0.74734 -15.09762 -5.63498 -0.00000 0.00000 -0.00000 43.82104 -43.51974 25.60956 3.16602 29.61069 -11.93804 -14.49378 -30.77266 -26.24697 1.71978 22.45042 -8.64967 3.64960 4.60603 -2.67212 11.37462 -14.95387 -1.37698 12.03958 -19.45657 0.21549 2.69494 -13.75420 -0.86326 -0.66998 1.45326 -1.55829 -0.81008 2.85418 -0.78012 -0.00000 0.00000 0.00000 -48.87430 14.40061 53.86347 8.09145 -1.00307 -14.11048 -0.00000 43.10810 0.00000 -32.08416 -12.75681 19.40344 -7.12502 -0.00000 0.00000 -57.37156 4.85176 41.90051 -0.00000 0.00000 0.00000 28.82555 15.18041 -43.79906 -11.26659 -1.97040 19.77931 0.00000 -19.06260 0.00000 34.72259 1.01644 1.46629 7.12502 -0.00000 -0.00000 53.81527 25.85319 -27.30866
0.24917 0.93694 -0.93324 -6.37078 28.84403 8.81156 -0.00000 0.00000 -0.00000 -23.75549 -35.02723 13.87613 -8.49989 44.21013 20.73651 -20.63573 28.20882 42.04492 -0.50610 -12.48734 -4.62339 -0.00000 0.00000 -0.00000 43.96877 -43.89895 25.98956 3.23449 29.89020 -12.07602 -14.84949 -31.26015 -26.35423 1.73968 22.57090 -8.70165 4.73108 6.42449 -2.76599 12.18199 -14.14300 -1.07627 12.34340 -19.76986 0.29535 3.05604 -15.09070 -0.04375 -2.37055 0.48228 -0.49144 -1.34627 2.79741 -0.33150 0.00000 0.00000 -0.00000 -42.17169 19.27776 48.11532 7.99971 -0.98015 -13.94830 -0.00000 44.72200 0.00000 -31.61120 -12.83283 19.84309 -7.12502 -0.00000 0.00000 -57.04277 4.23630 42.25801 0.00000 0.00000 -0.00000 18.01595 11.86923 -38.02289 -9.63897 -1.43171 16.85876 0.00000 -5.88129 0.00000 34.32758 0.38730 0.56715 7.12502 -0.00000 -0.00000 53.83263 24.60985 -28.06861
0.25306 0.93561 -0.94211 -6.66537 29.24436 8.97650 -0.00000 0.00000 -0.00000 -24.24797 -36.47989 13.57457 -9.05223 45.22576 21.52147 -18.36519 23.10522 41.36509 -0.17147 -7.32054 -2.68003 -0.00000 0.00000 -0.00000 44.57929 -45.22963 26.37355 3.32259 30.24395 -12.25188 -14.18101 -30.98916 -25.27915 1.46440 20.82385 -7.95716 5.50422 8.39951 -2.90018 12.89449 -14.20352 -0.71973 12.99519 -21.38395 0.56548 2.96467 -14.51332 0.68002 -3.68413 0.06239 0.55395 -1.67423 2.58985 0.13698 0.00000 0.00000 0.00000 -35.25774 24.18197 41.51677 7.91966 -0.96037 -13.80685 -0.00000 45.78200 0.00000 -31.09619 -13.17888 20.70677 -7.12502 -0.00000 0.00000 -56.77507 3.25508 42.87004 0.00000 0.00000 0.00000 10.64027 12.64575 -32.42035 -9.26925 -1.32202 16.19985 0.00000 1.55149 -0.00000 34.32991 -0.27858 -0.40792 7.12502 -0.00000 -0.00000 54.14464 23.65592 -28.82914
0.25644 0.93406 -0.94997 -6.16347 29.72285 8.52789 -0.00000 0.00000 -0.00000 -25.41222 -37.43765 13.40211 -9.28122 45.62997 21.84292 -17.43371 17.88559 43.30737 -0.00560 1.32801 0.48345 -0.00000 0.00000 -0.00000 44.62989 -46.13737 27.45376 3.40650 30.57489 -12.41765 -13.94333 -30.86995 -24.91867 1.56626 21.49145 -8.23937 5.42830 9.04101 -2.83665 13.18442 -13.58831 -0.58685 13.31165 -21.03800 0.64165 3.73733 -14.21106 1.22871 -5.47673 -1.30195 1.18883 -2.35420 2.13290 0.39512 0.00000 0.00000 -0.00000 -28.50439 29.05136 33.31656 8.00835 -0.98229 -13.96356 -0.00000 45.15870 0.00000 -30.00281 -13.28403 21.69973 -7.12502 -0.00000 0.00000 -55.97053 1.93132 43.69633 0.00000 0.00000 -0.00000 4.85443 11.84968 -25.87215 -8.97422 -1.23779 15.67513 0.00000 5.88936 -0.00000 32.99020 0.67353 1.03740 7.12502 -0.00000 -0.00000 52.71712 23.92538 -27.84181
0.26103 0.93391 -0.95739 -6.76692 29.76511 8.52790 -0.00000 0.00000 -0.00000 -25.19130 -38.35276 13.69162 -9.55362 46.09869 22.22246 -17.64436 22.05476 40.88774 -0.23761 -8.60525 -3.15742 -0.00000 0.00000 -0.00000 45.24353 -47.27394 27.00783 3.44115 30.70987 -12.48562 -12.93397 -29.50879 -24.45702 1.32382 19.85588 -7.55272 6.61844 10.69776 -2.86075 13.82192 -13.29580 -0.03382 13.35516 -21.98791 0.84944 3.40354 -13.90846 1.73559 -6.25091 -1.82911 1.92526 -2.50258 1.94625 0.74466 -0.00000 0.00000 -0.00000 -21.12531 32.04384 24.01155 8.31774 -1.06078 -14.51083 -0.00000 45.81390 0.00000 -29.55326 -13.47065 22.33487 -7.12502 -0.00000 0.00000 -55.68609 1.21656 44.16981 -0.00000 0.00000 -0.00000 -0.11359 12.05343 -18.85124 -8.97503 -1.23802 15.67658 0.00000 6.36672 -0.00000 31.42902 -0.07709 -0.12615 7.12502 -0.00000 -0.00000 51.89689 21.59568 -28.90060
0.26475 0.93256 -0.96563 -6.55060 29.64767 8.04010 -0.00000 0.00000 -0.00000 -25.55971 -39.15526 13.93825 -10.03003 46.88852 22.87929 -15.98800 17.10921 41.59035 -0.00046 0.38222 0.13912 -0.00000 0.00000 -0.00000 45.28737 -48.02446 26.78103 3.49528 30.91892 -12.59129 -12.13572 -28.28053 -24.24909 1.14836 18.55998 -7.01947 6.91203 11.76205 -2.73620 14.09276 -12.34265 0.28706 13.28545 -21.49957 0.92259 3.26452 -14.86870 2.05000 -6.92563 -2.42566 2.33263 -2.67803 1.95079 0.91413 0.00000 0.00000 -0.00000 -13.39084 36.26562 13.33663 8.78198 -1.18448 -15.33373 -0.00000 40.76690 0.00000 -31.68522 -15.08852 22.86627 -7.12502 -0.00000 0.00000 -57.90608 1.72701 43.91720 0.00000 0.00000 -0.00000 -4.04229 10.56029 -11.26694 -9.11666 -1.27809 15.92835 0.00000 6.72269 -0.00000 31.46419 -2.00902 -3.27877 7.12502 -0.00000 -0.00000 52.79813 18.73685 -31.29656
0.26834 0.93211 -0.97271 -6.64267 29.55420 7.83458 -0.00000 0.00000 -0.00000 -25.64023 -39.78227 13.86544 -10.38970 47.46105 23.36968 -15.30220 14.83878 42.26043 -0.09536 5.46808 1.99669 -0.00000 0.00000 -0.00000 45.62030 -48.37075 27.40804 3.56504 31.18499 -12.72653 -12.01224 -28.05157 -24.26922 1.25508 19.36074 -7.34791 7.34556 13.09758 -2.60914 14.39581 -11.91529 0.79479 13.28200 -21.96713 1.14482 2.69998 -14.73163 2.23913 -7.28504 -3.00432 2.65604 -2.67742 1.74478 1.07701 -0.00000 0.00000 0.00000 -4.21033 37.11288 0.84558 9.27126 -1.32261 -16.20344 -0.00000 35.89670 0.00000 -29.97336 -15.82354 25.30457 -7.12502 -0.00000 0.00000 -56.85812 -1.05842 45.69101 -0.00000 0.00000 0.00000 -6.93712 5.93393 -3.42233 -9.13517 -1.28338 15.96127 0.00000 11.27160 -0.00000 31.14322 -2.61748 -4.32194 7.12502 -0.00000 -0.00000 52.81746 17.57484 -32.09903
0.27007 0.93076 -0.97854 -6.41294 29.34673 7.50875 -0.00000 0.00000 -0.00000 -25.41858 -40.43449 14.42436 -10.85657 48.17574 23.99969 -16.83276 20.19693 40.78456 -0.14792 -6.80257 -2.48841 -0.00000 0.00000 -0.00000 45.80683 -48.33656 28.12202 3.62811 31.42242 -12.84792 -12.17968 -27.81802 -25.03304 1.00971 17.45333 -6.57095 7.31498 14.24483 -2.45691 14.45383 -11.42500 1.13993 13.26544 -22.15653 1.31509 2.45710 -15.10403 2.32460 -7.59790 -2.85080 2.82399 -2.72818 1.87368 1.14307 -0.00000 0.00000 -0.00000 4.60903 35.69437 -11.79863 9.83189 -1.49079 -17.20319 -0.00000 32.18930 0.00000 -24.33588 -12.86310 26.20787 -7.12502 -0.00000 0.00000 -51.21581 -3.51352 47.81930 -0.00000 0.00000 -0.00000 -6.76045 -5.39639 5.63007 -7.85087 -0.94355 13.68536 0.00000 23.42920 -0.00000 29.56918 -0.96176 -1.69454 7.12502 -0.00000 -0.00000 50.87072 18.86422 -30.26303
0.27395 0.93033 -0.98486 -6.38501 29.91983 7.17235 -0.00000 0.00000 -0.00000 -25.91707 -41.79588 14.02327 -11.32191 48.85810 24.62084 -16.89032 19.62578 41.25113 -0.11891 -6.10303 -2.23032 -0.00000 0.00000 -0.00000 46.30138 -50.29382 27.76245 3.70550 31.70983 -12.99576 -10.95539 -26.24019 -24.20466 0.74703 15.09463 -5.63381 7.76873 14.19410 -2.45398 14.42812 -11.11440 1.18063 12.81488 -21.67696 1.20291 2.94779 -14.61290 2.69656 -8.52434 -3.10887 3.25341 -3.11194 1.76289 1.34226 0.00000 0.00000 -0.00000 11.74676 32.93434 -23.15314 10.29202 -1.63683 -18.02653 -0.00000 30.67080 0.00000 -27.04615 -14.68485 26.40610 -7.12502 -0.00000 0.00000 -54.10787 -2.98485 47.15805 0.00000 0.00000 -0.00000 2.69428 -26.33460 19.08410 -6.58517 -0.66131 11.45695 0.00000 45.37050 -0.00000 28.83996 -0.18484 -0.33567 7.12502 -0.00000 -0.00000 49.93214 19.56701 -29.26754
0.27513 0.92962 -0.98961 -6.05182 29.79184 6.58223 -0.00000 0.00000 -0.00000 -25.97181 -42.22932 14.16583 -11.54224 49.17133 24.91272 -17.06662 19.01278 41.94272 -0.05185 -4.03569 -1.47147 -0.00000 0.00000 -0.00000 46.48689 -50.29384 28.38635 3.69835 31.68346 -12.98215 -10.74818 -25.33937 -25.08074 0.56276 13.15204 -4.87873 7.35832 14.54742 -2.30460 14.47620 -10.28424 1.21417 12.96619 -20.80400 1.21782 3.40094 -15.51287 2.95301 -9.42726 -3.18571 3.52572 -3.49044 1.95544 1.42669 -0.00000 0.00000 0.00000 12.95238 23.72682 -33.03607 10.41695 -1.67774 -18.25051 -0.00000 32.63300 0.00000 -28.32692 -15.80134 26.80074 -7.12502 -0.00000 0.00000 -55.54673 -2.89554 46.98494 -0.00000 0.00000 0.00000 27.89996 -44.92289 42.19148 -5.90972 -0.53168 10.27275 0.00000 67.46180 -0.00000 26.19933 0.37304 0.75810 7.12502 -0.00000 -0.00000 47.52593 18.78834 -28.57146
0.27715 0.92725 -0.99819 -5.19888 32.02400 3.03646 -0.00000 0.00000 -0.00000 -26.08156 -46.33410 14.80619 -12.23975 50.12374 25.82795 -18.22503 22.03318 41.78046 -0.28109 -9.35088 -3.43604 -0.00000 0.00000 -0.00000 49.92444 -52.72484 29.83517 3.53654 31.07672 -12.67140 -7.26284 -20.56624 -21.90403 0.28326 9.38639 -3.44934 5.86397 13.04435 -1.10616 14.20493 -10.01663 2.17355 12.82386 -19.59914 1.70943 3.37147 -14.30644 3.11944 -8.53101 -4.25904 3.68085 -3.17533 1.36051 1.57898 -0.00000 0.00000 0.00000 7.23929 12.08939 -42.57801 10.29312 -1.63719 -18.02849 -0.00000 35.93900 0.00000 -27.58527 -15.60943 27.24946 -7.12502 -0.00000 0.00000 -54.87776 -3.50001 47.45884 -0.00000 0.00000 0.00000 67.99088 -48.50507 74.36527 -5.78038 -0.50850 10.04634 0.00000 85.62480 -0.00000 24.54770 0.61403 1.34413 7.12502 -0.00000 -0.00000 46.03146 18.25639 -28.18577
0.27760 0.92619 -1.00091 -5.01120 32.21219 1.87285 -0.00000 0.00000 -0.00000 -25.87387 -47.10412 14.74339 -12.60314 50.59772 26.29984 -17.99305 17.96748 44.10211 -0.00313 -0.99217 -0.36116 -0.00000 0.00000 -0.00000 50.79323 -53.17244 29.39318 3.50656 30.96220 -12.61324 -6.31951 -19.57090 -19.91148 0.25881 8.97681 -3.29611 5.42270 12.79862 -0.75633 13.92770 -9.64341 2.41036 12.52870 -18.96928 1.79206 3.69782 -14.59477 3.11944 -8.18188 -3.23088 3.68710 -3.10278 1.75245 1.56776 -0.00000 0.00000 0.00000 1.54815 6.22729 -54.66084 9.93680 -1.52345 -17.39070 -0.00000 30.34590 0.00000 -23.82970 -14.35918 29.31432 -7.12502 -0.00000 0.00000 -51.28493 -6.04908 49.82837 -0.00000 0.00000 0.00000 100.91320 -39.84285 94.60299 -5.55051 -0.46861 9.64421 180.00000 78.65200 -180.00000 19.71545 1.83976 5.11935 7.12502 -0.00000 -0.00000 41.13156 18.29609 -25.22841
0.27561 0.92547 -1.00030 -4.09278 31.98950 0.47945 -0.00000 0.00000 -0.00000 -25.84740 -47.18075 15.24404 -12.68854 50.70701 26.41028 -19.08689 21.78984 43.20475 -0.19860 -7.87368 -2.88518 -0.00000 0.00000 -0.00000 50.76518 -52.71366 29.73364 3.55873 31.16106 -12.71434 -6.17189 -19.23457 -19.91853 0.16586 7.20064 -2.63563 3.83147 12.77101 -0.39588 13.64268 -9.60021 2.51193 13.12490 -18.95831 2.03321 2.88948 -14.88214 3.28908 -7.11078 -0.87683 4.15257 -2.53152 2.56262 1.80007 -0.00000 0.00000 0.00000 -43.15885 -5.54319 -70.88141 7.55875 -0.87381 -13.16986 -0.00000 59.76960 0.00000 -21.35038 -10.77356 25.55726 -7.12502 -0.00000 0.00000 -47.95855 -3.55339 48.19876 -0.00000 0.00000 0.00000 127.35491 -28.69105 101.94032 -5.36137 -0.43703 9.31358 180.00000 65.00600 -180.00000 14.67952 2.05406 7.79099 7.12502 -0.00000 -0.00000 36.29195 17.28649 -22.96981
0.27498 0.92573 -0.99882 -4.40163 31.52288 -0.23637 -0.00000 0.00000 -0.00000 -24.96904 -46.92383 15.42613 -12.82911 50.88521 26.59168 -18.02470 17.81081 44.26285 -0.00261 -0.90681 -0.33008 -0.00000 0.00000 -0.00000 50.88763 -53.28629 26.88996 3.58715 31.26858 -12.76919 -5.09662 -18.00058 -17.34137 0.03372 3.25572 -1.18635 3.42857 12.27254 -0.18232 13.47566 -8.94712 2.52962 12.99327 -17.80004 1.98973 3.09462 -14.67691 3.19689 -6.58416 -0.49050 3.99675 -2.39977 2.63759 1.74230 -0.00000 0.00000 -0.00000 -56.65166 1.89377 -79.33492 6.94721 -0.73678 -12.09305 -0.00000 54.54760 0.00000 -19.32185 -9.37668 24.92293 -7.12502 -0.00000 0.00000 -45.73965 -3.35914 48.26809 -0.00000 0.00000 -0.00000 154.57900 -18.94544 103.31841 -5.12567 -0.39925 8.90186 180.00000 50.86800 -180.00000 10.58762 1.97452 10.44403 7.12502 -0.00000 -0.00000 32.22622 16.64385 -20.56445
0.27383 0.92462 -0.99394 -3.83859 30.46400 -1.82441 -0.00000 0.00000 -0.00000 -24.49660 -45.70693 16.24243 -12.86236 50.92705 26.63451 -18.60825 19.08337 44.24125 -0.03212 -3.17769 -1.15785 -0.00000 0.00000 -0.00000 50.11211 -51.67968 25.84052 3.65049 31.50597 -12.89079 -5.10209 -18.13414 -17.12472 0.04139 3.60674 -1.31460 2.32396 12.47316 0.15058 13.05160 -8.67842 2.68084 13.06228 -17.63015 2.14054 2.84663 -12.96228 3.10590 -5.78537 -0.29694 3.92370 -2.10675 2.35180 1.76248 0.00000 0.00000 -0.00000 -74.75354 12.46809 -79.63150 6.92643 -0.73233 -12.05651 -0.00000 56.41080 0.00000 -13.01249 -6.17584 24.96280 -7.12502 -0.00000 0.00000 -39.10862 -3.86321 49.73779 0.00000 0.00000 -0.00000 185.60726 -15.90886 102.88856 -4.61331 -0.32309 8.00791 180.00000 37.27500 -180.00000 1.97717 0.50151 14.22725 7.12502 -0.00000 -0.00000 24.03390 13.87193 -16.73590
0.27280 0.92432 -0.98820 -3.85068 30.41777 -1.33867 -0.00000 0.00000 -0.00000 -25.80855 -45.31756 14.22191 -13.23910 51.39326 27.11819 -20.07773 16.95350 47.87183 -0.00875 1.65915 0.60406 -0.00000 0.00000 -0.00000 49.53743 -53.02394 24.24620 4.07333 33.02017 -13.68285 -5.17950 -19.54262 -15.19117 0.08265 5.09196 -1.85854 2.08853 11.19374 -0.18464 12.42400 -8.56175 1.89820 13.30610 -16.72983 1.81942 2.54430 -13.48868 2.98182 -5.03905 1.62647 3.84089 -1.78640 3.07051 1.72115 -0.00000 0.00000 0.00000 -74.10391 23.51642 -79.86165 7.18910 -0.78954 -12.51860 -0.00000 48.30510 0.00000 -9.11358 -4.55797 26.35294 -7.12502 -0.00000 0.00000 -35.02085 -4.72875 51.70962 -0.00000 0.00000 0.00000 216.83084 -15.40161 104.08378 -5.81927 -0.51541 10.11440 180.00000 27.54100 -180.00000 -6.42339 -2.40941 20.47648 7.12502 -0.00000 -0.00000 15.47337 11.17551 -10.00266
0.26839 0.91866 -0.98704 -3.48147 29.72287 -2.09707 -0.00000 0.00000 -0.00000 -26.29273 -46.39067 13.41188 -15.39488 53.80780 29.83106 -10.38789 3.21138 46.45375 -1.62892 21.88940 8.40891 -0.00000 0.00000 -0.00000 50.56642 -51.79323 26.74081 4.50538 34.45359 -14.46071 -6.22699 -21.40845 -16.53220 0.11202 5.92437 -2.16453 0.72235 10.83996 -0.16224 11.91191 -8.22840 1.52849 13.51269 -15.99601 1.70144 3.20031 -12.23222 2.84905 -4.60480 2.06925 3.57903 -1.78919 2.98199 1.62964 -0.00000 0.00000 0.00000 -38.29610 31.68211 -96.68507 8.97320 -1.23751 -15.67333 -0.00000 19.11660 0.00000 -5.35374 -3.33163 31.80459 -7.12502 -0.00000 0.00000 -30.81932 -7.40990 57.19839 -0.00000 0.00000 0.00000 196.69217 -28.38076 89.59173 -3.76803 -0.21522 6.53588 180.00000 67.84600 -180.00000 -8.98714 -3.14123 19.11017 7.12502 -0.00000 -0.00000 13.59095 9.35554 -11.08276
0.26262 0.91186 -0.98601 -3.43645 28.21159 -2.79925 -0.00000 0.00000 -0.00000 -25.70250 -47.61005 14.33738 -19.04839 57.11808 34.26365 -4.54705 -2.59630 43.27079 -2.34640 25.89877 10.17905 -0.00000 0.00000 -0.00000 51.52530 -50.97786 27.86074 5.28386 36.79436 -15.79692 -6.91608 -22.56100 -17.32429 0.07320 4.79316 -1.74892 -0.86431 10.80313 -0.21349 11.80932 -7.70146 1.09622 14.44336 -15.25955 1.61043 2.28279 -8.91656 2.95439 -3.19478 1.97260 3.83360 -1.18752 2.27458 1.83383 0.00000 0.00000 -0.00000 -27.36182 36.97617 -106.27861 10.20299 -1.60801 -17.86702 -0.00000 6.04128 0.00000 -2.52763 -1.79741 35.39474 -7.12502 -0.00000 0.00000 -27.33016 -8.62052 61.17378 0.00000 0.00000 -0.00000 148.48327 -18.28147 58.89729 -2.08599 -0.06583 3.61463 0.00000 44.59750 -0.00000 -9.97806 -2.08988 11.71044 7.12502 -0.00000 -0.00000 14.08648 7.22619 -18.37637
0.25953 0.90601 -0.97681 -3.81044 26.08135 -1.90032 -0.00000 0.00000 -0.00000 -25.48261 -46.82207 15.41744 -22.27681 59.44142 38.05785 1.14615 -7.58042 30.86787 -1.06237 17.88324 6.74447 -0.00000 0.00000 -0.00000 49.50824 -52.05677 23.37559 6.53587 40.04315 -17.81079 -6.98557 -23.57288 -16.21235 0.02309 2.69483 -0.98161 -0.40134 9.76643 -0.75082 11.19976 -6.99375 0.21896 13.36693 -13.47209 0.93063 0.80421 -6.75745 2.78259 -0.97909 2.81498 3.68627 -0.25758 2.06596 1.81994 -0.00000 0.00000 0.00000 -29.78403 42.06158 -107.88816 9.88892 -1.50850 -17.30510 -0.00000 10.49780 0.00000 -16.27722 -9.07601 28.37979 -7.12502 -0.00000 0.00000 -42.86438 -6.04807 51.47680 -0.00000 0.00000 0.00000 118.12803 11.40223 42.14431 -6.48257 -0.64069 11.27686 0.00000 -21.41920 0.00000 -12.01181 -0.79185 3.71625 7.12502 -0.00000 -0.00000 13.26215 4.59117 -26.24162
0.25485 0.89457 -0.97127 -4.45277 23.49847 -1.31687 -0.00000 0.00000 -0.00000 -24.49998 -46.85898 16.63610 -26.47031 61.85266 42.86727 1.99976 -8.86559 25.34779 -0.10781 -5.81253 -2.12336 -0.00000 0.00000 -0.00000 48.75020 -51.37709 21.41538 7.93652 43.10999 -19.92053 -8.48781 -27.64936 -15.81078 0.20019 7.90499 -2.89681 0.18470 8.80520 -0.82818 10.52340 -5.36890 -0.07913 11.87200 -10.87722 0.48170 2.11064 -6.49996 2.05114 -1.98975 3.84141 2.66056 -0.84816 2.39493 1.29665 0.00000 0.00000 0.00000 -18.61321 40.67550 -115.95499 12.16905 -2.30932 -21.41439 -0.00000 8.64097 0.00000 -22.43564 -12.50479 27.67224 -7.12502 -0.00000 0.00000 -49.45817 -5.00139 49.26459 0.00000 0.00000 0.00000 104.15396 33.88381 41.89161 -10.38421 -1.66697 18.19179 0.00000 -47.67140 0.00000 -15.89779 0.89285 -3.13157 7.12502 -0.00000 -0.00000 10.05476 2.12796 -33.17252
0.25025 0.88282 -0.96681 -5.54995 20.73271 0.55653 -0.00000 0.00000 -0.00000 -23.68849 -46.34202 17.43271 -29.02230 63.06188 45.74518 4.69673 -16.56661 18.15806 -1.45348 -20.75070 -7.92641 -0.00000 0.00000 -0.00000 48.11767 -51.35713 19.77860 10.07405 46.95967 -22.93956 -9.46937 -28.38323 -17.49751 0.07280 4.78004 -1.74411 1.04148 9.67559 -0.79102 10.28792 -4.88917 0.09409 11.03164 -10.87683 0.47822 0.91920 -3.52508 1.50987 -0.66061 3.32054 1.99334 -0.28777 1.63864 0.99207 0.00000 0.00000 0.00000 -2.21044 33.81678 -122.67646 17.96075 -5.23757 -32.28320 -0.00000 10.10960 0.00000 -32.53483 -15.45637 22.67360 -7.12502 -0.00000 0.00000 -58.67496 2.32236 43.58727 0.00000 0.00000 0.00000 82.07998 50.72490 53.73311 -13.82810 -3.01062 24.45491 0.00000 -44.55170 0.00000 -12.31467 2.76738 -12.47109 7.12502 -0.00000 -0.00000 13.44805 0.62494 -42.38838
0.24428 0.87070 -0.96282 -6.46155 18.19091 2.50814 -0.00000 0.00000 -0.00000 -22.03957 -46.15748 19.45414 -30.57959 63.72115 47.48689 5.85345 -21.90865 14.54659 -2.21290 -25.21744 -9.86962 -0.00000 0.00000 -0.00000 47.63910 -50.84560 18.26375 11.99765 49.79970 -25.51174 -11.34955 -30.97378 -19.08772 0.17414 7.37686 -2.70089 2.36645 9.93014 -0.42289 9.70116 -4.45626 0.71723 9.33712 -10.60567 0.63219 -1.00521 -0.11789 0.65603 2.00245 2.62547 0.83663 0.79099 0.80838 0.42711 0.00000 0.00000 -0.00000 12.58541 22.49413 -122.58015 25.62045 -11.69653 -48.49968 -0.00000 23.01450 0.00000 -35.63755 -7.22965 9.95613 -7.12502 -0.00000 0.00000 -57.93435 15.53383 35.47609 0.00000 0.00000 -0.00000 29.68082 57.97104 90.72827 -19.39841 -6.19171 35.11887 0.00000 -31.70180 0.00000 -3.88458 0.36295 -5.32973 7.12502 -0.00000 -0.00000 21.49252 4.02493 -34.89279
0.23841 0.86271 -0.95766 -7.31292 15.85209 6.06845 -0.00000 0.00000 -0.00000 -21.55996 -44.97124 20.10616 -29.22356 63.15023 45.97084 6.56594 -24.28314 14.08596 -5.51658 -37.44196 -16.18256 -0.00000 0.00000 -0.00000 45.18366 -51.23514 14.11532 13.60052 51.82720 -27.57929 -13.15807 -33.77773 -19.95590 0.29634 9.59792 -3.52863 4.24747 10.03474 -0.55437 9.29856 -4.05627 0.75114 7.72291 -10.18594 0.48704 -2.53057 1.33666 -0.05054 3.35177 2.69505 -0.15076 1.45947 0.61147 -0.07916 -0.00000 0.00000 0.00000 20.44266 17.56167 -115.04243 32.07751 -21.50741 -66.90173 -0.00000 47.93250 0.00000 -29.33362 1.04569 -1.86009 -7.12502 -0.00000 0.00000 -49.71964 21.84341 27.49888 -0.00000 0.00000 0.00000 -4.63177 49.44060 109.46060 -25.35213 -11.40266 47.87045 0.00000 -4.50192 0.00000 -0.35959 -0.02847 4.52610 7.12502 -0.00000 -0.00000 23.73411 8.86249 -25.68955
0.22791 0.85799 -0.95663 -7.99036 15.59851 10.15715 -0.00000 0.00000 -0.00000 -22.56675 -45.76956 18.65614 -27.45920 62.34159 43.98624 9.27271 -28.53443 16.84735 -5.82015 -38.25486 -16.67730 -0.00000 0.00000 -0.00000 45.10152 -53.14358 13.47579 14.69774 53.07071 -28.96316 -15.02959 -35.07870 -22.22215 0.37464 10.77386 -3.97142 4.58250 8.30717 -0.10414 9.37236 -3.74493 1.20969 7.38809 -8.85577 0.67656 -4.84878 1.84895 -1.09424 4.92094 1.90790 -1.58768 2.38287 0.36364 -0.81486 -0.00000 0.00000 -0.00000 27.81204 15.98427 -102.81255 35.06877 -31.95417 -84.36392 -0.00000 51.79890 0.00000 -10.24180 -0.21329 1.18033 -7.12502 -0.00000 0.00000 -34.11162 9.92520 30.72313 -0.00000 0.00000 -0.00000 -19.73502 42.09459 108.29378 -30.07114 -17.70588 60.21404 0.00000 19.90650 -0.00000 -4.99386 -0.79391 9.01033 7.12502 -0.00000 -0.00000 18.92177 8.65017 -21.31094
0.21829 0.86404 -0.94937 -8.99196 14.87754 14.62536 -0.00000 0.00000 -0.00000 -22.20635 -43.78646 18.73477 -24.35647 60.71100 40.45715 9.14770 -30.00254 15.08012 -3.91868 -32.48007 -13.39698 -0.00000 0.00000 -0.00000 42.70838 -52.91136 8.99009 13.41996 51.61200 -27.34928 -16.37252 -36.17354 -23.53507 0.45137 11.80657 -4.36333 6.04481 8.68793 0.86458 8.74511 -5.04750 2.85891 5.51586 -10.57457 1.36376 -5.35358 4.23320 -3.02703 6.72846 1.45108 -4.26952 3.14298 0.00655 -2.19187 0.00000 0.00000 0.00000 34.10825 23.29530 -91.52219 35.23897 -36.42754 -92.03001 -0.00000 45.29230 0.00000 14.93538 2.30033 8.55734 -7.12502 -0.00000 0.00000 -10.99274 1.23545 38.66629 0.00000 0.00000 0.00000 -26.39487 44.32227 100.91623 -33.15923 -24.12098 71.32959 0.00000 23.68980 -0.00000 -9.51978 -1.86810 11.00053 7.12502 -0.00000 -0.00000 14.60142 7.26296 -19.11283
0.20783 0.87878 -0.94517 -10.18664 15.61139 19.51700 -0.00000 0.00000 -0.00000 -24.39981 -42.33507 14.85149 -19.35296 57.35839 34.62584 8.96601 -29.06518 15.55578 -2.25904 -25.45579 -9.97743 -0.00000 0.00000 -0.00000 42.07195 -52.41693 7.80706 10.72931 47.98400 -23.82866 -17.56867 -36.80822 -24.96968 0.87801 16.31991 -6.11761 5.57879 6.81396 1.71322 9.36398 -4.66140 3.76464 6.25735 -9.14621 1.88201 -6.84299 2.05836 -5.03939 7.86347 0.49336 -6.87221 3.78890 0.35777 -3.46747 -0.00000 0.00000 -0.00000 36.31409 29.35038 -76.83732 35.10950 -38.10169 -95.01413 -0.00000 44.19520 0.00000 29.51237 3.57095 6.27911 -7.12502 -0.00000 0.00000 3.00755 -0.41296 37.18894 -0.00000 0.00000 -0.00000 -30.43794 47.86930 90.33037 -34.48995 -28.58530 78.75254 0.00000 16.46930 -0.00000 -18.01742 -6.63422 19.55496 7.12502 -0.00000 -0.00000 5.81222 4.16945 -9.46306
0.19759 0.90262 -0.93442 -11.17570 16.55008 25.69413 -0.00000 0.00000 -0.00000 -27.41468 -38.69942 9.42212 -14.18549 52.50348 28.31995 7.48557 -25.66527 15.24929 -2.29015 -25.61477 -10.04960 -0.00000 0.00000 -0.00000 40.42807 -50.03025 6.88572 7.42238 42.04323 -19.16064 -19.56690 -36.25040 -29.02608 1.03325 17.64702 -6.64902 4.57261 5.86068 2.03400 9.61251 -5.57573 4.16265 7.05121 -9.71536 2.18179 -7.88991 0.78028 -6.91164 9.15230 0.24169 -9.31872 4.37630 0.82982 -4.66710 0.00000 0.00000 0.00000 31.47172 38.89091 -61.71006 35.01318 -38.85692 -96.38871 -0.00000 46.89640 0.00000 33.12103 1.97004 3.01623 -7.12502 -0.00000 0.00000 6.25374 -1.27119 33.55545 0.00000 0.00000 0.00000 -30.92582 56.24428 79.18229 -34.70319 -29.59999 80.43586 0.00000 17.18040 -0.00000 -19.77111 -17.49368 39.90484 7.12502 -0.00000 -0.00000 0.20479 0.32770 12.99661
0.18821 0.92720 -0.92633 -13.05106 18.06291 32.67120 -0.00000 0.00000 -0.00000 -30.25399 -35.27170 2.95913 -9.83429 46.56848 22.61046 5.62004 -20.74324 15.22082 -3.13300 -29.47443 -11.87107 -0.00000 0.00000 -0.00000 39.93662 -47.52430 10.90043 5.41237 37.15467 -16.01058 -19.27263 -33.46608 -32.07979 0.65903 14.20382 -5.28584 3.83814 4.41967 2.35549 9.55006 -6.92459 4.58858 7.34624 -10.45409 2.48345 -8.57627 -1.31954 -9.01364 11.14341 1.49085 -12.11616 4.41456 1.83890 -5.97177 -0.00000 0.00000 0.00000 21.18984 45.56795 -43.83414 35.07146 -38.42330 -95.59714 -0.00000 47.94420 0.00000 36.93395 -2.61259 -3.46990 -7.12502 -0.00000 0.00000 9.51357 -3.36900 25.67612 -0.00000 0.00000 0.00000 -20.90532 65.02673 60.19501 -34.51480 -28.69591 78.93592 0.00000 25.07800 -0.00000 -18.03043 -24.27479 51.62890 7.12502 -0.00000 -0.00000 -1.07470 -3.04567 25.55353
0.18307 0.95208 -0.91537 -14.05359 19.56096 40.94468 -0.00000 0.00000 -0.00000 -33.24259 -29.47377 -2.69393 -6.03354 38.80608 17.01986 3.13447 -13.79442 14.59722 -4.60788 -34.77858 -14.64114 -0.00000 0.00000 -0.00000 35.24542 -44.31779 15.01062 4.47512 34.35658 -14.40715 -15.46419 -29.13903 -30.86607 0.62643 13.85758 -5.15139 3.01151 4.13381 2.08997 8.50491 -9.28966 4.34468 6.71450 -12.93103 2.44376 -9.09176 -2.46397 -11.61679 12.45108 3.75167 -15.76516 4.46472 3.12855 -7.67578 -0.00000 0.00000 -0.00000 9.00028 50.50753 -24.64854 35.17849 -37.38829 -93.73260 -0.00000 48.78410 0.00000 38.55686 -2.90435 -3.63739 -7.12502 -0.00000 0.00000 10.97954 -3.96508 25.38303 -0.00000 0.00000 -0.00000 6.98220 72.50159 25.87853 -34.15907 -27.25033 76.54017 0.00000 25.28290 -0.00000 -21.83131 -23.47755 44.84110 7.12502 -0.00000 -0.00000 -2.11018 -4.41577 19.42594
0.17878 0.97853 -0.90568 -16.54170 20.37961 48.36068 -0.00000 0.00000 -0.00000 -33.57292 -26.49848 -5.98349 -3.69733 31.67971 12.98021 0.60179 -4.97516 14.72772 -5.71707 -37.98271 -16.51031 -0.00000 0.00000 -0.00000 32.65770 -39.67943 22.91944 3.55563 31.14933 -12.70836 -14.91846 -27.29879 -32.84149 0.42385 11.44758 -4.22675 1.27287 2.59413 1.48878 9.78102 -10.12791 3.57945 9.51029 -13.15878 2.44984 -10.89394 -3.99790 -12.93723 11.94949 2.99664 -17.25023 4.41337 3.37848 -8.41144 0.00000 0.00000 -0.00000 -11.57062 50.74098 -0.58700 35.25608 -35.93173 -91.16081 -0.00000 47.74930 0.00000 40.43271 -2.79774 -3.27865 -7.12502 -0.00000 0.00000 12.69555 -4.51509 25.73844 0.00000 0.00000 -0.00000 22.65958 69.64140 2.30179 -33.23919 -24.33906 71.69506 0.00000 18.82000 -0.00000 -19.85532 -24.71437 49.18247 7.12502 -0.00000 -0.00000 -1.67056 -4.26388 23.58161
0.17816 0.99959 -0.90479 -21.48563 19.64015 56.33695 -0.00000 0.00000 -0.00000 -33.75709 -27.06355 -11.80076 -2.98890 28.86809 11.57544 -0.62783 -1.13780 18.14265 -2.62848 -27.26071 -10.80944 -0.00000 0.00000 -0.00000 30.59246 -41.57862 20.75023 2.99640 28.90012 -11.59096 -6.31074 -16.05809 -30.25495 0.00421 1.15121 -0.41907 3.63780 1.51092 1.52648 10.60206 -12.30488 4.34082 8.99594 -15.20629 2.79854 -11.12867 -4.43673 -14.78391 11.64729 2.73197 -19.63804 4.14956 3.57141 -9.58654 -0.00000 0.00000 0.00000 -26.73069 47.79056 19.27849 35.26253 -35.58077 -90.54908 -0.00000 49.76930 0.00000 40.28968 -0.37180 -0.43856 -7.12502 -0.00000 0.00000 12.75129 -3.62524 29.38921 -0.00000 0.00000 0.00000 34.35460 63.12025 -15.57591 -31.97077 -21.27660 66.50540 0.00000 19.63950 -0.00000 -18.22450 -25.11855 52.20110 7.12502 -0.00000 -0.00000 -1.27319 -3.76686 26.30953
0.17630 1.01546 -0.90372 -24.71846 17.27870 63.28469 -0.00000 0.00000 -0.00000 -33.57770 -28.40444 -13.44766 -2.63739 27.30215 10.82888 -1.73140 -0.15486 24.44619 -1.92293 -23.64298 -9.16859 -0.00000 0.00000 -0.00000 29.58519 -39.84131 22.93808 2.65972 27.40561 -10.87748 -1.82177 -8.81882 -32.05426 0.48616 -12.24408 4.53030 5.06197 -0.13686 1.13967 11.84154 -12.24719 4.03520 9.70471 -14.13618 2.64964 -11.18338 -6.65629 -16.12402 10.94216 1.29106 -21.06280 3.75980 3.51119 -10.25225 0.00000 0.00000 -0.00000 -36.33980 38.53758 32.68405 35.21280 -33.57850 -87.10766 -0.00000 51.37610 0.00000 43.30380 -1.81516 -1.92490 -7.12502 -0.00000 0.00000 15.40173 -5.01986 27.37842 0.00000 0.00000 -0.00000 32.51479 57.25616 -19.49435 -30.50955 -18.45430 61.56177 0.00000 18.92250 -0.00000 -16.52333 -24.77335 54.70301 7.12502 -0.00000 -0.00000 -0.80675 -2.70322 28.37586
0.17263 1.02387 -0.89972 -25.74664 15.11278 69.79719 -0.00000 0.00000 -0.00000 -33.96856 -29.66364 -11.36256 -2.33329 25.83301 10.14901 -1.79550 -1.60534 28.82954 -0.49125 -12.30666 -4.55423 -0.00000 0.00000 -0.00000 27.09988 -35.35500 28.77166 2.56254 26.95115 -10.66471 -13.02169 -24.80887 -32.83963 1.66534 22.11647 -8.50611 4.48876 -0.06435 0.87892 12.29353 -12.95011 3.98283 10.71861 -15.17744 2.86823 -10.58967 -6.15540 -17.40975 10.43561 -0.11896 -22.75175 3.59633 3.06321 -11.12870 -0.00000 0.00000 0.00000 -40.23814 32.09674 41.77557 34.99687 -31.38295 -83.40660 -0.00000 50.30650 0.00000 54.78581 0.69687 0.49182 -7.12502 -0.00000 0.00000 26.25934 -7.27005 30.61352 -0.00000 0.00000 0.00000 32.95150 52.88436 -25.29145 -28.78707 -15.70915 56.52008 0.00000 18.60360 -0.00000 -16.33746 -24.99312 55.24769 7.12502 -0.00000 -0.00000 -0.80365 -2.78788 28.91254
0.16758 1.02912 -0.89993 -26.78487 12.16197 77.48132 -0.00000 0.00000 -0.00000 -35.17431 -30.74995 -11.94982 -2.24033 25.35953 9.93384 -3.20273 -0.89525 34.04647 -0.31461 -9.88556 -3.63662 -0.00000 0.00000 -0.00000 24.76090 -36.05804 25.42439 2.64362 27.33104 -10.84244 -14.16174 -26.87529 -31.72129 2.68601 27.52667 -10.93448 5.00116 -0.25097 0.53368 12.41521 -13.73152 3.86899 10.67222 -16.05148 2.89255 -8.96582 -5.65941 -18.83685 9.38149 -1.65423 -24.67717 3.52716 2.65462 -12.14583 -0.00000 0.00000 0.00000 -40.00404 25.69305 47.09991 34.68323 -29.49790 -80.26635 -0.00000 51.01550 0.00000 52.26947 0.06319 0.04889 -7.12502 -0.00000 0.00000 23.86146 -6.83448 29.94222 -0.00000 0.00000 0.00000 32.15608 46.73369 -28.50414 -26.45862 -12.65599 50.50839 0.00000 20.27630 -0.00000 -14.73367 -24.57472 57.69360 7.12502 -0.00000 -0.00000 -0.43418 -1.73405 30.94073
0.16174 1.03116 -0.89608 -27.20781 7.38773 85.16098 -0.00000 0.00000 -0.00000 -34.21947 -31.80286 -13.37044 -2.52108 26.75387 10.57293 -1.43532 -4.54004 36.45117 -0.15451 6.95154 2.54348 -0.00000 0.00000 -0.00000 24.35186 -34.29416 23.61894 2.47413 26.52788 -10.46822 -17.04395 -32.28303 -29.46863 4.94100 35.79841 -15.21776 6.31842 -0.29627 0.32305 12.77365 -14.42989 4.13080 10.33050 -16.99406 3.03127 -6.95816 -5.94367 -19.86143 8.66161 -2.30555 -26.05918 2.96525 2.18678 -12.84031 0.00000 0.00000 -0.00000 -37.40272 21.14630 49.25510 34.17709 -27.31755 -76.65159 -0.00000 49.22530 0.00000 44.24648 -3.65497 -3.74451 -7.12502 -0.00000 0.00000 16.09692 -6.06566 24.88879 0.00000 0.00000 -0.00000 31.16980 41.55312 -29.93186 -23.21739 -9.26766 43.06366 0.00000 20.21630 -0.00000 -15.01458 -24.89319 57.49407 7.12502 -0.00000 -0.00000 -0.53273 -2.11326 30.84777
0.15689 1.03218 -0.89197 -26.59700 -0.14457 93.17181 -0.00000 0.00000 -0.00000 -29.84761 -32.37242 -14.45200 -2.78040 27.95499 11.13724 -2.75361 -2.32836 35.87070 -0.61045 13.68433 5.08428 -0.00000 0.00000 -0.00000 26.35282 -33.04959 18.14684 2.20665 25.18494 -9.85496 -13.46514 -26.93235 -29.79866 3.42364 30.64179 -12.45131 10.69249 -0.91253 -0.43357 14.14855 -14.49446 3.96689 9.48372 -16.79527 2.67080 -5.95395 -7.79863 -19.56068 8.10525 -3.38253 -25.51513 2.60023 1.84678 -12.53942 -0.00000 0.00000 0.00000 -35.47516 15.84218 51.84033 33.36030 -24.67779 -72.26178 -0.00000 47.94880 0.00000 49.95182 -1.31508 -1.10513 -7.12502 -0.00000 0.00000 21.55295 -6.81287 28.28300 -0.00000 0.00000 0.00000 26.21528 32.57785 -26.93360 -19.84988 -6.51261 36.02441 0.00000 24.20370 -0.00000 -15.25720 -25.36423 57.51296 7.12502 -0.00000 -0.00000 -0.64793 -2.59741 30.98801
0.15021 1.03252 -0.88871 -25.74550 -2.93817 100.90442 -0.00000 0.00000 -0.00000 -30.34088 -32.86170 -14.60852 -2.76714 27.89543 11.10894 -5.20151 2.28032 34.80761 -0.48003 12.16820 4.50130 -0.00000 0.00000 -0.00000 24.16874 -31.32337 16.74087 2.15601 24.91918 -9.73535 -11.95182 -26.32466 -26.81205 6.22227 39.28048 -17.31946 9.45834 -1.03718 -0.41115 14.18140 -15.14557 4.33375 10.25641 -17.69569 3.18802 -5.50036 -9.12742 -19.72440 8.18615 -4.11812 -25.61199 2.49525 1.74695 -12.54453 -0.00000 0.00000 0.00000 -32.39546 12.39451 49.96974 32.33768 -22.08767 -67.89381 -0.00000 46.78620 0.00000 47.86915 -0.13624 -0.12323 -7.12502 -0.00000 0.00000 19.78693 -5.63538 29.73304 -0.00000 0.00000 0.00000 22.83981 26.87647 -27.15046 -16.69334 -4.47694 29.83673 0.00000 24.37600 -0.00000 -16.63955 -25.09766 54.83148 7.12502 -0.00000 -0.00000 -0.88590 -3.00783 28.58024
0.14326 1.03180 -0.88166 -24.78958 -7.71603 110.07021 -0.00000 0.00000 -0.00000 -29.54056 -35.41178 -13.18984 -2.78603 27.98025 11.14926 -8.33429 11.79304 31.08210 -0.01002 1.77593 0.64661 -0.00000 0.00000 -0.00000 24.42285 -29.85798 16.93950 2.13022 24.78238 -9.67400 -11.79235 -27.34033 -24.75699 4.73405 35.17123 -14.86125 10.19082 -1.66666 -0.79352 14.68190 -16.37055 4.56728 9.60764 -18.23864 3.26922 -5.96252 -10.07062 -20.19995 8.72560 -5.30003 -26.03178 2.74450 1.67252 -12.70050 0.00000 0.00000 0.00000 -30.14710 9.27368 48.99848 31.13489 -19.59345 -63.58110 -0.00000 45.36710 0.00000 43.30541 -1.61316 -1.71079 -7.12502 -0.00000 0.00000 15.42207 -4.94019 27.66312 0.00000 0.00000 0.00000 19.09206 18.88088 -27.00972 -13.93817 -3.06084 24.65840 0.00000 27.11800 -0.00000 -15.01878 -23.99292 56.58217 7.12502 -0.00000 -0.00000 -0.38033 -1.40113 29.81165
0.13643 1.03532 -0.87811 -22.37368 -11.33830 118.76441 -0.00000 0.00000 -0.00000 -29.60332 -35.46499 -15.50896 -2.82599 28.15844 11.23417 -3.71675 0.06172 33.91597 -2.57375 27.00415 10.68943 -0.00000 0.00000 -0.00000 23.60151 -27.10246 15.72454 1.91347 23.58917 -9.14496 -10.80385 -28.96221 -20.10077 7.75080 42.73190 -19.64780 10.71835 -2.27045 -1.13962 15.02665 -16.38502 4.45042 9.72343 -17.91636 3.33452 -5.92787 -10.50155 -19.96098 8.04750 -7.05128 -25.55210 2.74387 1.07967 -12.46775 0.00000 0.00000 0.00000 -29.07956 5.18524 48.65006 29.71078 -17.11796 -59.14216 -0.00000 47.10390 0.00000 41.16769 -2.32710 -2.65861 -7.12502 -0.00000 0.00000 13.40055 -4.57137 26.50312 0.00000 0.00000 0.00000 15.54347 12.35500 -26.02943 -11.71645 -2.13569 20.59285 0.00000 31.95860 -0.00000 -18.29810 -23.06202 49.83019 7.12502 -0.00000 -0.00000 -0.90153 -2.30247 23.61048
0.12839 1.03336 -0.86959 -19.81176 -14.57581 128.34564 -0.00000 0.00000 -0.00000 -30.13829 -37.73353 -13.78022 -2.86279 28.32110 11.31195 -3.14649 -0.35849 32.48589 -2.65354 27.37700 10.86403 -0.00000 0.00000 -0.00000 23.66887 -28.91804 10.95918 1.97113 23.91447 -9.28813 -3.16981 -10.97755 -30.64743 0.11584 6.02418 -2.20128 10.29081 -2.58481 -1.13045 14.75912 -16.73626 4.81072 9.55231 -18.19489 3.70062 -6.22445 -10.76548 -19.89370 7.78770 -7.81796 -25.34033 2.78655 0.87524 -12.33796 0.00000 0.00000 -0.00000 -28.22451 3.21014 47.57889 28.57929 -15.40975 -55.95202 -0.00000 46.54850 0.00000 39.35652 -4.47275 -5.43178 -7.12502 -0.00000 0.00000 11.62944 -4.75637 23.05554 0.00000 0.00000 -0.00000 12.43758 2.77606 -26.64941 -10.01377 -1.54765 17.52833 0.00000 38.65180 -0.00000 -18.47639 -22.78331 49.21065 7.12502 -0.00000 -0.00000 -0.88865 -2.19810 22.98095
0.12136 1.03217 -0.85809 -15.22037 -18.57482 136.34340 -0.00000 0.00000 -0.00000 -28.21806 -38.94094 -14.72584 -3.04121 29.09045 11.68341 0.46386 -6.67530 32.63163 -3.00698 28.94523 11.61284 -0.00000 0.00000 -0.00000 27.37772 -26.45756 13.39708 1.82552 23.08126 -8.92293 -3.38450 -11.36310 -29.72804 0.85224 16.08724 -6.02525 11.09176 -2.21333 -0.28835 15.49290 -16.54922 6.80345 9.34689 -18.51576 4.79778 -4.35976 -12.28688 -19.10681 4.00487 -7.73484 -24.46052 1.26591 0.28543 -11.96875 -0.00000 0.00000 -0.00000 -28.14439 2.55266 47.19748 28.01318 -14.62315 -54.43936 -0.00000 45.03390 0.00000 39.36030 -3.19723 -3.88987 -7.12502 -0.00000 0.00000 11.69498 -4.31672 25.01750 -0.00000 0.00000 -0.00000 11.09321 -2.74090 -29.16861 -9.18695 -1.29823 16.05338 0.00000 38.56460 -0.00000 -22.76058 -16.77452 34.52374 7.12502 -0.00000 -0.00000 -0.83919 -1.11137 7.94007
0.11386 1.02875 -0.84616 -9.51716 -20.47607 147.29406 -0.00000 0.00000 -0.00000 -27.64973 -39.67395 -14.53765 -3.28385 30.08920 12.17478 -0.06905 -5.49502 31.09468 -2.42684 26.29747 10.36192 -0.00000 0.00000 -0.00000 28.89312 -23.75380 13.35374 1.66517 22.11545 -8.50567 1.00636 -2.51166 -26.31708 0.02012 2.51553 -0.91621 12.50081 -1.88316 -0.48059 15.44538 -16.27592 7.08056 8.31495 -18.35292 4.84510 -1.65625 -13.32986 -16.74363 -1.04026 -7.01449 -21.76048 -0.63731 -0.26351 -10.76562 -0.00000 0.00000 0.00000 -27.34170 -0.10698 47.61066 27.25714 -13.63357 -52.49055 -0.00000 45.23360 0.00000 39.69696 -1.88007 -2.26321 -7.12502 -0.00000 0.00000 12.08460 -3.97200 27.07181 -0.00000 0.00000 0.00000 7.75907 -13.38048 -29.62367 -8.44675 -1.09444 14.73929 0.00000 41.83440 -0.00000 -23.54614 -15.10159 30.87368 7.12502 -0.00000 -0.00000 -0.74283 -0.85631 4.05638
0.10987 1.02478 -0.82698 -6.19689 -20.44553 157.77287 -0.00000 0.00000 -0.00000 -29.67882 -40.74341 -13.56682 -3.18230 29.67753 11.97095 -1.77385 -1.90347 29.58304 -2.37873 26.06006 10.25286 -0.00000 0.00000 -0.00000 28.84633 -21.43855 19.14981 1.95612 23.83035 -9.25103 0.84331 -1.78190 -22.42817 0.01709 2.31858 -0.84439 9.98985 -1.15467 -0.19445 14.49146 -16.02669 7.31001 8.59460 -18.47276 5.26543 -2.92535 -16.09253 -13.70634 -1.96424 -1.21250 -17.40972 -1.49359 2.09044 -8.68861 -0.00000 0.00000 -0.00000 -25.82028 -3.68978 46.11464 26.18585 -12.33660 -49.84713 -0.00000 45.40140 0.00000 38.68274 -2.93798 -3.66285 -7.12502 -0.00000 0.00000 11.09239 -4.01559 25.34398 -0.00000 0.00000 -0.00000 4.45711 -24.42032 -32.08026 -8.16898 -1.02265 14.24758 0.00000 41.08610 -0.00000 -25.38011 -12.64875 24.77666 7.12502 -0.00000 -0.00000 -1.13944 -1.04985 -2.34868
0.10483 1.02144 -0.81220 1.57184 -21.07012 171.08111 -0.00000 0.00000 -0.00000 -28.37673 -42.24274 -15.10946 -3.54574 31.11175 12.68922 -4.36626 4.87040 27.47516 -1.93631 23.71877 9.20190 -0.00000 0.00000 -0.00000 31.89279 -19.85287 20.14372 1.93702 23.72276 -9.20366 2.34300 5.25993 -18.03324 0.02865 -3.00164 1.09357 13.56409 -1.49152 -0.33446 14.15165 -15.39504 7.85364 6.64471 -18.09731 5.36790 -0.77790 -19.61282 -9.33719 -6.11790 3.41133 -11.51408 -3.04643 3.58724 -6.03186 0.00000 0.00000 -0.00000 -25.21808 -7.48701 45.48986 25.12726 -11.16107 -47.34789 -0.00000 45.19770 0.00000 37.27232 -2.59062 -3.39894 -7.12502 -0.00000 0.00000 9.82328 -3.46705 25.74753 0.00000 0.00000 -0.00000 0.74857 -34.14046 -35.40983 -7.90004 -0.95556 13.77219 0.00000 38.32590 -0.00000 -24.23589 -9.95323 21.00441 7.12502 -0.00000 -0.00000 0.36416 0.28622 -6.83351
0.10407 1.01804 -0.79566 7.82708 -19.40572 184.68910 -0.00000 0.00000 -0.00000 -28.07985 -42.93720 -15.92143 -3.66267 31.55131 12.91409 -6.55511 13.35527 25.16468 -1.65969 22.08143 8.49109 -0.00000 0.00000 -0.00000 33.76839 -19.25844 20.06640 1.97532 23.93784 -9.29845 2.31543 8.34637 -14.71398 0.47567 -12.11396 4.48058 15.04621 -1.98120 6.46082 11.78237 -16.42420 6.23087 3.50947 -17.36387 -0.30270 1.49886 -20.00634 -4.18197 -9.86256 4.67830 -5.35146 -3.95599 4.25788 -3.42200 -0.00000 0.00000 0.00000 -25.66515 -10.74592 44.54401 24.10846 -10.11729 -45.03045 -0.00000 45.09400 0.00000 38.05036 -4.57502 -5.81886 -7.12502 -0.00000 0.00000 10.45438 -4.34532 22.67552 -0.00000 0.00000 0.00000 1.73439 -35.87513 -37.31465 -8.07482 -0.99889 14.08106 0.00000 29.49170 -0.00000 -22.48363 -6.86087 16.09984 7.12502 -0.00000 -0.00000 2.53372 1.61361 -12.52919
0.10984 1.01186 -0.77634 11.36187 -17.04035 196.54365 -0.00000 0.00000 -0.00000 -28.22792 -43.75123 -14.26911 -3.40500 30.56902 12.41470 -5.10782 14.16086 20.54930 -0.65576 14.16958 5.27252 -0.00000 0.00000 -0.00000 35.02080 -20.58122 20.83430 2.44443 26.38353 -10.40156 2.35962 7.36121 -15.78741 0.81655 -15.75844 5.89514 13.66387 -1.54129 5.69454 10.94067 -16.79530 6.00458 3.26547 -18.23050 -0.00806 5.84833 -18.22656 1.36686 -13.52713 8.35394 1.83664 -4.97254 5.70837 -0.10549 0.00000 0.00000 -0.00000 -24.64809 -11.76932 45.54520 22.97869 -9.04940 -42.54532 -0.00000 46.92440 0.00000 37.85568 -4.77689 -6.11554 -7.12502 -0.00000 0.00000 10.27464 -4.34449 22.32027 0.00000 0.00000 -0.00000 3.53785 -35.43805 -38.09292 -8.03625 -0.98924 14.01288 0.00000 26.05120 -0.00000 -21.14930 -5.02946 12.76848 7.12502 -0.00000 -0.00000 4.10967 2.25434 -16.30099
0.11675 1.00275 -0.76483 13.95453 -13.96190 209.22189 -0.00000 0.00000 -0.00000 -28.24540 -43.70068 -9.77813 -3.10007 29.33757 11.80401 -2.41449 11.96237 12.84480 -0.09820 -5.54863 -2.02630 -0.00000 0.00000 -0.00000 35.24657 -22.96271 18.31927 3.12215 29.42946 -11.84901 1.53251 2.70621 -16.98460 0.73190 -14.94575 5.57544 11.43476 -2.33222 4.93595 10.08810 -15.22748 5.53191 3.64001 -15.69043 0.65406 8.11800 -23.80290 6.61184 -16.47005 14.59516 9.40105 -4.92029 9.58086 2.83774 -0.00000 0.00000 0.00000 -25.75218 -14.81143 42.43160 22.28639 -8.43754 -41.06059 -0.00000 46.01140 0.00000 37.35699 -3.87787 -5.06284 -7.12502 -0.00000 0.00000 9.85226 -3.88765 23.67440 -0.00000 0.00000 0.00000 7.56582 -34.64671 -38.08255 -8.90900 -1.21957 15.55927 0.00000 20.88270 -0.00000 -19.97892 -3.95546 10.74363 7.12502 -0.00000 -0.00000 5.37220 2.67794 -18.58006
0.12398 0.99429 -0.75400 17.18885 -10.43600 220.82075 -0.00000 0.00000 -0.00000 -26.95356 -43.37455 -9.37720 -3.36753 30.42189 12.34085 0.01697 -1.26369 0.71462 -2.81636 -28.11567 -11.21376 -0.00000 0.00000 -0.00000 36.83607 -25.12959 17.10684 3.68797 31.64509 -12.96237 0.54733 -1.24888 -17.59233 0.56016 -13.12236 4.86730 10.26610 -3.16014 4.52910 10.03055 -14.69861 5.18175 4.35840 -14.58565 0.90749 14.84062 -16.03296 11.84304 -25.10500 10.41038 16.43960 -8.11623 9.01460 6.14499 0.00000 0.00000 -0.00000 -25.81718 -17.63685 41.49497 21.43000 -7.72201 -39.25919 -0.00000 46.59980 0.00000 37.28698 -4.01424 -5.25285 -7.12502 -0.00000 0.00000 9.78519 -3.90676 23.44315 0.00000 0.00000 -0.00000 2.77892 -40.35817 -40.45141 -8.56760 -1.12647 14.95346 0.00000 27.31770 -0.00000 -19.45981 -5.11377 14.15847 7.12502 -0.00000 -0.00000 5.40812 3.13324 -15.00002
0.13034 0.98704 -0.74236 18.38513 -7.02589 231.38941 -0.00000 0.00000 -0.00000 -25.91659 -44.34535 -5.44607 -3.75631 31.89622 13.09217 1.72118 -11.96070 8.04765 -4.84726 -35.51685 -15.05695 -0.00000 0.00000 -0.00000 36.87533 -27.07072 16.33341 4.45233 34.28322 -14.36673 -0.14958 -3.73636 -18.32577 0.84828 -16.05116 6.01095 10.68638 -0.29483 4.97856 7.62586 -16.13498 6.76948 0.57199 -17.91990 1.31155 15.07641 -14.73890 14.34150 -23.78056 15.83779 21.11500 -6.51697 10.98497 8.32986 0.00000 0.00000 0.00000 -23.67546 -13.99039 38.90129 20.65834 -7.11414 -37.66604 -0.00000 46.55180 0.00000 37.93043 -4.18569 -5.35048 -7.12502 -0.00000 0.00000 10.35887 -4.17733 23.27252 0.00000 0.00000 0.00000 6.23205 -34.00870 -43.95934 -9.12954 -1.28177 15.95127 0.00000 23.35220 -0.00000 -19.88351 -4.57231 12.43006 7.12502 -0.00000 -0.00000 5.26010 2.83025 -16.79403
0.13448 0.98143 -0.73663 19.66395 -2.89179 241.70544 -0.00000 0.00000 -0.00000 -22.20903 -46.71862 0.44904 -4.59756 34.74612 14.62305 6.28972 -23.13252 14.52684 -1.12216 -18.35692 -6.93671 -0.00000 0.00000 -0.00000 38.13297 -27.34366 17.05539 4.89611 35.66410 -15.14089 -1.13180 -6.78240 -20.78724 0.87018 -16.24955 6.08966 6.39590 -3.87916 3.37111 10.49838 -13.01572 4.00521 7.37546 -12.36044 1.27249 14.84530 -11.96200 18.53852 -30.62057 12.20585 28.35699 -7.80602 11.60986 11.29115 -0.00000 0.00000 0.00000 -28.35476 -21.95613 40.53621 20.12871 -6.71612 -36.58760 -0.00000 47.18650 0.00000 39.81203 -4.92254 -5.87772 -7.12502 -0.00000 0.00000 12.01820 -5.07249 22.44610 -0.00000 0.00000 0.00000 6.56560 -35.85644 -37.51577 -9.73839 -1.46200 17.03621 0.00000 19.34340 -0.00000 -21.28037 -5.73489 14.38921 7.12502 -0.00000 -0.00000 3.79524 2.23577 -14.54078
0.13635 0.97726 -0.73117 20.21668 1.76395 251.79256 -0.00000 0.00000 -0.00000 -18.54507 -49.63819 3.33597 -6.19759 39.21912 17.28045 13.12074 -33.55944 20.10327 -0.02318 2.69983 0.98343 -0.00000 0.00000 -0.00000 38.81328 -26.98161 15.08369 4.60982 34.78467 -14.64454 -1.88278 -8.66436 -22.08410 0.98641 -17.25914 6.49286 8.66252 -2.38649 3.59647 8.05470 -13.87952 4.84728 2.97824 -13.93349 1.29336 17.26585 -8.49687 19.31588 -31.19027 13.63744 30.14063 -8.30185 12.27705 12.53875 -0.00000 0.00000 -0.00000 -25.30988 -19.94439 38.11481 19.50651 -6.26759 -35.33499 -0.00000 45.93370 0.00000 38.07336 -3.63668 -4.62926 -7.12502 -0.00000 0.00000 10.50754 -4.04735 24.16612 -0.00000 0.00000 -0.00000 8.28005 -34.41126 -41.70736 -9.94458 -1.52589 17.40461 0.00000 17.32160 -0.00000 -22.53812 -7.30714 17.03939 7.12502 -0.00000 -0.00000 2.36003 1.56339 -11.49590
0.13584 0.97482 -0.72490 18.91658 3.79656 262.42052 -0.00000 0.00000 -0.00000 -17.93222 -49.90532 6.58188 -6.01708 38.76411 16.99357 14.60453 -35.17296 21.33072 -0.07739 4.92806 1.79840 -0.00000 0.00000 -0.00000 36.05866 -27.97042 11.66982 5.00517 35.98878 -15.32720 -3.78368 -12.68640 -24.04703 0.83202 -15.90191 5.95186 7.16060 -2.24561 3.60476 6.50705 -12.98606 4.95948 2.06403 -12.83209 1.61168 16.76243 -8.37757 19.58042 -31.99321 15.09698 31.30739 -8.13983 12.98592 12.89546 0.00000 0.00000 0.00000 -26.81934 -19.85721 34.68157 18.76161 -5.75664 -33.85422 -0.00000 45.84710 0.00000 38.61868 -1.80351 -2.25616 -7.12502 -0.00000 0.00000 11.09917 -3.62864 27.11959 0.00000 0.00000 0.00000 5.53610 -36.94435 -45.78103 -9.87507 -1.50419 17.28035 0.00000 18.90750 -0.00000 -24.05420 -8.28178 17.88492 7.12502 -0.00000 -0.00000 0.95755 0.66238 -10.32984
0.13411 0.97357 -0.72003 17.10507 8.65876 272.50182 -0.00000 0.00000 -0.00000 -14.65230 -49.96561 7.29012 -5.62771 37.74360 16.36473 15.08535 -36.82449 20.59759 -0.63454 13.94461 5.18514 -0.00000 0.00000 -0.00000 36.82936 -27.45306 7.21332 4.69827 35.06068 -14.79904 -5.12737 -14.84309 -26.42531 0.59597 -13.52511 5.02269 7.88350 -1.16089 2.98386 6.50873 -12.28175 4.41580 1.72608 -12.62851 1.36868 17.28642 -6.49462 19.89088 -33.55706 15.74369 32.61968 -8.72935 13.60234 13.58493 0.00000 0.00000 0.00000 -28.41312 -18.97578 34.21946 18.48017 -5.57073 -33.29976 -0.00000 42.07820 0.00000 36.81018 -0.90378 -1.20743 -7.12502 -0.00000 0.00000 9.48786 -2.84213 28.47491 0.00000 0.00000 0.00000 5.20878 -38.00563 -46.83431 -9.94162 -1.52496 17.39932 0.00000 18.82810 -0.00000 -24.72546 -9.40652 19.54104 7.12502 -0.00000 -0.00000 0.16759 0.12459 -8.37264
0.13152 0.97485 -0.71020 15.65268 11.94016 282.00705 -0.00000 0.00000 -0.00000 -15.13897 -49.90934 4.68818 -4.68134 35.00817 14.76956 15.54191 -34.66380 23.62566 -0.15429 6.94660 2.54165 -0.00000 0.00000 -0.00000 36.89709 -27.22813 4.67407 4.31267 33.82736 -14.11734 -6.57428 -16.52749 -29.98528 0.77886 -15.40264 5.75484 8.51390 -1.16208 2.76313 6.28538 -11.80593 4.21161 1.17517 -12.01752 1.27287 16.09097 -6.91306 19.05905 -33.40197 18.03956 32.14766 -8.37453 14.04538 13.08688 -0.00000 0.00000 0.00000 -27.46063 -24.99759 32.24462 16.82136 -4.55050 -30.08179 -0.00000 46.94680 0.00000 35.52818 -2.55544 -3.57305 -7.12502 -0.00000 0.00000 8.23301 -2.91783 25.61754 -0.00000 0.00000 0.00000 3.30993 -39.67322 -48.04078 -9.63954 -1.43189 16.85978 0.00000 18.93040 -0.00000 -25.52200 -10.33255 20.58956 7.12502 -0.00000 -0.00000 -0.63867 -0.49820 -7.04530
0.12576 0.97511 -0.69796 12.84053 15.20328 291.71271 -0.00000 0.00000 -0.00000 -15.42321 -49.91781 2.97324 -4.34712 33.94080 14.17913 15.73059 -36.02222 22.53880 -0.66557 14.27222 5.31245 -0.00000 0.00000 -0.00000 37.29945 -26.13093 1.53951 3.96016 32.62640 -13.47405 -8.92504 -19.14973 -33.34467 0.78170 -15.42975 5.76551 10.00252 -1.04659 2.66710 5.91983 -11.45081 4.21186 -0.06104 -11.57697 1.16576 15.60142 -7.70213 17.68605 -32.59952 21.78271 30.99831 -7.94781 14.93960 12.22633 0.00000 0.00000 0.00000 -28.86643 -25.14379 31.50273 15.84572 -4.00778 -28.22485 -0.00000 48.03300 0.00000 35.63095 -2.75294 -3.83367 -7.12502 -0.00000 0.00000 8.32099 -3.00272 25.29467 0.00000 0.00000 0.00000 3.02503 -41.36992 -50.36864 -9.71873 -1.45599 17.00111 0.00000 15.73070 -0.00000 -28.08405 -11.80632 20.97912 7.12502 -0.00000 -0.00000 -2.78819 -2.25515 -6.06265
0.11808 0.97490 -0.68310 10.40498 16.84554 300.16881 -0.00000 0.00000 -0.00000 -16.95775 -49.23609 1.92682 -4.11751 33.17171 13.76374 22.33222 -43.44608 25.94601 -2.09372 24.58690 9.58659 -0.00000 0.00000 -0.00000 37.31764 -25.31634 -0.04077 3.93807 32.54862 -13.43305 -13.67890 -24.14527 -36.44936 0.26253 -9.04033 3.31985 9.77549 -1.50033 2.33671 6.29203 -11.26272 3.75262 0.59148 -11.15650 1.04282 12.78524 -7.78842 16.15313 -31.43257 25.32615 29.81046 -7.08766 15.29457 11.20938 0.00000 0.00000 0.00000 -30.17054 -27.99472 31.46731 15.09969 -3.61989 -26.82057 -0.00000 44.90860 0.00000 34.01207 -1.63201 -2.41669 -7.12502 -0.00000 0.00000 6.87206 -2.23422 27.07496 0.00000 0.00000 0.00000 2.71068 -42.64281 -48.43512 -9.32158 -1.33727 16.29303 0.00000 9.87804 -0.00000 -28.10732 -11.85386 21.03635 7.12502 -0.00000 -0.00000 -2.81406 -2.28192 -5.99141
0.10830 0.97358 -0.66687 9.01071 17.37260 308.74838 -0.00000 0.00000 -0.00000 -19.17822 -48.83344 2.66816 -3.99620 32.75267 13.54079 21.58164 -40.29599 27.83926 -1.84901 23.21836 8.98268 -0.00000 0.00000 -0.00000 35.57484 -26.21008 -2.16006 4.37688 34.03827 -14.23236 -14.90754 -24.46230 -39.31257 0.55827 -13.10073 4.85897 8.33949 -3.46281 2.09020 5.49436 -10.79285 3.06997 0.73263 -9.45373 0.91597 11.37022 -9.29282 14.07465 -29.31768 29.45012 27.35033 -6.31318 16.18606 9.70915 -0.00000 0.00000 -0.00000 -32.00563 -29.11205 31.00355 14.63492 -3.38975 -25.95203 -0.00000 43.48910 0.00000 34.28809 0.03237 0.04747 -7.12502 -0.00000 0.00000 7.20316 -1.93690 30.02792 -0.00000 0.00000 -0.00000 -4.84620 -50.56477 -54.20047 -9.18185 -1.29677 16.04431 0.00000 15.82400 -0.00000 -28.32585 -11.61582 20.48271 7.12502 -0.00000 -0.00000 -2.92491 -2.32232 -6.58298
0.09738 0.97158 -0.64781 7.11421 18.43783 316.33009 -0.00000 0.00000 -0.00000 -19.33567 -48.68981 5.05117 -4.30754 33.81041 14.10813 12.65823 -29.20110 24.22941 -0.01725 2.32986 0.84850 -0.00000 0.00000 -0.00000 35.19354 -26.08387 -2.53125 4.87771 35.60876 -15.10931 -15.60984 -24.55244 -41.11106 0.64158 -14.01967 5.21427 7.65733 -5.10819 2.20548 5.15653 -10.89331 3.04095 0.82307 -8.60279 0.99175 9.41701 -8.93357 11.55558 -26.18415 32.99140 23.74389 -5.62882 16.31466 8.05090 0.00000 0.00000 -0.00000 -33.07960 -31.41004 31.14529 14.19199 -3.17845 -25.12852 -0.00000 44.74830 0.00000 33.98098 1.87976 2.78616 -7.12502 -0.00000 0.00000 7.05506 -1.46754 33.30837 0.00000 0.00000 -0.00000 -6.99408 -53.92651 -57.32398 -9.24883 -1.31610 16.16351 0.00000 12.30310 -0.00000 -28.65416 -12.02659 20.87242 7.12502 -0.00000 -0.00000 -3.23803 -2.62034 -6.05854
0.08807 0.96960 -0.62116 3.42197 18.16143 323.18613 -0.00000 0.00000 -0.00000 -20.14127 -44.35127 2.41586 -4.59018 34.72284 14.61008 10.52119 -27.80310 20.83605 -0.03127 -3.13573 -1.14253 -0.00000 0.00000 -0.00000 34.21971 -23.58975 -4.94269 5.31835 36.89172 -15.85444 -11.10659 -19.99267 -40.86540 0.80882 -15.68628 5.86664 8.80643 -5.57764 2.73891 4.83690 -9.67619 3.63281 -0.13593 -6.88232 1.29285 9.49100 -10.27780 9.72542 -24.67025 36.00329 21.14742 -5.69596 17.51095 6.88234 0.00000 0.00000 0.00000 -35.63861 -33.49933 29.95253 13.67219 -2.94028 -24.16708 -0.00000 43.53510 0.00000 33.29837 1.70339 2.59118 -7.12502 -0.00000 0.00000 6.39727 -1.35908 33.05556 0.00000 0.00000 0.00000 -10.82323 -58.72843 -62.81992 -9.16084 -1.29074 16.00694 0.00000 11.38460 -0.00000 -29.05103 -11.92237 20.40066 7.12502 -0.00000 -0.00000 -3.50549 -2.79118 -6.51794
0.08075 0.96191 -0.60317 2.18663 19.00179 330.13325 -0.00000 0.00000 -0.00000 -23.07645 -44.33404 -0.51941 -5.10476 36.28057 15.49610 9.41022 -27.12936 18.79794 -0.13365 -6.46821 -2.36496 -0.00000 0.00000 -0.00000 32.68570 -26.06855 -5.13016 7.52389 42.25891 -19.31191 -5.32482 -13.79635 -38.66435 1.94883 -23.78936 9.23297 7.92368 -7.20129 2.78074 4.23528 -8.97228 3.46725 -0.13304 -5.19674 1.34553 7.20194 -12.52861 7.79429 -20.48529 38.63267 17.68887 -4.35161 18.20239 5.38054 -0.00000 0.00000 -0.00000 -39.79211 -33.63869 28.42383 13.38829 -2.81460 -23.64413 -0.00000 41.36300 0.00000 32.36779 2.64677 4.16697 -7.12502 -0.00000 0.00000 5.60800 -1.00342 34.88785 -0.00000 0.00000 -0.00000 -1.98633 -60.40596 -58.28428 -9.24874 -1.31607 16.16334 0.00000 4.51478 -0.00000 -30.30343 -11.05273 18.16111 7.12502 -0.00000 -0.00000 -4.29580 -3.14365 -8.86838
0.07509 0.95181 -0.58429 0.05813 18.74663 335.18840 -0.00000 0.00000 -0.00000 -23.85233 -43.06273 -0.98981 -5.54742 37.52615 16.23324 9.59896 -29.66471 16.46024 -0.00283 -0.94439 -0.34376 -0.00000 0.00000 -0.00000 30.44915 -28.86712 -4.21873 12.05804 49.88117 -25.59076 3.34486 -1.25570 -35.55223 1.59238 -21.65846 8.31040 7.93196 -6.80636 2.93400 4.37557 -8.69433 3.73264 -0.01132 -5.11230 1.50259 5.01555 -11.73168 5.99534 -17.32557 40.07343 14.54302 -3.60157 17.95231 4.18884 -0.00000 0.00000 0.00000 -40.32368 -36.55657 31.42578 11.94845 -2.22376 -21.01357 -0.00000 46.42500 0.00000 33.16001 3.10952 4.74587 -7.12502 -0.00000 0.00000 6.40575 -1.06360 35.61182 -0.00000 0.00000 0.00000 -5.78135 -66.04455 -62.53872 -9.26344 -1.32034 16.18950 0.00000 5.02287 -0.00000 -29.72086 -11.49216 19.23893 7.12502 -0.00000 -0.00000 -3.92523 -2.99331 -7.72730
0.07225 0.94219 -0.56716 -2.25340 17.91069 339.67534 -0.00000 0.00000 -0.00000 -23.84648 -40.92483 -0.13869 -5.70383 37.94748 16.48880 10.08145 -32.64925 14.75040 -0.00000 0.01114 0.00406 -0.00000 0.00000 -0.00000 27.47200 -32.88159 -3.94701 18.27896 56.48888 -33.34418 7.35893 14.55156 -26.33310 1.62630 -21.87294 8.40188 8.77498 -5.24111 2.82353 4.40368 -8.20570 3.74981 -0.52460 -5.42879 1.47113 4.06908 -10.49983 4.57876 -14.87623 40.38403 11.66495 -3.34772 17.29674 3.27822 0.00000 0.00000 0.00000 -43.29660 -35.98813 34.00281 11.06652 -1.89920 -19.41843 -0.00000 47.42380 0.00000 33.70474 3.48222 5.20287 -7.12502 -0.00000 0.00000 6.96368 -1.08510 36.18672 0.00000 0.00000 0.00000 2.70024 -69.61462 -56.15106 -9.36320 -1.34946 16.36714 0.00000 2.09183 -0.00000 -30.30300 -11.99064 19.56939 7.12502 -0.00000 -0.00000 -4.43386 -3.44675 -7.21181
0.06884 0.93156 -0.55444 -3.79835 17.21588 343.16165 -0.00000 0.00000 -0.00000 -24.10642 -40.20708 -1.65781 -6.73720 40.51681 18.12220 10.43446 -34.79591 13.70129 -0.01313 2.03295 0.74026 -0.00000 0.00000 -0.00000 25.81311 -37.98478 -0.89092 25.19721 61.18172 -41.41891 2.17789 0.03905 -26.66869 0.85610 -16.12228 6.03915 8.71380 -3.33616 2.54638 4.69573 -7.63260 3.61307 -0.26300 -5.92183 1.41728 3.25533 -10.35224 3.62960 -12.78819 40.85809 9.65130 -2.94339 17.18913 2.62363 0.00000 0.00000 0.00000 -50.09959 -31.97644 34.91501 9.95131 -1.52800 -17.41664 -0.00000 45.62730 0.00000 29.89750 5.50776 9.47713 -7.12502 -0.00000 0.00000 3.65036 -0.26167 40.90534 0.00000 0.00000 0.00000 20.91131 -71.50136 -40.39665 -9.56283 -1.40875 16.72295 0.00000 -2.07210 0.00000 -30.15086 -12.59470 20.57576 7.12502 -0.00000 -0.00000 -4.41452 -3.57646 -6.06077
0.06454 0.91599 -0.54319 -3.64786 16.34759 344.42745 -0.00000 0.00000 -0.00000 -25.01308 -41.08064 -2.00624 -8.81139 44.79018 21.18092 10.88837 -36.46472 13.29023 -0.00078 -0.49546 -0.18034 -0.00000 0.00000 -0.00000 24.80932 -43.64723 6.21560 29.42936 63.23959 -46.20142 -2.63131 -10.07338 -28.90654 0.31011 -9.81550 3.61030 8.04163 -1.56422 2.63197 4.12936 -6.79601 3.86041 -0.56406 -6.00069 1.57836 3.31182 -11.06689 2.78985 -10.75955 41.59189 7.59102 -2.77069 17.54646 2.04935 0.00000 0.00000 -0.00000 -57.21571 -27.39861 34.48230 8.11992 -1.01023 -14.16081 -0.00000 44.23130 0.00000 25.36927 6.57870 13.58313 -7.12502 -0.00000 0.00000 -0.39739 -0.00031 45.04480 0.00000 0.00000 -0.00000 48.00500 -64.60732 -18.17592 -10.31923 -1.64569 18.07529 0.00000 -12.84200 0.00000 -30.76862 -12.85128 20.48469 7.12502 -0.00000 -0.00000 -4.90211 -3.97945 -6.02193
0.05528 0.90225 -0.53501 -3.38207 17.13238 347.57662 -0.00000 0.00000 -0.00000 -26.96278 -43.04033 -4.94033 -10.92225 48.27382 24.08777 9.40912 -38.32286 9.38015 -0.05374 4.10846 1.49810 -0.00000 0.00000 -0.00000 25.21777 -50.22592 13.31041 26.11456 61.67004 -42.46347 -9.11967 -20.44362 -29.98372 0.01686 -2.30326 0.83880 6.74568 -0.90410 1.96836 3.63883 -6.68540 2.99492 -0.30628 -6.33439 1.20463 2.83954 -11.23369 2.00525 -8.12080 41.56913 5.41963 -2.25721 17.32636 1.46673 -0.00000 0.00000 0.00000 -66.76473 -18.73392 32.67146 6.79072 -0.70364 -11.81798 -0.00000 40.48290 0.00000 17.64404 6.26004 18.92309 -7.12502 -0.00000 0.00000 -7.58030 -0.62654 49.69739 -0.00000 0.00000 0.00000 62.99041 -57.08770 -7.01809 -10.79516 -1.80489 18.92985 0.00000 -19.46590 0.00000 -29.26174 -12.38066 20.94009 7.12502 -0.00000 -0.00000 -3.73739 -3.04948 -5.84075
0.04741 0.89819 -0.52408 -2.44558 16.25338 349.71857 -0.00000 0.00000 -0.00000 -28.68649 -41.22569 -5.84010 -11.12730 48.57624 24.36187 8.84698 -38.61488 8.22345 -0.04217 3.64050 1.32694 -0.00000 0.00000 -0.00000 24.19883 -53.04793 18.31950 17.52312 55.83803 -32.43425 -15.76699 -30.02529 -30.12115 0.00082 -0.50660 0.18439 4.73165 1.12690 1.32836 3.08681 -6.05519 2.17996 0.28350 -6.89914 0.89767 2.71781 -11.47195 1.61764 -6.79186 40.81020 4.26750 -2.03246 16.86214 1.17832 -0.00000 0.00000 -0.00000 -83.54118 3.72347 32.03109 7.04116 -0.75705 -12.25828 -0.00000 25.01230 0.00000 9.01111 4.04276 23.96840 -7.12502 -0.00000 0.00000 -15.93582 -2.38829 53.30326 -0.00000 0.00000 -0.00000 70.89719 -42.99481 -2.42626 -11.23994 -1.96083 19.73121 0.00000 -25.92620 0.00000 -29.99795 -12.12194 19.98878 7.12502 -0.00000 -0.00000 -4.22927 -3.33761 -6.78698
0.04063 0.89797 -0.51069 -2.07866 15.26124 350.71784 -0.00000 0.00000 -0.00000 -29.33519 -38.36504 -6.40325 -10.67746 47.90524 23.75884 9.77775 -39.02208 9.59658 -0.00320 1.00296 0.36509 -0.00000 0.00000 -0.00000 25.13225 -53.77604 22.83568 9.87625 46.63760 -22.66821 -13.18904 -24.91854 -33.08890 0.18318 -7.56448 2.77043 3.37045 2.81586 0.99926 2.88524 -5.09315 1.71796 0.88192 -6.88317 0.74877 2.45105 -12.23288 1.43462 -5.90404 39.99228 3.66030 -1.78145 16.55546 1.01275 0.00000 0.00000 0.00000 -106.03369 32.80858 41.15142 10.78697 -1.80209 -18.91512 -0.00000 0.48420 0.00000 1.76930 0.92587 27.61440 -7.12502 -0.00000 0.00000 -23.27454 -4.46983 55.26960 0.00000 0.00000 0.00000 74.67642 -24.87200 -2.10593 -13.58924 -2.90324 24.01412 0.00000 -38.26560 0.00000 -30.99037 -10.47390 16.83899 7.12502 -0.00000 -0.00000 -4.74446 -3.29608 -10.28768
0.03238 0.89576 -0.49584 -0.39986 13.83178 351.00959 -0.00000 0.00000 -0.00000 -31.13514 -35.09618 -6.73335 -10.25850 47.25449 23.19132 11.74906 -39.65691 12.54953 -0.03694 -3.40741 -1.24176 -0.00000 0.00000 -0.00000 24.99035 -55.58299 23.86512 6.02631 38.78766 -17.00832 -6.48845 -15.91203 -32.53220 0.63247 -13.92243 5.17654 0.89599 3.20658 0.97481 2.14730 -3.14141 1.45037 1.56293 -5.07923 0.72750 2.43103 -13.73036 1.24967 -4.88519 38.61471 2.91552 -1.56849 16.15114 0.84407 -0.00000 0.00000 0.00000 -129.48188 51.13018 60.59560 17.49589 -4.95013 -31.38050 -0.00000 -15.69840 -0.00000 -0.88784 -0.51264 29.99983 -7.12502 -0.00000 0.00000 -25.96687 -5.84518 56.81101 -0.00000 0.00000 0.00000 76.83459 -8.77871 -2.36655 -16.52533 -4.38148 29.51577 0.00000 -49.35640 0.00000 -30.05319 -8.71170 14.66968 7.12502 -0.00000 -0.00000 -3.77588 -2.36365 -12.99862
0.02255 0.89472 -0.47662 1.00167 12.67785 352.05824 -0.00000 0.00000 -0.00000 -31.77805 -31.94767 -5.51292 -9.59022 46.16071 22.27324 11.56340 -39.78245 12.15295 -0.07474 -4.84322 -1.76728 -0.00000 0.00000 -0.00000 24.32252 -57.82192 21.66232 4.22336 33.53007 -13.95628 0.61129 -5.15584 -33.81161 1.00840 -17.44250 6.56659 -1.39926 4.11467 0.38751 1.73123 -2.56592 0.50917 2.52747 -4.99349 0.33161 2.32021 -13.65204 1.44117 -4.57461 38.03914 3.09367 -1.35429 15.83356 0.94435 0.00000 0.00000 0.00000 -146.79955 56.26232 78.79779 23.38746 -9.42552 -43.43510 -0.00000 -19.71790 -0.00000 -3.67839 -2.03147 28.87226 -7.12502 -0.00000 0.00000 -29.10325 -5.69903 55.11451 0.00000 0.00000 0.00000 77.38696 5.99248 -5.63496 -19.75151 -6.44179 35.82645 0.00000 -57.10110 0.00000 -29.80563 -6.75610 11.60545 7.12502 -0.00000 -0.00000 -3.33618 -1.80672 -16.59312
0.01209 0.89492 -0.45355 1.60806 11.23164 353.42008 -0.00000 0.00000 -0.00000 -31.30514 -27.84273 -3.64519 -8.65720 44.50546 20.96151 10.76107 -39.82969 10.77240 -0.16195 -7.11585 -2.60425 -0.00000 0.00000 -0.00000 24.20913 -57.08201 20.66085 3.33973 30.31199 -12.28586 -0.21225 -7.39256 -38.83154 0.00351 -1.05044 0.38237 -2.59095 4.93784 -0.09289 1.41356 -2.01965 -0.23885 2.95661 -4.84943 -0.01331 2.17829 -13.49529 1.50888 -3.97589 37.80552 3.00479 -1.10955 15.66106 0.97083 -0.00000 0.00000 -0.00000 -162.35650 58.80472 97.35740 27.66095 -14.15388 -53.52194 -0.00000 -20.50070 -0.00000 -6.76811 -3.50126 27.22980 -7.12502 -0.00000 0.00000 -32.50517 -5.11997 52.97260 -0.00000 0.00000 -0.00000 77.83598 16.97025 -10.24633 -22.64766 -8.75297 41.83201 0.00000 -65.85580 0.00000 -28.14925 -5.32230 9.83514 7.12502 -0.00000 -0.00000 -1.77010 -0.87078 -18.81365
0.00025 0.89503 -0.42865 2.10283 10.12448 355.26705 -0.00000 0.00000 -0.00000 -30.87153 -23.64340 -2.48709 -7.66426 42.55297 19.52006 10.00839 -39.39740 9.76403 -0.35256 -10.45642 -3.85155 -0.00000 0.00000 -0.00000 24.72718 -54.85915 22.86144 2.92879 28.60934 -11.45043 -13.47476 -22.70281 -40.01631 2.49109 26.60984 -10.50614 -3.57738 5.09540 -0.86444 1.07000 -1.56287 -1.35315 3.27617 -4.36955 -0.55787 2.67975 -12.56001 1.81302 -4.02116 36.81981 3.30586 -1.14509 14.97019 1.17497 0.00000 0.00000 0.00000 -171.07560 59.82879 110.23923 30.76515 -18.90905 -62.37225 -0.00000 -20.45660 -0.00000 -10.81753 -5.08218 24.87270 -7.12502 -0.00000 0.00000 -36.78954 -3.86009 50.14408 0.00000 0.00000 0.00000 78.21722 24.45618 -14.35186 -24.69212 -10.70533 46.34840 0.00000 -71.08070 0.00000 -23.48363 -2.91425 6.67431 7.12502 -0.00000 -0.00000 2.60153 1.06748 -22.70524
-0.01129 0.89726 -0.39806 2.87532 9.88502 357.32048 -0.00000 0.00000 -0.00000 -30.88310 -18.90586 -1.49175 -6.14738 39.09365 17.20093 9.39109 -38.78466 9.07073 -0.59401 -13.50340 -5.01430 -0.00000 0.00000 -0.00000 24.79086 -51.31461 27.42073 2.63330 27.28314 -10.81995 -24.22076 -39.45299 -32.68489 8.33502 43.89518 -20.49939 -4.56764 3.64067 -1.75038 0.80010 -1.16771 -2.53532 3.59476 -3.00876 -1.16753 3.07318 -12.92047 2.23824 -4.32685 36.49377 3.92124 -1.15741 14.92768 1.44220 0.00000 0.00000 -0.00000 -178.14575 61.67936 121.68393 32.75575 -23.07957 -69.57690 -0.00000 -20.96610 -0.00000 -14.38253 -5.90994 21.87697 -7.12502 -0.00000 0.00000 -40.31387 -1.77602 47.09192 0.00000 0.00000 -0.00000 77.52087 29.39858 -17.52039 -25.93143 -12.04499 49.23705 0.00000 -74.53630 0.00000 -15.48175 -1.27022 4.57581 7.12502 -0.00000 -0.00000 10.01979 3.63104 -25.28001
-0.02343 0.90122 -0.36346 3.44882 10.76768 359.12855 -0.00000 0.00000 -0.00000 -30.59910 -14.73021 -1.03658 -4.64689 34.90084 14.70943 8.67771 -37.97795 8.29415 -0.56932 -13.22666 -4.90749 -0.00000 0.00000 -0.00000 24.99176 -47.25498 33.00422 2.35111 25.92236 -10.18983 -24.58228 -53.08519 -21.51125 13.54733 51.76413 -27.51160 -5.43770 0.63136 -2.55183 0.71066 -0.97596 -3.46622 3.86422 -0.99012 -1.68416 2.25833 -12.84271 2.36531 -3.64077 35.33972 4.05768 -0.69072 14.33641 1.49651 -0.00000 0.00000 -0.00000 -185.47539 65.17539 133.56661 33.96220 -26.54837 -75.37591 -0.00000 -25.40060 -0.00000 -19.45706 -7.63559 20.61203 -7.12502 -0.00000 0.00000 -45.32332 -0.20899 45.20664 -0.00000 0.00000 -0.00000 76.35487 32.86053 -20.60728 -26.60934 -12.83554 50.87706 0.00000 -75.35730 0.00000 -8.98208 -0.28385 1.79518 7.12502 -0.00000 -0.00000 16.21343 5.04270 -28.18084
-0.03646 0.90239 -0.32591 3.86237 12.67836 361.59260 -0.00000 0.00000 -0.00000 -30.31177 -10.61915 -1.58879 -3.21157 29.79711 12.02997 8.50416 -36.25131 9.01454 -1.53260 -21.27380 -8.14706 -0.00000 0.00000 -0.00000 25.41664 -47.69685 32.08178 2.48705 26.59034 -10.49711 -26.40895 -52.29183 -24.25737 15.26723 53.67572 -29.67275 -5.83678 0.06294 -3.63750 0.39998 -4.15114 -4.99856 4.04336 -3.78848 -2.28318 1.83090 -10.27636 2.67147 -3.57417 35.86926 4.65268 -0.45516 13.99581 1.72354 0.00000 0.00000 0.00000 -190.73255 65.30908 143.15320 34.64304 -29.29724 -79.93326 -0.00000 -32.34790 -0.00000 -24.84421 -9.75696 20.10379 -7.12502 -0.00000 0.00000 -50.59105 1.42440 43.82990 0.00000 0.00000 0.00000 77.92675 35.95649 -29.26468 -26.64525 -12.87866 50.96528 0.00000 -71.41930 0.00000 2.96018 0.19699 3.80391 7.12502 -0.00000 -0.00000 26.81962 9.79983 -26.39341
-0.04769 0.90585 -0.28652 3.96428 14.74260 363.56269 -0.00000 0.00000 -0.00000 -29.63234 -5.71550 -2.15601 -1.89681 23.49407 9.10325 8.07384 -34.10600 9.55620 -2.39066 -26.11923 -10.28000 -0.00000 0.00000 -0.00000 26.14164 -48.02112 31.22609 2.61844 27.21391 -10.78750 -35.23362 -49.83177 -36.43703 11.78037 49.50303 -25.22664 -5.79784 -3.39596 -4.40170 0.04319 -5.24987 -5.83067 3.46655 -2.95352 -2.71506 1.56921 -9.92329 2.89778 -3.62194 35.24651 5.05962 -0.32864 13.63455 1.87711 0.00000 0.00000 -0.00000 -200.20875 70.34448 157.73581 34.98298 -31.28164 -83.23715 -0.00000 -41.43330 -0.00000 -28.78257 -12.02380 20.76684 -7.12502 -0.00000 0.00000 -54.56758 2.21005 43.42830 0.00000 0.00000 -0.00000 77.15452 37.93414 -32.97904 -26.15870 -12.30520 49.78174 0.00000 -68.38070 0.00000 10.49855 1.06972 5.75278 7.12502 -0.00000 -0.00000 33.14185 13.95898 -24.72316
-0.05775 0.91192 -0.24982 2.54482 17.43938 364.51664 -0.00000 0.00000 -0.00000 -27.29857 -2.04519 -3.39369 -0.99347 17.31824 6.51661 8.30590 -30.37574 12.81769 -2.81825 -28.12406 -11.21776 -0.00000 0.00000 -0.00000 28.80502 -48.02983 31.56728 2.44565 26.38944 -10.40429 -37.76339 -47.57376 -41.22868 11.28673 48.80751 -24.57411 -4.01852 -6.00031 -4.76876 0.05058 -7.45321 -6.27488 2.47515 -3.95186 -2.94489 1.68572 -9.12782 3.37195 -3.85217 34.75280 5.80095 -0.27444 13.25891 2.20678 -0.00000 0.00000 -0.00000 -212.64807 75.87102 174.92452 35.09278 -32.16720 -84.72183 -0.00000 -46.86390 -0.00000 -32.85485 -14.16146 20.74838 -7.12502 -0.00000 0.00000 -58.44658 4.11643 42.47597 -0.00000 0.00000 -0.00000 76.70265 40.36752 -37.36443 -25.26053 -11.30374 47.65708 0.00000 -67.13110 0.00000 14.74884 1.69259 6.40173 7.12502 -0.00000 -0.00000 36.66220 16.44574 -24.17615
-0.06795 0.91837 -0.20901 1.96627 18.80338 365.30322 -0.00000 0.00000 -0.00000 -25.24798 7.02520 -2.01110 -0.04505 3.76227 1.37146 6.33057 -22.82729 15.02426 -3.90693 -32.43838 -13.37507 -0.00000 0.00000 -0.00000 29.58662 -47.14243 30.16072 2.49040 26.60651 -10.50460 -36.98967 -45.56785 -42.31560 9.65231 46.26537 -22.35924 -2.98322 -8.33374 -4.92788 -0.47004 -8.86855 -6.46876 1.28095 -4.32896 -3.08775 1.01214 -7.00264 3.61518 -2.04272 31.86882 5.60113 0.32128 11.53383 2.35323 -0.00000 0.00000 0.00000 -246.97545 79.63908 214.52847 35.09295 -32.16870 -84.72434 -0.00000 -48.47520 -0.00000 -32.70823 -13.63073 20.15149 -7.12502 -0.00000 0.00000 -58.14846 4.54440 42.18192 -0.00000 0.00000 0.00000 76.16207 41.47397 -41.07923 -24.32598 -10.33342 45.51873 0.00000 -65.04320 0.00000 18.47500 2.15858 6.43201 7.12502 -0.00000 -0.00000 39.78773 18.51061 -24.13227
-0.07732 0.92750 -0.17411 1.79012 21.55743 366.03310 -0.00000 0.00000 -0.00000 -23.94172 8.34120 -2.44299 -0.00000 -0.00000 -0.00000 4.34395 -18.60161 13.02851 -4.07312 -33.01944 -13.68246 -0.00000 0.00000 -0.00000 30.48613 -48.65493 29.22453 2.53834 26.83626 -10.61122 -35.04077 -42.26376 -43.61298 8.09659 43.42957 -20.15406 -2.63806 -10.81709 -5.37318 -0.92493 -10.89101 -7.05122 0.59491 -5.24642 -3.38882 0.21222 -5.42098 4.15887 -0.87750 28.92080 6.08847 0.82115 10.02812 2.69487 0.00000 0.00000 0.00000 -289.77089 77.60626 261.28416 34.92658 -30.89313 -82.58817 -0.00000 -47.71750 -0.00000 -32.25668 -12.79713 19.33928 -7.12502 -0.00000 0.00000 -57.51496 4.99689 41.82575 0.00000 0.00000 0.00000 73.96311 42.54746 -43.24157 -23.02934 -9.09540 42.65502 0.00000 -61.73570 0.00000 22.88977 1.53621 3.63322 7.12502 -0.00000 -0.00000 44.11083 19.05671 -26.38655
-0.08617 0.93689 -0.14093 1.32065 23.11916 366.91504 -0.00000 0.00000 -0.00000 -22.60279 8.47320 -3.16283 -0.00000 -0.00000 -0.00000 3.50678 -15.91944 12.94703 -3.22665 -29.85841 -12.06028 -0.00000 0.00000 -0.00000 30.90132 -48.12353 29.02027 2.63739 27.30215 -10.82888 -36.12347 -45.66255 -41.25990 8.56224 44.32777 -20.82582 -2.16621 -12.30495 -5.60263 -1.32812 -12.36210 -7.38914 -0.06245 -6.17769 -3.58930 -0.03135 -4.66525 4.61102 0.07788 26.37678 6.45739 1.12062 8.92599 2.99972 -0.00000 0.00000 -0.00000 -307.80703 70.29373 282.87588 34.53788 -28.80022 -79.10885 -0.00000 -47.13670 -0.00000 -32.90302 -13.49753 19.83666 -7.12502 -0.00000 0.00000 -58.24481 4.92023 41.96125 -0.00000 0.00000 -0.00000 70.80319 42.70550 -43.93382 -21.36427 -7.66890 39.12241 0.00000 -57.48430 0.00000 24.60099 1.90421 4.15093 7.12502 -0.00000 -0.00000 45.36583 20.53663 -25.89623
-0.09357 0.94522 -0.11220 0.90707 24.81071 367.25525 -0.00000 0.00000 -0.00000 -21.60682 7.99947 -3.48891 -0.00000 -0.00000 -0.00000 3.07919 -13.21561 15.53315 -1.53359 -21.28022 -8.14978 -0.00000 0.00000 -0.00000 31.42392 -48.37114 27.22023 2.46074 26.46292 -10.43820 -33.71542 -41.83772 -42.54155 6.96913 41.04783 -18.47726 -1.63705 -13.41305 -5.70997 -1.78084 -13.95644 -7.61179 -0.73782 -7.51711 -3.74958 -0.09210 -3.84330 5.12016 1.37122 23.78527 6.83838 1.46546 7.83305 3.34475 0.00000 0.00000 0.00000 -313.27835 63.16593 292.03825 33.91944 -26.40292 -75.13447 -0.00000 -43.17700 -0.00000 -32.18049 -12.77451 19.36093 -7.12502 -0.00000 0.00000 -57.44994 4.93833 41.85493 0.00000 0.00000 0.00000 66.47107 42.30643 -43.42650 -19.66142 -6.37737 35.64546 0.00000 -52.55580 0.00000 26.10381 1.90110 3.87334 7.12502 -0.00000 -0.00000 46.63640 21.30796 -26.05804
-0.10144 0.95154 -0.08767 1.26032 25.99808 367.07866 -0.00000 0.00000 -0.00000 -21.38563 8.10503 -3.35606 -0.00000 -0.00000 -0.00000 3.59774 -12.99195 20.60905 -0.62434 -13.83502 -5.14264 -0.00000 0.00000 -0.00000 31.51029 -47.92102 26.80092 2.40537 26.19190 -10.31336 -33.28185 -41.97474 -41.86857 6.65726 40.33018 -17.99891 -2.20253 -13.78336 -5.94813 -2.06757 -15.26103 -7.95217 -0.57281 -8.80422 -3.86168 -0.36371 -2.56775 5.76758 2.14299 20.55133 7.58506 1.65347 6.49420 3.78610 -0.00000 0.00000 -0.00000 -314.71831 55.86820 296.67080 32.92631 -23.50855 -70.30048 -0.00000 -39.13800 -0.00000 -32.66821 -12.87535 19.16328 -7.12502 -0.00000 0.00000 -57.84917 5.36853 41.63450 -0.00000 0.00000 -0.00000 60.84728 41.53011 -42.01722 -18.25698 -5.42600 32.86189 0.00000 -46.38250 0.00000 27.09653 2.40499 4.68860 7.12502 -0.00000 -0.00000 47.18517 22.68954 -25.33400
-0.10915 0.95614 -0.06535 1.63345 26.97817 366.94858 -0.00000 0.00000 -0.00000 -21.24998 8.58382 -3.15515 -0.00000 -0.00000 -0.00000 6.74155 -17.95890 25.76827 -0.07995 5.00844 1.82789 -0.00000 0.00000 -0.00000 31.51849 -46.96522 27.05118 2.33048 25.81886 -10.14255 -34.39728 -43.46072 -41.55517 6.73697 40.51627 -18.12184 -2.91447 -14.07626 -6.12737 -2.42574 -16.19392 -8.20014 -0.44522 -9.71941 -3.91360 -0.41831 -3.23692 6.03278 3.12782 18.64558 7.78767 1.92689 5.95388 3.97299 0.00000 0.00000 0.00000 -314.82147 48.62363 299.78241 31.53729 -20.37805 -64.95221 -0.00000 -34.53020 -0.00000 -33.28824 -12.35491 18.04969 -7.12502 -0.00000 0.00000 -58.12020 6.67863 40.86279 0.00000 0.00000 0.00000 55.01561 40.18418 -39.69081 -16.91871 -4.60692 30.26844 0.00000 -40.20210 0.00000 27.35751 2.24789 4.33509 7.12502 -0.00000 -0.00000 47.48823 22.57516 -25.61200
-0.11607 0.96044 -0.04663 2.05857 28.16048 366.24931 -0.00000 0.00000 -0.00000 -21.30040 8.36590 -2.62097 -0.00000 -0.00000 -0.00000 12.64289 -25.31186 30.64797 -2.53989 26.84365 10.61465 -0.00000 0.00000 -0.00000 32.05208 -45.57113 28.88159 2.16851 24.98512 -9.76497 -36.84377 -45.66685 -42.05619 6.84639 40.76871 -18.28984 -3.59298 -14.40239 -6.34376 -2.60261 -17.18354 -8.51017 -0.12293 -10.68429 -3.97799 0.17567 -3.89551 6.58366 3.47433 17.06718 8.43959 1.95494 5.56029 4.36267 0.00000 0.00000 0.00000 -315.64419 41.85349 302.61191 29.83012 -17.31009 -59.49378 -0.00000 -27.56240 -0.00000 -33.06498 -12.11379 17.86650 -7.12502 -0.00000 0.00000 -57.87028 6.70973 40.80329 0.00000 0.00000 0.00000 48.76269 38.63281 -36.60053 -15.82240 -3.99530 28.18075 0.00000 -34.07180 0.00000 26.72917 1.96062 3.88658 7.12502 -0.00000 -0.00000 47.12497 21.74887 -26.01548
-0.12064 0.96344 -0.02917 1.95239 28.74916 365.65065 -0.00000 0.00000 -0.00000 -21.07354 8.50390 -1.78288 -0.00000 -0.00000 -0.00000 21.55224 -36.96765 31.46701 -6.34488 39.58237 17.51250 -0.00000 0.00000 -0.00000 32.55639 -45.06575 27.59217 2.01841 24.17678 -9.40415 -34.28682 -43.46779 -41.41886 6.22007 39.27501 -17.31598 -3.24343 -14.59524 -6.21084 -2.81492 -18.19438 -8.44549 -0.41115 -11.92092 -3.97234 -0.13889 -2.57181 6.84667 4.65151 14.93913 8.69959 2.21608 4.61012 4.54076 -0.00000 0.00000 -0.00000 -317.31225 35.60080 304.59794 27.83506 -14.38399 -53.97327 -0.00000 -20.63250 -0.00000 -31.57461 -10.58061 16.63428 -7.12502 -0.00000 0.00000 -56.21029 6.96788 40.35889 -0.00000 0.00000 -0.00000 43.01127 35.91791 -33.97337 -14.37572 -3.26516 25.46963 0.00000 -27.80620 0.00000 25.16162 2.28470 4.85078 7.12502 -0.00000 -0.00000 45.62537 21.47493 -25.29307
-0.12414 0.96640 -0.01463 2.19907 29.15603 365.23923 -0.00000 0.00000 -0.00000 -21.02928 8.37952 -1.38449 -0.00000 -0.00000 -0.00000 24.08840 -45.93208 26.20423 -9.37885 45.79945 21.97930 -0.00000 0.00000 -0.00000 32.41848 -44.32405 27.03737 1.92856 23.67489 -9.18261 -33.94934 -43.32226 -41.17932 5.79903 38.19941 -16.64316 -3.23770 -14.49575 -6.21477 -3.09646 -18.83623 -8.54426 -0.59127 -12.84675 -4.02111 -0.11167 -2.64986 7.08755 5.50106 13.26285 8.95997 2.40391 4.06608 4.71050 0.00000 0.00000 0.00000 -320.64110 28.94212 307.06604 25.76633 -11.85892 -48.84446 -0.00000 -12.92420 -0.00000 -31.14651 -9.74241 15.64242 -7.12502 -0.00000 0.00000 -55.58428 7.60330 39.82028 0.00000 0.00000 0.00000 37.54831 32.49533 -31.10382 -13.07391 -2.67900 23.06675 0.00000 -22.83150 0.00000 22.43821 2.55366 6.15806 7.12502 -0.00000 -0.00000 43.10089 20.71776 -24.29193
-0.12651 0.96893 -0.00240 2.05988 29.38918 365.09053 -0.00000 0.00000 -0.00000 -20.48180 8.17909 -1.07246 -0.00000 0.00000 0.00000 19.33671 -52.24188 15.53278 -11.24928 48.75349 24.52433 -0.00000 0.00000 -0.00000 32.59885 -42.51104 28.69307 1.85561 23.25669 -8.99941 -36.62168 -44.52974 -42.96206 5.61831 37.71826 -16.34936 -2.74924 -14.23653 -6.03820 -3.45623 -19.01032 -8.40979 -1.21697 -13.34855 -4.04577 0.11056 -4.35523 7.27186 6.80046 12.26130 9.05012 2.79688 3.98413 4.84482 0.00000 0.00000 -0.00000 -323.06380 21.44663 308.48498 23.92440 -9.93714 -44.61987 -0.00000 -6.57993 -0.00000 -27.67208 -8.20692 15.22796 -7.12502 -0.00000 0.00000 -52.32760 6.35095 40.11820 0.00000 0.00000 -0.00000 33.22826 27.96713 -28.93421 -11.94583 -2.22276 21.00883 0.00000 -18.90030 0.00000 19.20754 2.28953 6.54152 7.12502 -0.00000 -0.00000 40.36773 19.01452 -24.03017
-0.13023 0.96998 0.00541 2.62989 30.23227 364.31581 -0.00000 0.00000 -0.00000 -20.53107 6.94178 -0.81593 -0.00000 0.00000 0.00000 25.72271 -49.65958 25.33697 -11.00197 48.39207 24.19449 -0.00000 0.00000 -0.00000 32.73989 -41.93723 30.24068 1.78875 22.86447 -8.82872 -37.60215 -46.31622 -42.24979 5.93547 38.55474 -16.86294 -3.66590 -14.04123 -5.92368 -3.91549 -19.26126 -8.28675 -1.16321 -13.74305 -3.89115 0.70299 -6.91737 7.17295 8.02201 12.10764 8.65122 3.16070 4.34740 4.77894 0.00000 0.00000 0.00000 -324.82250 13.98586 308.34024 22.08409 -8.26448 -40.63167 -0.00000 -2.00482 -0.00000 -22.56709 -7.23203 16.85242 -7.12502 -0.00000 0.00000 -47.82352 3.29924 42.01526 0.00000 0.00000 0.00000 30.21883 23.73080 -28.09500 -11.25872 -1.96757 19.76512 0.00000 -16.10820 0.00000 16.49463 2.02379 6.80102 7.12502 -0.00000 -0.00000 38.04692 17.64343 -23.82929
-0.13132 0.96994 0.01255 3.05458 30.55312 364.34021 -0.00000 0.00000 -0.00000 -20.55521 6.47854 -1.06002 -0.00000 0.00000 0.00000 27.22686 -51.03501 26.15244 -10.54933 47.70893 23.58589 -0.00000 0.00000 -0.00000 32.32794 -41.76179 30.72790 1.85948 23.27915 -9.00922 -39.16561 -48.13020 -42.21457 6.08095 38.92637 -17.09540 -4.03046 -13.32888 -6.15570 -4.53382 -19.97257 -8.79474 -1.36647 -15.18018 -4.09844 0.49669 -5.83579 7.33084 9.29842 10.18488 8.90145 3.44006 3.51043 4.90253 0.00000 0.00000 0.00000 -328.72126 7.71668 307.33800 20.37624 -6.90024 -37.09017 -0.00000 3.01042 0.00000 -19.50600 -6.58031 17.92643 -7.12502 -0.00000 0.00000 -45.01612 1.73944 43.26233 0.00000 0.00000 0.00000 27.16240 21.10829 -27.41959 -10.71516 -1.77758 18.78599 0.00000 -12.31900 0.00000 15.33741 1.90964 6.92735 7.12502 -0.00000 -0.00000 37.04366 17.09363 -23.72178
-0.12985 0.96925 0.01692 2.49656 30.73798 364.87561 -0.00000 0.00000 -0.00000 -19.77674 6.01351 -1.31006 -0.00000 -0.00000 -0.00000 30.37311 -49.95158 30.75834 -10.69176 47.92700 23.77811 -0.00000 0.00000 -0.00000 32.65761 -41.55191 31.01282 1.87696 23.38012 -9.05335 -40.97032 -49.37147 -42.97930 6.25689 39.36623 -17.37410 -2.84270 -12.97378 -6.09863 -5.09304 -19.85454 -8.86069 -2.64515 -15.52445 -4.37397 0.62417 -6.47318 7.37175 10.39958 8.30023 8.95346 3.68672 3.00533 4.94422 -0.00000 0.00000 -0.00000 -332.13199 0.36642 306.29640 18.98583 -5.90752 -34.29788 -0.00000 7.36422 0.00000 -16.23749 -5.56741 18.42397 -7.12502 -0.00000 0.00000 -41.85741 0.76436 44.14692 -0.00000 0.00000 -0.00000 23.92961 16.01465 -26.09664 -9.89498 -1.51039 17.31594 0.00000 -7.65557 0.00000 14.97490 2.00666 7.45815 7.12502 -0.00000 -0.00000 36.61711 17.23649 -23.26077
-0.13000 0.96868 0.01802 2.99437 31.13095 364.23737 -0.00000 0.00000 -0.00000 -19.92220 5.41452 -0.93890 -0.00000 0.00000 0.00000 31.42486 -50.31423 31.69848 -10.56095 47.72685 23.60161 -0.00000 0.00000 -0.00000 33.04096 -41.59846 32.63400 1.97781 23.95175 -9.30459 -42.52728 -50.35976 -43.70284 6.38312 39.67556 -17.57246 -2.85123 -11.42521 -6.01561 -5.48426 -20.81271 -9.06117 -2.70585 -17.88423 -4.45652 -0.55588 -4.99238 7.63765 11.90740 6.25662 9.54726 4.16848 1.99341 5.16186 -0.00000 0.00000 -0.00000 -337.42961 -5.64056 303.43205 17.57881 -5.00067 -31.54106 -0.00000 12.92050 0.00000 -14.28647 -4.89731 18.53379 -7.12502 -0.00000 0.00000 -39.93102 0.38879 44.53554 -0.00000 0.00000 -0.00000 20.96091 14.35137 -25.81227 -9.45520 -1.37661 16.53105 0.00000 -4.92435 0.00000 14.67152 1.74964 6.65169 7.12502 -0.00000 -0.00000 36.54143 16.56316 -23.95972
-0.12938 0.96780 0.01974 2.98459 31.63542 364.21633 -0.00000 0.00000 -0.00000 -19.89499 4.79650 -0.97459 -0.00000 0.00000 0.00000 33.04506 -51.79157 32.37948 -10.27929 47.28740 23.21963 -0.00000 0.00000 -0.00000 33.28527 -41.97185 33.18368 2.02805 24.22980 -9.42767 -42.96302 -52.16019 -42.64127 6.80832 40.68126 -18.23148 -2.65779 -11.47024 -6.45664 -5.78694 -20.48294 -9.69891 -3.08335 -17.52693 -4.84462 -0.88973 -6.79190 8.09345 13.39499 5.48993 10.12734 4.75504 1.91652 5.51975 0.00000 0.00000 0.00000 -339.70118 -11.18602 302.71084 16.70861 -4.48567 -29.86594 -0.00000 12.24830 0.00000 -11.23485 -4.09273 19.76348 -7.12502 -0.00000 0.00000 -36.96517 -0.74452 45.98914 0.00000 0.00000 0.00000 18.05052 9.16593 -23.29889 -8.90124 -1.21741 15.54549 0.00000 -0.58262 0.00000 14.83373 1.61572 6.07700 7.12502 -0.00000 -0.00000 36.80546 16.28436 -24.45650
-0.12899 0.96694 0.02158 2.66831 32.29665 363.95896 -0.00000 0.00000 -0.00000 -19.67782 3.99812 -0.66001 -0.00000 -0.00000 -0.00000 33.69221 -52.49757 32.55758 -10.03281 46.89302 22.88310 -0.00000 0.00000 -0.00000 34.04538 -42.17254 34.03843 1.97447 23.93311 -9.29636 -43.44862 -51.57760 -43.60098 6.33274 39.55271 -17.49345 -2.32015 -11.33313 -6.40258 -5.98593 -20.72262 -9.71674 -3.45880 -18.06666 -4.93539 -0.79922 -5.75209 8.12918 13.43610 2.88447 10.46601 4.55031 0.97221 5.54980 -0.00000 0.00000 -0.00000 -345.78767 -16.70542 298.59745 15.68661 -3.92311 -27.92426 -0.00000 16.77090 0.00000 -13.38613 -4.39555 17.85133 -7.12502 -0.00000 0.00000 -38.97677 0.69661 44.13913 -0.00000 0.00000 -0.00000 15.33669 4.03509 -22.62845 -8.35782 -1.07118 14.58180 0.00000 4.28385 -0.00000 14.62976 1.93732 7.37918 7.12502 -0.00000 -0.00000 36.34360 16.99979 -23.32827
-0.12922 0.96627 0.02100 2.87455 32.63873 363.56304 -0.00000 0.00000 -0.00000 -19.85560 3.60681 -0.34826 -0.00000 -0.00000 -0.00000 32.79041 -52.13937 31.82107 -9.82000 46.54488 22.59078 -0.00000 0.00000 -0.00000 34.22028 -42.29162 34.57582 1.93448 23.70838 -9.19733 -43.56773 -51.52638 -43.76140 6.17596 39.16518 -17.24623 -2.56743 -10.87983 -6.47524 -6.32563 -20.60341 -9.90081 -3.62519 -18.22763 -5.01816 -0.81887 -6.18376 8.02583 13.76048 1.66243 10.43524 4.60483 0.67346 5.50238 0.00000 0.00000 0.00000 -344.09935 -18.85403 298.27586 15.44616 -3.79717 -27.47115 -0.00000 12.53540 0.00000 -10.49532 -3.99079 20.59012 -7.12502 -0.00000 0.00000 -36.26279 -1.30365 46.77640 0.00000 0.00000 0.00000 15.02175 4.16834 -22.59402 -8.49003 -1.10585 14.81597 0.00000 2.71049 -0.00000 14.66793 1.55474 5.91801 7.12502 -0.00000 -0.00000 36.69872 16.09807 -24.59378
-0.12842 0.96536 0.02154 2.74456 32.75907 363.58274 -0.00000 0.00000 -0.00000 -19.75678 3.65153 -0.14376 -0.00000 -0.00000 -0.00000 32.96680 -51.69123 32.36973 -9.24668 45.56960 21.79458 -0.00000 0.00000 -0.00000 34.40700 -42.44032 34.67545 1.94688 23.77841 -9.22815 -43.47540 -51.55590 -43.64546 6.04555 38.83663 -17.03902 -2.47767 -10.74210 -6.49709 -6.53096 -20.28057 -9.93584 -3.93999 -17.92223 -5.08157 -1.23465 -7.09603 8.08946 14.35866 1.53489 10.53252 4.90012 0.71945 5.58812 -0.00000 0.00000 -0.00000 -345.79104 -21.81608 296.12886 15.00196 -3.57078 -26.63755 -0.00000 14.19190 0.00000 -11.89655 -4.56150 20.68178 -7.12502 -0.00000 0.00000 -37.69261 -1.24446 46.61002 -0.00000 0.00000 -0.00000 13.61748 1.18251 -22.02462 -8.36475 -1.07298 14.59405 0.00000 4.99728 -0.00000 15.92546 1.51605 5.29740 7.12502 -0.00000 -0.00000 37.90403 16.35006 -25.12220
-0.12846 0.96488 0.02085 2.22793 33.18057 363.71851 -0.00000 0.00000 -0.00000 -19.27385 3.16197 -0.00642 -0.00000 -0.00000 -0.00000 33.05794 -49.80518 34.00315 -9.04025 45.20434 21.50459 -0.00000 0.00000 -0.00000 35.17209 -42.68696 35.12890 1.90322 23.53072 -9.11931 -43.23601 -51.55295 -43.40989 6.20866 39.24666 -17.29795 -2.23559 -10.34894 -6.57189 -6.54562 -20.53758 -10.12885 -3.96083 -18.59845 -5.20387 -1.29809 -7.54452 8.09992 14.34020 2.46331 10.43715 4.98292 1.06340 5.59815 -0.00000 0.00000 -0.00000 -345.27877 -22.69061 295.82655 14.90247 -3.52117 -26.45145 -0.00000 14.45540 0.00000 -13.37522 -4.98529 20.07579 -7.12502 -0.00000 0.00000 -39.14738 -0.71768 45.88152 -0.00000 0.00000 -0.00000 13.68728 4.13706 -22.17369 -8.72694 -1.16944 15.23605 0.00000 1.87310 -0.00000 16.91087 1.31596 4.31980 7.12502 -0.00000 -0.00000 38.95450 16.21527 -25.94499
-0.12757 0.96453 0.01950 1.76101 33.73520 364.13470 -0.00000 0.00000 -0.00000 -18.88687 2.71565 -0.18266 -0.00000 -0.00000 -0.00000 27.81716 -52.62511 25.70197 -10.12816 47.04671 23.01355 -0.00000 0.00000 -0.00000 35.65435 -43.30045 35.33309 1.86171 23.29205 -9.01485 -43.43833 -50.89985 -44.15470 5.97475 38.65580 -16.92589 -1.91103 -10.38106 -6.56600 -6.61669 -20.59322 -10.14053 -4.23441 -18.74416 -5.27919 -1.93495 -6.67368 8.08301 14.47680 1.53948 10.60467 5.02350 0.60379 5.60899 0.00000 0.00000 -0.00000 -346.68789 -23.73263 294.47828 14.65438 -3.39921 -25.98829 -0.00000 14.66140 0.00000 -13.09671 -4.98545 20.48266 -7.12502 -0.00000 0.00000 -38.89676 -1.00590 46.24650 0.00000 0.00000 -0.00000 12.27338 1.62072 -21.53343 -8.40302 -1.08297 14.66183 0.00000 3.32159 -0.00000 17.73811 1.56024 4.86535 7.12502 -0.00000 -0.00000 39.53467 17.02032 -25.47299
-0.12778 0.96417 0.01816 2.03183 34.03544 364.08875 -0.00000 0.00000 -0.00000 -19.05550 2.49667 -0.21432 -0.00000 -0.00000 -0.00000 25.84779 -52.75513 23.26087 -10.20026 47.16196 23.11195 -0.00000 0.00000 -0.00000 35.55879 -43.75641 35.52395 1.88296 23.41464 -9.06846 -43.12819 -51.45022 -43.38727 6.34572 39.58443 -17.51382 -2.38558 -10.52058 -6.61010 -6.84009 -20.45483 -10.19335 -4.24751 -18.43082 -5.25409 -1.33801 -7.15652 7.89256 13.42613 2.62300 10.18508 4.68936 1.11499 5.44260 0.00000 0.00000 0.00000 -347.77193 -24.73576 293.39824 14.35989 -3.25763 -25.44022 -0.00000 14.50160 0.00000 -14.25703 -5.44482 20.47696 -7.12502 -0.00000 0.00000 -40.07064 -0.87602 46.04124 0.00000 0.00000 0.00000 12.15125 2.19545 -21.34281 -8.51855 -1.11341 14.86651 0.00000 2.84501 -0.00000 18.37760 0.98954 2.97572 7.12502 -0.00000 -0.00000 40.49254 16.05736 -27.05069
-0.12709 0.96423 0.01708 1.87026 34.26534 364.42316 -0.00000 0.00000 -0.00000 -18.69785 2.48137 -0.30977 -0.00000 -0.00000 -0.00000 25.48154 -51.39939 23.76226 -9.77428 46.46913 22.52775 -0.00000 0.00000 -0.00000 35.58291 -44.21216 35.41920 1.91806 23.61533 -9.15644 -42.38443 -51.85813 -42.30650 6.52476 40.01666 -17.79353 -2.33670 -10.29676 -6.65496 -6.91931 -20.54692 -10.30148 -4.30047 -18.74340 -5.31667 -1.68493 -5.99468 7.82431 13.24081 2.06449 10.21910 4.59089 0.75892 5.39150 0.00000 0.00000 0.00000 -345.96745 -23.80617 294.53274 14.28976 -3.22442 -25.30995 -0.00000 12.50530 0.00000 -13.24946 -5.22325 21.13825 -7.12502 -0.00000 0.00000 -39.10014 -1.40715 46.73079 0.00000 0.00000 0.00000 11.07409 0.88382 -20.71572 -8.37384 -1.07535 14.61016 0.00000 4.98266 -0.00000 19.31508 1.04019 2.96500 7.12502 -0.00000 -0.00000 41.28990 16.53989 -27.03923
-0.12628 0.96421 0.01590 1.58530 34.25058 364.88640 -0.00000 0.00000 -0.00000 -18.33587 2.58766 -0.43317 -0.00000 -0.00000 -0.00000 25.75390 -52.50435 23.32008 -9.10941 45.32758 21.60194 -0.00000 0.00000 -0.00000 35.52471 -44.47525 35.02454 1.94458 23.76543 -9.22244 -41.84314 -51.99829 -41.64512 6.54650 40.06846 -17.82731 -2.03880 -10.18666 -6.65021 -6.96192 -20.30167 -10.27590 -4.55325 -18.52524 -5.36306 -2.25576 -6.31341 7.69620 13.58875 2.49231 10.03879 4.82406 0.90168 5.33193 0.00000 0.00000 0.00000 -346.25825 -24.13110 294.72598 14.21747 -3.19039 -25.17578 -0.00000 14.48950 0.00000 -15.73678 -6.01680 20.40483 -7.12502 -0.00000 0.00000 -41.55841 -0.64484 45.72731 0.00000 0.00000 0.00000 10.12879 -0.92045 -20.14704 -8.26787 -1.04792 14.42255 0.00000 6.33756 -0.00000 19.91683 1.04675 2.88637 7.12502 -0.00000 -0.00000 41.81538 16.80513 -27.08991
-0.12518 0.96436 0.01427 1.71788 34.35226 364.85335 -0.00000 0.00000 -0.00000 -18.34702 2.45323 -0.35861 -0.00000 -0.00000 -0.00000 26.51677 -52.57640 24.18759 -8.82992 44.82408 21.20722 -0.00000 0.00000 -0.00000 35.41754 -44.85722 35.09512 1.98387 23.98550 -9.31950 -41.62951 -51.78312 -41.60380 6.54673 40.06900 -17.82766 -1.97808 -9.93863 -6.62516 -6.94068 -20.22820 -10.25359 -4.54309 -18.57637 -5.35573 -2.50709 -6.09114 7.57284 13.43722 2.19743 9.92966 4.78639 0.78639 5.25276 0.00000 0.00000 0.00000 -346.06934 -24.00107 295.71444 14.36297 -3.25910 -25.44593 -0.00000 15.36210 0.00000 -16.08840 -6.21137 20.56312 -7.12502 -0.00000 0.00000 -41.92868 -0.70433 45.78413 0.00000 0.00000 0.00000 9.99072 1.09949 -19.79049 -8.50100 -1.10876 14.83542 0.00000 4.12589 -0.00000 20.41952 0.65914 1.76992 7.12502 -0.00000 -0.00000 42.48748 16.26592 -27.99610
-0.12429 0.96430 0.01245 1.72604 34.72265 364.98086 -0.00000 0.00000 -0.00000 -18.27592 1.92672 -0.50070 -0.00000 -0.00000 -0.00000 28.16513 -51.11510 27.22196 -9.04157 45.20671 21.50645 -0.00000 0.00000 -0.00000 35.40286 -45.34590 35.16519 1.95041 23.79826 -9.23689 -41.37507 -51.41036 -41.65150 6.50005 39.95760 -17.75507 -1.83693 -9.95576 -6.55737 -7.02512 -20.34806 -10.18594 -4.73540 -18.78561 -5.36377 -2.72938 -5.49531 7.38247 13.67699 2.18523 9.69692 4.85636 0.68693 5.11924 -0.00000 0.00000 -0.00000 -347.26931 -24.31645 295.36922 14.23532 -3.19878 -25.20890 -0.00000 15.95350 0.00000 -16.40302 -6.26333 20.33529 -7.12502 -0.00000 0.00000 -42.22264 -0.50604 45.55762 -0.00000 0.00000 -0.00000 9.27139 0.80009 -19.54750 -8.51057 -1.11130 14.85238 0.00000 5.08546 -0.00000 20.18235 0.95964 2.60878 7.12502 -0.00000 -0.00000 42.10117 16.74776 -27.31259
-0.12382 0.96400 0.01077 2.01697 34.91259 364.59744 -0.00000 0.00000 -0.00000 -18.42704 1.55718 -0.22524 -0.00000 -0.00000 -0.00000 27.90458 -49.96318 27.79014 -9.24524 45.56707 21.79255 -0.00000 0.00000 -0.00000 35.43405 -45.48228 35.54284 1.91115 23.57600 -9.13917 -41.44773 -51.24166 -41.86570 6.48717 39.92673 -17.73500 -1.99928 -9.85208 -6.48079 -6.99333 -20.13052 -10.05700 -4.64463 -18.48203 -5.26924 -2.63683 -7.02289 7.17065 13.76750 3.44652 9.24927 5.00574 1.33694 4.99744 -0.00000 0.00000 -0.00000 -345.56674 -24.43274 297.22875 14.36930 -3.26210 -25.45770 -0.00000 13.84130 0.00000 -15.22480 -6.07580 21.25133 -7.12502 -0.00000 0.00000 -41.11937 -1.27430 46.45933 -0.00000 0.00000 -0.00000 7.69905 -3.68784 -18.33696 -8.24457 -1.04194 14.38132 0.00000 8.41427 -0.00000 20.37478 0.84883 2.28421 7.12502 -0.00000 -0.00000 42.33594 16.61577 -27.57493
-0.12235 0.96388 0.01059 2.34373 34.87598 364.29201 -0.00000 0.00000 -0.00000 -18.74601 1.53907 0.03596 -0.00000 -0.00000 -0.00000 29.06195 -49.43933 29.60733 -9.00710 45.14497 21.45786 -0.00000 0.00000 -0.00000 35.21600 -45.57310 35.62892 1.96138 23.85984 -9.26403 -41.27829 -51.41009 -41.55288 6.49497 39.94543 -17.74716 -2.12756 -9.71500 -6.25628 -6.95732 -20.15111 -9.74629 -4.58336 -18.53478 -5.09315 -2.59409 -5.74726 6.74274 13.38246 2.89778 8.75062 4.77143 1.04032 4.67576 -0.00000 0.00000 -0.00000 -345.23702 -24.05004 298.37290 14.71445 -3.42852 -26.10033 -0.00000 13.66300 0.00000 -14.95946 -5.91707 21.09785 -7.12502 -0.00000 0.00000 -40.83599 -1.20282 46.39133 -0.00000 0.00000 -0.00000 6.01829 -6.44081 -18.08577 -8.14130 -1.01564 14.19862 0.00000 11.14870 -0.00000 19.92272 0.93586 2.58023 7.12502 -0.00000 -0.00000 41.88858 16.58817 -27.34310
-0.12083 0.96385 0.00931 2.57899 34.95366 363.93536 -0.00000 0.00000 -0.00000 -19.07364 1.36606 0.34382 -0.00000 -0.00000 -0.00000 25.26592 -49.60246 24.80873 -9.96925 46.78980 22.79596 -0.00000 0.00000 -0.00000 35.16246 -45.65378 35.88047 1.94628 23.77498 -9.22664 -41.60151 -51.26740 -42.00095 6.34121 39.57341 -17.50674 -1.97664 -9.34817 -6.36863 -6.79360 -20.13665 -9.92840 -4.37793 -18.74223 -5.17659 -2.11271 -5.06476 6.44160 13.16147 2.49786 8.35950 4.56417 0.88071 4.44144 -0.00000 0.00000 -0.00000 -344.79683 -23.68230 301.22377 15.90818 -4.04130 -28.34301 -0.00000 13.38870 0.00000 -14.31019 -5.54501 20.74688 -7.12502 -0.00000 0.00000 -40.14719 -1.04570 46.23947 -0.00000 0.00000 -0.00000 4.97152 -12.35826 -16.09504 -7.94029 -0.96545 13.84330 0.00000 16.73500 -0.00000 18.29035 0.99183 2.99783 7.12502 -0.00000 -0.00000 40.41359 16.02775 -27.03399
-0.11946 0.96400 0.00885 2.82006 35.05029 363.79040 -0.00000 0.00000 -0.00000 -19.45568 1.18807 0.41758 -0.00000 -0.00000 -0.00000 29.18850 -49.05264 30.07521 -8.77462 44.72270 21.12870 -0.00000 0.00000 -0.00000 34.84825 -45.82486 35.79343 1.94134 23.74715 -9.21439 -41.66757 -50.89312 -42.38129 6.15708 39.11797 -17.21633 -1.85134 -9.60556 -6.48228 -6.93834 -19.79041 -10.04744 -4.67479 -18.15995 -5.28645 -1.95776 -5.00966 5.75053 14.08802 2.59261 7.38004 4.79823 0.95607 3.97352 -0.00000 0.00000 -0.00000 -347.13346 -24.13879 302.83084 17.23894 -4.79549 -30.88427 -0.00000 14.83620 0.00000 -10.51462 -3.85511 19.91264 -7.12502 -0.00000 0.00000 -36.24607 -0.89932 46.22645 -0.00000 0.00000 -0.00000 5.07439 -22.77623 -14.73355 -7.61960 -0.88811 13.27717 0.00000 25.68480 -0.00000 13.52065 0.88581 3.67860 7.12502 -0.00000 -0.00000 36.17233 14.14217 -26.52185
-0.11840 0.96430 0.00918 2.65979 35.02635 363.97377 -0.00000 0.00000 -0.00000 -19.37770 1.18376 0.46205 -0.00000 -0.00000 -0.00000 29.57245 -48.94884 30.62409 -8.71610 44.61477 21.04545 -0.00000 0.00000 -0.00000 34.74323 -45.84959 35.48079 1.92548 23.65745 -9.17494 -41.22847 -50.85059 -41.96918 6.36313 39.62691 -17.54113 -1.44576 -9.60775 -6.27839 -6.79214 -19.62329 -9.71581 -4.84449 -17.92976 -5.18193 -2.91514 -6.04895 4.20685 14.99305 4.23036 5.12089 5.26009 1.75771 2.96207 -0.00000 0.00000 -0.00000 -351.52876 -23.30603 303.75944 18.22216 -5.40364 -32.79373 -0.00000 16.55330 0.00000 -2.16425 -0.67290 17.26329 -7.12502 -0.00000 0.00000 -27.75908 -0.11472 45.21795 -0.00000 0.00000 -0.00000 9.17517 -13.63777 -15.93275 -8.86134 -1.20634 15.47463 0.00000 13.38660 -0.00000 7.42038 0.51065 3.91471 7.12502 -0.00000 -0.00000 30.77610 11.61380 -26.32332
-0.11680 0.96466 0.00901 2.16569 34.96406 364.67021 -0.00000 0.00000 -0.00000 -19.02506 1.26647 0.19726 -0.00000 0.00000 0.00000 28.48470 -49.00925 29.25626 -9.13626 45.37519 21.63968 -0.00000 0.00000 -0.00000 34.54730 -45.98315 34.70304 1.89796 23.50066 -9.10613 -40.85087 -50.93145 -41.51386 6.53035 40.02999 -17.80222 -0.68996 -9.33948 -6.18307 -6.50960 -19.21764 -9.51338 -5.01758 -17.57605 -5.16978 -3.95288 -7.25126 2.08980 15.43077 5.27312 2.17437 5.48426 2.53784 1.57841 -0.00000 0.00000 -0.00000 -354.88277 -21.17138 306.34109 18.92890 -5.86898 -34.18507 -0.00000 15.77760 0.00000 10.46366 2.69420 14.27965 -7.12502 -0.00000 0.00000 -15.20955 0.27623 43.98408 -0.00000 0.00000 -0.00000 14.26598 -8.57938 -17.41597 -10.45114 -1.68903 18.31186 0.00000 4.19931 -0.00000 -0.80578 -0.08782 6.21944 7.12502 -0.00000 -0.00000 23.08364 9.36344 -24.10622
-0.11516 0.96506 0.00923 1.31633 35.12185 365.47220 -0.00000 0.00000 -0.00000 -18.40839 1.08963 -0.05299 -0.00000 -0.00000 -0.00000 29.65318 -48.50409 31.09324 -8.79433 44.75889 21.15670 -0.00000 0.00000 -0.00000 34.81043 -46.19621 34.19249 1.84754 23.20982 -8.97896 -40.77866 -50.62609 -41.69724 6.53512 40.04136 -17.80963 0.46222 -9.80532 -6.04838 -6.17155 -18.77950 -9.21078 -5.48034 -16.79201 -5.17707 -5.16498 -8.91271 -0.33711 15.94525 7.71229 -1.33772 5.65815 3.91263 -0.01071 0.00000 0.00000 0.00000 -358.72603 -17.58766 309.90064 20.04422 -6.65401 -36.41661 -0.00000 17.16660 0.00000 21.08872 4.97528 12.67424 -7.12502 -0.00000 0.00000 -4.75332 0.12204 43.53267 0.00000 0.00000 0.00000 20.61274 -5.47437 -19.06430 -12.45579 -2.42319 21.93655 0.00000 -5.57716 0.00000 -9.86755 -2.14387 12.13731 7.12502 -0.00000 -0.00000 14.11615 7.37473 -17.95993
-0.11490 0.96470 0.00980 1.49690 35.31599 365.64975 -0.00000 0.00000 -0.00000 -18.69427 0.85082 -0.29251 -0.00000 -0.00000 -0.00000 26.37834 -48.66294 26.93046 -9.93935 46.74102 22.75492 -0.00000 0.00000 -0.00000 34.56408 -46.64505 34.04789 1.88797 23.44341 -9.08105 -40.58487 -50.75338 -41.38976 6.48202 39.91437 -17.72697 0.47877 -9.58376 -6.09142 -5.82519 -18.70984 -9.23039 -5.05411 -16.75052 -5.13830 -6.77507 -9.65761 -2.68708 16.18775 9.71803 -4.61262 5.69804 5.02469 -1.55876 0.00000 0.00000 0.00000 -362.78347 -11.57757 315.63953 21.96932 -8.16743 -40.38930 -0.00000 16.78810 0.00000 25.89712 6.06539 12.27799 -7.12502 -0.00000 0.00000 -0.01439 0.00034 43.65360 0.00000 0.00000 0.00000 26.49950 -6.15460 -19.89156 -13.93353 -3.05871 24.64981 0.00000 -10.08860 0.00000 -16.40568 -5.78997 18.91366 7.12502 -0.00000 -0.00000 7.29501 5.07256 -10.36787
-0.11356 0.96492 0.01083 1.37449 35.24148 366.08929 -0.00000 0.00000 -0.00000 -18.66811 1.03462 -0.48569 -0.00000 -0.00000 -0.00000 30.97991 -46.76909 34.21865 -8.46990 44.15327 20.69348 -0.00000 0.00000 -0.00000 34.12948 -46.83259 33.35576 1.91162 23.57869 -9.14036 -40.21155 -50.61640 -41.11925 6.37583 39.65782 -17.56103 1.13385 -9.51271 -6.12394 -5.44335 -18.44164 -9.21198 -5.01755 -16.46290 -5.18258 -8.63471 -10.55642 -4.86333 16.54779 11.83688 -7.62261 5.74156 6.22511 -2.96947 -0.00000 0.00000 -0.00000 -367.29529 -4.86159 322.35336 23.62672 -9.65098 -43.96071 -0.00000 16.01570 0.00000 27.00635 6.01866 11.62514 -7.12502 -0.00000 0.00000 1.01794 -0.03467 43.04931 -0.00000 0.00000 -0.00000 33.41415 -5.20213 -19.76644 -14.73838 -3.44023 26.14497 0.00000 -11.05260 0.00000 -21.75321 -9.32552 22.10202 7.12502 -0.00000 -0.00000 2.24443 1.81238 -6.09804
-0.11307 0.96508 0.01057 0.98894 35.19829 366.17933 -0.00000 0.00000 -0.00000 -18.39150 0.92090 -0.23807 -0.00000 0.00000 0.00000 31.46321 -46.55372 34.99806 -8.31075 43.84835 20.46438 -0.00000 0.00000 -0.00000 34.40945 -46.58814 33.26994 1.84583 23.19989 -8.97462 -39.96223 -50.76092 -40.73796 6.51997 40.00521 -17.78606 1.99469 -9.24285 -6.22553 -4.81676 -18.05477 -9.27215 -4.78816 -16.13527 -5.26284 -10.60913 -10.60511 -6.50695 17.43002 12.88592 -9.86731 6.04613 6.94436 -4.05174 -0.00000 0.00000 -0.00000 -372.59648 1.56055 329.63589 24.35534 -10.36287 -45.58490 -0.00000 15.77540 0.00000 25.44329 5.52169 11.43382 -7.12502 -0.00000 0.00000 -0.54863 0.02242 42.66041 -0.00000 0.00000 -0.00000 39.98742 -7.04497 -18.05723 -14.67076 -3.40719 26.01884 0.00000 -8.08173 0.00000 -22.60790 -10.76333 24.15481 7.12502 -0.00000 -0.00000 1.19497 1.05104 -3.67235
-0.11301 0.96442 0.01031 1.29051 35.64969 365.75474 -0.00000 0.00000 -0.00000 -18.83231 0.30894 -0.04836 -0.00000 -0.00000 -0.00000 29.83266 -48.15343 31.60808 -8.90201 44.95536 21.30936 -0.00000 0.00000 -0.00000 34.66841 -46.94968 33.97045 1.84772 23.21084 -8.97940 -40.09599 -50.62797 -40.98944 6.34634 39.58596 -17.51480 2.34434 -9.19754 -6.11136 -4.53222 -17.85947 -9.07679 -4.72326 -15.88265 -5.18916 -12.14958 -11.17741 -8.18483 18.09085 14.35140 -12.23111 6.10845 7.91256 -5.14075 0.00000 0.00000 0.00000 -378.66368 8.78343 336.40829 24.33752 -10.34498 -45.54472 -0.00000 13.01630 0.00000 19.64819 4.40419 12.13849 -7.12502 -0.00000 0.00000 -6.22254 0.23967 42.80293 0.00000 0.00000 0.00000 47.21710 -8.12056 -16.65531 -14.11932 -3.14452 24.99379 0.00000 -8.56095 0.00000 -23.52823 -11.69396 24.96263 7.12502 -0.00000 -0.00000 0.31354 0.28657 -2.57398
-0.11236 0.96420 0.01109 1.09949 35.78027 365.81315 -0.00000 0.00000 -0.00000 -18.72610 0.15817 0.09787 -0.00000 -0.00000 -0.00000 30.90562 -48.05430 32.98303 -8.63959 44.47264 20.93638 -0.00000 0.00000 -0.00000 34.89809 -47.03773 34.06029 1.86543 23.31358 -9.02426 -40.08016 -51.35943 -40.36053 6.16756 39.14418 -17.23292 3.22344 -8.65268 -5.99374 -4.18479 -17.45758 -8.86260 -4.86259 -15.74841 -5.16849 -12.90250 -12.56183 -9.57606 17.87918 15.84185 -14.07829 5.71757 8.87696 -5.95187 -0.00000 0.00000 -0.00000 -386.95995 13.33686 342.46984 23.82997 -9.84568 -44.41015 -0.00000 11.20750 0.00000 11.45318 2.75039 13.32463 -7.12502 -0.00000 0.00000 -14.26669 0.47088 43.14883 -0.00000 0.00000 -0.00000 54.06098 -9.66450 -14.76095 -12.97953 -2.63902 22.89377 0.00000 -6.68914 0.00000 -22.89970 -11.43147 25.13607 7.12502 -0.00000 -0.00000 0.78979 0.72319 -2.52325
-0.11203 0.96399 0.01225 0.82027 36.05603 365.85628 -0.00000 0.00000 -0.00000 -18.53840 -0.17655 0.25893 -0.00000 -0.00000 -0.00000 31.21560 -47.65161 33.70678 -8.54791 44.30081 20.80532 -0.00000 0.00000 -0.00000 35.30107 -47.11079 34.30953 1.83720 23.14958 -8.95269 -39.90156 -51.21193 -40.29719 6.16440 39.13628 -17.22792 3.90215 -8.43377 -5.93460 -3.61322 -17.08662 -8.69909 -4.65241 -15.38353 -5.11491 -13.88210 -12.67634 -10.42843 17.71771 15.64262 -14.98519 5.65159 8.99542 -6.44587 0.00000 0.00000 0.00000 -396.42304 15.74975 347.84329 22.42339 -8.55618 -41.35229 -0.00000 12.32090 0.00000 7.52404 1.88393 13.97701 -7.12502 -0.00000 0.00000 -18.13691 0.53724 43.36035 0.00000 0.00000 0.00000 59.60941 -14.10042 -12.14182 -11.28960 -1.97868 19.82086 0.00000 0.78518 -0.00000 -21.31126 -10.76724 25.58927 7.12502 -0.00000 -0.00000 1.99067 1.83326 -2.37357
-0.11200 0.96383 0.01378 0.15285 36.38383 366.44926 -0.00000 0.00000 -0.00000 -18.00688 -0.50020 0.09686 -0.00000 -0.00000 -0.00000 30.93835 -48.29736 32.81129 -8.54893 44.30274 20.80678 -0.00000 0.00000 -0.00000 35.79662 -47.34108 34.23320 1.80571 22.96484 -8.87230 -39.83358 -51.25343 -40.19191 6.28332 39.43142 -17.41574 4.84860 -7.78901 -5.95750 -3.04078 -16.83458 -8.64689 -4.50681 -15.50518 -5.15510 -14.07690 -13.40271 -11.26228 16.67928 15.80236 -15.80358 5.10764 9.17891 -6.88091 0.00000 0.00000 0.00000 -406.30988 16.31878 353.31829 21.39177 -7.69110 -39.17962 -0.00000 14.65540 0.00000 3.26974 0.99339 16.88135 -7.12502 -0.00000 0.00000 -22.31234 -0.24348 45.59328 0.00000 0.00000 0.00000 64.63245 -19.37079 -9.77011 -9.48770 -1.38628 16.58899 0.00000 11.31230 -0.00000 -19.58159 -9.93201 25.86741 7.12502 -0.00000 -0.00000 3.33945 3.07191 -2.43554
-0.11219 0.96325 0.01546 1.17017 36.99780 365.55041 -0.00000 0.00000 -0.00000 -19.02352 -1.15247 0.31114 -0.00000 0.00000 0.00000 31.24560 -48.55031 32.95819 -8.58061 44.36229 20.85211 -0.00000 0.00000 -0.00000 35.68110 -47.90906 35.22122 1.87567 23.37270 -9.05010 -39.39542 -50.77316 -40.13534 6.32260 39.52788 -17.47752 4.29198 -7.23826 -5.90871 -2.86661 -16.70763 -8.55306 -3.95087 -15.51167 -5.00213 -14.52502 -13.92376 -11.78389 16.49722 15.56574 -16.28329 4.99417 9.25855 -7.12128 -0.00000 0.00000 -0.00000 -415.11169 16.68200 357.76326 19.48262 -6.25077 -35.28719 -0.00000 18.21390 0.00000 2.63659 0.83825 17.62481 -7.12502 -0.00000 0.00000 -22.93271 -0.50642 46.19678 -0.00000 0.00000 -0.00000 70.10741 -18.63851 -8.01409 -8.51623 -1.11280 14.86240 0.00000 14.42840 -0.00000 -18.90327 -8.00404 22.12762 7.12502 -0.00000 -0.00000 4.60807 3.66486 -6.58361
-0.11228 0.96289 0.01692 1.15358 37.26379 365.61781 -0.00000 0.00000 -0.00000 -19.15381 -1.37434 0.29933 -0.00000 -0.00000 -0.00000 30.40226 -49.79010 30.92379 -8.84143 44.84511 21.22354 -0.00000 0.00000 -0.00000 35.90010 -48.24693 35.45072 1.92344 23.64586 -9.16985 -39.08909 -50.70459 -39.87108 6.42699 39.78187 -17.64110 4.58194 -6.53023 -6.03043 -2.49464 -16.29282 -8.64840 -3.63540 -15.39587 -5.03234 -14.59805 -14.35743 -12.07856 16.16007 14.96568 -16.44874 4.85234 9.12806 -7.22043 0.00000 0.00000 0.00000 -423.14898 15.12068 361.47229 17.76966 -5.11820 -31.91134 -0.00000 20.51440 0.00000 1.32160 0.41282 17.34374 -7.12502 -0.00000 0.00000 -24.26133 -0.34238 45.75961 0.00000 0.00000 0.00000 74.76749 -28.32039 -4.53190 -6.82008 -0.70980 11.86958 0.00000 27.09570 -0.00000 -16.77290 -6.71027 21.19053 7.12502 -0.00000 -0.00000 6.56743 4.99058 -7.92486
-0.11134 0.96288 0.01970 -0.07269 37.39292 366.36713 -0.00000 0.00000 -0.00000 -18.25879 -1.46089 0.39337 -0.00000 -0.00000 -0.00000 28.54742 -50.33800 28.27522 -9.39941 45.83491 22.00796 -0.00000 0.00000 -0.00000 36.88461 -48.22223 35.42973 1.92388 23.64836 -9.17095 -39.35399 -50.44804 -40.36694 6.40756 39.73485 -17.61071 6.12926 -5.57829 -6.03802 -2.03593 -15.97142 -8.53475 -3.95264 -15.76844 -5.13926 -14.59431 -14.84126 -12.36645 16.27497 14.55346 -16.74762 4.81448 9.11706 -7.33144 -0.00000 0.00000 -0.00000 -429.72677 12.46521 363.48455 15.66863 -3.91361 -27.89033 -0.00000 22.97670 0.00000 0.05545 0.01686 16.91359 -7.12502 -0.00000 0.00000 -25.53473 -0.09582 45.20059 -0.00000 0.00000 -0.00000 79.74824 -24.75328 -2.98635 -6.77075 -0.69947 11.78289 0.00000 25.34150 -0.00000 -13.24893 -4.83277 19.68811 7.12502 -0.00000 -0.00000 9.84007 6.97969 -9.98532
-0.11182 0.96221 0.02210 -0.65728 37.81741 366.40474 -0.00000 0.00000 -0.00000 -17.78479 -1.94429 0.72714 -0.00000 0.00000 0.00000 29.44455 -50.00160 29.61502 -9.27727 45.62308 21.83740 -0.00000 0.00000 -0.00000 37.95344 -48.24530 36.18012 1.89653 23.49250 -9.10255 -39.52469 -50.14920 -40.80146 6.31901 39.51910 -17.47188 6.69484 -5.28041 -5.94517 -1.60023 -15.19194 -8.31061 -3.90337 -14.95265 -5.03236 -14.45196 -16.07875 -12.92942 16.24349 13.59164 -17.24429 4.63688 9.04331 -7.51185 0.00000 0.00000 0.00000 -435.31611 11.30193 364.09825 13.99053 -3.08489 -24.75527 -0.00000 23.29360 0.00000 0.02816 0.00888 17.50340 -7.12502 -0.00000 0.00000 -25.55988 -0.34872 45.72910 0.00000 0.00000 0.00000 85.01527 -22.14492 0.37206 -6.54022 -0.65224 11.37805 0.00000 23.63220 -0.00000 -11.24713 -3.60178 17.53173 7.12502 -0.00000 -0.00000 11.96900 7.78513 -12.42216
-0.11217 0.96105 0.02499 -0.85363 38.19420 366.07110 -0.00000 0.00000 -0.00000 -17.69398 -2.31413 1.22188 -0.00000 0.00000 0.00000 23.85917 -50.47798 22.40300 -10.89209 48.22886 24.04735 -0.00000 0.00000 -0.00000 38.82301 -48.22959 37.07938 1.90852 23.56097 -9.13258 -39.55004 -50.12278 -40.85073 6.24511 39.33708 -17.35551 6.96701 -4.30071 -5.88433 -1.11472 -15.20434 -8.10936 -3.42866 -15.50446 -4.92333 -14.73434 -15.28117 -13.06423 16.12728 12.25287 -17.25710 4.77392 8.51045 -7.62019 -0.00000 0.00000 0.00000 -440.99365 11.11341 366.31925 12.71778 -2.52988 -22.41479 -0.00000 24.57250 0.00000 -1.50552 -0.46626 17.20387 -7.12502 -0.00000 0.00000 -27.09881 -0.12983 45.25371 -0.00000 0.00000 0.00000 87.71311 -9.87300 0.56770 -7.07746 -0.76495 12.32214 0.00000 14.66110 -0.00000 -8.44453 -2.34444 15.40490 7.12502 -0.00000 -0.00000 14.79176 8.82938 -14.83123
-0.11118 0.96027 0.02895 -1.81164 38.63348 366.54101 -0.00000 0.00000 -0.00000 -17.12181 -2.63669 1.36880 -0.00000 -0.00000 -0.00000 23.46101 -51.47030 21.21658 -10.31529 47.34421 23.26859 -0.00000 0.00000 -0.00000 40.08441 -48.54049 37.72329 1.99331 24.03798 -9.34270 -39.67565 -50.47770 -40.67878 6.16053 39.12659 -17.22178 8.27610 -3.63796 -5.78233 -0.67654 -14.81163 -7.81492 -3.72556 -15.55493 -4.90408 -15.10903 -15.34550 -13.50709 16.52754 10.52165 -17.61553 4.99331 8.09720 -7.81161 -0.00000 0.00000 -0.00000 -445.30105 13.15273 366.24385 11.28311 -1.97634 -19.80914 -0.00000 24.53230 0.00000 -2.43147 -0.79090 18.00792 -7.12502 -0.00000 0.00000 -28.03373 -0.44652 45.83853 -0.00000 0.00000 -0.00000 89.74803 4.60179 1.06127 -8.78565 -1.18548 15.34024 0.00000 8.55806 -0.00000 -1.63813 -0.38180 13.11634 7.12502 -0.00000 -0.00000 21.14309 11.57959 -17.56894
-0.11116 0.95901 0.03234 -1.73184 38.77006 365.97826 -0.00000 0.00000 -0.00000 -17.29022 -2.68321 2.01121 -0.00000 -0.00000 -0.00000 25.92144 -50.24517 25.14373 -9.51172 46.02743 22.16428 -0.00000 0.00000 -0.00000 40.75671 -48.38029 38.58608 2.07940 24.50962 -9.55211 -39.35541 -50.97407 -39.92478 6.21754 39.26873 -17.31199 8.44935 -2.10185 -5.64776 -0.24955 -14.45388 -7.43999 -3.29454 -15.96507 -4.68715 -15.29896 -16.14725 -13.96199 16.38196 9.45410 -17.90912 4.92296 7.92050 -7.94941 -0.00000 0.00000 0.00000 -449.56341 18.18884 366.24697 10.67622 -1.76437 -18.71600 -0.00000 24.44400 0.00000 -3.61500 -1.13900 17.46546 -7.12502 -0.00000 0.00000 -29.21501 -0.11128 45.19900 -0.00000 0.00000 0.00000 90.45790 16.25521 1.28605 -11.22143 -1.95420 19.69780 0.00000 5.68332 -0.00000 6.28099 1.61499 14.36248 7.12502 -0.00000 -0.00000 27.66985 16.30199 -16.83812
-0.11068 0.95917 0.03484 -2.97802 39.63541 367.23691 -0.00000 0.00000 -0.00000 -16.62450 -3.60390 1.35361 -0.00000 -0.00000 -0.00000 26.70957 -50.71755 25.75998 -9.65945 46.27736 22.36912 -0.00000 0.00000 -0.00000 41.62831 -49.07631 38.59378 1.99119 24.02621 -9.33749 -39.50620 -51.06950 -40.00309 5.99805 38.71549 -16.96316 9.63611 -1.66962 -5.67418 0.33452 -14.09659 -7.29214 -3.33768 -15.89235 -4.70253 -15.79879 -17.34733 -14.50481 16.45189 8.33710 -18.22131 4.94056 7.83709 -8.06756 -0.00000 0.00000 -0.00000 -453.39440 25.60651 366.29463 11.35218 -2.00129 -19.93387 -0.00000 24.50390 0.00000 -6.32688 -1.75351 15.42858 -7.12502 -0.00000 0.00000 -31.84135 1.18261 43.09655 -0.00000 0.00000 -0.00000 89.75184 26.91484 2.71649 -13.40319 -2.82112 23.67155 0.00000 0.60373 -0.00000 9.01107 2.68368 16.44939 7.12502 -0.00000 -0.00000 29.42965 18.98733 -15.02704
-0.11009 0.95763 0.04029 -3.43747 40.09567 367.27826 -0.00000 0.00000 -0.00000 -16.35699 -3.88767 1.67224 -0.00000 -0.00000 -0.00000 21.43639 -52.01936 18.32256 -10.78080 48.06186 23.89793 -0.00000 0.00000 -0.00000 42.35553 -49.05917 39.12270 1.98520 23.99292 -9.32278 -39.03782 -51.79813 -38.91110 6.24757 39.34318 -17.35940 10.36617 -0.51292 -5.58237 1.02953 -14.43988 -6.88706 -2.87951 -17.04978 -4.56608 -16.53105 -17.39093 -14.65223 16.23106 7.90227 -18.14087 5.01605 7.73857 -8.07415 -0.00000 0.00000 -0.00000 -458.30427 36.79404 368.53937 12.59197 -2.47833 -22.18499 -0.00000 20.99430 0.00000 -7.15875 -1.97505 15.34434 -7.12502 -0.00000 0.00000 -32.65590 1.33062 42.92492 -0.00000 0.00000 -0.00000 88.84419 37.27433 1.29190 -16.51402 -4.37510 29.49420 0.00000 -6.05268 0.00000 6.54171 1.62206 13.86599 7.12502 -0.00000 -0.00000 28.00732 16.20812 -17.30950
-0.10940 0.95686 0.04911 -4.13677 40.89649 367.98748 -0.00000 0.00000 -0.00000 -16.09766 -4.48761 1.34779 -0.00000 0.00000 0.00000 21.83385 -53.40546 17.95030 -10.28011 47.28869 23.22074 -0.00000 0.00000 -0.00000 42.75105 -49.40267 39.13102 1.96460 23.87793 -9.27201 -38.70373 -52.17702 -38.25272 6.01539 38.75980 -16.99087 11.35807 -1.19469 -5.34318 1.27569 -14.21308 -6.53739 -3.37925 -16.42031 -4.50294 -16.30407 -17.66001 -14.78922 16.17650 6.80018 -18.19685 5.00975 7.42375 -8.10682 0.00000 0.00000 -0.00000 -460.78644 48.69765 369.20509 14.23727 -3.19969 -25.21252 -0.00000 17.78510 0.00000 -6.59308 -1.65009 13.98965 -7.12502 -0.00000 0.00000 -32.02658 1.97774 41.84205 0.00000 0.00000 -0.00000 87.29591 44.53860 2.14417 -18.88089 -5.83660 34.09003 0.00000 -9.65893 0.00000 0.98270 0.23255 13.31251 7.12502 -0.00000 -0.00000 23.37317 12.97946 -17.53949
-0.10889 0.95747 0.05777 -6.27327 41.11987 369.67526 -0.00000 0.00000 -0.00000 -14.62610 -4.68688 1.13198 -0.00000 -0.00000 -0.00000 23.18158 -54.03699 19.20418 -10.49024 47.61762 23.50596 -0.00000 0.00000 -0.00000 43.89340 -49.07987 38.50730 1.93139 23.69094 -9.18966 -38.29022 -52.98258 -37.17695 6.01338 38.75468 -16.98767 13.59981 -1.36718 -5.21998 1.78335 -14.45265 -6.15104 -4.16791 -16.92154 -4.60962 -16.24607 -17.75826 -14.81373 16.00945 7.37981 -18.26709 4.88516 7.59435 -8.13285 -0.00000 0.00000 -0.00000 -463.88337 53.96538 371.02282 16.09427 -4.14216 -28.69563 -0.00000 18.02570 0.00000 -5.90308 -1.29063 12.28955 -7.12502 -0.00000 0.00000 -31.25390 2.76202 40.46031 -0.00000 0.00000 -0.00000 86.35121 48.64695 1.92352 -20.15922 -6.73863 36.64941 0.00000 -10.01750 0.00000 -2.55289 -0.67513 14.80346 7.12502 -0.00000 -0.00000 20.01178 11.69906 -15.89298
-0.11088 0.95746 0.06620 -4.88204 41.85649 368.42319 -0.00000 0.00000 -0.00000 -16.01963 -5.23456 1.40720 -0.00000 -0.00000 -0.00000 24.93770 -53.74043 21.50902 -11.04112 48.44983 24.24683 -0.00000 0.00000 -0.00000 43.37256 -48.98619 39.22877 1.94165 23.74892 -9.21517 -38.69939 -53.50492 -37.20215 5.82740 38.27385 -16.68901 12.19814 -2.08040 -5.19105 1.80193 -14.76936 -6.30594 -3.34261 -16.63219 -4.49697 -16.23792 -17.62960 -14.68341 16.38313 7.78923 -18.22821 4.99558 7.74071 -8.08384 -0.00000 0.00000 -0.00000 -464.96941 56.50968 371.12478 17.70023 -5.07526 -31.77652 -0.00000 15.16140 0.00000 -3.19189 -0.69524 12.27533 -7.12502 -0.00000 0.00000 -28.62725 2.34863 40.70643 -0.00000 0.00000 -0.00000 85.41571 50.63283 2.05141 -21.00686 -7.38450 38.38227 0.00000 -9.80205 0.00000 -3.49450 -1.05663 16.80317 7.12502 -0.00000 -0.00000 18.78173 11.84344 -13.88844
-0.11113 0.95855 0.07579 -5.01637 41.05573 368.55002 -0.00000 0.00000 -0.00000 -16.22517 -4.04279 1.75314 -0.00000 0.00000 0.00000 23.69918 -53.25921 20.32560 -11.58063 49.22526 24.96343 -0.00000 0.00000 -0.00000 42.52835 -47.81879 37.74655 1.95077 23.80030 -9.23779 -39.28888 -53.74966 -37.63078 5.51652 37.44178 -16.18245 12.91496 -2.32387 -5.21491 1.68665 -14.65693 -6.34703 -3.91381 -16.49256 -4.62073 -16.18054 -17.23356 -14.72542 16.79195 8.70599 -18.55444 5.03018 8.03884 -8.20576 -0.00000 0.00000 0.00000 -464.19096 58.28187 370.31468 19.10381 -5.98792 -34.53203 -0.00000 11.98760 0.00000 -2.09505 -0.47206 12.69227 -7.12502 -0.00000 0.00000 -27.57905 1.99856 41.18015 -0.00000 0.00000 0.00000 84.87520 51.16359 2.30514 -21.13284 -7.48391 38.64249 0.00000 -11.21300 0.00000 -3.87646 -1.19751 17.14107 7.12502 -0.00000 -0.00000 18.38163 11.73656 -13.52777
-0.11376 0.95896 0.08528 -2.36207 41.14803 365.54644 -0.00000 0.00000 -0.00000 -18.73251 -4.08116 3.06533 -0.00000 -0.00000 -0.00000 31.75218 -47.82603 34.18933 -10.66234 47.88219 23.73845 -0.00000 0.00000 -0.00000 41.38839 -46.42671 38.69914 1.93745 23.72517 -9.20472 -40.08619 -52.12215 -39.74274 4.94000 35.79542 -15.21604 10.71180 -3.80600 -4.72127 1.19499 -14.71093 -6.04539 -3.46536 -15.23340 -4.21009 -15.69268 -16.65252 -14.72367 16.61994 10.02493 -18.90085 4.79293 8.32633 -8.36637 -0.00000 0.00000 0.00000 -461.27766 58.70753 368.10561 20.23211 -6.79263 -36.79723 -0.00000 8.42302 0.00000 -1.63519 -0.37445 12.89456 -7.12502 -0.00000 0.00000 -27.13819 1.84531 41.40521 -0.00000 0.00000 0.00000 84.04232 50.69592 3.43560 -20.43533 -6.94469 37.21053 0.00000 -13.78970 0.00000 -3.76594 -1.06530 15.77258 7.12502 -0.00000 -0.00000 18.76557 11.37450 -14.86585
-0.11485 0.95934 0.09577 -1.47112 39.72062 364.42191 -0.00000 0.00000 -0.00000 -19.99601 -2.26088 4.24043 -0.00000 0.00000 0.00000 32.09962 -47.78610 34.63467 -10.68769 47.92081 23.77262 -0.00000 0.00000 -0.00000 40.01927 -44.30816 37.41497 1.95863 23.84445 -9.25725 -39.99117 -52.12950 -39.63822 4.81217 35.41039 -14.99647 10.44939 -4.01984 -4.75804 0.98167 -14.82808 -6.15380 -3.54093 -15.24895 -4.25369 -15.42279 -15.73870 -14.33685 16.19523 12.19059 -18.78006 4.56799 8.77147 -8.33055 0.00000 0.00000 0.00000 -458.91522 55.84711 366.25033 20.74961 -7.18429 -37.85309 -0.00000 6.52432 0.00000 -1.86408 -0.41790 12.63170 -7.12502 -0.00000 0.00000 -27.35170 1.99551 41.14891 0.00000 0.00000 0.00000 84.39485 49.94510 2.69367 -19.62853 -6.35396 35.57948 0.00000 -15.58400 0.00000 -3.13157 -0.78945 14.13512 7.12502 -0.00000 -0.00000 19.64567 11.17865 -16.49465
-0.11727 0.96169 0.10718 0.18322 39.05844 362.48873 -0.00000 0.00000 -0.00000 -21.88334 -1.50204 5.46621 -0.00000 -0.00000 -0.00000 34.37807 -43.38996 41.60849 -10.30669 47.33066 23.25690 -0.00000 0.00000 -0.00000 38.97210 -43.02045 37.61966 2.13245 24.79423 -9.67931 -40.19239 -53.85634 -38.48627 5.34427 36.96457 -15.89758 9.22243 -5.55784 -4.34984 0.62210 -15.07694 -5.83259 -3.44921 -14.40565 -3.97279 -15.13893 -14.16642 -14.07432 15.69063 13.95427 -18.85071 4.36263 9.00264 -8.43893 -0.00000 0.00000 0.00000 -455.60094 54.39513 363.82554 20.56629 -7.04387 -37.47777 -0.00000 5.10592 0.00000 0.35696 0.07665 12.11906 -7.12502 -0.00000 0.00000 -25.17152 1.93012 40.90077 -0.00000 0.00000 0.00000 84.87131 47.63485 1.67445 -18.57711 -5.63433 33.49044 0.00000 -15.81190 0.00000 -2.45081 -0.61758 14.13499 7.12502 -0.00000 -0.00000 20.23566 11.52541 -16.54203
-0.11857 0.96146 0.11858 0.94955 37.95776 361.26224 -0.00000 0.00000 -0.00000 -22.74970 -4.10393 5.56670 -0.16171 7.11059 2.60231 30.94648 -42.01954 38.95101 -10.24020 47.22547 23.16639 -0.00000 0.00000 -0.00000 38.28966 -41.08365 37.14818 2.20726 25.18809 -9.85638 -41.55759 -53.52906 -40.13763 4.81978 35.43354 -15.00961 8.91538 -6.82120 -4.14512 0.54439 -15.17536 -5.68945 -3.49520 -13.70224 -3.86559 -14.73094 -12.61384 -13.63050 14.96869 15.40047 -18.58873 4.15392 9.07293 -8.41014 -0.00000 0.00000 -0.00000 -453.04228 50.26126 361.94662 20.37612 -6.90015 -37.08992 -0.00000 5.91087 0.00000 -1.00672 -0.23905 13.35640 -7.12502 -0.00000 0.00000 -26.53864 1.55949 41.88089 -0.00000 0.00000 -0.00000 84.69627 45.28164 1.05091 -17.42754 -4.90870 31.24833 0.00000 -14.06030 0.00000 -1.50877 -0.34570 12.90225 7.12502 -0.00000 -0.00000 21.29760 11.56700 -17.78076
-0.12034 0.96204 0.12926 1.53251 36.70254 360.45424 -0.00000 0.00000 -0.00000 -23.33713 -5.84292 6.14447 -0.47842 12.14816 4.49364 29.07034 -39.65362 39.25919 -10.03356 46.89424 22.88412 -0.00000 0.00000 -0.00000 37.50469 -39.27538 36.37222 2.32246 25.77843 -10.12412 -41.64606 -53.89983 -39.94081 4.89554 35.66237 -15.13991 8.73432 -7.97600 -3.99678 0.34408 -14.82649 -5.62322 -3.76131 -12.56782 -3.79119 -14.51975 -11.81529 -13.36372 14.71188 16.47751 -18.46695 4.06242 9.22889 -8.38278 -0.00000 0.00000 0.00000 -450.19809 45.23751 359.70969 20.15647 -6.73660 -36.64384 -0.00000 5.94258 0.00000 0.08182 0.02062 14.14679 -7.12502 -0.00000 0.00000 -25.48760 1.09393 42.70661 -0.00000 0.00000 0.00000 84.04128 43.15738 0.91559 -16.50337 -4.36910 29.47388 0.00000 -13.79100 0.00000 -1.26302 -0.28506 12.71626 7.12502 -0.00000 -0.00000 21.54764 11.62096 -17.97245
-0.12340 0.96066 0.13946 2.77486 35.70027 358.84362 -0.00000 0.00000 -0.00000 -24.18004 -8.09881 7.44492 -0.95921 17.02907 6.40057 27.12553 -37.23361 39.64425 -9.68856 46.32619 22.40939 -0.00000 0.00000 -0.00000 36.68484 -37.58015 36.28843 2.38852 26.10860 -10.27512 -42.36883 -53.67367 -40.84608 4.67815 34.99826 -14.76400 7.82079 -8.86563 -3.71484 0.14796 -14.69189 -5.32497 -3.59239 -11.72790 -3.53213 -14.48973 -10.86917 -13.41085 14.40207 16.84950 -18.65262 3.97585 9.17598 -8.53861 -0.00000 0.00000 -0.00000 -448.49418 40.34800 359.05563 20.02983 -6.64348 -36.38753 -0.00000 5.96943 0.00000 1.25669 0.34105 15.18116 -7.12502 -0.00000 0.00000 -24.33671 0.55271 43.77818 -0.00000 0.00000 -0.00000 83.44465 41.00765 0.57582 -15.08641 -3.61320 26.79568 0.00000 -13.82680 0.00000 -2.87110 -0.68181 13.34761 7.12502 -0.00000 -0.00000 20.02634 11.04698 -17.26897
-0.12532 0.95950 0.14964 1.69839 34.61806 358.95733 -0.00000 0.00000 -0.00000 -22.59916 -10.80316 9.32859 -1.67834 22.19685 8.54060 26.31552 -39.38287 35.79312 -10.40879 47.49089 23.39558 -0.00000 0.00000 -0.00000 37.20791 -37.26173 32.26162 2.37819 26.05737 -10.25163 -37.99107 -50.08629 -39.23030 3.57196 31.21120 -12.73990 8.83943 -9.69758 -3.70707 0.54531 -14.45827 -5.39116 -3.80487 -11.07705 -3.62446 -13.94640 -10.17269 -12.86136 13.50539 17.39632 -17.95695 3.75524 9.03732 -8.28422 0.00000 0.00000 0.00000 -447.45919 34.87778 359.03984 19.98527 -6.61091 -36.29750 -0.00000 4.80353 0.00000 3.35919 0.94240 15.65337 -7.12502 -0.00000 0.00000 -22.24387 0.21926 44.46390 0.00000 0.00000 0.00000 82.74638 39.40462 -0.48832 -14.17023 -3.16826 25.08816 0.00000 -13.10440 0.00000 -4.05926 -1.18532 16.25109 7.12502 -0.00000 -0.00000 18.41352 11.36514 -14.37783
-0.12915 0.95750 0.15873 2.32742 34.13553 357.58912 -0.00000 0.00000 -0.00000 -22.04978 -14.62893 11.24861 -2.64051 27.31664 10.83568 24.32674 -38.37314 34.09631 -10.27700 47.28377 23.21650 -0.00000 0.00000 -0.00000 37.29408 -36.26549 32.24802 2.47625 26.53814 -10.47296 -37.54678 -50.06284 -38.77305 3.68878 31.64811 -12.96393 8.29786 -10.64834 -3.39180 0.42848 -14.08770 -5.05483 -3.77131 -9.98175 -3.36806 -13.20260 -10.93766 -12.84329 12.88499 18.41093 -17.96806 3.30571 9.35751 -8.23682 -0.00000 0.00000 -0.00000 -445.67665 30.74595 358.85571 20.17590 -6.75096 -36.68322 -0.00000 2.54768 0.00000 5.99772 1.74009 16.12033 -7.12502 -0.00000 0.00000 -19.59744 -0.08177 45.22968 -0.00000 0.00000 -0.00000 81.99296 35.95582 -0.09362 -12.82075 -2.57251 22.60307 0.00000 -11.88930 0.00000 -4.03972 -1.27861 17.53430 7.12502 -0.00000 -0.00000 18.15669 11.76424 -13.13063
-0.13180 0.95584 0.16633 1.42846 33.50278 357.99060 -0.00000 0.00000 -0.00000 -20.07416 -18.58128 12.42906 -4.08052 33.04492 13.69603 20.54117 -35.30017 31.86587 -9.94709 46.75367 22.76556 -0.00000 0.00000 -0.00000 37.79660 -36.46572 29.14556 2.55763 26.92787 -10.65386 -34.16109 -47.54640 -37.24390 3.09692 29.32442 -11.79757 9.04429 -10.74092 -3.40732 0.65743 -14.35554 -5.09401 -3.91827 -10.33215 -3.46829 -13.13538 -9.82304 -12.42023 12.42094 18.93226 -17.49608 3.29631 9.25808 -8.10112 -0.00000 0.00000 0.00000 -445.64463 26.92080 360.88003 20.40427 -6.92130 -37.14724 -0.00000 -1.55409 -0.00000 6.67700 2.11056 17.46307 -7.12502 -0.00000 0.00000 -18.86206 -0.54679 46.60007 -0.00000 0.00000 0.00000 81.72567 29.59193 -0.48149 -10.59199 -1.73597 18.56468 0.00000 -6.90900 0.00000 -4.32563 -1.63581 20.67632 7.12502 -0.00000 -0.00000 17.20048 12.50609 -10.02652
-0.13488 0.95265 0.17676 1.10384 31.66471 356.83090 -0.00000 0.00000 -0.00000 -17.42763 -21.50367 16.04905 -5.95704 38.61031 16.89753 15.31925 -28.51921 31.58259 -9.01778 45.16412 21.47292 -0.00000 0.00000 -0.00000 37.85671 -35.36514 25.74382 2.75095 27.82239 -11.07429 -30.03477 -46.40300 -33.40435 2.82169 28.13936 -11.22506 9.47938 -10.22053 -3.01484 0.75990 -13.72169 -4.53786 -4.12890 -9.83608 -3.18790 -12.83604 -9.41230 -12.26910 12.10552 18.84885 -17.30643 3.21973 9.09372 -8.04273 -0.00000 0.00000 0.00000 -444.89696 23.66828 361.91263 20.29001 -6.83572 -36.91480 -0.00000 -4.92291 -0.00000 7.60501 2.44038 17.68788 -7.12502 -0.00000 0.00000 -17.91282 -0.62898 46.94507 -0.00000 0.00000 0.00000 81.24743 20.14244 0.15389 -8.17577 -1.02437 14.25959 0.00000 0.35138 -0.00000 -5.85578 -1.86381 17.59487 7.12502 -0.00000 -0.00000 16.58832 10.76728 -12.90639
-0.13844 0.95024 0.18483 -0.20524 31.35606 357.09081 -0.00000 0.00000 -0.00000 -13.92139 -26.65981 17.52740 -8.90462 44.96009 21.31305 6.26701 -15.58029 32.60408 -5.31427 36.88024 15.84765 -0.00000 0.00000 -0.00000 39.07435 -35.32394 23.82944 2.81336 28.10231 -11.20739 -28.53550 -43.67659 -34.13059 1.91738 23.61144 -9.15473 10.39111 -10.92136 -2.82151 1.03152 -13.33201 -4.39942 -4.42396 -9.05297 -3.14443 -12.23611 -9.15863 -11.83806 11.79348 18.80969 -16.76247 3.14699 8.91975 -7.78785 0.00000 0.00000 -0.00000 -444.59324 19.62014 363.28984 20.42345 -6.93574 -37.18633 -0.00000 -6.31037 -0.00000 7.20314 2.41293 18.42380 -7.12502 -0.00000 0.00000 -18.27954 -0.85843 47.59689 0.00000 0.00000 -0.00000 81.14288 4.62027 1.00136 -5.88606 -0.52740 10.23132 0.00000 13.55710 -0.00000 -7.10316 -2.28619 17.75089 7.12502 -0.00000 -0.00000 15.48601 10.11386 -12.63299
-0.14190 0.94837 0.19240 -0.55052 30.87312 357.08943 -0.00000 0.00000 -0.00000 -11.45975 -31.48382 18.21482 -12.50459 50.47061 26.17218 0.41306 -5.92726 28.46860 -1.38888 20.31102 7.74221 -0.00000 0.00000 -0.00000 39.29308 -35.28855 22.15542 2.92304 28.58439 -11.43840 -27.38093 -41.39315 -34.99046 1.20585 18.99637 -7.19804 10.22829 -10.57791 -2.68811 1.10362 -13.59760 -4.14934 -4.24123 -9.48919 -3.02631 -12.30068 -7.80380 -11.64352 11.74754 18.64517 -16.60838 3.28594 8.63469 -7.78960 0.00000 0.00000 0.00000 -444.77483 17.29180 365.56992 20.04106 -6.65170 -36.41022 -0.00000 -7.77310 -0.00000 9.42173 2.62870 15.45014 -7.12502 -0.00000 0.00000 -16.19710 -0.00282 45.00970 0.00000 0.00000 0.00000 80.62313 -4.22310 0.10176 -4.28235 -0.27823 7.43115 0.00000 19.37270 -0.00000 -9.02449 -2.81299 17.17116 7.12502 -0.00000 -0.00000 13.95168 8.92425 -13.01812
-0.14547 0.94639 0.19830 -0.43610 30.28218 357.10275 -0.00000 0.00000 -0.00000 -10.35752 -36.48990 16.59975 -16.89674 55.27224 31.67471 1.29603 -7.22730 21.72580 -0.18770 7.65631 2.80449 -0.00000 0.00000 -0.00000 38.98275 -35.01356 20.95275 3.07730 29.24236 -11.75747 -26.89180 -41.81249 -33.87733 1.22376 19.12996 -7.25290 9.56495 -10.50071 -2.67443 0.87877 -12.85206 -4.12981 -4.16392 -8.59740 -2.90252 -11.47643 -9.36101 -11.91079 11.47503 18.81374 -16.89854 2.87990 8.86945 -7.81870 -0.00000 0.00000 0.00000 -444.49542 13.88537 366.26624 19.75979 -6.44774 -35.84310 -0.00000 -7.15902 -0.00000 7.76170 2.41019 17.14658 -7.12502 -0.00000 0.00000 -17.78266 -0.46325 46.44403 -0.00000 0.00000 0.00000 80.75036 -6.78848 1.14139 -2.89842 -0.12720 5.02450 0.00000 19.26610 -0.00000 -10.94187 -3.15053 15.86948 7.12502 -0.00000 -0.00000 12.54096 7.64087 -14.13171
-0.14845 0.94263 0.20349 -0.90107 30.01527 357.70412 -0.00000 0.00000 -0.00000 -10.22848 -42.16450 12.22235 -21.51089 58.93217 37.16606 2.32000 -10.56978 16.54504 -0.07269 -4.77648 -1.74281 -0.00000 0.00000 -0.00000 39.22500 -35.05499 20.17708 3.31173 30.20070 -12.23030 -26.47837 -43.29056 -31.80927 1.51314 21.14664 -8.09327 9.10542 -10.03209 -2.78378 0.91390 -12.91288 -4.19464 -3.83460 -8.88316 -2.89990 -11.97057 -7.79808 -11.96688 12.49611 17.91812 -17.17750 3.41848 8.48386 -7.98594 -0.00000 0.00000 0.00000 -445.15559 11.36055 368.64224 19.15216 -6.02106 -34.62813 -0.00000 -6.70467 -0.00000 7.63800 2.45817 17.73568 -7.12502 -0.00000 0.00000 -17.87688 -0.64401 46.99581 -0.00000 0.00000 0.00000 80.30408 -9.04935 -0.02305 -2.30595 -0.08046 3.99619 0.00000 19.97250 -0.00000 -11.41088 -3.02186 14.63812 7.12502 -0.00000 -0.00000 12.35003 7.16623 -15.32734
-0.15049 0.94032 0.20929 -1.06703 28.94841 358.03380 -0.00000 0.00000 -0.00000 -12.17074 -46.28408 5.89720 -23.84032 60.41038 39.86448 3.81843 -17.40146 12.32119 -0.18879 -7.67848 -2.81272 -0.00000 0.00000 -0.00000 38.80895 -34.61009 18.58122 3.54921 31.12495 -12.69594 -26.38960 -43.23104 -31.74893 1.30047 19.68940 -7.48371 8.42529 -9.24057 -3.04535 0.82581 -11.76686 -4.47948 -3.56282 -7.98157 -2.91301 -11.63982 -9.47773 -12.37859 12.99480 17.44191 -17.66653 3.33369 8.65990 -8.08181 0.00000 0.00000 -0.00000 -445.12496 8.89822 369.03349 17.76488 -5.11524 -31.90207 -0.00000 -5.42520 -0.00000 8.55878 2.46539 15.95099 -7.12502 -0.00000 0.00000 -17.03819 -0.11964 45.39038 0.00000 0.00000 -0.00000 80.59396 -11.30636 0.12294 -2.64102 -0.10558 4.57764 0.00000 21.72380 -0.00000 -10.41792 -2.69730 14.35696 7.12502 -0.00000 -0.00000 13.26401 7.60163 -15.69982
-0.15147 0.93677 0.21614 -1.53333 28.51915 357.91325 -0.00000 0.00000 -0.00000 -14.77045 -50.84646 -1.48905 -23.95844 60.47999 40.00027 4.71061 -20.82141 11.78390 -1.58371 -21.60323 -8.28689 -0.00000 0.00000 -0.00000 38.95260 -35.07012 16.68477 3.84367 32.21252 -13.25677 -25.13339 -41.91563 -31.35049 0.83852 15.96173 -5.97553 8.09204 -7.99594 -3.11117 1.08715 -11.83112 -4.41929 -3.01769 -8.68582 -2.86032 -11.64421 -8.65242 -12.38900 13.45798 16.61379 -17.75549 3.58768 8.31882 -8.14850 0.00000 0.00000 0.00000 -445.97270 5.89876 371.22424 16.79531 -4.53547 -30.03189 -0.00000 -3.26445 -0.00000 6.42436 2.27788 19.44244 -7.12502 -0.00000 0.00000 -19.01309 -1.19297 48.45762 0.00000 0.00000 0.00000 80.12601 -13.02222 -1.61063 -3.19029 -0.15416 5.53149 0.00000 23.43110 -0.00000 -8.52126 -2.25883 14.73810 7.12502 -0.00000 -0.00000 14.84831 8.63166 -15.48565
-0.15172 0.93436 0.22478 -1.29957 27.83207 356.76112 -0.00000 0.00000 -0.00000 -18.24501 -53.95236 -8.72622 -20.75607 58.40606 36.28239 4.99662 -22.69748 10.83721 -2.16771 -24.98095 -9.76310 -0.00000 0.00000 -0.00000 38.72843 -34.35023 16.02854 4.18136 33.38870 -13.88012 -24.43085 -43.63477 -28.70089 1.09020 18.10550 -6.83454 7.45883 -7.37469 -2.97289 0.99286 -10.89389 -4.19888 -2.81761 -7.88997 -2.65303 -11.00040 -9.46255 -12.52960 13.94869 15.63733 -17.94197 3.60826 8.15129 -8.14679 -0.00000 0.00000 -0.00000 -445.45435 0.07309 371.12730 14.66577 -3.40476 -26.00952 -0.00000 2.43046 0.00000 4.20918 1.38856 18.22477 -7.12502 -0.00000 0.00000 -21.32580 -0.77161 46.97562 -0.00000 0.00000 -0.00000 80.78174 -14.89735 -1.79672 -4.16222 -0.26278 7.22195 0.00000 24.77650 -0.00000 -6.01472 -1.74728 16.13980 7.12502 -0.00000 -0.00000 16.75132 10.28631 -14.32088
-0.15195 0.93602 0.23590 0.32659 27.52521 353.83107 -0.00000 0.00000 -0.00000 -21.66181 -56.02860 -13.91875 -15.10651 53.50760 29.47305 4.69314 -22.47754 10.06800 -4.16023 -33.31717 -13.84169 -0.00000 0.00000 -0.00000 37.64058 -32.77043 16.13857 4.02365 32.84831 -13.59147 -23.71755 -42.62860 -28.65956 0.81655 15.75844 -5.89514 5.74774 -6.73592 -2.71303 0.76496 -10.62493 -3.79135 -2.11888 -7.76069 -2.31995 -11.04715 -9.33794 -12.34350 14.99494 14.94047 -17.80936 4.03071 8.01470 -8.03395 -0.00000 0.00000 0.00000 -445.00465 -5.91376 372.46480 13.06069 -2.67338 -23.04251 -0.00000 6.54897 0.00000 3.28224 1.08039 18.19995 -7.12502 -0.00000 0.00000 -22.26516 -0.74550 46.82020 -0.00000 0.00000 0.00000 81.48849 -15.84906 -2.05543 -4.90400 -0.36529 8.51493 0.00000 25.33860 -0.00000 -3.43329 -1.07348 17.34233 7.12502 -0.00000 -0.00000 18.71736 12.04548 -13.36993
-0.15197 0.93965 0.24883 1.72894 26.94387 350.33653 -0.00000 0.00000 -0.00000 -22.95422 -56.94929 -16.43590 -9.93325 46.73105 22.74655 3.20152 -21.54030 5.98920 -4.94879 -35.82162 -15.23107 -0.00000 0.00000 -0.00000 36.61021 -30.45010 15.68354 3.54244 31.09919 -12.68283 -22.28672 -38.14315 -31.24802 0.12728 6.31287 -2.30766 4.26994 -6.49506 -2.21865 0.64685 -10.17544 -3.10614 -1.48773 -7.23601 -1.85833 -10.56140 -9.17956 -12.11152 15.26901 14.23234 -17.53327 4.14505 7.73546 -7.89059 0.00000 0.00000 -0.00000 -444.20744 -12.16371 373.62246 11.64734 -2.10982 -20.46767 -0.00000 11.05430 0.00000 1.55510 0.57691 20.34897 -7.12502 -0.00000 0.00000 -23.95207 -1.57572 48.54214 0.00000 0.00000 -0.00000 82.64030 -5.46892 -2.69945 -6.46535 -0.63726 11.24665 0.00000 12.82320 -0.00000 -2.17363 -0.58994 15.17761 7.12502 -0.00000 -0.00000 20.26160 12.02492 -15.56090
-0.15056 0.94201 0.26502 3.09217 25.50371 346.34154 -0.00000 0.00000 -0.00000 -22.86763 -56.96191 -16.34354 -6.80417 40.67171 18.22511 1.68241 -16.73867 3.61253 -9.56593 -46.11957 -22.23954 -0.00000 0.00000 -0.00000 34.93395 -27.15716 14.61971 3.17580 29.65087 -11.95782 -20.34227 -36.85297 -29.62038 0.04928 3.93463 -1.43449 2.95857 -5.67104 -1.54376 0.38474 -9.63638 -2.16635 -1.09317 -6.99556 -1.29820 -9.59198 -9.79820 -11.82238 14.97512 14.56304 -17.23344 3.87802 7.80150 -7.67714 0.00000 0.00000 0.00000 -442.96349 -17.81056 375.08046 10.48319 -1.69965 -18.36937 -0.00000 13.83300 0.00000 1.51625 0.61309 22.01089 -7.12502 -0.00000 0.00000 -23.92357 -2.25064 50.05872 0.00000 0.00000 0.00000 83.89146 -3.83379 -2.54923 -7.39008 -0.83481 12.87255 0.00000 8.63178 -0.00000 -2.34707 -0.62887 14.99122 7.12502 -0.00000 -0.00000 20.15076 11.87013 -15.72736
-0.14896 0.93820 0.28120 4.85781 24.79725 342.81204 -0.00000 0.00000 -0.00000 -24.51763 -58.85057 -17.03791 -6.00919 38.74398 16.98097 0.11129 -9.80836 -1.03040 -7.54609 -42.30573 -19.34490 -0.00000 0.00000 -0.00000 33.36659 -26.53898 14.19167 3.39467 30.52855 -12.39436 -18.64018 -35.58573 -28.21030 0.00176 -0.74444 0.27097 1.21481 -6.35952 -1.24441 0.08307 -9.24635 -1.77421 -0.48845 -6.10651 -0.99131 -9.14926 -9.71620 -11.38860 15.15604 14.47452 -16.73930 3.95859 7.70392 -7.41538 -0.00000 0.00000 -0.00000 -441.35428 -24.68540 376.33396 9.53663 -1.40089 -16.67622 -0.00000 17.64690 0.00000 1.73523 0.71210 22.30552 -7.12502 -0.00000 0.00000 -23.68196 -2.36189 50.36785 -0.00000 0.00000 -0.00000 85.08352 -3.95629 -1.62650 -8.10237 -1.00581 14.12977 0.00000 4.98251 -0.00000 -3.07927 -0.83154 15.09755 7.12502 -0.00000 -0.00000 19.49690 11.52145 -15.57132
-0.14530 0.92557 0.29716 4.81067 23.33845 340.29468 -0.00000 0.00000 -0.00000 -24.68512 -60.42892 -16.13973 -7.73151 42.69216 19.61936 0.97087 -10.41482 4.48400 -3.04010 -29.08576 -11.68113 -0.00000 0.00000 -0.00000 32.74278 -26.08134 13.22493 4.26724 33.67669 -14.03556 -17.67127 -36.55109 -25.42242 0.02560 -2.83750 1.03367 0.98101 -5.84095 -1.03779 0.03186 -8.51736 -1.48559 -0.43489 -5.60116 -0.82810 -8.47610 -9.86324 -10.81199 15.20887 14.30809 -16.03299 3.98080 7.57420 -7.04202 0.00000 0.00000 0.00000 -440.43025 -27.98022 377.69642 9.69988 -1.45023 -16.96747 -0.00000 16.76040 0.00000 1.60021 0.67154 22.75992 -7.12502 -0.00000 0.00000 -23.79886 -2.55022 50.76103 0.00000 0.00000 0.00000 86.20998 -3.06489 -0.54263 -8.89426 -1.21547 15.53308 0.00000 1.42274 -0.00000 -4.22827 -1.19135 15.70732 7.12502 -0.00000 -0.00000 18.38039 11.10883 -14.89229
-0.14033 0.91389 0.31757 4.23712 20.68674 336.29637 -0.00000 0.00000 -0.00000 -21.18872 -59.26778 -12.72055 -10.44823 47.55237 23.44905 2.05126 -14.95457 6.65205 -1.58431 -21.60704 -8.28851 -0.00000 0.00000 -0.00000 31.49115 -23.58876 11.64779 5.08887 36.23429 -15.46922 -16.11895 -36.61555 -22.63291 0.27439 -9.24008 3.39456 1.12144 -4.29664 -0.22014 0.27351 -7.46043 -0.35358 -0.32468 -5.32399 -0.25371 -8.36039 -10.66292 -10.50164 14.92015 14.48692 -15.54701 3.88328 7.68947 -6.78083 0.00000 0.00000 0.00000 -440.36596 -29.62663 378.35230 9.75594 -1.46738 -17.06754 -0.00000 15.80310 0.00000 1.85863 0.76773 22.43585 -7.12502 -0.00000 0.00000 -23.54696 -2.40919 50.50969 0.00000 0.00000 0.00000 86.67136 -1.29833 0.15678 -9.98529 -1.53867 17.47739 0.00000 -1.91779 0.00000 -4.23032 -1.19050 15.68943 7.12502 -0.00000 -0.00000 18.38226 11.10227 -14.90951
-0.13433 0.90632 0.33847 3.54122 18.39065 333.38598 -0.00000 0.00000 -0.00000 -19.50256 -56.12439 -12.02981 -12.37432 50.30098 26.00308 3.32005 -19.46764 8.01236 -1.09749 -18.16325 -6.85798 -0.00000 0.00000 -0.00000 29.19428 -21.07036 8.86368 5.54908 37.53066 -16.23596 -13.27477 -35.40753 -18.61040 0.77806 -15.39497 5.75182 1.37222 -2.93265 0.20568 0.37649 -6.40476 0.24700 -0.39858 -4.96889 0.04705 -8.25097 -11.44840 -9.97589 14.98586 14.67115 -14.83597 3.94412 7.82153 -6.38696 -0.00000 0.00000 -0.00000 -441.96159 -27.00185 378.06945 10.46534 -1.69373 -18.33733 -0.00000 12.82130 0.00000 2.67129 1.14285 23.14615 -7.12502 -0.00000 0.00000 -22.65874 -2.64759 51.31416 -0.00000 0.00000 -0.00000 87.12991 -1.29857 1.29158 -10.82818 -1.81623 18.98925 0.00000 -3.64179 0.00000 -3.47537 -0.95828 15.39663 7.12502 -0.00000 -0.00000 19.09365 11.40979 -15.25252
-0.13094 0.90413 0.35931 3.49390 17.51553 330.65715 -0.00000 0.00000 -0.00000 -18.53094 -54.57621 -10.31742 -13.43227 51.62677 27.36499 4.66792 -22.77847 9.71685 -0.64599 -14.06646 -5.23245 -0.00000 0.00000 -0.00000 27.51241 -19.99610 7.91016 5.97881 38.66623 -16.93239 -10.75197 -33.84662 -15.09908 1.08606 -18.07266 6.82121 1.24394 -3.87193 0.78750 0.28180 -5.37237 1.00402 -0.43745 -3.34374 0.44596 -7.89778 -12.98549 -9.88763 15.28958 15.01469 -14.81299 3.87740 8.18796 -6.24099 -0.00000 0.00000 0.00000 -443.13810 -24.58071 376.14071 10.94514 -1.85669 -19.19976 -0.00000 11.09880 0.00000 3.33656 1.41223 22.91557 -7.12502 -0.00000 0.00000 -21.97901 -2.52193 51.22199 -0.00000 0.00000 0.00000 87.76994 -2.98700 2.97310 -10.98108 -1.86923 19.26449 0.00000 -3.81190 0.00000 -2.90249 -0.86332 16.55063 7.12502 -0.00000 -0.00000 19.34372 12.08848 -14.18156
-0.12776 0.90754 0.37857 3.86336 17.41276 328.55083 -0.00000 0.00000 -0.00000 -18.84881 -52.81365 -10.21150 -13.29406 51.46006 27.18849 5.83120 -24.92020 11.29282 -0.60126 -13.58352 -5.04527 -0.00000 0.00000 -0.00000 25.23420 -21.06552 5.90771 6.56943 40.12294 -17.86291 -7.02981 -28.93054 -11.02087 1.97034 -23.91002 9.28617 0.71801 -4.63157 1.02516 0.52301 -5.58624 1.32071 0.10931 -3.15324 0.62591 -7.86130 -12.56107 -9.41117 15.25662 15.40767 -14.23937 3.96926 8.19169 -5.97821 0.00000 0.00000 -0.00000 -444.21061 -21.51997 375.79509 11.67869 -2.12153 -20.52445 -0.00000 9.22946 0.00000 3.74978 1.49907 21.75983 -7.12502 -0.00000 0.00000 -21.62308 -2.07327 50.21473 0.00000 0.00000 -0.00000 87.84947 -4.08621 2.72282 -11.13821 -1.92455 19.54768 0.00000 -3.35983 0.00000 -2.81440 -0.82335 16.29377 7.12502 -0.00000 -0.00000 19.47450 12.05326 -14.43700
-0.12396 0.91432 0.39740 3.37661 17.82118 327.63804 -0.00000 0.00000 -0.00000 -18.78274 -50.43421 -10.63922 -12.44675 50.39553 26.09715 6.65898 -26.75139 11.92160 -0.29093 -9.51106 -3.49606 -0.00000 0.00000 -0.00000 23.14036 -23.15919 2.53180 7.32230 41.82805 -19.01088 -3.21833 -22.88416 -5.16043 1.92892 -23.67693 9.18351 0.54548 -4.15852 0.29275 1.84196 -7.09579 0.38088 1.58451 -5.02130 0.18389 -8.38195 -10.36859 -8.10910 14.20760 16.76336 -12.44300 4.08871 8.05236 -5.30923 -0.00000 0.00000 0.00000 -445.72302 -20.08809 377.94284 12.98576 -2.64164 -22.90517 -0.00000 6.66668 0.00000 3.40776 1.26770 20.38179 -7.12502 -0.00000 0.00000 -22.05075 -1.57021 48.87014 -0.00000 0.00000 0.00000 85.83532 8.73452 -3.49179 -13.88350 -3.03583 24.55729 0.00000 -13.46130 0.00000 -2.89423 -0.71260 13.82030 7.12502 -0.00000 -0.00000 19.91384 11.19418 -16.81374
-0.12121 0.92519 0.41284 3.57200 18.07929 326.03371 -0.00000 0.00000 -0.00000 -17.97459 -48.07197 -8.93798 -10.66702 47.88933 23.74477 7.31452 -27.30016 13.13476 -0.40673 -11.21806 -4.13963 -0.00000 0.00000 -0.00000 21.02230 -25.89448 0.42168 8.20102 43.63501 -20.30567 -1.33853 -15.21957 -3.04606 2.86882 -28.34763 11.32467 0.67177 -5.29408 0.71982 1.73056 -6.81562 0.92062 1.38540 -4.09480 0.44243 -7.68729 -11.61588 -8.05023 14.30294 17.83905 -12.59677 3.87430 8.59341 -5.23679 0.00000 0.00000 0.00000 -445.56612 -16.77517 375.26554 13.73419 -2.96814 -24.28149 -0.00000 4.53985 0.00000 2.53327 0.87805 19.10449 -7.12502 -0.00000 0.00000 -22.99601 -1.08255 47.54899 0.00000 0.00000 0.00000 86.24669 8.86747 -3.63286 -14.14033 -3.15431 25.03273 0.00000 -15.07320 0.00000 -3.22816 -0.72906 12.71306 7.12502 -0.00000 -0.00000 19.83668 10.65900 -17.85464
