HIERARCHY
ROOT Hips
{
  OFFSET 0.000000 0.000000 0.000000
  CHANNELS 6 Xposition Yposition Zposition Zrotation Xrotation Yrotation
  JOINT LeftHipJoint
  {
    OFFSET 0.000000 0.000000 0.000000
    CHANNELS 3 Zrotation Xrotation Yrotation
    JOINT LeftUpLeg
    {
      OFFSET 0.079164 -0.096759 0.033372
      CHANNELS 3 Zrotation Xrotation Yrotation
      JOINT LeftLeg
      {
        OFFSET 0.141151 -0.387810 0.000000
        CHANNELS 3 Zrotation Xrotation Yrotation
        JOINT LeftFoot
        {
          OFFSET 0.141582 -0.388994 0.000000
          CHANNELS 3 Zrotation Xrotation Yrotation
          JOINT LeftToeBase
          {
            OFFSET 0.012152 -0.033386 0.092822
            CHANNELS 3 Zrotation Xrotation Yrotation
            End Site
            {
              OFFSET 0.000000 -0.000000 0.049626
            }
          }
        }
      }
    }
  }
  JOINT RightHipJoint
  {
    OFFSET 0.000000 0.000000 0.000000
    CHANNELS 3 Zrotation Xrotation Yrotation
    JOINT RightUpLeg
    {
      OFFSET -0.086727 -0.096759 0.033372
      CHANNELS 3 Zrotation Xrotation Yrotation
      JOINT RightLeg
      {
        OFFSET -0.138731 -0.381161 0.000000
        CHANNELS 3 Zrotation Xrotation Yrotation
        JOINT RightFoot
        {
          OFFSET -0.142195 -0.390678 0.000000
          CHANNELS 3 Zrotation Xrotation Yrotation
          JOINT RightToeBase
          {
            OFFSET -0.012292 -0.033771 0.090128
            CHANNELS 3 Zrotation Xrotation Yrotation
            End Site
            {
              OFFSET -0.000000 -0.000000 0.048418
            }
          }
        }
      }
    }
  }
  JOINT Spine
  {
    OFFSET 0.000000 0.000000 0.000000
    CHANNELS 3 Zrotation Xrotation Yrotation
    JOINT Spine1
    {
      OFFSET 0.001248 0.117191 0.002132
      CHANNELS 3 Zrotation Xrotation Yrotation
      JOINT Spine2
      {
        OFFSET -0.000535 0.117409 -0.000069
        CHANNELS 3 Zrotation Xrotation Yrotation
        JOINT Neck
        {
          OFFSET -0.001066 0.117054 -0.001081
          CHANNELS 3 Zrotation Xrotation Yrotation
          JOINT Neck1
          {
            OFFSET 0.000163 0.094366 0.006296
            CHANNELS 3 Zrotation Xrotation Yrotation
            JOINT Head
            {
              OFFSET -0.001361 0.094260 -0.012440
              CHANNELS 3 Zrotation Xrotation Yrotation
              End Site
              {
                OFFSET -0.000579 0.095415 -0.004901
              }
            }
          }
        }
        JOINT LeftShoulder
        {
          OFFSET -0.001066 0.117054 -0.001081
          CHANNELS 3 Zrotation Xrotation Yrotation
          JOINT LeftArm
          {
            OFFSET 0.224616 0.041796 0.045981
            CHANNELS 3 Zrotation Xrotation Yrotation
            JOINT LeftForeArm
            {
              OFFSET 0.283257 -0.000000 -0.000000
              CHANNELS 3 Zrotation Xrotation Yrotation
              JOINT LeftHand
              {
                OFFSET 0.196816 -0.000000 0.000000
                CHANNELS 3 Zrotation Xrotation Yrotation
                JOINT LeftHandMid
                {
                  OFFSET 0.098408 -0.000000 0.000000
                  CHANNELS 3 Zrotation Xrotation Yrotation
                  JOINT LeftHandIndex1
                  {
                    OFFSET 0.043349 -0.000000 0.000000
                    CHANNELS 3 Zrotation Xrotation Yrotation
                    End Site
                    {
                      OFFSET 0.034949 -0.000000 0.000000
                    }
                  }
                }
                JOINT LeftHandThumb1
                {
                  OFFSET 0.098408 -0.000000 0.000000
                  CHANNELS 3 Zrotation Xrotation Yrotation
                  End Site
                  {
                    OFFSET 0.035483 -0.000000 0.035483
                  }
                }
              }
            }
          }
        }
        JOINT RightShoulder
        {
          OFFSET -0.001066 0.117054 -0.001081
          CHANNELS 3 Zrotation Xrotation Yrotation
          JOINT RightArm
          {
            OFFSET -0.219401 0.057643 0.024887
            CHANNELS 3 Zrotation Xrotation Yrotation
            JOINT RightForeArm
            {
              OFFSET -0.265381 -0.000000 0.000000
              CHANNELS 3 Zrotation Xrotation Yrotation
              JOINT RightHand
              {
                OFFSET -0.197505 -0.000000 0.000000
                CHANNELS 3 Zrotation Xrotation Yrotation
                JOINT RightHandMid
                {
                  OFFSET -0.098752 -0.000000 0.000000
                  CHANNELS 3 Zrotation Xrotation Yrotation
                  JOINT RightHandIndex1
                  {
                    OFFSET -0.041731 -0.000000 0.000000
                    CHANNELS 3 Zrotation Xrotation Yrotation
                    End Site
                    {
                      OFFSET -0.033645 -0.000000 0.000000
                    }
                  }
                }
                JOINT RightHandThumb1
                {
                  OFFSET -0.098752 -0.000000 0.000000
                  CHANNELS 3 Zrotation Xrotation Yrotation
                  End Site
                  {
                    OFFSET -0.034159 -0.000000 0.034159
                  }
                }
              }
            }
          }
        }
      }
    }
  }
}
MOTION
Frames: 856
Frame Time: 0.033333
-0.84435 0.97919 -0.05803 -17.21141 -1.04328 120.51509 -0.00000 0.00000 -0.00000 -25.02790 -12.99504 -10.02380 -0.46071 11.92565 4.40872 -6.39309 -10.20688 -27.52213 -2.97306 28.80023 11.54259 -0.00000 0.00000 -0.00000 21.33835 4.58718 3.58633 0.37596 -10.79251 3.97848 -18.22388 -29.26294 -36.78138 1.48163 20.93868 -8.00551 -20.56932 -32.34906 -15.65761 -1.48073 -0.26043 -11.67522 1.06972 18.38199 -5.83689 -5.19618 -6.17469 -11.05081 5.39013 15.33881 -15.10425 0.73932 6.19080 -7.18133 -0.00000 0.00000 -0.00000 -90.85299 27.90497 2.46352 12.58516 -2.47556 -22.17255 -0.00000 -1.21960 -0.00000 12.83958 12.38750 43.26540 -7.12502 -0.00000 0.00000 -7.40757 -4.16751 74.20390 -0.00000 0.00000 -0.00000 101.10785 9.13747 -6.07555 -13.09564 -2.68825 23.10661 0.00000 33.38790 -0.00000 -30.51125 -2.85954 4.83881 7.12502 -0.00000 -0.00000 -3.67559 -1.38586 -24.36917
-0.84469 0.97914 -0.05836 -16.94165 -0.93791 120.34509 -0.00000 0.00000 -0.00000 -24.87518 -12.73542 -9.65373 -0.45221 11.81725 4.36740 -6.38507 -10.07822 -27.62977 -2.99348 28.88769 11.58494 -0.00000 0.00000 -0.00000 21.38402 4.96409 3.62910 0.38111 -10.86498 4.00588 -18.12865 -29.14935 -36.79000 1.46925 20.85623 -7.97079 -22.44068 -32.84967 -16.70758 -0.32172 0.73347 -12.43083 2.39773 20.43655 -6.42650 -5.48948 -7.46365 -10.47605 5.06552 14.66353 -14.16430 0.75986 6.16800 -6.76466 0.00000 0.00000 -0.00000 -91.05771 26.46428 0.13077 12.46842 -2.42828 -21.95957 -0.00000 -0.96867 -0.00000 13.06242 12.91999 43.94051 -7.12502 -0.00000 0.00000 -6.91074 -4.01468 75.01249 0.00000 0.00000 -0.00000 99.64172 10.55790 -3.85492 -13.08602 -2.68415 23.08896 0.00000 33.60960 -0.00000 -29.88703 -2.93232 5.08650 7.12502 -0.00000 -0.00000 -3.11493 -1.18969 -24.11675
-0.84507 0.97957 -0.05830 -16.45970 -1.13487 119.92508 -0.00000 0.00000 -0.00000 -24.18121 -12.46888 -9.22671 -0.44265 11.69413 4.32051 -6.38356 -10.32498 -27.37622 -2.84132 28.22637 11.26662 -0.00000 0.00000 -0.00000 21.91803 5.25577 4.00260 0.36330 -10.61205 3.91029 -17.81920 -28.77368 -36.83115 1.36602 20.15253 -7.67610 -21.77680 -32.57710 -16.37920 -0.20224 0.75451 -12.40479 2.37017 20.29466 -6.40377 -5.48161 -7.66789 -10.08192 5.27627 15.15884 -13.67342 0.84059 6.35810 -6.49188 -0.00000 0.00000 0.00000 -91.23116 25.40753 -0.01020 12.27654 -2.35166 -21.60999 -0.00000 -0.32039 -0.00000 13.19989 13.14690 44.11985 -7.12502 -0.00000 0.00000 -6.68233 -3.91893 75.25692 -0.00000 0.00000 0.00000 99.83106 11.06951 -3.94892 -13.16853 -2.71942 23.24035 0.00000 32.77760 -0.00000 -30.44820 -2.77976 4.71633 7.12502 -0.00000 -0.00000 -3.61639 -1.35299 -24.51452
-0.84580 0.97962 -0.05843 -16.04225 -1.10985 119.93854 -0.00000 0.00000 -0.00000 -23.97766 -12.03975 -9.27299 -0.44529 11.72823 4.33350 -6.36115 -10.50035 -27.13824 -2.71492 27.65887 10.99687 -0.00000 0.00000 -0.00000 22.08695 5.51649 3.87411 0.35399 -10.47723 3.85940 -17.86641 -28.84044 -36.80658 1.30852 19.74698 -7.50756 -21.51239 -32.02178 -16.15201 -0.11434 0.80491 -12.41334 2.51967 20.13484 -6.43600 -5.33623 -7.73474 -9.85627 5.11554 15.08137 -13.35360 0.81111 6.31781 -6.34212 -0.00000 0.00000 -0.00000 -91.37600 25.25432 0.03222 12.29943 -2.36073 -21.65166 -0.00000 -0.15951 -0.00000 13.05284 12.82245 43.74900 -7.12502 -0.00000 0.00000 -6.98745 -4.02541 74.80244 -0.00000 0.00000 -0.00000 99.98932 10.52516 -3.89220 -13.08441 -2.68346 23.08601 0.00000 33.38290 -0.00000 -30.32028 -3.10720 5.29528 7.12502 -0.00000 -0.00000 -3.51157 -1.36030 -23.85080
-0.84650 0.97970 -0.05852 -15.75980 -1.06998 119.84920 -0.00000 0.00000 -0.00000 -23.87694 -11.70228 -9.31402 -0.43998 11.65946 4.30732 -6.32034 -10.63826 -26.88680 -2.58737 27.06832 10.71939 -0.00000 0.00000 -0.00000 22.14067 5.72133 3.87181 0.34742 -10.38104 3.82312 -17.89036 -28.86581 -36.81053 1.29607 19.65782 -7.47063 -21.23261 -31.65410 -15.92506 -0.12064 0.81555 -12.34157 2.54860 19.95742 -6.41063 -6.14813 -7.77742 -9.62710 6.27694 15.66781 -13.14185 1.28622 6.63455 -6.17627 -0.00000 0.00000 -0.00000 -91.53070 25.20480 0.17012 12.33896 -2.37643 -21.72363 -0.00000 -0.24871 -0.00000 13.10739 12.98475 43.97931 -7.12502 -0.00000 0.00000 -6.84293 -3.98424 75.07100 -0.00000 0.00000 -0.00000 100.25476 10.33857 -4.20086 -13.09260 -2.68696 23.10104 0.00000 34.15890 -0.00000 -30.36841 -3.25408 5.53321 7.12502 -0.00000 -0.00000 -3.56038 -1.39922 -23.57229
-0.84715 0.97985 -0.05850 -15.73797 -1.18681 119.91104 -0.00000 0.00000 -0.00000 -23.79716 -11.82712 -9.31486 -0.44427 11.71502 4.32847 -6.29970 -10.55415 -26.90964 -2.55184 26.90045 10.64109 -0.00000 0.00000 -0.00000 22.25235 5.63479 3.83770 0.34777 -10.38610 3.82503 -17.85162 -28.85923 -36.73791 1.32713 19.87935 -7.56247 -21.24808 -31.61405 -15.92846 -0.04012 0.85572 -12.37330 2.63646 20.02031 -6.43853 -5.47603 -7.65303 -9.50075 5.46603 15.59699 -12.92544 0.97122 6.48828 -6.10082 -0.00000 0.00000 0.00000 -91.78774 25.08242 0.22190 12.40564 -2.40306 -21.84513 -0.00000 -0.23396 -0.00000 12.92009 12.81752 44.04108 -7.12502 -0.00000 0.00000 -7.04935 -4.10537 75.06822 -0.00000 0.00000 0.00000 100.40289 10.05780 -4.23130 -12.95255 -2.62765 22.84434 0.00000 34.43460 -0.00000 -30.83185 -3.38586 5.65097 7.12502 -0.00000 -0.00000 -3.98118 -1.57846 -23.40667
-0.84768 0.97988 -0.05848 -15.63550 -1.19953 119.91759 -0.00000 0.00000 -0.00000 -23.73091 -11.74131 -9.28759 -0.44124 11.67576 4.31352 -6.26263 -10.46984 -26.88578 -2.51985 26.74795 10.57018 -0.00000 0.00000 -0.00000 22.28373 5.84410 3.75052 0.36694 -10.66427 3.93001 -17.81455 -28.77718 -36.81410 1.31832 19.81685 -7.53653 -21.36119 -31.50074 -15.96601 0.08112 0.94866 -12.44383 2.80138 20.15202 -6.50223 -5.98899 -7.74465 -9.33211 6.10915 16.11828 -12.74753 1.23968 6.73650 -5.97604 0.00000 0.00000 -0.00000 -92.05694 24.91314 0.20577 12.48601 -2.43537 -21.99165 -0.00000 -0.34030 -0.00000 13.15738 12.86529 43.60640 -7.12502 -0.00000 0.00000 -6.90916 -3.96122 74.68718 0.00000 0.00000 -0.00000 100.54178 9.92816 -4.33327 -12.98506 -2.64135 22.90390 0.00000 34.73390 -0.00000 -29.82559 -3.31508 5.75975 7.12502 -0.00000 -0.00000 -3.07622 -1.22271 -23.34403
-0.84803 0.98012 -0.05820 -15.49986 -1.28609 119.95987 -0.00000 0.00000 -0.00000 -23.59108 -11.65448 -9.44377 -0.44601 11.73751 4.33703 -6.21048 -10.53193 -26.67460 -2.43796 26.35192 10.38699 -0.00000 0.00000 -0.00000 22.46934 5.87474 3.70227 0.36603 -10.65124 3.92509 -17.78706 -28.70753 -36.88814 1.32215 19.84405 -7.54781 -21.26512 -31.33271 -15.89288 0.09703 0.99776 -12.44162 2.82147 20.13840 -6.50994 -4.74864 -7.57994 -9.33134 4.78423 16.10558 -12.69507 0.65163 6.53769 -5.98543 -0.00000 0.00000 -0.00000 -92.15594 24.78273 0.24494 12.48642 -2.43554 -21.99241 -0.00000 -0.32377 -0.00000 13.19240 12.98735 43.79321 -7.12502 -0.00000 0.00000 -6.80330 -3.93390 74.90158 -0.00000 0.00000 -0.00000 100.71363 10.02712 -4.48065 -12.97303 -2.63628 22.88186 0.00000 34.60790 -0.00000 -29.89489 -3.69490 6.39580 7.12502 -0.00000 -0.00000 -3.15757 -1.30251 -22.60580
-0.84846 0.98004 -0.05800 -15.13373 -1.20556 119.93208 -0.00000 0.00000 -0.00000 -23.48919 -11.20976 -9.54319 -0.45002 11.78914 4.35669 -6.21025 -10.81195 -26.40407 -2.30034 25.66658 10.07317 -0.00000 0.00000 -0.00000 22.61576 6.26243 3.58713 0.36781 -10.67664 3.93468 -17.81351 -28.74344 -36.87709 1.32698 19.87833 -7.56204 -21.08170 -30.97076 -15.73361 0.10243 1.11730 -12.41720 2.84856 20.11856 -6.51911 -4.39873 -7.42940 -9.14699 4.41320 15.93788 -12.42584 0.53693 6.41106 -5.87094 0.00000 0.00000 -0.00000 -92.21143 24.62660 0.19449 12.45811 -2.42413 -21.94078 -0.00000 -0.10881 -0.00000 12.99757 12.96431 44.18443 -7.12502 -0.00000 0.00000 -6.90612 -4.05076 75.25147 0.00000 0.00000 -0.00000 100.77808 9.79044 -4.46376 -12.97506 -2.63713 22.88557 0.00000 34.82800 -0.00000 -29.57918 -3.72987 6.53815 7.12502 -0.00000 -0.00000 -2.87867 -1.19561 -22.46374
-0.84939 0.98016 -0.05791 -14.91367 -1.33137 119.96638 -0.00000 0.00000 -0.00000 -23.29018 -11.11388 -9.71292 -0.46006 11.91741 4.40558 -6.20618 -10.93683 -26.27406 -2.24327 25.37471 9.94071 -0.00000 0.00000 -0.00000 22.85594 6.29051 3.53784 0.36264 -10.60249 3.90668 -17.77375 -28.71874 -36.83687 1.28829 19.60191 -7.44750 -20.85385 -30.73619 -15.59499 0.11477 1.18634 -12.39850 2.83331 20.07890 -6.51533 -4.30186 -7.28381 -9.07186 4.74992 16.18006 -12.40146 0.62270 6.47777 -5.82011 0.00000 0.00000 0.00000 -92.14929 24.71797 0.17916 12.41247 -2.40580 -21.85757 -0.00000 -0.31862 -0.00000 13.00184 12.86310 43.95412 -7.12502 -0.00000 0.00000 -6.97970 -4.05394 75.00477 0.00000 0.00000 0.00000 100.82173 9.61412 -4.38540 -12.93894 -2.62193 22.81942 0.00000 34.84590 -0.00000 -29.46595 -3.73642 6.57950 7.12502 -0.00000 -0.00000 -2.77839 -1.15614 -22.42424
-0.85036 0.98038 -0.05819 -14.72162 -1.42225 120.02047 -0.00000 0.00000 -0.00000 -23.20844 -10.95016 -10.04465 -0.46918 12.03264 4.44954 -6.15119 -11.08134 -25.98090 -2.12930 24.77747 9.67180 -0.00000 0.00000 -0.00000 22.95189 6.29352 3.45034 0.35646 -10.51314 3.87295 -17.71367 -28.71626 -36.70826 1.32334 19.85253 -7.55133 -20.62127 -30.52952 -15.50307 0.18874 1.27979 -12.45016 2.83313 20.10315 -6.54567 -4.51696 -7.60629 -8.99681 5.02380 16.57050 -12.32218 0.71006 6.68201 -5.75531 0.00000 0.00000 -0.00000 -92.27396 24.80730 0.25863 12.52711 -2.45199 -22.06662 -0.00000 -0.49097 -0.00000 13.01109 13.10311 44.45334 -7.12502 -0.00000 0.00000 -6.79696 -4.03345 75.54678 0.00000 0.00000 -0.00000 100.71566 9.53884 -4.26118 -12.95334 -2.62798 22.84578 0.00000 34.60790 -0.00000 -30.31026 -3.58305 6.10197 7.12502 -0.00000 -0.00000 -3.52233 -1.43100 -22.91710
-0.85160 0.98042 -0.05856 -14.51229 -1.48242 120.17844 -0.00000 0.00000 -0.00000 -23.13162 -10.89143 -10.12204 -0.47899 12.15528 4.49636 -6.14805 -10.99740 -26.05003 -2.13374 24.80109 9.68238 -0.00000 0.00000 -0.00000 23.03563 6.30414 3.24678 0.35264 -10.45755 3.85197 -17.70946 -28.72436 -36.68324 1.28730 19.59474 -7.44453 -20.33765 -30.24415 -15.40857 0.21614 1.35904 -12.52618 2.76421 20.05735 -6.57857 -4.24853 -7.71016 -8.90444 4.77344 16.44418 -12.18426 0.60958 6.62508 -5.69522 0.00000 0.00000 -0.00000 -92.22860 24.39837 0.10788 12.40977 -2.40472 -21.85266 -0.00000 -0.06762 -0.00000 13.03054 12.78906 43.72630 -7.12502 -0.00000 0.00000 -7.02216 -4.04029 74.76980 0.00000 0.00000 -0.00000 100.70671 9.38680 -4.25744 -13.02240 -2.65714 22.97233 0.00000 34.43240 -0.00000 -29.86348 -3.67282 6.36595 7.12502 -0.00000 -0.00000 -3.12833 -1.28809 -22.64237
-0.85251 0.98053 -0.05911 -14.33006 -1.54086 120.21134 -0.00000 0.00000 -0.00000 -23.03994 -10.66452 -10.21667 -0.47049 12.04913 4.45583 -6.11098 -11.03035 -25.91240 -2.01691 24.16853 9.40049 -0.00000 0.00000 -0.00000 23.10682 6.37029 3.16304 0.34939 -10.41001 3.83404 -17.70325 -28.74993 -36.62009 1.32665 19.87600 -7.56108 -19.87972 -30.04267 -15.21697 0.18013 1.31427 -12.49934 2.60780 19.83263 -6.53679 -3.92757 -7.47042 -8.68586 4.32050 15.88363 -11.84075 0.51027 6.35924 -5.56715 0.00000 0.00000 0.00000 -92.32769 24.27108 0.29412 12.42259 -2.40986 -21.87603 -0.00000 -0.01502 -0.00000 13.03959 12.91296 43.97704 -7.12502 -0.00000 0.00000 -6.92596 -4.02865 75.04341 0.00000 0.00000 0.00000 100.74600 9.25895 -4.43977 -13.08197 -2.68243 23.08153 0.00000 34.32420 -0.00000 -29.53105 -3.38656 5.95316 7.12502 -0.00000 -0.00000 -2.81629 -1.13084 -23.14000
-0.85296 0.98075 -0.05966 -14.01805 -1.50025 120.13819 -0.00000 0.00000 -0.00000 -22.89092 -10.35317 -9.95916 -0.46318 11.95704 4.42069 -6.09412 -11.03102 -25.86304 -1.93180 23.69326 9.19068 -0.00000 0.00000 -0.00000 23.18883 6.59827 3.13404 0.33841 -10.24743 3.77277 -17.74916 -28.84591 -36.53740 1.30746 19.73943 -7.50443 -19.50317 -29.77087 -14.96832 0.15034 1.33446 -12.38551 2.55229 19.66831 -6.47760 -4.25278 -7.65471 -8.59818 4.83654 16.20748 -11.76923 0.70197 6.54034 -5.49797 0.00000 0.00000 0.00000 -92.29928 24.26911 0.41375 12.45616 -2.42334 -21.93723 -0.00000 -0.08585 -0.00000 13.07343 12.77000 43.58695 -7.12502 -0.00000 0.00000 -7.01731 -4.01549 74.63539 0.00000 0.00000 0.00000 100.87046 8.97991 -4.42808 -13.10057 -2.69035 23.11565 0.00000 34.35300 -0.00000 -29.37805 -3.37320 5.96670 7.12502 -0.00000 -0.00000 -2.67879 -1.07586 -23.13416
-0.85303 0.98100 -0.06009 -13.57925 -1.34173 119.93813 -0.00000 0.00000 -0.00000 -22.69930 -9.76195 -9.60753 -0.44259 11.69328 4.32019 -5.99717 -10.89078 -25.71205 -1.88036 23.39970 9.06192 -0.00000 0.00000 -0.00000 23.26845 7.00045 3.17659 0.32156 -9.99274 3.67692 -17.86415 -29.00368 -36.48991 1.36132 20.11975 -7.66244 -19.08017 -29.37518 -14.67525 0.12282 1.30397 -12.26112 2.52824 19.38143 -6.41329 -4.02370 -7.59569 -8.46785 4.46935 16.38399 -11.56553 0.57287 6.54701 -5.41022 -0.00000 0.00000 -0.00000 -92.44925 24.13052 0.61723 12.47631 -2.43146 -21.97396 -0.00000 -0.13014 -0.00000 13.09868 12.93260 43.88578 -7.12502 -0.00000 0.00000 -6.88544 -3.99245 74.96682 -0.00000 0.00000 -0.00000 100.91322 8.93716 -4.55223 -13.10830 -2.69365 23.12983 0.00000 34.35980 -0.00000 -29.54019 -3.24204 5.69899 7.12502 -0.00000 -0.00000 -2.81696 -1.11448 -23.43170
-0.85377 0.98091 -0.06079 -13.24176 -1.32476 120.10169 -0.00000 0.00000 -0.00000 -22.62248 -9.49149 -9.59118 -0.45148 11.80788 4.36383 -6.04931 -11.00181 -25.76035 -1.80850 22.98127 8.87944 -0.00000 0.00000 -0.00000 23.33524 7.18199 2.89323 0.31544 -9.89850 3.64149 -17.86281 -29.02833 -36.44034 1.34842 20.02950 -7.62487 -18.80890 -29.08272 -14.55507 0.18337 1.37121 -12.29748 2.52784 19.31891 -6.43365 -4.14965 -7.71740 -8.43530 4.41943 16.45007 -11.49400 0.57689 6.59118 -5.38383 0.00000 0.00000 0.00000 -92.50742 24.20869 0.46157 12.51083 -2.44540 -22.03692 -0.00000 -0.39232 -0.00000 13.17292 13.02543 43.91940 -7.12502 -0.00000 0.00000 -6.78388 -3.94303 75.03051 0.00000 0.00000 0.00000 100.81045 8.69101 -4.23440 -12.94868 -2.62602 22.83725 0.00000 34.87020 -0.00000 -29.71026 -3.39007 5.91636 7.12502 -0.00000 -0.00000 -2.97670 -1.19352 -23.17081
-0.85409 0.98095 -0.06139 -13.03438 -1.34771 120.19738 -0.00000 0.00000 -0.00000 -22.54813 -9.26028 -9.61616 -0.44883 11.77387 4.35087 -6.01957 -10.98411 -25.69032 -1.73563 22.54647 8.69111 -0.00000 0.00000 -0.00000 23.41590 7.34918 2.71131 0.31844 -9.94482 3.65890 -17.86076 -29.02013 -36.45133 1.26118 19.40529 -7.36628 -18.47859 -28.98356 -14.41624 0.11946 1.40958 -12.24856 2.35455 19.24918 -6.39047 -4.05365 -7.51700 -8.38962 4.45446 16.34312 -11.45065 0.59503 6.52062 -5.35961 -0.00000 0.00000 0.00000 -92.43081 24.39295 0.45552 12.55257 -2.46231 -22.11308 -0.00000 -0.50475 -0.00000 13.15223 13.05813 44.03658 -7.12502 -0.00000 0.00000 -6.76882 -3.95308 75.14943 -0.00000 0.00000 0.00000 101.03780 9.14342 -4.36403 -13.04512 -2.66677 23.01397 0.00000 34.36200 -0.00000 -29.42991 -3.23256 5.70787 7.12502 -0.00000 -0.00000 -2.71770 -1.07533 -23.42821
-0.85476 0.98110 -0.06203 -12.88751 -1.36896 120.28561 -0.00000 0.00000 -0.00000 -22.47682 -9.27342 -9.38395 -0.45222 11.81744 4.36747 -6.00405 -10.72790 -25.88569 -1.76465 22.72090 8.76650 -0.00000 0.00000 -0.00000 23.44597 7.41009 2.57185 0.31790 -9.93648 3.65576 -17.85043 -28.99314 -36.47983 1.27997 19.54181 -7.42265 -18.27209 -28.87227 -14.33152 0.17475 1.46644 -12.25688 2.34330 19.25444 -6.39371 -3.32329 -7.20253 -8.47061 3.48402 15.78622 -11.48826 0.22310 6.19578 -5.43093 -0.00000 0.00000 0.00000 -92.55342 24.37767 0.37391 12.64510 -2.50003 -22.28202 -0.00000 -0.44414 -0.00000 13.09912 12.97899 43.98554 -7.12502 -0.00000 0.00000 -6.85082 -3.98948 75.07471 -0.00000 0.00000 0.00000 101.00974 9.32877 -4.21553 -13.12022 -2.69874 23.15170 0.00000 34.06720 -0.00000 -29.17941 -3.15549 5.62980 7.12502 -0.00000 -0.00000 -2.48918 -0.97953 -23.53288
-0.85543 0.98113 -0.06266 -12.70682 -1.45112 120.53997 -0.00000 0.00000 -0.00000 -22.39774 -9.13271 -9.53040 -0.45467 11.84873 4.37940 -6.00433 -10.65594 -25.95505 -1.72903 22.50653 8.67387 -0.00000 0.00000 -0.00000 23.53805 7.37895 2.28211 0.31318 -9.86342 3.62831 -17.78951 -28.98126 -36.36869 1.31262 19.77623 -7.51968 -18.10129 -28.75683 -14.31657 0.23521 1.55719 -12.34493 2.30034 19.31285 -6.43351 -4.05778 -6.83717 -8.51166 4.48347 15.59225 -11.60976 0.66295 6.17980 -5.46536 -0.00000 0.00000 -0.00000 -92.53874 24.47017 0.27710 12.63404 -2.49550 -22.26180 -0.00000 -0.42298 -0.00000 13.17422 12.96218 43.77955 -7.12502 -0.00000 0.00000 -6.83002 -3.94610 74.88013 -0.00000 0.00000 -0.00000 101.03980 9.37955 -3.96605 -13.11323 -2.69575 23.13887 0.00000 34.17310 -0.00000 -29.30471 -3.17884 5.64232 7.12502 -0.00000 -0.00000 -2.60269 -1.02540 -23.51109
-0.85609 0.98121 -0.06334 -12.46662 -1.49262 120.67344 -0.00000 0.00000 -0.00000 -22.29808 -8.91430 -9.58618 -0.45352 11.83402 4.37379 -5.98491 -10.56004 -25.98998 -1.72049 22.45478 8.65156 -0.00000 0.00000 -0.00000 23.62809 7.41853 2.09309 0.30239 -9.69414 3.56474 -17.82023 -29.03456 -36.33535 1.29613 19.65828 -7.47082 -17.71520 -28.47706 -14.20295 0.25050 1.57818 -12.40988 2.18078 19.16413 -6.44640 -4.47935 -6.21578 -9.03225 4.90216 15.25853 -12.33459 0.82355 6.03917 -5.82820 -0.00000 0.00000 0.00000 -92.67918 24.16966 0.27482 12.58154 -2.47409 -22.16596 -0.00000 -0.30077 -0.00000 13.24427 13.04532 43.80211 -7.12502 -0.00000 0.00000 -6.73740 -3.89990 74.93025 -0.00000 0.00000 0.00000 101.06553 9.51984 -3.93702 -13.13601 -2.70549 23.18066 0.00000 33.86060 -0.00000 -29.07027 -3.27057 5.85952 7.12502 -0.00000 -0.00000 -2.39788 -0.95598 -23.27641
-0.85667 0.98126 -0.06377 -12.27154 -1.52749 120.77863 -0.00000 0.00000 -0.00000 -22.19884 -8.71489 -9.63462 -0.44848 11.76937 4.34916 -5.97252 -10.51538 -25.99659 -1.63651 21.93699 8.42926 -0.00000 0.00000 -0.00000 23.66148 7.47034 1.92784 0.29899 -9.64031 3.54454 -17.79212 -29.00381 -36.33177 1.26846 19.45832 -7.38816 -17.42896 -28.13133 -14.16516 0.32921 1.59516 -12.56595 2.14613 19.02161 -6.51258 -4.18067 -5.51589 -9.68033 4.16031 14.45495 -13.12650 0.54991 5.62680 -6.28361 -0.00000 0.00000 0.00000 -92.92845 23.95688 0.48291 12.67807 -2.51355 -22.34223 -0.00000 -0.58781 -0.00000 13.34938 13.13838 43.76740 -7.12502 -0.00000 0.00000 -6.62193 -3.83256 74.93160 -0.00000 0.00000 0.00000 101.08444 9.76234 -4.15796 -13.25633 -2.75722 23.40157 0.00000 33.66170 -0.00000 -29.12417 -2.96783 5.30922 7.12502 -0.00000 -0.00000 -2.42988 -0.93805 -23.90339
-0.85731 0.98120 -0.06412 -12.14217 -1.53146 120.86738 -0.00000 0.00000 -0.00000 -22.16015 -8.57191 -9.60866 -0.44025 11.66292 4.30864 -5.96010 -10.44505 -26.02804 -1.56965 21.51321 8.24861 -0.00000 0.00000 -0.00000 23.71152 7.51062 1.80454 0.29579 -9.58919 3.52536 -17.84747 -29.15739 -36.16443 1.30991 19.75695 -7.51169 -17.15202 -27.64646 -14.18886 0.38086 1.50661 -12.82021 2.08864 18.68947 -6.61644 -4.31402 -5.04841 -10.12509 3.93662 13.64140 -13.67349 0.52619 5.30806 -6.60165 -0.00000 0.00000 0.00000 -93.19713 23.07882 0.67826 12.62662 -2.49247 -22.24827 -0.00000 -0.09250 -0.00000 13.10289 12.76067 43.49969 -7.12502 -0.00000 0.00000 -7.01113 -3.99834 74.55216 -0.00000 0.00000 0.00000 101.10748 9.61361 -4.29737 -13.22793 -2.74496 23.34941 0.00000 33.87290 -0.00000 -29.74886 -3.06114 5.33808 7.12502 -0.00000 -0.00000 -2.99588 -1.16109 -23.83456
-0.85765 0.98119 -0.06437 -12.12787 -1.51583 120.77014 -0.00000 0.00000 -0.00000 -22.14887 -8.46774 -9.53194 -0.42611 11.47748 4.23811 -5.92262 -10.30586 -26.05293 -1.54359 21.34515 8.17729 -0.00000 0.00000 -0.00000 23.70570 7.67963 1.85358 0.31052 -9.82197 3.61273 -17.79838 -29.00952 -36.33473 1.20468 18.98761 -7.19444 -16.67533 -27.43013 -14.00147 0.25752 1.39555 -12.76085 1.84710 18.33907 -6.54932 -4.31545 -4.91563 -10.48972 3.91250 13.40787 -14.16243 0.49215 5.22194 -6.85070 0.00000 0.00000 0.00000 -93.29748 22.52615 0.88932 12.51834 -2.44844 -22.05063 -0.00000 0.22361 0.00000 13.28344 13.10738 43.84795 -7.12502 -0.00000 0.00000 -6.67430 -3.87298 74.99418 0.00000 0.00000 0.00000 101.37163 8.73452 -4.65826 -13.19102 -2.72907 23.28163 0.00000 34.55840 -0.00000 -29.24902 -3.13222 5.57278 7.12502 -0.00000 -0.00000 -2.55038 -1.00049 -23.59417
-0.85734 0.98099 -0.06447 -12.06288 -1.37950 120.73218 -0.00000 0.00000 -0.00000 -22.20884 -8.28091 -9.34823 -0.41661 11.35115 4.19013 -5.93059 -10.26937 -26.11242 -1.47690 20.90723 7.99226 -0.00000 0.00000 -0.00000 23.67535 8.01040 1.78537 0.32867 -10.10105 3.71766 -17.79230 -28.99919 -36.34090 1.22378 19.13005 -7.25294 -16.52323 -27.27842 -13.95916 0.22891 1.36708 -12.78610 1.77882 18.20609 -6.55175 -4.59242 -4.90419 -10.53159 4.12722 13.41933 -14.22244 0.59248 5.25959 -6.88002 0.00000 0.00000 -0.00000 -93.47252 21.91949 0.95990 12.44247 -2.41784 -21.91226 -0.00000 0.79623 0.00000 13.27040 13.02451 43.69873 -7.12502 -0.00000 0.00000 -6.74097 -3.88593 74.82835 0.00000 0.00000 -0.00000 101.37709 8.84334 -4.95447 -13.19497 -2.73077 23.28889 0.00000 34.26990 -0.00000 -29.13200 -3.10118 5.54432 7.12502 -0.00000 -0.00000 -2.44373 -0.95665 -23.63370
-0.85691 0.98102 -0.06445 -12.07877 -1.46965 120.82873 -0.00000 0.00000 -0.00000 -22.12367 -8.38757 -9.34872 -0.42380 11.44693 4.22650 -5.91122 -10.13755 -26.18526 -1.47598 20.90109 7.98967 -0.00000 0.00000 -0.00000 23.81177 8.00836 1.70406 0.33623 -10.21489 3.76051 -17.75325 -28.92270 -36.40000 1.29879 19.67738 -7.47873 -16.33271 -27.34560 -13.92676 0.22884 1.30035 -12.79355 1.68537 18.12045 -6.53378 -4.89863 -4.77854 -10.43728 4.52894 13.78044 -14.13237 0.75376 5.39770 -6.81681 0.00000 0.00000 0.00000 -93.51630 22.40054 1.00643 12.51190 -2.44583 -22.03887 -0.00000 0.33404 0.00000 13.21913 12.90997 43.56511 -7.12502 -0.00000 0.00000 -6.84846 -3.92254 74.66530 0.00000 0.00000 0.00000 101.47164 8.68314 -5.26415 -13.30602 -2.77875 23.49287 0.00000 34.14500 -0.00000 -28.82916 -3.24373 5.86944 7.12502 -0.00000 -0.00000 -2.18058 -0.86910 -23.27994
-0.85617 0.98106 -0.06445 -11.95600 -1.52397 120.88403 -0.00000 0.00000 -0.00000 -21.95709 -8.37115 -9.21153 -0.43225 11.55844 4.26889 -5.92180 -10.11494 -26.23927 -1.42884 20.58436 7.85659 -0.00000 0.00000 -0.00000 23.98534 8.11469 1.61730 0.33619 -10.21433 3.76030 -17.82874 -29.02630 -36.36958 1.26426 19.42775 -7.37555 -16.22120 -27.27280 -13.92333 0.24535 1.22281 -12.84608 1.66238 17.98340 -6.54767 -4.50440 -4.18883 -10.40901 4.26718 14.01988 -14.11075 0.64121 5.33096 -6.80256 0.00000 0.00000 -0.00000 -93.68773 22.34390 0.89699 12.50976 -2.44496 -22.03497 -0.00000 0.40665 0.00000 13.17997 12.98712 43.82067 -7.12502 -0.00000 0.00000 -6.80899 -3.94122 74.92665 0.00000 0.00000 -0.00000 101.33931 8.61595 -5.22811 -13.17387 -2.72171 23.25014 0.00000 34.15040 -0.00000 -29.02932 -3.18308 5.71353 7.12502 -0.00000 -0.00000 -2.35622 -0.93127 -23.44605
-0.85534 0.98107 -0.06434 -11.77057 -1.53742 120.72602 -0.00000 0.00000 -0.00000 -21.83618 -8.02538 -9.52806 -0.43947 11.65280 4.30478 -5.91531 -10.60148 -25.74508 -1.26601 19.44052 7.38081 -0.00000 0.00000 -0.00000 24.08136 8.32955 1.70214 0.33243 -10.15778 3.73901 -17.82620 -29.05224 -36.31512 1.27982 19.54069 -7.42219 -16.22212 -27.38690 -13.97129 0.40271 1.30149 -12.92219 1.75527 18.17487 -6.59195 -4.01989 -3.22891 -10.16721 3.84651 13.97207 -13.77451 0.54327 5.09867 -6.64959 0.00000 0.00000 0.00000 -93.89565 22.61945 0.57805 12.57042 -2.46956 -22.14565 -0.00000 0.08059 0.00000 13.25649 13.08548 43.86117 -7.12502 -0.00000 0.00000 -6.70241 -3.89014 74.99852 0.00000 0.00000 0.00000 101.04106 8.77038 -4.72121 -13.05318 -2.67019 23.02875 0.00000 34.46690 -0.00000 -29.38638 -3.12383 5.52704 7.12502 -0.00000 -0.00000 -2.67312 -1.04633 -23.63851
-0.85422 0.98121 -0.06400 -11.74861 -1.80230 120.91300 -0.00000 0.00000 -0.00000 -21.63400 -8.05842 -10.16614 -0.46638 11.99742 4.43609 -5.89332 -10.82624 -25.46765 -1.16594 18.69474 7.07450 -0.00000 0.00000 -0.00000 24.42490 8.11610 1.60906 0.32207 -10.00053 3.67984 -17.90177 -29.13990 -36.31539 1.29336 19.63834 -7.46257 -16.34720 -27.70007 -14.23748 0.66051 1.43223 -13.22191 1.82867 18.57819 -6.73661 -3.70335 -4.15134 -9.03063 3.73547 15.47158 -12.25677 0.46643 5.64930 -5.84299 -0.00000 0.00000 -0.00000 -94.05538 22.62265 0.22644 12.74091 -2.53942 -22.45707 -0.00000 -0.15987 -0.00000 13.18229 13.02648 43.90060 -7.12502 -0.00000 0.00000 -6.77897 -3.93747 75.01370 -0.00000 0.00000 -0.00000 100.85968 9.20019 -4.35093 -13.22674 -2.74445 23.34721 0.00000 34.01700 -0.00000 -29.42099 -3.02452 5.34501 7.12502 -0.00000 -0.00000 -2.69943 -1.04541 -23.84553
-0.85430 0.98119 -0.06339 -11.40164 -1.75560 120.90640 -0.00000 0.00000 -0.00000 -21.42599 -7.74548 -10.20273 -0.47385 12.09120 4.47189 -5.89645 -10.90403 -25.40434 -1.05166 17.79682 6.70952 -0.00000 0.00000 -0.00000 24.58427 8.33443 1.51534 0.31145 -9.83642 3.61816 -17.94059 -29.21101 -36.26682 1.26123 19.40566 -7.36643 -15.88336 -27.08503 -14.07704 0.84753 1.43909 -13.34989 1.93320 18.29927 -6.80316 -2.41413 -5.62135 -6.97936 2.41516 16.38358 -9.39384 0.05572 6.00483 -4.43071 -0.00000 0.00000 -0.00000 -94.33841 22.91508 0.24823 12.71884 -2.53032 -22.41674 -0.00000 -0.47920 -0.00000 13.28191 13.04997 43.72790 -7.12502 -0.00000 0.00000 -6.71710 -3.87762 74.86406 -0.00000 0.00000 -0.00000 100.83273 9.39086 -4.33199 -13.50500 -2.86589 23.85893 0.00000 33.26770 -0.00000 -29.40296 -2.87752 5.09057 7.12502 -0.00000 -0.00000 -2.67650 -1.02078 -24.13865
-0.85404 0.98106 -0.06299 -11.12053 -1.60091 120.49885 -0.00000 0.00000 -0.00000 -21.22366 -7.35685 -9.62569 -0.45042 11.79429 4.35865 -5.88637 -10.98230 -25.30220 -0.99382 17.32114 6.51777 -0.00000 0.00000 -0.00000 24.68240 8.90547 1.75171 0.32164 -9.99387 3.67734 -17.96445 -29.13373 -36.46331 1.27199 19.48394 -7.39874 -15.17837 -26.43618 -13.74380 1.04608 1.34467 -13.32784 2.05188 17.82958 -6.78805 -1.28851 -6.22346 -4.46519 1.05777 15.89084 -5.88674 -0.14069 5.85336 -2.77076 0.00000 0.00000 0.00000 -94.89236 22.68191 0.48614 12.58678 -2.47622 -22.17551 -0.00000 0.31040 0.00000 13.14329 12.93901 43.79891 -7.12502 -0.00000 0.00000 -6.86086 -3.96564 74.88959 0.00000 0.00000 0.00000 100.62262 9.08765 -4.29333 -13.43005 -2.83289 23.72097 0.00000 33.34990 -0.00000 -29.04791 -2.77327 4.97875 7.12502 -0.00000 -0.00000 -2.35183 -0.88988 -24.28587
-0.85429 0.98058 -0.06256 -11.42038 -1.68770 121.09762 -0.00000 0.00000 -0.00000 -21.41684 -7.70879 -9.95491 -0.45310 11.82868 4.37175 -5.94544 -10.70193 -25.73832 -1.03116 17.62994 6.64213 -0.00000 0.00000 -0.00000 24.66552 8.52892 1.27180 0.33868 -10.25155 3.77432 -17.91971 -29.14450 -36.34578 1.29210 19.62930 -7.45883 -14.71333 -26.13171 -13.72365 0.95823 1.08729 -13.48907 1.79202 17.28490 -6.81501 0.23211 -7.49965 -3.11858 -0.71337 16.31938 -3.97354 -0.75888 6.13744 -1.88070 -0.00000 0.00000 -0.00000 -94.93001 22.53478 0.66889 12.43197 -2.41362 -21.89313 -0.00000 0.90556 0.00000 13.19254 13.06368 43.95775 -7.12502 -0.00000 0.00000 -6.74692 -3.92902 75.07921 -0.00000 0.00000 -0.00000 100.86405 8.46852 -4.78117 -13.39343 -2.81684 23.65358 0.00000 33.64760 -0.00000 -29.28862 -3.00747 5.34374 7.12502 -0.00000 -0.00000 -2.57962 -0.99847 -23.85448
-0.85359 0.98006 -0.06198 -11.41563 -1.62772 121.38783 -0.00000 0.00000 -0.00000 -21.40918 -7.66453 -9.77868 -0.44151 11.67923 4.31484 -5.99294 -10.46632 -26.10419 -1.03971 17.69976 6.67031 -0.00000 0.00000 -0.00000 24.67179 8.61352 0.93491 0.35258 -10.45670 3.85165 -17.92903 -29.20618 -36.25074 1.36835 20.16874 -7.68285 -14.36949 -25.93581 -13.51289 0.88807 1.13783 -13.34868 1.66829 17.16697 -6.73869 1.28426 -7.19861 -2.97016 -1.70200 15.71292 -3.76345 -1.19565 5.85595 -1.79908 0.00000 0.00000 0.00000 -94.67815 22.07470 -0.00577 12.21050 -2.32560 -21.48979 -0.00000 1.63648 0.00000 13.05015 12.73075 43.55313 -7.12502 -0.00000 0.00000 -7.05687 -4.03102 74.59044 0.00000 0.00000 0.00000 100.94939 7.70012 -4.65016 -13.19622 -2.73131 23.29117 0.00000 34.13690 -0.00000 -28.87008 -2.91976 5.27839 7.12502 -0.00000 -0.00000 -2.19898 -0.84663 -23.95285
-0.85225 0.97984 -0.06106 -11.32112 -1.56154 121.53104 -0.00000 0.00000 -0.00000 -21.36192 -7.41711 -9.92770 -0.44396 11.71109 4.32697 -5.99505 -10.62575 -25.95671 -0.99159 17.30256 6.51031 -0.00000 0.00000 -0.00000 24.74417 8.76274 0.73266 0.35556 -10.50011 3.86803 -17.90027 -29.21693 -36.16832 1.34304 19.99169 -7.60914 -14.06383 -25.91952 -13.27512 0.76377 1.32077 -13.11675 1.46882 17.27264 -6.61956 0.03391 -5.58671 -2.79934 -0.00455 14.58264 -3.62310 -0.38952 5.29037 -1.68981 0.00000 0.00000 0.00000 -94.29399 23.43930 -0.35081 12.42649 -2.41142 -21.88314 -0.00000 0.51438 0.00000 13.18330 12.98055 43.79895 -7.12502 -0.00000 0.00000 -6.81238 -3.93966 74.90442 0.00000 0.00000 0.00000 101.06086 7.60086 -4.50279 -13.05562 -2.67122 23.03322 0.00000 34.33390 -0.00000 -28.68651 -2.98333 5.43340 7.12502 -0.00000 -0.00000 -2.03752 -0.79123 -23.78617
-0.84988 0.97984 -0.05962 -11.21634 -1.61736 121.66301 -0.00000 0.00000 -0.00000 -21.09092 -7.44081 -9.78578 -0.45797 11.89080 4.39543 -6.01392 -10.62115 -26.01646 -0.88416 16.37484 6.13945 -0.00000 0.00000 -0.00000 25.03349 8.90372 0.57478 0.35856 -10.54361 3.88445 -17.94775 -29.33899 -36.04508 1.39451 20.34976 -7.75840 -14.05926 -26.14522 -13.26531 0.83115 1.53414 -13.08317 1.45379 17.64167 -6.60890 0.80752 -4.22329 -2.81178 -0.43160 14.22286 -3.63051 -0.61699 4.92553 -1.67663 -0.00000 0.00000 -0.00000 -94.23820 23.32914 -1.03734 12.34202 -2.37766 -21.72922 -0.00000 0.82834 0.00000 13.14197 12.84308 43.59255 -7.12502 -0.00000 0.00000 -6.93248 -3.97143 74.66665 -0.00000 0.00000 -0.00000 101.00683 7.81478 -4.38867 -13.14756 -2.71043 23.20185 0.00000 34.72820 -0.00000 -28.63021 -3.03210 5.53442 7.12502 -0.00000 -0.00000 -1.98984 -0.77718 -23.67420
-0.84746 0.97985 -0.05801 -11.23573 -1.68240 121.73649 -0.00000 0.00000 -0.00000 -20.93728 -7.31926 -10.19076 -0.46809 12.01897 4.44432 -6.03330 -11.02574 -25.69165 -0.70004 14.62651 5.45057 -0.00000 0.00000 -0.00000 25.22049 8.83027 0.55523 0.34833 -10.39445 3.82818 -18.12097 -29.60794 -35.92495 1.43650 20.63621 -7.87834 -14.01119 -26.36164 -13.34201 1.03180 1.81266 -13.21243 1.47254 18.12276 -6.67560 0.36498 -4.26936 -2.43507 -0.23363 14.47750 -3.09796 -0.43695 5.02909 -1.42211 -0.00000 0.00000 0.00000 -94.35468 23.47973 -1.59752 12.49640 -2.43957 -22.01060 -0.00000 0.25889 0.00000 13.10259 12.84987 43.69635 -7.12502 -0.00000 0.00000 -6.94503 -3.99448 74.76411 -0.00000 0.00000 0.00000 100.74737 8.12818 -3.79664 -13.32461 -2.78683 23.52704 0.00000 34.21290 -0.00000 -28.80149 -3.07202 5.56737 7.12502 -0.00000 -0.00000 -2.14571 -0.84017 -23.62663
-0.84581 0.97942 -0.05576 -11.03766 -1.70621 122.00358 -0.00000 0.00000 -0.00000 -20.66519 -7.09442 -10.51425 -0.48224 12.19556 4.51175 -6.08361 -11.27085 -25.61220 -0.59868 13.55507 5.03427 -0.00000 0.00000 -0.00000 25.48221 8.76528 0.29848 0.32884 -10.10359 3.71861 -18.16354 -29.70210 -35.84533 1.41710 20.50449 -7.82312 -13.29300 -25.45231 -13.11480 1.01724 1.68536 -13.30466 1.33978 17.42677 -6.69768 0.72778 -4.56968 -2.16446 -0.82298 14.12910 -2.70275 -0.63812 4.96215 -1.25527 -0.00000 0.00000 0.00000 -94.79131 24.07415 -0.75912 12.67802 -2.51353 -22.34215 -0.00000 -0.22559 -0.00000 13.12237 12.83849 43.62672 -7.12502 -0.00000 0.00000 -6.94469 -3.98330 74.69630 -0.00000 0.00000 0.00000 100.82626 8.59659 -4.60189 -13.81844 -3.00623 24.43706 0.00000 32.99510 -0.00000 -29.12178 -3.06224 5.47747 7.12502 -0.00000 -0.00000 -2.43259 -0.94851 -23.71084
-0.84370 0.97863 -0.05383 -10.78700 -1.46182 122.13112 -0.00000 0.00000 -0.00000 -20.50514 -6.63361 -10.29228 -0.46934 12.03461 4.45029 -6.15449 -11.20438 -25.87681 -0.57492 13.29005 4.93193 -0.00000 0.00000 -0.00000 25.63308 9.27166 -0.01276 0.34424 -10.33406 3.80541 -18.27712 -29.86120 -35.80010 1.38531 20.28635 -7.73191 -12.26957 -23.98375 -12.83812 0.86418 1.24859 -13.46256 1.09081 16.01701 -6.73376 -0.03856 -5.96472 -1.81351 -0.70864 14.61959 -2.17775 -0.44690 5.36842 -1.03682 -0.00000 0.00000 -0.00000 -95.52360 23.45395 0.37668 12.55758 -2.46434 -22.12221 -0.00000 0.23962 0.00000 13.28728 13.11243 43.85021 -7.12502 -0.00000 0.00000 -6.66881 -3.87037 74.99812 -0.00000 0.00000 -0.00000 100.63747 9.19627 -6.11018 -14.24850 -3.20498 25.23337 0.00000 31.69470 -0.00000 -28.61428 -2.99178 5.46494 7.12502 -0.00000 -0.00000 -1.97318 -0.76748 -23.75442
-0.83883 0.97711 -0.05223 -11.24654 -1.20441 122.70990 -0.00000 0.00000 -0.00000 -20.76077 -6.71399 -10.10150 -0.45051 11.79542 4.35908 -6.28432 -10.60195 -26.81895 -0.63868 13.98888 5.20232 -0.00000 0.00000 -0.00000 25.51168 9.42288 -0.60724 0.38744 -10.95337 4.03933 -18.38589 -29.95661 -35.85829 1.37929 20.24472 -7.71454 -11.93250 -23.96588 -12.84015 0.28527 0.67347 -13.46695 0.46097 15.86161 -6.67604 0.53224 -7.10068 -1.80124 -1.40766 14.86677 -2.14128 -0.77151 5.62499 -1.04327 0.00000 0.00000 -0.00000 -95.29627 23.00361 0.65354 12.26654 -2.34770 -21.59178 -0.00000 0.82819 0.00000 13.30068 13.09841 43.79021 -7.12502 -0.00000 0.00000 -6.67316 -3.86357 74.93827 0.00000 0.00000 -0.00000 100.58924 9.07021 -7.55903 -14.61330 -3.37926 25.91174 0.00000 30.61240 -0.00000 -28.62136 -3.02270 5.51941 7.12502 -0.00000 -0.00000 -1.98136 -0.77316 -23.69187
-0.83350 0.97666 -0.04945 -11.54769 -1.15599 123.26203 -0.00000 0.00000 -0.00000 -20.59621 -6.68573 -9.86555 -0.41827 11.37336 4.19856 -6.26221 -9.91701 -27.44059 -0.68370 14.45981 5.38552 -0.00000 0.00000 -0.00000 25.74990 9.44285 -1.11948 0.41754 -11.36361 4.19486 -18.35805 -29.99763 -35.72748 1.52732 21.23938 -8.13249 -11.54072 -23.87220 -12.91064 0.03129 0.41989 -13.63427 -0.02004 15.35293 -6.70087 0.14637 -7.89548 -1.68043 -1.33944 15.38607 -1.93145 -0.67769 5.93273 -0.95892 0.00000 0.00000 -0.00000 -95.20026 22.80065 0.58749 12.12674 -2.29278 -21.33746 -0.00000 1.38445 0.00000 13.26050 13.08936 43.86055 -7.12502 -0.00000 0.00000 -6.69775 -3.88754 74.99933 0.00000 0.00000 -0.00000 99.80209 8.37623 -8.67859 -14.57094 -3.35875 25.83282 0.00000 30.54540 -0.00000 -28.50989 -3.01859 5.53738 7.12502 -0.00000 -0.00000 -1.88115 -0.73455 -23.67776
-0.82665 0.97603 -0.04552 -12.01162 -1.43842 123.89694 -0.00000 0.00000 -0.00000 -20.21774 -7.10886 -10.11197 -0.42439 11.45470 4.22946 -6.33459 -9.80548 -27.76562 -0.58297 13.38048 4.96683 -0.00000 0.00000 -0.00000 26.19307 8.87141 -1.45029 0.40693 -11.22078 4.14066 -18.48448 -30.21756 -35.60414 1.54263 21.33892 -8.17465 -11.48166 -24.64688 -12.99656 -0.20784 0.36143 -13.59068 -0.50886 15.59421 -6.62185 0.51072 -7.79846 -1.74421 -1.63294 15.35629 -2.02116 -0.83938 5.89782 -1.00244 0.00000 0.00000 -0.00000 -94.61092 23.69589 -0.07209 12.04560 -2.26123 -21.18999 -0.00000 1.27360 0.00000 13.23807 12.87221 43.44027 -7.12502 -0.00000 0.00000 -6.86766 -3.91329 74.53770 0.00000 0.00000 -0.00000 98.97596 6.38536 -8.95642 -14.24588 -3.20374 25.22849 0.00000 31.56980 -0.00000 -28.37317 -3.07564 5.67330 7.12502 -0.00000 -0.00000 -1.76215 -0.69326 -23.53106
-0.82255 0.97515 -0.04004 -11.05589 -1.16991 123.49946 -0.00000 0.00000 -0.00000 -19.61759 -5.86904 -11.29423 -0.49578 12.36211 4.57545 -6.38146 -12.01287 -25.79635 -0.19979 7.89711 2.89388 -0.00000 0.00000 -0.00000 26.77271 9.51865 -1.30536 0.34208 -10.30209 3.79336 -18.68945 -30.61711 -35.33648 1.68175 22.21786 -8.54962 -10.50315 -23.42041 -12.43856 -0.32509 0.62065 -13.32100 -0.73293 15.02298 -6.49842 0.53193 -7.76865 -1.60547 -1.45882 15.66063 -1.85063 -0.77225 5.99285 -0.90116 0.00000 0.00000 -0.00000 -94.20639 24.92536 -0.71132 12.31352 -2.36632 -21.67732 -0.00000 0.65520 0.00000 13.05178 12.85461 43.82190 -7.12502 -0.00000 0.00000 -6.96406 -4.02452 74.88072 0.00000 0.00000 -0.00000 97.95222 5.79321 -8.85100 -14.07310 -3.12305 24.90816 0.00000 31.31360 -0.00000 -28.23945 -2.95944 5.49089 7.12502 -0.00000 -0.00000 -1.63495 -0.63611 -23.74608
-0.81565 0.97340 -0.03392 -10.67788 -1.39634 124.01510 -0.00000 0.00000 -0.00000 -19.27396 -5.14700 -14.67745 -0.67861 14.40742 5.36510 -6.23370 -15.20466 -22.98833 -0.00002 0.07209 0.02624 -0.00000 0.00000 -0.00000 27.58842 9.16865 -1.67949 0.27476 -9.24622 3.39686 -19.08180 -31.43941 -34.75816 1.74754 22.61827 -8.72212 -10.46079 -23.24982 -12.67199 -0.23761 0.79328 -13.68664 -0.82211 15.14639 -6.66947 0.44633 -7.60657 -1.50268 -1.11900 16.08461 -1.73454 -0.64174 6.10445 -0.81676 0.00000 0.00000 -0.00000 -94.03734 26.39493 -0.91463 12.79732 -2.56277 -22.56022 -0.00000 -0.90810 -0.00000 13.07783 12.97471 44.02449 -7.12502 -0.00000 0.00000 -6.86334 -4.00235 75.10880 0.00000 0.00000 -0.00000 97.35647 5.84250 -8.95386 -14.41938 -3.28596 25.55079 0.00000 30.47030 -0.00000 -28.48239 -2.88019 5.29120 7.12502 -0.00000 -0.00000 -1.84832 -0.71126 -23.95967
-0.80809 0.97098 -0.02670 -10.15870 -1.62932 124.45826 -0.00000 0.00000 -0.00000 -19.50564 -4.85921 -19.95246 -1.22078 19.10777 7.24378 -4.93138 -19.80708 -17.37650 -0.68495 -14.47263 -5.39052 -0.00000 0.00000 -0.00000 28.52800 8.82787 -1.98458 0.20404 -7.97985 2.92462 -19.24156 -32.10210 -34.02296 1.71979 22.45051 -8.64971 -10.77936 -22.96295 -12.98861 0.06098 1.08720 -14.11909 -0.52192 15.49929 -6.91365 0.95208 -7.04189 -1.42015 -1.35025 15.85047 -1.64809 -0.78011 5.92704 -0.76038 0.00000 0.00000 0.00000 -94.03638 27.06073 -1.25203 13.08528 -2.68384 -23.08761 -0.00000 -1.54726 -0.00000 12.91621 12.97383 44.39120 -7.12502 -0.00000 0.00000 -6.93405 -4.09890 75.44426 0.00000 0.00000 0.00000 96.66404 6.23520 -8.05075 -14.28324 -3.22135 25.29784 0.00000 30.13710 -0.00000 -28.60479 -2.88744 5.27767 7.12502 -0.00000 -0.00000 -1.95874 -0.75345 -23.96838
-0.80007 0.96764 -0.01798 -10.21410 -1.75858 124.54772 -0.00000 0.00000 -0.00000 -21.34124 -6.99560 -26.36290 -2.86765 28.34247 11.32219 -2.17349 -22.48767 -9.82677 -2.42633 -26.29498 -10.36077 -0.00000 0.00000 -0.00000 28.92811 6.78466 -5.49164 0.13740 -6.55782 2.39803 -16.42861 -32.02064 -28.59771 1.88782 23.44258 -9.08069 -12.14934 -23.37286 -13.46657 0.61665 2.03345 -14.39856 0.26421 16.56826 -7.14964 0.58090 -6.89705 -1.27767 -0.73442 15.64985 -1.50669 -0.50605 5.85001 -0.67041 0.00000 0.00000 0.00000 -93.82007 26.34195 -2.57819 13.16504 -2.71792 -23.23393 -0.00000 -1.28504 -0.00000 12.83722 12.61051 43.77318 -7.12502 -0.00000 0.00000 -7.24075 -4.16410 74.74901 0.00000 0.00000 0.00000 96.08713 6.07953 -5.51728 -13.59514 -2.90586 24.02500 0.00000 30.69780 -0.00000 -28.83614 -2.78143 5.03684 7.12502 -0.00000 -0.00000 -2.16131 -0.82010 -24.23067
-0.79157 0.96567 -0.00931 -11.60204 -1.55303 124.27813 -0.00000 0.00000 -0.00000 -26.21491 -12.66293 -33.89155 -7.27677 41.72933 18.94255 -1.65464 -17.42917 -8.68344 -1.40776 -20.44072 -7.79643 -0.00000 0.00000 -0.00000 27.92701 3.66130 -8.56872 0.08107 -5.04330 1.84068 -13.72514 -30.93360 -24.36077 1.41149 20.46623 -7.80711 -14.56663 -24.59179 -14.01672 1.07822 2.62456 -14.28130 1.48559 18.47873 -7.27520 0.61184 -7.31650 -1.21236 -0.82873 15.12297 -1.43472 -0.53002 5.75695 -0.65257 -0.00000 0.00000 -0.00000 -93.74529 25.39959 -3.91550 13.47899 -2.85441 -23.81104 -0.00000 -1.66026 -0.00000 12.97874 12.66672 43.57377 -7.12502 -0.00000 0.00000 -7.13634 -4.07629 74.58641 -0.00000 0.00000 -0.00000 96.00458 5.87585 -2.34170 -13.05106 -2.66929 23.02486 0.00000 31.05030 -0.00000 -28.79167 -2.55693 4.64092 7.12502 -0.00000 -0.00000 -2.11050 -0.78171 -24.68490
-0.78021 0.96467 -0.00201 -13.11536 -1.19688 123.18419 -0.00000 0.00000 -0.00000 -31.97397 -17.84782 -39.66346 -12.51312 50.48166 26.18324 -1.38705 -14.81873 -8.06770 -0.76985 -15.31615 -5.72082 -0.00000 0.00000 -0.00000 26.98310 1.60753 -10.18413 0.05127 -4.01328 1.46327 -12.19387 -30.63552 -21.34565 0.92457 16.73077 -6.28127 -15.78806 -25.44152 -13.91650 1.03818 2.72802 -13.57878 2.13619 19.19519 -7.05234 0.86690 -7.62384 -1.19415 -0.85199 14.96450 -1.45317 -0.58317 5.75788 -0.65407 -0.00000 0.00000 0.00000 -93.98681 23.91201 -3.42910 13.76285 -2.98106 -24.33439 -0.00000 -2.07145 -0.00000 13.28845 12.77278 43.10964 -7.12502 -0.00000 0.00000 -6.91785 -3.88809 74.19970 -0.00000 0.00000 0.00000 96.88032 7.58203 -0.80496 -13.09868 -2.68955 23.11218 0.00000 30.07850 -0.00000 -28.37459 -2.33175 4.30772 7.12502 -0.00000 -0.00000 -1.72279 -0.62439 -25.08399
-0.76330 0.96428 0.00437 -15.57475 -0.25486 122.06940 -0.00000 0.00000 -0.00000 -38.04005 -22.08664 -41.98662 -11.51424 49.13186 24.87571 -0.93768 -14.50004 -6.38929 -1.25620 -19.36894 -7.35129 -0.00000 0.00000 -0.00000 25.71545 0.88778 -8.81111 0.04691 -3.83928 1.39962 -12.45135 -30.95575 -21.54172 0.96919 17.11395 -6.43459 -18.05643 -26.67010 -14.33378 0.81704 2.61401 -13.03841 2.91903 19.94025 -6.94481 0.86630 -8.20147 -0.99142 -0.92767 14.74057 -1.18857 -0.57725 5.78991 -0.53975 0.00000 0.00000 0.00000 -94.34741 21.77054 -2.29384 13.74163 -2.97149 -24.29522 -0.00000 -2.45153 -0.00000 13.96124 13.50034 43.19893 -7.12502 -0.00000 0.00000 -6.07711 -3.45900 74.54043 0.00000 0.00000 0.00000 97.76650 11.20417 0.50968 -13.31337 -2.78194 23.50637 0.00000 28.92080 -0.00000 -28.37382 -2.18565 4.03901 7.12502 -0.00000 -0.00000 -1.71570 -0.61148 -25.38956
-0.74092 0.96148 0.00810 -17.76468 0.20969 121.26687 -0.00000 0.00000 -0.00000 -42.89731 -25.43951 -42.10754 -6.94760 40.99916 18.44445 -1.61299 -13.78029 -9.10708 -1.07975 -18.02246 -6.80086 -0.00000 0.00000 -0.00000 25.37014 1.43603 -7.10326 0.07980 -5.00380 1.82619 -13.31607 -31.42801 -22.86339 0.83767 15.95397 -5.97246 -19.79150 -28.39569 -14.87972 0.72109 2.80010 -12.68410 3.27980 21.18705 -6.87624 1.37912 -8.86156 -0.87878 -1.53233 13.84280 -1.06448 -0.83129 5.61684 -0.51398 0.00000 0.00000 0.00000 -94.09723 18.81124 -1.73320 13.20261 -2.73406 -23.30290 -0.00000 -0.76879 -0.00000 13.94512 13.33649 42.89068 -7.12502 -0.00000 0.00000 -6.20112 -3.48156 74.20095 0.00000 0.00000 0.00000 98.65740 15.35922 2.07141 -13.96934 -3.07515 24.71605 0.00000 26.52150 -0.00000 -27.91156 -2.06173 3.88523 7.12502 -0.00000 -0.00000 -1.29026 -0.45489 -25.58282
-0.71420 0.95642 0.00923 -19.68632 0.08042 121.03051 -0.00000 0.00000 -0.00000 -46.60248 -28.68853 -38.81171 -3.11217 29.38798 11.82868 -1.56003 -4.79479 -14.15083 -0.00278 0.93582 0.34064 -0.00000 0.00000 -0.00000 25.51294 1.25932 -6.84978 0.08880 -5.27733 1.92660 -13.69627 -31.80551 -23.22092 0.66002 14.21421 -5.28988 -20.13487 -29.24407 -15.05607 0.51426 2.32125 -12.50823 3.14424 20.91682 -6.73053 2.01897 -9.17028 -0.76484 -2.10304 13.73855 -0.93322 -1.10004 5.63268 -0.46261 -0.00000 0.00000 -0.00000 -93.75566 15.84110 -0.53640 12.42622 -2.41131 -21.88263 -0.00000 1.43241 0.00000 14.04534 13.33860 42.68222 -7.12502 -0.00000 0.00000 -6.15114 -3.42646 74.01154 -0.00000 0.00000 -0.00000 99.40799 19.32547 2.25863 -14.83970 -3.49008 26.33413 0.00000 24.95080 -0.00000 -27.79850 -1.01949 1.93292 7.12502 -0.00000 -0.00000 -1.15385 -0.35734 -27.79470
-0.68052 0.95136 0.00776 -21.25407 -0.48741 120.50988 -0.00000 0.00000 -0.00000 -48.96105 -33.48256 -28.36759 -1.03420 17.65477 6.65215 0.20612 4.63257 -23.05818 -1.54442 21.35054 8.17957 -0.00000 0.00000 -0.00000 26.77556 2.49175 -4.98269 0.11850 -6.09247 2.22643 -14.68692 -31.73106 -25.39568 0.49466 12.34843 -4.57021 -19.74542 -29.92921 -14.96027 0.44664 1.49108 -12.32614 2.97780 20.04677 -6.51768 1.61912 -8.88877 -0.93303 -1.71096 13.97663 -1.14307 -0.93744 5.65912 -0.55108 0.00000 0.00000 -0.00000 -93.71618 13.69182 1.27861 12.11443 -2.28798 -21.31509 -0.00000 2.30371 0.00000 14.31977 13.57431 42.59743 -7.12502 -0.00000 0.00000 -5.85072 -3.25861 74.01813 0.00000 0.00000 -0.00000 99.84484 21.14389 1.62561 -15.17940 -3.66024 26.97000 0.00000 24.80200 -0.00000 -27.73735 -1.66282 3.15854 7.12502 -0.00000 -0.00000 -1.11515 -0.37510 -26.41105
-0.63708 0.94800 0.00410 -23.27753 -0.88769 120.43460 -0.00000 0.00000 -0.00000 -50.43918 -35.55918 -23.64725 -0.76731 15.29166 5.71119 4.12510 12.69047 -28.83905 -1.64858 22.01237 8.46151 -0.00000 0.00000 -0.00000 26.45490 1.19758 -8.46621 0.07563 -4.87161 1.77769 -11.42725 -29.51082 -20.92739 0.04015 3.55253 -1.29478 -20.57716 -31.76190 -15.47122 0.13372 0.71280 -12.06075 2.75168 19.81707 -6.27689 1.54338 -8.57911 -1.09239 -1.48867 14.42442 -1.35747 -0.88411 5.74408 -0.63385 -0.00000 0.00000 0.00000 -93.17776 12.88943 3.09267 12.11905 -2.28978 -21.32348 -0.00000 2.72657 0.00000 14.09892 13.09637 42.05561 -7.12502 -0.00000 0.00000 -6.29583 -3.41326 73.35323 -0.00000 0.00000 0.00000 100.74827 19.92697 0.85520 -14.82838 -3.48449 26.31299 0.00000 26.52390 -0.00000 -27.17853 -1.71546 3.33672 7.12502 -0.00000 -0.00000 -0.60666 -0.20620 -26.22849
-0.58545 0.95050 -0.00151 -24.48797 -0.83802 122.72196 -0.00000 0.00000 -0.00000 -51.13844 -31.15390 -30.90772 -1.16185 18.66350 7.06174 1.08501 6.95815 -25.72437 -1.25707 19.37528 7.35390 -0.00000 0.00000 -0.00000 24.56589 -1.29542 -14.40161 0.00001 -0.05786 0.02106 -7.39610 -25.83454 -14.81534 0.10168 -5.64561 2.06196 -23.20434 -32.54963 -16.83507 -0.22699 0.31944 -12.38010 3.00634 19.81813 -6.43750 0.92915 -8.01248 -1.45135 -0.85119 14.79012 -1.82491 -0.63869 5.76459 -0.83624 -0.00000 0.00000 0.00000 -92.48901 12.78258 3.33508 11.61109 -2.09633 -20.40206 -0.00000 3.31970 0.00000 13.95686 13.41139 43.02279 -7.12502 -0.00000 0.00000 -6.14234 -3.46911 74.34811 -0.00000 0.00000 0.00000 101.83209 14.36955 -0.16379 -13.82983 -3.01140 24.45811 0.00000 30.89320 -0.00000 -28.64448 -2.00135 3.65824 7.12502 -0.00000 -0.00000 -1.95499 -0.68062 -25.81211
-0.53081 0.95766 -0.01164 -22.81838 -1.40958 123.75056 -0.00000 0.00000 -0.00000 -47.76280 -25.89035 -34.31307 -1.63616 21.93476 8.42830 -1.74086 0.03404 -24.20132 -0.82000 15.79059 5.90784 -0.00000 0.00000 -0.00000 22.26446 -4.50728 -22.06903 0.32156 9.99274 -3.67692 -2.44392 -16.54743 -7.03987 0.18273 -7.55509 2.76695 -21.55947 -32.67304 -16.02340 -0.61534 0.45506 -11.87888 2.14337 19.76586 -6.10810 0.37634 -7.73042 -2.01099 -0.49796 15.72447 -2.52532 -0.53061 6.01106 -1.16145 -0.00000 0.00000 0.00000 -91.59790 12.60057 2.14657 10.74948 -1.78927 -18.84771 -0.00000 5.80464 0.00000 13.91828 13.05728 42.35459 -7.12502 -0.00000 0.00000 -6.41279 -3.51498 73.61193 -0.00000 0.00000 0.00000 102.37151 9.87576 -2.45515 -13.57428 -2.89659 23.98656 0.00000 32.33160 -0.00000 -28.63518 -2.09135 3.82366 7.12502 -0.00000 -0.00000 -1.94967 -0.68595 -25.62397
-0.48119 0.96417 -0.02119 -20.56957 -1.62522 123.96890 -0.00000 0.00000 -0.00000 -42.83176 -21.28069 -31.09587 -1.52729 21.23920 8.13241 -3.24756 -3.54817 -24.97768 -0.75933 15.21451 5.68087 -0.00000 0.00000 -0.00000 14.52211 -11.05601 -31.72293 2.70158 27.59798 -10.96812 -0.00079 -0.31027 -1.58721 0.23283 8.51906 -3.12529 -19.02646 -31.86398 -14.69918 -0.94494 0.72113 -11.35991 1.19397 19.30957 -5.77098 -0.02561 -7.20124 -2.20510 -0.08061 15.96935 -2.77989 -0.36069 6.00606 -1.26754 0.00000 0.00000 0.00000 -91.18299 16.18830 0.86025 10.99515 -1.87415 -19.28984 -0.00000 4.05780 0.00000 13.78288 13.01421 42.55208 -7.12502 -0.00000 0.00000 -6.50936 -3.59294 73.77682 0.00000 0.00000 0.00000 101.68111 8.68719 -4.05888 -13.48700 -2.85795 23.82579 0.00000 33.21140 -0.00000 -27.99741 -2.94802 5.52538 7.12502 -0.00000 -0.00000 -1.41714 -0.55205 -23.72063
-0.43828 0.96664 -0.02921 -17.85294 -1.22129 124.65638 -0.00000 0.00000 -0.00000 -39.55080 -16.39623 -29.51295 -1.69858 22.32118 8.59403 -4.69169 -7.73362 -24.84855 -0.76065 15.22732 5.68590 -0.00000 0.00000 -0.00000 6.50524 -16.71471 -36.23295 8.23501 43.70136 -20.35489 0.12460 4.22895 -2.42976 0.52358 12.69648 -4.70358 -16.89065 -29.70427 -14.09839 -1.00302 1.29901 -11.96862 0.31350 18.84270 -6.00590 -0.19603 -6.83182 -1.83560 -0.32944 15.59536 -2.21941 -0.33174 5.82768 -1.02824 0.00000 0.00000 0.00000 -91.22534 22.66888 0.14841 12.80813 -2.56726 -22.58000 -0.00000 -2.69347 -0.00000 13.28574 12.95474 43.51339 -7.12502 -0.00000 0.00000 -6.78533 -3.88104 74.63393 0.00000 0.00000 0.00000 100.48163 7.67088 -3.87315 -13.84113 -3.01654 24.47899 0.00000 32.72530 -0.00000 -28.31463 -2.52731 4.67890 7.12502 -0.00000 -0.00000 -1.67798 -0.62207 -24.66481
-0.39965 0.96993 -0.03564 -11.66919 -0.99382 126.61390 -0.00000 0.00000 -0.00000 -34.29803 -8.90928 -27.73749 -1.99339 24.03845 9.34290 -6.27606 -13.19737 -24.53101 -0.14607 6.76025 2.47278 -0.00000 0.00000 -0.00000 1.76041 -18.02096 -40.25215 12.21359 50.08905 -25.79386 -0.66818 -6.65033 -6.38480 0.22105 8.30286 -3.04476 -12.39639 -24.17112 -13.14578 -0.55322 2.53103 -13.52925 -0.85601 17.22998 -6.67664 0.09826 -6.85869 -1.44709 -1.01024 15.70254 -1.61879 -0.52328 5.86053 -0.76829 0.00000 0.00000 0.00000 -90.65480 28.26639 -2.27349 14.11796 -3.14389 -24.99127 -0.00000 -6.42937 -0.00000 12.85168 13.09840 44.80862 -7.12502 -0.00000 0.00000 -6.86807 -4.12903 75.87062 0.00000 0.00000 0.00000 98.90787 6.30996 -3.06474 -14.07978 -3.12614 24.92052 0.00000 31.27940 -0.00000 -27.90528 -2.49538 4.69985 7.12502 -0.00000 -0.00000 -1.30650 -0.48439 -24.66082
-0.36044 0.97364 -0.03993 -3.51370 -0.40972 128.30395 -0.00000 0.00000 -0.00000 -26.94838 0.72781 -22.27497 -1.59537 21.67752 8.31851 -7.14071 -14.38978 -25.90377 -0.15243 6.90477 2.52618 -0.00000 0.00000 -0.00000 0.66397 -14.42183 -42.28520 8.57107 44.34437 -20.83846 -1.95228 -14.29240 -6.77941 0.16015 7.07630 -2.58962 -6.85444 -16.90048 -12.19192 0.13583 4.14106 -14.83141 -1.90460 14.85544 -7.20533 0.49140 -7.03297 -1.35227 -1.11293 15.67257 -1.53220 -0.61267 5.87772 -0.71416 0.00000 0.00000 0.00000 -89.68911 34.27688 -4.82800 16.15404 -4.17487 -28.80907 -0.00000 -12.94380 -0.00000 12.01442 12.76493 46.07401 -7.12502 -0.00000 0.00000 -7.45340 -4.67361 76.91512 0.00000 0.00000 0.00000 97.07193 6.38762 -3.47520 -14.48676 -3.31821 25.67612 0.00000 30.22720 -0.00000 -27.81886 -2.28272 4.31678 7.12502 -0.00000 -0.00000 -1.21679 -0.44058 -25.09838
-0.31707 0.97445 -0.03677 6.10498 0.60725 128.66088 -0.00000 0.00000 -0.00000 -17.92297 12.27112 -14.48579 -0.88963 16.42352 6.15881 -8.39538 -14.38760 -28.97529 -0.10039 5.60973 2.04876 -0.00000 0.00000 -0.00000 5.81683 -5.31420 -40.30670 2.35063 25.91995 -10.18873 -3.00426 -17.38165 -8.70701 0.19177 7.73832 -2.83492 -1.80154 -7.33107 -11.72620 1.35362 6.23542 -15.63786 -1.41354 10.96107 -7.58278 0.68183 -7.64424 -1.22288 -1.27947 15.84172 -1.36590 -0.68374 6.03591 -0.63941 0.00000 0.00000 -0.00000 -89.59569 39.29604 -5.82820 19.07572 -5.96872 -34.47624 -0.00000 -20.17900 -0.00000 11.53651 12.73093 47.19320 -7.12502 -0.00000 0.00000 -7.64748 -4.98963 77.93340 0.00000 0.00000 -0.00000 94.66268 5.73802 -4.40285 -14.68543 -3.41434 26.04620 0.00000 29.75290 -0.00000 -27.40403 -2.32027 4.46521 7.12502 -0.00000 -0.00000 -0.84330 -0.30781 -24.94917
-0.26859 0.97367 -0.03030 9.81615 1.53234 127.27629 -0.00000 0.00000 -0.00000 -13.59236 19.22122 -8.83075 -0.46946 12.03611 4.45086 -9.08591 -13.78070 -31.07453 -0.21521 8.19350 3.00406 -0.00000 0.00000 -0.00000 14.27344 6.69551 -24.08293 0.00790 -1.57705 0.57415 -5.58814 -17.34388 -21.21030 0.06884 4.64851 -1.69589 -0.76958 -3.52135 -11.38037 1.54681 7.04830 -15.24184 -0.88470 9.57715 -7.40184 0.72453 -7.80078 -0.93573 -1.25868 15.46014 -1.00418 -0.63782 5.94775 -0.46760 -0.00000 0.00000 0.00000 -89.05133 43.43903 -6.12258 21.98886 -8.18390 -40.43051 -0.00000 -27.15610 -0.00000 10.93048 12.57137 48.41801 -7.12502 -0.00000 0.00000 -7.96313 -5.41590 79.00875 -0.00000 0.00000 0.00000 92.49859 3.61142 -4.58916 -14.46473 -3.30764 25.63513 0.00000 30.10330 -0.00000 -27.65003 -2.37589 4.52428 7.12502 -0.00000 -0.00000 -1.06903 -0.39186 -24.87136
-0.21523 0.97038 -0.02373 9.09997 1.72949 126.66095 -0.00000 0.00000 -0.00000 -12.77902 21.85173 -9.62798 -0.53093 12.78329 4.73690 -9.21045 -18.54762 -27.92332 -0.00010 0.18088 0.06583 -0.00000 0.00000 -0.00000 17.82308 14.36495 -7.39216 0.42203 -11.42340 4.21757 -12.76014 -23.33911 -35.66342 0.04454 -3.74131 1.36379 -2.38662 -5.54983 -11.19947 1.26835 6.83857 -14.85650 -0.72566 10.80112 -7.27520 1.02868 -7.12088 -0.68339 -1.51035 15.59778 -0.63756 -0.72078 5.87576 -0.28096 0.00000 0.00000 -0.00000 -87.86202 46.90236 -6.24428 24.40922 -10.41707 -45.70647 -0.00000 -33.19620 -0.00000 10.20398 12.44144 50.12145 -7.12502 -0.00000 0.00000 -8.25399 -5.94838 80.54161 0.00000 0.00000 -0.00000 89.99547 3.74692 -5.44370 -14.46144 -3.30606 25.62900 0.00000 29.59200 -0.00000 -27.26832 -2.29182 4.43628 7.12502 -0.00000 -0.00000 -0.71875 -0.26179 -24.98774
-0.16007 0.96544 -0.01228 10.32874 0.02066 128.75290 -0.00000 0.00000 -0.00000 -9.36676 23.61580 -17.63466 -1.42880 20.58408 7.85647 -5.87800 -23.72061 -18.41066 -0.43818 -11.63594 -4.29837 -0.00000 0.00000 -0.00000 21.99050 12.70219 -12.33568 0.15422 -6.94513 2.54111 -9.44348 -21.68739 -28.04104 0.16738 7.23329 -2.64772 -2.19939 -6.62420 -11.94863 2.07415 6.63787 -15.97925 -0.47034 11.33693 -7.80685 1.01049 -6.56075 -0.32000 -1.76624 16.36430 -0.04512 -0.72922 6.02792 0.00508 0.00000 0.00000 -0.00000 -87.56520 47.12265 -6.55167 26.07683 -12.21092 -49.58495 -0.00000 -39.56850 -0.00000 9.44157 12.03304 51.42177 -7.12502 -0.00000 0.00000 -8.74776 -6.56491 81.61232 0.00000 0.00000 -0.00000 87.57100 3.57422 -4.72024 -14.24329 -3.20253 25.22370 0.00000 29.02780 -0.00000 -27.52654 -2.14952 4.11646 7.12502 -0.00000 -0.00000 -0.94478 -0.33762 -25.33718
-0.10885 0.96987 -0.00017 7.59595 -2.37638 129.27098 -0.00000 0.00000 -0.00000 -11.03617 15.54362 -26.76840 -6.08471 38.93589 17.10139 -2.73961 -13.05474 -13.54451 -0.12022 -6.13624 -2.24256 -0.00000 0.00000 -0.00000 21.78091 4.66411 -21.06619 0.00496 -1.24956 0.45488 -4.57504 -16.73694 -17.14638 0.03513 3.32305 -1.21094 -3.50695 -10.86248 -12.27324 2.17366 5.22908 -16.20700 -0.49335 12.47691 -7.92845 1.14099 -5.95417 -0.16596 -1.73089 17.64097 0.23117 -0.71123 6.32985 0.17820 -0.00000 0.00000 0.00000 -89.74864 44.96799 -4.41414 27.46322 -13.89682 -53.01430 -0.00000 -47.33620 -0.00000 8.69422 11.78276 53.17195 -7.12502 -0.00000 0.00000 -9.05308 -7.19319 83.16259 -0.00000 0.00000 0.00000 86.48679 3.69004 -3.61511 -14.44902 -3.30012 25.60590 0.00000 26.74500 -0.00000 -28.42085 -1.77649 3.27858 7.12502 -0.00000 -0.00000 -1.74371 -0.59202 -26.25231
-0.06791 0.97184 0.00957 5.45719 -3.49738 128.80670 -0.00000 0.00000 -0.00000 -15.60455 2.72582 -30.35337 -17.80398 56.08383 32.77318 -0.42130 -1.99799 -8.06315 -0.56949 13.22863 4.90825 -0.00000 0.00000 -0.00000 24.80479 5.17134 -17.64090 0.02055 -2.54278 0.92615 -5.90102 -18.84363 -19.47153 0.34806 10.39041 -3.82666 -4.91704 -12.88526 -12.32402 2.25899 4.60128 -15.97716 0.02086 13.30121 -7.87246 1.78161 -5.84514 -0.14396 -1.79714 17.69130 0.19919 -0.84641 6.32634 0.20148 0.00000 0.00000 -0.00000 -90.21775 43.14226 -4.28364 28.88460 -15.85179 -56.78931 -0.00000 -55.81560 -0.00000 7.88660 11.08994 54.23996 -7.12502 -0.00000 0.00000 -9.71916 -7.95347 83.93352 0.00000 0.00000 -0.00000 85.35735 6.87138 -0.58722 -15.24616 -3.69424 27.09528 0.00000 23.63360 -0.00000 -28.66315 -1.88976 3.45218 7.12502 -0.00000 -0.00000 -1.96846 -0.67630 -26.04622
-0.03229 0.97483 0.01506 2.23544 -4.34191 127.54587 -0.00000 0.00000 -0.00000 -21.30856 -8.26951 -32.57158 -23.66544 60.30644 39.66326 -0.56146 -8.09300 -5.35070 -0.29458 9.56987 3.51812 -0.00000 0.00000 -0.00000 24.89556 2.56395 -17.07307 0.00455 -1.19619 0.43544 -5.76169 -19.30505 -18.00329 0.28975 9.49202 -3.48893 -6.92118 -15.23940 -12.40893 2.26545 3.66951 -15.55951 0.82886 14.08250 -7.75976 1.62088 -5.78070 -0.25169 -1.47821 18.07910 0.03834 -0.74090 6.43587 0.14591 0.00000 0.00000 -0.00000 -89.61480 41.74073 -5.32957 29.64408 -17.01167 -58.94705 -0.00000 -60.05450 -0.00000 6.39284 9.56967 56.02213 -7.12502 -0.00000 0.00000 -11.07574 -9.48975 85.10552 0.00000 0.00000 -0.00000 84.17900 10.52993 4.16482 -15.63473 -3.89574 27.82638 0.00000 21.67450 -0.00000 -30.70662 -2.15377 3.62073 7.12502 -0.00000 -0.00000 -3.83850 -1.34081 -25.77373
-0.00096 0.97648 0.01578 -0.58598 -4.45573 125.80493 -0.00000 0.00000 -0.00000 -26.86875 -13.96716 -36.14855 -15.80479 54.22354 30.33762 -0.59616 -14.60691 -5.03690 -0.00820 1.60645 0.58486 -0.00000 0.00000 -0.00000 24.42868 1.51899 -16.35730 0.00191 -0.77501 0.28210 -5.75951 -19.86984 -17.05211 0.19355 7.77373 -2.84807 -8.07358 -16.87467 -12.24247 1.92959 3.09872 -14.89829 1.02112 14.50947 -7.46818 1.25763 -6.34779 -0.39429 -1.19495 18.55233 -0.16154 -0.61840 6.68464 0.04818 -0.00000 0.00000 0.00000 -87.84886 40.71004 -6.67902 30.07338 -17.70962 -60.22081 -0.00000 -65.43670 -0.00000 5.68067 9.19714 58.10361 -7.12502 -0.00000 0.00000 -11.25387 -10.30761 86.96312 -0.00000 0.00000 0.00000 84.22981 14.30292 9.48287 -16.49285 -4.36317 29.45381 0.00000 19.57050 -0.00000 -32.04054 -2.25390 3.59566 7.12502 -0.00000 -0.00000 -5.05583 -1.77069 -25.74758
0.03169 0.97800 0.01338 -3.74006 -4.67996 122.70651 -0.00000 0.00000 -0.00000 -27.86874 -17.43491 -35.74631 -6.57252 40.13027 17.86770 -0.97603 -17.62309 -6.45974 -0.00190 0.77420 0.28180 -0.00000 0.00000 -0.00000 24.64610 2.14222 -13.54345 0.02427 -2.76271 1.00638 -6.06936 -20.27038 -17.65408 0.12233 6.18972 -2.26227 -9.55511 -19.46237 -11.85795 1.82314 2.58048 -13.74831 1.62046 15.62238 -6.96523 1.53960 -6.66112 -0.40509 -1.50930 18.39382 -0.17946 -0.76800 6.68763 0.02505 -0.00000 0.00000 0.00000 -86.46607 39.52996 -7.80627 30.31220 -18.11266 -60.94878 -0.00000 -70.53190 -0.00000 4.68583 8.57700 61.20692 -7.12502 -0.00000 0.00000 11.79232 11.20179 -92.06129 -0.00000 0.00000 0.00000 84.30619 19.77022 13.71168 -18.07069 -5.30702 32.49766 0.00000 15.44170 -0.00000 -33.39019 -2.82391 4.27459 7.12502 -0.00000 -0.00000 -6.28246 -2.31152 -24.87937
0.06509 0.97767 0.00361 -5.71785 -5.31471 120.66498 -0.00000 0.00000 -0.00000 -25.93144 -16.95168 -34.21510 -2.73154 27.73450 11.03265 -1.37346 -10.94268 -8.88358 -0.05952 4.32350 1.57682 -0.00000 0.00000 -0.00000 26.36571 5.57620 -7.99963 0.09202 -5.37188 1.96134 -8.46581 -22.68673 -22.43236 0.24722 8.77572 -3.22101 -9.56801 -21.93775 -11.59249 1.79684 2.18958 -13.09273 1.39455 16.47443 -6.57717 1.60356 -6.87360 -0.57574 -1.49379 18.91205 -0.40941 -0.80932 6.88760 -0.07299 -0.00000 0.00000 0.00000 -85.87125 38.57674 -7.90971 30.56998 -18.56053 -61.75164 -0.00000 -75.79150 -0.00000 4.33935 8.25273 62.13720 -7.12502 -0.00000 0.00000 12.28343 11.31457 -92.97844 -0.00000 0.00000 0.00000 85.00401 24.43904 16.77191 -19.50487 -6.26643 35.33170 0.00000 12.16290 -0.00000 -33.70370 -3.64534 5.44505 7.12502 -0.00000 -0.00000 -6.56567 -2.60362 -23.46197
0.10050 0.97598 -0.01305 -7.53422 -5.68213 120.09576 -0.00000 0.00000 -0.00000 -25.57368 -16.56373 -32.33793 -2.56681 26.97137 10.67414 -1.88838 -13.26590 -10.29994 -0.22032 -8.28928 -3.03970 -0.00000 0.00000 -0.00000 26.04634 5.84819 -7.55224 0.05848 -4.28545 1.56289 -9.78075 -25.21800 -22.44378 0.15924 7.05647 -2.58228 -9.87907 -24.43489 -11.83614 1.83662 1.80684 -12.98967 1.03357 16.65330 -6.41613 1.23852 -6.44127 -0.94325 -1.35307 19.58686 -0.83822 -0.76385 7.02346 -0.27201 0.00000 0.00000 0.00000 -87.27251 36.81075 -5.77145 31.40077 -20.10688 -64.48000 -0.00000 -83.08370 -0.00000 3.66031 6.79531 61.60201 -7.12502 -0.00000 0.00000 13.29177 12.52229 -92.45430 0.00000 0.00000 0.00000 86.25502 27.81052 18.19008 -20.90210 -7.30252 38.16642 0.00000 8.83824 -0.00000 -36.07858 -4.06053 5.55065 7.12502 -0.00000 -0.00000 -8.69763 -3.51415 -23.16522
0.12588 0.97433 -0.03419 -7.29690 -5.35626 123.18570 -0.00000 0.00000 -0.00000 -26.67783 -16.06416 -30.19948 -2.80011 28.04322 11.17923 -3.47071 -14.49263 -15.36292 -0.39349 -11.03707 -4.07103 -0.00000 0.00000 -0.00000 22.36025 -0.60620 -17.81842 0.09919 5.57636 -2.03649 -7.50814 -25.82891 -15.13395 0.00333 1.02458 -0.37296 -9.02969 -23.25922 -12.35353 1.53065 1.18288 -14.00785 0.29767 15.78030 -6.83606 1.12475 -6.38390 -1.54254 -2.12088 19.39989 -1.50726 -1.07476 6.93444 -0.66650 -0.00000 0.00000 0.00000 -88.57492 34.31556 -3.41267 32.91306 -23.47467 -70.24341 -0.00000 -86.35960 -0.00000 3.10000 4.77668 56.96107 -7.12502 -0.00000 0.00000 -15.44631 -13.06575 84.28849 -0.00000 0.00000 0.00000 88.59784 28.45011 18.23537 -22.79035 -8.87987 42.13871 0.00000 4.58535 -0.00000 -38.40502 -4.37039 5.49085 7.12502 -0.00000 -0.00000 -10.77906 -4.39847 -23.05867
0.15066 0.97666 -0.05211 -4.29564 -3.37905 122.88073 -0.00000 0.00000 -0.00000 -25.24803 -9.78832 -25.22268 -2.13618 24.81406 9.68819 -4.04287 -15.06104 -16.87772 -0.28187 -9.36368 -3.44084 -0.00000 0.00000 -0.00000 16.52235 -4.82318 -27.83296 1.19588 18.92160 -7.16737 -4.76090 -22.25373 -10.49660 0.21862 8.25750 -3.02788 -6.55522 -19.96229 -10.78356 0.93026 1.92990 -12.84461 -0.51282 14.18356 -6.26459 0.47958 -5.69881 -2.47841 -1.72946 19.28653 -2.76168 -0.99526 6.76422 -1.27252 -0.00000 0.00000 0.00000 -87.49874 34.53305 -1.79833 34.27134 -27.67824 -77.24937 -0.00000 -84.18120 -0.00000 7.31922 9.82715 53.03642 -7.12502 -0.00000 0.00000 -10.95413 -8.50071 82.37042 -0.00000 0.00000 0.00000 90.18954 27.91218 17.77061 -24.74570 -10.76063 46.47066 0.00000 0.32076 -0.00000 -42.85523 -5.11729 5.49129 7.12502 -0.00000 -0.00000 -14.73004 -6.20098 -22.66439
0.17107 0.98030 -0.06620 -1.81277 -2.67727 124.99808 -0.00000 0.00000 -0.00000 -23.49650 -4.42221 -22.18277 -1.49819 21.04829 8.05173 -4.63686 -14.04285 -19.23209 -0.14266 -6.68140 -2.44366 -0.00000 0.00000 -0.00000 12.66594 -7.71960 -35.07406 2.63181 27.27622 -10.81671 -4.20509 -20.99746 -9.81182 0.33615 10.21376 -3.76009 -4.70292 -16.96151 -10.39085 1.03982 2.55456 -12.99744 -0.85311 12.87922 -6.32747 -0.26274 -5.79204 -3.52185 -1.19231 19.48005 -4.18963 -0.89308 6.84261 -1.96173 -0.00000 0.00000 -0.00000 -84.57619 37.49656 -2.76842 34.98566 -31.30100 -83.26953 -0.00000 -81.53370 -0.00000 5.95603 8.16885 53.71251 -7.12502 -0.00000 0.00000 -12.55815 -9.81441 82.42349 -0.00000 0.00000 -0.00000 88.67185 27.41232 17.76228 -26.55059 -12.76528 50.73306 0.00000 -6.82779 0.00000 -42.04722 -3.90360 4.31668 7.12502 -0.00000 -0.00000 -14.08668 -5.44493 -24.28633
0.19209 0.98502 -0.07814 -0.31675 -2.99333 127.84098 -0.00000 0.00000 -0.00000 -20.53674 -2.69260 -16.19122 -0.99558 17.33589 6.52370 -6.10400 -10.46298 -26.43281 -0.00034 -0.32780 -0.11931 -0.00000 0.00000 -0.00000 12.83171 -8.07197 -37.39279 1.94901 23.79038 -9.23342 -4.05442 -21.76321 -8.61401 0.16941 7.27658 -2.66375 -3.36933 -16.25715 -10.67578 1.58855 3.36016 -13.79729 -1.25465 13.20875 -6.63283 -0.85703 -6.24756 -4.34699 -0.69905 18.99259 -5.36383 -0.79059 6.77670 -2.54196 -0.00000 0.00000 0.00000 -79.92787 43.21976 -6.30836 35.26419 -35.36928 -90.18179 -0.00000 -78.30150 -0.00000 6.81567 8.79317 51.97986 -7.12502 -0.00000 0.00000 -12.01766 -8.90045 81.00927 -0.00000 0.00000 0.00000 85.52158 27.00249 18.15627 -27.96606 -14.55950 54.31561 0.00000 -11.13930 0.00000 -45.24223 -2.63578 2.61086 7.12502 -0.00000 -0.00000 -17.09701 -5.95303 -26.36653
0.21395 0.98746 -0.08283 1.68369 -3.43573 131.28616 -0.00000 0.00000 -0.00000 -16.65997 -0.98330 -11.44842 -0.67988 14.42052 5.37021 -6.03147 -4.93109 -33.03022 -0.27649 9.27480 3.40756 -0.00000 0.00000 -0.00000 20.22291 -2.70880 -28.31407 0.30754 9.77527 -3.59519 -6.40714 -23.47424 -14.50359 0.17271 7.34662 -2.68969 -1.93031 -13.66048 -11.16358 2.22208 3.21870 -14.84996 -0.97609 11.41734 -7.16466 -1.94707 -5.96320 -5.10439 -0.25320 19.21787 -6.32321 -0.59121 6.83841 -3.03273 -0.00000 0.00000 -0.00000 -74.75775 53.74269 -10.92042 35.04158 -38.65312 -96.01586 -0.00000 -71.56690 -0.00000 7.48472 9.82139 52.39602 -7.12502 -0.00000 0.00000 -10.97100 -8.32782 81.76485 -0.00000 0.00000 -0.00000 82.46058 26.36802 15.94253 -29.29508 -16.46746 57.94138 0.00000 -17.94840 0.00000 -43.85587 -3.81864 3.96500 7.12502 -0.00000 -0.00000 -15.72931 -6.00580 -24.61994
0.23354 0.98992 -0.08778 0.52848 -5.16193 132.55713 -0.00000 0.00000 -0.00000 -15.12402 -1.50816 -11.74954 -0.56618 13.19109 4.89378 -5.42143 -3.45141 -33.46379 -0.76241 15.24434 5.69259 -0.00000 0.00000 -0.00000 25.18318 1.74042 -12.51811 0.00002 0.08006 -0.02914 -9.38652 -25.28869 -21.18346 0.43816 11.63566 -4.29826 -1.06678 -15.55020 -11.56328 2.87554 2.55920 -15.55981 -1.21172 11.63477 -7.40792 -3.38222 -6.19914 -5.29749 -0.19678 19.46404 -6.38734 -0.35478 7.01323 -3.15465 -0.00000 0.00000 0.00000 -66.74755 65.00100 -19.49464 34.72512 -40.45898 -99.37435 -0.00000 -69.91540 -0.00000 10.05085 13.24454 52.27376 -7.12502 -0.00000 0.00000 -7.60941 -5.94959 82.80698 -0.00000 0.00000 0.00000 78.87713 27.72869 15.74313 -30.40489 -18.27212 61.23534 0.00000 -21.23740 0.00000 -44.21474 -0.82191 0.84466 7.12502 -0.00000 -0.00000 -16.33768 -4.88652 -28.79656
0.25596 0.98580 -0.08673 0.59463 -4.25285 135.10060 -0.00000 0.00000 -0.00000 -15.93907 0.01395 -16.14283 -0.90418 16.55226 6.21007 -8.37976 -11.12324 -31.84522 -0.05090 -3.99894 -1.45802 -0.00000 0.00000 -0.00000 25.96278 3.55656 -11.48720 0.00103 -0.56887 0.20706 -9.76351 -24.37047 -23.76115 1.01005 17.45613 -6.57208 -2.34626 -15.51015 -12.54321 2.84284 3.13031 -16.66799 -1.12693 12.50671 -7.97322 -3.61414 -6.85843 -5.27743 -0.48600 19.29771 -6.26767 -0.40766 7.07407 -3.14531 0.00000 0.00000 0.00000 -57.61375 73.12000 -29.01971 34.76271 -40.28229 -99.03996 -0.00000 -69.93970 -0.00000 12.26217 15.71183 51.24943 -7.12502 -0.00000 0.00000 -5.14168 -3.98055 82.64920 0.00000 0.00000 0.00000 78.90541 28.26946 15.37395 -31.54873 -20.40102 64.99213 0.00000 -23.40800 0.00000 -42.32634 -0.95079 1.04378 7.12502 -0.00000 -0.00000 -14.58252 -4.39937 -28.57156
0.27708 0.97734 -0.08380 2.37504 -2.47911 134.44756 -0.00000 0.00000 -0.00000 -17.81513 2.22376 -21.34859 -2.24728 25.39535 9.95005 -7.69706 -19.56733 -24.04300 -0.77528 -15.36833 -5.74134 -0.00000 0.00000 -0.00000 24.74617 4.00102 -18.59588 0.00959 1.73734 -0.63255 -6.23084 -21.64228 -16.21891 0.08343 5.11584 -1.86731 -1.09478 -13.44429 -11.98387 2.10369 3.89681 -16.11818 -2.04184 11.71008 -7.67617 -3.13605 -6.30975 -4.99124 -0.71767 19.24832 -5.90521 -0.49069 6.93929 -2.95294 0.00000 0.00000 -0.00000 -63.57068 78.41235 -21.65177 35.01731 -38.82810 -96.33589 -0.00000 -72.68880 -0.00000 12.30426 16.77251 52.91673 -7.12502 -0.00000 0.00000 -4.36985 -3.61215 84.50414 0.00000 0.00000 -0.00000 81.26173 28.72850 13.82979 -32.39888 -22.22806 68.13296 0.00000 -25.06250 0.00000 -41.90737 -0.86802 0.96705 7.12502 -0.00000 -0.00000 -14.20339 -4.24975 -28.68080
0.29723 0.97088 -0.07741 2.23646 -2.43413 134.64138 -0.00000 0.00000 -0.00000 -20.74582 -2.59565 -26.54401 -6.43240 39.79495 17.64955 -4.96314 -14.53368 -19.89797 -0.12294 -6.20501 -2.26790 -0.00000 0.00000 -0.00000 22.95884 0.76061 -25.41318 0.09984 5.59464 -2.04321 -4.21700 -21.26681 -9.60048 0.00948 -1.72713 0.62883 -1.18102 -14.00620 -12.04317 1.77160 4.04610 -16.15366 -2.56397 12.08992 -7.65162 -1.27762 -6.49693 -3.91634 -2.02679 19.99070 -4.39214 -1.04023 7.13491 -2.19014 -0.00000 0.00000 0.00000 -92.69908 78.02366 10.56150 35.26437 -35.29328 -90.05005 -0.00000 -78.78980 -0.00000 13.75374 16.16875 48.68514 -7.12502 -0.00000 0.00000 -4.29165 -3.06243 80.44723 -0.00000 0.00000 0.00000 83.36097 29.21142 12.41997 -32.75197 -23.07024 69.56115 0.00000 -23.95150 0.00000 -42.53031 -1.28839 1.40414 7.12502 -0.00000 -0.00000 -14.73917 -4.58656 -28.09273
0.31457 0.96664 -0.06730 0.22886 -3.86435 139.00608 -0.00000 0.00000 -0.00000 -24.95801 -13.87527 -34.94318 -15.89450 54.31286 30.44814 -0.39707 3.00086 -22.55885 -1.35283 20.06043 7.63774 -0.00000 0.00000 -0.00000 23.14610 -3.60368 -28.03546 0.17614 7.41880 -2.71643 -5.28436 -24.02459 -10.50122 0.00121 0.61803 -0.22495 -3.74457 -16.57891 -14.18193 2.06852 3.80934 -18.50326 -2.47229 13.82420 -8.77670 1.47387 -6.58792 -1.57468 -3.91414 19.56784 -1.21401 -1.66753 7.01218 -0.63558 0.00000 0.00000 -0.00000 -96.76061 69.52327 17.98831 34.49287 -28.59819 -78.77392 -0.00000 -81.58570 -0.00000 15.19197 14.03455 41.76705 -7.12502 -0.00000 0.00000 -5.08984 -2.76341 73.42615 0.00000 0.00000 -0.00000 83.19985 32.37021 13.31637 -32.67480 -22.88120 69.24148 0.00000 -20.73380 0.00000 -45.18167 -1.53118 1.52097 7.12502 -0.00000 -0.00000 -17.15376 -5.46397 -27.85570
0.32492 0.95919 -0.06017 0.38784 -4.25706 138.84568 -0.00000 0.00000 -0.00000 -27.45311 -21.89256 -36.01225 -22.48377 59.57498 38.29802 -2.00431 -4.81490 -16.77668 -0.16573 7.19768 2.63454 -0.00000 0.00000 -0.00000 21.41094 -6.98544 -32.90669 0.47043 12.04829 -4.45551 -4.00038 -24.75613 -6.23484 0.01499 -2.17178 0.79087 -2.35602 -16.32618 -14.18398 1.89235 4.21244 -18.80610 -3.49404 13.61544 -8.80616 4.11419 -6.48081 0.88710 -5.47784 19.04610 2.07543 -2.17023 6.95225 0.99080 -0.00000 0.00000 0.00000 -84.34560 59.27849 7.37811 32.40608 -22.24468 -68.16124 -0.00000 -77.69950 -0.00000 13.00011 11.66150 41.20248 -7.12502 -0.00000 0.00000 -7.87759 -4.05157 72.05092 -0.00000 0.00000 0.00000 82.88643 36.12865 16.37065 -32.21644 -21.81403 67.42671 0.00000 -16.89830 0.00000 -49.59333 -2.75560 2.34354 7.12502 -0.00000 -0.00000 -21.04629 -7.39811 -26.49820
0.33320 0.95624 -0.05342 -0.03550 -5.31897 137.74778 -0.00000 0.00000 -0.00000 -28.54242 -30.85317 -31.99966 -18.28438 56.49343 33.35069 -1.79843 -6.21644 -14.00943 -0.34854 10.39754 3.82934 -0.00000 0.00000 -0.00000 22.17769 -9.56269 -31.48205 0.75004 15.12409 -5.64537 -4.24754 -25.93906 -6.14867 0.02849 -2.99320 1.09049 -0.35630 -15.09248 -13.29817 1.81982 3.40082 -17.95910 -3.56430 11.54850 -8.44057 4.96306 -5.99565 1.88289 -6.45375 19.24374 3.58549 -2.42803 7.02415 1.71412 -0.00000 0.00000 0.00000 -72.95578 48.91290 -3.93984 30.97805 -19.29912 -63.06277 -0.00000 -67.54050 -0.00000 11.19076 12.46801 47.49902 -7.12502 -0.00000 0.00000 -7.97050 -5.24189 78.12455 -0.00000 0.00000 0.00000 83.83624 38.02291 16.14593 -31.91480 -21.15715 66.29988 0.00000 -14.12350 0.00000 -52.70342 -6.02987 4.57474 7.12502 -0.00000 -0.00000 -23.42344 -10.14667 -22.87112
0.34587 0.95547 -0.05084 -0.39355 -5.99018 140.11293 -0.00000 0.00000 -0.00000 -29.73416 -36.39758 -25.59362 -11.65926 49.33520 25.06718 -0.55831 -2.51041 -8.97454 -0.47006 12.04370 4.45376 -0.00000 0.00000 -0.00000 23.34443 -10.75406 -30.95504 0.85755 16.13546 -6.04437 -5.49948 -27.85473 -8.08900 0.00099 0.55965 -0.20370 -0.62356 -13.96354 -13.79071 2.46752 2.42109 -18.56478 -2.25447 10.16751 -8.87865 4.17023 -5.97248 2.00604 -7.23593 19.61732 4.07802 -2.46956 7.16395 1.84364 -0.00000 0.00000 0.00000 -65.91206 40.26741 -12.80553 30.05799 -17.68402 -60.17439 -0.00000 -60.84870 -0.00000 11.49345 12.97387 47.83320 -7.12502 -0.00000 0.00000 -7.46770 -4.99741 78.60666 -0.00000 0.00000 0.00000 84.43222 39.68048 13.71277 -32.39329 -22.21516 68.11100 0.00000 -12.66960 0.00000 -54.40744 -9.04623 6.42081 7.12502 -0.00000 -0.00000 -24.49271 -12.44853 -19.67798
0.36284 0.95402 -0.05593 0.02410 -5.26272 143.60547 -0.00000 0.00000 -0.00000 -29.56177 -34.33354 -19.56428 -8.59409 44.38758 20.87139 -0.09630 0.78600 -8.42539 -0.20186 7.93754 2.90890 -0.00000 0.00000 -0.00000 22.71759 -10.91135 -32.31127 1.26008 19.39728 -7.36297 -6.99978 -29.81540 -10.26659 0.00395 -1.11562 0.40611 -2.33245 -13.79583 -14.22854 2.88325 2.46522 -18.91217 -1.07555 10.78043 -9.13808 3.88962 -6.63967 1.38118 -7.28647 20.43562 3.33444 -2.53424 7.50732 1.45784 -0.00000 0.00000 -0.00000 -61.55329 34.95698 -20.59937 29.22569 -16.36160 -57.74440 -0.00000 -55.04870 -0.00000 11.13696 13.62938 50.12346 -7.12502 -0.00000 0.00000 -7.05062 -5.14433 80.94087 -0.00000 0.00000 -0.00000 85.40798 39.01038 10.48241 -32.95733 -23.58828 70.43471 0.00000 -11.65540 0.00000 -54.93177 -10.29449 7.15039 7.12502 -0.00000 -0.00000 -24.75570 -13.36506 -18.37621
0.36858 0.95113 -0.06256 1.17970 -2.33827 144.82058 -0.00000 0.00000 -0.00000 -29.42433 -24.88492 -21.57461 -5.90770 38.48297 16.81835 -0.73015 -2.98261 -10.10145 -0.03633 -3.37956 -1.23158 -0.00000 0.00000 -0.00000 18.55491 -11.28861 -31.67404 3.11447 29.39754 -11.83337 -5.54878 -26.94147 -8.86707 0.03541 -3.33634 1.21580 -1.45117 -10.28090 -13.24920 2.12404 2.34413 -17.68619 -0.89188 8.43567 -8.65398 3.12402 -6.45540 0.69437 -6.93507 21.17301 2.54114 -2.40598 7.66327 1.07828 -0.00000 0.00000 0.00000 -60.95128 33.98398 -24.60091 28.12718 -14.77825 -54.74004 -0.00000 -49.49100 -0.00000 11.66362 15.31040 51.98236 -7.12502 -0.00000 0.00000 -5.61242 -4.43475 83.19751 -0.00000 0.00000 0.00000 86.90480 36.94107 6.56685 -33.43289 -24.88601 72.60963 0.00000 -12.31220 0.00000 -54.69272 -11.41737 7.98070 7.12502 -0.00000 -0.00000 -24.37834 -13.89938 -17.07242
0.36504 0.95210 -0.06015 2.22655 0.25568 144.77140 -0.00000 0.00000 -0.00000 -29.25493 -20.90234 -20.27570 -4.94861 35.82108 15.23076 -0.89595 -3.71770 -10.65766 -0.09661 -5.50364 -2.00976 -0.00000 0.00000 -0.00000 16.08530 -11.76411 -23.32511 6.06410 38.88370 -17.06857 -1.01257 -18.88454 -0.05250 0.01186 -1.93172 0.70337 -0.33801 -6.26848 -11.64288 1.62281 2.66976 -15.61878 -0.56854 6.35094 -7.70277 2.49962 -6.85684 0.00139 -6.80108 21.47213 1.68812 -2.38108 7.78995 0.64114 -0.00000 0.00000 -0.00000 -64.71936 36.05838 -23.39706 27.92098 -14.49887 -54.19753 -0.00000 -46.05110 -0.00000 11.52513 14.98677 51.74340 -7.12502 -0.00000 0.00000 -5.89337 -4.60490 82.87484 -0.00000 0.00000 -0.00000 87.45772 32.82536 4.98614 -33.71114 -25.72493 74.00774 0.00000 -14.43280 0.00000 -52.85607 -9.56199 7.17193 7.12502 -0.00000 -0.00000 -23.07753 -12.10091 -18.80212
0.35541 0.95181 -0.04649 1.75322 0.49830 146.14915 -0.00000 0.00000 -0.00000 -28.99927 -21.66492 -18.32970 -4.13246 33.22273 13.79105 -0.79977 -1.37540 -13.44641 -0.21200 -8.13271 -2.98145 -0.00000 0.00000 -0.00000 20.45434 -9.56783 -8.62948 6.26895 39.39600 -17.39311 1.54756 -16.81657 8.39421 0.12166 -6.17274 2.25601 0.37678 -4.12863 -10.25059 1.16910 2.07424 -13.74598 -0.47372 4.39534 -6.81071 1.66927 -6.73295 -0.65692 -5.55035 22.02639 0.72794 -1.98083 7.90571 0.25667 0.00000 0.00000 -0.00000 -69.99171 41.88565 -17.53788 28.57929 -15.40975 -55.95202 -0.00000 -46.54800 -0.00000 10.30039 13.14829 51.37705 -7.12502 -0.00000 0.00000 -7.64094 -5.79011 81.94302 0.00000 0.00000 -0.00000 87.48666 26.53431 3.33916 -33.86952 -26.23596 74.85722 0.00000 -18.75880 0.00000 -46.50909 -6.87884 6.48223 7.12502 -0.00000 -0.00000 -17.83916 -8.28016 -20.89155
0.34288 0.95374 -0.02445 0.38408 -1.52807 150.94088 -0.00000 0.00000 -0.00000 -30.24444 -25.42588 -20.15162 -3.69421 31.66817 12.97426 0.40505 4.38477 -16.76859 -0.15689 -7.00448 -2.56305 -0.00000 0.00000 -0.00000 24.83024 -8.66978 -1.58743 4.77409 35.29419 -14.93066 -0.50639 -23.64143 2.87645 0.60741 -13.65101 5.07138 0.24106 -4.14796 -9.94059 1.29972 1.09174 -13.31056 -0.00022 3.48512 -6.61994 3.06493 -6.03819 0.09605 -6.66982 21.39000 1.82722 -2.42011 7.62083 0.82133 0.00000 0.00000 -0.00000 -78.41091 47.01760 -7.56897 29.82017 -17.29398 -59.46435 -0.00000 -48.65860 -0.00000 9.74199 12.28628 51.10286 -7.12502 -0.00000 0.00000 -8.47769 -6.30926 81.40091 0.00000 0.00000 -0.00000 85.89993 20.06847 3.01149 -33.81472 -26.05607 74.55834 0.00000 -23.75720 0.00000 -37.33531 -5.17561 6.74473 7.12502 -0.00000 -0.00000 -9.80263 -4.29163 -21.58169
0.32226 0.96239 0.00021 -0.93001 -5.03640 154.71173 -0.00000 0.00000 -0.00000 -30.36576 -30.88298 -21.06632 -2.87184 28.36090 11.33102 3.58686 13.41957 -18.98047 -0.42298 -11.43605 -4.22237 -0.00000 0.00000 -0.00000 24.88470 -11.45017 -6.93949 2.37053 26.01928 -10.23417 -3.12416 -27.21035 -2.58681 0.01019 -1.79066 0.65197 1.92383 -6.49052 -8.77276 1.45005 0.90460 -11.90130 -1.02533 4.24860 -5.85145 5.21487 -5.82210 2.88431 -8.74696 19.99232 5.74515 -2.90689 7.40315 2.68422 0.00000 0.00000 0.00000 -85.46253 51.19110 1.45934 31.08688 -19.50270 -63.42153 -0.00000 -51.97440 -0.00000 9.26756 11.50437 50.71153 -7.12502 -0.00000 0.00000 -9.24596 -6.73516 80.77076 0.00000 0.00000 0.00000 83.84813 12.49940 4.73592 -33.55151 -25.23530 73.19237 0.00000 -27.85090 0.00000 -27.39069 -3.51681 6.75162 7.12502 -0.00000 -0.00000 -0.92106 -0.38397 -22.37159
0.29572 0.97168 0.02879 -1.44346 -8.03302 154.00963 -0.00000 0.00000 -0.00000 -27.53022 -33.29937 -24.33287 -3.73406 31.81484 13.05002 -1.05943 0.45720 -20.27641 -1.19104 -18.88514 -7.15243 -0.00000 0.00000 -0.00000 25.24231 -16.21779 -6.40684 1.92738 23.66821 -9.17967 -2.82529 -23.95224 -3.40381 0.00056 -0.41824 0.15223 3.87794 -7.13937 -6.69827 1.86209 1.07871 -9.33177 -1.48009 4.66019 -4.50905 7.36232 -5.03984 5.99661 -11.08573 18.28170 10.12957 -3.47133 7.17754 4.77699 0.00000 0.00000 0.00000 -90.80459 52.35419 9.52092 32.50910 -22.48487 -68.56961 -0.00000 -55.33100 -0.00000 8.96884 11.28321 51.10883 -7.12502 -0.00000 0.00000 -9.48705 -6.99043 81.06522 0.00000 0.00000 0.00000 81.36801 7.26478 7.75332 -33.35535 -24.66374 72.23830 0.00000 -31.29040 0.00000 -21.52665 -2.36843 5.98089 7.12502 -0.00000 -0.00000 4.41729 1.73814 -23.56274
0.27615 0.97968 0.05932 -0.15179 -10.45243 157.22938 -0.00000 0.00000 -0.00000 -24.89089 -34.31811 -28.98310 -11.07130 48.49421 24.28714 -1.10705 -11.30671 -7.54902 -0.22620 -8.39807 -3.08021 -0.00000 0.00000 -0.00000 29.20433 -16.88597 -1.73600 1.30267 19.70515 -7.49023 -4.67884 -23.16820 -9.41209 0.12342 6.21691 -2.27229 4.42062 -5.66771 -6.43838 2.90724 0.32172 -8.89323 -0.31894 3.19318 -4.32402 7.84721 -4.26382 6.93414 -11.98680 18.06110 11.65483 -3.67546 7.16094 5.52441 0.00000 0.00000 0.00000 -93.44276 51.17790 15.43923 33.40872 -24.81622 -72.49309 -0.00000 -59.82160 -0.00000 9.73457 12.52425 51.65216 -7.12502 -0.00000 0.00000 -8.27340 -6.28888 81.99170 0.00000 0.00000 0.00000 80.90909 5.55657 6.54265 -33.71670 -25.74243 74.03685 0.00000 -31.81270 0.00000 -24.43366 -2.31298 5.07629 7.12502 -0.00000 -0.00000 1.83419 0.68951 -24.40464
0.25959 0.98627 0.08267 1.29011 -11.93248 160.13214 -0.00000 0.00000 -0.00000 -18.46384 -34.06210 -21.25451 -20.31554 58.08724 35.76432 -0.06066 -14.27315 -2.79023 -0.02771 2.95169 1.07534 -0.00000 0.00000 -0.00000 30.90563 -16.92667 -1.08288 0.73464 14.97278 -5.58603 -5.07168 -20.91386 -12.98333 0.29367 9.55524 -3.51263 4.75050 -5.61396 -6.20017 3.74414 0.32142 -8.57533 0.39538 3.26006 -4.14356 7.22849 -4.70062 6.83556 -11.70547 17.41635 11.38336 -3.51690 6.96527 5.36011 0.00000 0.00000 -0.00000 -91.36613 49.00783 15.42156 33.75960 -25.87845 -74.26308 -0.00000 -63.24540 -0.00000 9.03684 11.50586 51.43330 -7.12502 -0.00000 0.00000 -9.27476 -6.92638 81.44449 0.00000 0.00000 -0.00000 81.44909 6.22981 4.43763 -34.14965 -27.21542 76.48230 0.00000 -30.99510 0.00000 -30.48734 -2.29924 3.89823 7.12502 -0.00000 -0.00000 -3.64088 -1.29395 -25.46093
0.24522 0.99146 0.10292 2.01647 -12.59939 163.85796 -0.00000 0.00000 -0.00000 -12.62393 -30.73882 -9.26939 -19.85304 57.74271 35.21845 0.38803 -12.96617 -0.41373 -0.25370 8.88879 3.26323 -0.00000 0.00000 -0.00000 31.54921 -15.70716 1.47893 0.37047 10.71461 -3.94903 -6.75030 -21.18813 -18.79726 0.88240 16.35915 -6.13321 4.65917 -6.12873 -6.42042 3.93110 0.29922 -8.89394 0.53976 3.54908 -4.28983 6.98490 -4.92955 6.76207 -11.74773 17.22513 11.28882 -3.49737 6.92735 5.29518 -0.00000 0.00000 0.00000 -87.70349 46.25847 12.67162 33.76677 -25.90136 -74.30118 -0.00000 -64.96010 -0.00000 9.33080 10.87495 48.94757 -7.12502 -0.00000 0.00000 -9.81001 -6.67471 78.90954 -0.00000 0.00000 0.00000 83.19616 7.46129 2.16909 -34.50817 -28.66623 78.88671 0.00000 -31.44360 0.00000 -35.22159 -2.42156 3.42492 7.12502 -0.00000 -0.00000 -7.95713 -2.78813 -25.81206
0.22458 0.98932 0.12525 5.18015 -9.48915 167.13176 -0.00000 0.00000 -0.00000 -7.12810 -19.01848 1.55419 -6.61308 40.22622 17.93057 -0.34755 -18.51503 -4.44453 -0.19579 -7.81832 -2.86462 -0.00000 0.00000 -0.00000 31.79604 -14.24537 -1.46597 0.35582 10.50386 -3.86945 -6.56264 -19.84529 -20.42030 0.67270 14.34632 -5.34130 8.19096 -1.61776 -6.40408 3.81453 1.06391 -8.58432 -0.93267 1.35737 -4.11102 7.32863 -5.10105 6.90067 -11.91460 17.55790 11.55911 -3.55310 7.10754 5.43508 0.00000 0.00000 -0.00000 -84.80355 43.72058 7.12110 33.21482 -24.27215 -71.58298 -0.00000 -64.46190 -0.00000 9.25003 10.20155 47.40025 -7.12502 -0.00000 0.00000 -10.45058 -6.67779 77.22962 0.00000 0.00000 -0.00000 84.48798 9.13169 -1.35802 -34.78746 -30.05196 81.18697 0.00000 -30.27320 0.00000 -38.99987 -2.72651 3.36184 7.12502 -0.00000 -0.00000 -11.39293 -4.04485 -25.70744
0.21017 0.98961 0.15032 6.83659 -7.62125 171.90689 -0.00000 0.00000 -0.00000 -7.30540 -10.83018 -3.24243 -2.88468 28.41720 11.35803 -1.36691 -21.22593 -7.68805 -1.55985 -21.45025 -8.22187 -0.00000 0.00000 -0.00000 30.16280 -17.14133 -4.42043 0.70950 14.72211 -5.48792 -6.62799 -19.95948 -20.47565 0.48140 12.18516 -4.50778 9.11695 0.67497 -7.14561 4.43945 1.18743 -9.21117 -0.45736 0.15130 -4.41344 7.13585 -4.59225 7.10605 -12.94546 17.33087 12.15425 -3.80343 7.04345 5.68973 0.00000 0.00000 0.00000 -85.20618 40.82524 0.60720 31.89289 -21.11069 -66.21988 -0.00000 -63.05890 -0.00000 8.91616 9.73137 47.13397 -7.12502 -0.00000 0.00000 -10.96151 -6.90023 76.81113 0.00000 0.00000 0.00000 85.43730 11.55006 -5.11465 -35.02299 -31.58070 83.73763 0.00000 -31.37300 0.00000 -40.55221 -4.38576 5.10703 7.12502 -0.00000 -0.00000 -12.70832 -5.12954 -23.37339
0.19214 0.98603 0.18764 4.10786 -9.17880 166.89243 -0.00000 0.00000 -0.00000 -10.00857 -13.87367 -2.47910 -2.51628 26.73086 10.56225 -1.23172 -21.96209 -7.33866 -1.65255 -22.03710 -8.47210 -0.00000 0.00000 -0.00000 29.58253 -25.46287 6.83449 3.58912 31.27600 -12.77298 -4.26053 -17.86611 -13.68644 0.15806 7.03043 -2.57265 9.35725 1.90348 -4.69128 2.86203 0.43272 -5.85399 -2.05623 -1.24817 -2.87141 7.20429 -4.49614 7.88521 -13.37498 16.69889 13.24121 -3.83472 6.94860 6.20373 0.00000 0.00000 -0.00000 -85.06837 38.07163 -3.84741 30.26905 -18.03902 -60.81616 -0.00000 -62.15380 -0.00000 8.16089 8.97577 47.41178 -7.12502 -0.00000 0.00000 -11.82605 -7.45699 76.79160 0.00000 0.00000 -0.00000 88.35333 16.13738 -7.68622 -35.16155 -32.87532 85.91550 0.00000 -28.12810 0.00000 -43.71961 -4.22503 4.40551 7.12502 -0.00000 -0.00000 -15.57297 -6.12891 -24.03867
0.19281 0.97011 0.22196 0.25855 -10.04577 163.74545 -0.00000 0.00000 -0.00000 -14.18295 -18.86729 -7.29451 -3.74654 31.86052 13.07367 -1.02773 -25.61219 -7.08014 -2.05457 -24.37487 -9.49211 -0.00000 0.00000 -0.00000 30.13622 -28.37343 21.90258 14.00330 52.29620 -28.09000 -5.27708 -20.25880 -14.57548 1.10383 18.21326 -6.87829 6.92138 1.27596 -2.53479 0.89066 -0.03248 -3.22455 -2.87008 -1.07868 -1.62675 8.89978 -3.75005 9.56845 -15.21084 14.54428 15.45006 -4.56093 6.61133 7.31811 0.00000 0.00000 -0.00000 -84.39720 35.11074 -7.05267 28.62574 -15.47617 -56.07839 -0.00000 -61.94890 -0.00000 7.91170 8.60411 47.11089 -7.12502 -0.00000 0.00000 -12.23900 -7.60067 76.37292 0.00000 0.00000 -0.00000 91.00399 21.49541 -11.10044 -35.24799 -34.31791 88.36974 0.00000 -24.54870 0.00000 -45.03124 -6.35535 6.30978 7.12502 -0.00000 -0.00000 -16.57656 -7.50069 -21.32080
0.20527 0.95791 0.25207 -3.16602 -12.91922 167.87047 -0.00000 0.00000 -0.00000 -19.93681 -26.22017 -15.87062 -5.25479 36.71188 15.74834 -0.24997 -26.47814 -5.34389 -3.81321 -32.10284 -13.19955 -0.00000 0.00000 -0.00000 23.53796 -28.86253 27.26787 25.86974 61.54220 -42.18517 -3.74500 -15.57832 -14.83199 3.46777 30.81298 -12.53768 5.81727 -1.23542 -2.12793 -0.87226 -1.98727 -2.82300 -4.11330 -1.68498 -1.49278 10.28106 -1.90117 12.03092 -18.43126 13.01933 19.54091 -5.52459 6.69614 9.38814 -0.00000 0.00000 -0.00000 -85.58568 29.96571 -8.42316 26.75505 -13.01127 -51.23583 -0.00000 -62.43940 -0.00000 7.40924 8.26883 47.87988 -7.12502 -0.00000 0.00000 -12.63182 -8.03965 76.96671 -0.00000 0.00000 -0.00000 94.51505 29.18401 -19.28856 -35.24521 -36.27562 91.76303 0.00000 -19.20650 0.00000 -48.29438 -7.56443 6.69085 7.12502 -0.00000 -0.00000 -19.34478 -9.27570 -20.33909
0.23942 0.95167 0.27606 -3.12917 -12.88479 173.19989 -0.00000 0.00000 -0.00000 -19.72812 -27.43192 -19.55534 -5.44522 37.24570 16.06492 -1.25326 -25.38181 -7.59994 -4.45600 -34.29505 -14.37325 -0.00000 0.00000 -0.00000 15.92048 -18.81700 22.99125 17.85127 56.12474 -32.83015 -1.64720 -9.94245 -10.95322 1.51832 21.18059 -8.10762 4.72585 -1.85902 -1.05829 -1.90681 -1.78583 -1.42521 -4.62025 -0.96349 -0.75891 11.66881 -0.95131 14.05318 -21.00079 11.61765 22.99020 -6.31351 7.00236 11.16201 0.00000 0.00000 0.00000 -84.17667 24.27231 -10.60373 25.43701 -11.49495 -48.06881 -0.00000 -62.79170 -0.00000 7.52257 7.67212 45.31297 -7.12502 -0.00000 0.00000 -13.28203 -7.62638 74.34477 0.00000 0.00000 0.00000 102.37541 35.15541 -28.21995 -35.13993 -37.81319 94.49399 0.00000 -12.22910 0.00000 -51.11521 -11.50641 9.13891 7.12502 -0.00000 -0.00000 -21.33402 -12.42945 -16.14135
0.28892 0.95337 0.29975 -2.37461 -15.77276 182.21876 -0.00000 0.00000 -0.00000 -19.52389 -29.97146 -25.72158 -4.41578 34.16495 14.30175 -2.09335 -21.53759 -9.66115 -5.14769 -36.40497 -15.56853 -0.00000 0.00000 -0.00000 14.84172 -9.23335 17.85456 6.32699 39.53864 -17.48441 -4.42373 -20.42971 -11.16587 0.27483 -9.24739 3.39730 2.00090 -3.40218 -0.19137 -2.67709 -3.07840 -0.50657 -3.87705 -1.29630 -0.39826 11.36739 -0.63148 16.19481 -20.76242 11.90152 23.38700 -6.10034 7.07399 10.65021 -0.00000 0.00000 -0.00000 -81.21192 17.15604 -12.58122 24.70427 -10.71785 -46.37610 -0.00000 -61.66370 -0.00000 7.68521 7.28859 43.23329 -7.12502 -0.00000 0.00000 -13.67889 -7.20496 72.26271 -0.00000 0.00000 -0.00000 113.57820 40.09479 -37.55559 -35.12882 -37.92234 94.69046 0.00000 -3.88715 0.00000 -55.83550 -14.73070 9.79141 7.12502 -0.00000 -0.00000 -24.78667 -16.32075 -13.67771
0.33586 0.95230 0.32121 0.01240 -16.10914 194.64930 -0.00000 0.00000 -0.00000 -20.49865 -32.87031 -28.11833 -3.67978 31.61478 12.94675 -4.05605 -17.26078 -15.96386 -2.08135 -24.52018 -9.55682 -0.00000 0.00000 -0.00000 17.52180 -7.59145 6.47444 3.21600 29.81512 -12.03887 -8.94981 -28.06190 -16.54730 0.15207 -6.89678 2.52323 1.19363 -2.20996 0.52526 -3.29516 -2.90264 0.48267 -4.06982 -1.70375 0.11002 10.99200 -1.71380 15.27320 -20.61651 11.29259 22.08395 -6.11543 6.83484 10.02759 -0.00000 0.00000 -0.00000 -76.54362 13.17792 -16.49112 25.13555 -11.16990 -47.36707 -0.00000 -59.79980 -0.00000 9.15451 8.05066 40.99252 -7.12502 -0.00000 0.00000 -12.51951 -6.07619 70.48688 -0.00000 0.00000 -0.00000 121.62038 43.85908 -41.56587 -35.21635 -36.85865 92.79089 0.00000 3.45020 -0.00000 -59.62669 -16.95578 9.69915 7.12502 -0.00000 -0.00000 -27.41443 -19.45800 -12.28942
0.37079 0.95050 0.33058 4.10835 -16.68000 204.03799 -0.00000 0.00000 -0.00000 -22.23691 -41.47286 -19.95226 -5.64790 37.79787 16.39768 -2.58570 -21.51232 -10.96596 -2.26003 -25.46088 -9.97974 -0.00000 0.00000 -0.00000 21.35199 -10.33768 -0.36955 2.47363 26.52548 -10.46711 -9.27207 -28.44652 -16.93972 0.18585 -7.61892 2.79063 1.62898 -4.41938 2.33133 -2.51173 -2.69302 2.93560 -3.40570 -0.08190 1.38265 10.79375 -3.30583 13.53906 -21.19280 12.10047 19.88304 -6.36682 7.07403 8.78211 0.00000 0.00000 0.00000 -73.02590 11.81322 -18.48505 26.52978 -12.74048 -50.68215 -0.00000 -58.23750 -0.00000 9.70384 8.90926 42.16592 -7.12502 -0.00000 0.00000 -11.53163 -5.94166 71.90152 0.00000 0.00000 0.00000 123.04608 50.55142 -41.57159 -35.24440 -36.29661 91.79989 0.00000 9.48506 -0.00000 -65.49062 -14.81518 6.64956 7.12502 -0.00000 -0.00000 -32.63955 -21.01297 -15.75802
0.39108 0.94769 0.32673 5.55477 -14.45291 210.59492 -0.00000 0.00000 -0.00000 -23.05149 -43.29764 -9.22552 -8.78664 44.74478 21.14578 0.23808 -24.50768 -3.77534 -1.78776 -22.85862 -8.82618 -0.00000 0.00000 -0.00000 23.79259 -10.50298 -5.09194 2.55180 26.90026 -10.64100 -9.79728 -29.05459 -17.56786 0.11861 -6.09540 2.22751 1.69104 -4.57678 4.20193 -2.08258 -2.13430 5.47818 -2.84452 0.70905 2.69294 9.57785 -4.23081 11.46998 -19.31361 13.08515 16.98733 -5.81533 6.84837 7.36723 0.00000 0.00000 -0.00000 -67.78973 12.87071 -16.27281 28.16832 -14.83463 -54.84903 -0.00000 -57.92960 -0.00000 11.30146 10.81606 43.19825 -7.12502 -0.00000 0.00000 -9.28961 -5.11003 73.56956 0.00000 0.00000 -0.00000 115.76105 55.95481 -30.73525 -35.26342 -35.03528 89.60373 0.00000 10.75370 -0.00000 -65.93403 -3.06387 1.36744 7.12502 -0.00000 -0.00000 -35.64043 -13.57311 -26.87582
0.40089 0.94497 0.31447 7.89494 -13.29743 216.25940 -0.00000 0.00000 -0.00000 -22.61723 -41.98301 -3.03456 -10.01187 46.85908 22.85440 1.51266 -24.90852 -0.57391 -1.35190 -20.05391 -7.63502 -0.00000 0.00000 -0.00000 26.06763 -11.57493 -7.93078 2.78862 27.99187 -11.15478 -8.30665 -27.66027 -15.33548 0.24731 -8.77725 3.22158 2.63236 -7.03463 5.79068 -1.65863 -1.97356 7.49401 -2.49794 2.37754 3.71436 8.35732 -5.24637 9.63728 -17.39191 13.40479 14.34019 -5.25409 6.55981 6.11870 0.00000 0.00000 0.00000 -62.71271 16.24857 -10.08201 29.97150 -17.54097 -59.91460 -0.00000 -58.36680 -0.00000 13.47760 12.25588 41.53218 -7.12502 -0.00000 0.00000 -7.20606 -3.78524 72.57057 0.00000 0.00000 0.00000 104.25155 55.07065 -14.42356 -35.07377 -31.99746 84.43661 0.00000 12.22420 -0.00000 -61.69312 0.97604 -0.52566 7.12502 -0.00000 -0.00000 -32.58617 -9.38240 -30.69190
0.40090 0.94500 0.29778 7.33903 -12.32119 219.86181 -0.00000 0.00000 -0.00000 -22.72808 -33.93666 1.70304 -5.29636 36.82971 15.81779 2.56298 -27.22473 1.20593 -1.90635 -23.54863 -9.12717 -0.00000 0.00000 -0.00000 24.30657 -14.18350 -10.48375 4.62615 34.83594 -14.67315 -5.96273 -23.73984 -12.82962 0.33951 -10.26393 3.77898 2.00447 -7.96105 7.06640 -1.87968 -1.43537 9.24606 -1.98844 3.44491 4.59643 7.81921 -5.55440 8.21314 -16.70195 12.69449 12.26993 -5.21662 6.09960 5.18015 0.00000 0.00000 0.00000 -61.31324 22.78132 -0.46163 31.71415 -20.73749 -65.57556 -0.00000 -59.10670 -0.00000 12.66018 11.30200 41.10341 -7.12502 -0.00000 0.00000 -8.31190 -4.23716 71.82698 0.00000 0.00000 0.00000 97.77977 53.25297 -4.13951 -34.75427 -29.86966 80.88390 0.00000 8.76902 -0.00000 -52.04961 6.18080 -4.79976 7.12502 -0.00000 -0.00000 -24.54805 -3.66671 -37.02929
0.39999 0.95257 0.28721 6.47918 -11.15474 226.91931 -0.00000 0.00000 -0.00000 -26.28012 -29.14805 -5.35609 -4.81638 35.42319 15.00373 0.82151 -25.91229 -2.63248 -0.61622 -13.74714 -5.10859 -0.00000 0.00000 -0.00000 17.22726 -25.07176 -15.17794 14.91741 53.30718 -29.23753 -2.14136 -13.54743 -8.67598 0.00276 -0.93237 0.33939 1.59358 -6.34887 6.81838 -2.23046 -1.04301 9.00449 -2.33369 2.96619 4.49228 6.42819 -5.93761 6.66400 -15.04907 12.17899 10.02072 -4.71622 5.61795 4.15746 0.00000 0.00000 -0.00000 -67.98330 32.78822 11.41725 33.18834 -24.19988 -71.46187 -0.00000 -59.29320 -0.00000 11.77323 10.06264 39.97366 -7.12502 -0.00000 0.00000 -9.69648 -4.63814 70.32538 0.00000 0.00000 -0.00000 95.43807 51.72752 -0.53603 -34.37738 -28.10460 77.95589 0.00000 4.10279 -0.00000 -50.27127 5.68535 -4.70652 7.12502 -0.00000 -0.00000 -22.81979 -3.50942 -36.72277
0.40207 0.95864 0.27491 5.98740 -9.96581 233.52111 -0.00000 0.00000 -0.00000 -25.87532 -23.84474 -3.94767 -3.09086 29.29912 11.78520 -0.77289 -23.14113 -6.19679 -1.27222 -19.48562 -7.39944 -0.00000 0.00000 -0.00000 12.68495 -33.28017 -12.84771 31.74596 64.18016 -48.78511 -2.19023 -13.20949 -9.42609 0.10763 5.80773 -2.12160 0.43426 -5.19278 6.05577 -1.85758 -0.35040 8.08046 -1.46910 2.79470 4.03192 5.90027 -6.32587 5.60772 -14.33252 11.53250 8.48680 -4.57291 5.29268 3.46005 0.00000 0.00000 -0.00000 -84.01251 45.30806 24.60576 34.53845 -28.80282 -79.11317 -0.00000 -59.76940 -0.00000 6.99687 5.60831 38.52976 -7.12502 -0.00000 0.00000 -15.68878 -6.59522 67.24038 0.00000 0.00000 -0.00000 96.34192 52.30339 -5.08592 -34.36031 -28.03435 77.83948 0.00000 -0.71380 0.00000 -51.36434 3.05287 -2.43756 7.12502 -0.00000 -0.00000 -23.44870 -5.07017 -33.48369
0.40694 0.96719 0.25710 6.31771 -8.22795 240.90900 -0.00000 0.00000 -0.00000 -26.17658 -18.12342 -11.10033 -2.42886 26.30737 10.36647 -0.90517 -21.84777 -6.43822 -0.74912 -15.11511 -5.64184 -0.00000 0.00000 -0.00000 12.07977 -34.76753 -3.58328 24.40837 60.74073 -40.51666 -3.44631 -18.57813 -9.34110 0.50389 12.46065 -4.61317 -0.05228 -3.44810 4.92585 -1.28072 -0.35625 6.58166 -0.93211 1.67550 3.28535 1.66839 -10.82408 5.26188 -7.93829 16.60539 8.11067 -1.60105 7.17143 3.21289 0.00000 0.00000 -0.00000 -97.04692 59.66350 26.85439 35.12161 -32.44313 -85.18620 -0.00000 -61.49260 -0.00000 6.69249 5.12082 37.25889 -7.12502 -0.00000 0.00000 -16.32310 -6.41067 65.86966 0.00000 0.00000 -0.00000 102.14021 49.92336 -14.98107 -34.26484 -27.65283 77.20727 0.00000 1.83999 -0.00000 -49.41222 0.32260 -0.27638 7.12502 -0.00000 -0.00000 -21.26815 -5.86414 -30.29258
0.40372 0.97341 0.23144 7.73771 -6.72479 247.15349 -0.00000 0.00000 -0.00000 -23.26998 -14.03681 -10.91723 -1.26225 19.41312 7.36951 -2.27083 -17.98479 -10.53387 -0.61269 -13.70876 -5.09373 -0.00000 0.00000 -0.00000 12.23332 -28.60997 8.17427 8.63982 44.47308 -20.93671 -6.01681 -24.12216 -12.60269 0.25800 8.96295 -3.29093 1.06394 -5.62861 3.97545 -1.41375 -0.35099 5.25936 -1.56743 2.98438 2.63418 3.69691 -5.62259 3.08176 -11.10375 9.65570 4.77826 -3.60320 4.13767 1.86113 -0.00000 0.00000 0.00000 -86.19014 71.42986 3.88601 35.26204 -34.90729 -89.38282 -0.00000 -58.79620 -0.00000 8.63890 6.79718 37.91890 -7.12502 -0.00000 0.00000 -13.90877 -5.78836 67.15936 -0.00000 0.00000 0.00000 106.22359 45.51247 -22.07275 -34.23087 -27.52138 76.98943 0.00000 -0.53357 0.00000 -45.34181 1.67519 -1.65462 7.12502 -0.00000 -0.00000 -17.66827 -4.15828 -32.17545
0.37371 0.97007 0.19163 15.50892 3.39310 240.36287 -0.00000 0.00000 -0.00000 -7.14909 -6.41156 -5.73926 -0.17952 7.48910 2.74249 -0.26115 -17.26976 -3.99485 -0.77601 -15.37534 -5.74410 -0.00000 0.00000 -0.00000 27.65254 -18.93987 23.42550 2.39726 26.15187 -10.29498 -0.46520 -15.80845 0.95673 0.50919 12.52462 -4.63768 16.62746 -15.84489 8.82445 0.99191 -0.09258 8.31256 -5.48216 10.78074 4.62990 3.16993 -4.86952 2.86021 -9.19409 9.00720 4.32201 -2.98772 3.73322 1.76653 -0.00000 0.00000 0.00000 -57.61841 72.51423 -34.54811 35.25615 -35.92873 -91.15557 -0.00000 -56.53420 -0.00000 14.89710 11.63261 37.16051 -7.12502 -0.00000 0.00000 -6.86354 -2.97937 68.35529 -0.00000 0.00000 0.00000 109.30368 42.11442 -28.60313 -34.40656 -28.22621 78.15742 0.00000 -0.63531 0.00000 -44.64933 1.57011 -1.58884 7.12502 -0.00000 -0.00000 -17.01072 -4.02716 -32.07139
0.36615 0.97574 0.14967 -5.23774 -10.24215 303.55365 -0.00000 0.00000 -0.00000 -29.67505 3.19822 -36.72088 -3.23032 29.87329 12.06765 -5.21086 1.07878 -41.72544 -1.53531 21.29138 8.15451 -0.00000 0.00000 -0.00000 7.79793 10.60300 -20.06517 0.34200 10.30087 -3.79290 -12.91542 -27.71003 -27.06178 0.61018 13.68134 -5.08312 -10.98356 3.37908 -14.03650 -1.17671 6.09563 -18.95140 2.95682 7.48911 -10.01325 3.31450 -4.62921 3.37319 -7.85825 8.07336 4.84914 -2.86696 3.78001 2.14737 -0.00000 0.00000 0.00000 -46.16661 68.07490 -51.36508 35.25091 -36.11319 -91.47821 -0.00000 -59.47860 -0.00000 18.88138 15.03715 37.18329 -7.12502 -0.00000 0.00000 -2.28203 -1.04744 69.64214 -0.00000 0.00000 0.00000 109.97065 41.91634 -32.22657 -34.45948 -28.45201 78.53162 0.00000 1.03011 -0.00000 -45.02265 2.34084 -2.33705 7.12502 -0.00000 -0.00000 -17.45474 -3.80194 -33.09185
0.37131 0.97287 0.10714 -29.55912 -25.31690 303.60941 -0.00000 0.00000 -0.00000 -33.42792 31.94073 -32.42934 -5.69450 37.92261 16.47362 -7.15253 -5.85909 -34.92542 -1.55338 21.40849 8.20415 -0.00000 0.00000 -0.00000 22.37524 44.36787 -39.86687 0.02241 -2.65468 0.96696 -12.97203 -26.90403 -28.55454 0.51698 12.61800 -4.67347 -13.53003 36.78989 -11.19073 -1.56845 10.83692 -20.61805 9.38282 -0.67181 -11.10267 3.76249 -3.63006 4.03248 -7.26587 7.57790 5.65151 -2.70764 3.45264 2.61391 -0.00000 0.00000 0.00000 -48.85251 66.93694 -49.87448 35.23295 -33.95112 -87.74252 -0.00000 -65.22380 -0.00000 17.96955 16.33436 40.92995 -7.12502 -0.00000 0.00000 -2.09170 -1.13511 73.47528 -0.00000 0.00000 0.00000 108.22033 41.67629 -33.32089 -34.41073 -28.24378 78.18653 0.00000 1.46914 -0.00000 -44.61395 2.31933 -2.34884 7.12502 -0.00000 -0.00000 -17.07067 -3.71226 -33.09393
0.37122 0.96960 0.08003 -24.55662 -19.17234 305.65278 -0.00000 0.00000 -0.00000 -33.75488 19.66481 -38.28463 -15.69741 54.11585 30.20518 -4.82393 -15.23395 -19.09226 -0.00665 1.44681 0.52672 -0.00000 0.00000 -0.00000 22.03845 33.26716 -36.84204 0.00564 1.33230 -0.48501 -13.41153 -29.12262 -26.11857 0.42560 11.47073 -4.23555 -12.51427 29.43519 -13.06039 -0.76715 9.65137 -21.40119 9.33776 0.88620 -11.50089 4.78556 -2.99607 4.82546 -6.71993 6.84235 6.61041 -2.67409 3.15473 3.16735 -0.00000 0.00000 -0.00000 -59.75034 68.22584 -37.35654 34.67557 -29.45912 -80.20197 -0.00000 -72.14720 -0.00000 19.51474 17.50547 40.32226 -7.12502 -0.00000 0.00000 -0.49259 -0.26561 73.33386 -0.00000 0.00000 -0.00000 104.42312 42.25584 -29.87881 -34.21070 -27.44433 76.86174 0.00000 1.13669 -0.00000 -43.78940 3.03738 -3.16382 7.12502 -0.00000 -0.00000 -16.39229 -3.23153 -34.15207
0.36803 0.96438 0.05954 -8.35044 -3.09733 309.99945 -0.00000 0.00000 -0.00000 -34.32630 -7.65262 -52.41460 -34.80739 65.25901 52.17047 -4.28408 -13.60306 -18.41843 -0.00459 -1.20154 -0.43739 -0.00000 0.00000 -0.00000 19.44910 2.10053 -32.43480 0.38330 10.89553 -4.01745 -11.24094 -28.23493 -22.08791 0.06418 4.48904 -1.63745 -9.80677 5.60530 -17.56108 1.79958 5.08042 -23.98089 5.81564 7.01587 -12.57276 5.32376 -3.28743 5.67433 -6.94021 5.96370 7.69884 -2.79356 3.01374 3.72442 0.00000 0.00000 -0.00000 -72.50207 63.63657 -22.06177 32.86201 -23.34502 -70.02493 -0.00000 -77.03960 -0.00000 19.85734 20.12345 43.61020 -7.12502 -0.00000 0.00000 1.15590 0.72625 77.13667 0.00000 0.00000 -0.00000 101.37988 42.37527 -23.32391 -34.11804 -27.09928 76.28975 0.00000 1.24887 -0.00000 -43.53287 3.28040 -3.44680 7.12502 -0.00000 -0.00000 -16.18408 -3.07865 -34.51592
0.36465 0.95632 0.03954 -43.08227 -29.84129 303.32143 -0.00000 0.00000 -0.00000 -44.98531 30.16269 -26.21063 -30.26362 63.59181 47.13429 -1.61527 -13.92228 -9.08430 -0.00151 0.68977 0.25107 -0.00000 0.00000 -0.00000 27.07900 47.25545 -61.81953 0.21043 8.10281 -2.97033 -8.40298 -27.80592 -15.43180 0.03008 -3.07534 1.12048 -17.14866 53.09784 -8.94500 1.42881 10.95775 -22.71348 13.71028 -0.99359 -12.73385 5.94976 -3.51131 6.10050 -7.15076 4.61491 8.19102 -2.98455 2.68103 3.99046 -0.00000 0.00000 0.00000 -75.03115 52.30351 -15.56033 31.43063 -20.16575 -64.58265 -0.00000 -75.79020 -0.00000 19.96065 20.76154 44.30440 -7.12502 -0.00000 0.00000 1.56077 1.01215 77.95521 -0.00000 0.00000 0.00000 101.69851 43.21815 -18.87959 -34.24689 -27.58312 77.09175 0.00000 1.28981 -0.00000 -43.71113 3.28798 -3.43333 7.12502 -0.00000 -0.00000 -16.35188 -3.11512 -34.50697
0.35703 0.95243 0.02495 98.37735 45.42067 256.85757 -0.00000 0.00000 -0.00000 -126.96079 -52.55573 -184.06812 -15.24792 53.65563 29.64879 -0.00796 -11.02123 -1.99342 -0.05354 4.10083 1.49530 -0.00000 0.00000 -0.00000 171.57304 -57.32195 93.25782 2.66990 27.45258 -10.89958 7.41028 -16.87956 24.87998 0.19445 7.79180 -2.85478 -162.17104 -69.28870 -180.55704 5.89976 1.99878 -31.36455 -7.02702 16.18598 -12.98714 5.97573 -4.04676 5.83122 -6.60583 4.14470 7.76043 -2.82305 2.56503 3.78820 -0.00000 0.00000 0.00000 -71.14374 41.20285 -15.66698 31.00272 -19.34500 -63.14373 -0.00000 -75.86520 -0.00000 18.51599 18.61617 43.62694 -7.12502 -0.00000 0.00000 -0.44603 -0.27511 76.66593 -0.00000 0.00000 0.00000 103.19967 45.60532 -17.54988 -34.44472 -28.38832 78.42606 0.00000 -0.25334 0.00000 -43.25818 3.87070 -4.10334 7.12502 -0.00000 -0.00000 -16.00559 -2.78959 -35.37067
0.34253 0.95123 0.01909 85.81152 47.83815 263.47742 -0.00000 0.00000 -0.00000 -123.34560 -55.81204 -172.50496 -8.06628 43.36949 20.10994 -0.07546 -0.72521 -3.60895 -1.61093 21.77607 8.36053 -0.00000 0.00000 -0.00000 156.18824 -63.19699 83.83313 3.02699 29.03027 -11.65414 3.86447 -23.87826 13.82906 0.07311 -4.79015 1.74782 -156.75727 -79.82196 -175.70086 6.70114 0.04646 -29.76241 -6.25947 16.04305 -12.23859 5.45317 -4.38672 4.84500 -6.11318 3.94639 6.42357 -2.62813 2.43191 3.12338 -0.00000 0.00000 0.00000 -68.67556 30.57565 -20.52372 30.11679 -17.78205 -60.35203 -0.00000 -72.72750 -0.00000 15.39297 15.28653 43.75982 -7.12502 -0.00000 0.00000 -4.15389 -2.46889 75.67345 -0.00000 0.00000 0.00000 105.38155 48.19438 -19.70109 -34.54793 -28.84613 79.18498 0.00000 -0.56374 0.00000 -42.67767 3.65635 -3.95645 7.12502 -0.00000 -0.00000 -15.43249 -2.74923 -35.14327
0.31709 0.94894 0.02716 56.72880 44.04630 283.19759 -0.00000 0.00000 -0.00000 -98.46837 -62.68021 -136.69888 -6.92639 40.95111 18.41211 0.74791 7.69262 -5.62468 -1.51953 21.18850 8.11097 -0.00000 0.00000 -0.00000 101.22977 -73.45222 37.70990 3.72895 31.79608 -13.04032 -2.03014 -28.44508 0.51671 0.30136 -9.67792 3.55865 -17.48656 -77.92171 -33.87659 7.43359 -2.44815 -26.77849 -5.64653 17.30949 -10.82003 5.03100 -4.86603 3.66121 -5.77264 5.11952 4.86878 -2.49459 2.79321 2.33839 -0.00000 0.00000 0.00000 -67.74627 21.53443 -31.56087 26.67334 -12.91246 -51.03436 -0.00000 -70.38320 -0.00000 11.28923 10.18573 41.53654 -7.12502 -0.00000 0.00000 -9.81421 -5.01433 71.80622 -0.00000 0.00000 0.00000 108.20138 49.13446 -23.39055 -34.55767 -28.89093 79.25926 0.00000 -1.04922 0.00000 -41.96531 3.07405 -3.41256 7.12502 -0.00000 -0.00000 -14.68884 -2.81331 -34.39488
0.29324 0.94410 0.03864 52.61145 43.64562 286.18777 -0.00000 0.00000 -0.00000 -89.68805 -64.48378 -127.69867 -6.52304 40.01255 17.79084 0.10131 2.46896 -10.79396 -0.02335 -2.71027 -0.98724 -0.00000 0.00000 -0.00000 90.97428 -76.85548 26.15765 6.12646 39.04113 -17.16774 -2.81439 -27.35244 -1.76448 0.70439 -14.67057 5.46778 -14.05010 -77.17235 -30.08525 6.67892 -2.60978 -25.48372 -5.95904 16.96579 -10.35736 4.05459 -4.62857 2.86618 -5.13408 7.27807 3.89670 -2.14565 3.37812 1.83788 0.00000 0.00000 -0.00000 -69.86972 17.08479 -40.44568 22.95473 -9.02771 -42.49348 -0.00000 -61.21510 -0.00000 9.02042 8.03310 41.35701 -7.12502 -0.00000 0.00000 -12.58056 -6.19787 70.81615 0.00000 0.00000 -0.00000 111.09323 49.79714 -27.46480 -34.48847 -28.57877 78.74173 0.00000 -1.86344 0.00000 -43.61943 2.18681 -2.29304 7.12502 -0.00000 -0.00000 -16.12573 -3.52733 -32.98674
0.27974 0.94216 0.05445 43.00345 36.66098 292.26287 -0.00000 0.00000 -0.00000 -79.32915 -63.42360 -102.57799 -6.17172 39.15459 17.23952 0.04305 3.31752 -17.86832 -0.00028 0.29657 0.10794 -0.00000 0.00000 -0.00000 35.15171 -80.17981 -23.24716 14.11193 52.42014 -28.22718 -1.97137 -17.65547 -4.20320 0.00875 -1.65923 0.60409 -5.67695 -68.61280 -20.54860 5.14190 -3.45549 -22.61328 -6.48361 16.21429 -9.45636 3.49851 -4.49776 2.80296 -5.24633 8.39563 3.88940 -2.07628 3.72702 1.79818 -0.00000 0.00000 0.00000 -71.90320 16.94695 -44.39347 21.45320 -7.74082 -39.30751 -0.00000 -57.79740 -0.00000 10.49560 9.47534 41.62453 -7.12502 -0.00000 0.00000 -10.73755 -5.45334 71.61812 -0.00000 0.00000 0.00000 113.27730 50.33382 -29.36534 -34.37589 -28.09844 77.94568 0.00000 -2.00369 0.00000 -45.12698 1.16146 -1.15609 7.12502 -0.00000 -0.00000 -17.40558 -4.31804 -31.49467
0.26694 0.95182 0.07425 20.37118 7.89943 306.60841 -0.00000 0.00000 -0.00000 -56.16270 -40.98246 -49.68953 -5.08337 36.21826 15.45992 0.73782 6.08996 -24.58051 -0.08100 5.04107 1.83987 -0.00000 0.00000 -0.00000 -23.58058 -49.74474 -59.29522 27.98232 62.58957 -44.57618 -3.47641 -13.69547 -17.28932 1.24642 19.29727 -7.32175 -16.66621 -34.88831 -20.05986 0.89676 -2.64899 -19.63174 -2.13219 16.16442 -9.25559 3.42804 -4.80176 2.77702 -5.55031 7.89394 3.86749 -2.16777 3.61795 1.77595 -0.00000 0.00000 0.00000 -75.15738 18.14789 -45.83631 21.27802 -7.59960 -38.94326 -0.00000 -56.10910 -0.00000 12.09267 11.22130 42.24855 -7.12502 -0.00000 0.00000 -8.63450 -4.60120 72.84646 -0.00000 0.00000 0.00000 114.44498 49.95023 -29.80167 -34.46341 -28.46906 78.55988 0.00000 -1.44296 0.00000 -46.74534 1.30893 -1.23123 7.12502 -0.00000 -0.00000 -18.92707 -4.67791 -31.62167
0.24283 0.95100 0.08345 -13.97416 -18.98396 276.58893 -0.00000 0.00000 -0.00000 -42.72460 -6.98423 -1.31942 -1.26389 19.42505 7.37443 -0.18579 0.19297 -8.65367 -0.31343 -9.86727 -3.62975 -0.00000 0.00000 -0.00000 -19.81289 -15.28962 -21.08097 29.62220 63.32242 -46.41730 0.40213 -5.59824 4.90570 0.34619 10.36294 -3.81630 -16.17077 -4.02298 -3.83947 -4.98692 7.51706 -3.65638 2.81976 11.27094 -2.97934 2.92191 -5.57465 2.69381 -5.18443 7.62542 3.75111 -1.95300 3.64220 1.71345 0.00000 0.00000 0.00000 -78.22517 20.55171 -45.04747 22.40145 -8.53710 -41.30549 -0.00000 -57.45740 -0.00000 13.78018 13.28059 43.12648 -7.12502 -0.00000 0.00000 -6.31974 -3.57731 74.39645 0.00000 0.00000 0.00000 113.82249 50.40016 -29.06052 -34.46534 -28.47744 78.57377 0.00000 -0.78306 0.00000 -46.62270 1.42754 -1.34849 7.12502 -0.00000 -0.00000 -18.82817 -4.59370 -31.78184
0.24024 0.93002 0.08205 -5.85888 5.64687 273.46371 -0.00000 0.00000 -0.00000 -14.55471 -18.66464 -2.85245 -1.16167 18.66210 7.06116 0.06936 1.82458 -6.96237 -0.44086 -11.67080 -4.31163 -0.00000 0.00000 -0.00000 16.65083 -23.52247 -8.96613 22.00616 59.26420 -37.74326 0.12341 -6.98906 2.28624 0.92026 16.69322 -6.26628 10.42520 -14.56856 -1.07249 0.93256 5.13990 -3.71295 -6.10975 13.44998 -0.87704 2.63286 -5.04992 2.14551 -4.38845 7.83232 2.98597 -1.69408 3.55328 1.36284 0.00000 0.00000 -0.00000 -77.94074 25.57639 -41.64208 25.12726 -11.16107 -47.34789 -0.00000 -60.31880 -0.00000 14.68063 14.83763 44.34717 -7.12502 -0.00000 0.00000 -4.80387 -2.90058 76.05331 0.00000 0.00000 -0.00000 113.54288 50.85482 -28.92494 -34.40479 -28.21877 78.14509 0.00000 -1.44307 0.00000 -46.47353 1.29844 -1.23301 7.12502 -0.00000 -0.00000 -18.67335 -4.61102 -31.61981
0.27687 0.90902 0.05798 16.21579 52.25554 301.46583 -0.00000 0.00000 -0.00000 -26.49619 -74.61556 -62.38863 -4.86320 35.56503 15.08438 4.64877 15.20814 -21.36181 -0.27939 9.32274 3.42550 -0.00000 0.00000 -0.00000 75.00539 -60.96019 0.51391 9.28788 45.64157 -21.85223 -2.55147 -20.16670 -4.72768 0.00428 -1.16109 0.42266 43.82220 -54.71849 8.10155 6.64437 -0.77935 -21.34777 -12.42936 11.96950 -8.35375 1.93474 -5.31976 1.45508 -3.45257 8.64054 2.05028 -1.32382 3.82452 0.90644 -0.00000 0.00000 0.00000 -76.97774 30.82523 -36.80308 29.43567 -16.68430 -58.34347 -0.00000 -62.74340 -0.00000 17.78508 19.74600 46.48492 -7.12502 -0.00000 0.00000 -0.18321 -0.12631 79.58380 -0.00000 0.00000 0.00000 112.61128 51.04527 -28.26147 -34.35449 -28.01055 77.80004 0.00000 -1.42440 0.00000 -46.34890 2.95026 -2.81102 7.12502 -0.00000 -0.00000 -18.77171 -3.86233 -33.78996
0.29345 0.92115 0.05505 -17.53304 9.31567 320.53972 -0.00000 0.00000 -0.00000 -17.80748 -25.07086 -29.99370 -3.83679 32.18782 13.24387 9.21124 21.74131 -27.02974 -0.00474 1.22178 0.44476 -0.00000 0.00000 -0.00000 34.75473 -11.77631 -43.06230 2.05874 24.39757 -9.50221 -11.00632 -30.09209 -19.27561 0.56098 13.13173 -4.87091 15.36041 -3.64920 -15.08130 5.21625 4.49653 -21.55575 -4.69810 2.95198 -10.28670 1.17326 -5.97948 0.32552 -2.64605 8.64758 0.53181 -1.04044 3.90083 0.16503 0.00000 0.00000 -0.00000 -73.01214 35.28993 -32.08369 32.86088 -23.34215 -70.02010 -0.00000 -59.96150 -0.00000 18.73134 20.52066 45.95153 -7.12502 -0.00000 0.00000 0.75238 0.51417 79.34662 0.00000 0.00000 -0.00000 110.70216 50.34354 -26.44179 -34.32179 -27.87816 77.58067 0.00000 -0.50098 0.00000 -45.93226 1.90181 -1.83994 7.12502 -0.00000 -0.00000 -18.24635 -4.21127 -32.44268
0.31109 0.93885 0.05469 -23.08612 -15.42801 311.08069 -0.00000 0.00000 -0.00000 -32.40734 4.98130 -25.83903 -6.33197 39.55083 17.49224 -0.09182 3.71451 -22.15843 -0.23888 -8.62785 -3.16584 -0.00000 0.00000 -0.00000 20.85315 19.81621 -46.64891 0.74095 15.03497 -5.61041 -9.74651 -28.74314 -17.78386 1.01535 17.50001 -6.58975 2.93944 21.49912 -12.85945 -0.23255 8.92549 -16.73054 1.42218 -2.03609 -8.44188 0.78998 -5.97241 -0.83697 -1.53124 8.81662 -1.09331 -0.73681 3.92638 -0.59969 -0.00000 0.00000 0.00000 -67.86219 36.90726 -30.46266 34.63282 -29.24722 -79.85027 -0.00000 -56.36840 -0.00000 19.55057 18.87437 42.33238 -7.12502 -0.00000 0.00000 0.29123 0.17218 75.59256 -0.00000 0.00000 0.00000 106.67577 50.64787 -24.15632 -34.38459 -28.13448 78.00541 0.00000 -0.42152 0.00000 -45.52353 2.25292 -2.21046 7.12502 -0.00000 -0.00000 -17.91045 -3.96058 -32.93666
0.30577 0.97369 0.05364 -4.14720 -9.56765 265.68599 -0.00000 0.00000 -0.00000 -31.73385 -16.63632 -3.25951 -7.24295 41.65564 18.89171 -0.35122 -8.87433 -3.88821 -0.58629 -13.41755 -4.98114 -0.00000 0.00000 -0.00000 4.19013 -4.31673 -13.76190 1.85921 23.27758 -9.00853 0.80134 -20.55454 6.04578 0.16446 7.17033 -2.62441 -7.36721 -6.08030 3.99451 -2.41879 3.74826 6.11588 2.59106 6.80427 2.66910 -0.02422 -6.61148 -1.80416 -0.73954 10.17576 -2.39872 -0.47161 4.54111 -1.24215 -0.00000 0.00000 0.00000 -64.53914 34.55378 -32.54404 35.21747 -33.65740 -87.24191 -0.00000 -52.60120 -0.00000 21.33009 17.61831 37.77987 -7.12502 -0.00000 0.00000 0.72505 0.35520 71.09875 -0.00000 0.00000 0.00000 100.27041 50.34418 -20.46245 -34.29559 -27.77370 77.40757 0.00000 -0.08016 0.00000 -44.99710 1.77230 -1.77163 7.12502 -0.00000 -0.00000 -17.35944 -4.03116 -32.32604
0.31208 0.97581 0.05838 -2.66331 -4.61637 270.71176 -0.00000 0.00000 -0.00000 -28.27384 -12.60877 -8.92944 -12.30908 50.21531 25.91823 -0.72826 -10.20085 -5.90163 -0.12902 -6.35578 -2.32349 -0.00000 0.00000 -0.00000 12.02889 -1.54613 -14.19963 0.92389 16.72488 -6.27892 -1.01625 -19.99788 0.33170 0.23525 8.56281 -3.14159 -3.26851 -6.29414 2.68419 -0.33444 2.99711 3.89528 2.11044 6.44430 1.77249 -0.89606 -7.25666 -2.08611 1.72060 13.25644 -3.05188 0.35367 5.20994 -1.46464 -0.00000 0.00000 -0.00000 -60.07816 29.30800 -37.52454 35.25939 -35.78226 -90.89992 -0.00000 -42.68220 -0.00000 22.58143 17.21231 35.43321 -7.12502 -0.00000 0.00000 1.37123 0.60668 68.86174 -0.00000 0.00000 -0.00000 97.73359 47.80814 -18.08773 -34.16537 -27.27377 76.57902 0.00000 1.88364 -0.00000 -44.05661 1.76818 -1.82648 7.12502 -0.00000 -0.00000 -16.48242 -3.79934 -32.37688
0.31463 0.97719 0.06543 -1.71839 -2.48340 273.39527 -0.00000 0.00000 -0.00000 -26.10381 -4.81651 -9.74346 -8.56588 44.33462 20.83104 -0.30249 -13.10910 -3.71557 -0.02647 -2.88498 -1.05099 -0.00000 0.00000 -0.00000 14.42640 -1.19011 -15.69669 0.63525 13.95219 -5.18808 -1.32173 -19.29066 -0.95804 0.25909 8.98165 -3.29792 -1.77929 -6.98508 1.92933 0.89099 2.26833 2.69044 2.36571 6.15046 1.23223 -1.27626 -6.71612 -2.60224 2.38326 14.08956 -3.85312 0.53005 5.40110 -1.84135 0.00000 0.00000 0.00000 -54.46174 22.42888 -43.55728 35.26125 -34.85179 -89.28714 -0.00000 -24.80670 -0.00000 23.62137 19.23075 36.98486 -7.12502 -0.00000 0.00000 3.07562 1.49868 70.95476 0.00000 0.00000 0.00000 97.21831 45.72499 -17.21347 -34.12877 -27.13853 76.35483 0.00000 1.98962 -0.00000 -44.06274 1.52489 -1.57503 7.12502 -0.00000 -0.00000 -16.45888 -3.89826 -32.04071
0.32239 0.97456 0.07595 0.38425 -1.39933 272.55856 -0.00000 0.00000 -0.00000 -23.67525 0.57874 -3.71498 -3.04653 29.11291 11.69434 0.98380 -23.47807 -1.53642 -1.32613 -19.87227 -7.55953 -0.00000 0.00000 -0.00000 15.36638 -6.64619 -10.67178 1.41759 20.50784 -7.82453 -2.02958 -21.33154 -2.35705 0.11260 5.93972 -2.17018 -0.44589 -7.98940 1.95700 1.80226 1.35657 2.54115 2.55219 5.78578 1.19734 -0.75036 -5.85443 -3.06745 0.91075 13.55008 -4.33389 -0.03169 5.04907 -2.15576 -0.00000 0.00000 -0.00000 -49.60343 13.87970 -48.39484 35.13477 -32.57817 -85.41382 -0.00000 -19.71710 -0.00000 19.44360 21.01720 45.45383 -7.12502 -0.00000 0.00000 1.41148 0.95427 79.05524 -0.00000 0.00000 -0.00000 97.04420 44.87700 -17.00319 -34.12946 -27.14106 76.35902 0.00000 2.19385 -0.00000 -43.35923 1.37904 -1.45992 7.12502 -0.00000 -0.00000 -15.78615 -3.77999 -31.87374
0.33975 0.96847 0.08797 4.04310 -1.59981 273.44396 -0.00000 0.00000 -0.00000 -23.97696 -1.45928 -1.31540 -1.59744 21.69063 8.32410 2.26102 -26.85713 0.61370 -1.30381 -19.71334 -7.49362 -0.00000 0.00000 -0.00000 13.65958 -18.66844 -5.14493 4.50069 34.43858 -14.45241 -1.92655 -20.97814 -2.20081 0.03885 3.49438 -1.27354 0.27157 -8.67575 0.97819 2.00356 0.05262 1.14802 2.11645 4.88566 0.53712 -0.70740 -6.09171 -2.64300 0.20950 13.72773 -3.67201 -0.19387 5.12964 -1.87485 -0.00000 0.00000 -0.00000 -46.52316 5.03714 -51.78385 34.26370 -27.64839 -77.19992 -0.00000 -16.61200 -0.00000 19.49150 22.92413 47.73840 -7.12502 -0.00000 0.00000 2.46407 1.83447 81.64554 -0.00000 0.00000 -0.00000 97.62785 45.33723 -16.82927 -33.96316 -26.55166 75.38137 0.00000 3.20741 -0.00000 -43.01980 0.42604 -0.45655 7.12502 -0.00000 -0.00000 -15.36356 -4.06255 -30.54159
0.36441 0.96517 0.09762 5.83797 -2.41877 271.98810 -0.00000 0.00000 -0.00000 -24.41722 -6.45531 0.23024 -1.74262 22.58864 8.70932 1.65121 -26.60359 -0.79281 -0.91870 -16.67967 -6.26088 -0.00000 0.00000 -0.00000 11.29676 -31.29020 -0.35488 11.06220 48.48085 -24.27499 -0.47766 -10.26886 -1.17558 0.00049 -0.39105 0.14233 0.23328 -6.14156 0.68493 2.47410 -0.72711 0.78818 2.49904 2.66157 0.36798 -0.87529 -6.04272 -2.21817 -0.51272 13.64719 -2.98194 -0.31362 5.08963 -1.59402 0.00000 0.00000 0.00000 -47.49954 -2.93673 -56.06787 32.06544 -21.48110 -66.85662 -0.00000 -14.85600 -0.00000 19.50311 23.97708 48.92566 -7.12502 -0.00000 0.00000 3.02405 2.36454 82.98858 0.00000 0.00000 0.00000 98.37526 45.29545 -18.01192 -33.80383 -26.02070 74.49956 0.00000 1.19700 -0.00000 -41.77306 0.23597 -0.26417 7.12502 -0.00000 -0.00000 -14.18557 -3.80541 -30.28837
0.38541 0.96490 0.10378 6.82313 -1.94912 269.65506 -0.00000 0.00000 -0.00000 -22.50495 -12.66432 3.30278 -2.48158 26.56392 10.48488 1.23036 -27.35796 -2.04017 -0.79413 -15.54792 -5.81207 -0.00000 0.00000 -0.00000 10.80461 -42.06721 2.56280 18.83645 56.94798 -34.01104 -0.00144 0.31713 0.28237 0.47346 12.08633 -4.47003 1.36009 -4.37988 0.43327 3.10962 -0.58445 0.40094 2.46634 1.84269 0.17910 0.11010 -6.84328 -1.38311 -1.68665 13.69177 -1.78956 -0.72494 5.22286 -1.03661 0.00000 0.00000 0.00000 -49.33402 -11.57187 -61.36233 29.12665 -16.21176 -57.46482 -0.00000 -20.51530 -0.00000 15.70472 21.18508 52.11498 -7.12502 -0.00000 0.00000 -0.30366 -0.25524 85.04832 0.00000 0.00000 0.00000 98.85775 45.63374 -18.67335 -33.56176 -25.26603 73.24360 0.00000 -2.90879 0.00000 -40.93706 2.22863 -2.56707 7.12502 -0.00000 -0.00000 -13.62215 -2.88720 -33.25812
0.39860 0.96377 0.10558 6.58140 -2.60182 267.63993 -0.00000 0.00000 -0.00000 -24.37564 -12.40819 -0.08298 -2.52178 26.75719 10.57447 3.37196 -27.83545 2.89608 -0.28813 -9.46567 -3.47905 -0.00000 0.00000 -0.00000 10.13398 -46.41131 4.20101 21.62726 59.01110 -37.30186 -0.29615 -3.53062 -8.38398 1.91394 23.59186 -9.14614 -0.29309 -2.12295 -0.40728 3.98405 -0.45830 -0.63018 4.25041 0.76865 -0.34463 0.73900 -7.09931 -0.24717 -3.12577 13.32227 -0.12867 -1.09491 5.16897 -0.28669 0.00000 0.00000 -0.00000 -46.94503 -18.69986 -64.51575 25.77944 -11.87360 -48.87554 -0.00000 -24.45450 -0.00000 14.17702 18.65828 51.70529 -7.12502 -0.00000 0.00000 -2.46693 -1.99640 83.95901 0.00000 0.00000 -0.00000 98.55578 45.94843 -20.25681 -33.35421 -24.66050 72.23289 0.00000 -4.28152 0.00000 -39.44374 2.59669 -3.15208 7.12502 -0.00000 -0.00000 -12.26513 -2.43306 -33.95066
0.39694 0.96602 0.10408 6.74143 -2.02348 263.80181 -0.00000 0.00000 -0.00000 -23.03230 -12.98245 1.90422 -2.54022 26.84522 10.61538 4.49183 -28.79085 5.07297 -0.15977 -7.06798 -2.58654 -0.00000 0.00000 -0.00000 13.40268 -43.01314 9.97827 14.55286 52.91256 -28.78173 0.84323 2.87051 -11.30981 3.67227 31.58694 -12.93242 0.20133 -2.25992 -0.47337 4.42236 -0.72503 -0.74948 4.42567 0.58023 -0.40929 1.63433 -7.10449 0.87586 -4.23235 14.20814 1.43210 -1.41799 5.48712 0.42403 -0.00000 0.00000 0.00000 -44.21227 -23.28049 -68.12266 22.48967 -8.61401 -41.49377 -0.00000 -27.84500 -0.00000 12.06990 16.06229 52.30160 -7.12502 -0.00000 0.00000 -4.94529 -3.97842 83.72413 -0.00000 0.00000 0.00000 100.70289 43.94081 -23.82141 -33.34799 -24.64289 72.20344 0.00000 -4.72230 0.00000 -40.01825 3.18140 -3.78154 7.12502 -0.00000 -0.00000 -12.87522 -2.36267 -34.77632
0.39155 0.96815 0.10259 6.65088 -1.15044 259.36131 -0.00000 0.00000 -0.00000 -21.91092 -12.24231 2.46872 -2.51857 26.74186 10.56735 6.26363 -29.91789 8.49817 -0.01950 -2.47685 -0.90210 -0.00000 0.00000 -0.00000 16.43180 -36.52119 12.99090 10.01785 46.86878 -22.86260 0.13203 0.44896 -5.74157 0.72823 14.90937 -5.56119 1.46086 -2.18682 -0.73754 4.84156 -0.97049 -1.15164 4.14504 0.30193 -0.62228 2.44476 -6.79827 2.59462 -5.63417 14.72148 3.86647 -1.71246 5.69625 1.53801 -0.00000 0.00000 0.00000 -44.42760 -27.41565 -73.10788 19.13751 -6.01101 -34.59901 -0.00000 -27.62080 -0.00000 10.60541 14.54911 53.30049 -7.12502 -0.00000 0.00000 -6.44964 -5.28550 84.17599 -0.00000 0.00000 0.00000 100.57653 44.02258 -24.99983 -33.31368 -24.54614 72.04166 0.00000 -5.01120 0.00000 -40.43135 3.89588 -4.55941 7.12502 -0.00000 -0.00000 -13.35550 -2.20543 -35.79294
0.38679 0.97089 0.10165 7.42207 0.24340 253.59976 -0.00000 0.00000 -0.00000 -19.90686 -12.41670 2.95280 -2.66238 27.41788 10.88325 8.42281 -31.15878 12.43470 -0.00146 -0.67709 -0.24645 -0.00000 0.00000 -0.00000 20.80801 -31.58408 14.06599 6.33809 39.56579 -17.50185 -0.35118 -4.53938 -5.30003 0.14226 6.67201 -2.44019 2.86823 -2.86375 -0.75594 5.68803 -1.07254 -1.31485 4.22481 0.57670 -0.73484 4.07511 -6.34484 4.51947 -7.93722 15.01685 6.63190 -2.38595 5.92242 2.79653 0.00000 0.00000 -0.00000 -48.14908 -31.16505 -80.37586 15.00519 -3.57239 -26.64359 -0.00000 -22.84860 -0.00000 9.56496 13.27488 53.72700 -7.12502 -0.00000 0.00000 -7.65979 -6.29023 84.16848 0.00000 0.00000 -0.00000 97.51255 46.36273 -23.08264 -33.28305 -24.46052 71.89839 0.00000 -4.65582 0.00000 -39.52942 3.93714 -4.75643 7.12502 -0.00000 -0.00000 -12.51283 -2.01703 -35.98835
0.38798 0.97053 0.10424 7.84274 0.24331 248.70733 -0.00000 0.00000 -0.00000 -18.87303 -13.61491 5.49238 -2.75571 27.84388 11.08448 9.24628 -31.81285 13.69075 -0.01444 -2.13126 -0.77610 -0.00000 0.00000 -0.00000 23.36156 -28.59680 16.61852 4.70948 35.09539 -14.81855 -0.52424 -6.28863 -4.95367 0.11228 5.93132 -2.16709 2.78294 -2.91862 -0.92420 5.91936 -1.25174 -1.55864 4.51226 0.44502 -0.86793 5.02991 -5.76305 6.26073 -9.01731 15.34857 9.07531 -2.60037 6.12740 3.95120 0.00000 0.00000 -0.00000 -51.51322 -32.25959 -87.31547 11.84726 -2.18511 -20.82997 -0.00000 -17.04650 -0.00000 8.15818 11.20334 53.57840 -7.12502 -0.00000 0.00000 -9.61322 -7.70090 83.34947 0.00000 0.00000 -0.00000 94.06757 48.38841 -19.36576 -33.35082 -24.65088 72.21681 0.00000 -4.19751 0.00000 -38.92755 4.05848 -5.00780 7.12502 -0.00000 -0.00000 -11.96260 -1.86489 -36.26791
0.39296 0.96963 0.11259 7.74311 0.04944 246.89605 -0.00000 0.00000 -0.00000 -19.19152 -14.08923 6.23436 -2.71034 27.63802 10.98702 9.19668 -31.68770 13.68908 -0.00136 -0.65356 -0.23789 -0.00000 0.00000 -0.00000 23.83916 -28.62644 17.75838 4.61002 34.78530 -14.64489 -0.52941 -6.09705 -5.35567 0.16517 7.18567 -2.63009 2.55227 -2.69697 -1.58776 6.13155 -1.14069 -2.44873 4.84355 0.50481 -1.32006 5.09826 -5.70677 7.54401 -10.09829 15.14493 10.97330 -2.72521 6.21522 4.79826 -0.00000 0.00000 -0.00000 -48.34323 -30.94176 -89.49137 10.83211 -1.81758 -18.99631 -0.00000 -14.80740 -0.00000 6.93709 10.37188 55.94883 -7.12502 -0.00000 0.00000 -10.34272 -8.90562 85.30640 -0.00000 0.00000 -0.00000 90.77213 48.84315 -14.66342 -33.40859 -24.81584 72.49246 0.00000 -3.65810 0.00000 -39.56406 3.91484 -4.72385 7.12502 -0.00000 -0.00000 -12.54244 -2.03089 -35.94920
0.39820 0.96906 0.12368 6.85918 -0.09290 248.27819 -0.00000 0.00000 -0.00000 -20.86168 -12.70482 5.15402 -2.37404 26.03675 10.24218 8.18421 -30.80851 12.18743 -0.04071 3.57689 1.30369 -0.00000 0.00000 -0.00000 23.11149 -31.00412 17.59369 5.90993 38.48873 -16.82192 -0.49347 -4.81841 -8.33938 1.24628 19.29625 -7.32133 2.29237 -2.27099 -2.41190 6.02237 -0.91215 -3.51402 4.85430 0.57794 -1.84819 5.19233 -5.14482 8.05184 -10.88226 14.86430 11.75707 -2.92945 6.13018 5.14894 -0.00000 0.00000 0.00000 -34.95054 -26.36371 -85.27869 12.85858 -2.58827 -22.67230 -0.00000 -26.23860 -0.00000 7.73245 12.70591 58.31130 -7.12502 -0.00000 0.00000 -8.21373 -7.81410 88.28607 -0.00000 0.00000 0.00000 90.21854 47.45313 -12.46645 -33.58926 -25.34899 73.38184 0.00000 -4.03932 0.00000 -40.60909 3.65594 -4.25336 7.12502 -0.00000 -0.00000 -13.49095 -2.32280 -35.41127
0.40138 0.96846 0.13076 5.55780 -0.33974 251.54302 -0.00000 0.00000 -0.00000 -22.69910 -10.30205 3.60402 -2.02014 24.18633 9.40838 7.09037 -30.10819 10.25648 -0.08337 5.11423 1.86672 -0.00000 0.00000 -0.00000 22.74830 -33.98063 16.42108 8.27197 43.77324 -20.40836 -1.54252 -8.31015 -15.37845 3.92442 32.50036 -13.40765 0.91129 -1.66519 -3.32441 5.79784 -0.45945 -4.66444 5.37598 0.87038 -2.41689 4.92264 -5.25956 8.08581 -10.76714 14.35626 11.78256 -2.86301 5.97379 5.17730 0.00000 0.00000 0.00000 -19.29920 -20.04405 -80.14375 18.83725 -5.80726 -34.00369 -0.00000 -43.20260 -0.00000 10.25740 19.30601 61.30569 -7.12502 -0.00000 0.00000 3.44420 3.09802 266.92283 0.00000 0.00000 0.00000 89.96346 46.69115 -10.68158 -33.68426 -25.64080 73.86775 0.00000 -3.91837 0.00000 -40.66829 4.30750 -4.99612 7.12502 -0.00000 -0.00000 -13.63393 -2.11015 -36.36808
0.39615 0.96770 0.13309 5.85065 -0.57189 254.59536 -0.00000 0.00000 -0.00000 -23.15832 -9.80949 3.13072 -1.85892 23.27590 9.00780 5.88497 -29.43409 7.94704 -0.03083 3.11366 1.13447 -0.00000 0.00000 -0.00000 23.79478 -35.21412 16.96348 8.31153 43.84985 -20.46550 -2.58042 -12.27510 -13.90297 3.75967 31.90848 -13.09853 0.69480 -2.71603 -3.79727 5.23094 -0.52152 -5.28767 4.80230 1.40669 -2.71497 4.43027 -5.21403 7.88758 -10.49914 14.01556 11.49713 -2.75033 5.80373 5.04737 0.00000 0.00000 -0.00000 -12.18861 -13.56372 -76.99436 26.51382 -12.72149 -50.64314 -0.00000 -53.27800 -0.00000 10.50217 21.26629 62.92834 -7.12502 -0.00000 0.00000 2.18284 1.83926 265.09896 0.00000 0.00000 -0.00000 91.96602 45.81944 -11.43848 -33.84134 -26.14304 74.70286 0.00000 -4.16553 0.00000 -39.85673 3.48810 -4.16818 7.12502 -0.00000 -0.00000 -12.76224 -2.22811 -35.26031
0.38169 0.97139 0.13045 6.63770 -0.41685 257.05359 -0.00000 0.00000 -0.00000 -22.69076 -7.66983 3.30033 -1.33322 19.92248 7.58038 4.34960 -28.49244 4.90114 -0.03730 3.42404 1.24783 -0.00000 0.00000 -0.00000 24.99686 -32.10384 19.00390 4.97164 35.88953 -15.27007 -3.05267 -16.05012 -10.44058 1.17676 18.77708 -7.10818 0.88731 -3.91299 -3.66856 4.82873 -0.87550 -5.12618 4.21489 1.64061 -2.62144 4.38351 -5.23093 7.35027 -10.37938 14.22950 10.76525 -2.78000 5.82273 4.68761 0.00000 0.00000 -0.00000 -12.72536 -6.32426 -74.33234 31.82504 -20.96780 -65.97352 -0.00000 -57.38290 -0.00000 10.36822 25.21747 66.75984 -7.12502 -0.00000 0.00000 -0.44663 -0.32373 260.93474 0.00000 0.00000 -0.00000 94.44104 42.73214 -14.00054 -34.18863 -27.36085 76.72337 0.00000 -3.67178 0.00000 -39.70742 3.59107 -4.31333 7.12502 -0.00000 -0.00000 -12.63502 -2.16447 -35.43656
0.36011 0.97376 0.12354 7.85328 0.32441 261.08725 -0.00000 0.00000 -0.00000 -21.41457 -5.41820 2.87468 -0.93263 16.80073 6.30921 3.24273 -28.19345 2.42042 -0.04025 -3.55666 -1.29629 -0.00000 0.00000 -0.00000 24.84520 -27.06714 21.32378 2.22240 25.26678 -9.89190 -2.72567 -17.39445 -7.49809 0.35010 10.42042 -3.83797 1.08190 -5.48743 -3.72911 4.63822 -1.40340 -5.24791 3.82124 1.94235 -2.67677 4.37157 -5.88871 6.45046 -10.12825 14.73245 9.53781 -2.79597 6.00658 4.07261 0.00000 0.00000 0.00000 -15.89038 0.40059 -69.10892 34.27608 -27.69682 -77.28016 -0.00000 -63.10850 -0.00000 9.21520 23.49678 67.85774 -7.12502 -0.00000 0.00000 1.12133 0.79226 260.23825 0.00000 0.00000 0.00000 96.03804 37.69014 -16.37522 -34.55491 -28.87821 79.23816 0.00000 -3.99036 0.00000 -39.78860 3.29067 -3.94277 7.12502 -0.00000 -0.00000 -12.67316 -2.27934 -34.97005
0.33203 0.97384 0.11393 8.29400 1.70495 265.09689 -0.00000 0.00000 -0.00000 -19.41394 -3.32730 1.97730 -0.87956 16.33373 6.12310 2.78895 -28.08852 1.39111 -0.37478 -10.77573 -3.97213 -0.00000 0.00000 -0.00000 25.57638 -21.86950 23.68809 1.54151 21.33166 -8.17157 -2.20865 -17.27516 -5.42822 0.20881 8.07175 -2.95878 2.30056 -6.28536 -3.49805 4.24993 -1.85846 -5.01575 2.73502 1.76477 -2.55233 4.65261 -6.05239 5.63617 -10.70789 14.66345 8.47624 -3.14805 5.98945 3.53099 0.00000 0.00000 -0.00000 -20.67924 6.27203 -60.62033 35.25958 -34.75330 -89.11748 -0.00000 -70.16020 -0.00000 7.33407 19.98547 69.36475 -7.12502 -0.00000 0.00000 4.24817 2.90623 259.31619 0.00000 0.00000 -0.00000 97.19979 32.64803 -18.90210 -34.83441 -30.32066 81.63405 0.00000 -4.42839 0.00000 -40.31583 4.15166 -4.87664 7.12502 -0.00000 -0.00000 -13.28133 -2.09620 -36.19157
0.30134 0.97224 0.10230 7.47051 3.26305 268.15673 -0.00000 0.00000 -0.00000 -16.57104 -4.79382 1.66487 -1.93292 23.69957 9.19346 2.10923 -26.71229 0.29528 -1.33031 -19.90190 -7.57183 -0.00000 0.00000 -0.00000 26.77587 -19.44318 22.16141 1.57847 21.56975 -8.27265 -1.36143 -14.59658 -3.54475 0.07199 4.75354 -1.73439 4.49356 -5.63086 -2.68296 3.24962 -2.33510 -3.95625 0.63491 0.66471 -2.03319 4.41495 -5.34702 4.38760 -9.96050 15.36119 6.72724 -3.08638 5.93897 2.71389 -0.00000 0.00000 0.00000 -26.97416 10.33658 -49.96353 34.80850 -40.05699 -98.61552 -0.00000 -74.70920 -0.00000 4.93450 14.08294 70.46432 -7.12502 -0.00000 0.00000 9.34179 6.30639 258.73223 -0.00000 0.00000 0.00000 98.49621 28.53660 -21.02706 -34.97164 -31.20072 83.10187 0.00000 -6.71862 0.00000 -40.21054 4.55142 -5.36250 7.12502 -0.00000 -0.00000 -13.23722 -1.94132 -36.80518
0.27168 0.96764 0.08762 5.71990 3.65306 271.03807 -0.00000 0.00000 -0.00000 -13.48713 -14.09651 1.08452 -8.59671 44.39249 20.87514 -1.24860 -16.97327 -7.38264 -0.66668 -14.28382 -5.31697 -0.00000 0.00000 -0.00000 26.99820 -18.50922 18.86545 2.10549 24.65018 -9.61485 -1.30025 -15.40633 -2.76350 0.08187 5.06818 -1.84981 4.46290 -4.60046 -1.90815 2.26019 -2.13276 -2.81470 -0.27762 0.27950 -1.45489 3.24380 -5.16116 2.84755 -8.20654 16.58177 4.53593 -2.57885 6.08741 1.67165 -0.00000 0.00000 0.00000 -31.60039 13.55806 -38.76963 34.47121 -41.50553 -101.38383 -0.00000 -74.30930 -0.00000 3.56653 10.42996 71.00188 -7.12502 -0.00000 0.00000 12.49440 8.37527 258.31756 -0.00000 0.00000 0.00000 98.43070 27.09579 -20.95512 -35.00296 -31.42815 83.48223 0.00000 -9.85690 0.00000 -39.65081 5.71917 -6.85645 7.12502 -0.00000 -0.00000 -12.88110 -1.45560 -38.66152
0.24485 0.95934 0.07512 3.38800 5.14515 273.20414 -0.00000 0.00000 -0.00000 -7.45989 -27.21102 1.74954 -29.26278 63.16734 46.01479 0.30429 3.55510 -10.54473 -0.03027 3.08510 1.12404 -0.00000 0.00000 -0.00000 29.48994 -16.43501 16.93135 2.69710 27.57750 -10.95845 -1.82096 -17.78143 -3.53500 0.13492 6.49852 -2.37615 6.04179 -2.94659 -0.95727 1.62913 -1.39175 -1.48460 -1.74002 0.10954 -0.78258 2.10016 -5.78532 1.37037 -6.95741 17.51400 2.48679 -2.22471 6.35816 0.66951 -0.00000 0.00000 0.00000 -33.17496 16.98943 -30.71740 34.92266 -39.43517 -97.45478 -0.00000 -71.87680 -0.00000 2.28833 6.89637 71.59280 -7.12502 -0.00000 0.00000 15.57883 10.32075 257.72442 -0.00000 0.00000 0.00000 97.60471 27.35820 -18.91440 -35.01868 -31.54740 83.68186 0.00000 -13.29390 0.00000 -39.19500 6.23278 -7.58383 7.12502 -0.00000 -0.00000 -12.53223 -1.21765 -39.53911
0.22449 0.94925 0.06987 2.59661 3.90722 273.26486 -0.00000 0.00000 -0.00000 -5.29972 -39.64768 4.83601 -49.06870 68.51948 67.65544 -0.07683 -0.77421 -3.57320 -0.08719 5.22944 1.90902 -0.00000 0.00000 -0.00000 29.52664 -18.31257 17.36475 4.50490 34.45205 -14.45985 -2.04824 -21.24072 -2.46064 0.28577 9.42740 -3.46471 5.21092 -1.11500 0.15003 0.59809 -1.37005 0.15731 -2.30658 -0.77114 0.02734 0.39234 -6.29547 0.14471 -5.32027 18.75710 0.77690 -1.63266 6.76448 -0.17674 -0.00000 0.00000 0.00000 -32.71045 23.70254 -26.31546 35.25383 -36.01621 -91.30849 -0.00000 -55.76130 -0.00000 1.97839 5.45090 70.01671 -7.12502 -0.00000 0.00000 16.44949 11.58449 259.22093 -0.00000 0.00000 0.00000 95.13251 28.66312 -14.83391 -34.98291 -31.28114 83.23632 0.00000 -18.10700 0.00000 -38.65623 7.13437 -8.82561 7.12502 -0.00000 -0.00000 -12.17420 -0.85443 -41.04592
0.19732 0.94653 0.06563 1.24151 3.03533 277.36850 -0.00000 0.00000 -0.00000 -5.04424 -45.96520 5.54906 -33.65582 64.87332 50.90055 0.12577 -3.47310 1.90655 -0.22839 8.43832 3.09520 -0.00000 0.00000 -0.00000 28.15962 -16.15929 14.50290 4.81623 35.42274 -15.00348 -3.58275 -24.72639 -5.09118 0.24853 8.79868 -3.22958 3.38127 -0.74396 -0.59505 0.46924 -0.56020 -0.81761 -1.41535 -0.19768 -0.42084 1.02753 -5.73660 -0.72621 -7.43828 17.35701 -0.18692 -2.51626 6.18065 -0.72000 0.00000 0.00000 -0.00000 -29.56701 30.90418 -27.86414 34.78580 -30.04272 -81.17161 -0.00000 -34.86130 -0.00000 3.17974 6.98036 65.43372 -7.12502 -0.00000 0.00000 14.11850 11.65034 263.75937 0.00000 0.00000 -0.00000 91.52342 30.13927 -8.50086 -34.94826 -31.03845 82.83076 0.00000 -24.72300 0.00000 -37.47397 8.79911 -11.28473 7.12502 -0.00000 -0.00000 -11.37013 -0.20776 -43.96698
0.16825 0.94631 0.06726 0.72525 3.42479 281.26117 -0.00000 0.00000 -0.00000 -3.59323 -47.80735 8.84567 -14.05897 52.35984 28.16033 0.23059 -3.74447 4.13579 -0.53888 12.87647 4.77270 -0.00000 0.00000 -0.00000 27.50249 -14.44637 10.27033 4.55311 34.60561 -14.54491 -4.43915 -26.64824 -6.20405 0.26556 9.09190 -3.33913 3.50131 -0.96973 -1.34019 0.39549 -0.39658 -1.82357 -1.57102 0.04003 -0.91786 0.47977 -5.98322 -1.61961 -7.18817 17.80284 -1.36868 -2.49730 6.31758 -1.32205 0.00000 0.00000 -0.00000 -27.53515 32.21499 -34.50465 32.44183 -22.32752 -68.30218 -0.00000 -22.19900 -0.00000 5.09012 10.05238 62.96434 -7.12502 -0.00000 0.00000 11.06585 9.85037 266.17747 0.00000 0.00000 -0.00000 89.76131 30.44614 -3.47470 -35.01199 -31.49621 83.59616 0.00000 -33.13690 0.00000 -34.84272 9.37377 -13.16877 7.12502 -0.00000 -0.00000 -9.03838 0.14177 -45.89119
0.13687 0.94692 0.07657 0.35077 2.33467 283.97719 -0.00000 0.00000 -0.00000 -4.58941 -44.74321 14.52057 -6.12217 39.03036 17.16094 -0.98977 3.52302 11.67684 -1.73386 22.53579 8.68650 -0.00000 0.00000 -0.00000 25.15302 -12.74616 6.72364 4.68608 35.02289 -14.77782 -5.23810 -28.63259 -6.93875 0.07089 4.71695 -1.72098 2.42984 -1.34124 -1.92853 0.01880 -0.32353 -2.60671 -1.38258 0.31082 -1.30327 0.21459 -5.79221 -2.21689 -6.95752 18.07867 -2.19689 -2.48409 6.34060 -1.72749 -0.00000 0.00000 -0.00000 -30.48913 29.31259 -41.66371 29.33799 -16.53331 -58.06369 -0.00000 -8.29230 -0.00000 6.84684 12.20308 60.40144 -7.12502 -0.00000 0.00000 8.77637 8.45107 268.58931 -0.00000 0.00000 -0.00000 88.69799 30.27278 0.27086 -35.10259 -32.25832 84.87509 0.00000 -40.38640 0.00000 -31.29908 10.03766 -15.99633 7.12502 -0.00000 -0.00000 -5.92473 0.38366 -48.69185
0.10577 0.94424 0.09310 -0.14246 0.15599 286.38428 -0.00000 0.00000 -0.00000 -10.57012 -38.26421 12.49212 -4.63274 34.85658 14.68468 0.01478 -1.49152 7.79738 -0.12208 6.18335 2.25992 -0.00000 0.00000 -0.00000 20.47701 -12.96749 1.80024 6.18340 39.18376 -17.25801 -5.05205 -28.59141 -6.51951 0.07232 -4.76418 1.73829 0.69061 -1.81731 -2.47024 -0.41494 -0.43227 -3.30588 -0.88607 0.50824 -1.65297 0.18211 -5.69458 -2.23708 -7.54347 19.61779 -2.11141 -2.68852 6.81189 -1.79343 0.00000 0.00000 -0.00000 -36.32662 26.19725 -48.51360 26.01273 -12.13753 -49.43133 -0.00000 5.88492 0.00000 8.41365 12.28486 55.19453 -7.12502 -0.00000 0.00000 -8.60936 -7.35676 445.22248 0.00000 0.00000 -0.00000 86.50039 31.05823 3.22057 -35.16782 -32.95013 86.04200 0.00000 -45.65070 0.00000 -27.98001 9.64581 -17.50498 7.12502 -0.00000 -0.00000 -2.79402 0.23820 -49.86899
0.08611 0.94299 0.10621 -0.81851 -1.28395 289.40119 -0.00000 0.00000 -0.00000 -15.66610 -34.03670 5.81804 -4.45287 34.28495 14.36769 0.31405 -4.00113 5.95417 -0.05357 -4.10209 -1.49577 -0.00000 0.00000 -0.00000 16.12126 -19.79727 0.11687 14.56472 52.92557 -28.79659 -1.70346 -18.85626 -2.50048 0.20877 -8.07100 2.95851 -0.37238 -0.72293 -3.11825 -0.36105 -0.37749 -4.15662 -0.18478 0.01626 -2.07861 0.08659 -5.47014 -1.93231 -8.53412 19.50005 -1.52078 -2.90205 6.75352 -1.59752 0.00000 0.00000 -0.00000 -44.01002 23.36222 -53.74680 22.44217 -8.57254 -41.39236 -0.00000 22.30260 0.00000 11.40153 13.70600 49.59838 -7.12502 -0.00000 0.00000 -6.91595 -4.96011 440.48209 0.00000 0.00000 -0.00000 83.35089 31.95208 7.16448 -35.14115 -32.64596 85.52817 0.00000 -48.64110 0.00000 -24.79509 9.74551 -20.12392 7.12502 -0.00000 -0.00000 0.03516 -0.00447 -52.25080
0.07436 0.94551 0.10943 -0.28001 -0.15986 291.25343 -0.00000 0.00000 -0.00000 -14.29708 -33.07848 7.36909 -3.79086 32.02196 13.15745 0.16082 -4.39678 1.69023 -0.13068 -6.39620 -2.33840 -0.00000 0.00000 -0.00000 16.93497 -25.88589 5.39161 24.63992 60.87227 -40.78190 0.16621 -6.89573 2.64069 0.52234 12.68178 -4.69794 1.09609 -0.88465 -3.16438 -0.35257 -0.78008 -4.22816 -0.97403 -0.40991 -2.12166 -0.03100 -5.18477 -1.62098 -8.76295 19.14152 -1.05061 -2.88102 6.61159 -1.37875 0.00000 0.00000 -0.00000 -48.39607 21.24659 -57.96338 19.51131 -6.27097 -35.34460 -0.00000 31.06050 0.00000 13.47927 14.52255 46.29239 -7.12502 -0.00000 0.00000 -5.56185 -3.58695 437.71971 0.00000 0.00000 -0.00000 82.59922 33.06744 8.06478 -35.06112 -31.88899 84.25452 0.00000 -48.26910 0.00000 -24.35099 10.89858 -22.67294 7.12502 -0.00000 -0.00000 0.02161 -0.00381 -55.01100
0.06736 0.94547 0.10215 0.29411 -0.32622 295.59806 -0.00000 0.00000 -0.00000 -17.49950 -31.85561 1.97087 -3.49767 30.92809 12.59594 0.08993 -4.47695 0.49885 -0.22944 -8.45740 -3.10231 -0.00000 0.00000 -0.00000 17.84628 -24.83514 12.12601 24.48281 60.78321 -40.60196 1.00360 -7.72425 8.25271 0.63595 13.95968 -5.19099 0.92416 -0.48389 -3.88314 -0.76010 -0.76130 -5.18560 -1.25845 -0.66020 -2.60249 -0.10765 -5.30232 -1.38310 -9.00279 18.81023 -0.66380 -2.88986 6.54578 -1.20026 -0.00000 0.00000 -0.00000 -48.74195 21.28286 -61.75260 17.90613 -5.20328 -32.17680 -0.00000 33.97260 0.00000 14.20341 14.46500 44.62247 -7.12502 -0.00000 0.00000 -5.28469 -3.20826 436.17590 -0.00000 0.00000 -0.00000 81.42058 34.05063 8.72175 -34.95680 -31.09699 82.92855 0.00000 -47.96470 0.00000 -26.84797 12.14177 -22.56388 7.12502 -0.00000 -0.00000 -2.57774 0.47460 -55.42512
0.06096 0.94726 0.08549 1.25355 -0.25634 298.68695 -0.00000 0.00000 -0.00000 -19.13117 -30.72897 -1.75869 -2.87987 28.39610 11.34790 0.03450 -3.38475 0.04552 -0.36172 -10.58936 -3.90172 -0.00000 0.00000 -0.00000 20.49551 -18.60031 22.84130 18.25773 56.47105 -33.31872 1.91013 -6.69489 14.15310 0.48373 12.21401 -4.51881 0.43652 -0.99886 -3.75057 -1.16870 -0.63186 -5.01002 -1.46218 -0.23234 -2.51196 -0.83723 -5.41806 -1.52710 -8.35822 18.58013 -0.86348 -2.58108 6.49644 -1.27642 0.00000 0.00000 0.00000 -45.69271 26.36728 -63.76099 18.22748 -5.40705 -32.80414 -0.00000 31.51160 0.00000 14.81543 14.99763 44.37367 -7.12502 -0.00000 0.00000 -4.63064 -2.80420 436.13260 0.00000 0.00000 0.00000 80.31526 31.82484 8.59577 -34.83020 -30.29598 81.59296 0.00000 -43.87460 0.00000 -30.59286 13.20981 -21.13211 7.12502 -0.00000 -0.00000 -6.19125 1.05022 -54.59010
0.06033 0.95096 0.06056 2.80037 0.17463 303.54660 -0.00000 0.00000 -0.00000 -21.26330 -29.58792 -6.52843 -1.93927 23.73547 9.20925 0.00192 0.61160 -0.09542 -0.47372 -12.08960 -4.47128 -0.00000 0.00000 -0.00000 20.10362 -13.22885 24.97097 11.76084 49.47608 -25.20095 3.50404 -14.58327 15.42781 0.22508 -8.37754 3.07256 0.45263 -1.16824 -3.93582 -1.88856 -0.77082 -5.26544 -2.20958 -0.35775 -2.64681 -1.46269 -5.29389 -1.75781 -7.32512 18.13433 -1.27019 -2.18859 6.33176 -1.39946 0.00000 0.00000 0.00000 -43.00864 35.35999 -61.91926 21.29065 -7.60972 -38.96947 -0.00000 27.51320 0.00000 15.47195 16.03241 44.93613 -7.12502 -0.00000 0.00000 -3.62485 -2.26808 436.99322 0.00000 0.00000 0.00000 78.45893 27.53109 9.06436 -34.63331 -29.24964 79.85427 0.00000 -41.17040 0.00000 -32.49381 13.20696 -19.73343 7.12502 -0.00000 -0.00000 -7.86772 1.16196 -53.34839
0.06640 0.96018 0.03099 4.11469 1.93875 307.45421 -0.00000 0.00000 -0.00000 -20.00528 -29.01021 -8.66512 -0.91937 16.68546 6.26319 -0.05501 6.55900 1.66359 -0.35215 -10.45042 -3.84929 -0.00000 0.00000 -0.00000 19.58501 -14.45802 14.87449 6.66591 40.35046 -18.01228 1.31553 -21.99280 7.56682 0.50087 -12.42402 4.59915 1.46308 -1.10798 -3.45665 -2.05707 -0.77760 -4.63682 -2.93927 -0.46543 -2.33968 -1.85095 -5.00374 -2.47664 -6.07983 17.04124 -2.42243 -1.84521 5.91696 -1.82734 0.00000 0.00000 0.00000 -44.71540 45.33122 -56.57818 24.78626 -10.80264 -46.56336 -0.00000 25.43270 0.00000 16.31765 16.57022 44.25010 -7.12502 -0.00000 0.00000 -2.85627 -1.75557 436.55123 0.00000 0.00000 0.00000 76.23942 21.49147 10.67770 -34.34163 -27.95822 77.71332 0.00000 -34.82640 0.00000 -34.68385 12.56861 -17.45606 7.12502 -0.00000 -0.00000 -9.65418 1.03545 -51.06386
0.07310 0.97051 -0.00056 5.06807 4.15295 309.84909 -0.00000 0.00000 -0.00000 -17.88210 -31.45646 -8.58389 -1.33162 19.91112 7.57566 0.02717 1.16718 -4.60944 -1.27958 -19.53901 -7.42149 -0.00000 0.00000 -0.00000 21.04760 -14.34736 11.96605 3.81103 32.09497 -13.19545 0.34756 -21.84204 4.88271 0.19398 -7.78241 2.85129 2.09908 -1.33037 -2.83677 -1.96650 -0.91752 -3.81782 -3.20845 -0.46884 -1.93431 -2.56772 -4.74633 -2.93339 -3.70016 16.72566 -3.32583 -1.07742 5.80394 -2.11121 -0.00000 0.00000 0.00000 -48.67025 53.39256 -47.61812 27.40926 -13.82743 -52.87663 -0.00000 23.24010 0.00000 18.88428 18.42953 42.74383 -7.12502 -0.00000 0.00000 -0.34479 -0.20565 435.81338 -0.00000 0.00000 0.00000 73.63614 17.34146 13.26560 -33.82002 -26.07332 74.58701 0.00000 -28.83660 0.00000 -35.29534 12.09700 -16.49053 7.12502 -0.00000 -0.00000 -10.08841 0.89357 -50.00933
0.07790 0.97648 -0.02857 3.70672 6.03852 312.76639 -0.00000 0.00000 -0.00000 -17.12514 -34.11617 -9.09561 -6.47944 39.90820 17.72296 0.88949 -11.51931 3.05564 -0.07299 -4.78614 -1.74635 -0.00000 0.00000 -0.00000 24.15173 -14.52210 10.17052 2.92851 28.60815 -11.44985 -0.19954 -20.40648 3.02513 0.00049 0.39201 -0.14268 3.05146 -0.56442 -2.59113 -1.19014 -0.70327 -3.47040 -2.91123 -0.65996 -1.75949 -2.22560 -4.13905 -3.43510 -2.95168 16.43407 -4.17332 -0.97764 5.60277 -2.43373 -0.00000 0.00000 -0.00000 -56.41028 58.22978 -34.87119 29.13580 -16.22555 -57.49058 -0.00000 21.70890 0.00000 21.04777 20.17193 41.86354 -7.12502 -0.00000 0.00000 1.88467 1.11500 435.59866 -0.00000 0.00000 -0.00000 70.91559 16.33738 15.60201 -33.29636 -24.49764 71.96051 0.00000 -24.61230 0.00000 -35.63013 11.27001 -15.25232 7.12502 -0.00000 -0.00000 -10.19349 0.64086 -48.55944
0.08021 0.98122 -0.05153 3.64716 8.15331 314.54257 -0.00000 0.00000 -0.00000 -15.17872 -35.14192 -3.57070 -15.21807 53.62451 29.61171 1.88384 -15.46299 5.39858 -0.12187 6.17820 2.25802 -0.00000 0.00000 -0.00000 26.05190 -15.49914 8.23525 2.03934 24.29173 -9.45515 -0.21214 -17.59566 2.37597 0.01063 1.82856 -0.66578 2.75178 -1.99173 -2.04824 -0.23558 -0.91098 -2.78370 -1.82711 0.03728 -1.40317 -1.71099 -3.77851 -3.85173 -3.12361 16.27837 -4.76861 -1.16706 5.46550 -2.69595 0.00000 0.00000 -0.00000 -64.08431 60.04687 -23.18572 30.03691 -17.64902 -60.11090 -0.00000 20.62850 0.00000 23.37998 21.00549 39.66351 -7.12502 -0.00000 0.00000 3.77355 2.08867 433.92419 0.00000 0.00000 -0.00000 69.25599 19.50489 14.63524 -33.41668 -24.83916 72.53141 0.00000 -21.89230 0.00000 -39.12452 11.61352 -13.90104 7.12502 -0.00000 -0.00000 -13.47999 0.60252 -47.51189
0.08084 0.98326 -0.07254 2.76804 8.83662 317.44061 -0.00000 0.00000 -0.00000 -13.14883 -30.07667 4.95214 -17.60543 55.91056 32.53368 1.42690 -15.80002 3.09351 -0.05176 4.03218 1.47018 -0.00000 0.00000 -0.00000 27.20978 -15.39687 5.93910 1.50965 21.12375 -8.08360 -0.55917 -16.30768 0.73479 0.00192 0.77762 -0.28305 2.21689 -2.21855 -2.06855 0.18607 -1.02493 -2.80841 -1.10200 0.09330 -1.41344 -1.86854 -3.73826 -4.31148 -2.35300 17.63241 -5.50080 -1.02219 5.89471 -3.02485 -0.00000 0.00000 0.00000 -68.57656 60.96220 -14.27904 30.56796 -18.55696 -61.74527 -0.00000 22.11740 0.00000 26.83061 21.58879 36.03352 -7.12502 -0.00000 0.00000 6.39072 3.12148 430.92769 -0.00000 0.00000 0.00000 71.76134 25.47531 10.69227 -33.85195 -26.17791 74.76080 0.00000 -20.19670 0.00000 -43.12763 11.72299 -12.23862 7.12502 -0.00000 -0.00000 -17.19217 0.33827 -46.09316
0.08484 0.98367 -0.09247 2.29209 10.33687 322.92556 -0.00000 0.00000 -0.00000 -12.97301 -22.86339 9.94575 -8.42060 44.05936 20.62264 2.30064 -20.20726 3.84405 -0.02697 2.91234 1.06098 -0.00000 0.00000 -0.00000 27.84941 -18.36516 3.78992 1.47894 20.92082 -7.99798 -0.89525 -15.56834 -0.91521 0.09735 5.52455 -2.01744 2.65412 -3.01693 -2.97813 0.43216 -1.45518 -4.05294 -1.13586 0.03748 -2.04286 -1.81677 -3.64097 -4.94012 -2.27613 18.18483 -6.37909 -1.12247 6.03789 -3.44412 -0.00000 0.00000 -0.00000 -69.43574 61.13334 -12.35611 30.75998 -18.89970 -62.35566 -0.00000 22.17550 0.00000 29.00351 22.97634 35.14976 -7.12502 -0.00000 0.00000 8.52816 4.12505 430.62730 -0.00000 0.00000 -0.00000 77.04576 33.89134 3.68665 -34.38183 -28.12304 77.98644 0.00000 -18.39140 0.00000 -49.98239 10.67922 -8.84379 7.12502 -0.00000 -0.00000 -23.34599 -1.01724 -42.64466
0.09071 0.98420 -0.11648 1.91651 11.26532 328.82955 -0.00000 0.00000 -0.00000 -15.49069 -13.76208 4.83186 -2.56828 26.97830 10.67737 3.28678 -23.84628 4.77828 -0.58472 -13.40005 -4.97438 -0.00000 0.00000 -0.00000 27.46091 -24.40353 3.16519 2.46216 26.46985 -10.44140 -1.11344 -14.70857 -2.30346 0.00523 1.28311 -0.46710 2.29265 -2.95522 -3.88017 0.76319 -1.51170 -5.24370 -0.61113 -0.04127 -2.63666 -2.51518 -3.56582 -5.42769 -1.50829 17.98742 -7.08736 -0.83892 6.00707 -3.76699 -0.00000 0.00000 0.00000 -66.02107 60.85564 -20.07257 29.90048 -17.42454 -59.70263 -0.00000 20.92960 0.00000 29.34515 22.20296 33.90693 -7.12502 -0.00000 0.00000 8.46611 3.84978 429.27895 -0.00000 0.00000 0.00000 86.96771 42.88490 -7.83274 -34.81772 -30.22357 81.47246 0.00000 -17.58240 0.00000 -56.12174 6.10876 -4.08684 7.12502 -0.00000 -0.00000 -28.30557 -4.69831 -36.35236
0.09598 0.98382 -0.14865 2.14588 11.63156 331.43947 -0.00000 0.00000 -0.00000 -15.55665 -12.81031 0.78053 -1.80869 22.98239 8.87992 2.25555 -24.60492 1.51923 -0.87867 -16.32579 -6.11995 -0.00000 0.00000 -0.00000 26.07930 -34.77868 5.50320 6.34110 39.57314 -17.50657 -0.01725 -9.89401 1.64180 0.19941 -7.88966 2.89112 1.35391 -1.72342 -3.68867 0.85145 -1.29301 -4.94103 0.08711 -0.40260 -2.47953 -3.03533 -4.09941 -5.26957 -1.17723 17.18345 -6.81641 -0.60950 5.88027 -3.62620 -0.00000 0.00000 -0.00000 -64.28935 56.80777 -30.65494 27.31401 -13.70575 -52.63455 -0.00000 19.38850 0.00000 29.21517 21.67860 33.44684 -7.12502 -0.00000 0.00000 8.16003 3.60787 428.69456 -0.00000 0.00000 -0.00000 101.92848 49.21348 -21.56435 -34.82675 -30.27590 81.55954 0.00000 -13.75330 0.00000 -57.80371 -2.03667 1.28189 7.12502 -0.00000 -0.00000 -28.58438 -9.79118 -27.66631
0.09431 0.97437 -0.18049 2.58518 10.55572 332.92750 -0.00000 0.00000 -0.00000 -15.94898 -15.91232 -1.41242 -2.68666 27.52962 10.93587 1.97259 -26.35830 0.08799 -1.22896 -19.16846 -7.26873 -0.00000 0.00000 -0.00000 25.42823 -38.01048 16.00167 13.87529 52.14877 -27.92804 -1.22305 -13.97573 -3.26859 0.00001 -0.05255 0.01913 0.83224 -0.39234 -3.32008 -0.22835 -0.86501 -4.43129 -0.65618 -0.74543 -2.22318 -2.80710 -3.93020 -4.91657 -0.78779 17.54771 -6.42014 -0.48958 5.97218 -3.39171 0.00000 0.00000 -0.00000 -63.26967 50.99057 -39.40085 23.78353 -9.80094 -44.30722 -0.00000 19.69360 0.00000 28.54178 21.82656 34.35566 -7.12502 -0.00000 0.00000 7.72339 3.55010 429.54029 0.00000 0.00000 -0.00000 112.84998 53.29042 -31.08104 -33.90882 -26.36716 75.07510 0.00000 -3.12049 0.00000 -53.68379 -13.06278 9.43215 7.12502 -0.00000 -0.00000 -23.27843 -14.39295 -14.98183
0.08222 0.96113 -0.20938 2.06295 10.03513 335.00196 -0.00000 0.00000 -0.00000 -15.12904 -21.03532 -4.87919 -5.10657 36.28582 15.49915 1.75343 -28.52328 -1.17858 -1.88624 -23.43348 -9.07670 -0.00000 0.00000 -0.00000 23.31832 -35.76694 24.93342 24.43512 60.75602 -40.54731 -1.49328 -11.20643 -7.42372 0.66015 14.21561 -5.29042 0.91422 -0.24956 -3.39003 -0.61614 -0.58911 -4.52476 -1.10768 -0.58288 -2.26965 -2.62670 -4.31347 -3.72318 -1.90598 18.58515 -4.60944 -0.69513 6.33932 -2.59783 0.00000 0.00000 -0.00000 -64.74655 44.82403 -42.17749 21.52072 -7.79573 -39.44829 -0.00000 20.73970 0.00000 27.63676 21.62742 35.14202 -7.12502 -0.00000 0.00000 6.98327 3.29824 430.15970 0.00000 0.00000 -0.00000 111.45682 56.81528 -30.92464 -31.25745 -19.82779 63.99217 0.00000 10.28260 -0.00000 -48.75217 -26.61986 21.45066 7.12502 -0.00000 -0.00000 -17.46264 -19.99819 2.39041
0.06017 0.95308 -0.23514 2.06259 9.48408 339.10939 -0.00000 0.00000 -0.00000 -14.78024 -22.75949 -7.78471 -5.93275 38.54773 16.85857 1.60911 -28.64452 -1.54608 -3.04895 -29.12312 -11.69932 -0.00000 0.00000 -0.00000 15.83097 -29.39711 25.15096 26.19074 61.70945 -42.55000 -0.33090 -3.79011 -8.03553 1.69415 22.29405 -8.58236 0.37544 -0.29448 -3.41205 -0.84356 -0.65315 -4.55532 -1.03895 -0.60027 -2.28334 -2.11123 -4.46654 -2.18913 -3.85979 19.12864 -2.19816 -1.11132 6.52249 -1.55889 0.00000 0.00000 0.00000 -65.27269 40.43448 -41.91427 20.57500 -7.05050 -37.49558 -0.00000 21.90890 0.00000 28.46257 22.93454 35.70931 -7.12502 -0.00000 0.00000 8.12212 4.00917 431.10024 0.00000 0.00000 0.00000 103.49015 55.85405 -24.10084 -26.39704 -12.58325 50.35842 0.00000 26.39680 -0.00000 -44.22669 -34.08029 29.92852 7.12502 -0.00000 -0.00000 -13.36732 -22.54845 13.21373
0.01869 0.94942 -0.26098 1.78517 9.68762 343.15782 -0.00000 0.00000 -0.00000 -12.58804 -22.48616 -10.95198 -5.33146 36.92860 15.87627 1.58676 -27.24188 -1.15727 -4.21393 -33.49843 -13.93921 -0.00000 0.00000 -0.00000 11.91687 -17.42453 24.56038 16.64736 55.03994 -31.37085 -0.01544 -0.80773 -1.94407 0.43208 11.55619 -4.26804 -1.39139 -0.87740 -2.11425 -0.84267 -1.01563 -2.81900 -0.07559 -0.52368 -1.40479 0.21648 -4.68957 0.04198 -6.95271 20.40118 1.25953 -2.06465 7.03086 -0.00401 0.00000 0.00000 0.00000 -64.28619 37.42073 -40.35641 20.30019 -6.84332 -36.93550 -0.00000 22.41440 0.00000 28.55349 20.30038 32.52025 -7.12502 -0.00000 0.00000 7.10948 2.94587 427.39396 0.00000 0.00000 0.00000 98.95877 44.84951 -20.17302 -22.15154 -8.32190 40.77444 0.00000 35.41680 -0.00000 -33.17015 -42.60668 46.00423 7.12502 -0.00000 -0.00000 -6.37344 -23.68320 29.45987
-0.03128 0.95100 -0.28759 1.10632 11.81493 350.16769 -0.00000 0.00000 -0.00000 -9.77688 -24.46904 -14.92229 -4.25563 33.63804 14.01463 0.21735 -23.70577 -3.66310 -3.57075 -31.20662 -12.73756 -0.00000 0.00000 -0.00000 12.31042 -9.62735 16.67872 7.08368 41.30456 -18.65125 -1.15935 -14.36887 -2.71326 0.66760 -14.29337 5.32068 -2.34271 -2.35143 -1.26006 -0.83447 -1.49977 -1.63831 0.43441 -0.17892 -0.80860 2.81173 -4.45921 2.74148 -10.72772 20.99652 5.52730 -3.15579 7.47166 1.91791 -0.00000 0.00000 0.00000 -61.45034 34.96314 -37.97243 21.35135 -7.65849 -39.09555 -0.00000 20.44690 0.00000 28.40531 20.06233 32.38706 -7.12502 -0.00000 0.00000 6.90115 2.82993 427.19133 -0.00000 0.00000 0.00000 97.22577 38.03607 -20.92782 -20.96455 -7.35132 38.29503 0.00000 38.67650 -0.00000 -45.73110 -42.51954 33.37731 7.12502 -0.00000 -0.00000 -11.90550 -29.09145 21.55698
-0.06973 0.95278 -0.31448 -0.05058 14.70447 359.15533 -0.00000 0.00000 -0.00000 -12.03019 -28.02103 -23.31194 -3.85534 32.25441 13.27866 1.38462 -21.27078 0.37057 -0.97843 -17.19201 -6.46591 -0.00000 0.00000 -0.00000 13.76844 -11.07663 4.90339 4.06750 33.00009 -13.67215 -3.79820 -21.64158 -7.86846 0.96174 -17.05064 6.40921 0.16770 -3.48384 -0.54801 -1.83412 -2.00225 -0.73201 -1.99179 -0.12684 -0.37772 4.91025 -4.30365 4.79042 -13.25902 21.07748 8.73964 -3.89966 7.83642 3.41981 0.00000 0.00000 -0.00000 -59.96705 31.85373 -34.17775 22.67501 -8.77720 -41.89071 -0.00000 19.68320 0.00000 30.63733 22.75382 33.14555 -7.12502 -0.00000 0.00000 9.64175 4.29863 428.80729 0.00000 0.00000 -0.00000 97.33408 38.85412 -23.75087 -21.41812 -7.71240 39.23446 0.00000 36.87170 -0.00000 -56.59005 -33.27860 19.89746 7.12502 -0.00000 -0.00000 -20.83956 -28.28629 6.22591
-0.10649 0.95219 -0.32993 -2.34549 15.08878 365.72708 -0.00000 0.00000 -0.00000 -14.57809 -36.27186 -16.13558 -5.90889 38.48603 16.82025 1.83617 -22.80270 1.10911 -0.67313 -14.35072 -5.34301 -0.00000 0.00000 -0.00000 18.45862 -10.53867 1.28074 3.07132 29.21725 -11.74521 -6.41305 -25.38025 -12.51789 0.75077 -15.13120 5.64816 0.65992 -4.20226 1.07690 -1.17807 -1.53753 1.42476 -1.51382 0.82220 0.71019 6.14138 -3.63859 5.86213 -14.84511 20.16190 10.39953 -4.44420 7.68439 4.26502 0.00000 0.00000 -0.00000 -59.29610 28.75735 -30.03024 24.18814 -10.19605 -45.20892 -0.00000 20.52380 0.00000 30.87018 23.90131 34.12854 -7.12502 -0.00000 0.00000 10.25457 4.85151 430.05543 0.00000 0.00000 -0.00000 96.23789 44.25367 -26.29579 -22.68668 -8.78755 41.91578 0.00000 32.25310 -0.00000 -42.16633 -42.31856 36.62604 7.12502 -0.00000 -0.00000 -10.33510 -27.32034 23.33026
-0.12696 0.94763 -0.33245 -3.90172 11.06393 370.87145 -0.00000 0.00000 -0.00000 -16.47644 -38.06627 -4.19128 -9.73077 46.39672 22.46770 2.80583 -24.45747 3.09043 -1.12262 -18.36047 -6.93815 -0.00000 0.00000 -0.00000 21.18950 -7.13028 -3.63243 2.90890 28.52295 -11.40884 -7.11206 -26.77206 -13.10101 0.54469 -12.94418 4.79873 2.96265 -2.01639 2.91481 -0.64286 -0.24335 3.82762 -2.19209 1.11133 1.92833 7.63218 -3.69628 6.61466 -16.43187 20.48789 11.76148 -5.03162 8.08936 4.91321 -0.00000 0.00000 -0.00000 -57.52229 27.96380 -24.20765 25.79392 -11.88984 -48.90988 -0.00000 21.58290 0.00000 30.54055 27.29833 37.85899 -7.12502 -0.00000 0.00000 11.32853 6.47501 434.37511 -0.00000 0.00000 -0.00000 94.69704 46.72807 -24.82422 -22.98712 -9.05705 42.56356 0.00000 29.76270 -0.00000 -35.75620 -48.09486 45.94643 7.12502 -0.00000 -0.00000 -5.79823 -28.93706 33.14738
-0.13980 0.94547 -0.32279 -5.02963 10.62228 376.11038 -0.00000 0.00000 -0.00000 -18.75791 -38.06609 4.35893 -11.14993 48.60928 24.39205 2.68920 -25.96023 2.06524 -1.02673 -17.59363 -6.62748 -0.00000 0.00000 -0.00000 22.32956 -7.68127 -7.21927 3.08692 29.28266 -11.77715 -6.34924 -25.28363 -12.43018 0.50438 -12.46655 4.61543 3.57519 -4.64284 4.31820 -0.08069 -0.21024 5.57048 -1.63538 2.69795 2.82015 7.82967 -3.65737 6.96157 -15.95659 20.43444 12.18835 -4.84549 8.09025 5.19850 0.00000 0.00000 0.00000 -54.26857 29.57645 -17.30047 27.56166 -14.02423 -53.26638 -0.00000 23.27710 0.00000 27.90438 31.69435 44.77282 -7.12502 -0.00000 0.00000 11.34645 8.53541 441.48853 0.00000 0.00000 0.00000 93.46557 46.11855 -20.97831 -22.93390 -9.00887 42.44842 0.00000 25.44700 -0.00000 -22.08256 -45.11229 60.20325 7.12502 -0.00000 -0.00000 -1.72567 -21.71745 40.34525
-0.14385 0.94721 -0.30666 -4.08714 9.45739 380.65326 -0.00000 0.00000 -0.00000 -22.73949 -28.34379 4.39760 -5.41286 37.15603 16.01139 5.07254 -29.63409 5.94395 -0.10585 -5.75980 -2.10396 -0.00000 0.00000 -0.00000 19.62534 -11.60735 -9.71766 6.09968 38.97370 -17.12520 -3.86220 -20.08357 -9.45682 0.45397 -11.83983 4.37600 2.57513 -5.79965 5.67313 -0.18511 -0.17320 7.39748 -0.88703 3.34038 3.71944 7.66940 -3.37899 6.43635 -14.55010 20.29778 11.21908 -4.51155 7.81439 4.87950 0.00000 0.00000 -0.00000 -49.88820 36.33203 -10.46425 29.13796 -16.22880 -57.49665 -0.00000 23.57760 0.00000 22.95091 35.50775 53.90465 -7.12502 -0.00000 0.00000 -10.40469 -9.95215 268.26561 0.00000 0.00000 -0.00000 92.94896 41.22898 -16.11510 -22.97615 -9.04710 42.53983 0.00000 16.09990 -0.00000 -50.14068 -16.72988 13.51422 7.12502 -0.00000 -0.00000 -19.88348 -14.85539 -9.66789
-0.14430 0.95409 -0.29624 -2.80128 8.21378 388.60706 -0.00000 0.00000 -0.00000 -26.44362 -22.90037 -1.09112 -4.57324 34.66937 14.58033 4.38548 -29.63767 4.37071 -0.22801 -8.43131 -3.09259 -0.00000 0.00000 -0.00000 12.56640 -22.86682 -13.57282 19.03300 57.10581 -34.24533 -0.61589 -5.91353 -7.25062 0.02489 2.79786 -1.01920 1.36632 -5.37035 5.60568 -0.03015 0.35674 7.38684 -0.05440 3.47527 3.69560 6.15393 -4.36127 5.58165 -13.45742 20.52941 10.00282 -4.01302 7.82685 4.24869 -0.00000 0.00000 0.00000 -49.47787 46.62848 -3.95193 30.70187 -18.79513 -62.16978 -0.00000 23.98750 0.00000 20.44882 36.84055 58.12378 -7.12502 -0.00000 0.00000 -10.99543 -9.25732 264.62307 -0.00000 0.00000 0.00000 89.90148 32.52513 -8.58228 -24.07825 -10.08756 44.96292 0.00000 12.54670 -0.00000 -43.12833 -8.25105 8.71038 7.12502 -0.00000 -0.00000 -14.77958 -7.61708 -18.32444
-0.15024 0.96048 -0.28855 -3.51029 7.01265 397.02560 -0.00000 0.00000 -0.00000 -24.19039 -20.05695 1.10869 -3.46284 30.79390 12.52804 1.32100 -27.43312 -1.84781 -0.72843 -14.91133 -5.56196 -0.00000 0.00000 -0.00000 11.04987 -33.37438 -10.43944 38.16086 66.25930 -55.84785 -0.89065 -6.84211 -9.50301 0.48858 12.27387 -4.54169 1.75385 -4.29985 5.26486 0.46062 0.21505 6.91880 0.04316 2.72560 3.46793 5.40285 -4.76336 4.55639 -12.66536 20.52842 8.52007 -3.82453 7.71510 3.55586 -0.00000 0.00000 -0.00000 -54.78053 59.49597 3.69896 32.43709 -22.31651 -68.28346 -0.00000 24.40900 0.00000 19.60634 35.70459 58.60187 -7.12502 -0.00000 0.00000 -10.01093 -8.43237 264.71713 -0.00000 0.00000 -0.00000 83.86264 30.69591 -3.50928 -26.56823 -12.78635 50.77627 0.00000 14.04940 -0.00000 -35.55690 -5.16509 7.17842 7.12502 -0.00000 -0.00000 -8.22554 -3.65285 -21.21535
-0.15372 0.96965 -0.27757 -6.87559 5.25608 406.38326 -0.00000 0.00000 -0.00000 -22.69627 -17.91563 -5.71444 -3.06510 29.19112 11.73246 0.71519 -25.92702 -2.89894 -0.80886 -15.68665 -5.86679 -0.00000 0.00000 -0.00000 15.27184 -38.47263 -1.36498 27.80965 62.50851 -44.38160 -2.13698 -13.34926 -8.90551 0.15416 6.94357 -2.54053 4.89953 -5.48166 4.82009 1.45323 -0.29766 6.08804 -0.66326 3.06529 3.09064 4.31152 -5.17458 3.26335 -11.13325 20.43117 6.53643 -3.40826 7.52568 2.65806 0.00000 0.00000 0.00000 -59.66054 70.05837 3.04733 33.58706 -25.34233 -73.37074 -0.00000 26.29640 0.00000 18.35527 34.32736 59.52909 -7.12502 -0.00000 0.00000 -8.78066 -7.32184 264.52510 0.00000 0.00000 0.00000 72.71204 29.75752 3.04406 -28.54400 -15.35948 55.85624 0.00000 13.48790 -0.00000 -27.05893 -2.16387 4.22736 7.12502 -0.00000 -0.00000 -0.52148 -0.18742 -25.23175
-0.15860 0.97760 -0.26063 -7.20172 4.51884 415.05003 -0.00000 0.00000 -0.00000 -21.81877 -14.59205 -7.41920 -2.10983 24.67343 9.62525 -1.59412 -22.27417 -8.31801 -0.30936 -9.80378 -3.60590 -0.00000 0.00000 -0.00000 14.73642 -36.50298 6.07726 10.30132 47.32220 -23.24960 -3.27238 -17.46315 -9.79108 0.00847 -1.63265 0.59441 5.00131 -5.31600 4.45219 0.98063 -0.70666 5.63201 -1.30936 2.59207 2.85605 3.95237 -5.44153 1.66570 -8.88803 20.30296 3.89446 -2.99020 7.30471 1.55810 -0.00000 0.00000 -0.00000 -38.10075 77.37586 -27.12542 34.07843 -26.95596 -76.05209 -0.00000 26.12320 0.00000 17.18073 31.39571 59.31072 -7.12502 -0.00000 0.00000 -6.42993 -5.56371 265.70524 -0.00000 0.00000 -0.00000 63.63243 25.97702 8.13545 -29.90125 -17.42580 59.70491 0.00000 11.34080 -0.00000 -23.23464 0.05426 -0.12639 7.12502 -0.00000 -0.00000 3.10842 0.82703 -30.11544
-0.15930 0.98259 -0.23402 -7.97894 3.65496 423.13919 -0.00000 0.00000 -0.00000 -19.54306 -12.53958 -8.39053 -1.53604 21.29613 8.15652 -3.80900 -18.20332 -14.94457 -0.05133 -4.01547 -1.46407 -0.00000 0.00000 -0.00000 13.54299 -30.49497 12.72852 2.83998 28.22047 -11.26380 -1.87868 -12.11694 -8.92358 0.77841 -15.39834 5.75315 5.68920 -6.55008 3.74850 0.26583 -1.05767 4.60344 -2.44618 2.97020 2.35641 3.29456 -5.52785 0.86088 -6.95995 19.40496 2.40564 -2.45777 6.91814 0.95957 0.00000 0.00000 0.00000 -10.48398 77.13466 -64.19839 34.12026 -27.10739 -76.30320 -0.00000 28.09160 0.00000 15.16961 27.11801 59.25582 -7.12502 -0.00000 0.00000 -3.02810 -2.73515 267.05269 0.00000 0.00000 0.00000 56.80482 22.92009 14.22402 -30.68746 -18.76931 62.12385 0.00000 11.18390 -0.00000 -20.15434 1.29703 -3.52915 7.12502 -0.00000 -0.00000 6.03283 1.20851 -33.71398
-0.15724 0.98240 -0.19981 -6.23180 2.15907 427.87383 -0.00000 0.00000 -0.00000 -17.98386 -8.40012 -10.62785 -1.53552 21.29278 8.15510 -3.57198 -20.68144 -13.66582 -0.94002 -16.86461 -6.33475 -0.00000 0.00000 -0.00000 15.22439 -25.43341 13.55524 1.95199 23.80716 -9.24082 -1.38144 -8.61413 -11.40595 0.03245 -3.19394 1.16378 5.81131 -5.75245 3.13279 -0.49223 -0.70493 3.83204 -3.41166 2.89245 1.98172 3.40514 -5.01629 0.97942 -6.29156 18.14842 2.35040 -2.27259 6.41954 1.00551 -0.00000 0.00000 -0.00000 -12.34230 75.64283 -70.64357 33.61267 -25.42011 -73.50032 -0.00000 28.96950 0.00000 14.79605 26.99826 59.80710 -7.12502 -0.00000 0.00000 -2.85285 -2.53704 266.61381 -0.00000 0.00000 -0.00000 53.88225 22.37759 22.02392 -30.84394 -19.05216 62.62609 0.00000 14.09840 -0.00000 -17.31390 2.30891 -7.36391 7.12502 -0.00000 -0.00000 8.71529 1.14089 -37.59944
-0.15446 0.97789 -0.16184 -4.52889 0.18550 432.76397 -0.00000 0.00000 -0.00000 -14.81388 -11.16222 -8.51124 -3.10980 29.37814 11.82386 -5.00799 -21.07872 -17.15814 -0.53366 -12.81542 -4.74924 -0.00000 0.00000 -0.00000 16.22534 -20.66108 8.21185 1.52942 21.25306 -8.13828 -2.06026 -11.40528 -11.54461 0.04521 -3.76922 1.37400 6.89832 -4.53800 2.08855 -1.41999 -0.94225 2.49249 -5.18240 1.92294 1.29397 3.96484 -4.40035 1.34482 -5.05108 18.22016 2.60764 -1.95373 6.34099 1.27423 0.00000 0.00000 -0.00000 -30.64196 73.34507 -57.51612 32.03136 -21.40712 -66.72965 -0.00000 31.17130 0.00000 14.72144 27.77765 60.58654 -7.12502 -0.00000 0.00000 -3.36163 -2.89969 265.73589 0.00000 0.00000 -0.00000 58.97873 24.48142 27.32827 -30.59526 -18.60520 61.83140 0.00000 18.21580 -0.00000 -18.60783 2.97547 -8.76445 7.12502 -0.00000 -0.00000 7.42443 0.76500 -39.15003
-0.15613 0.97592 -0.12810 -3.50724 -2.47799 434.13950 -0.00000 0.00000 -0.00000 -10.14697 -19.00639 -4.44052 -8.29910 43.82581 20.44755 -3.81011 -14.83425 -16.27370 -0.40315 -11.16951 -4.12122 -0.00000 0.00000 -0.00000 20.01247 -20.02209 5.03413 1.78978 22.87060 -8.83138 -2.28681 -13.57210 -9.51955 0.09383 -5.42421 1.98056 7.86168 -3.24179 2.11539 -0.89429 -0.76033 2.57546 -5.21933 1.41508 1.32406 4.57546 -3.33862 1.28236 -5.07463 15.94982 2.36277 -2.10600 5.44321 1.19380 0.00000 0.00000 0.00000 -51.98663 65.35831 -42.22830 28.38845 -15.13992 -55.43652 -0.00000 34.22130 0.00000 17.32584 27.57135 56.02026 -7.12502 -0.00000 0.00000 -3.86635 -3.82922 269.65870 0.00000 0.00000 0.00000 66.44123 27.61020 28.77842 -30.51286 -18.46010 61.57215 0.00000 16.56190 -0.00000 -20.37019 3.79951 -10.11884 7.12502 -0.00000 -0.00000 5.64178 0.42290 -40.72704
-0.16109 0.97346 -0.10340 -4.13829 -3.40738 435.44410 -0.00000 0.00000 -0.00000 -9.15359 -28.23194 -4.29520 -18.29880 56.50552 33.36798 -1.77743 -14.08699 -9.65686 -0.14939 -6.83611 -2.50081 -0.00000 0.00000 -0.00000 22.35044 -21.55770 2.86006 1.93710 23.72322 -9.20386 -2.31045 -14.12409 -8.93431 0.09606 -5.48789 2.00397 7.79538 -4.11078 1.88786 -0.36348 -0.72042 2.19224 -4.61138 1.86382 1.15021 4.04587 -3.95701 1.77003 -3.65403 15.45163 2.79113 -1.52763 5.39287 1.44421 0.00000 0.00000 0.00000 -53.94035 55.10709 -40.01682 25.46941 -11.53034 -48.14470 -0.00000 33.62920 0.00000 18.17332 24.96730 52.12783 -7.12502 -0.00000 0.00000 2.88914 2.52024 446.06543 0.00000 0.00000 0.00000 72.03642 31.89302 31.12206 -29.57778 -16.90675 58.75404 0.00000 14.86950 -0.00000 -22.28933 4.30753 -10.38332 7.12502 -0.00000 -0.00000 3.74293 0.24980 -41.18726
-0.16643 0.96829 -0.08728 -3.90841 -5.10966 433.38893 -0.00000 0.00000 -0.00000 -8.50871 -29.99641 -4.56490 -26.28329 61.75711 42.65508 -0.64799 -14.13183 -5.24072 -0.00000 0.00047 0.00017 -0.00000 0.00000 -0.00000 25.59690 -22.62339 2.29323 2.35377 25.93567 -10.19592 -1.77241 -13.64488 -6.43977 0.05672 -4.22067 1.53917 8.18932 -3.81455 2.43841 0.90460 0.58184 2.85162 -3.41648 3.09483 1.55912 3.53704 -6.30462 2.32483 -3.49489 14.80106 3.41275 -1.29814 5.60275 1.67875 0.00000 0.00000 0.00000 -38.08191 46.77378 -47.03715 24.66056 -10.67286 -46.27648 -0.00000 26.99200 0.00000 17.54829 23.47478 51.55577 -7.12502 -0.00000 0.00000 1.80284 1.52269 445.17204 0.00000 0.00000 0.00000 73.19414 35.30399 36.84013 -28.07749 -14.71045 54.60875 0.00000 13.36800 -0.00000 -25.25252 5.09341 -10.65942 7.12502 -0.00000 -0.00000 0.80716 0.04542 -41.77962
-0.17141 0.96471 -0.08283 -5.05920 -5.76720 432.65887 -0.00000 0.00000 -0.00000 -10.85684 -28.02320 -9.19540 -24.59771 60.84843 40.73357 -0.32193 -12.90207 -3.78914 -0.21713 8.22955 3.01747 -0.00000 0.00000 -0.00000 26.71994 -26.37280 1.06458 3.02528 29.02300 -11.65060 -1.05576 -11.89996 -3.79924 0.07332 -4.79686 1.75028 7.80898 -2.87535 2.88764 2.47526 -0.06120 3.59628 -1.62002 1.85992 1.87068 3.21326 -6.62534 2.10616 -3.94206 14.54970 3.19562 -1.40404 5.57449 1.51946 0.00000 0.00000 -0.00000 -25.14921 39.34483 -50.43024 24.05615 -10.06584 -44.91352 -0.00000 22.17550 0.00000 17.41061 20.30862 47.90214 -7.12502 -0.00000 0.00000 -0.04434 -0.03224 441.02399 0.00000 0.00000 -0.00000 74.60269 37.22984 38.86501 -26.86483 -13.14509 51.50769 0.00000 11.92280 -0.00000 -27.60355 5.74775 -10.84302 7.12502 -0.00000 -0.00000 -1.52855 -0.07394 -42.23139
-0.17703 0.96312 -0.08883 -6.64556 -5.41973 434.18016 -0.00000 0.00000 -0.00000 -13.54297 -23.18803 -13.16793 -15.96862 54.38622 30.53936 0.55729 -16.89392 -0.92374 -0.00028 -0.29947 -0.10900 -0.00000 0.00000 -0.00000 26.41005 -31.86351 2.13589 4.41769 34.17115 -14.30515 -0.92610 -9.65691 -4.89042 0.01091 -1.85257 0.67453 7.75175 -3.22490 2.89058 3.20421 -0.53907 3.61033 -0.84597 1.50971 1.86439 2.90923 -6.67117 1.59624 -3.89758 13.64227 2.48168 -1.42372 5.27481 1.15439 -0.00000 0.00000 -0.00000 -17.26012 30.02380 -53.69878 22.52495 -8.64490 -41.56919 -0.00000 20.91660 0.00000 15.42913 14.41678 42.05367 -7.12502 -0.00000 0.00000 -4.71033 -2.59864 433.82210 -0.00000 0.00000 -0.00000 76.05062 38.16834 39.82115 -25.83679 -11.93804 49.01171 0.00000 10.38430 -0.00000 -30.98527 6.24172 -10.26230 7.12502 -0.00000 -0.00000 -4.80377 -0.25824 -41.93013
-0.18396 0.96050 -0.10214 -8.56800 -3.62883 436.14639 -0.00000 0.00000 -0.00000 -15.42306 -22.44047 -9.84001 -9.85854 46.60847 22.64384 2.20842 -23.12986 2.04459 -0.01071 -1.83606 -0.66852 -0.00000 0.00000 -0.00000 24.00707 -42.58037 2.72631 8.59156 44.38283 -20.86777 -0.53014 -5.05139 -8.33559 0.24278 8.69739 -3.19178 6.79308 -4.24031 2.39356 3.67585 -0.68560 2.90026 0.17794 1.80502 1.51540 3.39675 -6.31243 1.57647 -6.20558 10.78695 2.55099 -2.22604 4.37330 1.08391 -0.00000 0.00000 -0.00000 -12.11253 23.08388 -57.54516 21.51219 -7.78877 -39.43048 -0.00000 21.73890 0.00000 13.19790 10.85657 38.77043 -7.12502 -0.00000 0.00000 -8.37115 -3.85005 429.52714 -0.00000 0.00000 -0.00000 73.43441 39.83797 43.84280 -24.42033 -10.42827 45.73157 0.00000 7.78844 -0.00000 -34.52900 6.47764 -9.31190 7.12502 -0.00000 -0.00000 -8.18157 -0.54900 -41.18716
-0.18214 0.95316 -0.11391 -9.15265 -2.45074 437.16706 -0.00000 0.00000 -0.00000 -16.34311 -23.28572 -5.45621 -8.25211 43.73466 20.37964 2.74828 -26.30969 2.05928 -0.00016 0.22220 0.08088 -0.00000 0.00000 -0.00000 23.97301 -50.20483 -0.04333 12.82111 50.87513 -26.58137 -3.58632 -12.93570 -20.72532 1.44411 20.68759 -7.89990 6.29967 -4.90157 1.80962 4.01986 -0.67481 2.08414 0.78223 2.11994 1.11547 3.27311 -6.67728 2.01090 -7.11224 10.22342 3.21569 -2.42335 4.30572 1.35675 0.00000 0.00000 -0.00000 -2.61681 22.95383 -63.23217 22.46277 -8.59050 -41.43631 -0.00000 20.77980 0.00000 9.05705 7.42327 39.02484 -7.12502 -0.00000 0.00000 -13.14936 -5.80968 428.42683 0.00000 0.00000 -0.00000 70.03512 42.20003 48.35178 -23.31616 -9.35910 43.27916 0.00000 3.62794 -0.00000 -36.58046 6.93807 -9.24487 7.12502 -0.00000 -0.00000 -10.19055 -0.66033 -41.33168
-0.16550 0.94631 -0.12145 -8.11663 -0.57408 435.57918 -0.00000 0.00000 -0.00000 -18.21884 -22.99453 -2.31458 -8.74934 44.67615 21.09275 2.97425 -27.20296 2.22154 -0.00853 1.63892 0.59669 -0.00000 0.00000 -0.00000 24.87653 -51.14598 -5.37726 14.35636 52.69520 -28.53504 -2.92863 -13.40902 -13.99051 0.81068 15.70366 -5.87350 5.58015 -5.89886 1.54820 3.70348 -0.52701 1.66873 0.86728 2.80842 0.90971 3.75381 -6.32640 2.71991 -7.79340 11.03594 4.27680 -2.61153 4.56668 1.86153 -0.00000 0.00000 -0.00000 5.31013 26.34444 -68.98969 23.90296 -9.91632 -44.57221 -0.00000 19.46920 0.00000 5.04936 4.51582 41.70408 -7.12502 -0.00000 0.00000 -17.28240 -8.23953 429.73172 -0.00000 0.00000 -0.00000 70.71629 43.85447 50.86759 -21.73066 -7.96818 39.88742 0.00000 1.49045 -0.00000 -36.87559 6.20745 -8.20221 7.12502 -0.00000 -0.00000 -10.34569 -0.90067 -40.07864
-0.13555 0.93979 -0.12562 -6.08369 1.54590 432.18478 -0.00000 0.00000 -0.00000 -19.73826 -22.78081 1.85988 -11.02641 48.42816 24.22717 2.08842 -23.99802 1.32156 -0.09934 -5.58044 -2.03799 -0.00000 0.00000 -0.00000 26.02860 -42.84273 -7.28191 8.72103 44.62389 -21.05248 -5.38640 -20.36250 -14.85471 1.56046 21.45415 -8.22353 4.97132 -6.39536 1.65430 3.16627 -0.53663 1.80644 0.68230 3.07865 0.96869 5.15688 -5.74601 3.66139 -9.54196 11.33465 5.67886 -3.26018 4.71575 2.52772 -0.00000 0.00000 0.00000 15.53435 30.46600 -73.65502 26.47915 -12.68030 -50.55845 -0.00000 12.32480 0.00000 1.24770 1.24632 44.96133 -7.12502 -0.00000 0.00000 -21.27655 -11.14941 431.40734 -0.00000 0.00000 0.00000 72.01588 46.08870 51.92684 -19.86465 -6.52329 36.05417 0.00000 -0.81105 0.00000 -35.81917 5.45151 -7.49887 7.12502 -0.00000 -0.00000 -9.23098 -0.95984 -39.11509
-0.10870 0.93810 -0.13182 -4.54882 1.78154 428.50522 -0.00000 0.00000 -0.00000 -14.67111 -30.87046 7.21060 -26.38980 61.81165 42.77595 -0.67184 -13.18365 -5.35447 -1.48020 -20.92919 -8.00151 -0.00000 0.00000 -0.00000 28.74780 -33.77274 0.09505 6.28624 39.43860 -17.42033 -6.66737 -24.34449 -14.32362 1.17629 18.77353 -7.10673 5.93073 -5.11540 2.68671 3.11196 -0.41939 3.21361 0.16636 2.56926 1.67135 6.01315 -6.52294 4.05015 -10.06023 11.63549 6.17391 -3.49206 5.01084 2.74869 -0.00000 0.00000 -0.00000 33.37330 27.67720 -79.79913 30.37810 -18.22585 -61.15227 -0.00000 -2.26223 -0.00000 -2.54883 -3.05410 50.12104 -7.12502 -0.00000 0.00000 -25.31739 -15.45497 434.39266 -0.00000 0.00000 -0.00000 75.02312 46.25638 49.90208 -19.05106 -5.95189 34.42728 0.00000 -7.25676 0.00000 -38.07398 4.80406 -6.10222 7.12502 -0.00000 -0.00000 -11.26143 -1.48603 -37.57962
-0.08576 0.94377 -0.14197 -3.56035 1.26173 429.36987 -0.00000 0.00000 -0.00000 -11.73110 -35.81395 3.13193 -43.87488 67.60815 62.05703 -0.80371 -12.87069 -5.94463 -0.91889 -16.68126 -6.26151 -0.00000 0.00000 -0.00000 25.90666 -31.64036 -2.99583 5.95117 38.59521 -16.88812 -6.66919 -24.30165 -14.37638 1.28663 19.58989 -7.44253 5.97847 -4.03231 2.09619 3.71019 -0.28338 2.51308 0.64785 2.05263 1.31924 5.88422 -6.65788 4.53489 -10.72210 12.33788 7.01690 -3.57095 5.32508 3.10658 -0.00000 0.00000 -0.00000 39.58222 17.67435 -77.94833 33.43967 -24.90567 -72.64246 -0.00000 -21.55190 -0.00000 -3.47314 -5.04206 55.37224 -7.12502 -0.00000 0.00000 -25.76892 -18.66146 438.53717 -0.00000 0.00000 -0.00000 83.69414 43.69413 43.11460 -19.18161 -6.04131 34.68670 0.00000 -13.58850 0.00000 -40.31868 3.76267 -4.42187 7.12502 -0.00000 -0.00000 -13.23207 -2.22844 -35.61020
-0.06443 0.95940 -0.15500 -2.94542 1.93043 430.39409 -0.00000 0.00000 -0.00000 -13.50572 -32.59920 -5.85996 -31.11992 63.93733 48.08893 1.03671 -17.29678 0.75727 -0.24337 -8.70788 -3.19570 -0.00000 0.00000 -0.00000 22.74734 -28.00737 -4.79122 4.44176 34.24908 -14.34796 -6.81673 -23.10475 -16.26568 1.26312 19.41946 -7.37212 4.16244 -3.73116 1.22059 4.18150 0.01072 1.42765 2.06978 2.09661 0.76439 5.18073 -6.46268 5.27594 -11.88196 12.86564 8.37726 -3.65867 5.57057 3.67438 -0.00000 0.00000 -0.00000 34.30537 2.72541 -72.15324 34.01027 -26.71466 -75.65184 -0.00000 -46.22240 -0.00000 -1.90651 -2.99385 57.48927 -7.12502 -0.00000 0.00000 -22.90211 -18.26745 441.57434 -0.00000 0.00000 -0.00000 89.80798 41.23305 35.94512 -20.84443 -7.25765 38.04781 0.00000 -23.50440 0.00000 -43.11738 3.24820 -3.46291 7.12502 -0.00000 -0.00000 -15.79075 -2.99959 -34.51657
-0.04426 0.97914 -0.17293 -4.28607 3.00844 427.81585 -0.00000 0.00000 -0.00000 -13.07161 -26.34982 -10.56108 -12.33555 50.25012 25.95267 0.73261 -20.31050 -1.34048 -0.28430 -9.40339 -3.45571 -0.00000 0.00000 -0.00000 22.26127 -24.42586 -2.94491 2.65745 27.39509 -10.87253 -6.42055 -21.02353 -17.81935 1.37691 20.22824 -7.70766 3.96382 -4.44981 1.32499 3.69285 -0.45903 1.55038 1.69160 2.02285 0.81718 5.37663 -5.91011 6.16825 -12.52172 13.27712 9.75353 -3.74399 5.73918 4.32667 -0.00000 0.00000 -0.00000 27.43248 -9.65610 -69.36834 32.13358 -21.63030 -67.11234 -0.00000 -67.16390 -0.00000 0.00671 0.01050 57.40880 -7.12502 -0.00000 0.00000 -19.94208 -16.35593 442.81646 -0.00000 0.00000 -0.00000 96.00479 38.89184 27.44202 -23.28117 -9.32663 43.20275 0.00000 -33.76220 0.00000 -43.51525 0.49451 -0.52080 7.12502 -0.00000 -0.00000 -15.83113 -4.16666 -30.62798
-0.02546 0.98901 -0.19535 -5.38569 4.34825 422.72820 -0.00000 0.00000 -0.00000 -13.24294 -17.31004 -13.71890 -4.11043 33.14752 13.75081 -0.41904 -18.39066 -4.66522 -0.75242 -15.14728 -5.65447 -0.00000 0.00000 -0.00000 22.03128 -21.15432 0.53177 1.53624 21.29743 -8.15707 -5.86466 -19.44359 -18.20091 1.46600 20.83455 -7.96167 2.99327 -4.72929 1.54326 3.71425 -0.85626 1.88928 2.27398 1.73759 0.97496 4.23074 -7.03557 6.87061 -12.69238 13.85900 10.93179 -3.39409 6.14406 4.76596 -0.00000 0.00000 -0.00000 18.41741 -17.14584 -69.97682 28.10397 -14.74654 -54.67866 -0.00000 -78.05640 -0.00000 2.31988 4.02871 60.03110 -7.12502 -0.00000 0.00000 -15.54205 -14.49800 446.99207 -0.00000 0.00000 -0.00000 98.63881 37.34068 21.55548 -25.85271 -11.95597 49.04955 0.00000 -43.55550 0.00000 -42.22396 1.76490 -1.94372 7.12502 -0.00000 -0.00000 -14.77186 -3.35505 -32.48643
-0.00887 0.99101 -0.22404 -6.06652 5.13629 417.32599 -0.00000 0.00000 -0.00000 -14.64848 -13.50985 -12.21982 -2.43670 26.34572 10.38414 0.46679 -17.90567 -1.54709 -0.66251 -14.24031 -5.30003 -0.00000 0.00000 -0.00000 21.13101 -20.13605 3.10903 1.13456 18.45337 -6.97599 -4.63899 -16.95911 -17.04345 0.72975 14.92442 -5.56708 2.47682 -4.75804 1.15498 3.99289 -0.93308 1.39375 2.81709 1.66497 0.72416 4.45482 -8.45800 8.02755 -13.36227 15.47982 12.80496 -3.25218 7.05644 5.50318 -0.00000 0.00000 -0.00000 4.80996 -21.55034 -73.82249 23.12917 -9.18655 -42.87169 -0.00000 -76.47210 -0.00000 3.57339 6.72612 61.93415 -7.12502 -0.00000 0.00000 13.43401 12.51536 267.21521 -0.00000 0.00000 -0.00000 97.52982 37.11605 20.72859 -27.16677 -13.51960 52.26252 0.00000 -49.78200 0.00000 -44.35028 1.58131 -1.61695 7.12502 -0.00000 -0.00000 -16.73355 -3.94754 -32.10281
0.00450 0.99062 -0.25449 -6.82560 5.64489 412.57560 -0.00000 0.00000 -0.00000 -15.13935 -13.51880 -5.34056 -1.56716 21.49721 8.24181 1.53745 -19.75595 1.49039 -0.45323 -11.83037 -4.37240 -0.00000 0.00000 -0.00000 19.81225 -22.52315 3.38588 1.26202 19.41144 -7.36882 -3.55516 -15.67531 -13.60333 0.16855 7.25826 -2.65697 1.90597 -4.89366 0.67948 4.48970 -0.67712 0.75921 3.62281 2.01103 0.40224 3.81551 -9.01264 7.82598 -13.35150 14.01644 12.37399 -3.24014 6.63672 5.28893 -0.00000 0.00000 -0.00000 -7.32714 -24.23532 -77.82450 18.99297 -5.91237 -34.31204 -0.00000 -69.66430 -0.00000 4.72349 9.84643 64.21110 -7.12502 -0.00000 0.00000 11.52316 9.83531 264.95821 -0.00000 0.00000 -0.00000 96.16294 34.11809 24.48912 -27.31782 -13.71060 52.64421 0.00000 -51.91490 0.00000 -43.59481 5.53630 -5.78595 7.12502 -0.00000 -0.00000 -16.55841 -2.20576 -37.62411
0.01579 0.98792 -0.28567 -6.96761 6.14723 407.79298 -0.00000 0.00000 -0.00000 -16.30059 -14.34931 -2.83292 -1.45703 20.77452 7.93642 2.31623 -21.01033 3.44074 -0.69156 -14.54026 -5.41690 -0.00000 0.00000 -0.00000 17.08887 -27.08978 0.67773 1.75425 22.65858 -8.73954 -2.17884 -14.40931 -7.87074 0.31103 -9.82985 3.61569 1.56262 -4.71264 0.71341 4.42780 -0.64698 0.82415 3.75278 1.93355 0.42936 4.47331 -8.73984 7.11710 -13.93690 14.28828 11.43198 -3.66697 6.68824 4.82151 -0.00000 0.00000 -0.00000 -12.75204 -23.10009 -77.41167 17.63507 -5.03515 -31.65010 -0.00000 -66.82630 -0.00000 5.73461 12.89831 65.77784 -7.12502 -0.00000 0.00000 9.41661 7.53122 263.31883 -0.00000 0.00000 -0.00000 96.66963 29.27727 28.49635 -26.71282 -12.96012 51.13161 0.00000 -49.45590 0.00000 -41.71040 7.89473 -8.76069 7.12502 -0.00000 -0.00000 -15.16763 -0.99716 -41.32687
0.02703 0.98449 -0.31237 -6.49374 6.45351 403.09273 -0.00000 0.00000 -0.00000 -17.44455 -17.93529 -0.21109 -2.22690 25.29011 9.90244 2.97117 -23.09299 4.29654 -0.47134 -12.05981 -4.45991 -0.00000 0.00000 -0.00000 13.18885 -32.03192 -4.18952 3.00380 28.93169 -11.60627 -1.88520 -16.95886 -4.31228 0.43361 -11.57625 4.27566 2.31629 -4.28037 1.58442 3.76014 -0.34383 1.95468 2.70771 1.98896 0.99520 2.73506 -9.98955 5.08387 -12.03948 15.30425 8.66689 -3.07563 6.86870 3.43985 0.00000 0.00000 -0.00000 -10.42749 -19.90034 -72.37703 18.85857 -5.82159 -34.04587 -0.00000 -69.85280 -0.00000 6.73287 16.72666 67.69716 -7.12502 -0.00000 0.00000 6.66897 4.91051 261.20772 0.00000 0.00000 -0.00000 94.39320 23.64103 35.02487 -25.06811 -11.09822 47.21113 0.00000 -34.31010 0.00000 -37.37665 10.38628 -13.27886 7.12502 -0.00000 -0.00000 -11.60364 0.29354 -46.42927
0.03700 0.97793 -0.33088 -5.67844 5.72991 399.57522 -0.00000 0.00000 -0.00000 -17.47857 -19.50559 3.02120 -2.89011 28.44096 11.36944 3.31058 -24.72121 4.34186 -0.26389 -9.06344 -3.32849 -0.00000 0.00000 -0.00000 8.41054 -33.70315 -7.07084 6.10036 38.97540 -17.12628 -5.11789 -20.96214 -13.09355 0.16276 7.13348 -2.61078 3.08668 -2.94545 2.38615 3.07214 -0.21739 3.05654 1.57141 1.41482 1.54658 0.45072 -12.14711 1.90106 -8.94813 18.08593 4.41779 -2.24813 7.77491 1.35970 0.00000 0.00000 -0.00000 -7.00118 -15.57376 -66.94850 21.51191 -7.78855 -39.42991 -0.00000 -74.19070 -0.00000 7.38311 20.38531 69.59507 -7.12502 -0.00000 0.00000 3.94916 2.67464 259.05677 0.00000 0.00000 -0.00000 84.53940 20.22487 43.58420 -20.57005 -7.04673 37.48545 0.00000 -31.24980 0.00000 -24.95602 9.48503 -19.49917 7.12502 -0.00000 -0.00000 -0.02334 0.00269 -51.58250
0.04753 0.97517 -0.34408 -6.01248 5.35451 397.95677 -0.00000 0.00000 -0.00000 -17.70434 -20.70234 3.36729 -3.27170 30.04042 12.15053 3.82891 -25.67062 5.19972 -0.10258 -5.67036 -2.07106 -0.00000 0.00000 -0.00000 3.47669 -32.35165 -7.80172 8.24075 43.71255 -20.36321 -4.96354 -17.15874 -18.32658 2.16771 24.98095 -9.76310 5.13608 -2.81752 3.23291 2.38739 -0.20934 4.12851 -0.22134 1.53818 2.09411 -2.61432 -13.52837 -2.14459 -5.57393 19.39855 -1.07319 -1.56343 8.25199 -1.19799 0.00000 0.00000 -0.00000 -6.09216 -12.68865 -64.82314 23.82417 -9.84009 -44.39728 -0.00000 -75.56360 -0.00000 7.97991 22.25115 69.68536 -7.12502 -0.00000 0.00000 2.40466 1.60785 258.74925 0.00000 0.00000 -0.00000 74.32200 19.01598 47.67273 -17.94691 -5.22887 32.25623 0.00000 -31.01710 0.00000 -10.94395 4.09170 -20.25437 7.12502 -0.00000 -0.00000 14.31493 -1.27137 -49.96944
0.05436 0.97721 -0.34992 -6.81891 5.68694 396.05302 -0.00000 0.00000 -0.00000 -17.83782 -20.62444 3.08399 -2.97080 28.79057 11.53791 4.56587 -26.00385 6.95196 -0.02593 -2.85539 -1.04020 -0.00000 0.00000 -0.00000 0.33630 -28.53731 -5.96079 6.54650 40.06846 -17.82731 -2.85268 -11.20067 -20.50484 2.21710 25.23929 -9.87948 6.70303 -3.43650 4.47907 2.00724 -0.36595 5.69266 -1.33847 1.96811 2.89039 -4.70337 -13.49528 -5.15145 -3.49024 19.37306 -5.19234 -1.25451 8.23272 -3.08888 0.00000 0.00000 -0.00000 -6.53737 -11.80313 -64.12667 25.17497 -11.21198 -47.45840 -0.00000 -74.01860 -0.00000 7.61276 22.39070 70.66534 -7.12502 -0.00000 0.00000 2.41705 1.56072 257.83207 0.00000 0.00000 -0.00000 62.47904 21.06966 48.89732 -17.22438 -4.78682 30.85621 0.00000 -38.68130 0.00000 -0.36175 0.14110 -21.30825 7.12502 -0.00000 -0.00000 25.14527 -1.98471 -49.21972
0.05659 0.97967 -0.34967 -7.46034 5.85181 395.68817 -0.00000 0.00000 -0.00000 -17.95822 -19.80264 1.83336 -2.66404 27.42554 10.88685 4.99941 -26.02855 8.09098 -0.00039 0.35246 0.12829 -0.00000 0.00000 -0.00000 -0.96923 -22.52365 -3.38672 3.97416 32.67556 -13.50001 0.20571 -2.09360 -16.10877 0.90027 16.51779 -6.19634 8.03455 -4.02290 5.12566 1.69113 -0.45001 6.44779 -2.27870 2.43646 3.28819 -5.71514 -13.11417 -6.84002 -2.56264 19.05241 -7.51654 -1.16489 8.09040 -4.16504 -0.00000 0.00000 -0.00000 -5.42922 -12.49248 -62.14073 26.21329 -12.36841 -49.91332 -0.00000 -73.13390 -0.00000 6.32276 21.06934 72.86983 -7.12502 -0.00000 0.00000 3.81655 2.29211 255.94362 -0.00000 0.00000 -0.00000 53.43630 25.24204 47.78723 -18.85608 -5.81991 34.04093 0.00000 -46.53020 0.00000 8.42485 -3.35785 -21.57691 7.12502 -0.00000 -0.00000 34.18759 -1.99916 -47.93986
0.05283 0.97980 -0.34497 -8.36275 5.58240 396.43736 -0.00000 0.00000 -0.00000 -16.78639 -20.10793 1.23556 -2.71152 27.64337 10.98955 5.17192 -26.30525 8.34936 -0.00169 -0.72948 -0.26553 -0.00000 0.00000 -0.00000 1.17262 -17.45331 -0.73712 2.56781 26.97608 -10.67633 -0.17903 -3.60220 -16.74837 0.00043 -0.36798 0.13393 8.87420 -4.44230 5.39626 1.65686 -0.81647 6.74806 -2.73958 2.41484 3.43526 -6.33447 -12.29955 -7.72420 -1.19618 19.10252 -8.93750 -0.82986 8.03582 -4.75063 -0.00000 0.00000 0.00000 -2.37717 -13.61624 -59.97904 26.68582 -12.92751 -51.06508 -0.00000 -74.95700 -0.00000 5.37240 19.78189 74.47107 -7.12502 -0.00000 0.00000 5.11744 2.91172 254.56285 -0.00000 0.00000 0.00000 48.51439 28.86475 45.91287 -20.56065 -7.03958 37.46625 0.00000 -51.71010 0.00000 13.36995 -5.07695 -20.42146 7.12502 -0.00000 -0.00000 39.16877 -0.93850 -46.15180
0.04730 0.97795 -0.34095 -8.75377 5.36735 397.14205 -0.00000 0.00000 -0.00000 -16.19421 -20.80894 0.30543 -3.01180 28.96575 11.62280 5.28119 -26.86980 8.22809 -0.00671 1.45341 0.52912 -0.00000 0.00000 -0.00000 2.97924 -15.47855 -0.58798 2.07923 24.50869 -9.55170 -1.37604 -7.43452 -19.80568 0.05583 -4.18741 1.52699 9.06009 -4.80822 5.20035 1.73988 -1.02883 6.45185 -2.76332 2.37521 3.28244 -6.68722 -12.07954 -7.96829 -0.32442 19.31272 -9.39718 -0.57014 8.12402 -4.91118 -0.00000 0.00000 -0.00000 -0.02185 -14.81226 -58.20448 26.44327 -12.63782 -50.47096 -0.00000 -75.46110 -0.00000 4.59546 18.76654 75.97211 -7.12502 -0.00000 0.00000 6.17684 3.33014 253.22427 -0.00000 0.00000 -0.00000 44.76170 32.27557 45.19492 -21.73279 -7.96994 39.89188 0.00000 -54.10380 0.00000 16.65176 -6.65599 -21.18265 7.12502 -0.00000 -0.00000 42.56141 -1.05076 -46.14402
0.04458 0.97612 -0.33983 -8.25827 5.21210 396.98723 -0.00000 0.00000 -0.00000 -16.67718 -20.45395 -0.43481 -3.14669 29.53107 11.89888 5.60055 -27.22477 8.79126 -0.02145 2.59723 0.94601 -0.00000 0.00000 -0.00000 3.17350 -14.17681 0.05221 1.91958 23.62396 -9.16023 -2.06431 -9.25271 -20.11791 0.04851 -3.90413 1.42334 9.16138 -5.28443 5.06157 1.70474 -0.78604 6.18857 -2.79696 2.87562 3.17499 -6.47018 -12.42031 -7.89086 -0.58308 19.60879 -9.25820 -0.69743 8.25762 -4.85388 -0.00000 0.00000 -0.00000 -0.15147 -15.09908 -58.59798 25.86363 -11.96828 -49.07552 -0.00000 -75.12750 -0.00000 4.47899 18.39099 76.05646 -7.12502 -0.00000 0.00000 6.51234 3.50442 253.16756 -0.00000 0.00000 -0.00000 48.15267 31.24855 44.25315 -21.36180 -7.66692 39.11728 0.00000 -51.51880 0.00000 15.11904 -6.22518 -21.86816 7.12502 -0.00000 -0.00000 41.06649 -1.69627 -46.94573
0.04161 0.97630 -0.34492 -8.07711 5.30249 396.45190 -0.00000 0.00000 -0.00000 -16.76648 -21.13452 -0.21169 -3.27209 30.04198 12.15131 5.34296 -26.72500 8.49252 -0.00912 1.69424 0.61685 -0.00000 0.00000 -0.00000 2.95155 -14.94729 0.03292 1.97675 23.94581 -9.30197 -2.03925 -9.20895 -19.90022 0.03450 -3.29308 1.19999 9.07956 -5.12365 4.85444 2.02241 -0.77726 5.93065 -2.46596 2.72581 3.04038 -6.21118 -13.30611 -7.50696 -0.50333 19.54895 -8.75177 -0.66799 8.38431 -4.58640 -0.00000 0.00000 -0.00000 -0.68282 -15.35600 -61.71255 24.39668 -10.40444 -45.67817 -0.00000 -73.60260 -0.00000 4.36971 17.27186 75.56713 -7.12502 -0.00000 0.00000 7.41803 4.08654 253.69398 -0.00000 0.00000 -0.00000 60.11339 24.20513 43.01768 -19.76391 -6.45069 35.85138 0.00000 -43.37620 0.00000 11.04319 -4.96220 -23.90351 7.12502 -0.00000 -0.00000 36.98637 -3.26672 -49.32664
0.03786 0.97748 -0.35657 -7.54663 5.45942 396.06506 -0.00000 0.00000 -0.00000 -17.68245 -21.25597 -0.26417 -3.13335 29.47590 11.87179 5.30195 -26.00454 8.92037 -0.00947 1.72648 0.62859 -0.00000 0.00000 -0.00000 2.03536 -15.98643 -0.05041 2.02023 24.18679 -9.40859 -1.78788 -8.53400 -20.02228 0.00002 0.07397 -0.02692 8.55438 -4.24765 4.54551 2.33542 -0.48551 5.62309 -1.94587 2.43168 2.88033 -4.95408 -14.87128 -6.85310 -1.70217 18.85592 -7.80451 -1.13617 8.32379 -4.16900 -0.00000 0.00000 -0.00000 -1.59876 -17.55112 -69.02560 21.92170 -8.12740 -40.28892 -0.00000 -70.16850 -0.00000 5.07800 17.60749 73.62934 -7.12502 -0.00000 0.00000 6.86775 4.06989 255.50969 -0.00000 0.00000 -0.00000 74.83386 13.49964 45.12802 -18.02722 -5.27950 32.41281 0.00000 -32.30440 0.00000 0.76110 -0.34092 -24.12734 7.12502 -0.00000 -0.00000 26.20303 -3.24331 -51.55808
0.03549 0.97843 -0.37260 -7.17790 5.60715 395.76623 -0.00000 0.00000 -0.00000 -18.31800 -22.19308 0.68228 -3.03457 29.06239 11.66976 4.98821 -25.03201 8.80578 -0.00713 1.49765 0.54523 -0.00000 0.00000 -0.00000 0.81019 -17.05121 0.37447 2.05639 24.38478 -9.49652 -0.89389 -6.08905 -19.58251 0.00141 0.66647 -0.24259 7.74510 -3.19370 3.87302 3.29976 -0.31509 4.86149 -0.65228 1.80168 2.48128 -4.01953 -16.80292 -5.59897 -4.06898 18.70422 -5.70489 -1.75513 8.54009 -3.35995 -0.00000 0.00000 0.00000 -8.48722 -21.17731 -81.62144 19.23879 -6.08075 -34.80052 -0.00000 -64.38850 -0.00000 6.10363 17.97758 70.89081 -7.12502 -0.00000 0.00000 6.15446 4.02678 258.07343 -0.00000 0.00000 0.00000 82.78047 8.22991 49.54419 -17.60434 -5.01630 31.59053 0.00000 -27.15020 0.00000 -13.65840 6.63898 -25.44344 7.12502 -0.00000 -0.00000 10.81658 -2.07564 -55.73407
0.03621 0.97795 -0.38703 -6.41782 6.02752 395.48954 -0.00000 0.00000 -0.00000 -19.12737 -23.31829 2.60454 -2.97542 28.81036 11.54749 4.32334 -24.48823 7.32865 -0.00571 1.34008 0.48784 -0.00000 0.00000 -0.00000 -0.60428 -17.72243 1.47213 2.11875 24.72114 -9.64658 -0.26018 -4.32541 -20.06342 0.00003 -0.10310 0.03753 6.24406 -2.52166 3.36126 3.78243 -0.53056 4.31170 0.56170 1.02322 2.18083 -3.06572 -17.02228 -4.29817 -5.49842 17.66392 -3.90168 -2.01687 8.22220 -2.58243 0.00000 0.00000 -0.00000 -16.66239 -21.76730 -92.61648 20.13441 -6.72032 -36.59914 -0.00000 -63.16990 -0.00000 7.18483 17.31421 67.04377 -7.12502 -0.00000 0.00000 6.07419 4.56182 261.77484 0.00000 0.00000 -0.00000 80.74995 8.04045 51.94316 -18.39890 -5.51775 33.14012 0.00000 -30.98200 0.00000 -25.94835 13.29871 -25.30047 7.12502 -0.00000 -0.00000 -2.23755 0.53063 -58.33444
0.04239 0.97677 -0.39521 -5.55239 5.44221 394.85064 -0.00000 0.00000 -0.00000 -19.61594 -22.82047 3.86386 -3.04976 29.12653 11.70098 4.31217 -25.20868 6.79911 -0.00698 1.48263 0.53976 -0.00000 0.00000 -0.00000 -1.15936 -17.60501 2.25276 2.28330 25.57989 -10.03375 -0.18425 -4.22631 -20.83668 0.02684 2.90515 -1.05835 5.58519 -2.28441 3.21256 4.15867 -0.98563 4.18617 1.25211 0.34421 2.10345 -2.63820 -16.13288 -3.42225 -7.29984 17.71764 -2.47138 -2.39583 8.10229 -2.04389 -0.00000 0.00000 0.00000 -15.07113 -20.44518 -90.93985 25.30891 -11.35590 -47.76969 -0.00000 -69.01490 -0.00000 7.42778 15.03188 63.31276 -7.12502 -0.00000 0.00000 7.20218 6.20670 265.54901 -0.00000 0.00000 0.00000 72.74108 10.16370 49.65068 -20.88969 -7.29285 38.14089 0.00000 -39.15180 0.00000 -30.58945 17.44697 -26.89348 7.12502 -0.00000 -0.00000 -7.61924 2.25341 -61.37973
0.05178 0.97119 -0.39669 -4.48096 4.41916 395.18902 -0.00000 0.00000 -0.00000 -20.42213 -21.81355 3.86064 -3.47750 30.85050 12.55665 4.51214 -26.86574 6.25541 -0.00648 1.42799 0.51986 -0.00000 0.00000 -0.00000 -2.13553 -18.27933 2.12620 3.16085 29.58946 -11.92759 0.04080 -3.56352 -20.64490 0.14449 6.72372 -2.45928 5.05175 -2.87117 3.32518 4.04797 -1.52257 4.33436 1.43911 0.09123 2.17111 -2.02137 -15.95966 -2.84899 -7.99360 19.53540 -1.56048 -2.60603 8.70673 -1.67478 -0.00000 0.00000 0.00000 -13.40173 -16.33000 -82.36431 30.90973 -19.17279 -62.83959 -0.00000 -66.86120 -0.00000 7.18544 11.34070 57.33533 -7.12502 -0.00000 0.00000 -9.41801 -8.56987 86.93576 -0.00000 0.00000 0.00000 66.52861 10.41924 44.34696 -24.21096 -10.21870 45.26013 0.00000 -42.36750 0.00000 -34.43710 17.93251 -24.18234 7.12502 -0.00000 -0.00000 -10.98710 2.81260 -59.18414
0.06347 0.96510 -0.39360 -4.23178 2.46984 398.62151 -0.00000 0.00000 -0.00000 -20.76352 -20.06779 2.04805 -4.05021 32.94037 13.64037 4.21881 -28.54605 4.56121 -0.01137 1.89130 0.68864 -0.00000 0.00000 -0.00000 -2.19858 -19.02137 1.93561 5.17450 36.48226 -15.61366 0.49429 -2.06904 -19.90522 0.77517 15.36730 -5.74093 5.85512 -4.51109 2.39041 3.85630 -1.74896 2.94035 0.84000 0.80696 1.48198 -2.46552 -15.60110 -2.63403 -6.86615 20.49758 -1.34970 -2.12909 8.99119 -1.50469 0.00000 0.00000 0.00000 -17.00870 -9.91606 -70.58160 34.05779 -26.88217 -75.92972 -0.00000 -67.86610 -0.00000 4.92738 6.30368 51.86160 -7.12502 -0.00000 0.00000 -14.59721 -10.49886 79.97961 0.00000 0.00000 0.00000 61.87593 9.34072 39.97437 -27.48273 -13.92199 53.06417 0.00000 -38.36400 0.00000 -34.53684 16.56145 -22.49788 7.12502 -0.00000 -0.00000 -10.65012 2.32220 -57.15952
0.06963 0.95970 -0.38546 -3.98758 1.15692 401.97451 -0.00000 0.00000 -0.00000 -21.21657 -18.32369 -0.71677 -4.55761 34.61989 14.55284 4.19868 -29.77184 3.87783 -0.00250 0.88718 0.32294 -0.00000 0.00000 -0.00000 -1.40921 -22.59964 2.00174 9.22656 45.53435 -21.76640 0.02555 -3.23348 -18.63482 2.13926 24.83045 -9.69554 4.35740 -5.26732 1.83375 3.81135 -2.27219 2.24578 1.59950 0.61835 1.13710 -2.95124 -15.71210 -2.79627 -6.16948 20.82645 -1.58144 -1.86875 9.12908 -1.58341 0.00000 0.00000 -0.00000 -23.09267 -1.71636 -55.03946 35.20133 -33.39875 -86.80222 -0.00000 -63.54290 -0.00000 2.08773 2.24009 46.99638 -7.12502 -0.00000 0.00000 -19.73704 -11.35054 73.74715 0.00000 0.00000 -0.00000 56.61504 6.46927 36.64727 -30.86442 -19.08961 62.69241 0.00000 -29.38120 0.00000 -33.62187 11.73690 -17.00967 7.12502 -0.00000 -0.00000 -8.47748 0.79473 -50.31650
0.07256 0.95696 -0.37402 -4.48374 0.56100 405.54480 -0.00000 0.00000 -0.00000 -20.16754 -18.08968 -1.33402 -4.74990 35.22000 14.88875 3.33357 -29.77798 1.92742 -0.05274 -4.07011 -1.48406 -0.00000 0.00000 -0.00000 0.45558 -26.21517 1.53033 12.21576 50.09193 -25.79668 -1.74116 -8.55191 -18.29238 2.19959 25.14809 -9.83834 4.02947 -5.53717 1.83858 2.28746 -2.84622 2.28236 0.20121 0.22915 1.13600 -1.68056 -15.68838 -2.93731 -5.05693 20.25028 -2.39880 -1.85586 8.88468 -1.74776 -0.00000 0.00000 -0.00000 -28.16048 6.73569 -35.65295 35.14653 -37.74589 -94.37303 -0.00000 -60.48770 -0.00000 -5.60133 -5.96662 46.66565 -7.12502 -0.00000 0.00000 -29.99792 -15.41361 69.72097 -0.00000 0.00000 -0.00000 50.00326 0.97605 36.87730 -33.44574 -24.92328 72.67186 0.00000 -23.67020 0.00000 -26.67024 6.35756 -12.43216 7.12502 -0.00000 -0.00000 -0.77090 -0.01455 -43.91910
0.07245 0.95979 -0.36245 -4.75277 0.30106 407.77887 -0.00000 0.00000 -0.00000 -19.82547 -16.62254 -2.82898 -4.41093 34.14920 14.29311 3.53124 -29.35942 2.55975 -0.20296 -7.95890 -2.91684 -0.00000 0.00000 -0.00000 2.71060 -28.21363 1.34543 11.08157 48.50928 -24.30085 -3.42988 -13.41427 -17.72100 1.59456 21.67231 -8.31630 4.58327 -4.34615 2.41695 -0.03984 -3.24498 3.10661 -2.54674 -0.66767 1.49663 -1.25729 -14.80277 -3.23815 -1.81200 20.00826 -3.67948 -1.06812 8.64857 -1.97341 -0.00000 0.00000 -0.00000 -29.43832 22.62105 -18.10641 35.13593 -37.85306 -94.56572 -0.00000 -31.01880 -0.00000 -5.62372 -5.88333 46.14998 -7.12502 -0.00000 0.00000 -30.07823 -15.14061 69.27390 -0.00000 0.00000 -0.00000 38.15428 -4.89544 41.08536 -34.42552 -28.30634 78.29020 0.00000 -26.40920 0.00000 -16.69704 2.43747 -8.06980 7.12502 -0.00000 -0.00000 9.29706 1.10366 -38.28944
0.06711 0.96581 -0.34900 -4.98450 0.27118 411.95282 -0.00000 0.00000 -0.00000 -18.72297 -15.58270 -3.07924 -3.82049 32.12909 13.21323 2.45232 -28.79616 0.32741 -0.64540 -14.06028 -5.23005 -0.00000 0.00000 -0.00000 4.61612 -27.88623 1.03133 7.58244 42.38215 -19.39887 -3.90548 -15.23153 -16.47251 0.99607 17.34000 -6.52536 4.06090 -3.31322 3.38567 -2.01030 -3.04912 4.44802 -4.31885 -0.82244 2.16002 -2.52158 -13.16921 -4.17375 3.57546 19.08220 -5.84625 0.57702 8.20722 -2.55060 0.00000 0.00000 0.00000 -28.93290 37.71607 -18.92742 34.71020 -29.63628 -80.49614 -0.00000 -7.93575 -0.00000 -4.94901 -5.38628 47.30946 -7.12502 -0.00000 0.00000 -29.04159 -15.43640 70.61119 0.00000 0.00000 0.00000 20.93631 -10.02126 44.26969 -34.18863 -27.36085 76.72337 0.00000 -28.74430 0.00000 -13.41416 0.43226 -1.81183 7.12502 -0.00000 -0.00000 12.34550 2.94807 -31.77621
0.06085 0.97446 -0.33179 -5.71658 1.24120 417.87240 -0.00000 0.00000 -0.00000 -18.02108 -15.56314 -2.98944 -2.97469 28.80723 11.54597 0.60964 -26.86685 -3.38329 -1.41804 -20.51092 -7.82581 -0.00000 0.00000 -0.00000 5.75422 -26.83252 1.61680 4.38419 34.06214 -14.24542 -4.20139 -16.82229 -15.05208 0.72273 14.85465 -5.53977 3.38836 -3.46044 3.53045 -4.04562 -2.72458 4.67528 -6.02173 -0.26990 2.30340 -2.72865 -13.65199 -6.06371 6.25163 18.53254 -8.93344 0.93789 8.27006 -3.75993 0.00000 0.00000 -0.00000 -31.70940 42.68397 -27.48312 32.57889 -22.65026 -68.85026 -0.00000 2.42681 0.00000 2.43456 2.52482 46.01614 -7.12502 -0.00000 0.00000 -19.52308 -10.83997 72.94169 0.00000 0.00000 -0.00000 5.31589 -12.27816 47.33724 -32.24054 -21.86797 67.51889 0.00000 -12.33670 0.00000 -16.75531 -1.02601 3.40373 7.12502 -0.00000 -0.00000 8.94738 3.02837 -26.45069
0.05588 0.98150 -0.31333 -6.98209 1.97495 422.03002 -0.00000 0.00000 -0.00000 -17.71025 -14.22253 -5.05453 -2.07190 24.46903 9.53402 -0.21438 -23.57662 -4.78196 -1.29154 -19.62530 -7.45717 -0.00000 0.00000 -0.00000 8.13872 -26.06581 5.22180 2.36138 25.97368 -10.21330 -4.52527 -17.31834 -15.80748 0.30673 9.76270 -3.59047 3.57743 -3.21488 4.31480 -5.71330 -2.74862 5.76986 -7.90318 -0.10715 2.87148 -1.93116 -13.63353 -7.79566 6.90052 17.03015 -11.52126 0.64086 7.80295 -4.92325 -0.00000 0.00000 -0.00000 -34.08046 47.53999 -36.75447 31.86177 -21.04497 -66.10662 -0.00000 -9.00959 -0.00000 3.17813 3.69526 49.25395 -7.12502 -0.00000 0.00000 -17.72472 -11.28760 76.48343 -0.00000 0.00000 -0.00000 -3.78989 -13.72020 50.10224 -27.73917 -14.25681 53.72419 0.00000 4.12599 -0.00000 -15.66208 -1.57504 5.59907 7.12502 -0.00000 -0.00000 9.76539 3.74372 -24.22442
0.05493 0.98436 -0.29181 -8.11342 2.77586 425.94316 -0.00000 0.00000 -0.00000 -18.07448 -11.73437 -9.12586 -1.39121 20.32704 7.74890 0.01209 -21.50057 -3.79979 -1.32221 -19.84451 -7.54801 -0.00000 0.00000 -0.00000 9.57547 -24.26839 10.44336 1.18067 18.80673 -7.12031 -5.78526 -19.06293 -18.53851 0.09770 5.53454 -2.02111 3.23527 -3.21028 5.29333 -6.82704 -2.72742 7.14334 -8.87008 0.23004 3.60027 -2.58912 -13.80156 -9.28641 8.20791 15.93199 -13.59213 0.86922 7.62752 -5.86157 -0.00000 0.00000 -0.00000 -31.51519 55.51367 -47.13924 31.43568 -20.17573 -64.60004 -0.00000 -14.19170 -0.00000 2.98194 3.55813 49.99116 -7.12502 -0.00000 0.00000 -17.78194 -11.61877 77.12732 -0.00000 0.00000 -0.00000 -2.86368 -17.03392 53.65270 -22.18830 -8.35331 40.85234 0.00000 12.40590 -0.00000 -11.46753 -1.24576 6.11706 7.12502 -0.00000 -0.00000 13.51070 5.33020 -23.86253
0.05975 0.98623 -0.26670 -9.07960 2.89856 430.64460 -0.00000 0.00000 -0.00000 -16.91056 -10.65020 -10.16004 -1.03042 17.62387 6.63968 -0.84666 -20.12639 -6.14957 -1.70495 -22.36011 -8.61078 -0.00000 0.00000 -0.00000 10.20667 -21.69964 14.46156 0.57324 13.27104 -4.92460 -7.27972 -21.42955 -20.37408 0.00845 1.63034 -0.59357 2.69353 -3.60183 5.75140 -7.13825 -2.51659 7.80604 -8.79240 0.74822 3.97013 -3.00754 -14.05920 -10.23480 8.13541 15.09783 -14.71498 0.76729 7.43546 -6.45818 -0.00000 0.00000 0.00000 -26.07253 62.97225 -56.96163 31.14282 -19.60850 -63.60753 -0.00000 -24.19150 -0.00000 2.18096 2.87347 52.77669 -7.12502 -0.00000 0.00000 -18.08530 -12.97570 79.51130 -0.00000 0.00000 0.00000 4.70015 -21.65485 57.54287 -17.44732 -4.92067 31.28656 0.00000 14.61200 -0.00000 -4.37606 -0.35255 4.59708 7.12502 -0.00000 -0.00000 20.10442 7.42751 -25.54844
0.07116 0.98665 -0.23666 -10.05405 3.00055 436.28422 -0.00000 0.00000 -0.00000 -15.67806 -9.15283 -11.47526 -0.70011 14.62726 5.45087 -1.71658 -18.69686 -8.76831 -2.09661 -24.60246 -9.59354 -0.00000 0.00000 -0.00000 10.35865 -19.42753 17.07115 0.37102 10.72249 -3.95201 -7.44345 -21.45240 -20.94596 0.00792 -1.57860 0.57472 1.88931 -4.28606 5.52650 -7.18958 -2.86085 7.54772 -8.35964 0.63015 3.84210 -3.48915 -13.56208 -10.36847 7.76956 15.43927 -14.75904 0.72921 7.46512 -6.54162 -0.00000 0.00000 0.00000 -20.95475 69.00167 -64.16322 30.84185 -19.04835 -62.61933 -0.00000 -33.99520 -0.00000 3.59021 5.15864 55.09212 -7.12502 -0.00000 0.00000 -15.37614 -12.24059 82.63140 -0.00000 0.00000 0.00000 5.38269 -19.64936 54.34701 -15.54008 -3.84608 27.64796 0.00000 14.27320 -0.00000 2.07019 0.08220 2.27286 7.12502 -0.00000 -0.00000 26.23985 8.78876 -27.77814
0.08789 0.98528 -0.20349 -9.80053 2.10033 441.04608 -0.00000 0.00000 -0.00000 -13.45200 -7.70551 -12.25095 -0.70270 14.65355 5.46113 -2.70463 -19.18937 -11.60261 -1.98458 -23.98949 -9.32126 -0.00000 0.00000 -0.00000 12.41456 -18.72774 16.99301 0.69815 14.60734 -5.44308 -4.69151 -18.04566 -15.37558 0.05886 -4.29939 1.56799 1.84149 -4.46499 5.00322 -7.02504 -2.71095 6.85598 -8.14549 0.75195 3.49894 -2.82623 -13.50535 -9.65654 6.79209 16.23199 -13.78979 0.42874 7.57876 -6.09972 -0.00000 0.00000 0.00000 -27.87772 71.94350 -60.12962 30.44106 -18.33483 -61.34782 -0.00000 -40.92600 -0.00000 4.51782 6.49293 55.05621 -7.12502 -0.00000 0.00000 -14.07541 -11.33624 83.09600 -0.00000 0.00000 0.00000 7.39468 -14.51218 48.94942 -15.79907 -3.98284 28.13665 0.00000 7.39128 -0.00000 9.71263 -0.51267 -2.99250 7.12502 -0.00000 -0.00000 33.89309 8.71884 -32.28459
0.10726 0.98275 -0.16888 -8.43747 -0.74332 445.92106 -0.00000 0.00000 -0.00000 -9.53874 -11.20318 -10.24013 -1.89796 23.50066 9.10613 -4.29527 -20.77721 -15.48775 -1.95077 -23.80030 -9.23779 -0.00000 0.00000 -0.00000 15.58209 -18.47073 11.39651 1.09254 18.12407 -6.84207 -3.60893 -15.60212 -14.02520 0.03452 -3.29434 1.20045 2.68605 -4.31418 3.45280 -5.79852 -2.41756 4.68475 -7.39269 0.60943 2.37603 -1.78318 -12.55911 -8.05745 5.47079 17.36784 -11.61250 0.18740 7.62633 -5.09399 -0.00000 0.00000 0.00000 -42.36871 72.72329 -48.73870 29.94078 -17.49051 -59.82278 -0.00000 -47.64020 -0.00000 4.93158 7.28775 55.77635 -7.12502 -0.00000 0.00000 -13.23098 -11.00513 84.07376 -0.00000 0.00000 0.00000 14.51076 -3.76298 42.44673 -20.18813 -6.76002 36.70802 0.00000 -6.22085 0.00000 17.70834 -2.31496 -7.20981 7.12502 -0.00000 -0.00000 41.78866 8.75993 -35.32967
0.12771 0.97506 -0.13563 -6.77747 -4.01968 448.61877 -0.00000 0.00000 -0.00000 -5.73978 -17.57597 -9.57197 -6.08272 38.93086 17.09823 -4.08810 -15.67487 -16.72117 -0.69935 -14.61959 -5.44787 -0.00000 0.00000 -0.00000 19.81734 -19.48407 5.10690 1.76817 22.74198 -8.77563 -3.39145 -17.53207 -10.23690 0.12508 -6.25839 2.28758 3.28431 -4.78577 1.75311 -3.47200 -1.92282 2.28781 -5.32586 0.96628 1.15530 -0.95859 -11.36336 -5.71322 3.02136 18.31605 -8.08538 -0.14997 7.56579 -3.57020 -0.00000 0.00000 0.00000 -55.44088 70.18223 -39.97765 29.14724 -16.24280 -57.52280 -0.00000 -50.29420 -0.00000 4.00043 6.50127 58.29820 -7.12502 -0.00000 0.00000 -13.63705 -12.26916 86.21542 -0.00000 0.00000 0.00000 24.74827 11.76074 35.94459 -26.18083 -12.33079 49.83504 0.00000 -17.32660 0.00000 9.73801 -1.99399 -11.46122 7.12502 -0.00000 -0.00000 34.87612 3.91716 -39.40215
0.14659 0.96834 -0.10561 -5.10450 -5.23996 448.50311 -0.00000 0.00000 -0.00000 -3.35673 -25.17047 -7.06061 -14.55481 52.91470 28.78417 -2.02557 -8.29692 -13.38271 -0.09268 -5.39092 -1.96833 -0.00000 0.00000 -0.00000 22.84346 -19.35603 2.77400 2.43948 26.35931 -10.39040 -3.42798 -19.57493 -8.32085 0.04408 -3.72184 1.35667 3.01539 -4.82154 0.78980 -1.88930 -1.28620 0.96061 -3.58033 1.45996 0.49811 -0.88280 -11.10080 -3.10329 0.87058 19.07553 -4.07163 -0.22655 7.71486 -1.83264 0.00000 0.00000 0.00000 -66.86861 64.81598 -31.15974 28.80225 -15.73126 -56.56187 -0.00000 -54.87840 -0.00000 6.00624 10.00589 58.80293 -7.12502 -0.00000 0.00000 -10.48960 -9.90664 87.89836 0.00000 0.00000 0.00000 41.99137 27.46601 27.66869 -30.40099 -18.26537 61.22322 0.00000 -24.19490 0.00000 -5.79159 1.56330 -15.05472 7.12502 -0.00000 -0.00000 19.83205 0.29121 -44.19261
0.16071 0.96123 -0.08288 -4.27210 -5.01874 446.34815 -0.00000 0.00000 -0.00000 -0.71435 -32.84049 -0.33211 -24.49007 60.78735 40.61028 -0.40765 -9.96326 -4.17042 -0.03319 -3.23015 -1.17701 -0.00000 0.00000 -0.00000 24.59129 -19.29548 2.98348 3.11409 29.39598 -11.83260 -3.30724 -21.18920 -6.58761 0.04618 -3.80922 1.38862 4.33814 -4.05379 1.89675 -2.35409 -0.99701 2.40302 -4.73768 1.52080 1.22945 1.52175 -11.00378 -1.40272 -1.16425 18.60368 -1.78607 -0.91661 7.50039 -0.77024 0.00000 0.00000 -0.00000 -73.43435 60.50552 -21.73576 29.97618 -17.54867 -59.92860 -0.00000 -61.82190 -0.00000 12.44707 16.95100 52.87185 -7.12502 -0.00000 0.00000 -4.20194 -3.47420 84.51651 0.00000 0.00000 -0.00000 67.40146 35.87974 13.68389 -32.62584 -22.76276 69.04094 0.00000 -29.29620 0.00000 -15.85336 4.50720 -15.46822 7.12502 -0.00000 -0.00000 9.74977 -0.14400 -45.83802
0.17239 0.95980 -0.06391 -3.85749 -4.31505 446.11324 -0.00000 0.00000 -0.00000 2.17105 -38.77196 7.46540 -22.58069 59.63695 38.41039 0.78303 -9.79434 3.63979 -0.03089 3.11629 1.13543 -0.00000 0.00000 -0.00000 25.10014 -18.66515 2.82893 3.40895 30.58444 -12.42245 -3.51623 -22.93215 -6.03079 0.00502 -1.25752 0.45778 2.31600 -2.89590 2.65039 -1.09524 -1.00239 3.48696 -2.30217 0.79406 1.74735 1.41450 -10.97194 -0.40199 -2.75288 18.56859 -0.06074 -1.13730 7.51125 -0.09334 -0.00000 0.00000 0.00000 -81.42595 47.67961 -14.14524 31.17552 -19.67070 -63.71675 -0.00000 -52.90810 -0.00000 10.84142 17.27464 57.18135 -7.12502 -0.00000 0.00000 -4.37524 -4.17355 88.56750 -0.00000 0.00000 0.00000 84.43187 39.70417 1.28424 -33.70031 -25.69095 73.95121 0.00000 -30.83400 0.00000 -21.73837 5.75939 -14.12683 7.12502 -0.00000 -0.00000 3.97169 -0.01221 -45.17588
0.18452 0.96239 -0.05182 -3.58683 -4.38398 450.57916 -0.00000 0.00000 -0.00000 2.40347 -42.51472 11.28050 -16.17165 54.58515 30.78879 1.54876 -9.37881 11.29502 -0.51543 12.59945 4.66636 -0.00000 0.00000 -0.00000 25.87305 -16.42129 2.78634 3.04254 29.09607 -11.68615 -5.35729 -24.45197 -10.33933 0.00347 1.04510 -0.38043 1.74701 -2.19512 2.37474 -0.56912 -1.17337 3.14389 -1.50430 0.15046 1.56844 1.14188 -10.61189 -0.50767 -2.69717 18.92196 -0.12291 -1.08433 7.56179 -0.12128 0.00000 0.00000 0.00000 -75.95243 41.41897 -17.73348 30.94107 -19.23060 -62.94178 -0.00000 -46.74330 -0.00000 10.61474 18.41752 59.32411 -7.12502 -0.00000 0.00000 3.75414 3.62221 -91.08475 0.00000 0.00000 0.00000 95.30404 41.11280 -7.44241 -34.04616 -26.84090 75.86127 0.00000 -31.40230 0.00000 -25.56053 5.91116 -12.15193 7.12502 -0.00000 -0.00000 0.36181 0.00964 -43.47333
0.19817 0.96470 -0.04650 -4.30703 -4.53150 456.13506 -0.00000 0.00000 -0.00000 1.06534 -44.33717 15.30079 -11.51473 49.13254 24.87635 0.76923 -5.61709 16.93888 -1.65439 22.04853 8.47699 -0.00000 0.00000 -0.00000 25.75156 -16.38519 1.78087 3.00257 28.92645 -11.60373 -7.15790 -26.58718 -13.40001 0.04058 3.57134 -1.30166 1.66145 -2.62205 1.53961 -0.47651 -1.71982 2.03839 -1.38856 -0.21934 1.01329 1.89930 -10.39091 -0.34852 -3.70220 18.77493 0.16706 -1.48984 7.47853 -0.01393 -0.00000 0.00000 0.00000 -72.45417 34.49625 -22.03654 29.68074 -17.07000 -59.05417 -0.00000 -45.21080 -0.00000 9.68586 17.22964 60.04836 -7.12502 -0.00000 0.00000 4.81539 4.57131 -91.58731 -0.00000 0.00000 0.00000 100.58639 43.53916 -11.88035 -33.81930 -26.07096 74.58309 0.00000 -34.76190 0.00000 -29.41816 5.46519 -9.58679 7.12502 -0.00000 -0.00000 -3.19060 -0.22421 -40.98444
0.21114 0.96365 -0.04658 -4.67081 -3.87352 461.35363 -0.00000 0.00000 -0.00000 -3.12458 -41.66055 15.10976 -8.48727 44.18623 20.71841 1.10744 -6.93151 14.08171 -0.12615 6.28503 2.29740 -0.00000 0.00000 -0.00000 23.82383 -18.13195 0.04215 3.83977 32.19852 -13.24946 -8.28970 -27.96664 -14.98225 0.01743 2.34202 -0.85293 1.24706 -3.10532 1.20076 -0.96957 -1.85396 1.59842 -1.65981 -0.09969 0.79765 1.45402 -10.86869 -1.05829 -3.27224 18.84642 -0.81647 -1.43212 7.56164 -0.47847 -0.00000 0.00000 -0.00000 -70.86702 29.74282 -26.90716 28.01799 -14.62966 -54.45200 -0.00000 -37.72910 -0.00000 9.16542 15.47054 58.83143 -7.12502 -0.00000 0.00000 -5.93128 -5.87812 -270.41079 -0.00000 0.00000 -0.00000 103.27215 43.41894 -15.09723 -33.93482 -26.45498 75.22090 0.00000 -36.31020 0.00000 -31.91555 5.21404 -8.30150 7.12502 -0.00000 -0.00000 -5.50930 -0.51017 -39.72575
0.21945 0.95990 -0.04706 -5.45092 -2.58644 466.45654 -0.00000 0.00000 -0.00000 -8.91965 -38.22493 8.91866 -6.48810 39.92896 17.73645 1.06161 -8.66946 7.47108 -0.41725 -11.35968 -4.19337 -0.00000 0.00000 -0.00000 20.54832 -21.46495 0.21130 6.17715 39.16815 -17.24811 -6.95072 -26.70841 -12.73295 0.00889 -1.67225 0.60884 -0.31181 -3.65176 0.66234 -1.42255 -2.01862 0.94081 -1.25934 -0.00439 0.48465 1.08728 -10.76802 -1.57552 -3.48785 18.79515 -1.40362 -1.52839 7.51062 -0.79706 -0.00000 0.00000 0.00000 -71.56375 27.21555 -29.39306 27.10786 -13.44577 -52.11440 -0.00000 -33.91600 -0.00000 8.80351 13.95649 57.29447 -7.12502 -0.00000 0.00000 -7.15678 -6.65623 -272.28872 -0.00000 0.00000 0.00000 102.96462 40.36875 -16.08885 -34.08651 -26.98498 76.10022 0.00000 -36.30220 0.00000 -32.85337 5.31362 -8.16086 7.12502 -0.00000 -0.00000 -6.41061 -0.60350 -39.64440
0.21769 0.95627 -0.04557 -6.92315 -1.51555 470.70303 -0.00000 0.00000 -0.00000 -14.00660 -37.46452 5.78215 -5.07143 36.18339 15.43969 0.92867 -9.63201 4.93767 -0.87047 -16.25217 -6.09069 -0.00000 0.00000 -0.00000 17.19038 -26.93210 3.69892 11.03798 48.44521 -24.24263 -2.04400 -22.42911 -1.88362 0.01077 -1.84094 0.67029 -0.61704 -3.94386 0.47913 -2.39905 -2.38378 0.74056 -2.09949 -0.21157 0.39464 0.72894 -10.70500 -1.22776 -3.06356 19.49148 -0.87832 -1.25833 7.74903 -0.51502 -0.00000 0.00000 0.00000 -72.01490 27.81025 -29.43152 27.14284 -13.48956 -52.20229 -0.00000 -34.04090 -0.00000 8.38676 13.42638 57.58678 -7.12502 -0.00000 0.00000 -7.61058 -7.11350 -272.17574 -0.00000 0.00000 0.00000 99.61115 36.57617 -14.53111 -34.20013 -27.40427 76.79533 0.00000 -37.01040 0.00000 -34.92102 5.28577 -7.51689 7.12502 -0.00000 -0.00000 -8.35840 -0.87629 -39.05743
0.21370 0.95304 -0.03015 -6.37859 -1.84506 476.49547 -0.00000 0.00000 -0.00000 -17.64022 -34.47040 -0.98977 -3.90278 32.42366 13.36735 0.87685 -9.58817 4.56297 -0.71356 -14.76299 -5.50391 -0.00000 0.00000 -0.00000 18.30933 -23.72871 10.79070 11.11301 48.55535 -24.34281 1.91844 -21.04024 9.21238 0.73752 -15.00121 5.59717 -0.98447 -2.97800 -0.00901 -2.18350 -2.03585 0.07228 -1.68684 -0.41532 0.05971 1.02820 -10.68407 -0.63090 -4.14572 20.37446 0.21990 -1.49253 8.06285 -0.04631 0.00000 0.00000 0.00000 -73.05338 30.73946 -28.45198 27.39402 -13.80790 -52.83783 -0.00000 -38.53780 -0.00000 9.12784 15.30257 58.66692 -7.12502 -0.00000 0.00000 -6.06320 -5.96821 -270.61137 0.00000 0.00000 0.00000 92.68479 31.69793 -10.57653 -34.20590 -27.42613 76.83156 0.00000 -36.64430 0.00000 -34.47564 6.04554 -8.72005 7.12502 -0.00000 -0.00000 -8.05848 -0.64299 -40.46809
0.20704 0.95507 -0.00502 -6.03386 -2.20681 483.92287 -0.00000 0.00000 -0.00000 -19.74679 -32.74762 -4.58168 -2.76389 27.88077 11.10198 0.19627 -5.65039 1.27784 -0.59618 -13.52745 -5.02360 -0.00000 0.00000 -0.00000 19.84651 -17.41422 14.55686 7.65285 42.52923 -19.50317 1.86925 -23.18874 9.03408 1.95762 -23.83879 9.25475 -1.66573 -2.04384 -0.72146 -2.18618 -1.65330 -0.88675 -1.31169 -0.55740 -0.41553 0.60800 -10.34685 -0.31312 -3.83602 21.28618 0.80545 -1.22782 8.32160 0.26357 -0.00000 0.00000 0.00000 -76.15079 34.47231 -23.77258 28.90639 -15.88385 -56.84969 -0.00000 -40.63850 -0.00000 8.56696 14.31243 58.64241 -7.12502 -0.00000 0.00000 -6.87230 -6.70224 -270.92089 -0.00000 0.00000 0.00000 85.22534 26.72535 -5.34912 -33.78303 -25.95355 74.38794 0.00000 -34.33870 0.00000 -35.12743 6.14037 -8.64506 7.12502 -0.00000 -0.00000 -8.68836 -0.69781 -40.44331
0.19335 0.96330 0.02756 -6.88666 -4.85175 489.82343 -0.00000 0.00000 -0.00000 -19.21663 -34.05448 -7.20930 -1.68769 22.25437 8.56531 -0.00178 -0.49156 -0.29300 -0.72402 -14.86747 -5.54478 -0.00000 0.00000 -0.00000 21.95810 -17.73274 9.40545 4.31792 33.84467 -14.12676 -2.40880 -26.32979 -1.19234 0.73117 -14.93845 5.57258 -0.44871 -2.44983 -0.67161 -2.11210 -1.62459 -0.83327 -1.92429 -0.31643 -0.40017 0.59163 -10.26512 -0.22226 -3.94807 21.29122 1.00448 -1.22860 8.31329 0.36288 -0.00000 0.00000 0.00000 -80.30970 36.71182 -16.86880 30.89926 -19.15353 -62.80553 -0.00000 -49.30200 -0.00000 8.58724 14.09775 58.20272 -7.12502 -0.00000 0.00000 -7.04721 -6.76168 -271.39584 -0.00000 0.00000 0.00000 79.40134 21.98716 -0.55663 -33.16578 -24.13870 71.35930 0.00000 -30.35030 0.00000 -33.95284 6.16136 -9.05701 7.12502 -0.00000 -0.00000 -7.58521 -0.55765 -40.81987
0.17755 0.97122 0.05968 -7.11100 -7.00667 492.81719 -0.00000 0.00000 -0.00000 -16.86265 -36.28211 -5.79925 -1.82587 23.08330 8.92382 -0.11536 -5.36206 -2.20919 -1.75824 -22.68254 -8.74991 -0.00000 0.00000 -0.00000 23.77583 -20.11950 8.73025 3.38071 30.47375 -12.36686 -2.19197 -23.77440 -1.70671 0.07471 -4.84215 1.76689 0.87672 -2.38695 0.37733 -1.90902 -1.50153 0.52907 -2.44199 -0.17499 0.26898 1.02343 -10.09330 0.00960 -4.00616 21.63709 1.34456 -1.26863 8.40686 0.57856 0.00000 0.00000 -0.00000 -83.53700 38.10144 -9.24454 32.48328 -22.42425 -68.46662 -0.00000 -58.00990 -0.00000 7.45421 12.77078 59.37884 -7.12502 -0.00000 0.00000 -8.13082 -8.01806 -270.68680 0.00000 0.00000 -0.00000 74.28221 21.28212 1.31271 -32.74362 -23.04963 69.52632 0.00000 -26.67530 0.00000 -35.80365 6.25734 -8.59261 7.12502 -0.00000 -0.00000 -9.34458 -0.75057 -40.44854
0.16530 0.97662 0.08707 -6.28377 -8.38370 497.52289 -0.00000 0.00000 -0.00000 -17.15757 -37.99142 -6.66167 -6.65658 40.32857 17.99785 1.23242 -13.89107 3.37106 -0.27161 -9.19363 -3.37718 -0.00000 0.00000 -0.00000 25.46648 -19.00674 8.58300 2.17678 25.02865 -9.78455 -3.38702 -21.36445 -6.72346 0.00278 -0.93589 0.34067 0.84660 -2.47891 0.49947 -1.12193 -1.17596 0.67509 -1.60948 0.20784 0.34213 1.84519 -10.37409 0.09399 -4.29103 23.23722 1.58760 -1.47496 9.01593 0.77882 -0.00000 0.00000 0.00000 -86.19762 37.64216 -2.12843 33.53535 -25.18702 -73.11187 -0.00000 -65.26880 -0.00000 6.61860 11.81144 60.45251 -7.12502 -0.00000 0.00000 9.09138 8.75421 -91.43544 -0.00000 0.00000 0.00000 70.05331 23.47606 2.94934 -32.39647 -22.22249 68.12348 0.00000 -25.03370 0.00000 -38.96629 6.85387 -8.39326 7.12502 -0.00000 -0.00000 -12.41832 -0.98489 -40.53656
0.15784 0.98027 0.10966 -5.27548 -9.81840 501.85690 -0.00000 0.00000 -0.00000 -14.19763 -37.27931 -0.93623 -14.81329 53.19560 29.10759 2.29272 -16.70830 6.23211 -0.01686 2.30305 0.83872 -0.00000 0.00000 -0.00000 26.86371 -18.80824 7.15301 1.50330 21.08197 -8.06595 -3.78020 -19.89999 -9.33023 0.02564 2.83973 -1.03448 0.71525 -3.05989 0.49170 0.00526 -1.39732 0.66361 -0.37738 0.29119 0.34101 0.95769 -10.43879 -0.05873 -4.09904 24.40389 1.71050 -1.23631 9.43333 0.83037 0.00000 0.00000 -0.00000 -86.88526 39.35940 1.37953 33.93816 -26.46629 -75.23968 -0.00000 -68.35440 -0.00000 6.25219 10.85851 59.81949 -7.12502 -0.00000 0.00000 -9.68953 -9.53816 -270.85831 0.00000 0.00000 -0.00000 70.57468 25.74938 2.21747 -32.40387 -22.23957 68.15255 0.00000 -23.64730 0.00000 -43.05325 7.72450 -8.18689 7.12502 -0.00000 -0.00000 -16.39613 -1.25537 -40.74176
0.15304 0.98162 0.12919 -4.83772 -10.17352 507.59192 -0.00000 0.00000 -0.00000 -12.83887 -32.01938 5.53786 -15.82347 54.24219 30.36065 2.12705 -17.41165 4.99364 -0.04560 3.78523 1.37985 -0.00000 0.00000 -0.00000 26.10987 -19.69502 4.58672 1.18275 18.82249 -7.12676 -4.82086 -21.20319 -11.76157 0.88344 16.36840 -6.13688 -0.08989 -3.19794 -0.33853 0.21230 -1.80172 -0.40638 0.25741 -0.05163 -0.18326 4.22585 -9.09927 0.12515 -8.14857 24.02727 2.45870 -3.04752 9.12764 1.12841 0.00000 0.00000 -0.00000 -87.37380 41.81945 1.52296 33.91847 -26.39963 -75.12902 -0.00000 -68.59820 -0.00000 5.94623 10.58511 60.44677 -7.12502 -0.00000 0.00000 10.03943 9.71729 -91.36656 0.00000 0.00000 -0.00000 76.73136 29.39359 -1.91579 -32.66591 -22.85961 69.20493 0.00000 -19.56410 0.00000 -46.25608 8.44677 -8.00261 7.12502 -0.00000 -0.00000 -19.50915 -1.45466 -40.90169
0.14667 0.98212 0.14837 -4.92465 -10.89116 514.03244 -0.00000 0.00000 -0.00000 -14.23009 -25.10918 10.49379 -6.40904 39.73844 17.61303 1.52655 -19.45199 1.59059 -0.13842 -6.58195 -2.40694 -0.00000 0.00000 -0.00000 24.45046 -23.39824 2.28550 1.41121 20.46427 -7.80629 -5.26863 -20.29627 -14.49278 0.27401 9.23360 -3.39214 -0.00835 -2.95196 -1.52102 -0.10611 -2.34992 -1.96483 -0.12222 -0.75766 -0.95542 2.87395 -9.28725 -0.03349 -6.94439 23.85256 2.17244 -2.44680 9.06988 0.99236 -0.00000 0.00000 0.00000 -87.23805 42.33501 -2.57121 33.01415 -23.73572 -70.68271 -0.00000 -68.92250 -0.00000 5.99541 10.26341 59.48309 -7.12502 -0.00000 0.00000 -10.21445 -9.89144 88.63177 -0.00000 0.00000 0.00000 86.98377 33.37379 -9.35480 -33.11739 -24.00854 71.14097 0.00000 -18.31700 0.00000 -50.88708 5.23461 -4.24233 7.12502 -0.00000 -0.00000 -23.32510 -3.87089 -36.10178
0.13918 0.97855 0.17188 -4.81066 -11.96679 518.53624 -0.00000 0.00000 -0.00000 -17.96537 -18.31278 4.86859 -2.42845 26.30533 10.36553 3.63262 -23.98491 5.68839 -0.82188 -15.80807 -5.91475 -0.00000 0.00000 -0.00000 22.57215 -32.13738 0.61927 3.19254 29.71944 -11.99162 -5.00480 -20.64772 -13.05552 0.00512 1.26997 -0.46231 0.26980 -2.59699 -2.25432 -0.02782 -2.60680 -2.93666 -0.17411 -1.23240 -1.44048 2.83430 -9.47153 0.01492 -7.05424 23.54819 2.23766 -2.46120 9.00369 1.00217 -0.00000 0.00000 -0.00000 -86.02188 39.73245 -10.73263 30.86054 -19.08250 -62.67982 -0.00000 -67.83150 -0.00000 5.56329 9.21946 58.70239 -7.12502 -0.00000 0.00000 -11.17848 -10.44887 87.54364 -0.00000 0.00000 -0.00000 95.43438 36.52658 -16.59032 -33.12756 -24.03575 71.18663 0.00000 -14.75970 0.00000 -53.83511 0.41301 -0.30188 7.12502 -0.00000 -0.00000 -25.34700 -7.12932 -30.31856
0.13777 0.97331 0.19855 -4.78965 -11.39838 520.52998 -0.00000 0.00000 -0.00000 -18.91841 -17.65773 0.72665 -2.29297 25.62911 10.05612 3.46222 -25.97863 4.05927 -0.83067 -15.88948 -5.94694 -0.00000 0.00000 -0.00000 20.62350 -39.31132 4.01749 7.87950 42.99476 -19.83700 -1.73795 -16.57689 -3.94773 0.18647 -7.63149 2.79529 -0.04164 -1.09205 -2.39343 -0.36521 -2.38876 -3.14590 -0.27545 -1.85192 -1.55128 1.86609 -10.02620 0.45134 -5.78524 24.42200 2.84980 -1.75411 9.41761 1.33695 -0.00000 0.00000 -0.00000 -82.82143 34.14551 -19.75629 27.92820 -14.50857 -54.21642 -0.00000 -63.94000 -0.00000 5.31016 8.19759 56.90150 -7.12502 -0.00000 0.00000 -12.26631 -10.69084 85.47192 -0.00000 0.00000 -0.00000 98.39125 39.26463 -19.65322 -31.77298 -20.85919 65.78599 0.00000 -7.92182 0.00000 -53.20211 -6.60323 4.91644 7.12502 -0.00000 -0.00000 -23.78695 -10.63966 -22.27244
0.14716 0.96323 0.22240 -5.14878 -10.99821 522.30660 -0.00000 0.00000 -0.00000 -19.39399 -21.39212 -3.26751 -3.68995 31.65242 12.96614 3.42627 -27.20101 3.33714 -1.35360 -20.06583 -7.63998 -0.00000 0.00000 -0.00000 20.31928 -39.78413 14.44253 17.37039 55.70235 -32.24952 -3.60001 -19.66725 -8.87931 0.07754 4.93271 -1.80010 -0.14026 -0.86240 -2.14224 -1.26618 -2.37589 -2.81368 -1.14079 -2.00651 -1.38742 2.30058 -10.17207 1.48226 -6.62491 25.11647 4.63240 -1.77356 9.77296 2.15305 0.00000 0.00000 -0.00000 -80.18617 25.34262 -26.75083 24.91880 -10.94084 -46.86719 -0.00000 -59.04060 -0.00000 5.98479 7.94451 52.81954 -7.12502 -0.00000 0.00000 -12.83876 -9.70749 81.49622 0.00000 0.00000 -0.00000 96.92247 40.22242 -19.59711 -29.18534 -16.30037 57.63026 0.00000 -3.82491 0.00000 -48.21089 -11.89559 10.43855 7.12502 -0.00000 -0.00000 -18.84154 -11.40835 -14.90099
0.16504 0.95607 0.23932 -5.44474 -10.31214 525.15890 -0.00000 0.00000 -0.00000 -19.64016 -22.94341 -5.91942 -4.72289 35.13681 14.84186 2.99078 -27.85921 1.96945 -2.29621 -25.64558 -10.06361 -0.00000 0.00000 -0.00000 15.20746 -33.61305 20.13542 23.94827 60.47401 -39.98858 -2.75495 -13.89823 -11.91419 2.12081 24.73217 -9.65152 -0.06212 -1.10159 -1.56629 -1.80656 -2.23719 -2.03631 -1.77433 -1.73835 -1.00004 4.18770 -9.42556 3.38196 -10.66081 24.58212 8.20535 -2.81476 9.78475 3.65897 -0.00000 0.00000 0.00000 -78.63433 18.38448 -30.34882 22.97615 -9.04710 -42.53983 -0.00000 -54.12540 -0.00000 5.03132 6.19874 50.80789 -7.12502 -0.00000 0.00000 -14.79778 -10.24089 78.94065 -0.00000 0.00000 0.00000 93.87916 40.35647 -21.22732 -26.71311 -12.96047 51.13232 0.00000 1.50343 -0.00000 -44.99573 -15.63578 15.08615 7.12502 -0.00000 -0.00000 -15.91005 -11.91312 -9.08834
0.19785 0.95485 0.25289 -4.47444 -10.71889 530.00995 -0.00000 0.00000 -0.00000 -18.42040 -21.60009 -11.07777 -4.32444 33.86618 14.13847 2.79462 -26.15052 2.24934 -2.60021 -27.12861 -10.74757 -0.00000 0.00000 -0.00000 10.29587 -23.18194 20.98459 17.53237 55.84620 -32.44542 -0.84719 -6.41852 -10.28068 3.04341 29.09975 -11.68794 -0.31711 -1.73668 -1.09250 -1.37568 -2.44858 -1.38346 -1.21315 -1.56172 -0.66165 6.79449 -7.87866 5.98088 -16.01601 23.33365 13.18917 -4.25646 9.83155 5.90059 0.00000 0.00000 -0.00000 -77.82474 12.58071 -29.66075 22.42320 -8.55602 -41.35188 -0.00000 -52.34690 -0.00000 3.27131 3.90859 50.01965 -7.12502 -0.00000 0.00000 -17.38665 -11.41525 77.29592 0.00000 0.00000 -0.00000 93.23660 39.43091 -25.68830 -25.25930 -11.30241 47.65421 0.00000 8.84074 -0.00000 -47.37740 -18.52152 16.29551 7.12502 -0.00000 -0.00000 -17.52476 -14.56334 -6.46978
0.23974 0.95653 0.26442 -3.38086 -12.29367 537.00220 -0.00000 0.00000 -0.00000 -16.17180 -21.69500 -14.81413 -3.37403 30.44750 12.35369 1.39738 -22.51821 -0.05500 -2.03077 -24.24473 -9.43429 -0.00000 0.00000 -0.00000 8.01419 -12.20002 16.31776 7.23937 41.64781 -18.88631 -0.95135 -13.90762 -1.96102 0.42172 -11.41937 4.21604 -0.22610 -3.49491 -0.41177 -1.70236 -2.76902 -0.40437 -1.62681 -0.89130 -0.15130 8.60987 -6.01338 7.92487 -19.07696 21.86011 16.91981 -5.10188 9.71043 7.81256 0.00000 0.00000 -0.00000 -75.80681 7.23995 -28.89288 22.19013 -8.35488 -40.85623 -0.00000 -51.81750 -0.00000 2.02831 2.28725 48.41421 -7.12502 -0.00000 0.00000 -19.46782 -11.82802 75.10797 0.00000 0.00000 -0.00000 96.92702 36.55608 -30.67338 -24.54778 -10.55748 46.02013 0.00000 12.75060 -0.00000 -48.03673 -20.36838 17.37940 7.12502 -0.00000 -0.00000 -17.82348 -15.91827 -4.53460
0.29003 0.95959 0.27994 0.40422 -13.85588 547.79312 -0.00000 0.00000 -0.00000 -12.99887 -25.10701 -18.21033 -2.81781 28.12213 11.21684 0.70603 -18.30221 -0.81797 -0.51872 -12.63870 -4.68141 -0.00000 0.00000 -0.00000 13.05350 -9.97185 5.02496 3.75693 31.89850 -13.09335 -4.39908 -22.10995 -9.44550 0.58570 -13.41100 4.97861 0.75425 -3.91700 0.06215 -1.56933 -2.78564 -0.07736 -2.02991 -0.66539 -0.12023 8.91719 -5.97661 11.59087 -18.89562 21.91171 17.61710 -4.86677 9.85765 6.65084 0.00000 0.00000 0.00000 -73.38972 3.25865 -28.33862 22.46724 -8.59440 -41.44586 -0.00000 -53.95920 -0.00000 -0.07837 -0.09162 49.45754 -7.12502 -0.00000 0.00000 -22.04332 -13.56786 75.08741 0.00000 0.00000 0.00000 100.85434 33.74843 -31.79900 -24.13533 -10.14380 45.09059 0.00000 14.10200 -0.00000 -46.69075 -22.91257 20.15319 7.12502 -0.00000 -0.00000 -16.55212 -16.73781 -0.90173
0.32603 0.95794 0.29042 2.63296 -13.75383 557.57668 -0.00000 0.00000 -0.00000 -15.38966 -33.21634 -12.02710 -4.17079 33.35294 13.86089 0.90795 -20.25250 -0.76580 -0.87052 -16.25263 -6.09088 -0.00000 0.00000 -0.00000 17.30872 -7.31229 0.78809 2.32739 25.80332 -10.13546 -7.43010 -26.02796 -14.70442 0.22316 -8.34197 3.05932 1.18107 -3.69365 0.79265 -1.38199 -2.34399 0.93554 -2.05625 -0.29219 0.40950 8.43409 -6.15290 11.37308 -19.29399 21.10157 17.54582 -4.96104 9.61102 6.67063 -0.00000 0.00000 0.00000 -71.51028 1.46209 -25.80685 23.04863 -9.11295 -42.69683 -0.00000 -55.37110 -0.00000 -1.01110 -1.23049 50.58464 -7.12502 -0.00000 0.00000 -23.08196 -14.63575 75.66375 -0.00000 0.00000 0.00000 103.05251 34.51937 -32.77882 -24.96507 -10.98942 46.97357 0.00000 12.86570 -0.00000 -46.20743 -22.16047 19.88150 7.12502 -0.00000 -0.00000 -16.28879 -16.06261 -1.56274
0.34897 0.95566 0.29091 3.83927 -12.83752 564.87321 -0.00000 0.00000 -0.00000 -19.08905 -38.52819 -3.27936 -7.62055 42.46190 19.45536 3.38627 -24.26298 4.81602 -1.01612 -17.50635 -6.59231 -0.00000 0.00000 -0.00000 19.48646 -7.25606 -3.26674 2.14964 24.88547 -9.72022 -8.42906 -26.66973 -16.72465 0.22280 -8.33538 3.05687 0.44314 -4.19932 2.04950 -0.60010 -1.92322 2.66007 -0.76039 0.42387 1.29961 8.11388 -5.96199 10.45569 -19.39592 21.17004 16.43689 -5.16184 9.47014 6.16966 0.00000 0.00000 -0.00000 -71.02537 2.38463 -20.27163 23.54432 -9.57288 -43.77927 -0.00000 -53.63460 -0.00000 -2.18106 -2.57930 49.75889 -7.12502 -0.00000 0.00000 -24.86941 -15.05480 74.26414 0.00000 0.00000 -0.00000 101.23745 37.34275 -30.84223 -25.20091 -11.23973 47.51857 0.00000 9.69090 -0.00000 -35.29020 -22.51273 28.41203 7.12502 -0.00000 -0.00000 -8.88194 -10.85050 5.30228
0.35847 0.95341 0.28532 5.89041 -11.42100 571.93651 -0.00000 0.00000 -0.00000 -21.49152 -38.26309 1.75450 -9.61550 46.20340 22.30827 2.32553 -24.95081 1.55795 -1.74177 -22.58353 -8.70711 -0.00000 0.00000 -0.00000 21.51646 -9.07624 -6.92609 2.69144 27.55158 -10.94622 -7.95754 -25.80215 -16.42218 0.21463 -8.18258 3.00000 1.61303 -5.25452 3.26172 -0.06062 -1.86712 4.20278 -0.71763 1.12751 2.06928 7.82384 -6.81902 9.19338 -17.69793 21.69591 14.53534 -4.80468 9.43753 5.41509 0.00000 0.00000 0.00000 -69.71452 7.97134 -12.90819 24.07258 -10.08198 -44.95023 -0.00000 -53.45730 -0.00000 -4.39445 -4.94450 48.27957 -7.12502 -0.00000 0.00000 -28.16304 -15.65158 71.74493 0.00000 0.00000 0.00000 97.02440 37.90999 -25.46538 -25.12602 -11.15975 47.34501 0.00000 6.12384 -0.00000 -43.42973 -18.84826 18.84347 7.12502 -0.00000 -0.00000 -14.51770 -12.86928 -4.30028
0.35902 0.95229 0.27423 6.94750 -9.81045 577.40090 -0.00000 0.00000 -0.00000 -22.35450 -31.42602 5.96712 -5.56098 37.56305 16.25549 2.68803 -27.84130 1.25377 -0.00481 -1.23042 -0.44791 -0.00000 0.00000 -0.00000 21.84707 -11.83343 -9.65982 4.25749 33.64424 -14.01799 -6.23014 -22.71873 -14.82582 0.38063 -10.85823 4.00333 2.15144 -6.33691 4.68670 0.20540 -1.80159 6.03182 -0.51174 1.84485 2.98229 6.49176 -8.05576 7.46706 -15.05258 22.27507 11.88968 -4.06829 9.34542 4.30103 0.00000 0.00000 -0.00000 -69.61814 19.76679 -3.08609 25.55727 -11.62677 -48.35094 -0.00000 -55.82710 -0.00000 -6.76254 -7.69739 48.48113 -7.12502 -0.00000 0.00000 -31.45352 -17.02861 70.58314 0.00000 0.00000 -0.00000 91.63883 34.82987 -18.65410 -25.20573 -11.24489 47.52975 0.00000 2.62397 -0.00000 -42.22191 -15.12548 16.04252 7.12502 -0.00000 -0.00000 -13.74910 -10.39050 -8.60591
0.35360 0.95689 0.26705 7.22065 -8.72015 585.99452 -0.00000 0.00000 -0.00000 -26.56919 -24.16297 -1.97639 -3.67446 31.59509 12.93661 3.09353 -27.92968 2.18408 -0.08978 -5.30626 -1.93723 -0.00000 0.00000 -0.00000 16.57807 -21.63520 -14.53201 11.68158 49.36626 -25.09660 -2.30563 -12.29604 -11.71230 0.00021 -0.25487 0.09277 2.18990 -6.33513 4.77321 -0.10764 -2.00932 6.15392 -0.86609 1.67132 3.04140 5.50589 -8.31323 5.68898 -13.02185 22.35611 9.18333 -3.68573 9.04820 3.18817 -0.00000 0.00000 -0.00000 -75.24133 34.42688 7.82492 27.50761 -13.95413 -53.12781 -0.00000 -58.19960 -0.00000 -8.61375 -9.50102 47.45723 -7.12502 -0.00000 0.00000 -34.12084 -17.29566 68.69044 -0.00000 0.00000 -0.00000 85.95664 27.96130 -10.19350 -25.10374 -11.13604 47.29346 0.00000 4.55718 -0.00000 -38.20464 -10.55799 13.10536 7.12502 -0.00000 -0.00000 -10.55190 -6.56809 -13.44778
0.35259 0.96238 0.26059 6.97241 -8.03295 594.31348 -0.00000 0.00000 -0.00000 -26.13434 -21.30559 1.18703 -2.61629 27.20385 10.78279 -0.14031 -25.51395 -4.91715 -0.40767 -11.23081 -4.14446 -0.00000 0.00000 -0.00000 10.35010 -33.34905 -13.86343 32.88054 64.60030 -50.04328 -0.62051 -5.55869 -8.56770 0.08444 5.14681 -1.87868 0.77798 -5.35900 4.43442 -0.21923 -1.69079 5.82681 -0.29505 1.32724 2.89021 4.15033 -8.88155 3.87438 -11.48778 21.24003 6.54391 -3.38812 8.48487 2.07329 -0.00000 0.00000 -0.00000 -86.11461 47.65977 16.87884 29.72496 -17.14068 -59.18380 -0.00000 -57.74030 -0.00000 -7.57843 -7.48861 44.40912 -7.12502 -0.00000 0.00000 -32.82271 -14.98947 66.85000 -0.00000 0.00000 -0.00000 79.74867 21.38026 -2.94504 -25.69214 -11.77609 48.66887 0.00000 10.59160 -0.00000 -34.65133 -7.07457 10.10351 7.12502 -0.00000 -0.00000 -7.47346 -3.87360 -17.75248
0.35289 0.96784 0.25012 7.65726 -6.10232 602.67379 -0.00000 0.00000 -0.00000 -27.85166 -14.94691 -9.42685 -2.13458 24.80553 9.68437 0.53810 -24.18121 -2.92151 -0.00133 -0.64714 -0.23555 -0.00000 0.00000 -0.00000 11.95685 -37.40453 -3.90327 30.42058 63.65633 -47.30949 -2.07778 -12.00792 -10.53498 0.33210 10.15291 -3.73718 0.99168 -3.62529 3.97396 -0.03597 -1.64428 5.23665 -0.41405 0.41923 2.60126 2.58272 -9.11228 2.01312 -9.67084 19.47509 3.82569 -2.95908 7.69737 0.94961 -0.00000 0.00000 -0.00000 -95.60446 61.66815 21.59221 31.48499 -20.27354 -64.77041 -0.00000 -60.97150 -0.00000 -5.36710 -4.68212 40.98582 -7.12502 -0.00000 0.00000 -30.21854 -12.24877 65.01418 -0.00000 0.00000 -0.00000 73.32798 16.17229 1.76788 -26.88211 -13.16627 51.55060 0.00000 12.46900 -0.00000 -33.76112 -4.53550 6.74657 7.12502 -0.00000 -0.00000 -6.62653 -2.84054 -21.89818
0.34951 0.97587 0.23255 8.48727 -4.33122 611.26768 -0.00000 0.00000 -0.00000 -25.49416 -11.81194 -10.48398 -1.48981 20.99293 8.02838 -1.38484 -21.37077 -7.74023 -0.04740 -3.85928 -1.40693 -0.00000 0.00000 -0.00000 12.00402 -35.74713 4.29682 12.52068 50.49144 -26.19304 -3.16376 -17.33034 -9.45882 0.18561 7.61395 -2.78878 0.88176 -2.73769 2.81922 0.20119 -1.69376 3.71595 -0.22338 -0.16405 1.84269 2.02463 -9.13934 0.91918 -8.77831 17.70008 2.20707 -2.81195 7.01926 0.30938 -0.00000 0.00000 -0.00000 -100.78526 70.73942 20.38578 32.52868 -22.53106 -68.64802 -0.00000 -63.83080 -0.00000 -0.89076 -0.70660 38.42021 -7.12502 -0.00000 0.00000 -25.04729 -9.49893 64.45042 -0.00000 0.00000 -0.00000 67.30283 12.81910 5.61570 -28.22988 -14.91938 55.01258 0.00000 13.84600 -0.00000 -34.55609 -2.76889 4.01219 7.12502 -0.00000 -0.00000 -7.34250 -2.66868 -25.13346
0.33776 0.98085 0.20861 9.12652 -3.16812 618.34310 -0.00000 0.00000 -0.00000 -22.64063 -9.97523 -8.77148 -1.00414 17.40712 6.55235 -3.17411 -19.41290 -12.87018 -0.23580 -8.57262 -3.14525 -0.00000 0.00000 -0.00000 10.46218 -28.49649 10.76156 2.89768 28.47404 -11.38532 -4.24659 -20.76688 -10.18082 0.01219 -1.95838 0.71309 1.24899 -3.70952 1.62240 -0.38577 -1.71745 2.09862 -1.02357 0.37442 1.03144 5.47907 -7.32492 0.67994 -10.20088 15.20954 1.52793 -3.93649 5.89205 0.20786 -0.00000 0.00000 -0.00000 -94.47466 76.41860 9.67330 32.49120 -22.44281 -68.49816 -0.00000 -72.34080 -0.00000 3.58942 2.94113 39.28172 -7.12502 -0.00000 0.00000 -19.55978 -8.18163 66.82842 -0.00000 0.00000 -0.00000 62.41835 13.14603 10.29824 -28.87469 -15.83724 56.76187 0.00000 17.23370 -0.00000 -33.99746 -0.61804 0.91628 7.12502 -0.00000 -0.00000 -6.89787 -2.00450 -28.87372
0.31881 0.98027 0.17603 7.96310 -1.52205 621.14178 -0.00000 0.00000 -0.00000 -19.84575 -5.41068 -11.21482 -0.94276 16.88824 6.34420 -2.47499 -20.76811 -10.74764 -0.78788 -15.48865 -5.78871 -0.00000 0.00000 -0.00000 12.81852 -21.19184 15.12518 1.10935 18.25664 -6.89592 -3.87666 -18.54878 -11.13374 0.26731 -9.12143 3.35017 1.34301 -4.04889 1.34536 -0.61770 -1.75794 1.72077 -1.31798 0.52222 0.84143 2.45786 -8.36269 1.06856 -6.80575 16.87932 2.01819 -2.28542 6.59212 0.47290 -0.00000 0.00000 -0.00000 -85.10799 76.91891 -2.21060 31.79957 -20.91457 -65.88164 -0.00000 -79.81460 -0.00000 5.72345 5.06949 41.40072 -7.12502 -0.00000 0.00000 -16.53734 -7.84093 69.67677 -0.00000 0.00000 -0.00000 59.52368 17.70367 14.31899 -28.92781 -15.91542 56.90912 0.00000 20.82060 -0.00000 -32.88821 1.99349 -3.07927 7.12502 -0.00000 -0.00000 -6.03652 -1.21932 -33.62249
0.29870 0.97294 0.14213 6.64591 1.06603 623.24532 -0.00000 0.00000 -0.00000 -16.51913 -9.37907 -10.42448 -3.01225 28.96768 11.62374 -2.36101 -24.11040 -10.23823 -1.33005 -19.90003 -7.57106 -0.00000 0.00000 -0.00000 17.27812 -18.87684 14.91973 1.50597 21.09956 -8.07338 -2.50915 -16.89267 -7.01791 0.41951 -11.38985 4.20483 3.28122 -4.49229 1.02415 -0.81135 -1.62380 1.20763 -2.61114 0.93315 0.58637 2.65966 -7.25996 1.30410 -5.79234 15.80989 2.13232 -1.99203 6.05775 0.66558 -0.00000 0.00000 -0.00000 -79.55852 71.90175 -9.15930 30.18578 -17.89793 -60.56160 -0.00000 -83.29440 -0.00000 7.98163 7.29761 42.17419 -7.12502 -0.00000 0.00000 -13.60899 -6.86719 71.28462 -0.00000 0.00000 -0.00000 61.29088 23.53986 18.75962 -28.70427 -15.58912 56.29283 0.00000 21.70390 -0.00000 -33.10856 3.76592 -5.75147 7.12502 -0.00000 -0.00000 -6.43506 -0.93084 -36.80373
0.28427 0.96563 0.10768 3.72457 4.41531 626.51019 -0.00000 0.00000 -0.00000 -12.63513 -18.55944 -9.05816 -12.22169 50.09980 25.80441 -2.18797 -12.84529 -11.59089 -0.02699 -2.91361 -1.06144 -0.00000 0.00000 -0.00000 22.00110 -17.62818 11.20650 2.30344 25.68231 -10.08033 -2.25696 -18.51477 -4.74337 0.29270 -9.53967 3.50679 4.37310 -2.13095 0.37926 0.11933 -0.93818 0.40910 -2.31920 0.26132 0.19012 2.48171 -6.29402 1.28367 -5.34328 13.84019 2.03639 -1.84336 5.26802 0.70074 -0.00000 0.00000 0.00000 -78.97516 60.11948 -13.56744 26.61277 -12.83965 -50.88548 -0.00000 -79.20730 -0.00000 10.27912 9.67927 42.83345 -7.12502 -0.00000 0.00000 -10.63993 -5.68668 72.80903 -0.00000 0.00000 0.00000 66.22245 28.26841 20.95587 -28.62922 -15.48115 56.08785 0.00000 22.15920 -0.00000 -34.41851 5.13431 -7.44113 7.12502 -0.00000 -0.00000 -7.86128 -0.84235 -38.92238
0.27063 0.95590 0.07880 2.16895 7.21563 630.31799 -0.00000 0.00000 -0.00000 -11.32696 -31.49566 -11.64795 -32.69983 64.53505 49.84318 -0.43126 -3.12258 -6.81039 -0.74676 15.09201 5.63278 -0.00000 0.00000 -0.00000 26.20648 -17.17106 8.43644 2.88567 28.42153 -11.36010 -2.64907 -19.85954 -5.27033 0.20882 -8.07208 2.95891 5.98513 -0.97500 -0.05101 0.81038 -0.58265 -0.13371 -2.52108 -0.06427 -0.08804 2.68224 -5.54781 0.88966 -4.79940 11.92447 1.39510 -1.78077 4.52676 0.48018 0.00000 0.00000 -0.00000 -76.58530 44.37855 -19.26702 22.79294 -8.88218 -42.14428 -0.00000 -69.15520 -0.00000 9.73742 10.11618 45.66647 -7.12502 -0.00000 0.00000 -10.41579 -6.23844 75.58983 0.00000 0.00000 -0.00000 73.24755 31.64991 21.11767 -28.37116 -15.11572 55.39011 0.00000 19.47350 -0.00000 -34.54163 5.16139 -7.44586 7.12502 -0.00000 -0.00000 -7.98152 -0.85309 -38.93862
0.25439 0.95063 0.05391 2.04988 8.59741 631.15898 -0.00000 0.00000 -0.00000 -9.55031 -42.28053 -7.68866 -35.18994 65.38210 52.59147 0.02750 -5.52525 -0.66818 -0.73938 15.01954 5.60436 -0.00000 0.00000 -0.00000 28.93642 -19.24463 6.04262 3.79697 32.04410 -13.16897 -2.38567 -21.58823 -3.34781 0.12073 -6.14921 2.24734 5.42563 -0.98100 0.09501 1.79868 -0.33262 0.03844 -1.19140 0.21208 0.00504 2.58049 -6.31092 0.88811 -4.62181 10.96144 1.37115 -1.70960 4.35902 0.48729 0.00000 0.00000 0.00000 -69.75072 33.38425 -24.34940 22.32391 -8.46991 -41.14037 -0.00000 -62.97520 -0.00000 9.88061 10.84349 47.20461 -7.12502 -0.00000 0.00000 -9.72208 -6.21288 77.27911 0.00000 0.00000 0.00000 77.95599 35.43063 22.99958 -27.66423 -14.15818 53.53041 0.00000 19.20550 -0.00000 -36.66494 5.71502 -7.61913 7.12502 -0.00000 -0.00000 -10.06895 -1.00842 -39.33974
0.23232 0.94937 0.03759 2.59608 10.02758 632.05061 -0.00000 0.00000 -0.00000 -7.02729 -47.66847 -2.68955 -17.95494 56.21398 32.95495 0.04873 -5.08593 -0.30061 -0.39711 11.08685 4.08988 -0.00000 0.00000 -0.00000 31.85024 -18.49051 5.77246 3.78595 32.00411 -13.14818 -2.96781 -22.92304 -4.38480 0.08669 -5.21458 1.90356 5.05384 -1.50400 -0.00600 3.18598 -0.58138 -0.15733 0.43892 0.24408 -0.10900 2.36943 -6.75734 0.99995 -5.22141 10.07571 1.58852 -1.83795 4.17475 0.56220 0.00000 0.00000 0.00000 -62.67712 26.29361 -27.30488 23.03515 -9.10068 -42.66761 -0.00000 -62.21470 -0.00000 8.48734 9.48370 47.83369 -7.12502 -0.00000 0.00000 -11.27193 -7.25862 77.37173 0.00000 0.00000 0.00000 81.86897 38.16287 23.73388 -26.99264 -13.30245 51.82590 0.00000 17.64760 -0.00000 -38.16307 6.19184 -7.81472 7.12502 -0.00000 -0.00000 -11.55500 -1.08130 -39.72651
0.20647 0.94999 0.03156 2.89159 9.50345 633.43256 -0.00000 0.00000 -0.00000 -7.77376 -46.60804 1.05078 -7.37185 41.93491 19.08511 -0.02633 2.42829 1.06137 -0.66457 14.26184 5.30841 -0.00000 0.00000 -0.00000 31.24880 -18.10778 4.37016 4.04786 32.93224 -13.63605 -3.27761 -24.56455 -4.33856 0.01142 -1.89538 0.69013 3.53058 -1.45900 -0.09503 3.76267 -1.25190 -0.22908 1.88337 -0.46372 -0.15676 2.33019 -7.30074 0.90427 -5.40568 10.04951 1.48192 -1.89492 4.25498 0.49282 0.00000 0.00000 0.00000 -59.92750 20.15485 -30.21097 23.32538 -9.36767 -43.29931 -0.00000 -60.42370 -0.00000 8.13033 9.14618 48.05211 -7.12502 -0.00000 0.00000 -11.65427 -7.53644 77.45177 0.00000 0.00000 0.00000 84.70051 39.80763 21.62260 -26.63281 -12.86371 50.93471 0.00000 16.54570 -0.00000 -39.80032 6.11723 -7.28853 7.12502 -0.00000 -0.00000 -13.08325 -1.34692 -39.22446
0.17597 0.94850 0.03607 1.72234 6.83982 633.82488 -0.00000 0.00000 -0.00000 -12.06330 -39.93748 0.70825 -5.08023 36.20912 15.45461 0.01874 -0.92563 3.34728 -0.21519 8.19300 3.00388 -0.00000 0.00000 -0.00000 27.20434 -18.10808 2.09187 5.56832 37.58298 -16.26752 -3.38280 -25.34552 -4.19231 0.00744 -1.53029 0.55712 1.70870 -1.39595 0.48014 3.01066 -1.21864 0.58738 2.13048 -0.48052 0.27497 2.19113 -7.38057 0.35078 -4.62905 10.52697 0.68295 -1.70758 4.38073 0.13272 -0.00000 0.00000 -0.00000 -60.11795 16.41665 -36.05001 21.77928 -8.00849 -39.98943 -0.00000 -55.30290 -0.00000 8.32165 9.22608 47.62567 -7.12502 -0.00000 0.00000 -11.55170 -7.36167 77.08335 -0.00000 0.00000 -0.00000 85.86235 39.78769 18.87854 -26.75617 -13.01264 51.23861 0.00000 14.89110 -0.00000 -40.86593 5.75238 -6.60809 7.12502 -0.00000 -0.00000 -14.02886 -1.64277 -38.45484
0.15467 0.94485 0.04730 2.23650 3.14071 634.83023 -0.00000 0.00000 -0.00000 -19.05400 -36.25575 -2.64905 -4.22779 33.54494 13.96431 0.19262 -4.09992 2.59854 -0.02195 2.62782 0.95716 -0.00000 0.00000 -0.00000 20.91436 -25.54874 0.43627 12.03539 49.85065 -25.56113 -2.68040 -20.93147 -4.68035 0.01492 -2.16643 0.78892 -0.29958 -1.72990 0.61028 1.79490 -1.63141 0.80170 2.00744 -0.73125 0.40441 2.16734 -7.40656 0.09532 -4.94279 10.39239 0.37233 -1.82776 4.33361 -0.03769 0.00000 0.00000 0.00000 -66.87835 13.54693 -39.07672 20.06507 -6.66931 -36.45879 -0.00000 -50.46000 -0.00000 10.22426 11.68727 48.31853 -7.12502 -0.00000 0.00000 -8.89561 -5.97126 78.61011 0.00000 0.00000 0.00000 85.02354 37.89388 18.01060 -26.80197 -13.06832 51.35185 0.00000 15.17870 -0.00000 -41.91066 4.19749 -4.66193 7.12502 -0.00000 -0.00000 -14.78601 -2.39085 -36.01896
0.14102 0.94385 0.05866 2.38965 0.40694 635.44586 -0.00000 0.00000 -0.00000 -22.22196 -33.90689 0.40000 -3.32613 30.25800 12.25889 0.03290 -4.35415 -0.29841 -0.02272 2.67323 0.97373 -0.00000 0.00000 -0.00000 16.54530 -32.50058 -0.24632 22.86206 59.81481 -38.73619 -3.00012 -17.66524 -8.40655 0.01360 2.06829 -0.75314 -0.81342 -1.87186 0.69137 0.51890 -1.54466 0.92060 0.99085 -0.55394 0.46440 1.77019 -7.50084 -0.09742 -4.75942 10.21027 0.13512 -1.72723 4.28546 -0.15722 0.00000 0.00000 -0.00000 -70.65438 17.41667 -36.61110 21.15863 -7.50438 -38.69585 -0.00000 -50.03470 -0.00000 10.59512 12.34583 48.81843 -7.12502 -0.00000 0.00000 -8.24140 -5.67050 79.30114 0.00000 0.00000 -0.00000 81.46449 34.58119 21.25159 -26.25952 -12.42216 50.02498 0.00000 15.05820 -0.00000 -41.68625 5.59915 -6.25245 7.12502 -0.00000 -0.00000 -14.77642 -1.83749 -38.06898
0.13671 0.94425 0.06494 2.39425 -0.07515 637.99935 -0.00000 0.00000 -0.00000 -24.84545 -33.05411 -1.53745 -3.30646 30.17967 12.21982 -0.04141 -3.68777 -1.31519 -0.04987 3.95820 1.44311 -0.00000 0.00000 -0.00000 16.13602 -35.34470 -1.20507 29.15781 63.12148 -45.89714 -1.79756 -16.40579 -4.31552 0.00208 0.80841 -0.29426 0.10041 -1.65895 0.46319 -0.15922 -1.45438 0.60545 -0.21734 -0.55574 0.29669 1.44025 -7.14858 -0.69474 -3.88086 9.64537 -0.73597 -1.64033 4.46941 -0.52758 0.00000 0.00000 0.00000 -74.25112 25.80602 -30.28025 24.84348 -10.86214 -46.69437 -0.00000 -53.31100 -0.00000 11.28029 14.07679 50.64543 -7.12502 -0.00000 0.00000 -6.65917 -4.96867 81.56975 0.00000 0.00000 0.00000 74.28641 30.22922 25.55850 -25.11997 -11.15331 47.33103 0.00000 14.78390 -0.00000 -40.45203 5.47822 -6.38866 7.12502 -0.00000 -0.00000 -13.59834 -1.66846 -38.13654
0.13987 0.94726 0.06674 2.83856 -0.08231 639.10773 -0.00000 0.00000 -0.00000 -25.48357 -32.84962 -1.71159 -2.92875 28.60916 11.45034 -0.05905 -1.70077 -2.09352 -0.06774 4.61130 1.68225 -0.00000 0.00000 -0.00000 18.81686 -33.51194 1.16685 23.83507 60.40728 -39.85844 -0.95254 -10.47146 -4.29956 0.39595 11.07101 -4.08388 0.12314 -1.97672 0.96057 -0.25681 -1.35066 1.26828 -0.31919 -0.26652 0.62816 0.64959 -6.91125 -1.58030 -2.55077 9.59414 -1.97367 -1.15620 4.37324 -1.09534 0.00000 0.00000 0.00000 -78.77462 34.90979 -22.66582 28.96416 -15.96916 -57.01016 -0.00000 -52.83030 -0.00000 11.81036 15.32657 51.65303 -7.12502 -0.00000 0.00000 -5.55936 -4.34547 82.89891 0.00000 0.00000 0.00000 67.60331 23.72571 28.86399 -23.53714 -9.56610 43.76349 0.00000 16.74400 -0.00000 -38.61107 4.78168 -5.95901 7.12502 -0.00000 -0.00000 -11.76420 -1.58349 -37.44165
0.15125 0.95427 0.06642 3.72989 0.26060 640.57283 -0.00000 0.00000 -0.00000 -25.74832 -33.05357 -2.26292 -2.40687 26.19930 10.31676 0.06193 1.77991 -2.64948 -0.00013 0.20501 0.07462 -0.00000 0.00000 -0.00000 19.63195 -27.92969 0.59378 13.73346 51.98366 -27.74822 -1.78585 -15.65538 -4.79629 0.00728 1.51329 -0.55093 0.93116 -2.34533 1.37215 -0.58664 -1.42936 1.80090 -1.09446 -0.10264 0.88806 -0.08173 -6.84593 -2.48503 -1.34247 9.84794 -3.23397 -0.74024 4.45180 -1.68243 -0.00000 0.00000 -0.00000 -82.89223 41.33990 -13.47405 32.63748 -22.79083 -69.08848 -0.00000 -54.15200 -0.00000 15.04635 18.48273 49.70369 -7.12502 -0.00000 0.00000 -2.23335 -1.68981 82.09406 -0.00000 0.00000 -0.00000 63.86153 17.65101 31.14427 -21.91561 -8.12229 40.27610 0.00000 19.59330 -0.00000 -36.94833 5.37750 -7.10249 7.12502 -0.00000 -0.00000 -10.28440 -1.14260 -38.72853
0.16981 0.96604 0.06407 5.25675 1.90065 641.55077 -0.00000 0.00000 -0.00000 -24.12418 -34.60913 -6.38779 -2.42899 26.30801 10.36677 0.05332 1.56813 -2.88411 -0.52870 -12.75707 -4.72684 -0.00000 0.00000 -0.00000 22.07551 -23.83681 1.02887 7.10880 41.36037 -18.68928 -2.96055 -19.39874 -6.73234 0.00057 0.42541 -0.15484 2.62269 -2.57044 1.99901 -0.57608 -1.94044 2.59779 -2.03096 -0.40843 1.26428 -0.25199 -6.71920 -3.56059 -0.51404 9.42727 -4.74160 -0.55669 4.27631 -2.38701 -0.00000 0.00000 -0.00000 -84.83154 43.08070 -5.21472 34.88586 -30.63197 -82.15260 -0.00000 -55.34490 -0.00000 15.09413 17.64688 48.34067 -7.12502 -0.00000 0.00000 -2.74847 -1.96981 80.60274 -0.00000 0.00000 -0.00000 63.54728 12.38335 31.50314 -20.98037 -7.36371 38.32764 0.00000 24.03610 -0.00000 -36.41531 4.68928 -6.32393 7.12502 -0.00000 -0.00000 -9.68131 -1.24762 -37.72666
0.18779 0.97385 0.06284 5.71451 3.36495 641.31657 -0.00000 0.00000 -0.00000 -22.32499 -34.84828 -13.51101 -5.74093 38.04604 16.54905 -0.26560 -7.44512 -3.39717 -0.35568 -10.50180 -3.86867 -0.00000 0.00000 -0.00000 25.14772 -19.08912 4.43214 3.95862 32.62100 -13.47121 -3.77837 -20.58465 -8.69271 0.02151 2.60142 -0.94753 3.14698 -3.13132 2.78015 0.13991 -1.75621 3.60394 -1.52832 0.13070 1.77555 -0.31937 -6.83810 -4.64196 0.29985 9.53607 -6.27246 -0.42139 4.35103 -3.10212 0.00000 0.00000 -0.00000 -80.73125 40.34932 -5.02576 35.17173 -37.46911 -93.87701 -0.00000 -60.01830 -0.00000 16.01921 17.29347 45.99584 -7.12502 -0.00000 0.00000 -2.54846 -1.67968 78.36764 0.00000 0.00000 -0.00000 63.60371 9.07443 31.11663 -20.79061 -7.21595 37.93724 0.00000 28.21950 -0.00000 -35.75991 4.77214 -6.58964 7.12502 -0.00000 -0.00000 -9.07471 -1.12358 -38.00087
0.20654 0.97773 0.06571 6.00374 4.92768 641.42566 -0.00000 0.00000 -0.00000 -20.64005 -33.39909 -19.32236 -14.65403 53.02318 28.90846 -0.47996 -10.12696 -4.56699 -0.04535 -3.77508 -1.37614 -0.00000 0.00000 -0.00000 26.91949 -16.21027 6.57341 2.45458 26.43297 -10.42437 -3.75988 -19.58740 -9.55782 0.02923 3.03170 -1.10455 3.73187 -4.18586 3.35095 1.13627 -1.44231 4.27206 -0.71046 1.03362 2.12139 -0.46301 -7.04279 -5.88842 0.91474 9.38852 -7.99080 -0.35258 4.35436 -3.92150 0.00000 0.00000 0.00000 -71.31843 33.47666 -15.66123 34.77529 -40.22154 -98.92531 -0.00000 -62.10840 -0.00000 16.61586 16.48167 43.55288 -7.12502 -0.00000 0.00000 -2.75655 -1.65076 75.89228 0.00000 0.00000 0.00000 64.90007 9.30330 27.17141 -22.67573 -8.77783 41.89225 0.00000 30.16700 -0.00000 -35.95548 4.86683 -6.67120 7.12502 -0.00000 -0.00000 -9.27280 -1.12947 -38.11590
0.22459 0.97931 0.07303 6.64650 6.08844 640.95717 -0.00000 0.00000 -0.00000 -17.26924 -27.86783 -19.72033 -18.93791 57.02971 34.13203 -1.82060 -9.75505 -11.46804 -0.00002 -0.07018 -0.02554 -0.00000 0.00000 -0.00000 27.19744 -14.93821 6.85619 1.52933 21.25250 -8.13804 -3.14990 -17.59882 -9.11282 0.01629 2.26359 -0.82433 3.80432 -5.60666 3.31588 2.48712 -1.54014 4.09809 0.72706 1.62039 2.02863 -0.97378 -7.01646 -6.07339 1.00728 9.67484 -8.20419 -0.26544 4.47904 -4.03963 -0.00000 0.00000 0.00000 -64.21256 24.38529 -26.96066 34.78810 -40.15880 -98.80706 -0.00000 -65.48090 -0.00000 16.16395 16.87549 45.04426 -7.12502 -0.00000 0.00000 -2.74136 -1.73939 77.37138 -0.00000 0.00000 0.00000 68.09024 13.38440 21.89050 -25.17835 -11.21559 47.46623 0.00000 28.70870 -0.00000 -37.61668 5.74049 -7.39588 7.12502 -0.00000 -0.00000 -10.96960 -1.13754 -39.15203
0.24509 0.97949 0.08581 6.75655 6.52828 639.87267 -0.00000 0.00000 -0.00000 -14.59276 -17.97287 -17.34628 -10.67216 47.89716 23.75169 -2.80116 -9.40266 -15.99763 -0.02016 -2.51834 -0.91723 -0.00000 0.00000 -0.00000 26.49371 -14.89952 7.17680 1.21348 19.05343 -7.22146 -2.57343 -15.92032 -8.25195 0.00429 1.16246 -0.42316 4.28647 -5.62927 2.59251 3.49909 -1.78660 3.06890 1.41644 1.33724 1.49824 -1.45227 -7.39248 -5.11792 1.54472 11.45961 -6.97651 0.02811 4.70281 -3.41643 -0.00000 0.00000 -0.00000 -58.93480 14.85410 -36.27426 35.08824 -38.28593 -95.34771 -0.00000 -65.13170 -0.00000 15.95905 18.45466 47.90564 -7.12502 -0.00000 0.00000 -1.84880 -1.31740 80.46074 -0.00000 0.00000 -0.00000 73.91249 19.49573 16.88435 -27.28929 -13.67433 52.57190 0.00000 28.12010 -0.00000 -40.57274 6.72658 -7.78921 7.12502 -0.00000 -0.00000 -13.90615 -1.25556 -39.94243
0.27033 0.97888 0.10422 8.54096 5.98452 636.86053 -0.00000 0.00000 -0.00000 -13.92263 -10.82440 -10.81807 -3.45546 30.76537 12.51363 -2.55526 -22.00049 -10.84177 -1.00332 -17.40031 -6.54961 -0.00000 0.00000 -0.00000 25.15772 -19.72518 9.80833 1.72074 22.45627 -8.65220 -1.95093 -14.76995 -6.31824 0.00700 -1.48481 0.54055 4.08287 -6.43619 1.97847 4.56313 -2.24659 2.16506 2.59249 1.25988 1.02563 -1.36528 -8.30778 -3.49259 0.67766 13.11892 -4.71921 -0.08896 5.33770 -2.35795 -0.00000 0.00000 -0.00000 -54.89370 6.76005 -44.42585 35.25556 -34.57083 -88.80367 -0.00000 -56.48980 -0.00000 14.39713 21.65700 55.17833 -7.12502 -0.00000 0.00000 -0.53206 -0.49484 87.92270 -0.00000 0.00000 -0.00000 78.10677 27.02216 11.69446 -29.08803 -16.15375 57.35633 0.00000 27.91140 -0.00000 -43.76932 7.89316 -8.15811 7.12502 -0.00000 -0.00000 -17.09416 -1.29662 -40.79168
0.30415 0.98113 0.12314 10.98797 3.58624 635.23603 -0.00000 0.00000 -0.00000 -17.75131 -12.78301 -6.96313 -2.00028 24.07665 9.35980 -1.49105 -23.16158 -8.06753 -0.59448 -13.50864 -5.01632 -0.00000 0.00000 -0.00000 21.13752 -29.54273 10.80938 3.48881 30.89406 -12.57870 -0.94222 -12.78286 -2.54766 0.07745 -4.92995 1.79909 2.84536 -6.27644 0.77163 4.83404 -2.57739 0.64743 3.44975 0.83749 0.26569 0.42256 -6.99226 -2.61649 -3.30403 9.39730 -3.28099 -1.48600 4.28051 -1.78936 -0.00000 0.00000 -0.00000 -52.18546 -1.03068 -50.83565 34.79327 -30.08452 -81.24113 -0.00000 -50.37290 -0.00000 11.66085 21.16068 60.24309 -7.12502 -0.00000 0.00000 1.80176 1.65642 267.57995 -0.00000 0.00000 -0.00000 81.36214 35.45904 7.30220 -30.36054 -18.19560 61.09792 0.00000 27.39050 -0.00000 -46.92905 7.41631 -6.88040 7.12502 -0.00000 -0.00000 -19.96988 -2.02587 -39.44350
0.33371 0.97414 0.13873 10.45732 0.53195 633.80717 -0.00000 0.00000 -0.00000 -21.83419 -14.66833 -4.16158 -1.96757 23.89453 9.27933 -1.58445 -23.54613 -8.31726 -0.59301 -13.49235 -5.01003 -0.00000 0.00000 -0.00000 17.95113 -37.46775 9.63912 10.64436 47.85475 -23.71421 -1.43940 -15.72551 -3.19312 0.03741 -3.42905 1.24966 1.68606 -4.61894 -0.28493 4.51919 -1.84816 -0.60801 3.68986 0.72177 -0.34353 1.01253 -7.29679 -1.22848 -4.94556 8.99122 -1.33015 -1.96924 4.24509 -0.88977 0.00000 0.00000 -0.00000 -48.79650 -7.67401 -57.39342 33.08781 -23.92970 -71.00863 -0.00000 -42.46840 -0.00000 11.61125 22.11936 61.37885 -7.12502 -0.00000 0.00000 1.24644 1.09754 266.35906 0.00000 0.00000 -0.00000 84.81612 45.36675 1.61876 -31.51019 -20.32381 64.85788 0.00000 27.42410 -0.00000 -50.55253 7.30377 -5.97154 7.12502 -0.00000 -0.00000 -23.32948 -2.77964 -38.58436
0.35280 0.96871 0.14882 10.08035 -1.62304 632.42493 -0.00000 0.00000 -0.00000 -25.24133 -16.42082 -4.72099 -2.44175 26.37040 10.39551 -1.36334 -24.42662 -7.80307 -0.38635 -10.93819 -4.03359 -0.00000 0.00000 -0.00000 16.36723 -40.18848 5.77144 27.03942 62.13734 -43.51186 -2.15425 -14.03150 -8.16301 0.21492 8.18802 -3.00202 0.77285 -4.13102 -1.25125 4.28626 -1.84040 -1.82556 3.91552 0.53894 -0.94403 1.40396 -7.52082 0.05791 -6.23555 10.31517 0.52624 -2.08242 4.33762 -0.07695 -0.00000 0.00000 -0.00000 -46.24982 -12.66337 -62.91590 29.88503 -17.39934 -59.65667 -0.00000 -39.61160 -0.00000 11.30106 21.18551 61.05851 -7.12502 -0.00000 0.00000 1.92610 1.72474 266.82800 -0.00000 0.00000 -0.00000 90.05180 55.20556 -6.18355 -32.11102 -21.58071 67.02738 0.00000 26.24880 -0.00000 -52.66675 6.53091 -4.95802 7.12502 -0.00000 -0.00000 -25.17420 -3.62947 -37.32928
0.36407 0.96799 0.15525 10.91826 -2.67183 628.21046 -0.00000 0.00000 -0.00000 -25.32376 -19.34474 -1.47629 -2.41295 26.22925 10.33053 -1.35923 -23.86733 -7.76192 -0.27141 -9.19023 -3.37591 -0.00000 0.00000 -0.00000 16.22011 -37.13323 2.94970 35.91250 65.60803 -53.38555 -0.27883 -3.42488 -8.17019 0.98871 17.27838 -6.50059 1.18034 -5.47980 -1.20049 3.94181 -2.07438 -1.81619 3.30272 1.02689 -0.94493 2.33212 -7.62685 1.46686 -6.73901 10.42558 2.38275 -2.21683 4.47365 0.83934 0.00000 0.00000 0.00000 -43.18352 -16.52061 -67.51649 26.33167 -12.50645 -50.19968 -0.00000 -37.29360 -0.00000 11.10893 19.96732 60.10100 -7.12502 -0.00000 0.00000 2.70476 2.51879 267.93053 0.00000 0.00000 0.00000 100.21000 60.47934 -17.93575 -32.59486 -22.68841 68.91495 0.00000 27.63420 -0.00000 -42.02289 0.72613 -0.80573 7.12502 -0.00000 -0.00000 -14.46884 -3.68992 -30.99566
0.37208 0.97178 0.15724 11.18303 -3.57970 623.06519 -0.00000 0.00000 -0.00000 -26.19186 -18.38425 -2.92925 -2.01113 24.13664 9.38636 0.73039 -23.96989 -2.35906 -0.09702 -5.51527 -2.01403 -0.00000 0.00000 -0.00000 15.29399 -27.86718 -0.29070 22.23617 59.41500 -38.01065 0.19482 0.24394 -7.66963 1.94532 23.76960 -9.22427 0.94140 -6.34178 -1.12790 3.96152 -2.05710 -1.74743 3.44416 1.52844 -0.91617 3.35919 -8.02359 2.98206 -7.75217 11.05622 4.44865 -2.48402 4.86062 1.80910 -0.00000 0.00000 0.00000 -41.58173 -19.89931 -71.85676 22.83115 -8.91640 -42.22662 -0.00000 -33.78820 -0.00000 10.81767 18.36113 58.75931 -7.12502 -0.00000 0.00000 3.68512 3.62288 269.45341 -0.00000 0.00000 0.00000 106.65331 65.90588 -26.02860 -32.65152 -22.82474 69.14591 0.00000 23.57840 -0.00000 -22.83260 -1.31485 3.11956 7.12502 -0.00000 -0.00000 3.38739 1.12834 -26.59817
0.38029 0.97436 0.15490 11.58021 -3.73261 618.08071 -0.00000 0.00000 -0.00000 -24.69335 -20.25663 -1.54555 -2.09854 24.61284 9.59817 2.14251 -24.45147 1.27840 -0.27457 -9.24305 -3.39567 -0.00000 0.00000 -0.00000 16.58066 -16.39577 -0.67462 8.50449 44.21883 -20.74310 -0.36967 -5.23694 -4.23835 0.70545 14.68133 -5.47199 1.11051 -6.82606 -0.95477 3.97592 -2.25105 -1.55517 3.37512 1.58446 -0.82676 4.24610 -7.69162 4.45170 -8.28197 11.52837 6.42218 -2.58643 5.08451 2.77274 0.00000 0.00000 -0.00000 -42.11434 -22.66179 -77.67927 19.17325 -6.03556 -34.67008 -0.00000 -31.35590 -0.00000 10.71314 17.79692 58.24308 -7.12502 -0.00000 0.00000 -4.03536 -4.00151 89.68797 0.00000 0.00000 -0.00000 109.63788 67.47365 -28.00188 -32.54895 -22.57903 68.72945 0.00000 20.00330 -0.00000 -1.87875 -0.07791 2.37370 7.12502 -0.00000 -0.00000 22.64681 7.47950 -27.67217
0.38938 0.97511 0.15241 11.93566 -1.80220 614.55928 -0.00000 0.00000 -0.00000 -21.21166 -23.77138 -1.60494 -3.32888 30.26893 12.26435 3.50375 -26.47556 3.90267 -0.43582 -11.60520 -4.28667 -0.00000 0.00000 -0.00000 20.65923 -8.94641 1.35617 4.29834 33.77997 -14.09159 -0.88425 -11.21448 -3.23798 0.00501 1.25527 -0.45696 3.60390 -6.20606 -0.99986 4.13552 -2.30861 -1.76996 2.14545 1.12243 -0.95140 4.95765 -7.58064 5.82702 -8.66108 11.73114 8.26186 -2.61916 5.26243 3.67499 0.00000 0.00000 0.00000 -40.86377 -24.25690 -82.52455 16.15900 -4.17760 -28.81850 -0.00000 -31.02870 -0.00000 10.61275 17.08390 57.46920 -7.12502 -0.00000 0.00000 -4.55335 -4.37691 88.77991 0.00000 0.00000 0.00000 110.98989 66.99144 -27.97618 -32.46600 -22.38384 68.39795 0.00000 23.45970 -0.00000 0.75117 0.07129 5.42094 7.12502 -0.00000 -0.00000 24.59673 9.65275 -24.88260
0.39212 0.97049 0.15284 11.80721 -1.24443 613.28795 -0.00000 0.00000 -0.00000 -20.78226 -26.36403 -2.61478 -4.85158 35.52992 15.06438 4.37033 -27.78131 5.35171 -0.46863 -12.02571 -4.44689 -0.00000 0.00000 -0.00000 22.10155 -5.64416 2.20338 3.23422 29.88910 -12.07548 -1.57256 -14.81197 -4.41418 0.09937 -5.58131 2.03831 3.86015 -6.28958 -1.59561 4.30644 -2.27629 -2.60077 2.12368 1.20509 -1.37040 6.05328 -6.93128 6.80175 -9.66725 11.66907 9.59507 -2.99052 5.30479 4.32557 0.00000 0.00000 0.00000 -37.53152 -23.57474 -85.54242 14.72129 -3.43186 -26.11308 -0.00000 -34.65510 -0.00000 8.59304 14.63826 59.12265 -7.12502 -0.00000 0.00000 6.60997 6.56574 -90.38257 0.00000 0.00000 0.00000 108.35169 66.00849 -25.66986 -32.61003 -22.72476 68.97656 0.00000 22.39570 -0.00000 -4.69591 -0.34010 4.13312 7.12502 -0.00000 -0.00000 19.87358 7.15674 -25.98317
0.38454 0.96562 0.15743 10.65893 -1.22453 614.09485 -0.00000 0.00000 -0.00000 -23.13919 -22.23003 -4.87514 -4.00958 32.79935 13.56551 4.55877 -27.95531 5.71122 -0.00045 -0.37786 -0.13753 -0.00000 0.00000 -0.00000 21.01802 -6.92982 1.37111 4.46428 34.32172 -14.38794 -1.42419 -13.95897 -4.30361 0.09886 -5.56724 2.03314 3.55694 -6.63603 -2.43935 4.32904 -2.23695 -3.72854 2.22229 1.46272 -1.92878 6.07875 -6.42858 7.42495 -10.44811 12.66439 10.61022 -3.10624 5.62773 4.74288 -0.00000 0.00000 -0.00000 -29.56823 -18.11680 -84.49988 17.19413 -4.76883 -30.79794 -0.00000 -44.00740 -0.00000 9.55955 19.35520 63.06282 -7.12502 -0.00000 0.00000 3.72572 3.16314 -94.72291 -0.00000 0.00000 -0.00000 104.30982 63.65011 -22.90803 -32.66579 -22.85933 69.20445 0.00000 22.64680 -0.00000 -6.35261 -0.34930 3.13433 7.12502 -0.00000 -0.00000 18.48532 6.26906 -26.91115
0.37382 0.96587 0.16442 10.11939 -2.32657 615.76196 -0.00000 0.00000 -0.00000 -25.17984 -19.48776 -5.26953 -3.20941 29.78829 12.02561 3.19397 -27.32151 2.70635 -0.00515 -1.27344 -0.46358 -0.00000 0.00000 -0.00000 17.48992 -18.03914 1.64955 12.57032 50.55551 -26.25735 -0.18190 -3.18245 -4.06693 0.09498 5.45731 -1.99273 2.18296 -7.37272 -3.18435 4.21806 -2.43021 -4.64844 2.76734 1.77448 -2.38227 5.82836 -5.81068 7.97913 -11.63808 12.83017 11.56765 -3.34745 5.69229 5.11749 -0.00000 0.00000 0.00000 -23.56031 -9.01715 -83.36074 22.50062 -8.62358 -41.51716 -0.00000 -48.37060 -0.00000 10.19563 26.90330 68.32366 -7.12502 -0.00000 0.00000 -1.65262 -1.12539 -100.75523 -0.00000 0.00000 0.00000 99.07489 61.34105 -19.13182 -32.55270 -22.58793 68.74455 0.00000 21.91860 -0.00000 -5.62721 -0.21416 2.17249 7.12502 -0.00000 -0.00000 19.25172 6.19135 -27.83916
0.36243 0.96645 0.16827 10.36840 -3.60349 617.91410 -0.00000 0.00000 -0.00000 -26.83947 -17.34159 -4.21360 -2.32750 25.80387 10.13572 1.65854 -26.03540 -0.58331 -0.01037 1.80636 0.65769 -0.00000 0.00000 -0.00000 15.55027 -31.93619 4.01154 30.20900 63.56923 -47.07331 -0.18206 -2.85747 -5.58859 0.15686 7.00374 -2.56278 0.53656 -7.98685 -3.88373 3.91164 -2.44060 -5.44866 3.24437 2.23952 -2.77351 5.75123 -5.67615 8.44811 -12.54043 11.93200 12.25957 -3.58407 5.49940 5.43016 -0.00000 0.00000 0.00000 -23.57430 1.48570 -82.21745 28.34154 -15.07434 -55.31070 -0.00000 -44.49690 -0.00000 7.99854 30.65904 74.59402 -7.12502 -0.00000 0.00000 -4.27287 -2.29599 -106.79966 -0.00000 0.00000 0.00000 97.43095 57.23441 -16.90333 -32.65989 -22.84502 69.18024 0.00000 22.73670 -0.00000 -5.89110 -0.26532 2.56963 7.12502 -0.00000 -0.00000 18.96798 6.23743 -27.45760
0.34697 0.97336 0.16533 10.43759 -2.46345 620.14528 -0.00000 0.00000 -0.00000 -25.76193 -13.73434 -4.56664 -1.70838 22.38102 8.61978 1.40198 -25.38227 -1.01727 -0.00045 -0.37525 -0.13658 -0.00000 0.00000 -0.00000 19.10126 -36.91509 10.03046 22.74844 59.74335 -38.60470 -1.53432 -11.83424 -6.92995 0.33971 10.26693 -3.78012 1.38791 -7.41267 -4.04789 3.67240 -2.08614 -5.69878 2.51518 2.19383 -2.88761 6.19609 -6.05452 8.62131 -12.56713 11.61595 12.42951 -3.64018 5.50701 5.53802 -0.00000 0.00000 0.00000 -24.18834 14.13006 -77.84263 32.96259 -23.60185 -70.45754 -0.00000 -40.31860 -0.00000 8.29333 30.11087 73.79839 -7.12502 -0.00000 0.00000 -3.85522 -2.13728 -106.03894 -0.00000 0.00000 0.00000 99.93153 51.62212 -17.86478 -32.83044 -23.26554 69.89089 0.00000 23.28510 -0.00000 -9.15833 -0.45017 2.79006 7.12502 -0.00000 -0.00000 15.95868 5.26568 -27.20712
0.32408 0.98004 0.15651 10.86837 -0.64660 622.63307 -0.00000 0.00000 -0.00000 -22.31597 -11.31217 -1.15060 -1.20034 18.95507 7.18109 -0.12131 -24.18006 -4.63971 -0.06935 -4.66574 -1.70221 -0.00000 0.00000 -0.00000 22.75200 -32.99068 18.13644 7.25591 41.68391 -18.91120 -0.98036 -15.62118 -1.25506 0.00039 -0.35193 0.12809 2.56392 -6.90122 -3.76532 3.38411 -2.26323 -5.36741 1.65544 1.58790 -2.72247 6.73323 -5.90886 8.14397 -12.55976 11.65081 11.73225 -3.81087 5.47238 5.23052 -0.00000 0.00000 0.00000 -25.94760 28.51124 -70.92857 35.10611 -32.29169 -84.93123 -0.00000 -35.05770 -0.00000 7.97160 26.07688 72.32976 -7.12502 -0.00000 0.00000 -0.51519 -0.30762 -104.15938 -0.00000 0.00000 0.00000 104.02835 45.61528 -21.96314 -33.01245 -23.73128 70.67525 0.00000 24.40960 -0.00000 -11.11218 -0.59695 3.03635 7.12502 -0.00000 -0.00000 14.14716 4.71577 -26.93540
0.29437 0.97955 0.14582 10.66237 1.65992 626.38602 -0.00000 0.00000 -0.00000 -19.99033 -9.40927 -2.79585 -1.41423 20.48494 7.81494 0.13595 -24.47537 -4.03155 -0.38434 -10.91016 -4.02298 -0.00000 0.00000 -0.00000 24.08468 -25.06303 23.66442 1.97183 23.91836 -9.28985 -0.26131 -15.67051 1.74106 0.54711 -12.97227 4.80953 4.44456 -6.79301 -3.27199 2.94939 -2.38522 -4.80933 0.23190 1.20905 -2.45026 6.70316 -5.87417 7.18254 -12.18919 11.75607 10.38835 -3.83748 5.37180 4.59773 -0.00000 0.00000 0.00000 -30.96992 41.43179 -58.53696 34.82593 -39.96799 -98.44843 -0.00000 -30.63340 -0.00000 6.85689 20.21850 70.81494 -7.12502 -0.00000 0.00000 4.26288 2.76808 -102.06104 -0.00000 0.00000 0.00000 107.19239 40.08835 -26.55495 -33.13861 -24.06543 71.23643 0.00000 24.52210 -0.00000 -10.97570 -0.59093 3.04405 7.12502 -0.00000 -0.00000 14.27140 4.76056 -26.93001
0.26140 0.97277 0.13113 8.99583 2.72224 630.17569 -0.00000 0.00000 -0.00000 -17.39464 -13.23043 -1.94872 -3.91786 32.47714 13.39544 -2.29456 -22.19177 -10.15403 -0.23274 -8.51736 -3.12465 -0.00000 0.00000 -0.00000 25.62438 -19.44358 24.64041 1.66717 22.12781 -8.51097 0.46861 -12.28032 4.44767 0.16259 -7.12976 2.60940 4.93302 -6.56226 -2.18633 2.16126 -2.30059 -3.34356 -0.74584 1.14012 -1.71223 5.62511 -6.23134 5.66926 -11.15083 13.45106 8.41955 -3.48545 5.70179 3.58116 -0.00000 0.00000 0.00000 -39.31479 47.90255 -41.94096 33.89386 -43.32350 -105.00819 -0.00000 -26.33620 -0.00000 5.22496 15.35410 70.94701 -7.12502 -0.00000 0.00000 8.36184 5.52001 -101.79783 -0.00000 0.00000 0.00000 109.44680 35.76528 -30.87756 -33.11059 -23.99038 71.11048 0.00000 24.70630 -0.00000 -11.72085 -0.53324 2.56847 7.12502 -0.00000 -0.00000 13.63050 4.41402 -27.39119
0.23298 0.96490 0.11662 6.26296 3.97187 635.10233 -0.00000 0.00000 -0.00000 -10.64049 -24.83365 1.50465 -14.66877 53.03922 28.92690 -0.69512 1.59705 -20.38043 -0.43752 11.62732 4.29509 -0.00000 0.00000 -0.00000 27.25876 -18.79115 21.25628 2.69547 27.57003 -10.95493 -0.23831 -14.94001 1.65599 0.13590 -6.52212 2.38485 6.31512 -4.75704 -1.15598 1.15485 -2.07209 -1.87729 -2.41595 0.36390 -0.99231 4.46191 -6.11524 3.81064 -9.80464 14.14418 5.87722 -3.14561 5.63958 2.36025 0.00000 0.00000 -0.00000 -43.35597 49.32912 -28.47493 33.99408 -43.04544 -104.44164 -0.00000 -24.46710 -0.00000 4.38773 12.54259 70.54028 -7.12502 -0.00000 0.00000 10.64117 7.20371 -101.28076 0.00000 0.00000 -0.00000 110.58397 34.62664 -32.87367 -32.58051 -22.65413 68.85682 0.00000 24.86840 -0.00000 -12.11036 -0.63591 2.96095 7.12502 -0.00000 -0.00000 13.23957 4.38592 -26.99385
0.20792 0.95482 0.10637 3.61767 5.46448 640.70439 -0.00000 0.00000 -0.00000 -2.99039 -36.30336 6.51605 -27.49451 62.35856 44.02610 -1.19003 -2.46329 -14.88129 -0.18594 7.62072 2.79129 -0.00000 0.00000 -0.00000 28.90048 -18.43505 16.93614 3.75225 31.88139 -13.08448 -0.65696 -18.90190 1.17133 0.01193 1.93722 -0.70538 6.80071 -3.92237 -1.02741 1.32121 -1.38306 -1.67666 -2.50751 0.61723 -0.86520 3.70305 -6.46996 2.47751 -9.04733 14.92936 4.08612 -2.96876 5.80043 1.47387 0.00000 0.00000 0.00000 -43.74750 49.65501 -21.04628 34.86210 -39.77699 -98.09095 -0.00000 -18.62270 -0.00000 3.67165 9.80606 69.35473 -7.12502 -0.00000 0.00000 12.68578 9.04365 -100.07335 0.00000 0.00000 0.00000 108.78052 38.83806 -33.15091 -31.95089 -21.23405 66.43224 0.00000 23.53020 -0.00000 -10.75828 -0.50749 2.66893 7.12502 -0.00000 -0.00000 14.50451 4.73453 -27.30464
0.18564 0.95130 0.10018 2.57052 5.30253 647.34755 -0.00000 0.00000 -0.00000 -0.42482 -44.46772 10.22334 -22.23799 59.41618 38.01276 -0.24218 -8.03341 -3.19637 -0.11996 6.12962 2.24012 -0.00000 0.00000 -0.00000 28.60517 -18.20341 14.04224 4.50629 34.45650 -14.46232 -2.59428 -23.01744 -3.22527 0.04087 -3.58387 1.30624 4.96930 -4.34313 -1.68584 1.50494 -0.89588 -2.52332 -1.36995 1.36242 -1.25536 2.21881 -6.97782 1.42679 -8.31867 14.74091 2.72749 -2.63957 5.72506 0.78479 -0.00000 0.00000 0.00000 -40.58944 47.70652 -21.48735 35.16802 -32.95263 -86.04621 -0.00000 -11.16460 -0.00000 4.54956 10.53445 66.47976 -7.12502 -0.00000 0.00000 11.47974 9.03769 -97.27830 -0.00000 0.00000 0.00000 104.57444 42.88234 -29.61423 -31.22626 -19.76778 63.88704 0.00000 25.77640 -0.00000 -10.22495 -0.55056 3.04931 7.12502 -0.00000 -0.00000 14.95799 4.99860 -26.93702
0.16568 0.95068 0.10155 1.68955 4.94624 653.74453 -0.00000 0.00000 -0.00000 -1.00124 -47.50815 13.79175 -12.12973 49.97732 25.68444 0.95045 -9.79693 4.93887 -0.19892 7.88010 2.88757 -0.00000 0.00000 -0.00000 26.95527 -17.37391 9.10503 4.50959 34.46706 -14.46815 -3.82351 -25.02458 -5.57480 0.00042 0.36250 -0.13194 4.47570 -4.36832 -2.01185 1.06655 -0.61315 -2.92916 -1.58387 1.64269 -1.44450 1.20101 -7.54162 -0.16655 -7.13970 15.07974 0.54783 -2.35272 5.81383 -0.25529 -0.00000 0.00000 -0.00000 -36.62051 43.54838 -28.80757 33.45640 -24.95431 -72.72366 -0.00000 -1.62329 -0.00000 6.93794 13.23248 62.00479 -7.12502 -0.00000 0.00000 8.34134 7.57495 -93.04217 -0.00000 0.00000 -0.00000 103.79605 41.51310 -27.81775 -31.32199 -19.95278 64.21088 0.00000 26.53070 -0.00000 -12.71956 -0.46184 2.04521 7.12502 -0.00000 -0.00000 12.75512 3.99291 -27.90177
0.14951 0.95077 0.10938 0.95976 4.67793 658.76624 -0.00000 0.00000 -0.00000 -1.73856 -46.89063 19.02772 -8.07246 43.38175 20.11893 0.05893 -2.23884 10.81419 -2.74850 27.81133 11.06904 -0.00000 0.00000 -0.00000 25.64703 -17.20239 5.78271 5.05564 36.13719 -15.41293 -5.08680 -27.26425 -7.45810 0.00495 1.24859 -0.45453 4.20494 -4.15673 -2.27599 0.93176 -0.61838 -3.25066 -1.57892 1.50640 -1.60783 0.22854 -7.43756 -1.37754 -5.86256 15.29466 -1.14974 -1.99123 5.80408 -1.03830 -0.00000 0.00000 -0.00000 -37.83676 37.65367 -36.35545 30.63434 -18.67453 -61.95505 -0.00000 9.52906 0.00000 11.02830 15.68065 54.20499 -7.12502 -0.00000 0.00000 -5.49377 -4.68853 85.35992 -0.00000 0.00000 -0.00000 103.62598 41.58745 -26.86494 -31.46374 -20.23130 64.69687 0.00000 24.20080 -0.00000 -16.11963 -0.31912 1.10406 7.12502 -0.00000 -0.00000 9.67891 2.83479 -28.82926
0.13637 0.94582 0.12243 0.90733 3.48421 664.21456 -0.00000 0.00000 -0.00000 -10.16728 -40.12332 11.21190 -5.39697 37.11185 15.98507 0.42330 -5.59993 4.53924 -0.00299 -0.96961 -0.35294 -0.00000 0.00000 -0.00000 21.14045 -21.10299 -0.03163 7.98303 43.20344 -19.98853 -4.84941 -26.26422 -7.52614 0.37067 -10.71752 3.95013 3.21757 -4.29735 -3.19198 0.53044 -0.87976 -4.41546 -1.49481 1.28572 -2.19912 -0.74420 -7.66907 -2.30515 -4.91525 16.47647 -2.39584 -1.70626 6.19783 -1.65535 0.00000 0.00000 0.00000 -41.49780 33.00232 -43.10841 27.84289 -14.39442 -53.99367 -0.00000 21.21020 0.00000 15.47362 16.96254 46.50291 -7.12502 -0.00000 0.00000 -3.01944 -2.01751 78.71982 0.00000 0.00000 0.00000 104.23486 43.61380 -27.04991 -31.69885 -20.70604 65.52113 0.00000 21.47210 -0.00000 -18.02564 -0.54825 1.68426 7.12502 -0.00000 -0.00000 7.88451 2.39431 -28.21323
0.13191 0.94305 0.12716 3.61452 3.18732 668.24871 -0.00000 0.00000 -0.00000 -17.02899 -39.94799 5.90283 -4.35537 33.96786 14.19389 0.40779 -6.81071 2.85847 -0.00240 0.86958 0.31653 -0.00000 0.00000 -0.00000 16.04864 -31.32950 0.64547 17.37110 55.70299 -32.25038 -1.14214 -15.82526 -1.84876 0.28162 -9.35945 3.43925 1.38137 -5.42112 -3.80103 -0.09108 -1.92912 -5.15298 -1.15308 0.89692 -2.58677 -1.99846 -7.54940 -3.04113 -3.85851 16.62259 -3.39507 -1.29072 6.23903 -2.13248 0.00000 0.00000 0.00000 -44.96985 30.48234 -48.75044 24.95818 -10.98218 -46.95774 -0.00000 29.92970 0.00000 18.36724 17.40011 42.00856 -7.12502 -0.00000 0.00000 -1.23430 -0.70731 74.81038 0.00000 0.00000 0.00000 105.92117 44.90773 -27.03448 -31.68125 -20.66991 65.45859 0.00000 21.81510 -0.00000 -17.64208 -0.69948 2.19830 7.12502 -0.00000 -0.00000 8.21008 2.57837 -27.68298
0.13131 0.93952 0.12074 3.67571 3.19702 671.27351 -0.00000 0.00000 -0.00000 -19.39838 -38.14372 3.26585 -3.58060 31.24383 12.75655 0.21928 -6.10252 1.26872 -0.00148 0.68214 0.24829 -0.00000 0.00000 -0.00000 17.25870 -33.62582 9.32259 23.20446 60.02723 -39.13187 1.33033 -8.81561 9.54605 0.13126 -6.41027 2.34358 1.81632 -4.24682 -3.77137 -0.63752 -1.86588 -5.10678 -1.85480 0.22762 -2.57378 -2.71996 -7.87053 -3.81095 -3.19040 16.27589 -4.42671 -1.09178 6.19751 -2.61007 0.00000 0.00000 0.00000 -43.74556 31.70208 -53.73563 23.73327 -9.75268 -44.19598 -0.00000 30.23840 0.00000 19.09136 18.00243 41.76294 -7.12502 -0.00000 0.00000 -0.46709 -0.26744 74.79291 0.00000 0.00000 0.00000 109.52506 45.28103 -27.84500 -31.85278 -21.02605 66.07399 0.00000 23.32750 -0.00000 -18.03237 -0.84060 2.58029 7.12502 -0.00000 -0.00000 7.82818 2.51799 -27.27871
0.12805 0.93715 0.10423 4.27555 4.25017 677.12991 -0.00000 0.00000 -0.00000 -23.08933 -37.90130 -2.60054 -3.06345 29.18422 11.72910 0.00303 -3.72792 -0.60794 -0.00540 -1.30332 -0.47446 -0.00000 0.00000 -0.00000 19.69373 -28.15950 18.38431 16.55991 54.95750 -31.26409 3.06375 -8.56814 17.79021 0.83556 -15.93453 5.96476 1.26882 -5.20118 -4.61404 -0.98021 -1.49861 -6.21207 -2.08120 1.08855 -3.11165 -3.41266 -8.24256 -4.41582 -2.07724 15.89168 -5.29407 -0.74120 6.17681 -2.96921 -0.00000 0.00000 -0.00000 -43.21090 35.43779 -55.66381 23.68912 -9.71044 -44.09840 -0.00000 27.75370 0.00000 17.90441 16.48959 41.30118 -7.12502 -0.00000 0.00000 -2.03746 -1.12357 73.86302 -0.00000 0.00000 -0.00000 112.18841 48.46724 -28.80058 -31.85207 -21.02454 66.07139 0.00000 23.77050 -0.00000 -18.27307 -0.87733 2.65500 7.12502 -0.00000 -0.00000 7.60231 2.45657 -27.19624
0.13073 0.94231 0.07725 3.23697 5.18704 684.15367 -0.00000 0.00000 -0.00000 -24.41421 -36.04221 -6.66127 -2.12953 24.77867 9.67234 0.02347 1.05436 -1.83064 -0.00519 -1.27835 -0.46536 -0.00000 0.00000 -0.00000 21.84550 -23.09241 16.39606 11.09483 48.52872 -24.31854 1.79610 -20.42676 8.89985 1.31994 -19.82840 7.54132 2.21405 -3.15955 -5.28205 -1.21553 -1.18082 -7.10888 -2.68139 0.10598 -3.57268 -4.90162 -8.16546 -5.54761 0.05743 15.80351 -6.94734 -0.03973 6.25056 -3.68172 0.00000 0.00000 0.00000 -43.03266 43.34109 -55.11730 24.73886 -10.75356 -46.45505 -0.00000 23.47620 0.00000 18.56270 16.48155 40.19233 -7.12502 -0.00000 0.00000 -1.65298 -0.87413 72.86339 0.00000 0.00000 0.00000 114.25492 50.29995 -29.91661 -31.64907 -20.60413 65.34462 0.00000 23.16440 -0.00000 -16.93996 -1.18441 3.88237 7.12502 -0.00000 -0.00000 8.74363 3.04415 -25.95088
0.13708 0.95278 0.04626 2.24488 6.88144 688.22266 -0.00000 0.00000 -0.00000 -21.23318 -36.72487 -6.19901 -1.50097 21.06662 8.05947 0.25699 3.46236 -6.15651 -1.46017 -20.79556 -7.94526 -0.00000 0.00000 -0.00000 22.70801 -21.20557 8.97206 5.63485 37.76281 -16.37638 -1.01578 -24.88608 1.86072 0.08343 -5.11585 1.86731 4.06262 -1.44014 -4.69949 -1.17701 -0.77278 -6.32169 -3.50756 -0.56661 -3.19258 -6.24873 -7.58869 -6.90768 2.44608 14.24671 -8.95703 0.74618 5.84710 -4.53708 -0.00000 0.00000 0.00000 -42.87848 53.11747 -51.86017 27.31095 -13.70185 -52.62679 -0.00000 20.87250 0.00000 19.71698 17.27784 39.64957 -7.12502 -0.00000 0.00000 -0.49440 -0.25904 72.65188 -0.00000 0.00000 0.00000 114.54277 51.57796 -30.69059 -31.37840 -20.06295 64.40333 0.00000 22.68160 -0.00000 -16.83042 -1.06162 3.50495 7.12502 -0.00000 -0.00000 8.87133 3.02072 -26.34418
0.14528 0.96083 0.01598 1.75214 7.66074 688.76437 -0.00000 0.00000 -0.00000 -17.78224 -39.07856 -4.19215 -3.68302 31.62678 12.95293 -0.29998 -7.47991 -3.65006 -1.23921 -19.24424 -7.29991 -0.00000 0.00000 -0.00000 24.87931 -21.77910 10.32965 4.66799 34.96664 -14.74627 -1.75490 -23.05269 -0.77256 0.02003 -2.51043 0.91435 4.44269 0.06189 -3.41200 -1.32052 -0.12025 -4.54882 -3.81014 -0.61030 -2.29478 -6.36654 -7.25742 -8.03893 4.44601 13.99356 -10.77967 1.18522 5.86515 -5.28948 0.00000 0.00000 0.00000 -42.95594 61.14673 -45.27367 30.05533 -17.67959 -60.16636 -0.00000 19.15260 0.00000 21.12330 17.47716 37.86044 -7.12502 -0.00000 0.00000 0.51484 0.25247 71.12187 0.00000 0.00000 0.00000 112.72677 54.32822 -30.44558 -31.21985 -19.75548 63.86548 0.00000 20.80360 -0.00000 -15.59084 -1.17419 4.20024 7.12502 -0.00000 -0.00000 9.95162 3.53029 -25.66156
0.14957 0.96982 -0.00805 -0.88036 7.78359 692.63512 -0.00000 0.00000 -0.00000 -13.86075 -38.24760 -3.33708 -11.49764 49.10842 24.85375 0.50819 -13.27951 0.06999 -0.17353 -7.36386 -2.69608 -0.00000 0.00000 -0.00000 27.34581 -17.42081 9.76701 2.73998 27.77278 -11.05077 -2.90747 -20.40049 -5.79857 0.00230 0.85072 -0.30966 4.54524 1.86745 -3.53188 -0.08327 0.36407 -4.61860 -2.49034 -1.02923 -2.32462 -6.73179 -6.26672 -8.91829 5.57992 14.50571 -12.19679 1.44796 5.99312 -5.93466 0.00000 0.00000 0.00000 -49.15051 65.81007 -33.56060 31.80421 -20.92424 -65.89835 -0.00000 21.44730 0.00000 24.14241 18.75399 35.65224 -7.12502 -0.00000 0.00000 3.21055 1.47206 69.60674 0.00000 0.00000 0.00000 109.41135 54.11524 -29.16321 -31.08244 -19.49434 63.40682 0.00000 20.93750 -0.00000 -13.79021 -1.58999 6.44983 7.12502 -0.00000 -0.00000 11.37588 4.56109 -23.43393
0.15584 0.97785 -0.02705 -2.35670 8.00780 696.21601 -0.00000 0.00000 -0.00000 -8.62906 -33.52240 2.68541 -19.00468 57.08320 34.21160 1.97488 -16.41242 5.07872 -0.25216 8.86198 3.25321 -0.00000 0.00000 -0.00000 27.89240 -15.67063 7.73693 1.71576 22.42598 -8.63915 -3.02032 -18.27260 -7.91666 0.03415 3.27659 -1.19397 4.32633 2.01742 -3.41412 0.78700 0.47482 -4.45492 -1.48005 -0.90074 -2.23663 -7.24352 -5.13258 -9.83577 6.61760 14.51448 -13.62192 1.74313 5.96774 -6.60872 -0.00000 0.00000 0.00000 -56.40505 66.18358 -21.06007 32.95379 -23.57914 -70.41933 -0.00000 23.40200 0.00000 26.86268 19.30145 33.12765 -7.12502 -0.00000 0.00000 5.42791 2.26342 67.56969 -0.00000 0.00000 0.00000 108.93661 49.69204 -29.73516 -31.35327 -20.01377 64.31745 0.00000 20.93090 -0.00000 -17.98884 -1.13951 3.50478 7.12502 -0.00000 -0.00000 7.81004 2.65865 -26.31541
0.16501 0.98434 -0.04337 -2.77902 8.20738 701.46031 -0.00000 0.00000 -0.00000 -7.00505 -25.13103 5.38337 -14.85685 53.24238 29.16197 1.71157 -15.56611 4.52142 -0.84791 16.04771 6.00958 -0.00000 0.00000 -0.00000 27.30054 -13.06709 7.92633 0.87806 16.32028 -6.11776 -4.21351 -17.53300 -13.96477 0.17723 7.44146 -2.72483 3.78573 1.38312 -4.28925 1.26297 0.21070 -5.65522 -0.68885 -0.78616 -2.83613 -6.96146 -3.99043 -10.32711 6.76152 14.17437 -14.38670 1.75015 5.70591 -6.99022 -0.00000 0.00000 -0.00000 -60.86529 64.44813 -11.46627 33.49631 -25.07129 -72.91887 -0.00000 24.16190 0.00000 30.13191 20.26474 30.82593 -7.12502 -0.00000 0.00000 8.30183 3.19338 65.89518 -0.00000 0.00000 -0.00000 109.10165 47.60306 -30.02678 -31.29049 -19.89163 64.10393 0.00000 21.30020 -0.00000 -19.57839 -1.08595 3.05029 7.12502 -0.00000 -0.00000 6.37959 2.11246 -26.75344
0.18187 0.98930 -0.06144 -1.83041 8.81107 706.97362 -0.00000 0.00000 -0.00000 -10.50902 -15.34382 4.02813 -4.64070 34.88148 14.69860 2.43987 -21.20006 3.73503 -0.52830 -12.75230 -4.72500 -0.00000 0.00000 -0.00000 24.57927 -12.81218 8.56421 0.51282 12.56817 -4.65437 -5.61700 -17.95108 -19.96173 0.63259 13.92374 -5.17705 3.20181 0.92646 -5.65974 1.23413 -0.08637 -7.50221 -0.36380 -0.83597 -3.76062 -6.80372 -3.99224 -10.65486 7.25022 13.66128 -14.87616 1.85104 5.59669 -7.19625 0.00000 0.00000 -0.00000 -59.57923 62.39949 -9.48895 33.59376 -25.36259 -73.40451 -0.00000 24.05410 0.00000 32.94723 22.51605 30.57756 -7.12502 -0.00000 0.00000 11.31564 4.51930 66.49304 0.00000 0.00000 -0.00000 108.50571 48.82624 -29.32419 -31.16342 -19.64766 63.67631 0.00000 19.72870 -0.00000 -19.70800 -1.22969 3.42851 7.12502 -0.00000 -0.00000 6.23897 2.11446 -26.35075
0.20029 0.99203 -0.08656 0.44810 9.85105 709.99906 -0.00000 0.00000 -0.00000 -16.02961 -11.74362 -0.01163 -1.95498 23.82395 9.24821 3.52054 -22.64463 6.23877 -0.48902 -12.27930 -4.54377 -0.00000 0.00000 -0.00000 20.91328 -18.86335 8.26739 1.00172 17.38705 -6.54428 -7.77731 -21.78964 -21.58004 1.09878 18.17342 -6.86211 0.90600 1.02903 -6.65208 1.30034 -0.15433 -8.84953 1.00412 -0.64240 -4.42584 -7.37318 -5.10571 -10.87578 8.13695 13.49794 -15.16821 2.10563 5.84351 -7.27775 0.00000 0.00000 -0.00000 -56.03382 60.11102 -13.30043 33.19739 -24.22454 -71.50319 -0.00000 23.97630 0.00000 36.70992 20.43252 25.08852 -7.12502 -0.00000 0.00000 13.66496 3.98378 60.94748 0.00000 0.00000 -0.00000 105.41417 51.20705 -25.89441 -30.66282 -18.72526 62.04543 0.00000 17.78390 -0.00000 -19.82783 -1.76051 4.87003 7.12502 -0.00000 -0.00000 6.03740 2.22751 -24.82198
0.21194 0.98621 -0.11680 1.74510 10.25226 709.90416 -0.00000 0.00000 -0.00000 -17.58302 -13.04178 -2.19564 -1.77900 22.80652 8.80359 2.40722 -23.49952 2.44232 -0.85893 -16.14798 -6.04934 -0.00000 0.00000 -0.00000 20.02246 -27.92187 8.42698 3.44699 30.73253 -12.49705 -6.99882 -23.64886 -16.15903 0.86953 16.24376 -6.08735 -0.16047 1.92868 -6.96396 0.70638 0.16226 -9.27952 1.07555 -0.73211 -4.63639 -5.93502 -5.74816 -10.21230 7.58564 12.95167 -14.24948 1.81282 5.59597 -6.78933 -0.00000 0.00000 0.00000 -53.26283 55.81167 -17.48175 32.24153 -21.87019 -67.52268 -0.00000 23.20080 0.00000 36.80923 19.86786 24.42456 -7.12502 -0.00000 0.00000 13.57811 3.74982 60.15143 -0.00000 0.00000 0.00000 103.85218 54.60678 -22.61312 -30.28586 -18.06766 60.86776 0.00000 17.98710 -0.00000 -17.83572 -1.77223 5.49031 7.12502 -0.00000 -0.00000 7.80192 2.97568 -24.24966
0.21411 0.97119 -0.14752 3.70576 10.36645 708.61168 -0.00000 0.00000 -0.00000 -20.28192 -17.92358 -5.61369 -2.97260 28.79830 11.54165 2.90667 -25.53031 2.83198 -0.83487 -15.92817 -5.96225 -0.00000 0.00000 -0.00000 21.39177 -34.34756 13.81017 12.15185 50.00687 -25.71332 -5.74774 -21.94713 -14.13524 0.70801 14.70715 -5.48207 -1.90765 2.35787 -6.68669 -0.61060 -0.00750 -8.97259 0.76934 -1.08823 -4.47236 -5.82552 -6.17570 -9.58889 8.17992 14.32431 -13.60956 1.94235 6.08806 -6.39438 0.00000 0.00000 -0.00000 -52.13371 50.65036 -23.77838 30.54584 -18.51799 -61.67566 -0.00000 22.00560 0.00000 36.37502 21.58740 26.54169 -7.12502 -0.00000 0.00000 13.74333 4.46316 62.64987 0.00000 0.00000 -0.00000 104.70749 56.57049 -21.98136 -30.10228 -17.75781 60.30813 0.00000 19.44930 -0.00000 -16.90962 -2.23654 7.31501 7.12502 -0.00000 -0.00000 8.47363 3.55615 -22.39603
0.20569 0.95800 -0.17326 4.95625 11.79958 707.45063 -0.00000 0.00000 -0.00000 -20.88990 -24.46581 -8.42465 -4.67006 34.97309 14.74989 3.03178 -26.15825 2.85346 -1.90265 -23.52747 -9.11789 -0.00000 0.00000 -0.00000 23.32302 -36.10828 22.21386 28.69111 62.91437 -45.37343 -3.88107 -17.03230 -13.13796 1.22014 19.10302 -7.24183 -2.73389 0.52924 -5.83825 -1.51587 -0.73301 -7.83094 0.12290 -0.88128 -3.90107 -5.73921 -6.52250 -8.65136 7.56482 15.48651 -12.32263 1.81803 6.40277 -5.77581 0.00000 0.00000 -0.00000 -54.82930 46.48167 -28.91678 28.97169 -15.98031 -57.03112 -0.00000 21.36980 0.00000 33.34130 21.81710 29.46156 -7.12502 -0.00000 0.00000 11.37899 4.26254 65.27014 0.00000 0.00000 -0.00000 107.17060 54.60352 -24.44810 -29.95788 -17.51857 59.87384 0.00000 21.32050 -0.00000 -17.59596 -1.90369 5.97974 7.12502 -0.00000 -0.00000 7.97805 3.12428 -23.74982
0.18887 0.95063 -0.19568 5.55089 12.60200 708.76802 -0.00000 0.00000 -0.00000 -21.38309 -25.95976 -11.79133 -4.72562 35.14526 14.84662 3.23937 -25.15057 3.91228 -2.25349 -25.42728 -9.96451 -0.00000 0.00000 -0.00000 19.33703 -32.15746 24.33102 37.84968 66.17363 -55.50780 -2.63627 -14.72158 -9.98784 1.19575 18.92057 -7.16695 -2.48864 -0.69418 -5.15638 -2.36239 -1.44976 -6.90999 -0.94182 -1.09414 -3.44613 -1.54892 -7.35492 -4.93954 2.34718 16.75612 -6.97260 0.10779 6.37010 -3.30138 0.00000 0.00000 0.00000 -58.10644 43.90619 -30.29313 27.90617 -14.47901 -54.15880 -0.00000 21.91370 0.00000 32.79472 22.97184 31.20399 -7.12502 -0.00000 0.00000 11.36001 4.70270 67.19901 0.00000 0.00000 0.00000 109.34186 51.62380 -28.30158 -29.87831 -17.38838 59.63669 0.00000 22.22260 -0.00000 -15.54356 -1.88122 6.73112 7.12502 -0.00000 -0.00000 9.76366 3.97305 -23.06768
0.15547 0.95280 -0.21620 5.10317 12.90349 710.96706 -0.00000 0.00000 -0.00000 -18.44244 -25.83596 -11.90251 -3.82973 32.16239 13.23060 2.10699 -22.44918 2.06213 -2.27309 -25.52779 -10.01009 -0.00000 0.00000 -0.00000 15.62417 -21.93591 23.68847 25.07166 61.11287 -41.27556 -1.64254 -11.37930 -8.29142 1.96012 23.85280 -9.26093 -2.76290 -1.40172 -3.91417 -2.58270 -1.79958 -5.23529 -1.06418 -1.05689 -2.60650 2.59899 -6.33920 1.82014 -4.87565 16.71878 2.91259 -1.60704 6.20005 1.18019 0.00000 0.00000 0.00000 -58.77293 40.86440 -30.00799 26.91896 -13.21153 -51.64222 -0.00000 21.57870 0.00000 31.57897 22.38760 31.78257 -7.12502 -0.00000 0.00000 10.21502 4.27939 67.49433 0.00000 0.00000 0.00000 110.93750 48.14819 -31.41722 -29.94871 -17.50352 59.84646 0.00000 24.59310 -0.00000 -16.60850 -1.74746 5.83737 7.12502 -0.00000 -0.00000 8.88540 3.45117 -23.94042
0.11141 0.95693 -0.23679 3.63125 15.03616 716.06922 -0.00000 0.00000 -0.00000 -15.41776 -26.07167 -15.85243 -2.73542 27.75212 11.04099 1.59246 -18.34651 2.35786 -2.44949 -26.40820 -10.41295 -0.00000 0.00000 -0.00000 14.85327 -10.83244 19.50891 8.93628 45.01742 -21.35784 -2.18578 -15.69358 -6.62556 0.12924 6.36119 -2.32548 -1.79805 -3.18397 -2.50186 -2.98761 -2.40450 -3.31223 -2.09581 -0.76281 -1.66137 6.42941 -4.71069 7.48387 -11.38156 17.28387 11.45467 -3.25979 6.87865 5.07813 0.00000 0.00000 0.00000 -56.15077 38.28837 -29.10696 26.80450 -13.07140 -51.35812 -0.00000 20.21870 0.00000 30.68513 23.94559 34.37078 -7.12502 -0.00000 0.00000 10.13565 4.84316 70.28025 0.00000 0.00000 0.00000 113.48554 42.83750 -33.95136 -30.18075 -17.88944 60.54626 0.00000 23.47090 -0.00000 -17.07325 -1.70963 5.54824 7.12502 -0.00000 -0.00000 8.48923 3.24679 -24.22054
0.06614 0.95897 -0.26146 0.75371 17.00226 723.36943 -0.00000 0.00000 -0.00000 -13.28394 -28.92125 -21.20588 -2.36767 26.00503 10.22765 1.34548 -14.65350 3.43108 -0.40260 -11.16202 -4.11838 -0.00000 0.00000 -0.00000 18.62725 -8.36610 11.73193 4.05190 32.94621 -13.64348 -5.06647 -22.89542 -10.87120 0.20484 -7.99538 2.93040 0.10498 -3.81834 -1.06637 -3.13783 -2.58278 -1.42909 -3.31109 -0.59613 -0.74181 7.88728 -3.24531 10.31392 -14.69954 16.69926 15.86540 -4.07881 7.11099 7.13750 -0.00000 0.00000 -0.00000 -55.20781 33.45104 -28.22577 27.41504 -13.83484 -52.89136 -0.00000 20.01350 0.00000 31.71247 25.28126 34.64975 -7.12502 -0.00000 0.00000 11.39405 5.63366 70.97153 -0.00000 0.00000 -0.00000 114.82457 41.50862 -35.36158 -30.13366 -17.81030 60.40316 0.00000 20.98740 -0.00000 -18.74367 -0.74923 2.20680 7.12502 -0.00000 -0.00000 7.19406 2.25906 -27.65723
0.03053 0.95544 -0.27943 -2.50805 16.24374 729.77168 -0.00000 0.00000 -0.00000 -15.07133 -37.91349 -16.16037 -5.13588 36.37084 15.54863 0.58407 -18.00057 -1.15722 -0.91030 -16.60606 -6.23152 -0.00000 0.00000 -0.00000 22.55249 -9.75576 4.36695 3.32075 30.23661 -12.24821 -5.51757 -24.57471 -10.69798 0.16192 -7.11505 2.60396 3.06519 -3.13763 0.88032 -2.86837 -2.05105 1.10604 -4.66000 -0.23628 0.51427 9.05682 -2.43251 10.63620 -16.50290 16.39538 16.60881 -4.82787 7.19467 7.51670 -0.00000 0.00000 -0.00000 -53.53105 30.39235 -26.35000 28.56936 -15.39558 -55.92504 -0.00000 20.60570 0.00000 31.06548 27.42374 37.39910 -7.12502 -0.00000 0.00000 11.74133 6.62180 74.02238 -0.00000 0.00000 -0.00000 113.78303 44.59664 -37.08197 -29.95906 -17.52051 59.87738 0.00000 18.47370 -0.00000 -18.52252 -1.23028 3.66681 7.12502 -0.00000 -0.00000 7.31039 2.51280 -26.13195
0.00360 0.94992 -0.28372 -3.84321 13.80903 734.89710 -0.00000 0.00000 -0.00000 -20.46667 -43.05230 -9.62976 -11.15181 48.61202 24.39455 -0.28721 -20.80533 -4.56175 -2.31216 -25.72644 -10.10042 -0.00000 0.00000 -0.00000 24.48348 -11.69098 -0.96989 4.24425 33.60002 -13.99407 -5.32666 -25.15114 -9.66158 0.15953 -7.06279 2.58462 5.63029 -3.32900 2.80975 -3.25785 -0.71439 3.60911 -6.37460 1.68051 1.85275 9.52344 -3.18013 9.75532 -14.92545 17.28362 15.17411 -4.49922 7.35692 6.91321 -0.00000 0.00000 0.00000 -49.27566 28.92985 -22.81818 29.62473 -16.98097 -58.89061 -0.00000 20.16280 0.00000 30.82435 28.30216 38.46989 -7.12502 -0.00000 0.00000 11.90983 7.05288 75.20640 -0.00000 0.00000 0.00000 109.45774 47.61906 -34.23388 -29.25506 -16.40631 57.82765 0.00000 18.27860 -0.00000 -14.96442 -1.14814 4.28727 7.12502 -0.00000 -0.00000 10.51604 3.75009 -25.59054
-0.01471 0.94632 -0.27278 -4.65168 11.49764 738.84394 -0.00000 0.00000 -0.00000 -23.55509 -40.71869 -3.38371 -12.98493 51.08033 26.79223 -1.83257 -19.31523 -9.06943 -2.49723 -26.63940 -10.51984 -0.00000 0.00000 -0.00000 25.78100 -12.07791 -5.37734 5.05350 36.13094 -15.40932 -4.67081 -23.56333 -9.05593 0.12438 -6.24106 2.28119 4.15539 -4.00521 4.20729 -0.71844 -0.49342 5.44252 -2.70964 2.16503 2.75616 8.12575 -3.53114 8.55759 -15.10836 18.96071 13.98528 -4.39871 7.73666 6.19608 -0.00000 0.00000 0.00000 -51.09788 28.60143 -14.78275 30.61947 -18.64811 -61.90793 -0.00000 20.45550 0.00000 28.53880 28.96704 41.68643 -7.12502 -0.00000 0.00000 10.64830 7.05032 78.13714 -0.00000 0.00000 0.00000 101.58986 43.66163 -30.30906 -28.55756 -15.37877 55.89301 0.00000 21.92530 -0.00000 -14.39075 -0.92950 3.61761 7.12502 -0.00000 -0.00000 11.09615 3.80913 -26.28714
-0.02748 0.94162 -0.25795 -4.39473 10.93470 740.30442 -0.00000 0.00000 -0.00000 -24.44811 -33.46023 -0.23353 -7.52314 42.25731 19.31079 -0.13391 -24.65247 -4.75306 -0.04173 -3.62160 -1.32003 -0.00000 0.00000 -0.00000 23.31241 -17.58998 -8.42456 9.15008 45.39964 -21.65910 -1.98022 -16.98440 -4.68976 0.03833 -3.47085 1.26494 4.64902 -5.54296 5.87055 -0.97140 -0.66699 7.57184 -2.90829 3.07315 3.83549 8.46704 -3.41004 7.71874 -13.82753 18.85756 12.54228 -4.26146 7.49090 5.65171 0.00000 0.00000 -0.00000 -49.41784 29.98205 -5.89967 31.63004 -20.56538 -65.27743 -0.00000 20.86340 0.00000 24.29551 30.83776 48.63162 -7.12502 -0.00000 0.00000 8.86573 7.39196 84.51616 0.00000 0.00000 -0.00000 99.27260 34.65391 -24.42632 -28.49947 -15.29630 55.73569 0.00000 24.02480 -0.00000 -17.35858 -0.76947 2.46003 7.12502 -0.00000 -0.00000 8.45565 2.70039 -27.41556
-0.03885 0.94450 -0.24561 -1.47628 10.68218 743.81143 -0.00000 0.00000 -0.00000 -27.66855 -28.66797 -1.77413 -5.90114 38.46597 16.80780 -0.11054 -26.38650 -4.99742 -0.44470 -11.72055 -4.33057 -0.00000 0.00000 -0.00000 10.81485 -28.27130 -17.31707 24.75380 60.93632 -40.91222 -0.22653 -7.75982 -0.48853 0.12921 -6.36049 2.32522 2.78757 -5.65566 5.94102 -1.87214 -0.19467 7.80750 -2.71493 3.51592 3.94726 7.83055 -3.23142 7.24430 -12.49065 18.67181 11.68393 -3.85350 7.21311 5.31761 -0.00000 0.00000 0.00000 -52.96336 34.09263 6.23110 33.00264 -23.70571 -70.63226 -0.00000 20.43150 0.00000 21.65588 34.37427 54.88291 -7.12502 -0.00000 0.00000 -9.37443 -8.86667 -91.96543 -0.00000 0.00000 0.00000 99.35357 26.00051 -18.25146 -29.12771 -16.21336 57.46781 0.00000 22.66840 -0.00000 -20.30096 -0.47134 1.27391 7.12502 -0.00000 -0.00000 5.79809 1.71014 -28.62211
-0.05321 0.94836 -0.23755 -0.59407 10.20712 747.65004 -0.00000 0.00000 -0.00000 -26.23075 -26.61189 1.86512 -4.76185 35.25669 14.90947 -2.40262 -24.45516 -10.32896 -0.33924 -10.25990 -3.77747 -0.00000 0.00000 -0.00000 1.96501 -35.70699 -21.79728 42.49599 67.31892 -60.56415 -2.28355 -13.68775 -9.34252 0.01089 1.85153 -0.67415 2.90883 -5.40143 5.99974 -2.35122 0.41044 7.90701 -3.21852 4.09012 4.02032 8.54439 -3.90498 6.95703 -12.31804 19.00343 11.19190 -3.94759 7.42314 5.11604 -0.00000 0.00000 -0.00000 -59.62739 40.02910 15.90709 34.14580 -27.20118 -76.45868 -0.00000 21.35910 0.00000 20.52322 36.03724 57.53111 -7.12502 -0.00000 0.00000 -10.40301 -8.98286 -94.61941 -0.00000 0.00000 -0.00000 100.62422 23.43275 -14.36916 -30.06921 -17.70267 60.20822 0.00000 18.74030 -0.00000 -24.50862 -0.59953 1.31476 7.12502 -0.00000 -0.00000 1.89827 0.56125 -28.53490
-0.07057 0.95858 -0.22932 -1.64955 9.92910 751.23401 -0.00000 0.00000 -0.00000 -24.84454 -24.94752 0.55154 -3.93215 32.52769 13.42203 -2.59551 -23.22306 -10.85287 -0.61220 -13.70343 -5.09167 -0.00000 0.00000 -0.00000 1.72790 -38.23274 -13.86355 32.43379 64.43785 -49.54839 -3.60118 -18.00491 -10.60366 0.02209 2.63597 -0.96014 4.10234 -5.18647 6.21856 -1.92710 0.00380 8.11147 -3.49521 3.67222 4.12921 8.47902 -3.26145 6.82899 -12.25504 18.72328 11.04380 -3.97600 7.20392 5.08765 0.00000 0.00000 0.00000 -70.17552 45.58656 19.87587 35.02739 -31.61499 -83.79508 -0.00000 23.39170 0.00000 19.48055 35.64176 58.74022 -7.12502 -0.00000 0.00000 -9.94424 -8.35073 -95.36278 0.00000 0.00000 0.00000 101.80075 24.69731 -17.78656 -31.50953 -20.32249 64.85560 0.00000 19.88250 -0.00000 -21.50400 -1.16818 2.96214 7.12502 -0.00000 -0.00000 4.61502 1.52067 -26.80158
-0.09448 0.96999 -0.21935 -2.27911 9.48515 757.15838 -0.00000 0.00000 -0.00000 -24.54311 -20.83719 -3.19020 -2.62066 27.22425 10.79234 -2.61318 -20.21582 -11.19033 -0.93914 -16.85704 -6.33172 -0.00000 0.00000 -0.00000 4.98244 -32.27627 0.73564 13.01916 51.12284 -26.83620 -4.23752 -21.89344 -9.10609 0.01982 2.49725 -0.90954 4.09021 -4.53860 5.43309 -1.81278 -0.18130 7.08669 -3.57852 3.02568 3.60552 8.76557 -2.89382 6.94862 -12.19300 17.40417 11.04025 -4.06373 6.74244 5.15144 0.00000 0.00000 0.00000 -72.14020 48.43405 7.94317 35.26438 -35.28778 -90.04052 -0.00000 25.85600 0.00000 17.86382 35.69952 61.08752 -7.12502 -0.00000 0.00000 -9.74006 -7.66537 -97.15008 0.00000 0.00000 0.00000 101.33057 25.45354 -20.58742 -32.33804 -22.08851 67.89523 0.00000 23.15680 -0.00000 -16.57256 -1.44526 4.84443 7.12502 -0.00000 -0.00000 9.00366 3.31194 -24.96773
-0.12111 0.97695 -0.20284 -3.26776 8.73648 765.13814 -0.00000 0.00000 -0.00000 -23.62459 -16.65666 -8.65204 -1.70176 22.34060 8.60238 -2.58366 -18.11997 -11.44831 -1.59382 -21.66766 -8.31432 -0.00000 0.00000 -0.00000 6.16009 -21.01576 12.85636 3.75165 31.87919 -13.08334 -2.47721 -22.03398 -3.39306 0.04086 -3.58356 1.30612 3.88272 -5.16993 3.39985 -1.69348 -0.12398 4.35703 -3.53122 3.17006 2.24331 8.62914 -2.56529 7.54417 -11.95379 15.87672 11.66571 -3.95430 6.25271 5.49833 0.00000 0.00000 -0.00000 -67.07769 47.02073 -11.99386 35.21351 -36.90460 -92.87227 -0.00000 27.82030 0.00000 15.79903 33.72399 62.99440 -7.12502 -0.00000 0.00000 -7.90628 -6.01285 -97.97290 0.00000 0.00000 -0.00000 100.82742 25.57576 -24.57340 -33.32047 -24.56522 72.07356 0.00000 21.48450 -0.00000 -17.03120 -1.31918 4.29799 7.12502 -0.00000 -0.00000 8.62907 3.07745 -25.51793
-0.15360 0.98025 -0.17850 -3.99175 7.73810 773.05836 -0.00000 0.00000 -0.00000 -20.75595 -15.21461 -10.73115 -1.22230 19.11905 7.24842 -3.44274 -16.58793 -14.42699 -3.21602 -29.81521 -12.03892 -0.00000 0.00000 -0.00000 8.73009 -15.42212 15.30496 2.17625 25.02587 -9.78330 -2.63012 -20.81250 -4.58759 0.00633 -1.41207 0.51406 3.05658 -4.89943 0.87319 -2.14583 -0.48669 1.05944 -3.85112 2.34187 0.57199 8.87731 -1.90247 8.22535 -11.33788 14.51759 12.36536 -3.81086 5.77189 5.93121 -0.00000 0.00000 -0.00000 -59.87557 44.23858 -26.60936 35.23026 -36.61040 -92.35215 -0.00000 26.85080 0.00000 14.90712 32.32469 63.53325 -7.12502 -0.00000 0.00000 -6.69126 -5.07451 -97.98584 -0.00000 0.00000 -0.00000 101.52187 25.97743 -29.06295 -33.97135 -26.57977 75.42802 0.00000 19.43120 -0.00000 -18.84911 -1.17213 3.42912 7.12502 -0.00000 -0.00000 7.02642 2.38104 -26.37250
-0.18702 0.98273 -0.14909 -4.96660 6.65067 776.50421 -0.00000 0.00000 -0.00000 -16.43197 -14.25741 -11.65530 -0.82096 15.79957 5.91139 -3.10855 -16.86135 -13.33269 -5.49524 -37.38347 -16.14743 -0.00000 0.00000 -0.00000 12.48096 -15.08983 14.09182 1.95652 23.83258 -9.25201 -3.58681 -20.19057 -8.35747 0.13832 -6.57961 2.40607 2.42561 -4.81681 -0.50478 -2.30194 -0.86359 -0.73731 -3.78414 1.75044 -0.34513 8.86652 -1.64784 9.01885 -10.94475 13.95118 13.34645 -3.61979 5.61680 6.44462 0.00000 0.00000 0.00000 -54.88451 43.13622 -31.48619 35.25745 -34.64981 -88.93943 -0.00000 25.70820 0.00000 13.22367 29.85908 64.73364 -7.12502 -0.00000 0.00000 -4.52196 -3.37801 -98.31241 0.00000 0.00000 0.00000 101.87474 27.01478 -31.85857 -34.21430 -27.45807 76.88449 0.00000 17.15780 -0.00000 -18.86913 -0.94677 2.76786 7.12502 -0.00000 -0.00000 7.04751 2.29304 -27.06632
-0.21822 0.98184 -0.12290 -6.38920 3.79410 777.09557 -0.00000 0.00000 -0.00000 -10.80780 -16.50628 -12.33738 -1.45397 20.75395 7.92778 -1.18304 -19.34389 -7.13007 -4.19152 -33.42300 -13.89857 -0.00000 0.00000 -0.00000 18.37764 -15.00900 12.47671 1.65702 22.06489 -8.48400 -3.09058 -18.98477 -7.56236 0.12530 -6.26395 2.28963 3.84622 -3.99122 -1.13175 -1.34210 -0.97033 -1.64000 -3.61931 1.08970 -0.81029 9.25475 0.05587 9.45684 -12.12096 11.37638 13.92586 -4.23040 4.73998 6.79375 -0.00000 0.00000 0.00000 -58.11344 41.77914 -26.57873 34.83848 -30.34460 -81.67391 -0.00000 25.47380 0.00000 14.64156 29.28801 61.89573 -7.12502 -0.00000 0.00000 -4.40111 -3.60103 -95.78342 -0.00000 0.00000 0.00000 101.25643 27.82761 -32.26089 -34.21800 -27.47214 76.90782 0.00000 15.77790 -0.00000 -18.92051 -0.85013 2.47848 7.12502 -0.00000 -0.00000 7.01647 2.24170 -27.36915
-0.24220 0.97654 -0.10351 -8.72451 0.89460 775.76826 -0.00000 0.00000 -0.00000 -6.83963 -24.71972 -7.06891 -5.79519 38.18932 16.63696 3.97587 -22.87624 7.47656 -0.78607 -15.47145 -5.78193 -0.00000 0.00000 -0.00000 25.26254 -16.76992 12.46164 1.79630 22.90922 -8.84814 -2.44386 -18.46869 -5.48836 0.11426 -5.98315 2.18617 6.58494 -4.46313 -1.13143 0.03934 -0.96987 -1.80137 -3.74735 1.29670 -0.87617 9.65080 0.07196 10.23621 -12.36815 10.70178 14.92211 -4.31947 4.68030 7.29711 0.00000 0.00000 0.00000 -66.91030 34.56697 -19.83995 33.40192 -24.79667 -72.46044 -0.00000 26.01180 0.00000 14.59840 29.23908 61.93287 -7.12502 -0.00000 0.00000 -4.35676 -3.56237 -95.80055 0.00000 0.00000 0.00000 100.35425 28.13928 -30.55944 -34.08327 -26.97333 76.08090 0.00000 15.31180 -0.00000 -19.73264 -0.68346 1.90467 7.12502 -0.00000 -0.00000 6.29661 1.93798 -27.96061
-0.26163 0.97005 -0.09069 -10.39147 -0.78793 774.59962 -0.00000 0.00000 -0.00000 -6.05108 -31.99329 -1.14010 -16.49921 54.89996 31.18992 2.65712 -22.06367 3.93293 -0.70995 -14.72670 -5.48972 -0.00000 0.00000 -0.00000 29.59332 -20.34709 11.06159 2.33374 25.83523 -10.15003 -1.29718 -17.81628 -1.51655 0.07344 -4.80095 1.75178 8.49881 -4.61460 -0.76047 1.03280 -0.85896 -1.42226 -3.76959 1.51757 -0.66427 9.63466 -1.06350 10.88460 -12.12776 10.70678 15.67797 -4.09133 4.90754 7.62920 -0.00000 0.00000 0.00000 -70.83581 23.81347 -18.61421 31.07228 -19.47521 -63.37314 -0.00000 25.73990 0.00000 16.26018 29.24191 59.15996 -7.12502 -0.00000 0.00000 -4.72557 -4.19597 -93.48721 -0.00000 0.00000 0.00000 100.07526 26.34668 -27.44399 -33.94123 -26.47674 75.25701 0.00000 16.97290 -0.00000 -19.13464 -0.49874 1.43716 7.12502 -0.00000 -0.00000 6.87101 2.05071 -28.46052
-0.27593 0.96522 -0.08232 -10.79099 -2.01601 775.76207 -0.00000 0.00000 -0.00000 -7.02428 -33.52859 5.42222 -24.89380 61.01448 41.07233 1.17381 -19.07996 0.53494 -0.84960 -16.06313 -6.01570 -0.00000 0.00000 -0.00000 31.17242 -22.59339 8.97826 2.79854 28.03621 -11.17589 -0.76729 -17.67970 0.39416 0.13708 -6.55009 2.39517 9.07720 -4.03659 -0.82104 1.75845 -0.72669 -1.47566 -3.33176 1.32804 -0.68843 9.36423 -1.69615 11.07421 -11.64716 10.67927 15.83008 -3.84243 4.95157 7.68975 0.00000 0.00000 -0.00000 -68.68927 15.27664 -21.66565 29.30255 -16.47890 -57.96265 -0.00000 22.57600 0.00000 17.80019 28.73086 56.26007 -7.12502 -0.00000 0.00000 -4.73207 -4.59770 -90.92107 0.00000 0.00000 -0.00000 100.61616 24.23449 -26.50281 -34.06907 -26.92243 75.99649 0.00000 17.51060 -0.00000 -19.19290 -0.59914 1.72063 7.12502 -0.00000 -0.00000 6.80398 2.06940 -28.16163
-0.28405 0.96319 -0.08246 -10.78559 -2.40757 779.09639 -0.00000 0.00000 -0.00000 -10.33786 -29.51681 9.38849 -18.09343 56.33223 33.12147 0.59868 -16.37321 -0.60009 -0.39328 -11.03417 -4.06993 -0.00000 0.00000 -0.00000 30.11677 -25.31906 6.81610 3.42230 30.63656 -12.44868 -0.43979 -17.47715 1.52776 0.13468 -6.49288 2.37406 9.04523 -3.86894 -1.34507 2.54548 -0.89041 -2.13513 -2.51893 1.01107 -1.02722 8.92011 -2.32092 10.93518 -12.19107 11.34395 15.78293 -3.85651 5.24524 7.59119 0.00000 0.00000 -0.00000 -64.94069 10.99223 -26.66120 27.81002 -14.35068 -53.90812 -0.00000 20.01060 0.00000 19.43450 28.62088 53.62523 -7.12502 -0.00000 0.00000 5.31217 5.01781 88.24907 0.00000 0.00000 -0.00000 99.42940 23.09307 -27.78302 -34.33731 -27.94073 77.68434 0.00000 16.31460 -0.00000 -18.23982 -0.75240 2.28182 7.12502 -0.00000 -0.00000 7.65442 2.41580 -27.58673
-0.29117 0.96115 -0.09022 -9.58051 -1.08138 784.92280 -0.00000 0.00000 -0.00000 -16.01618 -22.44984 9.09142 -8.80537 44.77914 21.17237 1.90581 -22.09290 1.62085 -0.25933 -8.98569 -3.29943 -0.00000 0.00000 -0.00000 25.92484 -31.36276 6.78297 6.29338 39.45617 -17.43157 -0.92658 -16.01813 -0.85460 0.18908 -7.68419 2.81484 7.65839 -3.39976 -2.50441 2.33548 -1.21468 -3.55625 -1.98265 0.32569 -1.77073 8.85313 -2.33620 10.74083 -12.82905 11.66326 15.66570 -4.03406 5.37551 7.49830 0.00000 0.00000 -0.00000 -62.26764 8.75583 -33.63706 26.68862 -12.93090 -51.07199 -0.00000 17.98120 0.00000 19.51893 27.63969 52.61523 -7.12502 -0.00000 0.00000 4.87945 4.43164 87.14909 0.00000 0.00000 -0.00000 97.30618 21.50943 -28.73114 -34.53036 -28.76605 79.05220 0.00000 14.85850 -0.00000 -18.17075 -0.63888 1.94571 7.12502 -0.00000 -0.00000 7.73654 2.38958 -27.93870
-0.29788 0.95773 -0.10217 -10.00986 -0.45572 790.12101 -0.00000 0.00000 -0.00000 -19.06886 -20.40171 5.06394 -6.81305 40.69215 18.23873 1.57141 -25.96883 -0.77964 -0.58632 -13.41793 -4.98128 -0.00000 0.00000 -0.00000 26.11998 -39.20653 13.24500 11.96458 49.75491 -25.46843 -1.11358 -10.26505 -5.71012 0.03740 -3.42890 1.24961 8.20860 -3.52414 -3.30526 2.15193 -1.58692 -4.61915 -2.47557 -0.15045 -2.32627 8.43536 -2.32125 10.54755 -13.18906 10.77154 15.37522 -4.16522 5.08495 7.34958 0.00000 0.00000 -0.00000 -59.49396 9.28848 -41.20821 25.85971 -11.96386 -49.06620 -0.00000 16.07970 0.00000 18.19019 27.41923 54.48980 -7.12502 -0.00000 0.00000 4.14565 3.97471 88.72108 0.00000 0.00000 -0.00000 94.53916 20.73891 -28.38344 -34.64911 -29.32712 79.98286 0.00000 7.97393 -0.00000 -20.31144 0.29539 -0.79800 7.12502 -0.00000 -0.00000 5.85258 1.48400 -30.82076
-0.29554 0.95363 -0.11125 -11.36479 -1.27604 792.64240 -0.00000 0.00000 -0.00000 -20.32345 -19.23042 1.63699 -5.82019 38.25495 16.67736 2.18929 -28.81533 -0.28109 -0.21267 -8.14536 -2.98616 -0.00000 0.00000 -0.00000 32.15538 -39.84257 25.68412 10.91488 48.26284 -24.07789 0.35544 -11.52780 3.88263 0.19257 -7.75434 2.84087 10.22944 -4.38103 -3.45912 2.18965 -1.95559 -4.94639 -3.58038 -0.27077 -2.50858 8.42444 -1.89918 10.45871 -13.55678 9.92785 15.22914 -4.37267 4.78925 7.30437 -0.00000 0.00000 0.00000 -58.88235 12.22469 -45.40341 25.87812 -11.98465 -49.11001 -0.00000 15.71960 0.00000 17.37500 27.18650 55.59454 -7.12502 -0.00000 0.00000 3.66696 3.62701 89.62786 -0.00000 0.00000 0.00000 92.15322 23.32066 -25.61952 -34.55549 -28.88091 79.24264 0.00000 5.65814 -0.00000 -22.91964 1.05031 -2.48236 7.12502 -0.00000 -0.00000 3.41789 0.74809 -32.66862
-0.28020 0.95160 -0.11417 -11.04402 -2.24408 795.07295 -0.00000 0.00000 -0.00000 -21.79750 -15.63715 -2.64603 -5.43771 37.22494 16.05251 3.07231 -29.60239 1.41572 -0.22113 -8.30442 -3.04534 -0.00000 0.00000 -0.00000 35.12591 -35.11841 33.83831 6.63695 40.28245 -17.96751 2.73819 -9.92658 15.34742 0.80196 -15.62178 5.84119 10.57263 -4.48163 -3.90195 2.21062 -1.78377 -5.57276 -3.77999 -0.15731 -2.81020 8.53636 -2.11767 10.54368 -13.92515 9.75284 15.35801 -4.48710 4.82150 7.35287 -0.00000 0.00000 0.00000 -61.14388 16.27967 -44.64603 26.59810 -12.82208 -50.84950 -0.00000 15.48620 0.00000 16.20797 26.49077 56.90910 -7.12502 -0.00000 0.00000 -2.89232 -2.82000 269.23879 -0.00000 0.00000 0.00000 90.98664 28.10712 -19.84071 -34.37473 -28.09365 77.93774 0.00000 7.23490 -0.00000 -25.12460 1.22916 -2.61903 7.12502 -0.00000 -0.00000 1.33367 0.28666 -32.87164
-0.25258 0.94806 -0.11432 -9.34904 -2.78372 800.59475 -0.00000 0.00000 -0.00000 -21.50694 -15.73443 -1.45325 -7.55645 42.32754 19.36029 0.77759 -25.09028 -2.52881 -0.09862 -5.56027 -2.03057 -0.00000 0.00000 -0.00000 31.18797 -30.24730 30.86424 4.96571 35.87194 -15.25996 2.18548 -11.53029 12.14323 1.21546 -19.06816 7.22751 9.68348 -4.07821 -4.53952 1.69154 -1.48003 -6.36979 -3.84082 -0.14085 -3.20307 8.47477 -2.25055 9.77049 -13.28548 9.62500 14.20152 -4.38754 4.64629 6.80870 0.00000 0.00000 -0.00000 -61.93613 23.32304 -41.87166 28.19540 -14.87185 -54.92090 -0.00000 13.50470 0.00000 16.19301 27.30880 57.66770 -7.12502 -0.00000 0.00000 -3.41331 -3.22767 268.34980 0.00000 0.00000 -0.00000 91.86346 33.62080 -14.08204 -34.17996 -27.32830 76.66941 0.00000 10.11920 -0.00000 -30.74893 0.19648 -0.33027 7.12502 -0.00000 -0.00000 -3.90983 -1.02295 -30.36062
-0.22189 0.94701 -0.11495 -6.77055 -4.64855 807.76932 -0.00000 0.00000 -0.00000 -17.33710 -25.12054 1.58583 -21.90746 59.19884 37.62838 -0.57444 -7.09851 -5.72015 -0.24974 8.81978 3.23746 -0.00000 0.00000 -0.00000 27.74683 -27.31060 23.13094 4.85554 35.54190 -15.07120 1.32711 -14.10114 7.94553 1.53372 -21.28106 8.15014 9.52707 -1.97834 -3.93135 1.81083 -0.63022 -5.36959 -3.51391 -0.25473 -2.68354 7.38288 -3.27327 7.60002 -12.12372 9.41019 11.09253 -4.08281 4.33314 5.26231 0.00000 0.00000 0.00000 -61.07749 32.97499 -42.56385 29.77168 -17.21570 -59.32121 -0.00000 10.91590 0.00000 17.32598 26.75394 55.27786 -7.12502 -0.00000 0.00000 3.42752 3.34529 89.25388 0.00000 0.00000 0.00000 91.05896 40.18735 -7.83141 -33.90590 -26.35736 75.05882 0.00000 11.25040 -0.00000 -39.40345 -2.99475 3.63886 7.12502 -0.00000 -0.00000 -11.74549 -4.26134 -25.33412
-0.18387 0.94850 -0.11644 -5.27149 -5.94052 815.17137 -0.00000 0.00000 -0.00000 -12.16160 -37.00827 5.55904 -45.38396 67.90086 63.68744 0.31929 -7.95661 1.18858 -1.17718 18.78025 7.10947 -0.00000 0.00000 -0.00000 25.66056 -22.95693 17.88310 4.37877 34.04447 -14.23575 -0.07526 -17.46174 2.83513 1.58339 -21.60118 8.28602 8.79250 -1.00637 -2.02031 1.58643 -0.72146 -2.70501 -3.28031 -0.51701 -1.36919 5.59035 -5.09159 4.14442 -9.15968 12.86712 6.44451 -3.12801 5.11996 2.95313 -0.00000 0.00000 0.00000 -55.34143 44.39930 -46.60020 30.85874 -19.07921 -62.67400 -0.00000 6.06798 0.00000 17.57823 25.33316 53.48397 -7.12502 -0.00000 0.00000 2.80766 2.56191 87.34721 -0.00000 0.00000 0.00000 87.79014 46.41905 -1.64852 -33.67832 -25.62231 73.83698 0.00000 12.53430 -0.00000 -43.54980 -6.35488 6.64140 7.12502 -0.00000 -0.00000 -15.26461 -6.96251 -21.05002
-0.13298 0.95659 -0.12464 -4.30368 -6.92511 824.40684 -0.00000 0.00000 -0.00000 -10.52236 -42.35895 5.65468 -29.05114 63.07460 45.77752 0.51229 -11.44279 0.83645 -0.40676 11.21844 4.13977 -0.00000 0.00000 -0.00000 23.96890 -17.32576 11.93217 3.42390 30.64280 -12.45182 -2.43117 -21.21393 -3.69916 1.35319 -20.06294 7.63878 7.76216 -1.26476 -1.12527 1.84587 -1.19899 -1.49163 -2.43971 -0.68290 -0.76991 0.53995 -8.21084 1.18945 -4.74379 17.79999 2.71983 -1.21792 6.84180 1.07841 0.00000 0.00000 -0.00000 -50.03089 54.49095 -46.17401 32.98999 -23.67279 -70.57690 -0.00000 2.36552 0.00000 19.60027 24.00577 48.80497 -7.12502 -0.00000 0.00000 3.08902 2.40692 82.89009 0.00000 0.00000 -0.00000 77.90483 50.11257 10.93217 -32.56862 -22.62578 68.80875 0.00000 18.65760 -0.00000 -48.87320 -12.31858 10.55269 7.12502 -0.00000 -0.00000 -19.35365 -11.90837 -14.56700
-0.07231 0.96130 -0.14529 -3.67779 -5.83168 833.84269 -0.00000 0.00000 -0.00000 -12.75022 -43.19917 7.57967 -10.78040 48.06126 23.89740 2.74583 -17.28044 7.68945 -0.33210 10.15291 3.73718 -0.00000 0.00000 -0.00000 20.41499 -9.86929 4.24194 2.13994 24.83406 -9.69716 -4.68392 -23.72521 -8.96268 0.72515 -14.87878 5.54921 5.79138 -2.70900 -0.01301 1.19254 -1.27503 -0.11735 -2.01946 0.19541 -0.05815 1.14928 -7.78220 -1.47916 -5.91882 18.92928 -0.64674 -2.17229 7.02834 -0.54929 0.00000 0.00000 0.00000 -40.75030 63.03522 -45.37824 34.83492 -30.32363 -81.63899 -0.00000 1.18541 0.00000 23.27583 21.70888 40.69142 -7.12502 -0.00000 0.00000 4.04847 2.34761 75.06001 0.00000 0.00000 0.00000 71.04432 51.07724 17.28031 -32.11955 -21.59944 67.05949 0.00000 29.18840 -0.00000 -54.48853 -26.43768 17.62556 7.12502 -0.00000 -0.00000 -21.42061 -22.78363 -0.37179
-0.01154 0.95717 -0.17532 -3.84392 -5.25423 841.36424 -0.00000 0.00000 -0.00000 -16.13023 -41.79466 10.12219 -3.34756 30.34303 12.30138 5.27330 -20.62684 14.07788 -0.54997 13.00532 4.82225 -0.00000 0.00000 -0.00000 18.98348 -3.80741 -2.15529 1.50097 21.06662 -8.05947 -6.38699 -24.92589 -12.88813 0.62501 -13.84232 5.14547 4.37549 -3.82666 1.52039 0.62712 -1.68822 1.91427 -1.73444 0.52697 0.96176 0.25305 -8.41163 -3.44130 -3.99959 20.83106 -3.40346 -1.86517 7.69517 -1.72776 0.00000 0.00000 -0.00000 -33.86939 67.57916 -39.77841 35.14921 -37.71797 -94.32289 -0.00000 -1.41361 -0.00000 25.53925 17.59010 32.31217 -7.12502 -0.00000 0.00000 3.69698 1.43801 66.22559 0.00000 0.00000 -0.00000 61.58629 57.38792 21.13713 -32.60670 -22.71678 68.96303 0.00000 36.93300 -0.00000 -55.19687 -31.56303 19.99341 7.12502 -0.00000 -0.00000 -20.52772 -26.43457 4.93287
0.05075 0.94950 -0.21793 -3.30357 -5.24339 847.41064 -0.00000 0.00000 -0.00000 -18.44674 -39.69288 14.01794 -1.49946 21.05667 8.05527 8.18384 -21.84394 22.97361 -0.67378 14.35746 5.34564 -0.00000 0.00000 -0.00000 19.31454 1.57529 -5.01377 1.55801 21.43834 -8.21682 -6.48734 -23.02404 -15.29567 0.93002 -16.77812 6.30018 4.25069 -6.28309 3.22841 0.65367 -1.00628 4.04027 -1.32438 2.70443 2.06725 -0.00799 -9.74132 -4.03999 -3.73625 22.09131 -4.11117 -1.92749 8.34346 -2.02411 -0.00000 0.00000 0.00000 -34.54609 62.90999 -29.67363 34.05552 -42.86857 -104.08367 -0.00000 -10.01480 -0.00000 22.19994 12.67888 28.27301 -7.12502 -0.00000 0.00000 -1.07789 -0.30391 60.74414 -0.00000 0.00000 0.00000 58.53726 65.25950 19.57426 -33.99403 -26.65814 75.55807 0.00000 46.81600 -0.00000 -42.96313 -59.80466 42.86322 7.12502 -0.00000 -0.00000 -1.53703 -40.08521 42.61384
0.11234 0.94202 -0.27225 -4.55997 -2.14501 853.23131 -0.00000 0.00000 -0.00000 -25.50862 -35.77762 9.93454 -2.43706 26.34748 10.38495 7.80060 -23.07387 19.54475 -1.27032 19.47183 7.39374 -0.00000 0.00000 -0.00000 14.43115 3.05318 -8.63075 3.11073 29.38200 -11.82576 -4.23004 -17.40596 -14.23794 0.63962 -13.99889 5.20621 1.74634 -7.34531 4.52219 -0.65581 -1.32362 5.95651 -1.03178 2.93636 3.00336 1.10827 -10.15489 -3.07256 -4.58363 24.71206 -2.40856 -2.20592 9.34609 -1.08705 0.00000 0.00000 0.00000 -37.70078 53.67257 -20.71001 32.71668 -45.93365 -110.58559 -0.00000 -26.29500 -0.00000 16.87308 9.89212 29.52704 -7.12502 -0.00000 0.00000 -6.57792 -1.86491 60.75982 0.00000 0.00000 0.00000 73.01319 71.08865 6.69188 -34.66855 -29.42385 80.14341 0.00000 57.26940 -0.00000 -60.59531 -40.99120 20.28813 7.12502 -0.00000 -0.00000 -19.70894 -35.49548 13.32728
0.16381 0.94080 -0.32753 -5.76845 0.94614 859.72638 -0.00000 0.00000 -0.00000 -30.77203 -31.25654 6.78814 -3.66555 31.56203 12.91960 5.31057 -22.41091 12.14340 -2.07849 24.50470 9.54992 -0.00000 0.00000 -0.00000 7.96009 -6.41893 -11.09645 13.27127 51.43239 -27.15934 -0.18792 -3.67094 -17.01911 0.26473 9.07773 -3.33383 -0.06488 -7.22302 5.06228 -1.66730 -1.39726 6.87518 -1.00584 2.72745 3.45992 3.31363 -9.39080 -0.94554 -8.20499 26.00611 1.56180 -3.10918 9.82049 0.74257 -0.00000 0.00000 0.00000 -44.01433 40.38273 -17.71458 32.81837 -45.74288 -110.16016 -0.00000 -37.68700 -0.00000 25.08773 16.81031 31.70483 -7.12502 -0.00000 0.00000 3.01236 1.12118 65.39652 -0.00000 0.00000 0.00000 90.11648 64.19479 -5.24664 -34.68411 -29.50234 80.27371 0.00000 69.63730 -0.00000 -59.47576 -23.60704 13.28525 7.12502 -0.00000 -0.00000 -25.68169 -23.56589 -5.25953
0.20665 0.93509 -0.37045 -5.57420 0.83940 868.92629 -0.00000 0.00000 -0.00000 -32.50052 -26.26583 3.43124 -4.42496 34.19473 14.31809 4.40056 -24.66438 7.42254 -1.33545 19.93822 7.58692 -0.00000 0.00000 -0.00000 5.34259 -22.79472 -11.75223 46.21989 68.05281 -64.58917 0.45805 1.93916 -8.62192 0.63865 13.98850 -5.20218 -1.53082 -6.19706 3.41598 -0.86552 -2.11433 4.75654 0.27704 1.21953 2.41782 6.50605 -8.54985 3.24919 -13.36733 26.60283 8.98629 -4.04603 10.58781 4.11875 -0.00000 0.00000 0.00000 -50.27548 32.24373 -13.71727 33.66571 -43.91434 -106.22820 -0.00000 -44.60620 -0.00000 24.77463 22.02310 39.09305 -7.12502 -0.00000 0.00000 5.17380 2.84810 73.75629 -0.00000 0.00000 0.00000 94.19668 51.21404 -8.35435 -34.65276 -29.34519 80.01285 0.00000 73.81030 -0.00000 -58.40186 -18.24904 10.90366 7.12502 -0.00000 -0.00000 -26.16095 -19.65961 -10.59287
0.24731 0.93293 -0.40790 -2.36266 -0.11216 879.17696 -0.00000 0.00000 -0.00000 -29.02201 -23.07296 0.29097 -6.44636 39.82861 17.67135 3.32757 -28.34262 2.55296 -0.41252 11.29632 4.16932 -0.00000 0.00000 -0.00000 8.45710 -35.26263 -5.97757 66.60835 69.96341 -86.39040 0.17692 0.11766 -7.60223 0.62162 13.80563 -5.13125 -0.89651 -5.09961 1.75997 0.58408 -1.80457 2.45105 1.23059 0.93534 1.25716 10.40217 -4.52438 8.48669 -18.16560 21.77646 16.86823 -5.21106 9.47129 8.01233 0.00000 0.00000 0.00000 -53.25380 29.96269 -8.68669 33.78140 -43.62152 -105.62077 -0.00000 -40.80150 -0.00000 21.38849 18.95152 39.66555 -7.12502 -0.00000 0.00000 1.45781 0.78317 73.24004 0.00000 0.00000 0.00000 89.69146 31.28674 -8.07389 -34.38590 -28.13991 78.01441 0.00000 69.69280 -0.00000 -56.90321 -19.52721 12.29102 7.12502 -0.00000 -0.00000 -24.71961 -19.71003 -8.77367
0.28246 0.93853 -0.44406 1.27989 -3.45952 889.35037 -0.00000 0.00000 -0.00000 -25.23740 -20.58728 -5.78601 -6.85438 40.78700 18.30206 2.83479 -29.57284 0.89474 -0.00592 1.36459 0.49677 -0.00000 0.00000 -0.00000 11.86719 -43.89536 5.33889 45.08538 67.84485 -63.36513 -0.43233 -4.33793 -9.06971 0.63546 13.95444 -5.18896 1.81104 -6.20722 1.72009 1.65131 -2.13714 2.29839 0.83735 1.27375 1.20911 11.31246 -0.45498 12.65551 -20.45237 15.34996 22.48464 -5.91543 7.79744 11.06700 0.00000 0.00000 0.00000 -56.15601 28.64311 -6.90696 33.63647 -43.98632 -106.37841 -0.00000 -35.22850 -0.00000 23.38019 19.69977 37.94396 -7.12502 -0.00000 0.00000 3.13885 1.59880 71.96619 0.00000 0.00000 0.00000 85.18276 3.84134 -13.02979 -34.71956 -29.68511 80.57724 0.00000 52.41610 -0.00000 -38.36978 -1.43272 1.80881 7.12502 -0.00000 -0.00000 -10.89409 -3.43884 -27.68981
0.32227 0.95080 -0.48170 6.06097 -5.99390 902.59319 -0.00000 0.00000 -0.00000 -19.92539 -18.77554 -12.53095 -6.80700 40.67823 18.22945 1.08553 -29.94712 -3.07627 -0.12342 -6.21694 -2.27230 -0.00000 0.00000 -0.00000 10.86991 -38.97816 16.10626 13.33823 51.51354 -27.24494 -0.10080 4.15827 0.84752 0.69850 14.61089 -5.44447 5.22961 -7.40033 1.81311 2.04284 -2.68197 1.73577 -0.65075 1.46828 0.74187 11.24924 2.42127 17.88260 -22.55969 11.17671 25.84593 -6.74193 7.00923 11.85930 0.00000 0.00000 0.00000 -63.27418 24.63153 -8.20378 33.83916 -43.47021 -105.30904 -0.00000 -33.03610 -0.00000 24.00032 21.05925 38.90573 -7.12502 -0.00000 0.00000 4.20683 2.26732 73.27371 0.00000 0.00000 0.00000 84.96720 -18.72130 -18.52897 -35.26400 -35.40928 90.25118 0.00000 29.34460 -0.00000 -42.14115 11.22889 -12.14483 7.12502 -0.00000 -0.00000 -16.18370 0.23057 -45.79442
0.36884 0.95784 -0.52179 10.34061 -2.87764 918.82663 -0.00000 0.00000 -0.00000 -13.64804 -14.97581 -17.62112 -6.54459 40.06390 17.82434 -0.53339 -29.24798 -6.41992 -0.57565 -13.29829 -4.93511 -0.00000 0.00000 -0.00000 10.37321 -21.70543 26.44141 6.15124 39.10334 -17.20707 -1.21502 13.46647 3.56658 1.52078 21.19669 -8.11443 7.34631 -5.40100 -0.03917 2.10006 -2.40315 -0.64626 -1.95611 0.49502 -0.45061 12.06929 3.63717 19.49154 -23.78749 9.21441 28.11429 -7.30715 6.95322 13.22723 -0.00000 0.00000 -0.00000 -73.51258 22.22608 -8.49189 33.81614 -43.53095 -105.43401 -0.00000 -33.25180 -0.00000 23.97559 23.74409 42.15800 -7.12502 -0.00000 0.00000 5.46446 3.42548 76.98848 -0.00000 0.00000 -0.00000 90.57677 -16.03735 -20.37468 -34.77091 -40.24278 98.96538 0.00000 30.82760 -0.00000 -54.14319 7.02447 -5.05097 7.12502 -0.00000 -0.00000 -26.61822 -3.71375 -37.63571
0.41970 0.95271 -0.56043 12.75167 0.40624 937.19809 -0.00000 0.00000 -0.00000 -10.17398 -23.57279 -16.33129 -11.08501 48.51434 24.30545 0.22684 -25.10939 -3.92862 -0.08673 -5.21576 -1.90399 -0.00000 0.00000 -0.00000 13.55522 -11.61089 21.22408 5.17673 36.48869 -15.61742 -0.12230 2.54629 3.54746 0.77061 -15.32345 5.72369 7.23434 -3.89935 -1.67087 1.97812 -2.67483 -2.61076 -2.03975 -0.80408 -1.45825 12.26513 3.94213 19.84923 -23.08762 7.61148 28.44694 -7.28641 6.46604 13.64244 -0.00000 0.00000 -0.00000 -81.32175 27.10294 -9.76692 33.88405 -43.35006 -105.06255 -0.00000 -32.68770 -0.00000 24.02714 23.21662 41.48567 -7.12502 -0.00000 0.00000 5.24804 3.19349 76.23660 -0.00000 0.00000 -0.00000 95.92506 1.78453 -20.35666 -34.44300 -41.60941 101.58614 0.00000 27.43620 -0.00000 -54.03808 3.66827 -2.65770 7.12502 -0.00000 -0.00000 -26.01213 -5.46695 -33.95306
0.46049 0.93714 -0.59326 16.81833 2.51164 952.27008 -0.00000 0.00000 -0.00000 -8.92866 -41.99340 -7.43569 -19.24860 57.27660 34.50185 2.82616 -24.23873 3.25797 -0.09428 -5.43728 -1.98537 -0.00000 0.00000 -0.00000 19.39718 -10.58303 8.00976 3.81531 32.11043 -13.20351 -1.59119 -12.41091 -6.64632 1.62145 -21.84245 8.38886 9.42305 -6.34570 -0.56043 1.96360 -3.10519 -1.49836 -3.28107 0.14588 -0.92143 12.53339 2.88169 19.43787 -23.49600 6.92712 27.91082 -7.46013 6.43639 13.39650 -0.00000 0.00000 -0.00000 -84.41223 39.38531 -14.16029 34.19101 -42.45901 -103.26179 -0.00000 -33.21820 -0.00000 23.32124 23.48831 42.75360 -7.12502 -0.00000 0.00000 4.93757 3.14651 77.43030 -0.00000 0.00000 -0.00000 93.43487 19.18542 -16.97541 -34.88961 -39.62547 97.80838 0.00000 23.07440 -0.00000 -50.36438 4.78945 -3.95627 7.12502 -0.00000 -0.00000 -22.77292 -3.96621 -35.64386
0.47837 0.92434 -0.61910 13.53062 3.07484 962.92090 -0.00000 0.00000 -0.00000 -12.88162 -46.71750 9.36194 -19.11985 57.17490 34.34872 7.29549 -27.16126 13.21549 -0.00527 1.28825 0.46897 -0.00000 0.00000 -0.00000 19.65273 -7.18354 3.99478 4.23364 33.56454 -13.97490 -4.00551 -18.60816 -11.59853 1.93433 -23.70754 9.19697 8.30156 -6.19900 1.03304 0.23158 -1.52338 0.78213 -4.33427 2.00605 0.39778 12.66488 2.41390 19.14315 -24.42354 6.46727 27.60559 -7.80818 6.49222 13.24819 0.00000 0.00000 -0.00000 -82.99153 50.52424 -18.26011 34.68373 -40.64586 -99.72948 -0.00000 -32.78260 -0.00000 21.11825 22.95272 45.27588 -7.12502 -0.00000 0.00000 3.36836 2.31683 79.48287 0.00000 0.00000 -0.00000 84.83602 33.65452 -4.47335 -35.19969 -37.11130 93.23912 0.00000 21.33340 -0.00000 -46.98927 1.25529 -1.17076 7.12502 -0.00000 -0.00000 -19.14664 -4.76604 -31.54158
0.47661 0.92315 -0.63411 11.35238 3.69495 975.73929 -0.00000 0.00000 -0.00000 -18.84911 -38.93683 16.87574 -8.84719 44.85562 21.23171 9.31065 -32.71349 13.08819 -0.69623 14.58788 5.43549 -0.00000 0.00000 -0.00000 16.64381 -12.03726 -5.73950 7.73524 42.69986 -19.62487 -2.30625 -12.56629 -11.21782 1.28015 -19.54311 7.42319 9.01055 -6.66486 2.02872 -0.91111 -1.29553 2.05886 -5.80229 2.73851 1.09087 12.95724 1.61058 18.60742 -24.69490 8.66948 27.33143 -7.63910 7.20161 12.92652 -0.00000 0.00000 -0.00000 -80.56992 61.20791 -18.20421 34.92710 -39.40889 -97.40607 -0.00000 -31.33880 -0.00000 21.31841 19.26319 40.21009 -7.12502 -0.00000 0.00000 1.57594 0.86767 73.82907 -0.00000 0.00000 -0.00000 75.66970 43.33404 9.75755 -35.23205 -36.57493 92.28960 0.00000 24.24310 -0.00000 -47.33405 -3.67429 3.38025 7.12502 -0.00000 -0.00000 -18.89154 -7.09000 -25.16673
0.47498 0.92879 -0.64497 9.97715 3.85480 991.27315 -0.00000 0.00000 -0.00000 -28.86915 -28.49537 0.65683 -5.75494 38.08315 16.57178 6.38413 -32.01969 7.41250 -0.16530 7.18854 2.63115 -0.00000 0.00000 -0.00000 8.61657 -24.23204 -15.17593 21.78233 59.11540 -37.48265 1.22942 5.04866 -11.69663 0.64376 14.04288 -5.22329 7.30956 -7.00121 2.34147 -1.06120 -1.52007 2.58371 -4.94277 2.71150 1.33204 12.37883 -0.04332 16.37410 -24.07188 11.69200 24.67119 -7.25267 7.66278 11.34605 -0.00000 0.00000 -0.00000 -76.08979 70.14474 -20.25552 35.09418 -38.23565 -95.25656 -0.00000 -31.76160 -0.00000 17.48348 15.96251 41.12397 -7.12502 -0.00000 0.00000 -2.59667 -1.41222 73.52099 -0.00000 0.00000 -0.00000 63.24987 47.31508 26.78653 -35.26080 -35.70377 90.76313 0.00000 25.68190 -0.00000 -46.82609 -5.59339 5.22489 7.12502 -0.00000 -0.00000 -18.24032 -7.79977 -22.61852
0.47473 0.93790 -0.66236 9.57251 5.26427 1002.51196 -0.00000 0.00000 -0.00000 -29.06744 -24.51930 -2.87406 -4.54600 34.58305 14.53240 3.08714 -29.80806 1.36402 -0.17192 7.33003 2.68354 -0.00000 0.00000 -0.00000 11.93765 -34.32548 -5.73310 41.89599 67.18626 -59.91355 0.60371 3.35807 -8.40702 0.72161 14.84352 -5.53541 7.74156 -6.79772 4.54905 -2.03450 -1.77729 5.55251 -5.93139 2.85578 2.82138 10.54307 -2.96268 13.33816 -18.99034 14.56844 20.07324 -5.44627 7.48374 9.03585 0.00000 0.00000 -0.00000 -50.99152 76.02107 -40.37064 35.09225 -38.25208 -95.28633 -0.00000 -33.45540 -0.00000 14.89844 13.93525 42.15097 -7.12502 -0.00000 0.00000 -5.30991 -2.92148 73.73950 0.00000 0.00000 -0.00000 53.41338 46.51881 42.39385 -35.18965 -33.23154 86.51851 0.00000 29.12600 -0.00000 -43.20863 -5.30232 5.61856 7.12502 -0.00000 -0.00000 -15.03337 -6.39992 -22.45982
0.46552 0.95349 -0.67933 8.61547 7.12242 1017.79662 -0.00000 0.00000 -0.00000 -30.02378 -17.68713 -11.16018 -3.22418 29.84839 12.05533 1.34207 -27.01279 -1.67251 -0.01351 -2.06207 -0.75088 -0.00000 0.00000 -0.00000 16.11511 -37.59562 4.90486 31.05139 63.91025 -48.01264 -0.87710 -8.41652 -5.95880 0.38088 10.86169 -4.00464 6.28518 -8.13134 5.00141 -2.22362 -1.15116 6.17903 -5.04602 4.20225 3.17973 8.19819 -6.73119 9.21158 -14.73857 17.74955 14.11586 -4.11797 7.90183 6.04795 -0.00000 0.00000 -0.00000 -29.66119 77.73396 -58.04854 35.09697 -38.21175 -95.21326 -0.00000 -35.68870 -0.00000 12.33036 11.76616 43.01109 -7.12502 -0.00000 0.00000 -8.10568 -4.48054 73.74538 -0.00000 0.00000 -0.00000 46.79040 42.24347 50.49013 -34.25908 -27.63040 77.17010 0.00000 35.40790 -0.00000 -37.87743 -5.81523 7.42146 7.12502 -0.00000 -0.00000 -10.27228 -4.69795 -20.68060
0.44785 0.96921 -0.69168 6.46313 11.05741 1036.44911 -0.00000 0.00000 -0.00000 -27.20903 -11.95928 -19.48733 -2.21155 25.21040 9.86644 -1.51266 -24.41878 -8.17048 -0.36550 -10.64355 -3.92218 -0.00000 0.00000 -0.00000 18.37492 -33.67241 12.95627 10.47019 47.58651 -23.47881 -2.08990 -16.61470 -5.42565 0.02176 -2.61616 0.95291 7.23994 -8.50778 4.52591 -2.85970 -1.99378 5.47242 -6.39946 3.59390 2.80410 5.68198 -9.23588 5.07464 -8.88971 20.93512 7.82234 -2.58776 8.47580 3.23978 0.00000 0.00000 0.00000 -23.13241 81.04381 -58.96109 34.99127 -39.00595 -96.66229 -0.00000 -35.58990 -0.00000 9.43977 9.13262 43.67058 -7.12502 -0.00000 0.00000 -11.40795 -6.25735 73.37638 0.00000 0.00000 0.00000 45.95506 41.89278 48.76457 -32.88448 -23.40190 70.12081 0.00000 38.17290 -0.00000 -28.56068 -2.99479 5.48252 7.12502 -0.00000 -0.00000 -1.92521 -0.74946 -23.73739
0.41943 0.98142 -0.69667 2.12948 13.03140 1054.60656 -0.00000 0.00000 -0.00000 -22.07884 -7.91470 -23.19440 -1.51503 21.15901 8.09850 -5.91673 -20.35751 -19.58200 -0.44716 -11.75241 -4.34270 -0.00000 0.00000 -0.00000 18.91633 -23.48097 20.41599 2.52178 26.75719 -10.57447 -1.75693 -19.49949 -2.36222 2.01279 -24.14581 9.39043 6.13680 -9.25543 4.20687 -2.25962 -1.37626 5.07736 -5.08051 4.44042 2.63307 2.09673 -11.25485 1.16148 -3.84144 22.86546 2.03472 -1.26354 9.06645 0.70012 0.00000 0.00000 -0.00000 -23.68130 82.19487 -54.94390 34.92860 -39.39996 -97.38953 -0.00000 -37.12820 -0.00000 9.88634 9.70837 44.05623 -7.12502 -0.00000 0.00000 -10.74402 -6.02475 73.94895 0.00000 0.00000 -0.00000 46.39110 44.94732 40.46686 -32.44263 -22.32937 68.30534 0.00000 41.38860 -0.00000 -20.39471 -1.46472 3.93301 7.12502 -0.00000 -0.00000 5.58023 1.95021 -25.79615
0.38792 0.98435 -0.69442 -1.89311 13.14435 1071.06815 -0.00000 0.00000 -0.00000 -18.77575 -7.70368 -26.77911 -1.69892 22.32323 8.59491 -8.48011 -14.57453 -29.02746 -0.07071 -4.71110 -1.71883 -0.00000 0.00000 -0.00000 20.02527 -19.26520 19.80191 1.17293 18.74798 -7.09627 -1.27079 -18.58504 -1.07873 2.66450 -27.42766 10.88785 6.33007 -8.09455 4.99489 -2.94190 -1.74934 6.22160 -5.89218 3.65085 3.18626 -1.88885 -10.56330 -3.51841 3.37504 23.38848 -5.31897 0.46880 9.16219 -2.28501 -0.00000 0.00000 0.00000 -33.29243 81.74657 -39.99744 34.90418 -39.54272 -97.65446 -0.00000 -37.37380 -0.00000 10.44691 10.36003 44.28462 -7.12502 -0.00000 0.00000 -9.98579 -5.69423 74.40212 -0.00000 0.00000 0.00000 67.97504 44.27620 19.22789 -33.29424 -24.49174 71.95065 0.00000 43.15970 -0.00000 -20.18885 -0.04625 0.12578 7.12502 -0.00000 -0.00000 5.94242 1.61604 -29.84038
0.35778 0.97779 -0.68993 -4.32034 11.32017 1085.43708 -0.00000 0.00000 -0.00000 -19.06348 -13.06516 -25.30244 -3.61502 31.37341 12.82280 -8.96240 -12.30046 -32.10214 -0.04161 3.61609 1.31802 -0.00000 0.00000 -0.00000 20.59698 -18.73379 15.37408 1.74833 22.62301 -8.72416 -2.68704 -18.34135 -6.53055 1.24948 -19.31973 7.33100 5.65471 -5.45647 5.43872 -3.23153 -1.65565 7.02168 -6.00567 2.37371 3.55602 -4.77173 -8.31174 -7.11771 7.17454 21.54501 -10.55384 1.42289 8.50343 -4.65187 -0.00000 0.00000 0.00000 -56.81926 77.14392 -12.71877 34.91396 -39.48623 -97.54952 -0.00000 -36.09290 -0.00000 11.61794 11.40913 43.89469 -7.12502 -0.00000 0.00000 -8.68169 -4.94136 74.42768 -0.00000 0.00000 0.00000 88.01896 36.95866 4.98184 -34.48735 -28.57382 78.73352 0.00000 43.45740 -0.00000 -23.36013 0.47549 -1.10074 7.12502 -0.00000 -0.00000 3.00128 0.73923 -31.17577
0.33526 0.96817 -0.68663 -9.14375 8.27869 1099.22002 -0.00000 0.00000 -0.00000 -18.38725 -22.77689 -23.87267 -9.96691 46.78598 22.79275 -4.84543 -15.23660 -19.15246 -1.14514 -18.53517 -7.00934 -0.00000 0.00000 -0.00000 23.00052 -21.22042 5.44715 2.48898 26.59968 -10.50143 -3.84667 -22.12357 -7.64529 0.89434 -16.46538 6.17547 8.01137 -3.23565 4.79666 -1.16252 -1.51699 6.17555 -5.44869 1.19081 3.09252 -6.23056 -5.79216 -9.15094 8.12371 19.44013 -13.22974 1.78137 7.62265 -6.05392 0.00000 0.00000 0.00000 -79.82308 67.01975 9.96668 34.99794 -38.96125 -96.58015 -0.00000 -34.92920 -0.00000 11.76217 11.96263 44.86923 -7.12502 -0.00000 0.00000 -8.18165 -4.86268 75.52301 0.00000 0.00000 0.00000 95.63784 31.77651 2.52971 -34.67569 -29.45976 80.20303 0.00000 33.90890 -0.00000 -32.92715 1.89108 -2.91707 7.12502 -0.00000 -0.00000 -6.06412 -1.24606 -33.43151
0.31829 0.95897 -0.68144 -11.60476 5.89903 1106.04015 -0.00000 0.00000 -0.00000 -16.92873 -29.98773 -19.60282 -17.55402 55.86531 32.47158 -2.01660 -16.77653 -9.93845 -0.48778 -12.26403 -4.53793 -0.00000 0.00000 -0.00000 25.18977 -22.29160 0.80067 2.90960 28.52599 -11.41030 -4.96303 -24.57033 -9.09843 0.95164 -16.96445 6.37469 8.29001 -3.28750 5.73547 0.44579 -1.06657 7.37479 -3.79892 1.68038 3.71720 -6.76375 -4.50498 -11.73928 10.08335 17.49124 -16.95833 2.14689 7.15384 -7.80780 -0.00000 0.00000 -0.00000 -89.74495 58.69415 18.81717 34.99082 -39.00893 -96.66777 -0.00000 -39.29990 -0.00000 13.14246 14.08728 46.19060 -7.12502 -0.00000 0.00000 -6.01582 -3.84639 77.47881 -0.00000 0.00000 -0.00000 97.01350 27.67637 3.07078 -34.75366 -29.86640 80.87848 0.00000 20.22070 -0.00000 -38.83354 3.60924 -4.47155 7.12502 -0.00000 -0.00000 -11.81546 -1.98744 -35.58697
0.30967 0.95434 -0.67537 -13.20201 3.36544 1110.13835 -0.00000 0.00000 -0.00000 -14.70488 -29.71622 -19.99185 -21.88081 59.18112 37.59735 -0.87047 -18.39938 -6.13373 -0.25020 -8.82786 -3.24047 -0.00000 0.00000 -0.00000 26.79004 -21.58765 -3.57115 2.79270 28.01012 -11.16347 -5.33234 -25.38257 -9.48988 0.91333 -16.63269 6.24213 8.54466 -4.02597 6.63144 2.13807 -0.06450 8.40132 -1.86532 3.01397 4.29037 -7.56586 -3.60400 -13.75403 11.18980 14.46571 -19.55596 2.56729 6.41238 -9.17654 0.00000 0.00000 -0.00000 -89.48969 55.31653 19.10477 35.01153 -38.86835 -96.40966 -0.00000 -41.09630 -0.00000 11.58839 12.89773 47.42702 -7.12502 -0.00000 0.00000 -7.49747 -4.94185 78.20700 0.00000 0.00000 -0.00000 95.06843 23.08947 7.94137 -34.46944 -28.49533 78.60343 0.00000 10.36800 -0.00000 -37.15158 4.60407 -6.04721 7.12502 -0.00000 -0.00000 -10.36374 -1.39055 -37.44131
0.31062 0.95591 -0.66861 -13.68360 2.83064 1112.08882 -0.00000 0.00000 -0.00000 -13.30497 -27.14533 -20.40998 -21.03690 58.60471 36.61173 -2.21117 -16.11783 -10.70215 -0.11936 -6.11436 -2.23450 -0.00000 0.00000 -0.00000 27.38801 -20.49233 -4.52273 2.50140 26.65945 -10.52913 -5.93510 -25.76117 -10.83964 0.75188 -15.14204 5.65241 8.18312 -4.68628 6.96841 2.76602 -0.31375 8.80698 -0.92645 2.99503 4.47944 -7.80343 -3.36558 -14.80762 11.19018 13.14745 -20.85384 2.57657 6.08704 -9.88075 -0.00000 0.00000 -0.00000 -84.05819 54.64078 16.51357 34.96652 -39.16680 -96.95849 -0.00000 -40.86190 -0.00000 11.56975 12.61816 46.85862 -7.12502 -0.00000 0.00000 -7.72650 -4.97501 77.58583 -0.00000 0.00000 -0.00000 94.18012 20.53489 12.99284 -34.28478 -27.73101 77.33682 0.00000 8.94908 -0.00000 -40.19653 3.94457 -4.65439 7.12502 -0.00000 -0.00000 -13.14123 -2.14309 -35.89998
0.32177 0.96035 -0.66448 -12.93660 3.80558 1111.69197 -0.00000 0.00000 -0.00000 -13.38675 -22.28059 -18.16555 -15.47368 53.88871 29.92865 -2.59021 -11.30920 -13.87296 -0.00382 1.09603 0.39897 -0.00000 0.00000 -0.00000 26.28419 -19.85459 -2.85978 2.51815 26.73982 -10.56641 -6.06148 -25.03755 -11.84404 0.48492 -12.22872 4.52443 7.57537 -5.52289 7.07501 2.60116 -0.86696 8.93347 -0.71659 2.82119 4.52015 -7.87110 -3.00925 -15.01279 10.65972 12.70605 -21.02843 2.48235 5.86846 -10.03466 0.00000 0.00000 0.00000 -77.22023 54.67988 11.33798 34.90271 -39.55115 -97.67012 -0.00000 -41.23470 -0.00000 12.25659 13.33306 46.70993 -7.12502 -0.00000 0.00000 -6.92437 -4.47105 77.69636 0.00000 0.00000 0.00000 92.35086 19.30366 19.48866 -34.30516 -27.81172 77.47057 0.00000 4.63513 -0.00000 -39.07639 2.30402 -2.83440 7.12502 -0.00000 -0.00000 -11.88665 -2.44673 -33.53505
0.34018 0.96208 -0.66414 -10.49726 5.84722 1109.48844 -0.00000 0.00000 -0.00000 -15.48474 -16.81228 -11.42584 -8.79867 44.76687 21.16287 -2.22668 -19.23063 -10.22744 -0.38473 -10.91559 -4.02504 -0.00000 0.00000 -0.00000 22.22998 -24.69855 -0.07814 4.95211 35.83151 -15.23674 -5.58953 -23.05993 -12.36849 0.54942 -12.99895 4.81980 6.09797 -5.95941 6.69233 1.79195 -1.44157 8.51727 -0.82096 2.35803 4.28294 -7.69776 -2.95138 -14.53360 9.73365 13.45414 -20.33145 2.20247 5.92664 -9.72183 0.00000 0.00000 0.00000 -70.31796 56.12113 2.89608 34.91438 -39.48375 -97.54492 -0.00000 -41.35910 -0.00000 12.54256 13.77183 46.93782 -7.12502 -0.00000 0.00000 -6.48461 -4.24225 78.05657 0.00000 0.00000 0.00000 89.46891 19.37908 26.56619 -34.12649 -27.13018 76.34097 0.00000 0.28824 -0.00000 -34.56302 2.83532 -4.10698 7.12502 -0.00000 -0.00000 -7.69960 -1.37754 -34.91730
0.36070 0.95536 -0.66315 -7.49284 7.89144 1107.35435 -0.00000 0.00000 -0.00000 -19.30805 -14.60595 -5.14991 -6.15149 39.10397 17.20746 -1.27488 -23.96690 -7.55530 -0.52401 -12.70163 -4.70555 -0.00000 0.00000 -0.00000 18.03896 -37.10430 1.98179 13.60171 51.82861 -27.58081 -3.44956 -15.90440 -12.66923 0.01853 -2.41437 0.87931 3.91585 -5.84036 5.37800 0.98807 -1.78023 6.93233 -0.66267 1.71670 3.47184 -7.13150 -3.28493 -13.44140 8.16095 13.21007 -18.63562 1.83950 5.61853 -8.96986 -0.00000 0.00000 -0.00000 -62.79516 60.10392 -10.06605 34.97551 -39.10922 -96.85235 -0.00000 -41.55480 -0.00000 13.58837 14.93013 46.82724 -7.12502 -0.00000 0.00000 -5.22568 -3.45036 78.34650 -0.00000 0.00000 -0.00000 83.22392 22.86434 33.18926 -33.65503 -25.55010 73.71679 0.00000 -2.11457 0.00000 -32.33854 3.98971 -6.27144 7.12502 -0.00000 -0.00000 -5.73529 -0.77108 -37.36833
0.38367 0.94109 -0.64960 -6.10170 7.55938 1106.98123 -0.00000 0.00000 -0.00000 -22.13213 -11.48739 -3.07113 -5.72748 38.01037 16.52722 1.08697 -28.03497 -2.56390 -0.63914 -13.99375 -5.20421 -0.00000 0.00000 -0.00000 17.54195 -45.44101 -1.26759 15.28475 53.69392 -29.69450 -2.49275 -17.52164 -6.41122 0.07912 -4.98238 1.81833 4.04112 -4.96900 3.04646 0.52353 -1.50255 3.86025 -1.48338 1.45290 1.93701 -6.58639 -4.30774 -11.92157 7.98045 12.62684 -16.52181 1.90171 5.44816 -7.91857 0.00000 0.00000 0.00000 -49.40830 64.00502 -29.14019 35.05414 -38.55863 -95.84348 -0.00000 -41.64880 -0.00000 11.97004 12.90399 46.48796 -7.12502 -0.00000 0.00000 -7.36092 -4.69235 77.34400 0.00000 0.00000 0.00000 77.89740 27.80483 35.84006 -33.67763 -25.62015 73.83338 0.00000 -5.80082 0.00000 -28.82083 3.88730 -7.02407 7.12502 -0.00000 -0.00000 -2.39114 -0.29396 -37.99553
0.41075 0.92849 -0.61365 -4.62579 8.72769 1105.20892 -0.00000 0.00000 -0.00000 -23.83743 -8.81829 1.35762 -4.98592 35.93186 15.29442 1.57097 -29.93830 -2.02191 -0.80811 -15.67955 -5.86398 -0.00000 0.00000 -0.00000 20.17627 -51.05482 -4.23481 10.17960 47.12902 -23.08378 -2.17954 -20.48993 -3.27707 0.65726 -14.18530 5.27863 1.98765 -5.32128 0.94507 0.07861 -2.23913 1.17186 -0.97017 0.71747 0.58121 -5.58464 -5.90584 -10.87753 7.67865 13.47042 -15.17930 1.63262 5.79240 -7.17484 0.00000 0.00000 -0.00000 -37.22867 66.65068 -45.05543 35.16667 -37.52747 -93.98141 -0.00000 -41.10460 -0.00000 10.82906 11.11400 45.22019 -7.12502 -0.00000 0.00000 -9.21157 -5.49070 75.54133 0.00000 0.00000 -0.00000 74.70024 33.65403 28.66287 -34.66383 -29.40020 80.10416 0.00000 -9.65471 0.00000 -24.25893 3.62959 -7.99633 7.12502 -0.00000 -0.00000 1.97040 0.21585 -38.75091
0.44409 0.92251 -0.55270 -4.72365 9.44893 1103.81160 -0.00000 0.00000 -0.00000 -23.52493 -3.01184 3.98675 -3.52903 31.04812 12.65686 0.11591 -24.95665 -4.17728 -0.95258 -16.97248 -6.37791 -0.00000 0.00000 -0.00000 27.61114 -50.09448 -5.96327 6.26321 39.38184 -17.38406 -1.19921 -17.44189 -1.31563 0.11192 -5.92183 2.16359 2.42134 -7.71441 -1.49453 -0.62503 -3.12089 -2.13479 -2.15411 0.98010 -1.07900 -4.88445 -6.64222 -9.64953 8.30205 15.11378 -13.82366 1.72592 6.35822 -6.37535 0.00000 0.00000 -0.00000 -43.22215 69.28855 -38.44289 35.20543 -37.02843 -93.09190 -0.00000 -34.12900 -0.00000 8.96662 8.61093 43.49796 -7.12502 -0.00000 0.00000 -12.03731 -6.51526 73.01834 0.00000 0.00000 -0.00000 76.79325 36.36563 15.58630 -35.23490 -36.51648 92.18658 0.00000 -12.90970 0.00000 -13.12095 2.36327 -10.03207 7.12502 -0.00000 -0.00000 12.72763 1.12800 -40.01881
0.48029 0.92630 -0.47622 -3.99526 8.63183 1101.39505 -0.00000 0.00000 -0.00000 -17.47470 -4.85024 10.47193 -6.28966 39.44702 17.42572 -1.29873 -0.97219 -18.66748 -0.83906 -15.96668 -5.97749 -0.00000 0.00000 -0.00000 34.56672 -37.56575 7.82687 5.58175 37.61942 -16.28954 -3.82637 -23.98416 -6.24811 1.74214 22.58576 -8.70807 1.00015 -8.97988 -3.95860 0.19932 -3.93298 -5.32539 -0.78312 0.84065 -2.65914 -5.22046 -6.99808 -8.39581 6.93888 18.88050 -12.13654 1.36361 7.46786 -5.58790 -0.00000 0.00000 -0.00000 -74.33353 69.69592 -6.03775 35.20380 -37.05239 -93.13445 -0.00000 -34.92450 -0.00000 8.85266 8.67873 44.09282 -7.12502 -0.00000 0.00000 -12.00015 -6.65361 73.59489 -0.00000 0.00000 -0.00000 73.68833 25.38412 0.72559 -33.66338 -43.92010 106.24021 0.00000 -22.63700 0.00000 4.26849 -1.08964 -14.29409 7.12502 -0.00000 -0.00000 29.76756 1.51162 -42.35927
0.50886 0.93562 -0.41429 -5.94149 7.45070 1097.78208 -0.00000 0.00000 -0.00000 -8.69695 -17.03674 8.84360 -22.20469 59.39448 37.97407 0.39803 4.57855 -18.85774 -3.14707 -29.53263 -11.89965 -0.00000 0.00000 -0.00000 36.06921 -30.91091 4.71792 4.70223 35.07295 -14.80594 -3.10063 -25.12291 -3.55303 1.27273 19.48935 -7.40097 2.57934 -7.57995 -5.76252 1.54671 -4.14506 -7.82747 -0.24354 -0.23777 -3.93200 -5.24994 -6.48954 -8.06491 6.79477 19.21311 -11.72708 1.39736 7.46806 -5.42503 0.00000 0.00000 -0.00000 -96.88233 61.71451 19.66961 35.21549 -36.87264 -92.81565 -0.00000 -33.36000 -0.00000 10.32163 10.63161 45.37084 -7.12502 -0.00000 0.00000 -9.78846 -5.83385 75.50503 0.00000 0.00000 -0.00000 54.12090 0.01761 -5.97654 -32.87430 -45.63578 109.92269 0.00000 -40.41070 0.00000 17.55616 -6.39503 -19.39500 7.12502 -0.00000 -0.00000 43.27464 0.32130 -44.65875
0.53486 0.94759 -0.35896 -3.39513 8.20483 1086.04005 -0.00000 0.00000 -0.00000 -8.21736 -27.80126 6.01454 -37.79297 66.15786 55.44580 -0.53242 -4.88342 -6.42607 -1.02054 -17.54276 -6.60697 -0.00000 0.00000 -0.00000 36.17106 -21.93337 10.43229 4.02815 32.86393 -13.59976 -2.72044 -25.54702 -2.33496 0.55355 13.04652 -4.83810 1.07540 -7.23232 -4.84665 1.17943 -3.37714 -6.53346 0.20966 0.53281 -3.26691 -5.60214 -5.97899 -8.35289 8.04395 19.56529 -12.41486 1.76034 7.61506 -5.68999 -0.00000 0.00000 -0.00000 -101.46254 53.24217 29.12188 35.22512 -36.70732 -92.52323 -0.00000 -30.76560 -0.00000 11.40225 12.12127 46.15581 -7.12502 -0.00000 0.00000 -8.18358 -5.10849 76.76431 -0.00000 0.00000 -0.00000 28.43898 -15.93088 -6.62158 -35.12480 -37.96070 94.75962 0.00000 -48.01340 0.00000 28.95749 -10.10718 -17.59627 7.12502 -0.00000 -0.00000 54.02593 4.91975 -41.43798
0.56268 0.96450 -0.30733 0.53350 9.06627 1072.65575 -0.00000 0.00000 -0.00000 -10.50811 -34.18054 -2.49039 -29.03865 63.06910 45.76351 0.59686 -9.88215 2.20878 -0.03547 -3.33935 -1.21689 -0.00000 0.00000 -0.00000 31.76575 -14.01983 13.74764 2.85258 28.27613 -11.29042 -1.18115 -24.64684 1.35870 0.17363 7.36615 -2.69693 1.47775 -8.14142 -3.20433 -1.24372 -2.85219 -4.36175 -2.47925 1.37478 -2.19271 -3.89072 -5.96854 -8.39291 9.75905 20.68041 -13.23531 1.83569 8.00818 -5.79039 -0.00000 0.00000 -0.00000 -98.42563 47.44262 33.36422 35.19285 -37.20514 -93.40606 -0.00000 -34.37930 -0.00000 10.95016 12.41216 48.00846 -7.12502 -0.00000 0.00000 -8.08863 -5.41299 78.57500 -0.00000 0.00000 -0.00000 11.47920 -19.02083 -0.97304 -34.27715 -27.70101 77.28711 0.00000 -41.47040 0.00000 36.56091 -9.94570 -13.11007 7.12502 -0.00000 -0.00000 59.57139 13.28864 -37.31096
0.59249 0.97464 -0.25586 3.52755 8.44521 1058.28377 -0.00000 0.00000 -0.00000 -9.47406 -33.82716 -11.55421 -13.56908 51.78996 27.53930 0.50750 -11.37071 0.84079 -0.00067 -0.45784 -0.16664 -0.00000 0.00000 -0.00000 27.05375 -6.21639 18.58100 1.90850 23.56088 -9.13254 0.18440 -22.19233 4.47780 0.01908 2.44998 -0.89230 3.01645 -8.00327 -0.77959 -2.88000 -2.49376 -1.22661 -4.78887 1.77325 -0.62949 -3.03066 -6.29756 -8.54162 10.73827 21.00138 -13.86531 1.86607 8.20708 -5.92906 -0.00000 0.00000 0.00000 -91.83605 47.29772 32.03250 35.13196 -37.89194 -94.63570 -0.00000 -36.10870 -0.00000 10.65230 12.12933 48.16641 -7.12502 -0.00000 0.00000 -8.40789 -5.64066 78.62305 -0.00000 0.00000 0.00000 -0.73864 -19.43204 5.89060 -30.93343 -19.21649 62.91684 0.00000 -34.87540 0.00000 36.65712 -5.33229 -7.11782 7.12502 -0.00000 -0.00000 57.90682 19.05750 -33.42755
0.62271 0.97726 -0.20087 5.49445 7.29866 1044.78195 -0.00000 0.00000 -0.00000 -4.79614 -27.06017 -20.54417 -4.77908 35.30945 14.93929 -0.84811 -3.36652 -10.68173 -0.57908 13.33686 4.94999 -0.00000 0.00000 -0.00000 21.75555 -2.56400 22.48141 1.64743 22.00522 -8.45845 2.62334 -19.65210 11.29878 0.00838 -1.62429 0.59136 5.08156 -7.43014 1.28782 -3.73722 -2.22145 1.40591 -6.63459 2.07477 0.70137 -2.72571 -7.16423 -8.44974 11.07436 20.77388 -13.86322 1.88189 8.28968 -5.86555 0.00000 0.00000 0.00000 -82.81442 49.27256 24.98691 35.09049 -38.26702 -95.31340 -0.00000 -35.92730 -0.00000 10.44430 11.69110 47.70778 -7.12502 -0.00000 0.00000 -8.83560 -5.80396 78.04621 0.00000 0.00000 0.00000 -9.29994 -19.59720 13.62322 -27.62406 -14.10558 53.42685 0.00000 -28.16840 0.00000 31.59273 -1.77102 -2.87670 7.12502 -0.00000 -0.00000 52.79122 19.19329 -30.98431
0.65812 0.97539 -0.13913 6.52307 5.50686 1031.12101 -0.00000 0.00000 -0.00000 -2.50171 -16.53488 -30.51967 -2.51257 26.71313 10.55402 -0.07166 1.85696 -12.45233 -0.28646 9.43856 3.46889 -0.00000 0.00000 -0.00000 17.76137 -5.20962 25.82761 2.92200 28.57987 -11.43623 4.13483 -16.07808 16.67622 0.03638 -3.38170 1.23237 7.03884 -6.85425 2.73657 -3.66830 -1.45972 3.23233 -7.50173 2.91789 1.68608 -1.21859 -8.81802 -7.03311 9.00773 21.43410 -11.77859 1.18267 8.51095 -4.88288 -0.00000 0.00000 -0.00000 -78.09563 49.16878 17.82732 35.12554 -37.95373 -94.74704 -0.00000 -36.70540 -0.00000 10.66865 11.39510 46.36373 -7.12502 -0.00000 0.00000 -9.02397 -5.62858 76.69848 -0.00000 0.00000 -0.00000 -14.35258 -19.65459 24.18075 -25.58188 -11.65390 48.40884 0.00000 -23.03750 0.00000 27.31081 -0.21604 -0.41836 7.12502 -0.00000 -0.00000 48.72383 18.50244 -29.43425
0.69746 0.97076 -0.07296 8.86842 1.34780 1015.22437 -0.00000 0.00000 -0.00000 -7.51907 -15.02608 -20.32265 -3.44193 30.71290 12.48714 -1.84495 -9.46008 -11.74776 -1.52872 -21.24850 -8.13635 -0.00000 0.00000 -0.00000 14.52377 -17.43420 31.38124 9.47696 45.96807 -22.11595 1.09091 -0.78857 17.39349 0.66501 14.26642 -5.31019 5.34020 -5.61151 3.83139 -3.21058 -1.25135 4.85699 -5.94551 2.54892 2.47402 0.77827 -9.52971 -4.24796 4.12835 22.23765 -7.25166 -0.02929 8.53171 -3.04100 0.00000 0.00000 0.00000 -82.33672 46.93515 16.72761 35.23612 -36.49050 -92.14082 -0.00000 -38.35610 -0.00000 11.64897 12.12653 45.53821 -7.12502 -0.00000 0.00000 -8.09249 -4.93944 76.19738 0.00000 0.00000 0.00000 -15.58927 -18.70520 38.27596 -25.39763 -11.45205 47.97671 0.00000 -18.61540 0.00000 25.47889 2.14356 4.48808 7.12502 -0.00000 -0.00000 45.97516 21.39249 -25.58014
0.73164 0.96463 -0.01177 9.40747 -3.20675 1004.47957 -0.00000 0.00000 -0.00000 -12.31114 -13.16567 -5.33069 -2.36019 25.96777 10.21060 -1.91543 -17.30042 -9.53296 -2.61070 -27.17772 -10.77055 -0.00000 0.00000 -0.00000 14.93676 -30.87717 29.22051 20.62530 58.31235 -36.12878 -0.06112 -4.05697 -0.24191 0.12923 6.36081 -2.32534 3.36390 -3.45207 3.63060 -3.69074 -1.38791 4.74508 -5.51728 1.07934 2.36593 3.36863 -9.40195 -1.50140 -0.11294 23.21569 -3.03811 -1.16400 8.72370 -1.28246 0.00000 0.00000 -0.00000 -86.21415 47.40994 18.45246 35.21930 -33.68937 -87.29632 -0.00000 -38.94130 -0.00000 13.21584 14.33810 46.52011 -7.12502 -0.00000 0.00000 -5.80315 -3.76494 77.86610 0.00000 0.00000 -0.00000 -15.90529 -9.61348 47.92831 -28.38589 -15.13634 55.42965 0.00000 -12.13440 0.00000 29.29999 3.68062 6.52592 7.12502 -0.00000 -0.00000 48.28150 26.00357 -23.65055
0.75507 0.96528 0.04014 9.02707 -3.17842 1001.03378 -0.00000 0.00000 -0.00000 -14.30556 -13.25021 -1.42888 -2.04383 24.31629 9.46607 -2.08285 -19.78358 -9.75598 -2.91218 -28.53723 -11.41570 -0.00000 0.00000 -0.00000 18.78309 -36.60694 18.50883 16.96834 55.33819 -31.76180 -1.59997 -11.21904 -8.20387 0.38023 10.85260 -4.00120 4.63246 -4.42548 3.11329 -3.52280 -0.55583 3.99139 -5.98155 2.46451 2.05322 5.01140 -10.18425 -0.40338 -2.12042 24.82150 -1.47132 -1.88470 9.43992 -0.61664 0.00000 0.00000 -0.00000 -85.49170 51.91250 13.03500 34.64666 -29.31506 -79.96284 -0.00000 -38.51660 -0.00000 12.56713 16.07229 51.15842 -7.12502 -0.00000 0.00000 -4.78545 -3.70689 82.67805 0.00000 0.00000 -0.00000 -18.34019 7.87062 49.92868 -31.97684 -21.28962 66.52779 0.00000 3.91535 -0.00000 31.45883 4.20054 6.82708 7.12502 -0.00000 -0.00000 49.71021 28.14654 -23.20303
0.77164 0.96830 0.07835 9.64940 -4.36826 997.05482 -0.00000 0.00000 -0.00000 -17.10517 -16.83502 2.06123 -2.59165 27.08845 10.72879 -2.10838 -22.16685 -9.67135 -2.50397 -26.67183 -10.53487 -0.00000 0.00000 -0.00000 22.55003 -36.94957 15.21499 12.96775 51.05893 -26.77014 -4.01929 -16.33242 -14.96445 0.72554 14.88262 -5.55071 2.57442 -5.44596 3.48776 -3.26779 -0.23027 4.57217 -4.40441 3.26156 2.33359 4.06553 -9.73118 -0.23023 -2.54537 24.58225 -0.92855 -1.74452 9.28916 -0.50345 -0.00000 0.00000 0.00000 -86.57894 54.13129 8.74630 33.76454 -25.89424 -74.28933 -0.00000 -33.97250 -0.00000 11.13029 14.25998 51.38511 -7.12502 -0.00000 0.00000 -6.55535 -5.02455 82.31307 -0.00000 0.00000 0.00000 -18.40920 28.26760 49.96299 -33.55277 -25.23908 73.19867 0.00000 27.92150 -0.00000 35.08130 4.48639 6.35519 7.12502 -0.00000 -0.00000 52.25744 31.19319 -23.15351
0.78663 0.96191 0.10851 9.88216 -5.48304 993.38550 -0.00000 0.00000 -0.00000 -20.97639 -15.86661 2.18404 -2.08233 24.52546 9.55918 0.08004 -24.24215 -4.13031 -2.79332 -28.01289 -11.16479 -0.00000 0.00000 -0.00000 25.63348 -38.43416 17.03144 26.39358 61.81359 -42.78024 -4.35304 -17.71020 -14.34387 1.11251 18.28145 -6.90601 0.88182 -4.95115 3.01928 -2.69236 0.00881 4.03605 -2.92203 3.02193 2.03564 3.44369 -10.28803 1.95627 -6.00149 23.49830 3.08510 -2.02751 9.18192 0.95264 -0.00000 0.00000 0.00000 -90.22785 50.17212 9.53706 33.33373 -24.60257 -72.13603 -0.00000 -28.73980 -0.00000 10.59122 12.29465 48.71295 -7.12502 -0.00000 0.00000 -8.28527 -5.67665 79.18651 -0.00000 0.00000 0.00000 -15.78156 37.86770 50.81593 -32.54781 -22.57633 68.72486 0.00000 36.73770 -0.00000 39.91601 5.88414 6.98617 7.12502 -0.00000 -0.00000 54.50925 37.62272 -21.47710
0.79267 0.96177 0.12983 10.44591 -5.59289 990.53038 -0.00000 0.00000 -0.00000 -22.30212 -18.55680 1.78251 -2.73022 27.72851 11.02981 0.58599 -25.46264 -3.10624 -2.15065 -24.89084 -9.72263 -0.00000 0.00000 -0.00000 24.68144 -36.56971 14.80786 40.08864 66.76029 -57.94978 -1.33025 -8.34600 -11.55184 1.79008 22.87236 -8.83214 0.45114 -5.50781 2.24035 -2.21741 -0.31159 3.00374 -2.26991 2.89843 1.50688 4.88116 -9.72995 4.66456 -10.01280 23.32687 7.51255 -2.81401 9.37742 2.71292 -0.00000 0.00000 0.00000 -91.83631 44.17212 12.24023 32.24511 -21.87823 -67.53641 -0.00000 -22.86620 -0.00000 11.31672 12.92924 48.19007 -7.12502 -0.00000 0.00000 -7.55858 -5.11961 78.92059 -0.00000 0.00000 0.00000 -16.84847 43.18887 52.86730 -30.39655 -18.25770 61.20946 0.00000 49.10330 -0.00000 37.50070 6.83891 8.82091 7.12502 -0.00000 -0.00000 52.47240 36.64542 -20.37117
0.78966 0.96510 0.14229 10.83982 -4.65399 985.32240 -0.00000 0.00000 -0.00000 -21.06886 -19.37224 2.77893 -2.94211 28.66700 11.47822 1.15325 -23.94604 -1.21678 -2.06954 -24.45624 -9.52833 -0.00000 0.00000 -0.00000 21.85256 -26.15722 11.25317 19.83873 57.73189 -35.20152 -0.09738 -2.05687 -6.90506 2.21571 25.23207 -9.87622 1.34612 -6.40559 2.94742 -1.89183 -0.83475 3.86667 -2.33189 2.92817 1.93908 5.90449 -8.21805 6.39784 -11.97365 23.02432 10.18631 -3.21735 9.28813 3.88057 0.00000 0.00000 -0.00000 -91.80604 39.46784 16.28858 30.44811 -18.34707 -61.36976 -0.00000 -17.94040 -0.00000 13.06210 15.34208 48.75264 -7.12502 -0.00000 0.00000 -5.13721 -3.64183 80.24257 0.00000 0.00000 -0.00000 -15.52969 46.25152 52.88451 -28.18502 -14.85757 54.89334 0.00000 59.32620 -0.00000 34.60456 6.37779 9.14601 7.12502 -0.00000 -0.00000 50.79384 33.61647 -20.69466
0.78281 0.96694 0.14495 12.72341 -2.28456 982.15883 -0.00000 0.00000 -0.00000 -17.24369 -30.51776 1.86012 -8.62172 44.43929 20.91087 0.73747 -17.64633 -0.49222 -0.71802 -14.80761 -5.52136 -0.00000 0.00000 -0.00000 22.71778 -15.27295 10.62890 7.92863 43.09409 -19.90898 -0.27328 -11.68408 0.60255 0.02243 2.65597 -0.96743 3.00903 -7.86865 4.14207 -1.34262 -1.84191 5.26558 -2.50800 2.85301 2.62505 6.38490 -7.56744 6.96915 -12.65958 23.72773 11.11975 -3.37268 9.53369 4.26139 0.00000 0.00000 0.00000 -90.17793 39.17644 18.73013 27.42389 -13.84621 -52.91392 -0.00000 -14.27330 -0.00000 13.64023 15.50714 47.77142 -7.12502 -0.00000 0.00000 -4.79728 -3.29415 79.39897 0.00000 0.00000 0.00000 -6.69019 47.98891 47.10834 -27.49867 -13.94257 53.10494 0.00000 64.68990 -0.00000 35.19362 6.70004 9.39345 7.12502 -0.00000 -0.00000 51.01214 34.53821 -20.34900
0.77160 0.96236 0.14589 13.75511 0.66552 982.24473 -0.00000 0.00000 -0.00000 -13.91076 -44.09975 1.38480 -19.07403 57.13851 34.29419 0.58119 -14.93040 -0.18687 -0.16174 -7.11108 -2.60249 -0.00000 0.00000 -0.00000 25.62740 -7.66016 10.43693 3.92654 32.50786 -13.41160 -0.66245 -18.14669 0.92322 0.15191 -6.89306 2.52186 5.26482 -7.98195 4.74104 -1.17788 -1.84037 5.87112 -3.50483 3.15454 2.94945 6.96545 -7.58108 6.89254 -12.50717 22.33470 10.79532 -3.52053 9.06291 4.25965 -0.00000 0.00000 -0.00000 -91.60986 40.81543 22.31595 24.26259 -10.27007 -45.37609 -0.00000 -11.49400 -0.00000 15.46002 16.53976 45.82759 -7.12502 -0.00000 0.00000 -3.29984 -2.14330 77.96926 -0.00000 0.00000 -0.00000 0.93285 49.90871 41.75646 -27.21239 -13.57702 52.37749 0.00000 67.57940 -0.00000 36.67051 6.82584 9.06923 7.12502 -0.00000 -0.00000 51.94295 35.90909 -20.33703
0.74822 0.95312 0.14909 13.46062 2.19266 984.74578 -0.00000 0.00000 -0.00000 -15.62215 -49.68654 3.12236 -14.51120 52.86675 28.72949 2.65220 -21.60674 4.18080 -0.24689 -8.76986 -3.21882 -0.00000 0.00000 -0.00000 26.11635 -3.37440 5.98090 2.54183 26.85288 -10.61895 -1.20903 -19.85679 -0.35165 0.28461 -9.40845 3.45761 5.45562 -7.25597 4.96486 -1.28324 -1.46811 6.20794 -3.71744 3.20307 3.13673 7.04896 -7.96324 6.66082 -12.33742 21.38859 10.36597 -3.56177 8.78005 4.12810 0.00000 0.00000 -0.00000 -99.07725 42.61870 28.48864 21.46214 -7.74807 -39.32614 -0.00000 -8.44827 -0.00000 13.65631 15.20938 47.19650 -7.12502 -0.00000 0.00000 -5.00018 -3.35479 78.77648 0.00000 0.00000 -0.00000 9.88559 53.73785 32.71511 -27.08853 -13.42163 52.06589 0.00000 68.02850 -0.00000 39.34839 5.67791 6.88052 7.12502 -0.00000 -0.00000 54.31989 36.74844 -21.75119
0.70598 0.94172 0.15216 13.39075 4.35734 988.66597 -0.00000 0.00000 -0.00000 -15.61250 -51.11741 11.86844 -7.44512 42.09177 19.19459 4.96050 -24.70160 8.98650 -0.02001 -2.50917 -0.91389 -0.00000 0.00000 -0.00000 27.76940 -1.48365 1.79789 2.44502 26.38639 -10.40288 -1.58480 -19.23483 -1.89318 0.27420 -9.23683 3.39335 5.66910 -8.30033 5.34010 -1.35777 -1.45647 6.62768 -3.74532 3.85782 3.35950 6.66121 -8.77843 5.79310 -10.47197 21.67174 8.84129 -3.10256 8.80766 3.54436 -0.00000 0.00000 -0.00000 -111.89613 43.51561 39.45805 20.62977 -7.09228 -37.60757 -0.00000 -6.32290 -0.00000 12.61477 14.38435 47.98548 -7.12502 -0.00000 0.00000 -5.99997 -4.09974 79.22405 -0.00000 0.00000 -0.00000 23.10471 59.99865 17.93584 -27.43264 -13.85746 52.93625 0.00000 68.07630 -0.00000 43.10684 5.81864 6.18167 7.12502 -0.00000 -0.00000 56.04494 41.23460 -21.06614
0.64815 0.93235 0.15940 12.47624 6.41207 995.06265 -0.00000 0.00000 -0.00000 -21.50089 -44.57243 6.07707 -5.69099 37.91324 16.46791 4.69536 -24.41000 8.45351 -0.84875 16.05537 6.01262 -0.00000 0.00000 -0.00000 27.31078 -4.74514 -2.94942 4.86411 35.56775 -15.08593 -0.09169 -11.19393 1.47389 0.20508 -8.00000 2.93211 5.83215 -10.07682 5.87900 -2.17283 -1.88935 7.25087 -4.44293 4.55788 3.67265 6.66149 -8.88873 4.36107 -7.67804 22.85880 6.30271 -2.60647 8.97152 2.61106 0.00000 0.00000 0.00000 -126.67535 42.90642 53.40637 22.51765 -8.63850 -41.55358 -0.00000 -22.24170 -0.00000 15.88907 15.94560 43.98334 -7.12502 -0.00000 0.00000 -3.47351 -2.09842 76.10037 0.00000 0.00000 0.00000 52.13163 65.20473 -9.73614 -27.74750 -14.26782 53.74578 0.00000 65.19020 -0.00000 50.93719 7.06210 5.69824 7.12502 -0.00000 -0.00000 54.29762 55.64392 -14.32073
0.59282 0.93844 0.16898 11.23973 4.58395 1004.66740 -0.00000 0.00000 -0.00000 -31.00791 -35.03506 -4.72882 -5.16598 36.45774 15.59933 4.23380 -26.05519 6.03938 -1.11709 18.31728 6.92058 -0.00000 0.00000 -0.00000 17.99462 -18.61568 -7.94603 18.03259 56.28042 -33.04835 -0.43205 12.91866 -0.17801 0.53974 12.88649 -4.77655 1.87021 -9.59684 6.56528 -4.08830 -2.16533 8.64762 -4.16233 3.88165 4.30529 5.55519 -9.08961 2.43954 -4.75460 24.25256 3.21136 -1.98737 9.24234 1.36798 0.00000 0.00000 -0.00000 -140.32537 42.55320 65.39949 24.46897 -10.47744 -45.84156 -0.00000 -25.02970 -0.00000 15.50504 13.70338 40.49486 -7.12502 -0.00000 0.00000 -5.14051 -2.64438 72.15127 0.00000 0.00000 -0.00000 92.13368 62.28880 -45.28073 -27.80485 -14.34382 53.89468 0.00000 57.65120 -0.00000 52.93353 7.65440 5.74542 7.12502 -0.00000 -0.00000 50.91911 60.57098 -9.72701
0.54746 0.94735 0.17477 9.92127 5.89416 1016.86198 -0.00000 0.00000 -0.00000 -31.25936 -26.79668 -5.71628 -3.82043 32.12891 13.21314 1.47053 -24.94747 -0.69722 -0.33179 10.14822 3.73541 -0.00000 0.00000 -0.00000 16.12606 -33.02592 -3.93139 43.05467 67.43869 -61.16939 0.62670 5.41713 -6.89783 0.43849 11.63997 -4.29990 1.45887 -8.02121 7.19274 -4.62665 -1.66999 9.57808 -4.52751 3.63843 4.78988 5.96462 -9.37977 3.11428 -5.95712 24.01061 4.44069 -2.23295 9.29762 1.88558 -0.00000 0.00000 0.00000 -151.27160 41.81418 72.55494 25.65919 -11.73947 -48.59106 -0.00000 -8.05931 -0.00000 12.36854 10.41776 39.50878 -7.12502 -0.00000 0.00000 -9.12950 -4.30449 70.03517 -0.00000 0.00000 0.00000 117.56005 55.37824 -64.19297 -27.41584 -13.83588 52.89342 0.00000 36.34930 -0.00000 53.38263 5.49283 4.06882 7.12502 -0.00000 -0.00000 53.32107 59.02645 -12.43771
0.50185 0.96244 0.17919 6.87952 8.28776 1033.72798 -0.00000 0.00000 -0.00000 -29.00979 -18.77820 -9.72587 -3.08816 29.28781 11.77967 -1.91621 -24.01433 -9.15305 -0.03965 3.53029 1.28666 -0.00000 0.00000 -0.00000 16.69226 -38.98421 5.43322 38.47026 66.34313 -56.18576 -0.10455 -2.30072 -9.17224 1.32271 19.84805 -7.54948 2.38504 -6.80549 7.12848 -3.98032 -0.33756 9.46970 -4.34642 4.38174 4.78920 8.51071 -7.88150 5.84959 -9.38564 22.14202 8.69142 -3.12630 8.82526 3.84179 -0.00000 0.00000 0.00000 -157.77825 41.55726 75.74313 27.29848 -13.68600 -52.59519 -0.00000 -11.87030 -0.00000 11.88649 10.55283 41.02614 -7.12502 -0.00000 0.00000 -9.25465 -4.65499 71.47603 -0.00000 0.00000 0.00000 129.28141 45.78303 -66.07903 -26.69036 -12.93300 51.07628 0.00000 14.60750 -0.00000 45.72372 2.66694 2.59768 7.12502 -0.00000 -0.00000 58.89676 40.79820 -23.48542
0.45248 0.97683 0.18224 3.00843 9.03025 1051.61191 -0.00000 0.00000 -0.00000 -24.69720 -10.81416 -13.58682 -2.19298 25.11356 9.82277 -5.19918 -20.22372 -17.89868 -0.00070 0.47105 0.17145 -0.00000 0.00000 -0.00000 14.73107 -34.46767 15.85659 18.47987 56.65632 -33.58492 -0.45230 -5.81258 -4.65117 1.48903 20.98772 -8.02618 2.79856 -4.90295 6.74981 -2.63200 0.92740 8.93456 -3.32431 4.44634 4.54130 10.50667 -5.44658 9.12295 -13.28293 20.55587 13.94800 -4.03057 8.61377 6.27048 0.00000 0.00000 -0.00000 -159.79229 39.84783 76.98236 28.64366 -15.50186 -56.12721 -0.00000 -12.36710 -0.00000 9.32330 9.11611 43.98100 -7.12502 -0.00000 0.00000 -11.45654 -6.35907 73.65746 0.00000 0.00000 -0.00000 133.47954 36.27202 -60.32886 -27.08050 -13.41161 52.04575 0.00000 -1.93076 0.00000 33.90090 0.15275 0.22731 7.12502 -0.00000 -0.00000 53.63393 23.90940 -28.38298
0.39692 0.98831 0.19079 -2.20017 8.53470 1070.97828 -0.00000 0.00000 -0.00000 -18.06281 -4.40961 -20.25600 -1.69887 22.32295 8.59479 -7.13450 -15.52871 -25.08007 -0.01901 2.44561 0.89071 -0.00000 0.00000 -0.00000 13.51133 -22.89203 24.59594 7.18058 41.51895 -18.79774 0.12553 0.72521 8.97522 1.19483 18.91368 -7.16412 4.47689 -4.44684 5.84666 -0.41556 2.22134 7.53425 -2.00521 5.34929 3.88176 11.87686 -3.02209 11.81687 -16.55192 19.33519 18.41316 -4.82980 8.62756 8.40333 0.00000 0.00000 -0.00000 -157.31241 37.57255 77.87391 30.25784 -18.01994 -60.78178 -0.00000 -16.80380 -0.00000 3.43790 4.75471 54.06723 -7.12502 -0.00000 0.00000 -15.92974 -12.18952 81.49316 0.00000 0.00000 -0.00000 135.80739 31.94639 -54.52499 -27.51196 -13.95977 53.13897 0.00000 -21.18930 0.00000 17.87102 -1.31277 -4.06426 7.12502 -0.00000 -0.00000 41.41588 10.97601 -32.81993
0.33749 0.99079 0.19899 -4.82044 6.44884 1089.61843 -0.00000 0.00000 -0.00000 -13.71299 -3.55257 -26.46143 -1.93971 23.73797 9.21035 -7.53723 -11.23211 -29.61851 -0.08481 5.15782 1.88272 -0.00000 0.00000 -0.00000 12.77493 -15.74444 25.43796 4.62047 34.81812 -14.66320 -1.14308 7.44126 11.90275 1.26982 19.46819 -7.39224 3.89041 -4.12250 4.80747 1.35934 3.10664 6.10090 0.03374 5.74029 3.13086 11.81773 -1.69786 13.57577 -17.98729 18.23036 21.23645 -5.01206 8.51656 9.78486 -0.00000 0.00000 -0.00000 -149.27705 38.32941 77.82094 32.19449 -21.76510 -67.34305 -0.00000 -12.46300 -0.00000 1.18864 2.18311 61.42365 -7.12502 -0.00000 0.00000 16.88498 16.15962 -92.48216 -0.00000 0.00000 -0.00000 136.30013 30.90774 -52.84357 -27.64555 -14.13370 53.48223 0.00000 -35.95440 0.00000 16.01818 -0.94665 -3.29362 7.12502 -0.00000 -0.00000 39.63151 10.76931 -32.28601
0.27818 0.98948 0.20918 -6.94872 3.84142 1106.20734 -0.00000 0.00000 -0.00000 -10.40431 -8.36968 -28.84108 -3.04648 29.11272 11.69426 -6.14380 -7.00318 -30.46580 -0.08085 5.03650 1.83819 -0.00000 0.00000 -0.00000 15.11917 -12.61004 17.06794 4.62305 34.82621 -14.66772 0.00266 2.06806 11.76534 0.00335 -1.02657 0.37368 4.75043 -4.29624 4.24294 2.85445 3.69081 5.19613 1.07288 6.37506 2.70179 11.47942 0.32433 14.64904 -19.57099 16.99357 23.16166 -5.46495 8.20036 10.79831 0.00000 0.00000 0.00000 -141.69707 45.43323 76.89480 32.51220 -22.49218 -68.58202 -0.00000 1.76476 0.00000 -0.47475 -0.99447 64.47898 -7.12502 -0.00000 0.00000 20.33916 17.59224 -95.80791 0.00000 0.00000 0.00000 135.92483 31.74734 -53.42680 -26.40308 -12.59038 50.37313 0.00000 -29.25740 0.00000 5.10394 0.12828 1.43597 7.12502 -0.00000 -0.00000 29.09583 9.47388 -28.52311
0.22141 0.98588 0.21912 -7.79777 2.40059 1119.50344 -0.00000 0.00000 -0.00000 -9.75251 -18.39168 -24.71661 -5.13660 36.37292 15.54984 -3.60161 -5.05627 -24.16554 -0.03291 3.21667 1.17209 -0.00000 0.00000 -0.00000 17.85517 -7.51666 8.77710 2.67533 27.47758 -10.91135 0.92270 -9.86001 7.00106 0.78417 -15.45331 5.77479 5.38087 -5.22474 4.24065 3.02742 4.02477 5.06700 1.01893 7.30319 2.67439 10.66196 0.28228 15.09529 -18.71867 15.90880 23.49822 -5.09497 7.73067 11.03403 0.00000 0.00000 0.00000 -125.45814 51.89604 66.10925 31.72102 -20.75165 -65.60006 -0.00000 6.28670 0.00000 1.34772 3.17173 66.96419 -7.12502 -0.00000 0.00000 17.60504 13.88723 -97.89682 0.00000 0.00000 0.00000 132.59419 32.30143 -53.07893 -24.27811 -10.28555 45.41099 0.00000 -8.37681 0.00000 0.05406 0.00394 4.17093 7.12502 -0.00000 -0.00000 24.15676 8.87161 -26.02443
0.16963 0.97525 0.22291 -8.34043 1.50758 1129.27503 -0.00000 0.00000 -0.00000 -10.40760 -29.32224 -17.94499 -8.29905 43.82572 20.44749 -1.73149 -6.05830 -13.79052 -0.13979 6.61418 2.41884 -0.00000 0.00000 -0.00000 21.37555 -5.55935 4.95005 1.69212 22.28160 -8.57701 -0.70802 -18.95908 1.01545 0.98547 -17.25121 6.48968 6.76840 -4.85436 4.60355 2.57298 3.53410 5.52295 -0.24006 6.76551 2.96596 10.08620 0.59284 14.73371 -18.26801 14.83785 22.81072 -5.08595 7.18362 10.79060 -0.00000 0.00000 0.00000 -103.21614 52.68855 49.75594 30.65145 -18.70499 -62.00932 -0.00000 11.67810 0.00000 3.98908 8.24821 64.07606 -7.12502 -0.00000 0.00000 12.76841 11.00422 -94.89200 -0.00000 0.00000 0.00000 126.63778 31.17611 -52.65594 -22.83872 -8.92319 42.24294 0.00000 2.23240 -0.00000 -4.20957 -0.03733 0.50712 7.12502 -0.00000 -0.00000 20.72338 6.05525 -29.42046
0.12383 0.96644 0.22335 -8.54623 0.59343 1135.58849 -0.00000 0.00000 -0.00000 -11.04869 -36.21353 -12.63229 -12.12777 49.97470 25.68188 -1.21468 -8.89154 -8.89637 -0.01295 -2.01839 -0.73496 -0.00000 0.00000 -0.00000 24.21835 -7.65555 3.00004 1.69461 22.29684 -8.58356 -2.46241 -23.72476 -2.49132 0.74008 -15.02646 5.60707 7.66171 -4.24526 5.08900 2.15363 3.43445 6.19439 -1.14205 6.49830 3.34223 9.62884 -0.38931 14.28504 -17.14126 14.15250 21.81533 -4.75246 6.84926 10.32650 -0.00000 0.00000 -0.00000 -80.49397 46.92792 29.75139 28.99395 -16.01334 -57.09314 -0.00000 17.41030 0.00000 6.70946 12.12498 60.74800 -7.12502 -0.00000 0.00000 8.91819 8.49082 -91.74335 -0.00000 0.00000 -0.00000 116.20858 29.95674 -48.48725 -20.84566 -7.25861 38.05034 0.00000 9.68777 -0.00000 -7.89059 -0.10847 0.78261 7.12502 -0.00000 -0.00000 17.30801 5.06975 -29.16781
0.08437 0.96415 0.22118 -8.58364 -0.24671 1141.06996 -0.00000 0.00000 -0.00000 -12.64574 -38.56996 -12.75968 -18.00280 56.25497 33.01252 -0.04527 -9.51054 -1.97072 -0.00793 1.57968 0.57511 -0.00000 0.00000 -0.00000 26.23098 -10.92293 1.66615 1.94911 23.79093 -9.23367 -4.23170 -26.09074 -6.01166 0.61703 -13.75594 5.11200 7.55889 -3.48972 4.99629 1.97660 3.14529 6.17720 -1.39488 5.77344 3.31688 9.74852 -1.77783 13.69452 -16.23731 14.06852 20.71503 -4.50600 6.83774 9.77689 0.00000 0.00000 -0.00000 -65.94468 39.39119 17.65750 27.99349 -14.59652 -54.38760 -0.00000 22.78840 0.00000 9.06400 14.74426 57.91956 -7.12502 -0.00000 0.00000 -6.50492 -6.21815 -271.47071 0.00000 0.00000 -0.00000 99.66323 22.01770 -37.76622 -18.44111 -5.54522 33.22300 0.00000 17.63650 -0.00000 -12.73524 0.13088 -0.57910 7.12502 -0.00000 -0.00000 12.91696 3.39287 -30.53039
0.05044 0.96418 0.21970 -8.80583 -0.64309 1146.14816 -0.00000 0.00000 -0.00000 -14.07341 -37.55629 -15.96010 -24.12797 60.57904 40.19499 0.31302 -7.13405 1.61447 -0.64369 14.04213 5.22300 -0.00000 0.00000 -0.00000 27.53398 -13.58401 1.39466 2.03386 24.26169 -9.44182 -5.61800 -27.00299 -8.99994 0.16153 -7.10662 2.60084 6.31646 -2.69348 4.55404 2.02198 2.35552 5.75742 -0.89420 4.33130 3.02442 10.02353 -2.30639 13.12772 -16.51959 13.80447 19.90823 -4.71800 6.81952 9.37484 0.00000 0.00000 0.00000 -53.07184 37.97133 12.28952 28.43692 -15.20800 -55.56690 -0.00000 19.52100 0.00000 9.22565 13.89939 55.93525 -7.12502 -0.00000 0.00000 -7.17638 -6.37857 -273.57640 0.00000 0.00000 0.00000 88.91724 14.87198 -30.60476 -19.09511 -5.98197 34.51475 0.00000 15.98540 -0.00000 -21.80642 1.62438 -4.05261 7.12502 -0.00000 -0.00000 4.46152 0.84235 -34.32971
0.02487 0.96633 0.21835 -9.45829 -0.55576 1149.94138 -0.00000 0.00000 -0.00000 -13.50759 -34.93994 -16.97024 -23.89723 60.44398 39.92991 0.25530 -3.90483 4.43760 -2.07708 24.49711 9.54653 -0.00000 0.00000 -0.00000 28.75397 -15.54655 3.21709 2.05699 24.38803 -9.49796 -6.95944 -27.93230 -11.66875 0.00266 0.91572 -0.33332 4.80552 -2.81098 4.32521 2.31392 1.38499 5.54272 0.12387 3.20092 2.84550 9.35990 -2.85545 12.38782 -16.31981 14.28031 18.97701 -4.59471 6.86939 8.86965 0.00000 0.00000 -0.00000 -41.37027 34.24090 8.16706 29.07278 -16.13090 -57.31355 -0.00000 15.18460 0.00000 8.02846 10.71401 52.81244 -7.12502 -0.00000 0.00000 -10.08572 -7.83437 -277.53540 0.00000 0.00000 -0.00000 84.48625 14.10916 -27.97559 -22.24291 -8.40013 40.96822 0.00000 6.72896 -0.00000 -26.75642 1.34908 -2.67358 7.12502 -0.00000 -0.00000 -0.21052 -0.04485 -32.97418
0.00805 0.96798 0.21287 -10.12206 -0.01419 1153.50801 -0.00000 0.00000 -0.00000 -13.43550 -30.45710 -17.66795 -16.19682 54.60960 30.81967 0.55359 -8.05363 3.22104 -0.62590 13.85187 5.14917 -0.00000 0.00000 -0.00000 27.98302 -18.49154 3.23672 2.26389 25.48068 -9.98872 -7.19359 -28.62769 -11.66313 0.14251 6.67776 -2.44231 5.03498 -3.08825 4.05790 1.55995 0.20659 5.21333 -0.89119 2.22429 2.65729 9.42998 -3.05141 11.77744 -15.56150 14.70202 18.05611 -4.44580 6.87110 8.45379 -0.00000 0.00000 -0.00000 -29.83057 29.75490 4.30311 29.19585 -16.31629 -57.65995 -0.00000 12.46050 0.00000 6.89135 7.34654 46.61435 -7.12502 -0.00000 0.00000 -13.68508 -8.22472 -284.56561 -0.00000 0.00000 -0.00000 85.07800 15.91168 -27.50828 -26.08589 -12.22132 49.60668 0.00000 -1.45872 0.00000 -27.00847 0.73433 -1.44034 7.12502 -0.00000 -0.00000 -0.42525 -0.10134 -31.59638
-0.00415 0.96757 0.20377 -10.63460 1.17929 1156.90105 -0.00000 0.00000 -0.00000 -13.26994 -31.83979 -14.88157 -13.42538 51.61851 27.35620 0.04537 -9.79636 -1.44647 -0.45683 -11.87637 -4.38993 -0.00000 0.00000 -0.00000 26.06855 -21.67671 3.67170 2.69698 27.57695 -10.95819 -7.74691 -28.51418 -13.11328 0.31125 9.83341 -3.61703 4.09986 -3.75546 3.38327 1.29943 -0.59519 4.34421 -0.71125 1.67927 2.19839 8.71314 -3.51063 11.38405 -14.96211 14.94055 17.47903 -4.16703 6.84627 8.14901 0.00000 0.00000 -0.00000 -22.84123 31.31980 0.92638 29.51412 -16.80669 -58.56959 -0.00000 6.59069 0.00000 5.42203 5.52721 45.42028 -7.12502 -0.00000 0.00000 -15.88196 -8.92636 -286.39362 0.00000 0.00000 -0.00000 86.40499 19.49007 -27.79143 -28.95762 -15.95947 56.99195 0.00000 -3.73420 0.00000 -27.37419 -0.46274 0.89363 7.12502 -0.00000 -0.00000 -0.75450 -0.21674 -28.97343
-0.01280 0.96617 0.18811 -10.14143 1.42292 1159.67453 -0.00000 0.00000 -0.00000 -10.05842 -37.25230 -10.41671 -15.17405 53.57850 29.55703 -1.08894 -4.45535 -11.32959 -1.89648 -23.49222 -9.10243 -0.00000 0.00000 -0.00000 23.98198 -23.57382 3.03867 3.19719 29.73847 -12.00101 -8.19746 -28.81984 -13.93388 0.64705 14.07769 -5.23681 4.52675 -3.22662 2.62316 1.26131 -0.65356 3.34871 -1.08218 1.31177 1.69741 8.98744 -3.61895 11.06354 -15.38027 14.16145 16.94735 -4.45490 6.64495 7.90425 -0.00000 0.00000 -0.00000 -19.16973 37.70761 -5.46701 31.08261 -19.49466 -63.40737 -0.00000 2.79263 0.00000 3.72860 3.81978 45.63042 -7.12502 -0.00000 0.00000 -17.96648 -9.97706 -286.88512 -0.00000 0.00000 -0.00000 88.44457 22.15947 -27.20450 -30.49129 -18.42234 61.50458 0.00000 -3.71634 0.00000 -26.30894 -0.77359 1.56418 7.12502 -0.00000 -0.00000 0.22711 0.06842 -28.23474
-0.01369 0.96305 0.16570 -9.02179 1.84899 1160.21957 -0.00000 0.00000 -0.00000 -6.20628 -39.64159 -8.47390 -17.97057 56.22739 32.97376 -1.08674 -5.28125 -10.48080 -1.47798 -20.91440 -7.99528 -0.00000 0.00000 -0.00000 21.40487 -24.27613 2.58376 3.77869 31.97776 -13.13448 -8.36166 -28.70754 -14.43871 0.82519 15.83882 -5.92690 4.99298 -2.99098 2.10687 1.16497 -0.08569 2.63443 -1.45928 1.75414 1.35830 9.13646 -4.76160 11.13151 -15.28875 14.01295 16.88133 -4.38044 6.78276 7.82448 0.00000 0.00000 0.00000 -12.41803 41.30556 -16.28074 32.92180 -23.49702 -70.28106 -0.00000 -5.31074 -0.00000 1.87605 2.21679 49.74190 -7.12502 -0.00000 0.00000 -19.33310 -12.33681 -283.65927 0.00000 0.00000 0.00000 89.83744 25.34592 -25.23099 -30.74540 -18.87340 62.30893 0.00000 -4.43270 0.00000 -22.64316 -0.08098 0.19412 7.12502 -0.00000 -0.00000 3.65431 0.99648 -29.76759
-0.00708 0.96066 0.14006 -8.02131 3.22096 1159.40649 -0.00000 0.00000 -0.00000 -3.57672 -37.96579 -9.18185 -15.92301 54.34113 30.48324 -0.94351 -4.96767 -9.72614 -0.94161 -16.87834 -6.34024 -0.00000 0.00000 -0.00000 17.56685 -24.61601 2.14736 4.31356 33.83027 -14.11893 -8.29695 -28.44406 -14.53207 0.62298 13.82033 -5.13695 3.52857 -2.87867 1.74320 1.03551 -0.13368 2.20423 -0.80618 1.56535 1.12714 8.56487 -5.17832 11.08772 -15.09520 14.02652 16.81777 -4.20320 6.78459 7.75628 0.00000 0.00000 -0.00000 -2.70952 37.59984 -26.77022 34.51093 -28.67854 -78.90712 -0.00000 -23.42150 -0.00000 0.53550 0.70542 52.79530 -7.12502 -0.00000 0.00000 -20.39454 -14.31733 -281.37044 0.00000 0.00000 -0.00000 90.63553 28.61165 -24.49637 -30.39307 -18.25170 61.19868 0.00000 -2.32121 0.00000 -17.01212 0.20307 -0.66369 7.12502 -0.00000 -0.00000 8.93247 2.30408 -30.65239
0.00708 0.96249 0.11035 -7.37633 3.59694 1158.45719 -0.00000 0.00000 -0.00000 -1.88871 -31.66340 -13.72001 -9.41073 45.85443 22.02375 -0.59200 -2.22695 -9.75738 -0.04251 -3.65504 -1.33225 -0.00000 0.00000 -0.00000 14.76608 -22.91044 2.06085 3.99777 32.75815 -13.54369 -8.09991 -26.91532 -15.57572 0.29289 9.54258 -3.50788 2.44438 -3.40614 1.28527 1.38420 -0.30597 1.61262 0.13763 1.62076 0.82368 7.78926 -5.19304 11.04731 -15.17844 14.77388 17.00439 -4.03205 6.97000 7.78027 -0.00000 0.00000 -0.00000 3.04196 23.71950 -33.82853 35.05632 -31.84870 -84.18690 -0.00000 -43.35640 -0.00000 0.40133 0.57400 55.03809 -7.12502 -0.00000 0.00000 -19.99744 -15.18423 -279.25632 -0.00000 0.00000 -0.00000 90.71340 31.04256 -24.45725 -29.92478 -17.46428 59.77502 0.00000 2.64618 -0.00000 -15.95062 0.11143 -0.38987 7.12502 -0.00000 -0.00000 9.91141 2.61565 -30.36274
0.02927 0.96848 0.07606 -7.01989 3.19244 1157.13160 -0.00000 0.00000 -0.00000 -0.24047 -21.66837 -19.64924 -3.78199 31.98975 13.14071 -0.56996 -0.49910 -12.84045 -0.02590 2.85377 1.03961 -0.00000 0.00000 -0.00000 12.81682 -19.16865 2.44356 3.03114 29.04785 -11.66269 -7.68909 -24.85282 -16.77737 0.02212 2.63758 -0.96073 1.28420 -4.52389 0.40827 2.29614 -0.68066 0.46421 1.67095 1.82744 0.24601 6.36018 -5.95329 10.88642 -14.91726 16.17650 17.11764 -3.55715 7.38647 7.68386 0.00000 0.00000 -0.00000 2.09591 6.95200 -37.84207 34.68804 -29.52235 -80.30694 -0.00000 -59.78480 -0.00000 1.78844 2.54850 54.92262 -7.12502 -0.00000 0.00000 -18.01112 -13.89348 -278.55347 0.00000 0.00000 -0.00000 89.75781 32.64978 -24.07324 -29.50567 -16.79346 58.54518 0.00000 9.08878 -0.00000 -15.76602 -0.27180 0.96260 7.12502 -0.00000 -0.00000 10.01444 2.90700 -28.97615
0.05596 0.97170 0.03495 -7.11716 2.47726 1153.33697 -0.00000 0.00000 -0.00000 0.73364 -13.54984 -22.47382 -1.87337 23.35943 9.04430 -0.87107 -1.06502 -14.78974 -0.00067 0.46010 0.16747 -0.00000 0.00000 -0.00000 11.45723 -15.27805 4.60140 2.04983 24.34901 -9.48061 -6.66532 -21.97626 -17.28668 0.04101 -3.59026 1.30858 1.11643 -5.72499 0.12462 2.91144 -1.55340 0.09557 2.37880 1.60696 0.07154 6.01469 -4.58464 10.29530 -14.63108 15.76919 16.25494 -3.65878 6.92561 7.35972 -0.00000 0.00000 -0.00000 1.96582 -4.47775 -41.74472 33.14824 -24.09133 -71.27987 -0.00000 -65.15900 -0.00000 3.93696 6.04107 56.81778 -7.12502 -0.00000 0.00000 -14.27686 -12.16132 -275.37971 -0.00000 0.00000 -0.00000 89.71073 32.74642 -24.77232 -29.60559 -16.95067 58.83488 0.00000 11.79490 -0.00000 -16.72122 -0.64489 2.14558 7.12502 -0.00000 -0.00000 9.06208 2.83857 -27.75079
0.08357 0.97156 -0.01460 -7.50094 1.96080 1148.68281 -0.00000 0.00000 -0.00000 -0.65574 -10.92145 -17.49227 -1.69221 22.28216 8.57725 -1.87253 -12.19809 -10.59387 -2.03334 -24.25882 -9.44054 -0.00000 0.00000 -0.00000 9.33640 -12.92895 6.90373 1.40648 20.43197 -7.79277 -5.23233 -18.15555 -17.69593 0.16887 -7.26503 2.65947 0.83570 -6.49292 -0.27678 3.96878 -2.42678 -0.40254 3.60035 1.16032 -0.15595 5.50863 -4.95675 10.12155 -14.95698 16.61181 16.26894 -3.60013 7.23335 7.26073 -0.00000 0.00000 0.00000 2.39127 -11.29447 -44.11811 30.05298 -17.67569 -60.15928 -0.00000 -60.42740 -0.00000 3.02517 5.08516 59.19503 -7.12502 -0.00000 0.00000 -14.76333 -13.51634 -273.43010 -0.00000 0.00000 0.00000 88.16935 32.63614 -24.96219 -30.18294 -17.89314 60.55295 0.00000 10.91030 -0.00000 -17.08033 -0.70390 2.28960 7.12502 -0.00000 -0.00000 8.72232 2.75633 -27.59675
0.10708 0.97254 -0.06979 -7.51420 2.67661 1143.68511 -0.00000 0.00000 -0.00000 -3.97722 -8.04178 -13.21982 -1.12422 18.37297 6.94324 -0.98788 -17.37393 -6.49792 -2.80287 -28.05557 -11.18511 -0.00000 0.00000 -0.00000 5.76287 -13.91779 8.68070 1.20405 18.98295 -7.19253 -3.32958 -12.75615 -18.98131 0.14877 -6.82191 2.49556 0.27704 -7.20651 -0.66929 4.56890 -2.62221 -0.90491 4.50687 1.40015 -0.40017 3.98919 -5.37807 8.95555 -14.55252 16.39984 14.66217 -3.42709 6.99139 6.41097 -0.00000 0.00000 -0.00000 2.25515 -14.28822 -43.70928 26.48927 -12.69231 -50.58316 -0.00000 -62.78540 -0.00000 2.57207 4.71137 61.32527 -7.12502 -0.00000 0.00000 14.85677 14.20162 -452.23600 -0.00000 0.00000 -0.00000 87.22101 30.53531 -23.62361 -30.76260 -18.90444 62.36407 0.00000 11.05990 -0.00000 -19.00115 -0.89182 2.58800 7.12502 -0.00000 -0.00000 6.93619 2.23141 -27.25265
0.12534 0.97740 -0.12483 -6.84185 4.59049 1138.43389 -0.00000 0.00000 -0.00000 -8.76672 -6.80115 -9.42310 -0.74071 15.03263 5.60949 -0.48713 -19.16122 -4.96718 -2.69046 -27.54706 -10.94409 -0.00000 0.00000 -0.00000 1.66969 -17.92494 9.70328 1.29564 19.65474 -7.46936 -1.18640 -6.93817 -21.27689 1.11502 18.30114 -6.91401 -0.94327 -7.62725 -0.80815 4.83147 -2.35625 -1.04072 5.46107 1.94435 -0.48216 3.00353 -5.77683 8.11502 -15.29998 16.65425 13.78976 -3.58226 7.07681 5.84529 -0.00000 0.00000 0.00000 3.89674 -8.28285 -34.44646 27.70874 -14.21669 -53.64542 -0.00000 -70.77230 -0.00000 2.42312 4.94342 63.84569 -7.12502 -0.00000 0.00000 15.35674 13.45366 -454.73006 -0.00000 0.00000 0.00000 87.77370 27.49392 -21.95369 -31.25628 -19.82554 63.98824 0.00000 11.13300 -0.00000 -20.35115 -0.85405 2.30115 7.12502 -0.00000 -0.00000 5.70730 1.80238 -27.53095
0.13698 0.98051 -0.17128 -5.66008 6.52438 1133.08210 -0.00000 0.00000 -0.00000 -13.30448 -7.17948 -5.41232 -0.57659 13.30886 4.93919 -0.12290 -19.07830 -3.79266 -2.45255 -26.42308 -10.41981 -0.00000 0.00000 -0.00000 0.89802 -24.82991 8.42926 2.43449 26.33491 -10.37916 -2.00914 -9.12164 -19.98162 2.16713 24.97790 -9.76173 -1.47760 -8.02390 -0.29085 3.86790 -1.78857 -0.33349 4.81587 2.67889 -0.16298 2.58380 -6.06711 6.40855 -14.94407 15.82564 11.21947 -3.76289 6.65435 4.62587 0.00000 0.00000 -0.00000 1.64345 4.03935 -27.32523 31.23736 -19.78911 -63.92442 -0.00000 -77.74810 -0.00000 4.26553 8.52903 63.30218 -7.12502 -0.00000 0.00000 12.35538 10.92613 -454.13021 0.00000 0.00000 -0.00000 92.07445 24.77715 -21.47194 -31.54356 -20.39064 64.97409 0.00000 9.28811 -0.00000 -20.98577 -0.69009 1.79846 7.12502 -0.00000 -0.00000 5.14358 1.57147 -28.05609
0.14786 0.98295 -0.20938 -3.95292 6.33051 1127.92253 -0.00000 0.00000 -0.00000 -16.39549 -7.18445 -3.48009 -0.70601 14.68694 5.47418 0.75345 -20.03775 -1.19309 -1.77391 -22.77625 -8.79047 -0.00000 0.00000 -0.00000 3.34167 -29.99544 5.28320 5.22694 36.63256 -15.70171 -2.05355 -9.90832 -15.82955 1.96425 23.87598 -9.27115 0.43375 -6.97791 1.01855 2.23889 -1.54618 1.29254 2.18638 2.27129 0.65478 1.45186 -5.49797 4.47566 -11.04102 16.96262 8.07004 -2.72041 6.48107 3.27523 -0.00000 0.00000 0.00000 -10.05357 19.09267 -25.23159 34.13661 -27.16730 -76.40252 -0.00000 -81.28170 -0.00000 8.19793 14.93783 60.79964 -7.12502 -0.00000 0.00000 6.74754 6.32822 -452.02744 -0.00000 0.00000 0.00000 97.84671 22.61684 -23.26993 -31.24805 -19.80968 63.96046 0.00000 8.99579 -0.00000 -19.60071 -0.84500 2.37150 7.12502 -0.00000 -0.00000 6.39552 2.02908 -27.46968
0.15487 0.98203 -0.24134 -1.63431 5.87977 1125.02591 -0.00000 0.00000 -0.00000 -19.06935 -7.80449 -0.38120 -0.88514 16.38353 6.14290 0.41107 -20.07741 -2.29218 -1.14334 -18.52127 -7.00368 -0.00000 0.00000 -0.00000 3.93936 -32.20220 1.87341 9.55449 46.10017 -22.22367 -1.87585 -9.72036 -14.20779 1.20277 18.97334 -7.18859 -0.00165 -5.50712 1.02473 0.81557 -0.80514 1.35347 0.94764 2.23631 0.67540 0.01495 -6.86255 2.49572 -7.11900 18.03137 4.89179 -1.59329 6.77065 1.85941 -0.00000 0.00000 -0.00000 -27.80837 35.68129 -23.38023 35.21675 -33.64492 -87.22066 -0.00000 -78.10860 -0.00000 10.77235 18.41120 58.93505 -7.12502 -0.00000 0.00000 3.68180 3.59789 -450.71868 -0.00000 0.00000 -0.00000 100.43769 25.52344 -24.55097 -31.18682 -19.69226 63.75460 0.00000 9.10062 -0.00000 -17.97027 -1.17381 3.61395 7.12502 -0.00000 -0.00000 7.81968 2.67937 -26.20196
0.15739 0.98195 -0.26940 -1.85059 4.53422 1123.70213 -0.00000 0.00000 -0.00000 -19.14107 -9.46325 -0.29681 -1.17773 18.78444 7.11119 0.78738 -21.22851 -1.44028 -1.45938 -20.79025 -7.94303 -0.00000 0.00000 -0.00000 6.78497 -33.38285 1.78478 14.12928 52.43984 -28.24907 -1.28894 -7.60825 -14.12408 2.01792 24.17409 -9.40296 0.15156 -5.10399 0.10743 0.91174 -0.09478 0.11243 0.86368 2.76278 0.05389 0.25224 -7.66188 1.27240 -6.68133 17.46253 3.03050 -1.74085 6.67181 0.99727 0.00000 0.00000 -0.00000 -45.00316 53.74681 -24.38910 35.26201 -35.62177 -90.62040 -0.00000 -65.55960 -0.00000 13.22528 20.37218 55.97675 -7.12502 -0.00000 0.00000 -1.70802 -1.61058 -271.69401 0.00000 0.00000 -0.00000 98.08992 29.78436 -21.75218 -31.12878 -19.58186 63.56072 0.00000 7.93189 -0.00000 -17.58920 -1.36883 4.30938 7.12502 -0.00000 -0.00000 8.11878 2.89746 -25.48867
0.15787 0.98293 -0.29401 -1.98099 3.25152 1121.38322 -0.00000 0.00000 -0.00000 -19.19111 -10.23895 -0.55225 -1.36907 20.17377 7.68494 1.45095 -21.64075 0.43154 -1.13231 -18.43593 -6.96889 -0.00000 0.00000 -0.00000 9.09462 -33.48433 3.80527 16.62569 55.01956 -31.34441 -0.83425 -5.89407 -13.85921 2.22231 25.26632 -9.89169 1.09201 -4.10750 -0.89329 0.54648 0.56217 -1.26127 -0.15026 2.86792 -0.61426 -0.18470 -8.14369 0.61534 -5.57461 16.60251 1.91777 -1.46515 6.43460 0.51625 -0.00000 0.00000 0.00000 -53.41264 66.28971 -30.08893 35.19928 -33.36830 -86.75052 -0.00000 -56.13900 -0.00000 15.46745 22.10556 53.67207 -7.12502 -0.00000 0.00000 0.13730 0.12229 -273.30915 -0.00000 0.00000 0.00000 94.59465 32.76346 -16.36534 -31.43726 -20.17884 64.60548 0.00000 5.54599 -0.00000 -21.13077 -1.13040 2.92210 7.12502 -0.00000 -0.00000 4.95994 1.62992 -26.85340
0.15544 0.98555 -0.31194 -2.34515 2.02383 1117.19412 -0.00000 0.00000 -0.00000 -18.26542 -9.97001 0.61063 -1.30034 19.68847 7.48332 2.15256 -21.42414 2.69887 -0.61562 -13.74068 -5.10609 -0.00000 0.00000 -0.00000 12.79039 -31.12441 8.64239 13.86196 52.13333 -27.91115 0.60950 -0.13582 -14.93638 1.87500 23.36880 -9.04840 1.85743 -2.62476 -1.75885 0.29331 1.16637 -2.42139 -0.89663 2.59997 -1.17710 0.06777 -8.62641 0.86344 -5.08760 15.59121 2.05947 -1.33793 6.19790 0.63628 0.00000 0.00000 -0.00000 -57.26787 68.32117 -35.87780 34.84880 -30.40581 -81.77582 -0.00000 -47.97500 -0.00000 18.54176 24.72185 51.27049 -7.12502 -0.00000 0.00000 2.93546 2.48795 -274.75076 0.00000 0.00000 -0.00000 90.60290 35.99844 -8.98123 -31.65517 -20.61658 65.36620 0.00000 1.30380 -0.00000 -25.76759 -0.73659 1.52551 7.12502 -0.00000 -0.00000 0.72860 0.21880 -28.28579
0.15401 0.98585 -0.32442 -2.91212 3.82619 1111.39591 -0.00000 0.00000 -0.00000 -19.55939 -11.90555 -0.40627 -1.30336 19.71008 7.49227 3.69551 -21.56765 7.58825 -0.19642 -7.83078 -2.86925 -0.00000 0.00000 -0.00000 15.05613 -30.51485 14.22419 11.00597 48.39799 -24.19984 0.80582 1.69044 -12.89635 1.17460 18.76067 -7.10146 1.75048 -2.99348 -1.82850 -0.80552 0.43137 -2.48704 -1.95166 2.00575 -1.21662 0.66513 -8.44626 1.02426 -4.00097 14.89565 1.96268 -1.11567 5.93749 0.70939 -0.00000 0.00000 -0.00000 -58.86783 66.23867 -37.98716 34.57423 -28.96783 -79.38678 -0.00000 -43.79100 -0.00000 19.38828 25.93158 51.17379 -7.12502 -0.00000 0.00000 3.96886 3.39431 -274.52364 -0.00000 0.00000 -0.00000 89.56021 37.97021 -4.20539 -32.18363 -21.74098 67.30178 0.00000 -3.46043 0.00000 -26.72909 0.30517 -0.60596 7.12502 -0.00000 -0.00000 -0.15499 -0.03963 -30.65815
0.15764 0.98497 -0.33212 -3.01050 4.03612 1107.29932 -0.00000 0.00000 -0.00000 -19.35441 -13.98663 0.88447 -1.68122 22.21460 8.54822 4.60122 -23.16874 9.17211 -0.03451 -3.29396 -1.20032 -0.00000 0.00000 -0.00000 15.38534 -27.63232 14.95477 7.93674 43.11043 -19.92085 0.35778 0.03597 -11.12033 0.38454 10.91288 -4.02401 2.28319 -2.65513 -1.46357 -1.29670 0.45244 -2.00360 -2.71755 1.82545 -0.96940 0.10952 -8.70422 0.39523 -2.45527 14.54497 0.92901 -0.66801 5.84075 0.28879 -0.00000 0.00000 0.00000 -58.40082 63.75535 -39.40477 34.40954 -28.23874 -78.17818 -0.00000 -42.27940 -0.00000 20.91464 29.07356 51.81713 -7.12502 -0.00000 0.00000 6.25778 5.62692 -273.19784 -0.00000 0.00000 0.00000 88.60230 37.96688 -0.62686 -32.82511 -23.25216 69.86831 0.00000 -10.46770 0.00000 -30.08410 1.92207 -3.31354 7.12502 -0.00000 -0.00000 -3.38658 -0.67125 -33.80174
0.16440 0.98182 -0.33757 -3.34106 4.21839 1103.83255 -0.00000 0.00000 -0.00000 -18.87337 -16.11660 2.56344 -2.09875 24.61395 9.59867 5.30072 -24.28021 10.32367 -0.00611 -1.38688 -0.50489 -0.00000 0.00000 -0.00000 17.03821 -26.95563 17.67507 7.41353 42.02432 -19.14743 0.17346 -1.10879 -11.48167 0.17615 7.41888 -2.71646 2.67658 -2.28793 -0.46137 -1.30859 0.12829 -0.66938 -2.87323 1.36811 -0.31063 -1.11005 -8.19508 -0.77039 -0.91763 14.63751 -0.71616 -0.18376 5.77152 -0.46186 -0.00000 0.00000 0.00000 -57.88027 62.99819 -39.28279 34.27371 -27.68750 -77.26472 -0.00000 -42.75270 -0.00000 21.17090 29.64166 51.93627 -7.12502 -0.00000 0.00000 6.65177 6.03508 -272.96404 -0.00000 0.00000 0.00000 87.35013 36.13390 2.86040 -33.09832 -23.95764 71.05554 0.00000 -15.43410 0.00000 -30.22237 4.35532 -7.42740 7.12502 -0.00000 -0.00000 -3.78134 -0.42718 -38.56390
0.17681 0.97773 -0.34208 -2.75677 4.17856 1104.21347 -0.00000 0.00000 -0.00000 -20.64377 -16.18040 2.24294 -2.25666 25.44357 9.97190 5.38256 -24.97419 9.96582 -0.00009 0.16991 0.06184 -0.00000 0.00000 -0.00000 17.47318 -28.72962 20.31999 9.63448 46.23539 -22.33456 0.65948 -0.08213 -15.36115 0.80606 15.66038 -5.85642 2.31504 -1.53697 -0.33412 -1.31101 0.02751 -0.47550 -2.65610 0.85964 -0.22491 -1.88134 -7.27568 -2.10927 -0.00402 14.65078 -2.57938 0.01901 5.63435 -1.34218 0.00000 0.00000 -0.00000 -55.69732 63.53044 -40.45291 34.40279 -28.21041 -78.13122 -0.00000 -42.18020 -0.00000 20.64517 30.08172 53.06802 -7.12502 -0.00000 0.00000 6.58888 6.20531 -271.89954 0.00000 0.00000 -0.00000 86.20480 33.05780 7.22394 -33.20896 -24.25612 71.55612 0.00000 -21.97340 0.00000 -29.56386 5.64750 -9.84195 7.12502 -0.00000 -0.00000 -3.35917 -0.21790 -41.29289
0.19315 0.97419 -0.34016 -2.26065 4.17661 1107.81725 -0.00000 0.00000 -0.00000 -22.22449 -15.55382 2.96181 -2.18126 25.05217 9.79513 4.59470 -24.81874 7.85931 -0.03710 -3.41488 -1.24448 -0.00000 0.00000 -0.00000 18.06255 -33.21623 19.68257 14.29331 52.62475 -28.45574 0.23493 -3.28769 -21.92654 3.63585 31.45137 -12.86276 1.27774 -1.88776 -0.91850 -0.84028 0.38918 -1.24374 -1.62578 1.41038 -0.60711 -2.90865 -6.73993 -3.80853 0.79428 14.86179 -4.88205 0.17968 5.65653 -2.46123 0.00000 0.00000 0.00000 -49.77462 63.93532 -44.89628 34.77558 -29.98606 -81.07739 -0.00000 -42.30680 -0.00000 19.87806 28.51777 52.86312 -7.12502 -0.00000 0.00000 5.47775 5.05371 -272.42992 0.00000 0.00000 0.00000 84.59576 28.65359 11.10652 -33.25488 -24.38237 71.76757 0.00000 -30.43430 0.00000 -29.20621 7.08823 -12.44774 7.12502 -0.00000 -0.00000 -3.29808 -0.04310 -44.25214
0.21375 0.97349 -0.32886 -3.06116 3.77777 1112.36587 -0.00000 0.00000 -0.00000 -21.61407 -15.31541 4.69918 -2.29107 25.61949 10.05175 2.98649 -25.01818 3.29928 -0.00888 -1.67157 -0.60859 -0.00000 0.00000 -0.00000 18.98646 -36.76096 12.75988 14.64286 53.01100 -28.89447 -1.69986 -8.90722 -15.04908 2.36913 26.01234 -10.23100 1.60469 -2.68077 -1.73790 0.01790 0.38371 -2.37133 -1.00320 1.82764 -1.16693 -3.50517 -6.68372 -5.50059 1.12995 16.21837 -7.16424 0.07376 6.11533 -3.57131 -0.00000 0.00000 -0.00000 -41.42615 63.15020 -48.38633 35.19760 -33.34384 -86.70901 -0.00000 -43.57490 -0.00000 20.03175 26.05280 50.30249 -7.12502 -0.00000 0.00000 4.35247 3.62906 -275.25195 -0.00000 0.00000 -0.00000 84.44377 23.08333 11.02584 -33.75459 -25.86247 74.23652 0.00000 -38.74190 0.00000 -22.94005 7.98865 -18.17832 7.12502 -0.00000 -0.00000 2.25693 -0.18826 -49.76579
0.23733 0.97450 -0.30814 -3.50573 4.49975 1114.58065 -0.00000 0.00000 -0.00000 -22.52418 -13.26910 4.95469 -1.94852 23.78759 9.23220 2.63606 -24.96125 2.38396 -0.02262 -2.66728 -0.97156 -0.00000 0.00000 -0.00000 19.35157 -38.67117 3.38135 9.66944 46.29413 -22.38294 -3.76749 -15.02115 -16.07849 0.83770 15.95425 -5.97257 1.15625 -4.18576 -2.25602 0.51908 -0.25316 -3.07038 -0.31818 2.04454 -1.52204 -4.17353 -6.94481 -6.53793 1.56359 18.17696 -8.58110 0.04982 6.83227 -4.24581 -0.00000 0.00000 0.00000 -41.96128 59.13595 -42.25086 35.14749 -37.73592 -94.35512 -0.00000 -50.03080 -0.00000 13.81127 18.97970 52.91567 -7.12502 -0.00000 0.00000 -2.39346 -2.02063 -274.85022 -0.00000 0.00000 0.00000 84.07695 20.71915 4.95026 -34.61629 -29.16716 79.71744 0.00000 -42.14530 0.00000 -20.09665 8.17307 -21.23368 7.12502 -0.00000 -0.00000 4.72309 -0.63036 -52.58480
0.26322 0.97455 -0.28105 -3.38776 5.48034 1114.87231 -0.00000 0.00000 -0.00000 -24.24733 -10.15285 5.26167 -1.51587 21.16450 8.10082 3.03644 -24.76210 3.56719 -0.01569 2.22148 0.80899 -0.00000 0.00000 -0.00000 19.63575 -37.48130 -6.33258 4.81662 35.42392 -15.00415 -6.21679 -18.74835 -21.12300 1.17000 18.72570 -7.08716 0.91969 -5.88067 -2.87012 0.57096 -0.92612 -3.88918 -0.25050 2.30087 -1.92969 -4.23539 -6.64381 -6.66721 0.81830 19.09344 -8.64040 -0.20565 7.04445 -4.33682 -0.00000 0.00000 -0.00000 -50.73233 50.39394 -30.14431 34.35884 -41.90788 -102.17047 -0.00000 -64.14240 -0.00000 12.24010 17.89017 54.77020 -7.12502 -0.00000 0.00000 -3.61455 -3.20694 -273.47222 -0.00000 0.00000 -0.00000 85.31540 17.54624 -4.55349 -35.21625 -33.63643 87.20621 0.00000 -41.08880 0.00000 -21.02252 8.50239 -21.04235 7.12502 -0.00000 -0.00000 3.79187 -0.50341 -52.55144
0.28743 0.97026 -0.25057 -2.50411 6.33158 1112.92099 -0.00000 0.00000 -0.00000 -25.50515 -8.83859 6.97171 -1.67595 22.18208 8.53426 3.79682 -24.88676 5.58632 -0.10708 -5.79280 -2.11610 -0.00000 0.00000 -0.00000 22.99737 -32.00684 -5.26254 2.66710 27.43966 -10.89350 -11.52052 -25.11881 -27.74239 4.35928 33.98070 -14.20091 0.90199 -7.34140 -3.23656 0.08060 -1.37497 -4.37102 -0.85659 2.60182 -2.16445 -3.99553 -6.61724 -6.36703 -0.18521 20.23113 -8.08823 -0.52903 7.35372 -4.13963 -0.00000 0.00000 0.00000 -58.04476 39.06682 -20.71456 33.63392 -43.99256 -106.39143 -0.00000 -71.92460 -0.00000 10.11660 15.26161 55.86895 -7.12502 -0.00000 0.00000 -5.98379 -5.37263 -273.22601 -0.00000 0.00000 0.00000 86.52238 8.77765 -14.05854 -35.12269 -37.98063 94.79556 0.00000 -40.22350 0.00000 -18.05469 5.70973 -16.97234 7.12502 -0.00000 -0.00000 7.38636 -0.35136 -47.70832
0.31151 0.96738 -0.22033 -1.75734 5.78410 1110.12915 -0.00000 0.00000 -0.00000 -23.24724 -11.85017 10.51585 -3.69371 31.66634 12.97332 2.42364 -22.00663 3.24242 -1.17026 -18.72765 -7.08796 -0.00000 0.00000 -0.00000 23.30726 -25.87257 -4.29901 1.99214 24.03149 -9.33983 -11.75719 -26.71120 -25.64429 4.08103 33.04665 -13.69696 2.14942 -8.17660 -3.97043 -0.15317 -1.24748 -5.45664 -1.97930 3.02058 -2.68484 -3.40107 -6.49452 -5.40985 -1.90069 20.92386 -6.53110 -0.96635 7.48162 -3.51026 0.00000 0.00000 -0.00000 -64.45675 28.99519 -11.83325 33.40229 -44.53631 -107.53778 -0.00000 -77.00360 -0.00000 5.84084 10.18964 59.96130 -7.12502 -0.00000 0.00000 -10.23551 -10.06530 -270.93475 0.00000 0.00000 -0.00000 83.87242 -2.57185 -21.60440 -34.86430 -39.76511 98.06876 0.00000 -38.60280 0.00000 -8.93664 1.91302 -11.98519 7.12502 -0.00000 -0.00000 16.78325 1.03303 -41.57909
0.32641 0.96705 -0.19423 -1.57141 5.22147 1102.52457 -0.00000 0.00000 -0.00000 -15.78194 -22.76454 16.11386 -12.99512 51.09299 26.80532 -0.09774 -8.42794 -2.18838 -0.71724 -14.79984 -5.51832 -0.00000 0.00000 -0.00000 25.99601 -21.78665 -1.07327 1.84939 23.22059 -8.98365 -10.01577 -25.81034 -22.22690 3.52800 31.04418 -12.65486 2.94257 -7.47021 -3.49873 -0.04518 -1.51573 -4.87640 -2.15969 2.33237 -2.40769 -1.96667 -6.18950 -4.33109 -3.34579 21.58382 -4.97845 -1.45690 7.57648 -2.80176 -0.00000 0.00000 0.00000 -71.99355 24.33321 -2.53372 33.71779 -43.78415 -105.95743 -0.00000 -75.74130 -0.00000 4.88691 9.27692 62.05957 -7.12502 -0.00000 0.00000 11.45807 10.54768 -92.91417 -0.00000 0.00000 0.00000 78.86749 -12.24664 -27.44547 -35.08693 -38.29689 95.36757 0.00000 -35.57640 0.00000 3.06260 -0.28725 -5.35320 7.12502 -0.00000 -0.00000 28.02298 5.60378 -34.60342
0.33992 0.96251 -0.17546 -3.08727 4.53750 1094.20545 -0.00000 0.00000 -0.00000 -5.65400 -34.28486 18.35574 -37.42377 66.05410 55.04199 -0.17460 -2.82915 -3.65865 -1.07518 -17.98598 -6.78607 -0.00000 0.00000 -0.00000 29.50166 -19.91525 0.77180 2.04021 24.29645 -9.45725 -7.75368 -24.69443 -17.16532 2.38564 26.09436 -10.26859 5.41652 -6.92685 -3.40790 0.54470 -1.22941 -4.94212 -2.90288 2.16670 -2.42648 -0.99222 -6.45191 -2.81855 -4.16014 21.59282 -2.88543 -1.58464 7.63563 -1.82045 0.00000 0.00000 -0.00000 -82.42751 23.15759 7.64195 34.38261 -41.82525 -102.00825 -0.00000 -68.91430 -0.00000 5.31994 9.75683 61.21221 -7.12502 -0.00000 0.00000 10.87236 10.28485 -92.09037 0.00000 0.00000 -0.00000 76.75379 -15.74917 -30.03269 -35.25996 -35.75226 90.84763 0.00000 -30.83160 0.00000 9.68901 0.08006 0.46891 7.12502 -0.00000 -0.00000 33.36080 10.65104 -29.31938
0.35313 0.95960 -0.16156 -2.13754 4.63011 1086.50733 -0.00000 0.00000 -0.00000 -6.56431 -39.39514 8.36390 -46.71585 68.13965 65.12372 0.09422 -3.78011 0.97502 -0.07310 -4.78976 -1.74767 -0.00000 0.00000 -0.00000 29.74082 -19.62336 3.92305 2.84751 28.25374 -11.27971 -6.88069 -25.97997 -13.23909 2.03765 24.28246 -9.45104 4.79468 -6.60407 -3.59790 0.50507 -0.57473 -5.15659 -2.65278 2.69420 -2.51308 -0.59905 -6.98265 -1.86408 -4.83961 21.36854 -1.51030 -1.67032 7.68056 -1.21415 -0.00000 0.00000 -0.00000 -90.59882 26.51229 11.21413 35.26229 -35.60077 -90.58387 -0.00000 -62.87140 -0.00000 6.55595 11.77155 60.60612 -7.12502 -0.00000 0.00000 9.15870 8.77488 -91.58320 -0.00000 0.00000 -0.00000 79.24660 -15.91702 -31.20970 -35.15968 -32.85337 85.87841 0.00000 -24.79860 0.00000 14.72762 1.46913 5.57080 7.12502 -0.00000 -0.00000 36.82435 15.90919 -24.89279
0.36372 0.95884 -0.15038 -1.87329 3.79923 1078.84246 -0.00000 0.00000 -0.00000 -4.34218 -39.66208 0.27463 -32.10186 64.31466 49.18026 0.23799 -5.47555 1.94805 -0.08854 5.26958 1.92376 -0.00000 0.00000 -0.00000 30.30356 -17.47113 5.81320 3.11938 29.41796 -11.84337 -5.74382 -25.48364 -10.54922 0.93309 16.80474 -6.31082 4.29232 -5.14147 -4.00715 0.72422 0.36377 -5.62773 -2.15308 2.87967 -2.73757 -0.34943 -7.62163 -1.16043 -5.98041 20.32244 -0.40295 -1.90527 7.47678 -0.77429 0.00000 0.00000 0.00000 -90.43074 34.26414 5.17046 33.90539 -26.35562 -75.05593 -0.00000 -55.56290 -0.00000 8.36117 13.07932 56.99752 -7.12502 -0.00000 0.00000 -7.90849 -7.22711 87.16477 0.00000 0.00000 0.00000 86.06616 -9.14072 -31.82100 -34.79600 -30.09984 81.26661 0.00000 -16.57800 0.00000 8.91003 1.27528 8.07982 7.12502 -0.00000 -0.00000 31.30061 14.48250 -22.64232
0.37627 0.95729 -0.14139 -0.97802 3.62036 1070.55297 -0.00000 0.00000 -0.00000 0.61905 -37.68967 -0.36848 -13.83475 52.10177 27.87668 0.29498 -4.21868 4.71318 -0.60666 13.64287 5.06823 -0.00000 0.00000 -0.00000 29.72124 -16.22345 8.04660 3.31325 30.20676 -12.23332 -4.14983 -24.34623 -6.93288 0.46250 11.94833 -4.41737 3.82460 -3.73338 -4.89341 0.36938 0.94262 -6.72211 -2.26140 2.62338 -3.28775 -0.35537 -8.88112 -0.26447 -6.44917 19.41757 0.88302 -1.86142 7.45080 -0.21573 0.00000 0.00000 -0.00000 -83.22685 36.72036 -8.90951 31.41301 -20.13098 -64.52203 -0.00000 -53.82140 -0.00000 8.13222 11.57809 54.55026 -7.12502 -0.00000 0.00000 -9.25966 -7.69246 84.38712 0.00000 0.00000 -0.00000 93.61549 1.75996 -32.63072 -34.33234 -27.92065 77.65107 0.00000 -14.20110 0.00000 -2.26487 -0.22057 5.55942 7.12502 -0.00000 -0.00000 21.87520 8.54699 -24.68706
0.38935 0.95708 -0.12924 -0.19191 4.13742 1062.81683 -0.00000 0.00000 -0.00000 5.46227 -33.24236 0.41298 -4.80424 35.38625 14.98278 -0.03220 3.11386 1.15962 -0.36603 10.65124 3.92509 -0.00000 0.00000 -0.00000 29.04208 -16.24757 9.67073 3.51020 30.97614 -12.62031 -2.52643 -23.26686 -2.89954 0.07300 4.78643 -1.74645 2.85077 -2.78107 -6.12324 0.55888 0.53187 -8.27588 -1.44704 1.73384 -4.10277 -0.10025 -8.75061 0.66420 -7.62364 18.65447 2.26145 -2.07343 7.23589 0.36210 -0.00000 0.00000 0.00000 -79.08422 31.07629 -19.21366 30.25725 -18.01894 -60.77997 -0.00000 -52.38050 -0.00000 7.63439 10.85925 54.56919 -7.12502 -0.00000 0.00000 -9.93236 -8.20089 84.16618 -0.00000 0.00000 0.00000 98.59154 11.16531 -33.09575 -34.10588 -27.05503 76.21639 0.00000 -10.75290 0.00000 -3.23365 -0.40330 7.10161 7.12502 -0.00000 -0.00000 20.78194 8.72896 -23.20394
0.40710 0.95960 -0.11492 0.99255 4.73196 1055.20381 -0.00000 0.00000 -0.00000 6.24097 -28.36020 -1.03184 -2.34129 25.87315 10.16734 -0.78012 10.87434 6.05900 -0.55194 13.02807 4.83100 -0.00000 0.00000 -0.00000 28.44437 -16.46763 13.60738 4.00308 32.77670 -13.55351 -1.35342 -23.01947 0.35865 0.03238 3.19071 -1.16261 2.44604 -2.58502 -6.35850 0.54960 0.05616 -8.55987 -1.14956 1.18649 -4.26231 0.88122 -8.74562 1.56442 -8.88807 18.08514 3.51519 -2.46631 7.12794 0.92513 0.00000 0.00000 -0.00000 -77.38011 21.14370 -29.26143 28.28323 -14.99322 -55.15478 -0.00000 -51.54450 -0.00000 8.92658 11.25394 51.17143 -7.12502 -0.00000 0.00000 -9.51885 -7.02709 81.11420 0.00000 0.00000 -0.00000 102.84816 17.11684 -34.35265 -34.11545 -27.08986 76.27412 0.00000 -11.16740 0.00000 -7.41457 -1.20899 9.20938 7.12502 -0.00000 -0.00000 16.73998 7.69648 -20.99817
0.42663 0.95855 -0.09617 2.56392 3.39871 1050.59121 -0.00000 0.00000 -0.00000 2.22270 -26.45050 -0.10323 -2.85162 28.27189 11.28839 -0.94412 4.48252 10.19974 -0.00967 1.74482 0.63527 -0.00000 0.00000 -0.00000 25.28754 -16.88212 14.75169 4.86474 35.56966 -15.08701 -0.56774 -23.65737 2.71536 0.00785 -1.57184 0.57225 1.78319 -2.48695 -6.69433 -0.03409 0.28124 -8.97991 -1.41903 1.35067 -4.47121 1.12131 -8.10643 1.88684 -8.92095 17.04963 3.82623 -2.48517 6.69927 1.13164 0.00000 0.00000 -0.00000 -75.04636 12.85703 -39.81067 24.61071 -10.62175 -46.16306 -0.00000 -48.58460 -0.00000 8.98766 11.38591 51.29941 -7.12502 -0.00000 0.00000 -9.39027 -6.97204 81.27869 0.00000 0.00000 -0.00000 106.18290 21.63931 -35.17308 -34.33900 -27.94757 77.69567 0.00000 -13.73010 0.00000 -13.30991 -2.19398 9.19205 7.12502 -0.00000 -0.00000 11.48815 5.26985 -20.68087
0.44124 0.95899 -0.08160 4.71240 2.99857 1047.85973 -0.00000 0.00000 -0.00000 -1.76108 -24.75330 -1.14153 -2.61174 27.18262 10.77284 -0.57560 0.87713 12.04661 -0.00968 -1.74497 -0.63533 -0.00000 0.00000 -0.00000 21.94462 -19.50770 14.47174 5.72605 38.00659 -16.52491 0.18815 -24.16877 4.81023 0.02203 -2.63217 0.95875 0.32685 -2.42350 -7.24852 -0.29443 -0.51582 -9.67132 -0.77901 0.67475 -4.83493 1.05052 -7.89173 2.39277 -9.64725 16.50012 4.59424 -2.60710 6.53710 1.45556 -0.00000 0.00000 -0.00000 -73.12658 9.62618 -42.99928 22.39001 -8.52716 -41.28112 -0.00000 -45.18040 -0.00000 8.71054 10.47723 49.88483 -7.12502 -0.00000 0.00000 -10.27400 -7.19475 79.64236 -0.00000 0.00000 -0.00000 107.41323 26.45938 -35.44359 -34.57164 -28.95574 79.36673 0.00000 -15.40790 0.00000 -19.19321 -3.10569 8.84639 7.12502 -0.00000 -0.00000 6.27167 2.85058 -20.65260
0.45030 0.95970 -0.07393 6.25139 3.26845 1046.01119 -0.00000 0.00000 -0.00000 -3.58896 -23.46151 -2.16352 -2.22701 25.29066 9.90269 -0.24102 -1.07603 12.64733 -0.02356 -2.72242 -0.99167 -0.00000 0.00000 -0.00000 20.69721 -21.84433 14.11218 6.13990 39.07489 -17.18907 0.14734 -23.65172 4.61767 0.05198 4.04103 -1.47342 -0.07670 -2.63529 -6.81224 -0.97038 -1.02495 -9.08259 -1.17843 0.23916 -4.54735 0.63691 -7.65037 1.81873 -8.58372 15.93570 3.64750 -2.33057 6.24574 1.08749 0.00000 0.00000 0.00000 -74.33225 11.24988 -40.32073 22.80277 -8.89098 -42.16545 -0.00000 -46.94620 -0.00000 9.25105 11.60483 51.00299 -7.12502 -0.00000 0.00000 -9.15748 -6.74514 81.07720 0.00000 0.00000 0.00000 106.44064 29.06422 -31.63377 -34.75782 -29.88892 80.91590 0.00000 -16.69990 0.00000 -23.95205 -2.69972 6.05250 7.12502 -0.00000 -0.00000 2.21754 0.88034 -23.35814
0.45400 0.96119 -0.07439 6.00862 3.54645 1047.13414 -0.00000 0.00000 -0.00000 -4.04184 -23.36559 -4.02739 -2.16910 24.98827 9.76639 -0.32947 -0.54244 12.34462 -0.04583 -3.79470 -1.38332 -0.00000 0.00000 -0.00000 20.83773 -21.41525 14.29878 5.85371 38.34261 -16.73145 -0.50585 -23.80088 2.91596 0.04530 3.77276 -1.37529 0.13548 -2.07736 -6.30616 -1.19557 -0.46463 -8.40942 -1.51092 0.45702 -4.20806 -0.16142 -7.90526 0.51393 -7.06152 15.45152 1.72582 -1.95715 6.03840 0.24787 0.00000 0.00000 -0.00000 -76.65501 16.74002 -33.47462 25.32385 -11.37204 -47.80450 -0.00000 -51.49220 -0.00000 10.08710 13.26894 52.22193 -7.12502 -0.00000 0.00000 -7.58253 -5.91955 82.76638 0.00000 0.00000 -0.00000 100.70720 28.94620 -22.27452 -34.86727 -30.51723 81.96140 0.00000 -19.39410 0.00000 -28.27303 -1.69850 3.15436 7.12502 -0.00000 -0.00000 -1.60621 -0.54075 -26.39838
0.45209 0.96386 -0.08266 4.84517 4.93765 1051.77493 -0.00000 0.00000 -0.00000 -3.14770 -25.78361 -4.34242 -2.02376 24.20626 9.41722 -0.73792 2.01763 11.63509 -0.00373 -1.08343 -0.39439 -0.00000 0.00000 -0.00000 22.19243 -20.41831 13.37687 4.79882 35.36973 -14.97342 -1.81892 -23.50318 -0.77399 0.04597 3.80052 -1.38544 0.96879 -1.47465 -6.08602 -0.97775 -0.41957 -8.12967 -1.65978 0.10112 -4.06968 -1.30431 -7.15915 -1.48509 -5.37546 15.80760 -1.10595 -1.57909 5.93779 -1.05620 0.00000 0.00000 0.00000 -79.27021 24.15675 -23.55116 28.28894 -15.00114 -55.17002 -0.00000 -57.26050 -0.00000 10.61689 14.34443 52.88853 -7.12502 -0.00000 0.00000 -6.60824 -5.33120 83.73000 0.00000 0.00000 0.00000 93.13067 24.55427 -12.45813 -34.70535 -29.61118 80.45445 0.00000 -19.47510 0.00000 -31.21627 0.04428 -0.07308 7.12502 -0.00000 -0.00000 -4.33989 -1.16016 -30.06176
0.45022 0.96836 -0.09552 3.11916 5.84397 1056.46537 -0.00000 0.00000 -0.00000 -1.80601 -30.74059 0.10223 -2.82337 28.14683 11.22863 -0.33156 -0.34481 11.77882 -0.22387 8.35520 3.06424 -0.00000 0.00000 -0.00000 23.60915 -19.03333 11.55876 3.64714 31.49351 -12.88439 -2.55127 -22.31150 -3.47063 0.35310 10.46430 -3.85452 2.03937 -0.63301 -5.56134 -0.69884 0.03125 -7.42980 -1.90750 0.02798 -3.71573 -3.25722 -6.55676 -3.95120 -2.14843 15.94529 -4.71635 -0.67018 5.90363 -2.67063 -0.00000 0.00000 0.00000 -81.61199 28.10344 -15.48814 30.62595 -18.65962 -61.92846 -0.00000 -63.65220 -0.00000 11.34069 16.18438 54.26328 -7.12502 -0.00000 0.00000 -5.04983 -4.33820 85.56461 -0.00000 0.00000 0.00000 85.14487 18.15908 -4.05862 -34.15572 -27.23788 76.51953 0.00000 -18.83240 0.00000 -30.69361 2.01266 -3.38593 7.12502 -0.00000 -0.00000 -3.96906 -0.77949 -33.90671
0.45129 0.96930 -0.10740 2.13198 6.84275 1058.68282 -0.00000 0.00000 -0.00000 -2.72631 -38.27987 5.08089 -10.43378 47.52987 23.42946 0.95801 -7.46907 8.73244 -0.35204 10.44883 3.84868 -0.00000 0.00000 -0.00000 24.75666 -19.07818 10.89141 3.02575 29.02502 -11.65159 -2.88252 -21.05695 -5.26867 0.51133 12.55038 -4.64755 3.03398 -0.50349 -4.43117 -0.60896 0.00358 -5.92602 -2.34562 -0.08908 -2.96549 -3.61244 -5.42953 -6.05960 -0.67458 15.51514 -7.80408 -0.46048 5.62185 -4.07528 -0.00000 0.00000 0.00000 -82.77786 28.90971 -9.19609 32.20808 -21.79538 -67.39482 -0.00000 -70.57380 -0.00000 10.57310 16.26589 56.32001 -7.12502 -0.00000 0.00000 -5.15190 -4.73681 87.48677 -0.00000 0.00000 0.00000 78.07840 15.33616 -0.80469 -33.59710 -25.37275 73.42143 0.00000 -18.21650 0.00000 -31.67640 2.91444 -4.71055 7.12502 -0.00000 -0.00000 -4.98251 -0.83649 -35.49369
0.45204 0.97296 -0.11903 1.03772 8.14260 1060.90111 -0.00000 0.00000 -0.00000 -4.88825 -40.61645 9.19874 -23.68809 60.31996 39.68934 1.14690 -10.29846 5.93066 -0.81363 15.73124 5.88439 -0.00000 0.00000 -0.00000 26.05644 -19.13547 10.34778 2.38335 26.08299 -10.26337 -3.12500 -19.73373 -7.06929 0.66177 14.23255 -5.29701 3.64463 -0.81899 -4.00741 -0.03946 -0.12140 -5.37557 -2.11880 -0.00860 -2.68964 -3.47970 -5.19927 -7.32603 0.14819 15.29663 -9.65939 -0.41670 5.54026 -4.90965 0.00000 0.00000 0.00000 -81.76415 29.85216 -5.88066 33.07480 -23.89519 -70.95068 -0.00000 -74.88250 -0.00000 10.34116 16.53321 57.33114 -7.12502 -0.00000 0.00000 -4.99652 -4.75859 88.49726 0.00000 0.00000 0.00000 74.06812 16.33813 -0.26674 -33.27562 -24.43984 71.86379 0.00000 -17.99320 0.00000 -32.74986 3.71533 -5.75270 7.12502 -0.00000 -0.00000 -6.08961 -0.88280 -36.78236
0.45186 0.97780 -0.12892 0.40106 9.10791 1063.75360 -0.00000 0.00000 -0.00000 -9.35525 -35.23252 12.03212 -20.19538 57.99871 35.62270 0.88594 -11.66694 2.93340 -0.15566 6.97712 2.55293 -0.00000 0.00000 -0.00000 26.15228 -19.48334 8.54793 1.87142 23.34820 -9.03939 -3.22636 -18.67549 -8.36787 0.74955 15.11932 -5.64349 3.86524 -1.34493 -4.45423 0.21712 -0.61920 -5.98628 -1.97954 -0.26065 -3.00696 -4.27421 -4.90658 -7.54306 0.71330 15.90793 -9.98196 -0.16750 5.75049 -5.07543 0.00000 0.00000 0.00000 -81.45285 31.58661 -4.04104 33.54388 -25.21247 -73.15431 -0.00000 -75.21040 -0.00000 9.74035 15.38620 57.09813 -7.12502 -0.00000 0.00000 -5.94008 -5.55860 87.95237 0.00000 0.00000 0.00000 75.77076 20.71666 -1.37417 -33.24267 -24.34865 71.71112 0.00000 -15.89150 0.00000 -34.10151 4.08688 -6.00870 7.12502 -0.00000 -0.00000 -7.41462 -1.02454 -37.17659
0.45024 0.97891 -0.14321 -0.01600 10.06753 1066.44134 -0.00000 0.00000 -0.00000 -13.74142 -24.92653 13.16066 -6.30363 39.48136 17.44770 3.29498 -20.46983 7.09150 -0.01134 -1.88889 -0.68776 -0.00000 0.00000 -0.00000 25.79442 -23.26866 5.91597 2.16394 24.96104 -9.75415 -2.78818 -17.75069 -7.43889 0.77356 15.35178 -5.73483 3.71207 -1.56293 -5.04388 0.26286 -1.20422 -6.77048 -1.80241 -0.76448 -3.41591 -4.48989 -5.11190 -7.49017 1.17548 16.42652 -9.96339 -0.02512 5.97948 -5.04491 0.00000 0.00000 -0.00000 -81.86656 32.38149 -7.02983 33.19118 -24.20761 -71.47483 -0.00000 -73.85320 -0.00000 10.18932 15.43764 55.97206 -7.12502 -0.00000 0.00000 -5.83755 -5.26746 86.92224 0.00000 0.00000 -0.00000 82.41292 26.24361 -4.75233 -33.44162 -24.91130 72.65186 0.00000 -12.13180 0.00000 -37.42573 4.03255 -5.25035 7.12502 -0.00000 -0.00000 -10.54459 -1.59913 -36.47378
0.44496 0.97797 -0.16710 -0.04758 10.73216 1068.95138 -0.00000 0.00000 -0.00000 -17.08467 -18.72825 3.48021 -3.32262 30.24404 12.25192 4.31508 -25.28240 6.75762 -0.71542 -14.78160 -5.51119 -0.00000 0.00000 -0.00000 23.59578 -32.90159 2.57579 4.67994 35.00381 -14.76711 -1.13763 -14.19614 -2.70977 0.13333 6.46042 -2.36209 2.27661 -0.60710 -5.58731 0.39303 -1.42346 -7.44997 -0.73186 -1.35014 -3.74981 -4.69953 -5.43470 -7.31034 1.64035 16.13896 -9.73675 0.17543 5.97581 -4.90824 -0.00000 0.00000 -0.00000 -80.84353 32.17095 -15.10900 31.79310 -20.90106 -65.85832 -0.00000 -72.81720 -0.00000 10.23151 15.34865 55.70950 -7.12502 -0.00000 0.00000 -5.89876 -5.27283 86.65214 -0.00000 0.00000 -0.00000 89.78350 31.33840 -8.56463 -33.25060 -24.37054 71.74778 0.00000 -6.34066 0.00000 -41.35026 2.93692 -3.33189 7.12502 -0.00000 -0.00000 -14.09484 -2.72928 -34.26177
0.43232 0.97548 -0.19190 1.11226 11.06391 1068.36787 -0.00000 0.00000 -0.00000 -16.35165 -19.91088 5.42752 -2.73941 27.77019 11.04955 3.77752 -24.94292 5.49849 -1.07703 -18.00072 -6.79205 -0.00000 0.00000 -0.00000 21.68552 -40.61017 7.86457 9.95750 46.77065 -22.77984 0.19671 -8.81624 2.88931 0.33061 -10.13040 3.72871 0.71123 0.05776 -5.17200 -0.36026 -1.48382 -6.90264 -0.56697 -1.66774 -3.46312 -5.22622 -5.85591 -6.77891 1.99343 15.90728 -8.97018 0.45137 6.00701 -4.53493 0.00000 0.00000 -0.00000 -78.38392 29.00082 -24.34789 29.47618 -16.74738 -58.46007 -0.00000 -71.51720 -0.00000 10.33902 14.37749 53.69505 -7.12502 -0.00000 0.00000 -6.63688 -5.50168 84.48775 0.00000 0.00000 -0.00000 92.98930 37.13814 -13.47476 -32.45734 -22.36362 68.36358 0.00000 2.10586 -0.00000 -43.23429 -1.90907 2.02929 7.12502 -0.00000 -0.00000 -15.32924 -5.03630 -27.24220
0.41136 0.96709 -0.21108 2.00471 9.94287 1069.15417 -0.00000 0.00000 -0.00000 -16.42863 -21.40080 2.53759 -3.76589 31.93118 13.11030 3.65820 -26.74618 4.15221 -1.50595 -21.09937 -8.07330 -0.00000 0.00000 -0.00000 17.72932 -39.88689 15.09278 18.59827 56.75394 -33.72656 -1.87348 -13.33541 -7.34273 0.26715 9.11870 -3.34915 -0.29951 1.15346 -5.07803 -1.28728 -1.31678 -6.80926 -0.85281 -2.09418 -3.40700 -4.98808 -6.39744 -5.93443 1.31377 16.27697 -7.71551 0.31846 6.15689 -3.95756 -0.00000 0.00000 -0.00000 -78.23762 20.55492 -33.53243 26.02035 -12.14623 -49.44956 -0.00000 -66.51700 -0.00000 9.18166 12.14968 52.47607 -7.12502 -0.00000 0.00000 -8.67867 -6.75913 82.63452 -0.00000 0.00000 -0.00000 90.42909 41.01804 -16.14509 -30.27859 -18.05526 60.84542 0.00000 14.17290 -0.00000 -41.19909 -8.37573 9.44723 7.12502 -0.00000 -0.00000 -13.10632 -6.91747 -17.64750
0.38046 0.95877 -0.22249 1.31164 9.50726 1070.39180 -0.00000 0.00000 -0.00000 -13.87093 -22.30990 1.00032 -4.49020 34.40500 14.43386 3.82415 -27.28366 4.28085 -2.14976 -24.88612 -9.72051 -0.00000 0.00000 -0.00000 12.99724 -33.68252 19.82720 22.31033 59.46317 -38.09677 -1.00154 -6.77337 -12.17818 2.42946 26.31032 -10.36783 0.34426 0.71237 -4.91538 -1.30629 -1.21146 -6.57580 -1.29738 -1.81548 -3.30065 -4.47396 -6.94472 -4.51779 -0.61431 16.24182 -5.50561 -0.10819 6.13799 -2.99711 -0.00000 0.00000 0.00000 -78.13238 12.13187 -38.26267 23.03336 -9.09906 -42.66374 -0.00000 -60.92570 -0.00000 8.36931 10.42835 50.89610 -7.12502 -0.00000 0.00000 -10.35215 -7.50632 80.57007 -0.00000 0.00000 0.00000 83.06279 43.70760 -15.59265 -27.20042 -13.56193 52.34731 0.00000 26.29120 -0.00000 -39.87903 -15.15817 17.37828 7.12502 -0.00000 -0.00000 -11.92462 -9.32557 -7.50024
0.33384 0.95745 -0.22759 2.79834 10.69357 1073.08942 -0.00000 0.00000 -0.00000 -13.91568 -23.05367 -2.94614 -4.43601 34.23051 14.33775 3.80767 -26.30538 4.77715 -2.51780 -26.73816 -10.56564 -0.00000 0.00000 -0.00000 5.64855 -23.54607 21.05479 14.88656 53.27421 -29.19905 0.20437 0.30846 -7.71079 0.79546 15.56045 -5.81700 -2.32217 -1.69329 -4.69906 -1.66864 -2.12426 -6.27283 -0.36425 -1.17170 -3.12031 -2.77746 -6.96097 -2.68368 -3.25598 17.05451 -2.78448 -0.89231 6.30953 -1.79194 -0.00000 0.00000 -0.00000 -77.61316 6.91534 -36.74496 22.19957 -8.36296 -40.87625 -0.00000 -57.96020 -0.00000 6.43710 7.64493 49.69926 -7.12502 -0.00000 0.00000 -13.29845 -8.98028 78.44101 -0.00000 0.00000 -0.00000 79.67075 45.08335 -18.36465 -24.95019 -10.97378 46.93934 0.00000 35.34240 -0.00000 -41.96381 -19.38983 20.26339 7.12502 -0.00000 -0.00000 -13.41443 -12.45558 -2.87601
0.26944 0.96368 -0.23045 3.81668 12.76488 1077.16590 -0.00000 0.00000 -0.00000 -12.18198 -23.26122 -5.24648 -3.36595 30.41564 12.33773 3.00563 -22.26305 4.89519 -1.75919 -22.68821 -8.75236 -0.00000 0.00000 -0.00000 3.89718 -13.07751 18.41639 6.56686 40.11686 -17.85893 -0.59062 -9.80373 -2.21420 0.38420 -10.90819 4.02223 -6.75605 -4.64718 -4.09147 -2.04493 -2.71523 -5.18431 1.47296 0.18370 -2.54066 -0.42203 -7.18389 -0.54752 -5.74024 17.83568 0.29495 -1.68927 6.61574 -0.36451 0.00000 0.00000 0.00000 -76.38156 4.26137 -33.30368 22.85281 -8.93583 -42.27332 -0.00000 -57.74010 -0.00000 4.73152 5.37423 48.53261 -7.12502 -0.00000 0.00000 -15.88830 -10.03194 76.46656 0.00000 0.00000 0.00000 83.15784 44.64133 -23.86272 -24.13863 -10.14706 45.09798 0.00000 37.65400 -0.00000 -50.58795 -12.86782 10.37085 7.12502 -0.00000 -0.00000 -20.72333 -12.93644 -14.38609
0.20936 0.96821 -0.24016 2.94082 16.86915 1086.10984 -0.00000 0.00000 -0.00000 -13.92623 -30.00167 -10.39365 -3.42821 30.65959 12.46027 3.29288 -17.91123 9.39567 -0.02297 -2.68779 -0.97904 -0.00000 0.00000 -0.00000 5.25705 -16.09607 5.56587 4.58251 34.69865 -14.59662 -2.85612 -17.98466 -7.50972 0.60741 -13.65111 5.07142 -7.48295 -6.70170 -4.13128 -3.21271 -3.66745 -5.03961 0.57187 0.27019 -2.44699 1.92162 -6.82833 1.52222 -8.26976 17.57738 3.27120 -2.50385 6.61204 1.04231 -0.00000 0.00000 -0.00000 -74.59421 2.02280 -29.95379 24.05377 -10.06351 -44.90822 -0.00000 -59.36240 -0.00000 3.73023 4.03332 47.17171 -7.12502 -0.00000 0.00000 -17.56584 -10.38200 74.65165 -0.00000 0.00000 -0.00000 90.23204 42.79020 -28.08045 -23.90893 -9.92211 44.58548 0.00000 37.07370 -0.00000 -47.66434 -16.48681 14.49671 7.12502 -0.00000 -0.00000 -17.94964 -13.58273 -9.05944
0.16030 0.96637 -0.24239 0.56930 19.25154 1093.54249 -0.00000 0.00000 -0.00000 -17.10942 -42.29777 -1.79789 -6.45673 39.85359 17.68753 4.81131 -21.65134 11.25836 -0.00043 -0.36714 -0.13363 -0.00000 0.00000 -0.00000 9.31065 -16.68327 1.27786 3.53531 31.07205 -12.66903 -5.23552 -22.75780 -11.54464 0.57312 -13.26973 4.92409 -6.91180 -8.89774 -2.63473 -3.41715 -3.64247 -2.83764 0.03969 1.34064 -1.37571 2.98346 -6.82481 2.77474 -10.69019 17.38936 5.31135 -3.19092 6.72856 1.92390 0.00000 0.00000 -0.00000 -73.21110 1.22149 -26.69450 25.80335 -11.90043 -48.93227 -0.00000 -62.00270 -0.00000 3.09371 3.24498 46.32395 -7.12502 -0.00000 0.00000 -18.60330 -10.54315 73.52842 0.00000 0.00000 -0.00000 95.03748 41.63399 -30.57469 -24.36505 -10.37262 45.60680 0.00000 32.96840 -0.00000 -56.02175 -14.11751 9.33511 7.12502 -0.00000 -0.00000 -25.04695 -16.04524 -14.39705
0.12534 0.95943 -0.23563 -1.47634 17.94411 1099.49999 -0.00000 0.00000 -0.00000 -21.40485 -46.75145 5.84402 -11.85738 49.60882 25.32783 5.21137 -24.60083 9.78882 -0.14530 -6.74249 -2.46622 -0.00000 0.00000 -0.00000 13.31498 -15.36886 -2.61260 3.25011 29.95342 -12.10735 -6.98467 -25.53590 -13.97553 0.31249 -9.85273 3.62429 -6.52778 -9.21241 -0.65444 -2.39826 -2.85236 -0.18084 1.11359 2.20818 -0.08375 4.26845 -6.00462 3.80770 -13.89033 17.08800 7.18004 -4.21935 6.74997 2.72138 -0.00000 0.00000 0.00000 -72.54954 0.09246 -20.52659 27.91095 -14.48541 -54.17129 -0.00000 -64.50640 -0.00000 1.87294 2.03746 47.39309 -7.12502 -0.00000 0.00000 -19.92228 -11.60648 74.03480 -0.00000 0.00000 0.00000 94.20649 39.67213 -27.29588 -24.15755 -10.16576 45.14037 0.00000 25.06630 -0.00000 -43.43162 -18.17621 18.23722 7.12502 -0.00000 -0.00000 -14.55442 -12.51172 -5.15799
0.10370 0.95141 -0.22336 -3.68984 14.76618 1104.38282 -0.00000 0.00000 -0.00000 -24.15714 -41.61608 10.09977 -11.27078 48.78452 24.55291 4.08708 -25.41407 6.05056 -0.14882 -6.82317 -2.49603 -0.00000 0.00000 -0.00000 16.54118 -13.77346 -7.00073 3.56117 31.17032 -12.71905 -5.93711 -24.39919 -12.09074 0.34322 -10.31906 3.79976 -4.30969 -8.12832 1.73443 -1.31072 -2.35261 2.71244 1.29861 1.97288 1.35510 4.82054 -5.82458 4.17931 -14.84305 17.68064 7.95286 -4.52217 7.02120 3.06725 -0.00000 0.00000 -0.00000 -70.21902 -0.34290 -12.66580 29.07404 -16.13279 -57.31709 -0.00000 -65.38990 -0.00000 1.44556 1.53941 46.79138 -7.12502 -0.00000 0.00000 -20.61919 -11.66898 73.26025 -0.00000 0.00000 -0.00000 91.88706 31.54363 -20.34927 -23.33785 -9.37926 43.32656 0.00000 20.57460 -0.00000 -42.11730 -25.62710 25.56554 7.12502 -0.00000 -0.00000 -13.18754 -16.08988 4.78640
0.09012 0.94528 -0.20440 -2.42876 9.36065 1108.46178 -0.00000 0.00000 -0.00000 -27.32510 -25.72467 6.31038 -4.99915 35.97101 15.31696 9.07133 -31.74043 13.37386 -0.03995 3.54338 1.29144 -0.00000 0.00000 -0.00000 16.06949 -11.20390 -11.31695 5.63746 37.76984 -16.38065 -3.37197 -20.57724 -7.27496 0.41676 -11.35321 4.19091 -4.36649 -4.60690 4.15746 -0.63319 -0.85179 5.76988 2.12101 1.30855 2.86916 4.42651 -5.50233 3.46851 -13.98843 17.36362 6.86797 -4.33111 6.72756 2.63369 -0.00000 0.00000 0.00000 -67.34288 2.34172 -4.92951 29.26898 -16.42756 -57.86719 -0.00000 -63.18690 -0.00000 -0.92026 -0.95035 45.91787 -7.12502 -0.00000 0.00000 -23.87991 -12.66760 71.35082 -0.00000 0.00000 0.00000 89.73270 21.95554 -13.64725 -22.96406 -9.03615 42.51367 0.00000 16.49380 -0.00000 -40.77446 -15.29589 17.00862 7.12502 -0.00000 -0.00000 -12.61625 -9.80697 -7.72903
0.08293 0.95187 -0.18748 -0.14218 8.58722 1114.87953 -0.00000 0.00000 -0.00000 -29.15194 -20.11139 4.80213 -3.96315 32.63690 13.47960 6.92767 -30.37422 9.69221 -0.00000 0.01473 0.00536 -0.00000 0.00000 -0.00000 7.06780 -19.67270 -17.53109 14.82734 53.21070 -29.12513 -0.15810 -3.88798 -2.14408 0.39780 11.09631 -4.09347 -5.53759 -3.46530 5.44999 -1.76412 -0.05305 7.52503 1.65303 1.37217 3.72656 4.38322 -6.31182 2.77684 -12.81560 17.74432 5.76760 -4.07059 6.86612 2.16233 -0.00000 0.00000 0.00000 -65.33833 9.50899 4.37627 29.60470 -16.94925 -58.83228 -0.00000 -61.88190 -0.00000 -3.68164 -3.91495 46.69753 -7.12502 -0.00000 0.00000 -27.40272 -14.47030 70.73442 -0.00000 0.00000 0.00000 87.47647 14.37353 -6.02333 -22.92605 -9.00178 42.43146 0.00000 15.83750 -0.00000 -38.49281 -13.71637 16.60312 7.12502 -0.00000 -0.00000 -10.83425 -8.02357 -8.89533
0.07416 0.95769 -0.17496 -1.59305 9.03809 1126.01111 -0.00000 0.00000 -0.00000 -27.83067 -17.43456 5.35539 -2.68965 27.54337 10.94235 3.55911 -27.41582 3.55730 -0.19177 -7.73820 -2.83488 -0.00000 0.00000 -0.00000 -0.42485 -30.31511 -22.97073 32.02009 64.28398 -49.08951 -0.64967 -5.32868 -10.87796 0.73143 14.94107 -5.57361 -4.86302 -3.86793 5.05655 -1.87244 -0.07678 7.00722 1.19755 1.70039 3.46787 1.73122 -5.09141 2.09580 -9.36750 16.51093 4.43003 -2.70232 6.04286 1.68465 0.00000 0.00000 0.00000 -69.56103 19.88085 13.28485 29.82533 -17.30234 -59.47962 -0.00000 -56.80400 -0.00000 -3.70342 -3.97705 46.97767 -7.12502 -0.00000 0.00000 -27.39389 -14.61957 70.96867 0.00000 0.00000 0.00000 80.21228 14.79215 -2.37385 -24.34922 -10.35673 45.57111 0.00000 15.94330 -0.00000 -36.57490 -10.46446 13.75457 7.12502 -0.00000 -0.00000 -9.21014 -5.82738 -12.94628
0.06164 0.96751 -0.15953 -5.49462 7.84129 1136.07135 -0.00000 0.00000 -0.00000 -26.33394 -16.06510 -3.09966 -2.37538 26.04341 10.24523 3.33347 -25.81111 3.81146 -0.22246 -8.32908 -3.05452 -0.00000 0.00000 -0.00000 3.14165 -35.07046 -12.77962 28.03380 62.61359 -44.63416 -2.55227 -13.23747 -11.73487 1.38009 20.25022 -7.71683 -2.17400 -4.65938 4.98552 -1.45399 -0.00228 6.81143 0.24381 2.48064 3.37910 0.51164 -6.67148 0.24845 -8.45579 15.10536 1.77793 -2.50749 5.73093 0.38530 0.00000 0.00000 -0.00000 -77.61596 31.36232 17.93913 29.85262 -17.34659 -59.56044 -0.00000 -54.60690 -0.00000 -3.17976 -3.15481 44.73041 -7.12502 -0.00000 0.00000 -27.01262 -13.26417 69.23053 0.00000 0.00000 -0.00000 70.01187 12.96228 0.81707 -26.30126 -12.47086 50.12597 0.00000 14.18130 -0.00000 -35.01831 -8.68365 12.15980 7.12502 -0.00000 -0.00000 -7.85038 -4.53039 -15.19251
0.04931 0.97573 -0.13897 -8.54193 7.14931 1146.51290 -0.00000 0.00000 -0.00000 -23.75029 -16.33034 -4.84493 -1.67976 22.20559 8.54435 0.27786 -21.76353 -3.08307 -0.46857 -12.02496 -4.44660 -0.00000 0.00000 -0.00000 5.84738 -32.18240 0.92699 11.68366 49.36916 -25.09934 -4.30158 -19.13658 -12.17155 1.27496 19.50556 -7.40767 -0.68179 -5.44428 4.22108 -1.94554 0.00036 5.74648 -1.08813 3.14141 2.86890 0.14120 -6.26851 -0.47803 -6.91599 11.54705 0.30059 -2.10681 4.49612 -0.18828 0.00000 0.00000 -0.00000 -86.22556 39.23253 20.07116 30.18524 -17.89702 -60.55995 -0.00000 -54.60900 -0.00000 -1.22359 -1.13733 42.90135 -7.12502 -0.00000 0.00000 -24.78868 -11.54230 68.42526 0.00000 0.00000 -0.00000 59.77862 9.75236 3.84682 -28.39967 -15.15566 55.46667 0.00000 11.93460 -0.00000 -34.37875 -5.77363 8.36467 7.12502 -0.00000 -0.00000 -7.19731 -3.39257 -19.89172
0.04352 0.98003 -0.10882 -10.18623 6.85046 1156.13750 -0.00000 0.00000 -0.00000 -22.67118 -14.91896 -7.40088 -1.07378 17.97478 6.78154 -1.51549 -18.27757 -8.17711 -1.29404 -19.64328 -7.46461 -0.00000 0.00000 -0.00000 4.50556 -22.89883 11.94203 2.98584 28.85501 -11.56910 -5.37616 -21.72633 -13.11519 1.02314 17.56414 -6.61559 0.14709 -5.91463 3.40314 -3.51969 -0.65242 4.67842 -3.29577 2.92252 2.37407 -0.01160 -5.98060 -1.23008 -4.47280 10.48513 -1.06406 -1.60897 4.52970 -0.70936 0.00000 0.00000 -0.00000 -91.03604 47.23199 19.37264 29.81690 -17.28868 -59.45467 -0.00000 -55.00980 -0.00000 1.02118 0.95987 43.22285 -7.12502 -0.00000 0.00000 -21.91566 -10.64092 69.65402 0.00000 0.00000 -0.00000 52.31316 6.50523 5.97220 -29.42849 -16.67315 58.32284 0.00000 12.62710 -0.00000 -32.34055 -2.39479 3.77568 7.12502 -0.00000 -0.00000 -5.32924 -1.89064 -25.52240
0.03902 0.97986 -0.06597 -11.02290 6.63238 1161.95179 -0.00000 0.00000 -0.00000 -20.81577 -11.54290 -11.83005 -0.59845 13.55254 5.03329 -1.18254 -16.23928 -7.19474 -1.80727 -22.97403 -8.87629 -0.00000 0.00000 -0.00000 6.28483 -18.56845 17.25653 1.72861 22.50402 -8.67279 -4.62044 -19.54058 -12.94680 1.68689 22.24945 -8.56319 -1.26874 -6.81574 2.99921 -4.64367 -0.97199 4.33449 -3.67791 3.06195 2.21133 -0.40292 -5.69527 -1.49705 -2.50649 9.41963 -1.65584 -0.90176 4.08027 -0.92126 0.00000 0.00000 0.00000 -91.18683 52.29422 12.84567 28.56863 -15.39455 -55.92307 -0.00000 -56.83130 -0.00000 2.88395 2.85977 44.72270 -7.12502 -0.00000 0.00000 -19.25519 -10.19286 71.86651 0.00000 0.00000 0.00000 48.64149 3.19326 10.93353 -29.45305 -16.71134 58.39346 0.00000 15.72720 -0.00000 -27.56102 -0.64141 1.22872 7.12502 -0.00000 -0.00000 -0.92916 -0.27360 -28.59372
0.03647 0.97963 -0.02172 -9.92409 4.36416 1164.59997 -0.00000 0.00000 -0.00000 -16.38823 -11.63549 -13.32723 -1.00168 17.38668 6.54413 -1.02482 -17.75803 -6.62148 -2.46578 -26.48741 -10.44951 -0.00000 0.00000 -0.00000 10.80806 -17.44376 15.29384 1.97540 23.93830 -9.29865 -5.25142 -20.66959 -13.94189 0.08263 5.09133 -1.85831 0.41582 -5.16439 3.11666 -5.75684 -1.47964 4.37684 -5.93413 1.83725 2.26006 0.20444 -4.83975 -1.40274 -0.84399 8.77460 -1.76971 -0.44742 3.68727 -0.88232 -0.00000 0.00000 0.00000 -87.16213 52.12937 2.67553 26.22044 -12.37671 -49.93058 -0.00000 -64.48570 -0.00000 3.07043 3.20513 46.18728 -7.12502 -0.00000 0.00000 -18.66650 -10.51895 73.38645 -0.00000 0.00000 0.00000 51.55325 3.38777 15.82929 -29.32096 -16.50714 58.01510 0.00000 17.36910 -0.00000 -24.17874 0.78792 -1.75434 7.12502 -0.00000 -0.00000 2.23340 0.51997 -31.90064
0.03510 0.97414 0.01896 -7.67887 -0.35012 1167.09702 -0.00000 0.00000 -0.00000 -11.35669 -17.98183 -11.58253 -3.81869 32.12260 13.20985 -0.75572 -19.46121 -5.83032 -0.21405 -8.17165 -2.99593 -0.00000 0.00000 -0.00000 17.18345 -17.02395 9.73791 2.40867 26.20817 -10.32084 -4.89452 -22.02228 -11.16369 0.02778 -2.95543 1.07671 3.51509 -3.53656 2.52882 -4.92475 -1.09577 3.39021 -6.95547 1.34961 1.74885 0.04140 -4.37745 -0.81075 0.20911 8.05343 -1.06334 -0.01293 3.35817 -0.49866 -0.00000 0.00000 0.00000 -85.81222 41.56088 -8.40507 22.98939 -9.05911 -42.56849 -0.00000 -63.49780 -0.00000 3.62745 3.68125 45.36379 -7.12502 -0.00000 0.00000 -18.16204 -9.96165 72.80387 -0.00000 0.00000 0.00000 57.79764 6.75208 21.23274 -29.30683 -16.48547 57.97485 0.00000 18.59360 -0.00000 -21.45900 1.55328 -3.94479 7.12502 -0.00000 -0.00000 4.79284 0.91635 -34.20125
0.03585 0.96707 0.05566 -5.32294 -4.26069 1169.38336 -0.00000 0.00000 -0.00000 -8.70779 -27.90320 -9.57129 -11.66519 49.34346 25.07500 1.25888 -14.42149 3.16173 -0.09172 -5.36321 -1.95815 -0.00000 0.00000 -0.00000 22.86726 -16.38529 5.89855 2.87947 28.39435 -11.34706 -4.90288 -23.13201 -10.13858 0.10782 -5.81273 2.12343 4.84384 -2.66787 1.67181 -3.25290 -0.30878 2.15431 -6.00799 1.48106 1.12816 0.15171 -3.88306 0.04206 0.18395 6.85946 0.06439 0.03607 2.85489 0.05546 -0.00000 0.00000 0.00000 -84.08100 31.87638 -17.27886 21.56189 -7.82934 -39.53423 -0.00000 -59.46100 -0.00000 6.13783 6.51108 46.51894 -7.12502 -0.00000 0.00000 -14.66872 -8.69876 75.01824 -0.00000 0.00000 0.00000 65.31941 12.74037 24.88962 -29.36197 -16.57024 58.13220 0.00000 14.22730 -0.00000 -20.30778 3.01064 -8.07772 7.12502 -0.00000 -0.00000 5.80037 0.65801 -38.54994
0.03922 0.95927 0.08847 -2.63161 -6.76495 1169.97272 -0.00000 0.00000 -0.00000 -6.53079 -36.45716 -6.68826 -22.25995 59.43047 38.03827 1.45914 -10.72146 7.83438 -0.60763 13.65345 5.07232 -0.00000 0.00000 -0.00000 26.64888 -14.95118 1.44452 2.95791 28.73514 -11.51112 -4.51870 -23.98485 -8.26686 0.04221 -3.64207 1.32751 4.71980 -1.54863 1.25046 -1.57866 0.91120 1.58859 -4.20940 1.98051 0.86812 0.61216 -3.97778 0.90714 -0.37991 5.28367 1.20898 -0.16481 2.35079 0.60844 -0.00000 0.00000 -0.00000 -74.15234 29.45673 -24.14618 22.90063 -8.97886 -42.37655 -0.00000 -56.90180 -0.00000 9.13336 10.10675 47.50516 -7.12502 -0.00000 0.00000 -10.56251 -6.76810 77.29365 -0.00000 0.00000 -0.00000 71.14937 21.65042 25.86446 -29.39792 -16.62577 58.23512 0.00000 9.14749 -0.00000 -20.04003 4.13811 -11.19034 7.12502 -0.00000 -0.00000 5.90057 0.32731 -41.83627
0.04471 0.95362 0.11621 -1.37665 -8.28754 1167.83800 -0.00000 0.00000 -0.00000 -1.71798 -42.29936 1.79772 -21.39219 58.85108 37.02742 0.62468 -9.12473 2.94895 -0.41483 11.32734 4.18109 -0.00000 0.00000 -0.00000 29.98932 -13.66895 -0.07728 2.96427 28.76249 -11.52433 -3.94058 -23.67515 -6.79200 0.06726 -4.59498 1.67627 2.84599 -0.36884 1.70604 0.35143 1.02234 2.24888 -1.17622 1.34862 1.15426 1.61378 -3.94684 1.61468 -1.58746 4.67942 2.15247 -0.67677 2.18061 1.06192 0.00000 0.00000 0.00000 -62.69500 26.60141 -26.49585 24.78472 -10.80104 -46.55984 -0.00000 -59.66350 -0.00000 9.42116 10.89153 48.71173 -7.12502 -0.00000 0.00000 -9.77835 -6.59873 78.69493 0.00000 0.00000 0.00000 74.08596 32.59326 25.56281 -28.86395 -15.82147 56.73216 0.00000 5.11645 -0.00000 -22.33678 5.26387 -12.58674 7.12502 -0.00000 -0.00000 3.52153 0.08741 -43.57999
0.05347 0.95011 0.13708 -2.07951 -8.75025 1166.87030 -0.00000 0.00000 -0.00000 0.40569 -45.73477 8.08030 -13.31847 51.48965 27.21969 0.48455 -6.27072 4.42479 -0.61510 13.73497 5.10388 -0.00000 0.00000 -0.00000 31.44857 -14.58010 -1.46813 3.09588 29.32010 -11.79546 -3.33244 -24.08411 -4.76868 0.06142 -4.39156 1.60174 -0.21780 -0.79750 2.02520 2.30377 0.42523 2.70604 2.53863 0.75925 1.35531 1.86020 -4.27825 1.76360 -2.50972 4.66343 2.38190 -0.99967 2.26006 1.15401 -0.00000 0.00000 0.00000 -56.06583 19.62175 -28.32871 25.14034 -11.17501 -47.37818 -0.00000 -62.43970 -0.00000 10.40054 12.68889 50.11806 -7.12502 -0.00000 0.00000 -8.00158 -5.78066 80.62236 -0.00000 0.00000 0.00000 77.43885 40.60694 24.75656 -28.03300 -14.65000 54.49150 0.00000 1.66079 -0.00000 -27.41999 6.50256 -12.31394 7.12502 -0.00000 -0.00000 -1.50368 -0.02949 -43.87679
0.06587 0.94805 0.14660 -2.48148 -8.91698 1167.28827 -0.00000 0.00000 -0.00000 -2.35990 -44.48479 6.17366 -9.19180 45.47325 21.71766 0.05598 -1.61700 6.00342 -1.77859 22.80411 8.80254 -0.00000 0.00000 -0.00000 32.03123 -15.28681 -1.86996 3.51720 31.00292 -12.63390 -3.48329 -25.27242 -4.50304 0.09072 -5.33392 1.94739 -1.12767 -0.86524 2.40427 3.34990 -0.21772 3.25097 4.10592 0.00231 1.64932 1.68376 -4.31481 1.22693 -3.09856 4.36328 1.70285 -1.19143 2.16026 0.79863 0.00000 0.00000 0.00000 -52.14203 13.45477 -33.95986 23.24802 -9.29594 -43.13043 -0.00000 -55.60640 -0.00000 9.91303 12.31084 50.66016 -7.12502 -0.00000 0.00000 -8.42521 -6.17719 80.99757 0.00000 0.00000 0.00000 84.11578 41.57706 22.34576 -27.07272 -13.40191 52.02625 0.00000 -2.02799 0.00000 -32.39323 6.86266 -10.66587 7.12502 -0.00000 -0.00000 -6.24195 -0.26662 -42.56384
0.08097 0.94520 0.14262 -1.81444 -6.56066 1167.82914 -0.00000 0.00000 -0.00000 -10.13267 -37.25019 -1.98039 -6.85372 40.78549 18.30105 0.99040 -8.35472 7.25579 -0.04282 3.66818 1.33706 -0.00000 0.00000 -0.00000 27.09474 -19.34935 -4.78506 6.08478 38.93607 -17.10151 -2.79298 -25.55424 -2.52176 0.11231 -5.93207 2.16736 -1.94615 -0.65436 2.52416 3.02261 -0.50408 3.41156 4.19943 -0.44965 1.73752 1.33944 -4.22033 1.02200 -3.46679 4.84860 1.49200 -1.26020 2.29888 0.67854 -0.00000 0.00000 -0.00000 -51.89908 10.65276 -39.49077 20.12552 -6.71376 -36.58113 -0.00000 -49.23300 -0.00000 8.65145 11.55533 52.78047 -7.12502 -0.00000 0.00000 -9.26473 -7.24818 82.71993 -0.00000 0.00000 -0.00000 88.35904 39.52343 21.72453 -26.59911 -12.82328 50.85196 0.00000 -5.15170 0.00000 -34.94361 6.08582 -8.62752 7.12502 -0.00000 -0.00000 -8.50617 -0.68896 -40.40344
0.09289 0.94272 0.13363 -1.92602 -3.02078 1168.63404 -0.00000 0.00000 -0.00000 -15.35849 -33.17884 -1.83228 -4.77261 35.28965 14.92809 1.21502 -10.81110 5.86056 -0.00282 0.94277 0.34317 -0.00000 0.00000 -0.00000 19.49479 -28.06508 -6.83474 13.92638 52.20779 -27.99271 -1.34796 -17.82571 -1.70294 0.00343 -1.03894 0.37819 -3.17137 -0.44469 2.14106 1.97316 -1.22481 2.88229 3.76055 -1.26606 1.49462 2.05273 -3.83241 1.28565 -4.64778 4.95684 1.88357 -1.75175 2.30570 0.86198 -0.00000 0.00000 -0.00000 -60.02715 8.40559 -41.47990 17.56191 -4.99035 -31.50832 -0.00000 -43.57630 -0.00000 8.66477 11.37818 52.31568 -7.12502 -0.00000 0.00000 -9.42787 -7.24745 82.22558 -0.00000 0.00000 -0.00000 84.97594 39.64254 23.73110 -27.02291 -13.33997 51.90154 0.00000 -3.00853 0.00000 -36.27031 6.80344 -9.17093 7.12502 -0.00000 -0.00000 -9.87576 -0.66148 -41.20605
0.09555 0.94015 0.12398 -1.70566 -0.82845 1171.98296 -0.00000 0.00000 -0.00000 -19.40576 -32.24005 -1.30300 -4.14849 33.27730 13.82029 0.52476 -9.55056 1.89502 -0.00170 -0.73094 -0.26605 -0.00000 0.00000 -0.00000 12.16311 -37.45728 -10.16559 28.45604 62.80804 -45.10928 -1.27605 -9.77757 -7.71789 0.91644 16.65987 -6.25298 -2.41109 0.98971 1.39421 0.62816 -1.47095 1.82983 1.91600 -2.15825 0.96017 1.84433 -3.73725 0.99509 -3.97547 4.30687 1.44069 -1.51544 2.04594 0.65746 -0.00000 0.00000 -0.00000 -73.23949 7.92655 -41.50016 17.01160 -4.66115 -30.44679 -0.00000 -39.06640 -0.00000 10.09563 12.26570 50.03395 -7.12502 -0.00000 0.00000 -8.42718 -6.04372 80.40032 -0.00000 0.00000 -0.00000 76.95178 36.55366 27.39778 -28.02535 -14.63963 54.47136 0.00000 -3.01156 0.00000 -34.91683 8.34856 -11.75008 7.12502 -0.00000 -0.00000 -8.89406 -0.12796 -44.18235
0.09436 0.94018 0.12108 -1.73394 -0.12396 1175.60063 -0.00000 0.00000 -0.00000 -22.05892 -31.35012 -2.97513 -3.77678 31.97081 13.13087 0.04535 -8.01254 -1.06638 -0.09423 5.43578 1.98482 -0.00000 0.00000 -0.00000 11.68696 -39.83932 -8.69344 37.87385 66.18033 -55.53422 -1.99878 -11.74573 -10.39840 0.92703 16.75216 -6.28981 -1.55549 1.17185 0.90419 -0.02776 -1.35815 1.17726 0.79090 -2.07906 0.61327 1.03836 -3.84702 0.30711 -3.33066 4.81047 0.54971 -1.20884 2.19095 0.21207 0.00000 0.00000 0.00000 -81.04177 15.58511 -35.89110 19.82313 -6.49330 -35.97054 -0.00000 -44.13400 -0.00000 10.53879 12.99311 50.39385 -7.12502 -0.00000 0.00000 -7.71669 -5.64563 80.97994 0.00000 0.00000 0.00000 67.49900 28.85464 31.88176 -28.04387 -14.66474 54.52011 0.00000 -2.19604 0.00000 -34.71015 9.93699 -13.98885 7.12502 -0.00000 -0.00000 -9.03962 0.29666 -46.86405
0.09274 0.94489 0.12636 -1.69750 0.34922 1179.00529 -0.00000 0.00000 -0.00000 -24.09149 -28.78500 -5.29374 -2.95977 28.74315 11.51499 -0.04929 -6.11852 -1.56537 -0.00039 0.34834 0.12679 -0.00000 0.00000 -0.00000 16.02741 -33.49250 -2.37591 28.04155 62.61720 -44.64289 -0.97185 -7.34748 -9.27611 1.50719 21.10756 -8.07676 -1.57080 0.77794 0.72207 -0.75456 -0.97501 0.93739 0.07886 -1.44644 0.48390 0.41668 -4.12439 -0.54946 -1.91615 5.34551 -0.63019 -0.71192 2.38801 -0.35444 0.00000 0.00000 -0.00000 -81.99390 28.86567 -27.55464 24.23734 -10.24492 -45.31935 -0.00000 -49.63450 -0.00000 11.87172 15.04645 51.00053 -7.12502 -0.00000 0.00000 -5.75049 -4.38539 82.20964 0.00000 0.00000 -0.00000 58.93527 19.81725 36.04566 -27.26300 -13.64099 52.50536 0.00000 -2.31833 0.00000 -33.69832 11.77495 -17.01446 7.12502 -0.00000 -0.00000 -8.55669 0.80534 -50.33675
0.08527 0.95256 0.13701 -3.15093 -0.16344 1183.30801 -0.00000 0.00000 -0.00000 -23.81862 -30.07262 -4.15540 -2.34734 25.90349 10.18120 -0.20933 -2.29546 -4.63064 -0.01538 -2.19964 -0.80102 -0.00000 0.00000 -0.00000 20.27726 -23.45263 -0.88612 12.15870 50.01602 -25.72226 -4.84389 -21.06420 -11.99424 0.00002 -0.08755 0.03186 -1.58493 -0.27598 0.63701 -1.19321 -1.17181 0.84994 -0.34734 -1.04939 0.44048 -0.60142 -4.08916 -1.99601 -0.31703 5.57226 -2.59379 -0.13283 2.46092 -1.30621 0.00000 0.00000 -0.00000 -81.23425 40.68902 -18.37017 29.15639 -16.25659 -57.54857 -0.00000 -52.65770 -0.00000 13.56531 18.37143 52.56394 -7.12502 -0.00000 0.00000 -2.87529 -2.38600 84.65511 0.00000 0.00000 -0.00000 52.94224 10.30602 37.54252 -26.88384 -13.16839 51.55489 0.00000 -4.47406 0.00000 -30.63235 12.08732 -19.47481 7.12502 -0.00000 -0.00000 -5.88511 0.79356 -52.65261
0.07230 0.96264 0.14576 -5.40972 -1.83586 1184.91196 -0.00000 0.00000 -0.00000 -22.26747 -33.87558 -5.52434 -2.48841 26.59690 10.50015 -0.27183 -3.26196 -4.74434 -0.99793 -17.35550 -6.53159 -0.00000 0.00000 -0.00000 23.91785 -17.47638 0.22458 4.78211 35.31871 -14.94453 -8.68702 -28.38668 -15.55332 0.06548 4.53404 -1.65394 -0.04651 -1.74685 2.08197 -1.41156 -1.50936 2.79654 -1.40997 -0.49951 1.40253 -1.54643 -3.72312 -4.05693 1.26496 4.61600 -5.38755 0.41680 2.14901 -2.67494 0.00000 0.00000 0.00000 -77.22338 48.50487 -9.18651 33.37317 -24.71442 -72.32300 -0.00000 -50.93770 -0.00000 13.75777 20.05797 54.47747 -7.12502 -0.00000 0.00000 -1.72866 -1.54983 86.86562 0.00000 0.00000 0.00000 48.39620 0.69155 37.35499 -26.72112 -12.97017 51.15209 0.00000 -4.30390 0.00000 -27.60722 11.84616 -21.43263 7.12502 -0.00000 -0.00000 -3.13741 0.51400 -54.29482
0.05808 0.96928 0.15072 -7.11321 -3.71777 1185.51956 -0.00000 0.00000 -0.00000 -21.28803 -37.23701 -11.37405 -5.43455 37.21618 16.04728 -0.38141 -9.77955 -4.02712 -0.66042 -14.21842 -5.29152 -0.00000 0.00000 -0.00000 25.38795 -15.87214 0.39755 2.67475 27.47491 -10.91009 -7.79259 -27.21426 -14.45933 0.01172 1.92082 -0.69940 1.82155 -2.93356 3.79598 -1.33414 -1.76131 5.04855 -2.27860 0.10280 2.52190 -1.77942 -3.78340 -6.03599 2.46471 4.62125 -8.08066 0.70417 2.25230 -3.98706 0.00000 0.00000 0.00000 -67.01275 47.71488 -4.45907 35.20482 -33.45167 -86.89209 -0.00000 -51.12090 -0.00000 12.36169 20.00358 57.35307 -7.12502 -0.00000 0.00000 -2.19433 -2.15475 89.45773 0.00000 0.00000 0.00000 45.26257 -7.00178 36.34970 -27.05456 -13.37930 51.98075 0.00000 -2.88815 0.00000 -26.07490 11.29858 -21.81968 7.12502 -0.00000 -0.00000 -1.61448 0.26774 -54.41363
0.04799 0.97358 0.15278 -7.01196 -4.79369 1187.02838 -0.00000 0.00000 -0.00000 -20.90062 -35.05507 -17.22271 -10.64588 47.85707 23.71626 0.39227 -12.50865 -0.23866 -0.00009 -0.16855 -0.06135 -0.00000 0.00000 -0.00000 26.51595 -14.16821 0.52602 1.87437 23.36518 -9.04682 -7.63494 -26.15724 -15.13103 0.07820 4.95351 -1.80774 2.00811 -3.51932 4.66682 -0.35242 -1.18872 6.17317 -1.22522 0.97499 3.09297 -2.80442 -3.99851 -7.75646 3.40196 4.50963 -10.36524 1.05309 2.40429 -5.11579 0.00000 0.00000 -0.00000 -51.00610 35.96568 -7.93846 35.09418 -38.23565 -95.25656 -0.00000 -59.35660 -0.00000 9.21352 18.29681 62.67543 -7.12502 -0.00000 0.00000 4.49362 3.88815 265.78839 0.00000 0.00000 -0.00000 44.57828 -12.94118 35.68544 -28.77850 -15.69669 56.49651 0.00000 -1.91153 0.00000 -26.22688 11.18465 -21.49133 7.12502 -0.00000 -0.00000 -1.70807 0.27286 -54.07333
0.04589 0.97543 0.14787 -6.91548 -5.26680 1188.84254 -0.00000 0.00000 -0.00000 -19.61012 -29.08200 -18.73974 -12.09412 49.92964 25.63792 1.28416 -15.61139 2.57617 -0.25085 8.83913 3.24468 -0.00000 0.00000 -0.00000 25.90269 -12.32000 -1.59708 1.24354 19.27612 -7.31303 -6.90109 -25.08097 -14.21431 0.16551 7.19309 -2.63284 1.80507 -5.10678 4.42962 0.77847 -0.98704 5.81838 0.20501 1.90513 2.92318 -3.09550 -4.30000 -8.33202 3.08495 5.22093 -11.10455 0.90761 2.70200 -5.48866 0.00000 0.00000 0.00000 -35.22157 19.52437 -12.41153 35.19643 -37.15673 -93.31990 -0.00000 -70.62240 -0.00000 4.92398 13.45686 69.68514 -7.12502 -0.00000 0.00000 9.72268 6.76581 259.51190 0.00000 0.00000 0.00000 44.59637 -15.12228 35.97313 -31.36035 -20.02760 64.34162 0.00000 -1.86977 0.00000 -25.05673 9.95102 -20.28574 7.12502 -0.00000 -0.00000 -0.26456 0.03474 -52.48182
0.04602 0.97539 0.13886 -6.99911 -5.42051 1190.29514 -0.00000 0.00000 -0.00000 -17.18643 -21.77298 -15.27548 -7.43060 42.06080 19.17292 2.25009 -18.86590 4.48708 -0.00658 -1.43957 -0.52408 -0.00000 0.00000 -0.00000 25.22333 -11.12349 -2.55173 0.95414 16.98583 -6.38325 -7.29423 -25.17525 -15.24677 0.10428 5.71707 -2.08824 1.64122 -6.24236 3.51084 1.71082 -1.34256 4.58755 1.22468 2.07292 2.31778 -3.12562 -4.14409 -7.95802 2.37942 5.29175 -10.56173 0.72472 2.64257 -5.24171 -0.00000 0.00000 -0.00000 -21.68997 7.08809 -14.51237 35.15135 -32.75813 -85.71751 -0.00000 -79.13590 -0.00000 2.70811 9.74429 74.38592 -7.12502 -0.00000 0.00000 13.69993 8.10358 255.03894 -0.00000 0.00000 -0.00000 41.15589 -13.35922 36.18083 -33.64531 -25.52011 73.66685 0.00000 -2.81980 0.00000 -21.89593 8.07047 -19.25458 7.12502 -0.00000 -0.00000 3.16907 -0.32029 -50.76534
0.04450 0.97373 0.12594 -6.65791 -2.95573 1190.78106 -0.00000 0.00000 -0.00000 -17.90710 -14.64325 -7.80845 -3.11903 29.41649 11.84265 3.30181 -23.51386 5.02107 -0.56261 -13.15036 -4.87808 -0.00000 0.00000 -0.00000 21.39254 -13.53503 -2.63898 1.90013 23.51309 -9.11158 -8.50399 -27.21003 -16.32267 0.03175 3.15972 -1.15129 0.94271 -5.06881 2.59817 1.00440 -1.88882 3.45411 0.68488 0.88198 1.74746 -2.59792 -3.88058 -7.26208 2.51948 5.92281 -9.68549 0.71296 2.76747 -4.78503 0.00000 0.00000 0.00000 -9.86668 -0.26256 -17.14107 34.11936 -27.10409 -76.29772 -0.00000 -79.80080 -0.00000 1.78716 7.79517 77.04463 -7.12502 -0.00000 0.00000 15.83809 8.47672 252.45677 0.00000 0.00000 0.00000 35.08194 -9.04717 37.50995 -34.93968 -30.98041 82.73385 0.00000 -6.74981 0.00000 -17.59365 5.89330 -17.94202 7.12502 -0.00000 -0.00000 7.74789 -0.49845 -48.65855
0.03697 0.97135 0.11382 -7.22061 0.37102 1191.54996 -0.00000 0.00000 -0.00000 -21.51637 -12.89276 -5.32388 -2.27757 25.55064 10.02047 1.91506 -23.21653 1.16347 -0.83436 -15.92350 -5.96040 -0.00000 0.00000 -0.00000 14.28167 -21.78900 -4.41111 5.55770 37.55411 -16.25010 -7.13468 -26.42663 -13.49379 0.03226 -3.18473 1.16042 -0.79637 -4.92877 1.72940 0.06415 -1.66617 2.37824 0.63825 1.01073 1.20463 -2.37236 -3.76226 -6.79332 2.28079 5.65054 -9.05618 0.65301 2.62036 -4.47823 -0.00000 0.00000 0.00000 -1.41975 -6.16401 -23.84652 31.69072 -20.68934 -65.49222 -0.00000 -75.00040 -0.00000 1.45787 7.12692 78.40771 -7.12502 -0.00000 0.00000 16.64617 8.43566 251.13471 -0.00000 0.00000 0.00000 26.85889 -7.96687 42.99960 -35.25399 -34.51134 88.70151 0.00000 -12.13530 0.00000 -13.68415 3.89462 -15.58702 7.12502 -0.00000 -0.00000 11.91865 -0.14358 -45.68021
0.02562 0.96909 0.10592 -7.03176 0.80122 1191.45075 -0.00000 0.00000 -0.00000 -21.76105 -15.53787 -3.08026 -2.80118 28.04801 11.18151 1.24962 -24.22178 -1.04431 -1.18819 -18.86361 -7.14360 -0.00000 0.00000 -0.00000 8.60866 -33.99976 -7.39858 15.12424 53.52625 -29.49510 -2.68275 -14.67047 -10.31474 0.13208 6.43035 -2.35099 1.10474 -4.34156 1.92452 -0.65063 -1.69124 2.56062 -1.17138 0.77002 1.29015 -2.32182 -3.83719 -6.81650 2.74760 6.10480 -9.12373 0.76558 2.80922 -4.48922 0.00000 0.00000 -0.00000 2.64713 -11.85063 -35.14613 28.21825 -14.90333 -54.98163 -0.00000 -65.65570 -0.00000 1.32355 6.39728 78.28513 -7.12502 -0.00000 0.00000 17.26302 8.81165 251.24082 0.00000 0.00000 -0.00000 18.67512 -10.06355 50.23384 -35.26421 -35.36178 90.16879 0.00000 -20.52400 0.00000 -9.02593 1.91511 -11.88073 7.12502 -0.00000 -0.00000 16.69722 1.05545 -41.48599
0.02107 0.96412 0.10432 -6.38356 1.12357 1191.52308 -0.00000 0.00000 -0.00000 -22.87028 -14.23709 -4.83193 -2.78626 27.98127 11.14974 2.18399 -24.32545 1.44481 -1.43346 -20.61564 -7.86971 -0.00000 0.00000 -0.00000 3.57827 -40.94988 -9.82679 23.34496 60.11314 -39.29399 -2.33566 -12.03625 -12.46934 0.92313 16.71825 -6.27627 1.39125 -4.07463 1.95895 -0.92420 -1.35501 2.59313 -1.60651 0.99173 1.30594 -1.79192 -4.36690 -6.94273 2.90619 6.24319 -9.33602 0.68381 2.93412 -4.56976 -0.00000 0.00000 -0.00000 5.62608 -15.82913 -45.53668 25.14155 -11.17630 -47.38097 -0.00000 -54.53860 -0.00000 2.01399 8.31100 76.32666 -7.12502 -0.00000 0.00000 15.26931 8.40139 253.15586 -0.00000 0.00000 -0.00000 7.64388 -12.49439 57.27559 -35.13929 -32.62602 85.49453 0.00000 -19.69330 0.00000 -8.95182 1.18689 -7.49124 7.12502 -0.00000 -0.00000 16.75744 2.35937 -37.21485
0.02291 0.96365 0.10996 -5.73304 -0.24642 1191.57866 -0.00000 0.00000 -0.00000 -20.45779 -16.10821 -3.95745 -3.45042 30.74583 12.50376 2.14547 -26.02580 0.64874 -1.24392 -19.27891 -7.31419 -0.00000 0.00000 -0.00000 2.74347 -42.16837 -6.99245 19.85345 57.74302 -35.21893 -2.51289 -11.52907 -15.30122 1.69458 22.29665 -8.58348 2.57990 -3.91662 2.38357 -0.82532 -1.23180 3.10901 -2.14558 1.10523 1.56461 -1.81703 -4.98994 -7.46270 3.14853 5.10150 -10.02041 0.74892 2.69140 -4.91336 0.00000 0.00000 0.00000 6.88035 -19.12749 -54.90343 22.89196 -8.97104 -42.35781 -0.00000 -44.05670 -0.00000 2.82285 9.27981 72.99775 -7.12502 -0.00000 0.00000 13.84310 8.64574 256.38448 0.00000 0.00000 0.00000 -3.22615 -15.08192 61.78054 -34.20853 -27.43611 76.84810 0.00000 -10.89490 0.00000 -6.43442 0.08955 -0.79401 7.12502 -0.00000 -0.00000 18.78744 4.98360 -30.67487
0.02997 0.96798 0.11817 -6.73975 -0.92455 1192.06360 -0.00000 0.00000 -0.00000 -20.04456 -15.66703 -5.15307 -3.01011 28.95857 11.61931 2.41364 -25.11417 1.72122 -1.13914 -18.48881 -6.99044 -0.00000 0.00000 -0.00000 0.20080 -39.89314 -2.90689 11.60007 49.25252 -24.98910 -1.98265 -9.58286 -16.28886 2.14335 24.85213 -9.70526 2.56876 -4.55423 2.62730 -0.97854 -1.65078 3.43533 -2.26901 1.05542 1.72773 -2.09001 -5.97051 -7.64816 3.07871 4.32067 -10.21434 0.75166 2.62204 -5.01718 0.00000 0.00000 0.00000 6.01260 -21.82262 -61.94623 21.01394 -7.39006 -38.39686 -0.00000 -35.87850 -0.00000 3.67872 10.41804 70.42701 -7.12502 -0.00000 0.00000 12.39255 8.48319 258.87632 0.00000 0.00000 0.00000 -13.07278 -17.90910 63.85006 -32.16741 -21.70501 67.24024 0.00000 -8.44272 0.00000 -1.34177 -0.09179 3.91261 7.12502 -0.00000 -0.00000 22.93501 8.26090 -26.24451
0.04368 0.97096 0.13144 -6.87687 -2.20048 1192.26805 -0.00000 0.00000 -0.00000 -18.03746 -14.50251 -6.37423 -2.71651 27.66615 11.00032 3.18797 -24.88968 3.91314 -1.08473 -18.06211 -6.81694 -0.00000 0.00000 -0.00000 0.68629 -32.54639 4.45739 5.10526 36.28202 -15.49694 0.70900 0.50253 -14.41870 2.09511 24.59440 -9.58994 2.92240 -4.55994 2.95837 -0.91237 -2.32437 3.88587 -2.42059 0.41043 1.94263 -1.75181 -6.33458 -7.71689 2.85996 4.30452 -10.31622 0.60249 2.64837 -5.06509 0.00000 0.00000 -0.00000 7.15609 -22.92285 -66.43043 19.30897 -6.12937 -34.94036 -0.00000 -28.90290 -0.00000 4.97442 11.27350 66.00003 -7.12502 -0.00000 0.00000 10.77678 8.60526 263.17081 0.00000 0.00000 -0.00000 -19.13741 -19.05344 65.37246 -29.35947 -16.56638 58.12503 0.00000 -9.88591 0.00000 8.06008 0.76062 5.35543 7.12502 -0.00000 -0.00000 31.08646 12.63971 -25.05238
0.06000 0.96909 0.14772 -5.90047 -3.18647 1191.65295 -0.00000 0.00000 -0.00000 -15.27691 -14.55607 -6.38743 -3.33940 30.31071 12.28522 4.36272 -26.59590 6.03957 -1.15973 -18.64727 -7.05511 -0.00000 0.00000 -0.00000 3.67218 -25.89171 8.63611 3.56221 31.17426 -12.72106 -0.05270 -1.99001 -9.34545 0.08712 -5.22747 1.90829 3.20290 -3.67831 3.19058 -0.74061 -2.68495 4.22267 -2.47736 -0.42089 2.09310 -1.35918 -6.96901 -7.53328 2.64230 5.00460 -10.10543 0.41316 2.95704 -4.94611 -0.00000 0.00000 -0.00000 14.70027 -21.76736 -65.69292 18.77500 -5.76558 -33.88067 -0.00000 -26.82380 -0.00000 6.18869 11.75720 61.97998 -7.12502 -0.00000 0.00000 9.49207 8.68163 267.07484 -0.00000 0.00000 -0.00000 -19.84948 -19.25721 68.44050 -26.37549 -12.55789 50.30604 0.00000 -10.24290 0.00000 17.84600 2.03870 6.30542 7.12502 -0.00000 -0.00000 39.29397 18.06459 -24.24650
0.07298 0.96462 0.16009 -4.69533 -5.23840 1188.52046 -0.00000 0.00000 -0.00000 -10.91540 -15.73194 -4.49976 -4.39173 34.08673 14.25888 6.18367 -27.88300 9.76942 -1.40205 -20.40162 -7.78007 -0.00000 0.00000 -0.00000 8.72969 -24.30411 6.82991 2.76497 27.88565 -11.10430 -0.77234 -6.09371 -10.00072 0.15806 -7.03047 2.57267 5.27207 -3.93743 3.78194 -0.44487 -2.59770 4.93159 -3.27725 -0.00476 2.43624 -0.26234 -8.27580 -6.62435 2.68766 6.01794 -9.03159 0.20838 3.48356 -4.35630 0.00000 0.00000 -0.00000 23.81862 -20.50062 -62.98320 19.29359 -6.11869 -34.90970 -0.00000 -27.80300 -0.00000 6.04300 10.48815 59.81935 -7.12502 -0.00000 0.00000 -9.99823 -9.81070 89.02474 0.00000 0.00000 -0.00000 -16.91194 -19.11595 71.58093 -23.61558 -9.64040 43.93617 0.00000 -6.86227 0.00000 24.28110 2.95032 6.50894 7.12502 -0.00000 -0.00000 44.47365 22.21710 -23.93686
0.07571 0.95863 0.15997 -4.37254 -4.66059 1184.11850 -0.00000 0.00000 -0.00000 -11.50915 -15.46495 -4.39617 -5.51774 37.44512 16.18446 7.57999 -30.83840 10.81564 -0.20097 -7.92015 -2.90244 -0.00000 0.00000 -0.00000 9.61061 -23.83500 9.20537 2.70424 27.61016 -10.97387 -0.65026 -6.24077 -7.01137 0.67337 -14.35325 5.34400 5.36115 -4.24134 4.06515 -0.59424 -2.38987 5.27513 -3.42050 0.42952 2.61880 1.42367 -9.20877 -5.15218 1.72783 6.29524 -7.20454 -0.29468 3.64799 -3.44041 -0.00000 0.00000 0.00000 27.71137 -19.90099 -63.46141 19.79596 -6.47373 -35.91584 -0.00000 -29.41230 -0.00000 5.90345 10.34667 60.07024 -7.12502 -0.00000 0.00000 10.13018 9.94139 269.01666 -0.00000 0.00000 0.00000 -16.69392 -17.17312 72.10015 -21.60966 -7.86846 39.63406 0.00000 -5.58760 0.00000 23.40657 1.47175 3.39558 7.12502 -0.00000 -0.00000 44.59232 19.18621 -26.56421
0.06902 0.95392 0.14835 -3.33378 -4.10106 1181.03226 -0.00000 0.00000 -0.00000 -12.60820 -15.03975 -3.44173 -6.19925 39.22324 17.28307 8.53946 -31.56390 12.36503 -0.16163 -7.10879 -2.60164 -0.00000 0.00000 -0.00000 9.41165 -23.61254 9.66494 2.67531 27.47749 -10.91131 -0.53849 -5.74785 -6.22625 0.60386 -13.61217 5.05635 5.45525 -4.00181 3.43839 -0.17387 -2.13565 4.43367 -3.07406 0.45337 2.20131 2.39519 -9.45710 -3.24250 0.66524 6.77386 -4.70352 -0.62405 3.84062 -2.22166 0.00000 0.00000 0.00000 27.08363 -19.15279 -66.67042 20.29166 -6.83695 -36.91816 -0.00000 -31.63230 -0.00000 6.33988 12.88929 63.52304 -7.12502 -0.00000 0.00000 8.94578 7.72777 265.50458 0.00000 0.00000 0.00000 -21.83575 -12.12999 68.53155 -22.22283 -8.38289 40.92560 0.00000 -7.85616 0.00000 14.82028 -0.66362 -2.50643 7.12502 -0.00000 -0.00000 38.43010 10.81887 -31.69029
0.05421 0.95199 0.12836 -2.43284 -3.45604 1179.16740 -0.00000 0.00000 -0.00000 -13.52338 -14.90753 -0.75658 -6.00983 38.74560 16.98199 8.20933 -31.77367 11.48710 -0.31677 -9.91894 -3.64917 -0.00000 0.00000 -0.00000 8.24587 -23.09679 10.99535 2.52924 26.79285 -10.59104 -0.27284 -3.41463 -7.64985 0.33437 -10.18704 3.75003 5.18274 -4.30209 2.44790 0.48246 -1.44867 3.07016 -2.24628 1.15546 1.54815 2.74716 -9.63368 -1.34435 -0.75434 7.31145 -2.09734 -0.94031 4.09603 -0.98992 -0.00000 0.00000 0.00000 24.25928 -18.85276 -71.41914 20.54725 -7.02939 -37.43888 -0.00000 -28.06360 -0.00000 7.53664 16.34483 64.82033 -7.12502 -0.00000 0.00000 6.45301 5.25206 263.98372 -0.00000 0.00000 0.00000 -23.08104 -6.34959 63.21512 -24.72753 -10.74186 46.42919 0.00000 -11.67830 0.00000 5.36211 -0.60900 -6.46067 7.12502 -0.00000 -0.00000 30.27811 5.62939 -35.46258
0.03361 0.95668 0.10391 -2.58058 -2.25650 1177.57597 -0.00000 0.00000 -0.00000 -15.27639 -15.57033 2.69411 -5.12219 36.33118 15.52554 6.59275 -30.44097 8.88962 -0.29647 -9.59998 -3.52941 -0.00000 0.00000 -0.00000 6.05739 -26.41588 10.21669 2.89091 28.44446 -11.37112 0.56137 1.18083 -11.24082 0.07414 4.82378 -1.76015 4.84035 -4.24497 1.77387 0.78046 -1.28917 2.18086 -1.79243 1.19765 1.10751 2.59408 -9.30362 0.14884 -2.92562 7.87993 0.15097 -1.43721 4.29597 0.01230 0.00000 0.00000 -0.00000 22.33770 -17.68661 -75.02923 22.49740 -8.62077 -41.51028 -0.00000 -25.78810 -0.00000 8.73223 16.95617 62.22571 -7.12502 -0.00000 0.00000 5.46422 4.83590 266.38909 0.00000 0.00000 -0.00000 -15.18556 -0.40504 58.11514 -27.92941 -14.51019 54.21958 0.00000 -20.51620 0.00000 -0.11483 0.02173 -10.71658 7.12502 -0.00000 -0.00000 25.35774 2.56288 -39.61007
0.01522 0.96602 0.08614 -3.39082 -1.56151 1177.26803 -0.00000 0.00000 -0.00000 -18.25103 -14.48649 1.60319 -3.66935 31.57613 12.92686 5.84141 -27.84003 8.94876 -0.09002 -5.31329 -1.93981 -0.00000 0.00000 -0.00000 7.37740 -35.06681 6.26087 6.82726 40.72481 -18.26052 0.22040 -1.80521 -15.12776 0.91934 16.68518 -6.26308 4.01368 -4.03597 0.20852 0.94532 -1.83843 0.16620 -1.27010 0.38033 0.08420 3.49074 -8.41199 1.99625 -5.86152 8.62418 2.88049 -2.09947 4.07871 1.24011 -0.00000 0.00000 0.00000 25.74360 -14.03862 -74.12676 25.44066 -11.49893 -48.07735 -0.00000 -22.96350 -0.00000 9.62901 17.39442 60.42434 -7.12502 -0.00000 0.00000 4.76371 4.46235 268.03429 -0.00000 0.00000 0.00000 -2.47445 6.36469 56.56115 -31.29975 -19.90958 64.13533 0.00000 -22.57110 0.00000 -5.11959 1.31142 -14.32987 7.12502 -0.00000 -0.00000 20.51205 0.58739 -43.43038
0.00518 0.97570 0.07816 -4.11106 -0.65505 1178.54512 -0.00000 0.00000 -0.00000 -20.95492 -12.00861 -0.51154 -2.38277 26.08012 10.26206 5.16508 -24.98668 9.33985 -0.08519 -5.16934 -1.88695 -0.00000 0.00000 -0.00000 10.09635 -41.19894 2.36417 17.57192 55.88108 -32.49321 -0.00423 -0.58010 -2.76356 0.44692 11.74922 -4.34149 1.81548 -4.24476 -1.38480 1.19238 -2.12026 -1.87461 0.14134 0.18169 -0.92457 3.68955 -7.69413 3.35336 -8.09194 8.50069 4.96034 -2.64264 4.07040 2.18661 0.00000 0.00000 0.00000 27.51330 -10.23094 -74.88922 27.57226 -14.03802 -53.29361 -0.00000 -16.42020 -0.00000 9.63693 16.81935 59.59458 -7.12502 -0.00000 0.00000 5.03889 4.86670 268.89573 0.00000 0.00000 0.00000 8.54064 16.19400 54.50426 -33.85196 -26.17796 74.76088 0.00000 -17.23880 0.00000 -10.11734 3.20666 -17.40527 7.12502 -0.00000 -0.00000 15.38799 -0.55636 -47.02064
0.00237 0.98498 0.07498 -5.04622 -1.08736 1180.90357 -0.00000 0.00000 -0.00000 -19.99737 -11.19290 1.89767 -1.48778 20.97944 8.02269 2.87489 -22.28059 4.48030 -0.08647 -5.20784 -1.90108 -0.00000 0.00000 -0.00000 15.58975 -37.48919 2.76919 18.42897 56.61411 -33.52397 -0.27534 5.68881 2.26684 1.21909 19.09519 -7.23861 1.22101 -5.41190 -2.23597 1.34869 -2.34975 -2.99412 0.54950 0.61837 -1.47196 3.82109 -7.55616 4.03761 -9.64787 8.71264 6.08870 -3.03964 4.22296 2.68025 -0.00000 0.00000 0.00000 25.21436 -5.80705 -77.29530 29.57250 -16.89841 -58.73869 -0.00000 -11.65020 -0.00000 9.87824 16.15468 57.95879 -7.12502 -0.00000 0.00000 -5.34308 -5.17607 88.96832 -0.00000 0.00000 0.00000 17.82566 27.92389 51.65169 -34.89352 -30.68002 82.23270 0.00000 -13.71880 0.00000 -13.72322 4.82668 -19.01175 7.12502 -0.00000 -0.00000 11.58511 -0.85519 -49.16414
0.00349 0.98604 0.07611 -5.51432 -1.05335 1184.67908 -0.00000 0.00000 -0.00000 -20.34052 -11.63181 0.89293 -1.45518 20.76205 7.93118 2.07049 -20.97808 2.66316 -0.40756 -11.22931 -4.14389 -0.00000 0.00000 -0.00000 19.07780 -25.41910 5.21893 8.63126 44.45710 -20.92449 -0.44315 -9.54172 -1.31082 0.04891 3.92008 -1.42917 0.11443 -5.95808 -2.33562 0.91646 -2.62025 -3.06103 0.70519 0.67807 -1.49721 3.13888 -7.93840 3.60251 -8.94885 9.65892 5.58084 -2.73184 4.50438 2.41392 -0.00000 0.00000 -0.00000 24.80391 -1.53604 -81.63726 31.24658 -19.80685 -63.95550 -0.00000 -6.44228 -0.00000 9.59509 14.60092 56.15403 -7.12502 -0.00000 0.00000 -6.57116 -5.91998 86.83985 -0.00000 0.00000 -0.00000 27.79570 40.83837 46.37626 -35.22110 -33.72133 87.35074 0.00000 -10.97090 0.00000 -18.75485 6.93794 -19.58298 7.12502 -0.00000 -0.00000 6.35426 -0.62328 -50.57920
0.00024 0.98383 0.07896 -5.38183 -3.13134 1188.07469 -0.00000 0.00000 -0.00000 -18.22248 -17.86903 -1.25199 -3.38031 30.47219 12.36607 1.37535 -20.99509 0.44787 -0.80876 -15.68572 -5.86642 -0.00000 0.00000 -0.00000 23.77175 -18.99867 5.90310 4.70607 35.08485 -14.81263 -3.90876 -19.55539 -10.15718 0.00241 0.87057 -0.31689 2.17288 -5.73024 -1.42311 0.51032 -2.78950 -1.93435 -0.78410 0.28320 -0.95081 2.66434 -7.16342 2.66140 -7.59179 9.06597 4.16016 -2.39234 4.08052 1.79461 0.00000 0.00000 0.00000 25.82080 3.40933 -86.36010 32.47569 -22.40648 -68.43643 -0.00000 -0.92223 -0.00000 9.76395 13.18346 52.96490 -7.12502 -0.00000 0.00000 -7.70781 -6.16570 83.43425 0.00000 0.00000 0.00000 41.36860 53.71913 39.81818 -35.25878 -34.71230 89.04692 0.00000 -6.68417 0.00000 -22.81972 7.80040 -17.87763 7.12502 -0.00000 -0.00000 2.42329 -0.18726 -49.41614
-0.00776 0.98004 0.08407 -5.19587 -4.43042 1190.81521 -0.00000 0.00000 -0.00000 -15.30751 -27.53745 -1.66655 -7.94442 43.12589 19.93208 -0.69598 -15.22106 -5.43895 -1.71786 -22.43880 -8.64467 -0.00000 0.00000 -0.00000 24.79253 -16.52611 3.05362 2.84947 28.26240 -11.28385 -5.15431 -21.52561 -12.57389 0.04484 3.75360 -1.36829 2.45602 -5.33465 -0.65584 0.59654 -2.43151 -0.93255 -0.80658 0.45893 -0.45213 0.74943 -8.52825 1.30561 -5.11345 9.96369 2.31759 -1.46346 4.44611 0.90498 -0.00000 0.00000 0.00000 27.46698 8.82721 -88.83467 32.84504 -23.30222 -69.95276 -0.00000 7.27219 0.00000 10.21700 12.61598 50.47083 -7.12502 -0.00000 0.00000 -8.10399 -5.92066 80.92022 -0.00000 0.00000 0.00000 53.47485 63.29623 37.58387 -35.01114 -31.48976 83.58535 0.00000 -2.34006 0.00000 -29.75521 8.63972 -14.72311 7.12502 -0.00000 -0.00000 -4.15858 0.14230 -46.95633
-0.01790 0.97030 0.08581 -3.55926 -5.46615 1190.32901 -0.00000 0.00000 -0.00000 -9.76475 -33.18845 -1.66408 -14.52895 52.88628 28.75174 -1.65576 -12.58715 -9.58543 -2.28862 -25.60700 -10.04607 -0.00000 0.00000 -0.00000 25.84059 -15.32513 0.62493 2.40980 26.21372 -10.32339 -5.11454 -23.02816 -10.89710 0.09846 5.55584 -2.02894 3.15334 -4.35907 1.18844 1.24035 -1.29560 1.47040 -0.41476 1.15624 0.75458 -0.69020 -8.75941 -0.24977 -3.60982 9.82631 0.22781 -0.96815 4.38210 -0.09509 0.00000 0.00000 0.00000 29.62119 12.37206 -89.34296 32.33353 -22.07822 -67.87770 -0.00000 13.47510 0.00000 13.02161 14.49352 47.26014 -7.12502 -0.00000 0.00000 -5.76682 -3.84679 78.59617 0.00000 0.00000 0.00000 62.60320 65.96342 38.48141 -33.99284 -26.65402 75.55124 0.00000 1.23923 -0.00000 -41.97802 9.28064 -10.16219 7.12502 -0.00000 -0.00000 -15.66253 -0.50915 -43.18473
-0.03223 0.96169 0.07818 -1.76498 -6.75342 1190.53990 -0.00000 0.00000 -0.00000 -8.57617 -30.64997 -12.26965 -22.04999 59.29310 37.79424 -0.76402 -13.15064 -5.75414 -0.03995 -3.54359 -1.29152 -0.00000 0.00000 -0.00000 26.03877 -18.10894 -0.87231 3.46552 30.80427 -12.53327 -4.69648 -24.17649 -8.63862 0.01297 2.02040 -0.73569 5.34455 -2.85137 2.46205 1.92478 -0.16424 3.12672 -0.85940 1.60015 1.61188 -2.21479 -9.39772 -1.79159 -2.65858 9.22899 -1.75514 -0.62048 4.29432 -1.07277 0.00000 0.00000 -0.00000 33.45143 12.75166 -87.87111 31.32646 -19.96147 -64.22607 -0.00000 15.44110 0.00000 16.82239 16.77861 43.67501 -7.12502 -0.00000 0.00000 -2.46280 -1.48662 76.09804 0.00000 0.00000 -0.00000 68.31666 62.91367 43.35256 -32.27517 -21.94586 67.65190 0.00000 6.35518 -0.00000 -48.10800 8.26982 -7.35166 7.12502 -0.00000 -0.00000 -21.20673 -1.84927 -40.24572
-0.04651 0.95792 0.06384 -1.55131 -7.54298 1191.56752 -0.00000 0.00000 -0.00000 -8.01342 -24.89074 -22.83362 -25.34350 61.26132 41.58581 -0.29623 -10.51609 -3.54131 -1.27154 19.48068 7.39740 -0.00000 0.00000 -0.00000 25.55563 -18.51796 -0.70298 3.42520 30.64784 -12.45436 -4.77731 -22.75567 -10.08370 0.16329 -7.14489 2.61500 6.15803 -1.08139 3.12456 2.52798 -0.29480 4.16013 -0.77490 0.54450 2.11599 -1.48530 -9.65561 -2.75421 -3.42503 8.21987 -3.08549 -1.20340 4.42825 -1.72819 -0.00000 0.00000 -0.00000 36.53587 10.70773 -86.72156 30.42828 -18.31263 -61.30802 -0.00000 14.49060 0.00000 18.55498 17.30068 41.53990 -7.12502 -0.00000 0.00000 -1.18323 -0.66555 74.35313 -0.00000 0.00000 -0.00000 72.67862 58.98739 46.68797 -31.28447 -19.87998 64.08354 0.00000 8.43949 -0.00000 -47.61795 8.59329 -7.76457 7.12502 -0.00000 -0.00000 -20.80286 -1.61525 -40.75681
-0.05706 0.96257 0.03485 -3.16721 -7.51605 1192.29028 -0.00000 0.00000 -0.00000 -8.04496 -17.24774 -27.61900 -17.56023 55.87078 32.47908 -0.99046 -7.34770 -8.36640 -0.28683 9.44456 3.47114 -0.00000 0.00000 -0.00000 23.09750 -19.26874 0.89178 3.32964 30.27196 -12.26586 -5.07930 -22.00985 -11.79458 0.25292 -8.87515 3.25813 6.40489 -1.65361 3.66453 2.72430 -0.77631 4.86992 -0.68724 0.41032 2.46568 -1.64923 -10.55026 -3.59569 -3.22317 9.27243 -4.16124 -1.14244 4.44762 -2.28028 -0.00000 0.00000 -0.00000 36.43344 7.84942 -86.05451 29.45727 -16.71790 -58.40559 -0.00000 14.37830 0.00000 18.98010 16.32892 39.26409 -7.12502 -0.00000 0.00000 -1.48512 -0.75625 71.98020 -0.00000 0.00000 -0.00000 73.96929 55.70108 49.07061 -30.65685 -18.71462 62.02647 0.00000 9.27759 -0.00000 -51.54109 3.39043 -2.68935 7.12502 -0.00000 -0.00000 -23.66127 -4.94781 -33.86423
-0.06640 0.96661 -0.00869 -6.05203 -6.38980 1192.42568 -0.00000 0.00000 -0.00000 -9.51674 -11.09431 -21.21657 -7.99357 43.22455 20.00392 -0.81993 -19.69847 -6.04207 -1.95142 -23.80392 -9.23939 -0.00000 0.00000 -0.00000 18.53088 -21.64241 4.97752 4.16177 33.32237 -13.84448 -5.51201 -21.65931 -13.66452 0.16488 -7.17947 2.62780 7.59393 -3.35868 3.78251 1.66915 -1.83637 4.89833 -2.36963 0.45306 2.45151 -1.66342 -10.93953 -3.86773 -3.06444 10.67035 -4.48705 -1.17218 4.93972 -2.44357 -0.00000 0.00000 -0.00000 38.13379 6.18870 -84.95268 29.42583 -16.66903 -58.31520 -0.00000 13.60040 0.00000 19.28251 15.14918 36.75903 -7.12502 -0.00000 0.00000 -1.95654 -0.88399 69.30490 -0.00000 0.00000 -0.00000 77.03673 53.65482 48.26234 -30.58582 -18.58850 61.80159 0.00000 9.08620 -0.00000 -49.79489 5.67108 -4.77439 7.12502 -0.00000 -0.00000 -22.37411 -3.41016 -36.77752
-0.07935 0.96440 -0.05634 -9.62292 -2.69856 1193.73088 -0.00000 0.00000 -0.00000 -15.34951 -12.45223 -9.92568 -4.58349 34.70174 14.59834 -0.21368 -24.95484 -5.00467 -1.49895 -21.05332 -8.05385 -0.00000 0.00000 -0.00000 11.70814 -31.76880 10.52295 10.67871 47.90713 -23.76052 -3.77082 -14.23301 -17.99532 0.26232 9.03676 -3.31851 5.25306 -4.32543 2.63752 0.54290 -2.36066 3.38636 -2.26142 0.25190 1.68485 -1.19123 -11.28610 -3.36572 -4.29898 10.13316 -3.73666 -1.54113 4.81284 -2.13233 0.00000 0.00000 0.00000 39.58680 4.17626 -83.26961 30.29983 -18.09151 -60.91071 -0.00000 11.93170 0.00000 20.09106 15.29220 35.79376 -7.12502 -0.00000 0.00000 -1.33693 -0.58096 68.48322 0.00000 0.00000 0.00000 77.20544 53.75318 46.95643 -31.32206 -19.95292 64.21112 0.00000 4.91188 -0.00000 -33.82685 9.20148 -13.42115 7.12502 -0.00000 -0.00000 -8.05833 0.14733 -46.04052
-0.08415 0.95322 -0.10506 -10.37080 -0.27963 1193.90646 -0.00000 0.00000 -0.00000 -20.31307 -12.41431 -3.61434 -4.19409 33.43166 13.90323 0.68509 -28.64417 -3.63097 -1.62618 -21.87220 -8.40156 -0.00000 0.00000 -0.00000 9.57645 -43.44275 8.88162 19.31083 57.32544 -34.57580 -2.37151 -11.03711 -15.42401 0.47011 12.04436 -4.45401 3.70153 -4.23641 0.95461 0.92381 -1.66463 1.16261 -1.07257 0.71581 0.59314 -0.22421 -12.70689 -1.85041 -6.20317 9.85965 -1.59346 -2.07031 4.99473 -1.17802 0.00000 0.00000 0.00000 38.91494 2.40709 -80.76801 31.17032 -19.66079 -63.69936 -0.00000 10.38540 0.00000 18.20109 14.19435 36.71440 -7.12502 -0.00000 0.00000 -3.20669 -1.42332 68.91016 0.00000 0.00000 0.00000 73.31796 53.73346 46.10153 -32.67736 -22.88742 69.25201 0.00000 1.22674 -0.00000 -34.64439 7.96397 -11.33790 7.12502 -0.00000 -0.00000 -8.56330 -0.20378 -43.64696
-0.06470 0.94050 -0.15241 -9.41034 0.86643 1190.96791 -0.00000 0.00000 -0.00000 -23.73589 -9.14320 -1.65227 -4.55532 34.61262 14.54880 2.04271 -31.88469 -1.61803 -0.58913 -13.44920 -4.99336 -0.00000 0.00000 -0.00000 14.37970 -50.34814 3.78334 17.33235 55.66833 -32.20346 -3.39200 -16.48456 -11.54209 0.05642 4.20966 -1.53514 2.12720 -4.66984 -0.47658 1.97003 -1.52462 -0.70404 0.79395 1.04946 -0.32663 1.29892 -12.32900 0.04694 -7.40809 11.11668 0.92600 -2.40595 5.41852 0.01901 0.00000 0.00000 0.00000 35.76833 1.64315 -79.91620 31.81288 -20.94236 -65.92963 -0.00000 7.12483 0.00000 16.07443 13.44555 38.90146 -7.12502 -0.00000 0.00000 -4.98230 -2.39554 70.61576 0.00000 0.00000 0.00000 69.39235 54.19804 43.56884 -33.84479 -26.15437 74.72169 0.00000 0.74224 -0.00000 -43.17972 8.61453 -9.06900 7.12502 -0.00000 -0.00000 -16.66570 -0.92268 -41.92095
-0.02468 0.93285 -0.20201 -10.24775 1.79260 1188.86009 -0.00000 0.00000 -0.00000 -26.44098 -5.49702 3.07596 -3.63742 31.45724 12.86577 1.06170 -30.90653 -3.37514 -0.31789 -9.93629 -3.65569 -0.00000 0.00000 -0.00000 17.16708 -53.57071 -6.90039 10.34826 47.39608 -23.31340 -2.35084 -15.61581 -7.48941 0.48392 -12.21635 4.51970 0.94846 -7.39737 -2.24772 1.99613 -2.82155 -2.99281 1.29464 1.27949 -1.44678 1.64159 -11.79585 1.44608 -7.73153 13.40809 2.98983 -2.30353 6.14071 0.99116 0.00000 0.00000 -0.00000 29.93038 0.27389 -80.88584 32.09699 -21.54996 -66.97469 -0.00000 2.46033 0.00000 15.70017 14.40906 41.51774 -7.12502 -0.00000 0.00000 -4.57056 -2.47023 73.33141 0.00000 0.00000 -0.00000 69.21267 53.50791 37.32544 -34.80669 -30.16039 81.36733 0.00000 1.00910 -0.00000 -38.06400 9.59981 -12.02208 7.12502 -0.00000 -0.00000 -12.07810 -0.00588 -44.97252
0.03406 0.93066 -0.24971 -10.57986 1.20202 1188.88017 -0.00000 0.00000 -0.00000 -28.07688 -0.71544 3.26727 -3.26052 29.99541 12.12818 0.19994 -24.28045 -3.82705 -0.23026 -8.47237 -3.10789 -0.00000 0.00000 -0.00000 23.45623 -47.17329 -5.94602 6.23482 39.31161 -17.33928 -6.22751 -23.05622 -14.41574 1.73817 22.56180 -8.69772 -0.12341 -10.70652 -4.57888 2.91739 -4.12063 -5.94828 2.42608 1.95893 -2.86109 2.05576 -11.41950 2.81160 -9.16282 14.94190 5.18797 -2.51538 6.69702 1.95565 -0.00000 0.00000 -0.00000 21.89467 -3.62847 -83.25358 31.51974 -20.34291 -64.89110 -0.00000 -2.16044 -0.00000 14.41497 14.46851 44.18765 -7.12502 -0.00000 0.00000 -5.18349 -3.09746 75.77976 -0.00000 0.00000 -0.00000 62.18998 48.94023 35.51343 -35.18486 -33.16666 86.40855 0.00000 3.22875 -0.00000 -34.17510 10.37536 -14.85568 7.12502 -0.00000 -0.00000 -8.64704 0.42966 -47.82302
0.09277 0.94066 -0.29316 -9.59667 -1.58424 1186.75541 -0.00000 0.00000 -0.00000 -20.66514 -7.67877 8.45008 -8.10038 43.43707 20.15957 -1.29247 -3.51044 -14.02063 -0.46275 -11.95151 -4.41858 -0.00000 0.00000 -0.00000 31.13971 -37.46549 7.95080 6.05457 38.85953 -17.05340 -7.69383 -25.65108 -15.85241 1.51426 21.15398 -8.09637 2.54745 -10.78325 -6.08993 3.83492 -5.69588 -8.04357 1.90411 0.18536 -3.87441 2.16133 -9.83833 4.11392 -9.27490 16.31130 7.14800 -2.29832 6.94582 2.91857 0.00000 0.00000 -0.00000 14.55094 -7.59775 -85.69528 29.44870 -16.70457 -58.38095 -0.00000 -8.88909 -0.00000 13.92257 14.79618 45.85245 -7.12502 -0.00000 0.00000 -5.17869 -3.29867 77.41078 0.00000 0.00000 -0.00000 52.57666 40.96715 38.25554 -35.23093 -33.90915 87.67090 0.00000 6.37399 -0.00000 -27.69117 9.44504 -17.36364 7.12502 -0.00000 -0.00000 -2.47546 0.20180 -49.65744
0.13859 0.95258 -0.33160 -9.27453 -1.79227 1182.44765 -0.00000 0.00000 -0.00000 -16.13790 -20.82439 7.00007 -24.32284 60.69169 40.41859 0.57805 5.00823 -17.34075 -0.71968 -14.82425 -5.52787 -0.00000 0.00000 -0.00000 29.04196 -31.17296 4.31590 4.48223 34.37943 -14.41975 -6.36361 -24.95112 -12.79549 0.88303 16.36475 -6.13544 3.25622 -8.68877 -6.60918 3.36148 -6.45353 -8.66367 1.40233 -1.88770 -4.23236 2.95219 -7.59574 4.60159 -8.82245 16.78154 7.68578 -2.26817 6.73142 3.31714 0.00000 0.00000 -0.00000 10.90042 -12.13044 -87.74446 26.57170 -12.79049 -50.78477 -0.00000 -14.32490 -0.00000 12.26222 14.15133 48.36310 -7.12502 -0.00000 0.00000 -6.29945 -4.34966 79.49053 0.00000 0.00000 -0.00000 42.61482 28.67864 42.47033 -35.12863 -32.51438 85.30627 0.00000 9.47306 -0.00000 -21.08915 7.09505 -17.75917 7.12502 -0.00000 -0.00000 4.20630 -0.29530 -49.00866
0.18083 0.96458 -0.36728 -8.73518 -0.85628 1171.98310 -0.00000 0.00000 -0.00000 -12.65508 -30.37142 1.92726 -34.26890 65.08153 51.57713 -0.50473 -2.27804 -8.68843 -0.05860 -4.28993 -1.56452 -0.00000 0.00000 -0.00000 29.57282 -23.39783 8.48937 3.59041 31.28086 -12.77546 -5.23910 -23.75135 -10.61116 0.40709 11.22294 -4.14148 2.74041 -7.97509 -5.30849 3.55835 -4.61158 -7.07821 1.76986 -0.24985 -3.46515 2.56246 -8.34324 5.09526 -8.21571 17.43241 8.33584 -1.87622 7.05400 3.60181 0.00000 0.00000 -0.00000 9.75205 -17.83995 -86.75643 23.88802 -9.90184 -44.53902 -0.00000 -20.95650 -0.00000 10.19316 12.84429 51.03297 -7.12502 -0.00000 0.00000 -7.91657 -5.91045 81.52066 0.00000 0.00000 -0.00000 30.22466 13.16606 51.66717 -34.24148 -27.56221 77.05710 0.00000 9.58404 -0.00000 -7.79574 2.71717 -19.09903 7.12502 -0.00000 -0.00000 17.63446 -1.06202 -48.33696
0.22320 0.97489 -0.40298 -8.60629 1.30064 1161.75830 -0.00000 0.00000 -0.00000 -9.78861 -32.91817 -9.23516 -22.18710 59.38300 37.95363 0.04221 -4.80125 -0.29994 -0.22252 8.33009 3.05489 -0.00000 0.00000 -0.00000 27.14325 -17.41112 12.37673 2.95099 28.70530 -11.49671 -4.32120 -23.44036 -8.09932 0.24715 8.77438 -3.22051 1.99110 -8.23105 -4.66213 2.61077 -3.33115 -6.30035 1.07863 1.18527 -3.09944 2.65081 -9.32330 5.18679 -7.52405 18.76759 8.39687 -1.58637 7.62905 3.62070 0.00000 0.00000 -0.00000 13.72272 -20.42740 -80.95829 22.33917 -8.48311 -41.17285 -0.00000 -31.69330 -0.00000 7.37885 11.09114 56.05189 -7.12502 -0.00000 0.00000 -9.68346 -8.42337 85.64521 0.00000 0.00000 -0.00000 16.64822 -0.10821 59.04678 -31.64272 -20.59118 65.32217 0.00000 0.67432 -0.00000 2.02053 -0.66071 -18.10025 7.12502 -0.00000 -0.00000 27.62053 -0.51183 -45.97808
0.26867 0.97963 -0.44122 -8.23410 3.24147 1149.17164 -0.00000 0.00000 -0.00000 -1.67346 -26.57016 -16.82128 -8.65885 44.50853 20.96387 -0.01014 0.79033 0.82112 -2.07154 24.46708 9.53315 -0.00000 0.00000 -0.00000 23.81296 -13.84596 15.46481 2.59173 27.08882 -10.72897 -2.07763 -21.40665 -2.47160 0.05627 4.20408 -1.53309 2.58703 -8.03821 -2.98637 1.85776 -2.78504 -4.14928 0.11724 1.55219 -2.04228 0.71188 -10.00483 3.68182 -4.74293 19.07056 6.06515 -0.70080 7.62946 2.58391 -0.00000 0.00000 -0.00000 13.95586 -19.39152 -76.34478 21.96817 -8.16646 -40.38686 -0.00000 -47.70120 -0.00000 5.01908 10.99592 65.27669 -7.12502 -0.00000 0.00000 10.84310 8.88607 263.88497 -0.00000 0.00000 -0.00000 -2.66187 -9.06919 59.61539 -27.89773 -14.46770 54.13675 0.00000 -9.55353 0.00000 9.07451 -2.17193 -13.34842 7.12502 -0.00000 -0.00000 34.39529 2.71896 -41.03618
0.31874 0.98099 -0.48321 -6.69110 6.82510 1135.08146 -0.00000 0.00000 -0.00000 1.76191 -13.73068 -26.09117 -3.32578 30.25662 12.25820 0.57726 10.62785 -1.63707 -1.63359 21.91868 8.42143 -0.00000 0.00000 -0.00000 18.84821 -15.72154 18.88724 3.43529 30.68712 -12.47414 -0.17753 -19.57822 2.91995 0.15411 6.94258 -2.54016 2.32771 -7.65979 -0.42984 0.18635 -2.23742 -0.72260 -1.17240 1.95396 -0.34375 0.20238 -13.00133 1.22528 -1.00657 20.88939 2.01483 -0.00329 8.66515 0.91734 0.00000 0.00000 0.00000 10.76342 -15.30796 -71.97785 25.01544 -11.04250 -47.08961 -0.00000 -68.31210 -0.00000 3.96993 14.68235 74.68724 -7.12502 -0.00000 0.00000 9.52194 5.47974 254.65327 0.00000 0.00000 0.00000 -22.18064 -12.04209 53.00031 -25.67233 -11.75406 48.62207 0.00000 -20.60170 0.00000 12.74136 -1.74019 -7.64897 7.12502 -0.00000 -0.00000 37.28837 6.90975 -36.02203
0.37569 0.97283 -0.53306 -3.80926 11.27322 1116.46059 -0.00000 0.00000 -0.00000 -2.96519 -5.67545 -21.61113 -2.96427 28.76249 11.52433 0.33451 5.37217 -3.45999 -0.02277 2.67601 0.97474 -0.00000 0.00000 -0.00000 14.39252 -26.94340 19.46810 6.33139 39.54939 -17.49132 1.37203 -13.66579 8.19371 0.18471 7.59574 -2.78203 3.66448 -7.68122 2.75474 -1.57866 -2.72995 3.45919 -3.38329 1.77484 1.73065 -0.07048 -12.84356 -0.70437 0.69476 21.28234 -1.00215 0.05365 8.76649 -0.35314 -0.00000 0.00000 -0.00000 -1.67049 -6.80217 -67.83902 29.70463 -17.10814 -59.12414 -180.00000 -87.94220 -180.00000 4.01910 21.46373 79.13047 -7.12502 -0.00000 0.00000 4.14932 1.94830 250.10942 -0.00000 0.00000 -0.00000 -33.91389 -11.20333 49.43239 -26.76122 -13.01876 51.25107 0.00000 -27.76540 0.00000 15.87758 -0.78133 -2.74479 7.12502 -0.00000 -0.00000 39.41369 11.07466 -31.84399
0.42963 0.95787 -0.57415 -0.26147 14.49524 1104.24476 -0.00000 0.00000 -0.00000 -9.66093 -5.51539 -8.47642 -2.69851 27.58396 10.96150 -0.11408 -7.25910 -2.22176 -0.92059 -16.69611 -6.26744 -0.00000 0.00000 -0.00000 8.62959 -41.86350 10.48853 10.77027 48.04597 -23.88377 0.26542 -12.05722 3.46112 0.25076 8.83766 -3.24413 2.49767 -9.46175 2.81837 -2.67014 -2.31764 3.62789 -3.72868 3.19674 1.83918 0.99753 -13.00876 -1.45336 1.27751 20.71639 -2.44034 -0.19628 8.59752 -0.90679 0.00000 0.00000 0.00000 -22.05592 2.75328 -67.05336 33.58161 -25.32585 -73.34328 -180.00000 -84.26390 -180.00000 8.27547 28.68656 73.14301 -7.12502 -0.00000 0.00000 -2.67767 -1.53135 254.74421 0.00000 0.00000 0.00000 -31.39704 -12.30559 51.54857 -29.46990 -16.73758 58.44197 0.00000 -22.76320 0.00000 18.11437 0.28945 0.88476 7.12502 -0.00000 -0.00000 40.70349 14.48229 -28.79033
0.47706 0.94220 -0.59697 0.54793 13.63100 1099.88464 -0.00000 0.00000 -0.00000 -13.54012 -3.95396 -4.64548 -2.81864 28.12581 11.21860 1.27006 -16.15584 2.22187 -1.08815 -18.08927 -6.82795 -0.00000 0.00000 -0.00000 0.87158 -50.60879 -11.69967 15.54480 53.96132 -30.01664 -9.13508 -24.00945 -22.39503 1.82186 23.05981 -8.91360 1.10738 -11.13099 -0.05504 -1.28125 -0.73712 -0.13003 -1.98900 5.46944 -0.01878 0.45784 -14.89199 -1.34334 0.96721 21.30080 -2.16074 -0.17897 9.14775 -0.84897 0.00000 0.00000 -0.00000 -41.65094 14.35141 -71.13321 35.07917 -32.04474 -84.51603 -0.00000 -79.57140 -0.00000 13.68580 31.76007 65.17335 -7.12502 -0.00000 0.00000 -6.04752 -4.38830 260.83808 0.00000 0.00000 -0.00000 -25.09000 -9.26475 55.31930 -32.91785 -23.48690 70.26402 0.00000 -11.70670 0.00000 17.88300 1.02336 3.16821 7.12502 -0.00000 -0.00000 40.03021 15.93590 -26.89951
0.51233 0.93541 -0.59252 4.01170 13.84048 1088.83034 -0.00000 0.00000 -0.00000 -18.85052 -3.34721 2.61168 -2.94019 28.65871 11.47422 2.19537 -17.55953 5.16513 -0.80757 -15.67450 -5.86199 -0.00000 0.00000 -0.00000 -1.18760 -54.77949 -23.32783 19.72602 57.64628 -35.06817 -12.06403 -25.34726 -28.89907 5.40174 37.12513 -15.99298 -2.29611 -10.25775 -1.21340 -1.41852 -3.23087 -1.32797 -0.35430 2.40250 -0.65975 1.46595 -14.18960 0.00937 -1.01956 24.23938 -0.07182 -0.62177 10.05210 -0.00870 -0.00000 0.00000 -0.00000 -50.25044 24.61604 -74.56567 35.24012 -34.11151 -88.01650 -0.00000 -59.40280 -0.00000 14.60928 33.86967 64.93437 -7.12502 -0.00000 0.00000 -7.83093 -5.62047 260.45500 -0.00000 0.00000 -0.00000 -16.71535 5.99910 62.17059 -34.75412 -29.86887 80.88259 0.00000 -1.12474 0.00000 25.79877 2.52817 5.21391 7.12502 -0.00000 -0.00000 46.02654 22.21124 -24.96239
0.53106 0.93626 -0.56704 6.65627 13.06052 1072.14251 -0.00000 0.00000 -0.00000 -19.05222 -8.71797 12.81213 -5.37465 37.04961 15.94805 0.50894 -8.07597 2.78954 -0.49566 -12.36061 -4.57487 -0.00000 0.00000 -0.00000 11.75110 -48.98569 -19.28913 11.41891 48.99676 -24.74951 -16.38321 -32.86795 -27.37934 3.05989 29.16922 -11.72178 -3.58282 -11.82172 -2.17516 -1.23580 -5.47177 -2.50166 0.43911 0.98671 -1.21761 2.13518 -12.50454 3.39245 -2.13094 25.97720 4.81649 -0.09069 10.42038 2.14113 0.00000 0.00000 0.00000 -54.15533 23.76662 -76.48471 35.25718 -34.63782 -88.91880 -0.00000 -44.91990 -0.00000 13.65585 36.38604 67.72819 -7.12502 -0.00000 0.00000 -9.71521 -6.27772 257.56596 0.00000 0.00000 0.00000 -17.18682 26.39299 73.20172 -35.10517 -32.28273 84.91615 0.00000 21.47660 -0.00000 30.29443 4.44712 7.56021 7.12502 -0.00000 -0.00000 48.64418 27.80212 -22.67865
0.54892 0.93576 -0.54111 5.60790 11.60701 1053.10116 -0.00000 0.00000 -0.00000 -11.13296 -21.52515 17.19607 -20.51684 58.23403 36.00127 0.91739 12.76950 -2.42074 -0.81930 15.78405 5.90526 -0.00000 0.00000 -0.00000 25.32244 -38.01446 -2.12902 7.75700 42.74464 -19.65693 -9.96195 -31.55622 -15.46487 0.14012 6.62196 -2.42171 -0.93090 -12.53675 -1.68519 0.86457 -5.54246 -2.21793 1.16656 1.28301 -1.11337 3.43289 -11.59912 6.58766 -4.65293 25.29066 9.62165 -0.22005 10.16835 4.17186 -0.00000 0.00000 -0.00000 -56.44701 17.38298 -84.31865 35.21204 -33.56602 -87.08643 -0.00000 -31.15550 -0.00000 13.10810 37.39507 69.02197 -7.12502 -0.00000 0.00000 -10.48545 -6.46519 256.31614 -0.00000 0.00000 -0.00000 -18.69582 37.82995 82.06454 -34.42767 -28.31545 78.30529 0.00000 35.51560 -0.00000 20.53072 2.48747 6.61060 7.12502 -0.00000 -0.00000 41.43704 19.86037 -23.95101
0.58051 0.92501 -0.51817 4.19192 10.42740 1031.09768 -0.00000 0.00000 -0.00000 -10.85107 -30.08459 5.92457 -51.36327 68.84164 70.11850 0.15462 2.55652 -6.04985 -0.34717 10.37738 3.82174 -0.00000 0.00000 -0.00000 32.13361 -32.96146 7.00502 7.96362 43.16449 -19.96016 -3.25260 -27.21701 -2.90019 0.00513 -1.27059 0.46254 0.86175 -9.13941 -0.65633 4.68886 -4.38882 -1.12850 4.30917 0.64622 -0.58245 3.97577 -9.79727 10.34073 -8.93104 22.47848 15.60189 -0.80933 9.26066 6.64882 0.00000 0.00000 0.00000 -58.33180 7.77293 -93.82107 34.97863 -31.25036 -83.18485 -0.00000 -21.51390 -0.00000 11.58535 38.11707 71.62795 -7.12502 -0.00000 0.00000 -10.94992 -6.19859 254.16530 0.00000 0.00000 0.00000 -19.13292 39.39176 92.62361 -32.66754 -22.86358 69.21165 0.00000 42.30860 -0.00000 14.09964 1.75544 6.95346 7.12502 -0.00000 -0.00000 35.98919 16.45169 -23.69643
0.61524 0.92489 -0.47816 6.37264 8.26610 1005.09863 -0.00000 0.00000 -0.00000 -13.14018 -31.91548 -11.43126 -54.30420 69.19016 73.26821 -1.30892 -7.89998 -9.93060 -0.08293 5.10050 1.86168 -0.00000 0.00000 -0.00000 34.45394 -29.24043 18.22143 7.74284 42.71552 -19.63608 2.98609 -21.48029 12.01224 0.84294 -16.00229 5.99159 0.97492 -4.72781 2.10918 6.20961 -5.59685 2.70422 5.87399 -3.41066 1.36120 5.11879 -4.82647 12.91057 -11.98165 21.38179 19.55247 -1.75835 8.55894 8.49523 -0.00000 0.00000 -0.00000 -58.87857 1.99770 -99.07332 34.51854 -28.71270 -78.96374 -0.00000 -12.72020 -0.00000 11.01644 40.76545 73.39830 -7.12502 -0.00000 0.00000 -13.18944 -6.93180 252.24765 -0.00000 0.00000 -0.00000 -21.40676 44.46765 106.79909 -30.66655 -18.73193 62.05730 0.00000 43.51200 -0.00000 3.55335 0.24270 3.90234 7.12502 -0.00000 -0.00000 27.33552 10.07132 -26.30947
0.64146 0.93251 -0.42059 8.07248 4.25684 980.27023 -0.00000 0.00000 -0.00000 -12.94077 -22.71915 -29.73402 -32.26848 64.37677 49.36510 -4.84063 -12.93374 -20.57527 -0.00016 -0.22103 -0.08045 -0.00000 0.00000 -0.00000 33.05062 -27.11262 26.10672 5.90208 38.46840 -16.80931 6.53727 -13.88431 24.71282 3.19735 -29.73911 12.00133 -0.24938 -4.63833 4.06935 6.98719 -4.52701 5.25988 7.42188 -2.80019 2.66265 5.03902 -2.30594 15.10522 -14.67954 19.60048 22.84210 -2.46517 8.04991 9.98381 0.00000 0.00000 -0.00000 -60.12194 -4.50037 -105.22056 34.57043 -28.95008 -79.35736 -0.00000 -4.17595 -0.00000 9.94891 40.31895 74.83214 -7.12502 -0.00000 0.00000 -12.74266 -6.41790 251.30263 0.00000 0.00000 -0.00000 -27.30033 46.48721 120.40862 -29.75303 -17.18570 59.26628 0.00000 44.09740 -0.00000 -3.70512 -0.47519 7.29823 7.12502 -0.00000 -0.00000 20.33151 8.60952 -23.00090
0.65123 0.94460 -0.35339 7.29494 -0.56337 953.63076 -0.00000 0.00000 -0.00000 -12.73218 -6.26068 -38.21734 -12.29343 50.19468 25.89786 -6.83619 -4.73504 -35.69349 -0.05739 4.24529 1.54818 -0.00000 0.00000 -0.00000 31.81502 -23.28597 34.82704 3.30161 30.16029 -12.21016 5.54134 -8.68526 26.57880 2.97963 -28.82841 11.55622 -0.32057 -5.83308 6.36409 6.41424 -3.64761 8.19504 7.09107 -1.57003 4.08381 5.49251 -1.46271 16.66359 -16.53677 19.29363 25.16428 -2.86871 8.24642 10.94150 -0.00000 0.00000 -0.00000 -58.64681 -10.26790 -111.87832 34.73424 -29.76246 -80.70575 -0.00000 2.24209 0.00000 13.76077 42.57423 70.10061 -7.12502 -0.00000 0.00000 -14.92100 -8.53984 254.12966 -0.00000 0.00000 -0.00000 -33.56247 48.26075 131.93123 -29.34869 -16.54978 58.09424 0.00000 44.12670 -0.00000 -8.03011 -1.66997 11.67148 7.12502 -0.00000 -0.00000 15.80959 8.09779 -18.55049
0.65491 0.95014 -0.28215 4.74058 -5.79518 928.21198 -0.00000 0.00000 -0.00000 -17.07807 -5.02531 -21.81471 -6.53234 40.03474 17.80531 -8.62006 -24.10761 -24.01339 -0.99921 -17.36614 -6.53587 -0.00000 0.00000 -0.00000 28.65819 -30.37216 27.94106 1.75465 22.66100 -8.74059 1.09698 -19.61304 6.87497 1.16257 -18.66900 7.06398 -0.58262 -7.23479 6.96472 5.67545 -3.59653 8.88570 6.69956 -0.78163 4.37700 5.77746 -1.70700 17.82988 -18.49815 17.82308 26.76883 -3.38594 8.25328 11.56035 0.00000 0.00000 0.00000 -55.44573 -18.61653 -119.03866 34.65796 -29.37100 -80.05568 -0.00000 10.69340 0.00000 20.98576 43.08979 60.68619 -7.12502 -0.00000 0.00000 -15.98772 -11.69644 260.28184 0.00000 0.00000 0.00000 -41.82228 40.89793 140.97552 -29.76562 -17.20594 59.30334 0.00000 39.29410 -0.00000 -10.70461 -2.84357 14.70474 7.12502 -0.00000 -0.00000 12.95375 7.53116 -15.32531
0.65127 0.95168 -0.22047 1.30556 -8.16700 909.11421 -0.00000 0.00000 -0.00000 -19.05420 -5.89944 -2.98991 -2.50988 26.70019 10.54802 -2.69538 -30.35497 -11.00300 -1.27689 -19.51954 -7.41345 -0.00000 0.00000 -0.00000 24.01986 -37.21711 12.60861 1.76420 22.71821 -8.76534 -3.75123 -20.82588 -8.38702 0.15575 6.97915 -2.55369 0.80728 -7.83882 5.29562 5.03588 -4.34332 6.42152 5.13985 -0.65967 3.03308 8.43816 -4.35033 17.56113 -21.65268 19.18904 26.89404 -4.28536 9.86087 11.02964 -0.00000 0.00000 -0.00000 -48.44791 -24.93419 -123.18886 34.39323 -28.17043 -78.06498 -0.00000 16.18030 0.00000 27.20076 41.23929 52.05837 -7.12502 -0.00000 0.00000 -15.29333 -14.10911 266.71629 -0.00000 0.00000 -0.00000 -45.99724 33.26479 145.38549 -30.88111 -19.12018 62.74653 0.00000 33.63040 -0.00000 -13.41093 -4.04443 16.47840 7.12502 -0.00000 -0.00000 10.29571 6.45277 -13.25604
0.64448 0.96018 -0.17640 -1.78225 -10.15725 891.04249 -0.00000 0.00000 -0.00000 -22.90682 -10.86922 1.26467 -2.27219 25.52316 10.00799 3.60913 -31.37751 1.84360 -0.37061 -10.71658 -3.94977 -0.00000 0.00000 -0.00000 19.15069 -41.95534 6.86254 5.38034 37.06551 -15.95750 -5.55495 -22.51789 -12.83278 0.14519 6.73984 -2.46524 5.80398 -10.32362 3.26084 3.37886 -5.14333 4.48624 0.61940 0.52430 2.48393 9.10824 -11.88461 14.51556 -20.11524 21.23976 22.19815 -3.87906 11.21456 8.28882 0.00000 0.00000 0.00000 -36.32873 -30.57694 -123.72793 34.35705 -28.02101 -77.81737 -0.00000 1.28118 0.00000 52.94612 28.47026 19.79504 -7.12502 -0.00000 0.00000 29.19215 8.34578 419.56311 0.00000 0.00000 0.00000 -42.69565 30.33721 145.50040 -31.69101 -20.68993 65.49325 0.00000 38.65150 -0.00000 -15.27996 -7.11492 24.38851 7.12502 -0.00000 -0.00000 7.17441 6.10435 -4.80892
0.64254 0.96980 -0.15138 -4.30294 -10.54316 869.00464 -0.00000 0.00000 -0.00000 -22.78349 -14.18208 8.28163 -1.76032 22.69499 8.75529 8.46439 -30.91668 12.72441 -0.15072 6.86623 2.51194 -0.00000 0.00000 -0.00000 13.31280 -39.09509 1.22984 6.49748 39.95143 -17.75106 -8.39067 -25.85703 -17.57345 1.47173 20.87280 -7.97776 9.11211 -10.15799 1.62752 5.26257 -7.37112 2.54863 0.46080 -1.99524 1.49395 4.12601 -17.01090 7.57760 -15.80801 25.97789 15.68485 -2.54768 12.53093 6.08174 0.00000 0.00000 -0.00000 -21.99931 -32.66264 -117.56626 33.74655 -25.83688 -74.19395 -0.00000 5.16075 0.00000 52.58763 23.46242 16.93774 -7.12502 -0.00000 0.00000 27.97517 5.45648 415.14984 0.00000 0.00000 -0.00000 -42.88990 30.56143 148.33867 -32.11406 -21.58738 67.03882 0.00000 50.74620 -0.00000 -16.44830 -9.55503 29.34695 7.12502 -0.00000 -0.00000 5.12994 5.26780 0.64258
0.65906 0.97364 -0.13070 -6.50432 -8.52752 846.24670 -0.00000 0.00000 -0.00000 -21.54152 -14.94321 14.24061 -1.48517 20.96213 8.01539 13.26865 -30.34846 24.10595 -0.54686 12.96927 4.80838 -0.00000 0.00000 -0.00000 7.06346 -33.03327 -7.13124 3.53014 31.05234 -12.65900 -11.84588 -27.92712 -24.02979 2.57193 26.99556 -10.68542 14.79347 -9.86004 1.15303 2.78832 -7.59741 1.22448 -5.27637 -2.47744 0.39332 2.61564 -18.84141 1.74170 -7.77578 28.91048 4.91806 -2.04947 13.01451 1.76873 0.00000 0.00000 0.00000 -4.66473 -31.25168 -114.64298 33.05589 -23.84525 -70.86679 -0.00000 12.72580 0.00000 46.96848 28.44071 23.96991 -7.12502 -0.00000 0.00000 24.24817 8.42883 423.02619 0.00000 0.00000 0.00000 -34.34336 32.36928 146.17291 -32.16021 -21.68905 67.21294 0.00000 48.46640 -0.00000 -21.22268 -8.08869 19.91725 7.12502 -0.00000 -0.00000 3.04514 2.25016 -8.57085
0.68837 0.97482 -0.10134 -9.77126 -5.11461 820.90977 -0.00000 0.00000 -0.00000 -19.07426 -17.05241 19.22007 -1.98225 23.97651 9.31552 15.04054 -29.21391 29.77209 -0.27010 9.16833 3.36772 -0.00000 0.00000 -0.00000 4.99010 -33.98060 -18.62064 2.17796 25.03485 -9.78734 -16.76948 -31.00533 -30.76138 4.61995 34.81649 -14.66229 13.20666 -10.02812 -0.76570 4.29206 -7.54705 -1.35136 -2.87659 -2.69863 -0.84646 -1.66829 -18.76965 -2.24054 -5.03455 28.61937 -0.60185 -1.72863 12.64158 -0.87198 -0.00000 0.00000 -0.00000 5.54287 -24.80889 -111.01108 32.74656 -23.05689 -69.53859 -0.00000 14.04560 0.00000 47.88671 23.20687 19.60689 -7.12502 -0.00000 0.00000 23.86259 5.53884 417.30875 -0.00000 0.00000 -0.00000 -32.95163 33.75928 145.48634 -30.99889 -19.33787 63.13114 0.00000 13.48390 -0.00000 -19.53252 -7.60870 20.46719 7.12502 -0.00000 -0.00000 4.37530 3.27462 -8.25606
0.72196 0.97436 -0.05714 -10.78079 0.92611 794.11528 -0.00000 0.00000 -0.00000 -18.08720 -17.93122 19.88462 -4.03231 32.87836 13.60742 11.53448 -23.45720 31.28148 -0.39001 10.98899 4.05282 -0.00000 0.00000 -0.00000 11.13036 -34.54658 -18.29253 1.48428 20.95627 -8.01292 -12.41840 -25.92242 -28.82009 3.35932 30.38948 -12.32462 10.00564 -8.71159 -1.83720 4.36763 -7.78972 -2.54981 -1.03007 -3.60755 -1.44639 -6.45475 -14.11625 -5.26243 2.69977 25.97568 -6.24954 0.68624 10.90838 -3.01076 -0.00000 0.00000 -0.00000 15.50453 -16.13050 -109.43675 32.85900 -23.33741 -70.01210 -0.00000 16.46880 0.00000 45.63100 18.92856 17.60535 -7.12502 -0.00000 0.00000 20.96861 3.42338 413.85630 -0.00000 0.00000 -0.00000 -30.62861 42.01628 144.81764 -28.51161 -15.31349 55.76851 0.00000 16.49300 -0.00000 -17.04274 -5.13669 16.28135 7.12502 -0.00000 -0.00000 7.19122 4.51464 -13.04194
0.74785 0.97367 -0.01175 -7.18581 6.20771 767.04969 -0.00000 0.00000 -0.00000 -14.78430 -23.36346 19.53186 -16.59971 54.99508 31.31269 -0.14072 -2.17018 15.33648 -1.45666 20.77201 7.93536 -0.00000 0.00000 -0.00000 23.18803 -27.30652 3.45060 1.18809 18.86286 -7.14330 -10.43342 -24.08590 -26.37278 1.99851 24.06682 -9.35545 5.50312 -5.26511 -2.93841 4.17115 -6.97494 -3.76111 1.38800 -4.38608 -1.95140 -8.81497 -12.44990 -9.78133 7.73038 23.61181 -13.57677 1.37408 10.33210 -6.13394 0.00000 0.00000 -0.00000 26.63404 -10.21336 -108.14238 32.98941 -23.67128 -70.57436 -0.00000 17.94120 0.00000 44.51986 18.07178 17.50795 -7.12502 -0.00000 0.00000 19.79529 3.05301 413.41717 0.00000 0.00000 -0.00000 -31.10870 47.54461 141.68929 -26.70235 -12.94747 51.10581 0.00000 14.63120 -0.00000 -19.76062 -5.75242 15.58916 7.12502 -0.00000 -0.00000 4.94843 3.04852 -13.44026
0.77397 0.97013 0.02894 -3.39596 8.80297 742.26911 -0.00000 0.00000 -0.00000 -14.56176 -26.88464 14.01683 -30.31833 63.61436 47.19538 -0.15457 0.24062 6.77871 -0.29269 9.53939 3.50668 -0.00000 0.00000 -0.00000 25.24481 -28.10909 2.70309 1.96397 23.87440 -9.27046 -7.00064 -23.71274 -16.08521 1.01610 17.50617 -6.59223 2.95197 -3.47461 -4.43016 4.39485 -6.19841 -5.74887 3.20611 -4.30420 -2.86358 -11.74760 -8.46009 -12.71018 12.67808 20.64598 -18.51400 2.96827 9.55884 -8.42466 -0.00000 0.00000 -0.00000 35.41017 -3.05872 -108.51356 33.30781 -24.52969 -72.01413 -0.00000 15.83490 0.00000 42.17813 16.89986 17.78849 -7.12502 -0.00000 0.00000 17.44644 2.58698 413.17300 -0.00000 0.00000 -0.00000 -29.33855 54.57523 135.07911 -25.83515 -11.93619 49.00781 0.00000 16.95620 -0.00000 -19.35036 -5.60700 15.54744 7.12502 -0.00000 -0.00000 5.30891 3.25986 -13.53557
0.79919 0.96995 0.06961 0.73748 10.59668 716.15839 -0.00000 0.00000 -0.00000 -13.25255 -30.93521 7.93743 -33.90245 64.95788 51.17286 0.64258 -6.18859 7.00864 -1.07351 17.97263 6.78067 -0.00000 0.00000 -0.00000 27.35309 -26.13059 6.78695 2.26913 25.50752 -10.00089 -4.24950 -22.11455 -8.95397 0.12276 6.20056 -2.26626 1.49499 -2.70941 -5.29494 4.34641 -5.49658 -6.97396 4.02096 -3.78417 -3.45271 -12.37926 -6.50860 -13.42674 15.31483 19.73297 -20.26878 3.83898 9.41456 -9.22305 0.00000 0.00000 0.00000 40.05637 6.85344 -111.10673 33.19025 -24.20510 -71.47061 -0.00000 17.25030 0.00000 34.24610 17.75826 24.13336 -7.12502 -0.00000 0.00000 10.77089 2.73322 419.07229 0.00000 0.00000 0.00000 -24.26877 60.19604 126.65351 -25.46563 -11.52621 48.13585 0.00000 16.93520 -0.00000 -20.80642 -5.24343 13.52270 7.12502 -0.00000 -0.00000 4.31739 2.44524 -15.52809
0.82321 0.97009 0.11644 5.01029 9.99737 690.49690 -0.00000 0.00000 -0.00000 -11.09144 -30.60432 0.90952 -23.82288 60.40007 39.84442 1.38673 -12.65256 5.16052 -0.80936 15.69132 5.86863 -0.00000 0.00000 -0.00000 29.46550 -21.12304 17.06251 2.48642 26.58729 -10.49570 -1.90399 -20.72970 -2.24821 0.01695 -2.30923 0.84098 0.80941 -1.34761 -6.37677 4.44782 -5.04787 -8.44603 4.70486 -3.86887 -4.18060 -13.36400 -7.44854 -12.19355 15.43404 21.20603 -18.71813 4.18075 10.01711 -8.52427 0.00000 0.00000 -0.00000 37.16386 18.71423 -112.74181 32.35621 -22.13003 -67.96599 -0.00000 15.55130 0.00000 27.65695 17.26826 29.52903 -7.12502 -0.00000 0.00000 5.19247 1.75662 423.64034 0.00000 0.00000 -0.00000 -20.72651 66.89849 120.80959 -24.53821 -10.54773 45.99841 0.00000 19.33690 -0.00000 -21.44628 -5.34152 13.33197 7.12502 -0.00000 -0.00000 3.78269 2.12966 -15.66163
0.83799 0.97385 0.17272 7.90961 8.11622 669.52650 -0.00000 0.00000 -0.00000 -8.99372 -23.98954 -9.70460 -13.08915 51.20943 26.92606 2.13620 -16.10230 6.04064 -1.61632 21.81010 8.37505 -0.00000 0.00000 -0.00000 27.77701 -17.28860 21.63955 2.34084 25.87093 -10.16633 -0.23077 -19.85383 2.80956 0.05823 -4.27648 1.55960 1.66154 -1.24873 -7.32275 3.49521 -4.86919 -9.75084 3.31996 -3.94380 -4.88637 -12.35540 -8.19778 -10.55608 15.08539 22.59045 -16.80693 4.16566 10.30267 -7.58746 -0.00000 0.00000 -0.00000 32.56582 27.51694 -113.21142 31.05891 -19.45010 -63.32893 -0.00000 15.84750 0.00000 23.66182 16.91116 33.57876 -7.12502 -0.00000 0.00000 1.99828 0.81161 427.09585 -0.00000 0.00000 -0.00000 -3.16400 74.35332 100.02153 -23.96581 -9.97746 44.71205 0.00000 22.92620 -0.00000 -19.11857 -4.90652 13.86022 7.12502 -0.00000 -0.00000 5.74565 3.28284 -15.35439
0.84358 0.97499 0.23222 10.17528 5.21017 650.11529 -0.00000 0.00000 -0.00000 -7.74670 -13.19941 -18.64163 -6.61137 40.22220 17.92793 0.40411 -12.38001 -0.13235 -2.16053 24.94308 9.74608 -0.00000 0.00000 -0.00000 25.06507 -15.18708 27.39484 2.32741 25.80341 -10.13551 2.05614 -16.78682 10.06447 0.06789 -4.61632 1.68409 1.98733 -2.52661 -7.77060 2.90370 -4.61428 -10.43329 2.30240 -3.13251 -5.26692 -10.55797 -10.17765 -8.91284 11.78171 25.10532 -14.27370 3.01919 10.90646 -6.52288 0.00000 0.00000 -0.00000 26.31848 31.83988 -109.67944 29.95619 -17.51580 -59.86880 -0.00000 17.09690 0.00000 21.15314 16.89589 36.91092 -7.12502 -0.00000 0.00000 0.23040 0.10778 430.06978 0.00000 0.00000 -0.00000 15.11807 74.85543 75.52392 -23.81402 -9.83029 44.37477 0.00000 20.59060 -0.00000 -18.26951 -4.14471 12.34906 7.12502 -0.00000 -0.00000 6.68828 3.56919 -17.03712
0.84121 0.96976 0.28862 10.69228 1.85105 632.95316 -0.00000 0.00000 -0.00000 -10.12636 -4.99383 -20.70636 -5.70174 37.94190 16.48539 -1.27970 -14.34163 -7.72839 -0.04337 -3.69166 -1.34564 -0.00000 0.00000 -0.00000 24.37067 -20.96622 25.90130 3.78295 31.99323 -13.14252 3.52251 -13.00800 16.29645 0.01034 -1.80351 0.65666 0.95729 -3.15397 -8.01222 3.32733 -4.16370 -10.79323 3.08968 -2.06421 -5.43207 -4.67537 -9.78900 -7.68559 1.74641 22.40055 -10.86142 -0.50131 8.73960 -5.53146 0.00000 0.00000 -0.00000 16.49420 31.45336 -103.76756 28.66423 -15.53142 -56.18337 -0.00000 18.79670 0.00000 18.88951 15.98921 38.83486 -7.12502 -0.00000 0.00000 -1.73530 -0.86423 431.46691 0.00000 0.00000 -0.00000 35.52947 71.05849 49.29115 -24.40986 -10.41771 45.70792 0.00000 16.96450 -0.00000 -19.55322 -3.49627 9.74298 7.12502 -0.00000 -0.00000 5.85809 2.78270 -19.67761
0.83006 0.95710 0.33234 11.09130 -2.64373 615.82761 -0.00000 0.00000 -0.00000 -15.30009 -1.00505 -7.90879 -3.50809 30.96807 12.61621 -0.23501 -18.76129 -4.10861 -0.89724 -16.49107 -6.18570 -0.00000 0.00000 -0.00000 26.96093 -32.11512 18.61376 7.54895 42.31176 -19.34916 0.18496 -14.89415 3.39956 0.35600 10.50649 -3.87044 -0.49565 -4.52243 -7.84759 2.97447 -4.31873 -10.59674 3.29010 -1.31173 -5.32580 -2.68725 -10.71112 -4.88139 -0.13285 21.29576 -6.80290 -0.72926 8.38368 -3.65288 0.00000 0.00000 -0.00000 12.07533 28.29219 -95.89801 27.99144 -14.59375 -54.38223 -0.00000 18.09810 0.00000 15.98156 14.63344 41.41589 -7.12502 -0.00000 0.00000 -4.27137 -2.30710 433.32395 0.00000 0.00000 -0.00000 56.64327 64.61163 26.54553 -26.05374 -12.18444 49.52956 0.00000 15.35670 -0.00000 -21.27889 -2.92545 7.46576 7.12502 -0.00000 -0.00000 4.52816 1.92800 -21.98363
0.80769 0.94739 0.35946 11.46070 -5.75440 601.93574 -0.00000 0.00000 -0.00000 -21.18560 0.50210 -0.93900 -2.46829 26.49960 10.45515 1.51124 -19.56095 1.48895 -1.14451 -18.53032 -7.00737 -0.00000 0.00000 -0.00000 28.86382 -40.52664 10.76339 9.67923 46.31056 -22.39648 -3.54776 -19.12444 -9.19872 0.26079 9.01065 -3.30875 -0.65320 -6.53414 -8.25801 3.20859 -4.56422 -11.21824 3.28600 -0.39880 -5.67012 -1.00029 -11.48023 -2.23005 -1.11121 18.96792 -3.06822 -0.66985 7.71977 -1.80407 0.00000 0.00000 -0.00000 17.98302 23.76391 -88.18999 28.44946 -15.22565 -55.60067 -0.00000 14.17890 0.00000 13.62860 13.21331 43.31253 -7.12502 -0.00000 0.00000 -6.43932 -3.66761 434.54362 0.00000 0.00000 -0.00000 70.34482 57.42929 10.06767 -28.36795 -15.11123 55.38150 0.00000 12.24450 -0.00000 -22.84884 -3.27202 7.71413 7.12502 -0.00000 -0.00000 3.09833 1.34131 -21.61378
0.77046 0.94183 0.36129 11.58343 -8.01244 589.54449 -0.00000 0.00000 -0.00000 -22.78821 -3.15257 8.95889 -2.76108 27.86813 11.09599 0.95265 -15.30783 1.27855 -0.81468 -15.74105 -5.88827 -0.00000 0.00000 -0.00000 28.65617 -42.49761 -1.99736 7.59885 42.41653 -19.42321 -7.85572 -27.24784 -14.59017 0.92051 16.69546 -6.26718 0.04270 -9.21641 -8.50053 3.55088 -5.31599 -11.75990 2.90837 0.18924 -6.01279 0.99351 -11.67629 -0.09124 -2.33252 17.73507 -0.22890 -0.93929 7.36418 -0.40728 -0.00000 0.00000 0.00000 29.51841 23.34697 -81.54339 30.31361 -18.11507 -60.95311 -0.00000 8.32621 0.00000 9.84388 10.27770 45.79776 -7.12502 -0.00000 0.00000 -10.24111 -6.17445 435.76618 -0.00000 0.00000 0.00000 81.21897 48.08598 -7.15564 -29.99936 -17.58689 59.99808 0.00000 7.61256 -0.00000 -23.50261 -2.57507 5.89859 7.12502 -0.00000 -0.00000 2.63344 1.03545 -23.55040
0.72796 0.94164 0.34623 11.48186 -9.96562 576.17430 -0.00000 0.00000 -0.00000 -21.89062 -12.79847 13.37623 -7.23505 41.63839 18.87982 0.09745 -3.34802 1.38259 -0.17499 -7.39456 -2.70745 -0.00000 0.00000 -0.00000 32.30857 -34.95780 3.08578 5.15986 36.44009 -15.58902 -5.57992 -27.64684 -8.43490 0.27188 9.19817 -3.37888 1.62292 -12.22732 -7.90340 4.01413 -5.91322 -11.42460 2.18939 0.92279 -5.95827 2.07985 -10.75652 1.49576 -2.69545 17.02508 1.78879 -0.93505 7.01505 0.59507 0.00000 0.00000 -0.00000 42.77249 24.02544 -76.32866 32.82533 -23.25273 -69.86926 -0.00000 -0.14039 -0.00000 5.26931 5.79093 47.57100 -7.12502 -0.00000 0.00000 -15.47079 -9.47040 435.73071 0.00000 0.00000 -0.00000 84.05422 37.62448 -17.10440 -30.28491 -18.06604 60.86485 0.00000 6.32431 -0.00000 -21.10788 -0.64888 1.68039 7.12502 -0.00000 -0.00000 5.03534 1.52624 -28.18051
0.69142 0.94218 0.32505 9.48650 -9.70002 564.87288 -0.00000 0.00000 -0.00000 -15.25296 -24.78228 13.51316 -24.55533 60.82442 40.68504 1.38230 11.42248 -6.36550 -0.00138 0.65923 0.23995 -0.00000 0.00000 -0.00000 33.80456 -27.12438 8.83362 4.68596 35.02252 -14.77761 -4.58373 -28.06234 -5.70901 0.27092 9.18199 -3.37283 0.37139 -10.92019 -8.62331 5.07731 -5.65153 -12.35469 4.03716 1.01049 -6.43747 3.26455 -10.46485 2.81322 -3.79649 16.20207 4.31513 -1.14704 6.78673 2.11586 0.00000 0.00000 0.00000 44.84202 23.30364 -68.99243 34.49164 -28.59275 -78.76490 -0.00000 -10.08790 -0.00000 3.22861 3.77282 49.39413 -7.12502 -0.00000 0.00000 -17.61946 -11.28732 436.64512 0.00000 0.00000 0.00000 82.56662 30.36491 -19.79496 -30.21593 -17.94886 60.65356 0.00000 5.43680 -0.00000 -22.08192 0.36609 -0.90230 7.12502 -0.00000 -0.00000 4.19717 1.05246 -30.94807
0.65283 0.94801 0.30406 7.22513 -9.76546 553.07087 -0.00000 0.00000 -0.00000 -13.13299 -32.77351 4.99948 -43.38399 67.50763 61.52592 0.00403 0.41440 -0.96244 -0.05952 -4.32323 -1.57672 -0.00000 0.00000 -0.00000 33.18077 -18.87075 15.46850 3.95501 32.60830 -13.46451 -3.69523 -27.58842 -3.80330 0.07828 4.95619 -1.80872 -0.10446 -9.52694 -8.13596 5.07379 -5.72259 -11.70616 4.61378 0.28553 -6.13171 2.96769 -8.47720 3.62748 -3.79605 15.64514 5.52238 -0.98715 6.28588 2.71690 0.00000 0.00000 0.00000 34.70253 16.44114 -63.46409 34.97417 -31.21859 -83.13174 -0.00000 -21.65650 -0.00000 3.72292 4.17429 48.20598 -7.12502 -0.00000 0.00000 -17.29591 -10.64855 435.68587 0.00000 0.00000 0.00000 84.87818 24.16978 -20.87964 -30.27577 -18.05045 60.83677 0.00000 5.60263 -0.00000 -23.70406 0.29628 -0.67477 7.12502 -0.00000 -0.00000 2.67602 0.68189 -30.71473
0.60690 0.96033 0.27916 4.61711 -10.22312 542.12381 -0.00000 0.00000 -0.00000 -13.73334 -33.84185 -11.28985 -35.96367 65.62372 53.44173 0.21592 -6.65785 0.91589 -0.08097 5.04010 1.83951 -0.00000 0.00000 -0.00000 29.14550 -12.39480 19.84965 2.99508 28.89451 -11.58824 -2.12195 -26.02211 -0.59054 0.00942 1.72199 -0.62695 -0.59742 -8.93853 -7.86410 5.17039 -6.10064 -11.44599 5.19147 -0.30904 -6.04018 2.52706 -7.53178 4.45883 -4.84753 16.35260 7.03071 -1.05548 6.39794 3.37714 0.00000 0.00000 0.00000 19.37823 7.15340 -59.84521 34.77196 -29.96610 -81.04421 -0.00000 -30.83800 -0.00000 4.86975 5.38984 47.79124 -7.12502 -0.00000 0.00000 -15.92277 -9.78319 435.77852 0.00000 0.00000 0.00000 87.03254 23.82712 -20.34171 -29.88792 -17.40404 59.66525 0.00000 5.05364 -0.00000 -24.78462 0.40365 -0.87413 7.12502 -0.00000 -0.00000 1.66520 0.41710 -30.94176
0.55716 0.96726 0.25029 2.11780 -9.60517 530.01767 -0.00000 0.00000 -0.00000 -10.28578 -28.35365 -23.33299 -19.16411 57.20996 34.40138 0.22880 -10.90749 -0.61733 -0.32001 9.96883 3.66792 -0.00000 0.00000 -0.00000 23.97914 -5.11554 25.51667 1.92349 23.64613 -9.16997 -0.80875 -23.20336 1.93981 0.01835 -2.40282 0.87510 -0.72571 -8.05457 -8.06710 5.25777 -5.63922 -10.11738 5.38806 -0.38419 -4.70653 2.30019 -7.65445 4.93208 -4.97910 16.69544 7.72964 -0.95176 6.53794 3.67406 0.00000 0.00000 0.00000 10.72177 -2.06898 -57.86043 33.49443 -25.06575 -72.90963 -0.00000 -37.20500 -0.00000 6.76127 7.74731 48.66916 -7.12502 -0.00000 0.00000 -13.21102 -8.60491 437.51169 0.00000 0.00000 0.00000 89.57230 26.55116 -19.54706 -29.58678 -16.92094 58.78017 0.00000 5.74930 -0.00000 -24.65819 -0.20642 0.44965 7.12502 -0.00000 -0.00000 1.77382 0.49260 -29.48463
0.50304 0.96878 0.21518 -0.09426 -8.29589 516.41583 -0.00000 0.00000 -0.00000 -3.88867 -17.88794 -28.14948 -7.03179 41.18870 18.57254 -2.25284 -8.06308 -14.65467 -0.34748 10.38198 3.82347 -0.00000 0.00000 -0.00000 17.42727 -1.36741 29.28207 1.23015 19.17731 -7.27237 1.19041 -19.94662 7.16033 0.40495 -11.19398 4.13049 0.49515 -6.96603 -6.37928 4.21311 -5.93979 -7.98744 3.93496 -1.76592 -3.71159 2.38409 -6.93156 4.18596 -3.66586 18.91806 6.70813 -0.65094 7.05689 3.32251 0.00000 0.00000 0.00000 7.99987 -6.80771 -57.47979 31.14752 -19.61741 -63.62319 -0.00000 -36.26640 -0.00000 6.82300 8.10061 49.66500 -7.12502 -0.00000 0.00000 -12.80604 -8.67761 438.57434 0.00000 0.00000 0.00000 94.18761 29.41413 -21.27063 -29.56637 -16.88875 58.72089 0.00000 7.26605 -0.00000 -23.25383 -0.95391 2.21867 7.12502 -0.00000 -0.00000 3.03395 0.95367 -27.56636
0.44006 0.96455 0.17503 -2.89363 -6.04595 502.54182 -0.00000 0.00000 -0.00000 -5.69676 -10.63220 -26.24949 -4.78448 35.32597 14.94864 -6.06708 -11.29927 -25.53874 -0.72785 -14.90553 -5.55969 -0.00000 0.00000 -0.00000 10.44531 -3.23424 32.65454 1.26825 19.45683 -7.38755 2.38031 -16.14966 11.24757 0.54558 -12.95448 4.80269 -0.05472 -8.01885 -5.96958 4.05276 -4.34046 -7.67639 3.72219 0.48457 -3.66498 1.61271 -8.46844 4.49915 -3.57405 19.96744 7.20076 -0.33403 7.64353 3.44418 0.00000 0.00000 -0.00000 6.42285 -11.41595 -51.75609 28.50784 -15.30816 -55.75833 -0.00000 -40.70260 -0.00000 6.13154 8.42741 53.75852 -7.12502 -0.00000 0.00000 -12.30113 -9.65224 442.55742 0.00000 0.00000 -0.00000 93.94982 35.84512 -17.93968 -29.92942 -17.47188 59.78886 0.00000 8.30118 -0.00000 -22.08961 -1.36265 3.35339 7.12502 -0.00000 -0.00000 4.05880 1.37105 -26.36588
0.37378 0.96411 0.13555 -6.20555 -4.14231 488.68073 -0.00000 0.00000 -0.00000 -10.68685 -10.57596 -13.04408 -3.63877 31.46228 12.86836 -7.05570 -21.12619 -21.89477 -1.63816 -21.94731 -8.43367 -0.00000 0.00000 -0.00000 7.16945 -12.44613 30.13343 1.72975 22.51089 -8.67575 0.36084 -10.59869 3.89691 0.09315 -5.40468 1.97339 -0.31911 -8.03019 -4.79311 3.67733 -4.72096 -6.10675 3.62428 0.00172 -2.88776 2.86757 -7.41266 4.05000 -5.95270 20.29621 6.92565 -1.37465 7.68827 3.21472 0.00000 0.00000 -0.00000 2.75935 -8.47389 -45.28262 28.22585 -14.91381 -55.00184 -0.00000 -53.81850 -0.00000 5.19485 10.70584 63.92232 -7.12502 -0.00000 0.00000 10.77130 9.25648 265.21546 0.00000 0.00000 -0.00000 95.87075 36.29733 -18.69418 -31.14396 -19.61065 63.61131 0.00000 7.00637 -0.00000 -21.34430 -1.59032 4.06232 7.12502 -0.00000 -0.00000 4.70444 1.65812 -25.62742
0.31205 0.96930 0.10149 -7.98679 -3.49050 478.39137 -0.00000 0.00000 -0.00000 -15.90445 -7.32196 -11.43650 -2.01805 24.17483 9.40329 -2.31608 -26.19680 -10.11086 -2.41952 -26.26152 -10.34537 -0.00000 0.00000 -0.00000 9.67140 -24.66382 19.32358 3.00185 28.92341 -11.60225 -1.99264 -12.54281 -9.08814 0.19309 7.76463 -2.84469 0.01380 -7.72008 -4.89548 4.46711 -5.12096 -6.23378 4.33122 -0.52221 -2.93452 2.35781 -7.08234 3.85383 -7.16810 20.36401 6.96377 -1.67587 7.68026 3.08420 -0.00000 0.00000 -0.00000 -6.97059 0.02974 -34.38680 31.31338 -19.93604 -64.18161 -0.00000 -65.91970 -0.00000 5.03194 14.34950 70.44107 -7.12502 -0.00000 0.00000 9.11552 6.15200 258.73912 -0.00000 0.00000 -0.00000 97.13474 34.43633 -19.78474 -31.83007 -20.97835 65.99172 0.00000 3.62382 -0.00000 -22.54278 -1.67514 4.02840 7.12502 -0.00000 -0.00000 3.61059 1.27164 -25.62318
0.25951 0.97296 0.07409 -8.82746 -1.39654 472.08449 -0.00000 0.00000 -0.00000 -19.74972 -12.05263 -4.25717 -2.13256 24.79479 9.67956 -1.78643 -25.83226 -8.88500 -2.45274 -26.42401 -10.42024 -0.00000 0.00000 -0.00000 11.18884 -33.54430 8.24736 9.21096 45.50694 -21.74452 -3.94266 -17.00749 -13.47219 0.71635 14.79086 -5.51481 -0.45359 -7.50565 -5.17345 3.56967 -4.61816 -6.67097 3.60230 -0.14202 -3.20074 2.35688 -7.04776 3.24772 -6.04200 19.83223 5.76100 -1.50591 7.42759 2.58293 -0.00000 0.00000 0.00000 -22.51992 9.59167 -25.49859 33.79479 -25.99145 -74.45095 -0.00000 -71.10700 -0.00000 5.82000 17.27799 71.05851 -7.12502 -0.00000 0.00000 6.76709 4.41427 257.96889 -0.00000 0.00000 0.00000 101.86043 27.23764 -21.85496 -32.11981 -21.60000 67.06044 0.00000 1.82137 -0.00000 -24.97501 -1.20054 2.57557 7.12502 -0.00000 -0.00000 1.43682 0.46311 -27.13871
0.21335 0.97283 0.04536 -8.62600 -0.37149 463.50839 -0.00000 0.00000 -0.00000 -21.34160 -14.92330 1.06505 -2.12878 24.77469 9.67055 -1.05949 -25.90701 -7.18420 -2.02781 -24.22851 -9.42709 -0.00000 0.00000 -0.00000 13.28914 -36.76203 -0.38591 22.54469 59.61397 -38.36865 -2.55569 -12.07761 -14.18053 1.71151 22.40016 -8.62802 1.80560 -7.11846 -3.54939 2.34026 -3.69860 -4.72176 1.13706 0.19749 -2.30491 2.94494 -8.26711 2.12259 -4.47354 19.25633 3.64620 -1.40350 7.37255 1.69463 -0.00000 0.00000 0.00000 -42.13049 21.35053 -16.24492 35.07491 -32.00742 -84.45333 -0.00000 -73.47810 -0.00000 7.91972 19.44336 67.31937 -7.12502 -0.00000 0.00000 4.37921 3.22326 261.28673 -0.00000 0.00000 0.00000 104.09558 22.66394 -23.97481 -32.09577 -21.54729 66.97012 0.00000 0.18125 -0.00000 -27.47860 0.01510 -0.02904 7.12502 -0.00000 -0.00000 -0.85231 -0.22819 -30.01240
0.17568 0.97157 0.01982 -8.60444 1.19398 455.22119 -0.00000 0.00000 -0.00000 -22.91999 -18.02119 5.57531 -2.13820 24.82480 9.69301 -0.82791 -25.57965 -6.59742 -1.59222 -21.65744 -8.30996 -0.00000 0.00000 -0.00000 13.08528 -33.47629 -8.02464 31.88974 64.23480 -48.94481 0.30441 -0.35445 -11.36449 1.12219 18.35711 -6.93679 1.70283 -6.60021 -2.40998 1.28576 -3.71228 -3.20613 0.22016 -0.15672 -1.57085 2.96708 -7.94371 1.46539 -3.12943 18.65677 2.42196 -1.16492 7.06885 1.21474 0.00000 0.00000 -0.00000 -63.03079 34.85700 -5.39564 35.26325 -35.51228 -90.43002 -0.00000 -71.52510 -0.00000 11.61362 23.53960 62.77012 -7.12502 -0.00000 0.00000 0.34379 0.28663 264.81914 0.00000 0.00000 -0.00000 102.70062 24.61387 -25.53107 -31.74950 -20.81050 65.70184 0.00000 -0.74964 0.00000 -26.53161 -0.07047 0.14115 7.12502 -0.00000 -0.00000 0.03113 0.00844 -29.82200
0.14149 0.97183 -0.00322 -9.17369 2.12832 448.58354 -0.00000 0.00000 -0.00000 -24.38535 -21.21304 7.11423 -2.03460 24.26577 9.44363 -0.90528 -23.57063 -6.58347 -0.33691 -10.22511 -3.76436 -0.00000 0.00000 -0.00000 13.23563 -26.37158 -14.58703 22.60843 59.65462 -38.44253 0.68042 5.99199 -6.98496 1.14597 18.54151 -7.01193 1.26568 -7.89015 -1.80106 0.79371 -3.63731 -2.39726 -0.05918 0.63954 -1.16226 2.68904 -7.97923 1.39157 -2.75475 18.80592 2.28238 -1.01678 7.11310 1.15436 0.00000 0.00000 0.00000 -79.83157 42.40488 -0.39794 35.25952 -34.74980 -89.11146 -0.00000 -68.05820 -0.00000 13.12249 22.76468 58.93262 -7.12502 -0.00000 0.00000 0.32570 0.30842 268.43912 0.00000 0.00000 0.00000 99.52502 27.90063 -24.51991 -31.76450 -20.84159 65.75558 0.00000 -0.75955 0.00000 -26.56013 -0.27975 0.55959 7.12502 -0.00000 -0.00000 0.00333 0.00093 -29.35410
0.10304 0.97415 -0.02312 -10.73834 2.29065 442.42503 -0.00000 0.00000 -0.00000 -24.28591 -26.26082 6.76534 -2.18257 25.05902 9.79821 -0.67157 -20.18594 -5.63222 -0.01727 -2.33086 -0.84886 -0.00000 0.00000 -0.00000 18.22737 -17.03045 -12.38312 8.63949 44.47246 -20.93624 -0.15301 -2.54259 -6.02986 0.81344 15.72946 -5.88369 1.70731 -8.34691 -1.29270 0.78970 -3.91083 -1.75169 -0.26898 0.60274 -0.84314 2.73892 -9.07438 1.84483 -3.71230 18.35781 2.99303 -1.21631 7.19228 1.38571 0.00000 0.00000 -0.00000 -86.34953 46.80020 -5.05180 35.04971 -31.79399 -84.09512 -0.00000 -62.58150 -0.00000 14.64702 22.11715 55.23268 -7.12502 -0.00000 0.00000 -0.17082 -0.15980 448.08976 0.00000 0.00000 -0.00000 95.87695 30.95685 -20.53306 -32.05013 -21.44782 66.79952 0.00000 -1.02868 0.00000 -28.18160 -0.35936 0.67068 7.12502 -0.00000 -0.00000 -1.50442 -0.42528 -29.21868
0.06096 0.97371 -0.04207 -12.91042 2.08626 436.35791 -0.00000 0.00000 -0.00000 -19.36141 -38.02463 6.34512 -5.10744 36.28836 15.50062 -2.07117 -15.71793 -10.32359 -1.93275 -23.69864 -9.19305 -0.00000 0.00000 -0.00000 23.72159 -12.81212 -4.22514 4.59323 34.73248 -14.61545 -1.36080 -13.07849 -4.64878 0.09482 -5.45273 1.99105 3.42609 -7.91677 -1.01568 0.57655 -4.22174 -1.48446 -1.40728 -0.00612 -0.74489 3.21288 -8.12447 2.88758 -4.05566 15.07221 4.23006 -1.28598 6.02712 1.98143 -0.00000 0.00000 -0.00000 -82.55229 47.83391 -16.89841 34.42777 -28.31589 -78.30602 -0.00000 -58.74940 -0.00000 16.68856 22.44330 51.85805 -7.12502 -0.00000 0.00000 0.84362 0.71210 445.16476 -0.00000 0.00000 -0.00000 93.80824 35.14873 -16.38572 -32.60098 -22.70306 68.93978 0.00000 -1.26849 0.00000 -29.88852 0.34208 -0.59515 7.12502 -0.00000 -0.00000 -3.11141 -0.79600 -30.66362
0.03230 0.97152 -0.06008 -12.52159 2.67692 430.56846 -0.00000 0.00000 -0.00000 -13.67108 -44.92184 4.68898 -9.13823 45.37868 21.64246 -2.00484 -15.22686 -10.20611 -2.78391 -27.97076 -11.14474 -0.00000 0.00000 -0.00000 24.17168 -11.06593 -1.93823 3.38580 30.49376 -12.37690 -2.29463 -18.39223 -4.96993 0.16632 -7.21047 2.63927 3.78459 -6.12923 -0.91222 -0.35828 -4.13532 -1.31798 -2.52699 -0.92853 -0.70600 4.10316 -6.83476 3.79010 -3.50691 13.42863 5.21421 -1.20646 5.33164 2.55750 -0.00000 0.00000 -0.00000 -76.18386 46.69631 -26.45586 33.75384 -25.86007 -74.23252 -0.00000 -57.80230 -0.00000 18.00191 24.11466 51.50258 -7.12502 -0.00000 0.00000 2.35835 2.00148 445.29880 -0.00000 0.00000 -0.00000 93.62813 39.23911 -13.54962 -32.89835 -23.43717 70.18024 0.00000 -1.51069 0.00000 -29.29549 -0.44714 0.79688 7.12502 -0.00000 -0.00000 -2.53855 -0.72526 -29.06577
0.02434 0.96895 -0.07745 -11.06397 2.61790 424.35186 -0.00000 0.00000 -0.00000 -9.01473 -41.15632 -0.98623 -8.40435 44.02831 20.59927 1.44277 -17.02196 2.47316 -0.15909 -7.05307 -2.58103 -0.00000 0.00000 -0.00000 24.11059 -9.18659 0.45812 3.17253 29.63745 -11.95121 -2.77880 -19.98808 -5.63917 0.32639 -10.06636 3.70460 3.68868 -5.37660 -0.69707 -0.40600 -3.16336 -1.04753 -2.51867 -0.32048 -0.55767 4.71752 -6.02048 4.90622 -4.34818 12.33013 6.74861 -1.45375 4.94754 3.29235 0.00000 0.00000 0.00000 -73.76323 44.78195 -29.89291 33.31232 -24.54234 -72.03529 -0.00000 -57.41770 -0.00000 19.10461 25.33599 51.01263 -7.12502 -0.00000 0.00000 3.52673 2.98313 445.17814 0.00000 0.00000 0.00000 91.91777 43.52428 -10.28193 -32.94251 -23.55013 70.37049 0.00000 -2.16555 0.00000 -28.79960 -0.64002 1.16403 7.12502 -0.00000 -0.00000 -2.07686 -0.60950 -28.65145
0.03913 0.96515 -0.09359 -9.85949 2.30594 420.81014 -0.00000 0.00000 -0.00000 -6.09695 -33.48226 -6.39450 -5.50166 37.40107 16.15800 3.94871 -17.65287 12.57402 -0.54694 12.97021 4.80874 -0.00000 0.00000 -0.00000 22.88321 -7.86214 2.38908 3.67340 31.59115 -12.93459 -2.56331 -20.46479 -4.57986 0.50958 -12.52930 4.63947 4.09737 -5.30556 -0.74218 -0.48890 -2.95058 -1.13251 -2.83831 -0.15835 -0.60230 5.06111 -5.38847 5.22461 -5.02327 12.45790 7.27110 -1.68142 4.93515 3.53502 0.00000 0.00000 -0.00000 -74.22790 44.42709 -28.48690 33.21163 -24.26342 -71.56836 -0.00000 -55.41290 -0.00000 18.61496 25.44279 51.90241 -7.12502 -0.00000 0.00000 3.34460 2.91043 445.98501 0.00000 0.00000 -0.00000 92.81018 45.42380 -10.02907 -32.96491 -23.60784 70.46761 0.00000 -2.00440 0.00000 -28.92289 -0.61167 1.10684 7.12502 -0.00000 -0.00000 -2.19126 -0.64047 -28.71515
0.07318 0.96074 -0.11141 -8.73609 3.22461 421.34104 -0.00000 0.00000 -0.00000 -9.25664 -28.94762 -8.42306 -4.21974 33.51795 13.94974 2.68891 -15.01792 9.88627 -0.34577 -10.35675 -3.81397 -0.00000 0.00000 -0.00000 19.68146 -8.48635 4.46330 5.38313 37.07328 -15.96212 -2.59645 -18.96444 -5.70742 0.66951 -14.31320 5.32840 3.45161 -6.11474 -1.16764 -0.45452 -3.03800 -1.69418 -2.48060 0.17776 -0.86829 4.54171 -5.41710 4.81436 -5.63300 12.60296 6.85984 -1.81873 4.97093 3.27477 0.00000 0.00000 -0.00000 -75.43058 46.76169 -26.39281 33.34672 -24.63927 -72.19739 -0.00000 -52.11110 -0.00000 17.16343 24.24842 53.05587 -7.12502 -0.00000 0.00000 2.04780 1.82544 446.69737 0.00000 0.00000 -0.00000 93.84531 44.57903 -10.84247 -33.17846 -24.17305 71.41690 0.00000 -2.56632 0.00000 -28.64126 -0.14666 0.26852 7.12502 -0.00000 -0.00000 -1.93425 -0.53033 -29.67335
0.11739 0.96186 -0.12944 -6.87578 5.86371 424.56885 -0.00000 0.00000 -0.00000 -15.33688 -25.03078 -5.51751 -3.04803 29.11926 11.69744 2.09039 -17.23062 4.97241 -0.40652 -11.21525 -4.13856 -0.00000 0.00000 -0.00000 14.37702 -14.38629 5.18736 11.74090 49.44853 -25.17472 -1.58279 -10.10451 -9.96452 0.00633 1.41157 -0.51388 0.92864 -6.86018 -1.65183 -0.77337 -2.72970 -2.20441 -1.46477 0.95973 -1.09201 3.34193 -5.99199 3.64518 -6.17539 12.34959 5.44328 -1.91791 4.91563 2.48777 -0.00000 0.00000 -0.00000 -75.73223 50.61986 -23.94067 33.96043 -26.54227 -75.36579 -0.00000 -50.88230 -0.00000 18.20402 25.06978 52.18406 -7.12502 -0.00000 0.00000 2.95686 2.58654 446.14323 -0.00000 0.00000 -0.00000 93.20338 42.11496 -8.96365 -33.01888 -23.74808 70.70350 0.00000 -2.32952 0.00000 -28.81800 0.21062 -0.38283 7.12502 -0.00000 -0.00000 -2.10647 -0.54833 -30.41568
0.15861 0.96752 -0.13915 -5.26073 7.38717 425.00861 -0.00000 0.00000 -0.00000 -18.71140 -22.79272 -2.12133 -2.85260 28.27622 11.29047 1.75951 -18.50293 2.89148 -0.90537 -16.56281 -6.21428 -0.00000 0.00000 -0.00000 14.24062 -24.04109 9.49110 27.62984 62.42327 -44.17882 -0.61042 -5.02032 -12.66416 0.57841 13.32927 -4.94706 -0.18264 -4.98369 -0.64042 -1.08667 -2.97482 -0.80059 -1.03926 -0.27527 -0.38885 1.58539 -6.07404 1.91633 -5.71230 12.87185 3.27493 -1.69019 4.96866 1.37104 0.00000 0.00000 -0.00000 -73.63129 54.00831 -18.92634 34.86490 -30.50277 -81.93732 -0.00000 -49.51520 -0.00000 17.53719 24.73514 52.93828 -7.12502 -0.00000 0.00000 2.47443 2.20829 446.72230 0.00000 0.00000 -0.00000 94.71009 38.42569 -7.64264 -32.77657 -23.13112 69.66399 0.00000 -4.41696 0.00000 -30.31748 0.91251 -1.56004 7.12502 -0.00000 -0.00000 -3.53963 -0.83249 -31.78172
0.20002 0.97610 -0.13883 -5.76713 7.10307 423.98463 -0.00000 0.00000 -0.00000 -19.76284 -17.32324 -2.43108 -1.97557 23.93923 9.29906 2.66953 -19.71993 5.43857 -0.39185 -11.01449 -4.06247 -0.00000 0.00000 -0.00000 18.60692 -30.97320 12.42313 26.65239 61.94473 -43.07369 -1.57585 -11.23663 -7.99675 0.30125 9.67623 -3.55802 1.30821 -5.35821 0.98731 -0.99445 -2.90939 1.30362 -1.70178 0.06342 0.64936 1.01872 -5.65034 -0.00712 -5.77173 13.06419 0.76115 -1.86371 4.86839 0.12051 -0.00000 0.00000 -0.00000 -68.94204 54.02593 -14.59251 35.26046 -35.72376 -90.79797 -0.00000 -50.43380 -0.00000 16.45944 24.62170 54.65819 -7.12502 -0.00000 0.00000 1.94504 1.82810 448.20896 -0.00000 0.00000 -0.00000 94.80693 34.24331 -4.32190 -32.33496 -22.08147 67.88323 0.00000 -6.41461 0.00000 -31.01728 1.18056 -1.96253 7.12502 -0.00000 -0.00000 -4.21283 -0.95416 -32.26120
0.24099 0.98354 -0.13229 -6.69872 6.19321 425.22900 -0.00000 0.00000 -0.00000 -19.09342 -12.46295 -0.58231 -1.11861 18.32922 6.92544 2.55507 -19.16364 5.41161 -0.35063 -10.42811 -3.84087 -0.00000 0.00000 -0.00000 20.30450 -33.25648 9.48347 11.26497 48.77615 -24.54519 -3.63124 -18.72020 -9.93994 0.16541 7.19084 -2.63201 3.08713 -5.92298 1.50303 -0.76370 -3.04666 1.89650 -2.42232 0.30240 0.93319 0.34581 -5.39933 -1.60374 -4.88906 14.06103 -1.38957 -1.69884 5.06769 -0.91199 -0.00000 0.00000 -0.00000 -64.49613 47.10632 -13.20880 34.89163 -39.61407 -97.78717 -0.00000 -55.37270 -0.00000 12.74217 23.29677 60.24018 -7.12502 -0.00000 0.00000 0.13086 0.11841 627.13986 -0.00000 0.00000 -0.00000 94.39514 30.72262 -3.11150 -32.34356 -22.10111 67.91671 0.00000 -8.10780 0.00000 -33.89039 2.32598 -3.45753 7.12502 -0.00000 -0.00000 -7.01229 -1.35613 -34.10889
0.27933 0.98318 -0.11931 -6.61750 5.09491 427.75048 -0.00000 0.00000 -0.00000 -18.53078 -8.47702 0.48675 -0.87551 16.29748 6.10870 2.54113 -19.41336 5.18806 -0.50271 -12.44641 -4.60772 -0.00000 0.00000 -0.00000 20.62668 -29.03023 7.12508 3.27714 30.06228 -12.16140 -3.80065 -17.48386 -12.12901 0.13621 6.52939 -2.38754 3.97472 -5.85050 1.30178 -0.46986 -3.10758 1.58737 -2.63551 0.19253 0.76974 -1.07894 -5.30765 -2.87336 -3.70756 15.35446 -3.05633 -1.28922 5.44568 -1.72605 -0.00000 0.00000 -0.00000 -61.69720 37.05515 -15.30809 34.68027 -40.66113 -99.75858 -0.00000 -58.59620 -0.00000 9.07685 21.41545 66.36847 -7.12502 -0.00000 0.00000 2.61635 1.96724 621.91507 -0.00000 0.00000 -0.00000 92.76421 26.99370 -2.32914 -32.66648 -22.86101 69.20730 0.00000 -8.42906 0.00000 -36.31213 3.19180 -4.33266 7.12502 -0.00000 -0.00000 -9.38938 -1.62352 -35.27754
0.31263 0.97323 -0.10010 -4.79242 3.79253 428.87083 -0.00000 0.00000 -0.00000 -17.67509 -11.31345 2.02603 -2.95746 28.73320 11.51019 3.62420 -23.39839 6.04432 -0.13709 -6.55031 -2.39526 -0.00000 0.00000 -0.00000 22.76409 -23.98304 9.07539 3.11111 29.38356 -11.82652 -5.66881 -20.03085 -16.43611 1.03651 17.67362 -6.65976 4.19252 -4.55583 1.30312 -0.40373 -2.96997 1.62788 -2.72056 -0.37866 0.77486 -2.17985 -3.59325 -4.03496 -2.92765 16.18852 -4.61482 -1.00789 5.42811 -2.47264 -0.00000 0.00000 -0.00000 -60.46637 30.99853 -18.04355 34.99794 -38.96125 -96.58015 -0.00000 -59.17420 -0.00000 7.25779 18.25437 67.87454 -7.12502 -0.00000 0.00000 5.44572 3.95591 620.89179 -0.00000 0.00000 -0.00000 91.28712 22.94186 -0.73686 -32.89881 -23.43835 70.18223 0.00000 -12.08150 0.00000 -40.51821 3.75731 -4.38468 7.12502 -0.00000 -0.00000 -13.41875 -2.26987 -35.57436
0.33838 0.96807 -0.08378 -4.20730 0.76493 430.31697 -0.00000 0.00000 -0.00000 -12.69076 -21.02944 2.18572 -11.59642 49.24741 24.98429 0.90416 -13.91259 1.72799 -0.00406 -1.13088 -0.41166 -0.00000 0.00000 -0.00000 24.57250 -22.03437 5.72746 3.51698 31.00209 -12.63348 -5.55878 -21.34108 -14.21705 0.44006 11.66049 -4.30771 6.86742 -3.58837 1.07711 0.20648 -2.42963 1.27840 -3.60931 -0.35682 0.58119 -2.21001 -3.58629 -4.57914 -3.36527 17.80738 -5.19275 -1.24699 5.91319 -2.77788 0.00000 0.00000 -0.00000 -63.36489 30.39681 -18.28958 35.24786 -36.20365 -91.63676 -0.00000 -50.86370 -0.00000 6.87937 17.43959 68.07214 -7.12502 -0.00000 0.00000 6.14801 4.45414 620.79068 0.00000 0.00000 -0.00000 89.85059 18.84560 1.22712 -33.22365 -24.29635 71.62352 0.00000 -14.88790 0.00000 -42.13983 2.94515 -3.24999 7.12502 -0.00000 -0.00000 -14.83608 -2.89889 -34.19081
0.35939 0.96300 -0.06903 -3.97350 -0.33776 428.70595 -0.00000 0.00000 -0.00000 -6.79407 -33.18791 5.14353 -30.51458 63.69471 47.41437 0.05077 -2.66880 0.79122 -0.65606 14.17266 5.27372 -0.00000 0.00000 -0.00000 26.42015 -20.18708 5.56078 3.74544 31.85649 -13.07158 -5.87165 -22.82088 -13.53299 0.26110 9.01595 -3.31074 6.88877 -2.79946 1.12134 0.61173 -2.04884 1.38126 -3.21068 -0.40087 0.64031 -2.03308 -3.55613 -4.38745 -2.93786 18.22026 -5.00616 -1.13560 6.04691 -2.64626 0.00000 0.00000 -0.00000 -69.89008 33.45941 -13.41319 35.08337 -32.08207 -84.57875 -0.00000 -47.55830 -0.00000 6.63636 16.97392 68.27095 -7.12502 -0.00000 0.00000 6.56534 4.73307 620.63838 0.00000 0.00000 -0.00000 88.23574 17.40783 1.23281 -33.73479 -25.79955 74.13187 0.00000 -17.39660 0.00000 -41.23054 1.85527 -2.11564 7.12502 -0.00000 -0.00000 -13.85372 -3.08643 -32.68426
0.37830 0.96031 -0.06059 -4.21566 -0.07343 425.92301 -0.00000 0.00000 -0.00000 -1.38985 -40.71910 8.84748 -35.45716 65.46665 52.88531 0.06088 -2.30194 1.46664 -0.82521 15.83901 5.92698 -0.00000 0.00000 -0.00000 26.88318 -19.83391 5.81524 4.07089 33.01177 -13.67837 -5.75042 -23.64554 -12.27300 0.17571 7.40969 -2.71306 5.81643 -2.55768 0.90590 0.68256 -1.74601 1.11423 -2.54044 -0.26848 0.52423 -0.68912 -4.18348 -2.94791 -3.87712 19.17301 -2.96296 -1.45789 6.44444 -1.64572 0.00000 0.00000 0.00000 -77.07619 38.92165 -8.14874 33.85100 -26.17478 -74.75559 -0.00000 -47.16340 -0.00000 8.41884 18.53042 65.02860 -7.12502 -0.00000 0.00000 4.73471 3.78340 623.54353 0.00000 0.00000 0.00000 87.63479 18.01440 0.50097 -34.21534 -27.46201 76.89103 0.00000 -20.22720 0.00000 -37.08755 0.36597 -0.48410 7.12502 -0.00000 -0.00000 -9.83645 -2.55861 -30.56171
0.39550 0.96044 -0.05763 -5.02128 0.31143 425.11322 -0.00000 0.00000 -0.00000 2.04789 -44.57204 10.08322 -22.06702 59.30431 37.81405 0.01611 -0.82762 2.61295 -0.94764 16.93017 6.36097 -0.00000 0.00000 -0.00000 26.37167 -19.96804 4.45121 3.94020 32.55612 -13.43700 -5.85826 -23.95056 -12.29633 0.02693 2.90987 -1.06008 4.49505 -2.69287 -0.57363 1.03136 -1.19820 -0.86243 -1.47903 0.22733 -0.43591 0.82312 -5.50308 -0.52072 -6.37409 19.44398 0.66618 -2.06689 6.84114 -0.01920 -0.00000 0.00000 0.00000 -80.72244 42.93237 -12.13099 31.23741 -19.78920 -63.92457 -0.00000 -48.08270 -0.00000 10.61089 18.83669 59.87618 -7.12502 -0.00000 0.00000 3.53893 3.34418 628.32666 -0.00000 0.00000 0.00000 87.36003 21.36177 -1.24458 -34.62672 -29.21760 79.80111 0.00000 -21.07190 0.00000 -35.13555 -0.39647 0.56336 7.12502 -0.00000 -0.00000 -7.96611 -2.25639 -29.28613
0.41384 0.96223 -0.06227 -5.63959 0.23220 425.50353 -0.00000 0.00000 -0.00000 3.61621 -44.38987 12.13029 -10.74088 48.00154 23.84424 -0.19420 0.95518 6.14072 -0.41618 11.34534 4.18792 -0.00000 0.00000 -0.00000 24.88570 -20.21369 1.36529 3.74341 31.84908 -13.06774 -5.91041 -24.81214 -11.62024 0.04631 3.81465 -1.39061 5.44125 -1.55248 -2.53593 0.51556 -1.17161 -3.42753 -2.52249 -0.62533 -1.74562 2.84362 -5.67522 1.97649 -8.70090 19.47097 4.29231 -2.67556 7.08080 1.66220 0.00000 0.00000 -0.00000 -80.08672 42.76666 -20.34413 29.71174 -17.11951 -59.14500 -0.00000 -44.41410 -0.00000 10.40281 18.77972 60.30551 -7.12502 -0.00000 0.00000 3.66557 3.41779 627.94060 0.00000 0.00000 -0.00000 88.14487 27.71619 -3.35701 -34.80012 -30.12312 81.30533 0.00000 -19.24740 0.00000 -39.66869 -0.60949 0.73489 7.12502 -0.00000 -0.00000 -12.15549 -3.53665 -29.01879
0.43344 0.96252 -0.07002 -6.30974 1.80614 421.40929 -0.00000 0.00000 -0.00000 5.69157 -43.44057 21.02490 -7.52931 42.27035 19.31997 -0.69508 2.64830 10.21842 -0.33990 10.26965 3.78114 -0.00000 0.00000 -0.00000 23.63146 -20.61784 3.48872 3.95574 32.61086 -13.46586 -5.72069 -25.34426 -10.60434 0.00010 -0.17664 0.06429 4.97609 -1.65148 -2.45902 -0.13246 -1.42544 -3.32543 -2.92072 -0.83338 -1.70649 3.95028 -5.26697 3.69122 -10.14634 19.72902 6.84723 -2.98571 7.29483 2.84847 -0.00000 0.00000 -0.00000 -75.28879 41.85014 -29.29219 28.69859 -15.58093 -56.27729 -0.00000 -42.97270 -0.00000 11.59942 19.55099 58.47649 -7.12502 -0.00000 0.00000 2.71857 2.67512 629.50651 -0.00000 0.00000 -0.00000 89.12959 31.76523 -4.77417 -34.79704 -30.10572 81.27639 0.00000 -18.37870 0.00000 -45.79194 0.08256 -0.08031 7.12502 -0.00000 -0.00000 -17.89458 -4.95241 -30.03129
0.45429 0.96457 -0.08052 -6.27481 2.97435 421.87527 -0.00000 0.00000 -0.00000 -1.16358 -41.43839 16.04801 -6.37789 39.66283 17.56426 -0.30354 -0.56808 12.00476 -0.22050 8.29254 3.04092 -0.00000 0.00000 -0.00000 20.53324 -21.14500 2.41444 4.35178 33.95611 -14.18748 -6.37853 -27.13084 -10.86284 0.10469 -5.72814 2.09231 3.97742 -1.84882 -3.36175 -0.03532 -1.61854 -4.52070 -2.25630 -0.94028 -2.29878 4.65056 -5.12365 4.66805 -12.07211 19.96676 8.55515 -3.48880 7.54930 3.55884 0.00000 0.00000 -0.00000 -68.90225 42.12391 -38.41758 27.01346 -13.32824 -51.87792 -0.00000 -37.75470 -0.00000 11.37691 18.93615 58.19889 -7.12502 -0.00000 0.00000 3.13438 3.12535 629.87447 0.00000 0.00000 -0.00000 89.52235 32.48840 -7.19371 -34.82049 -30.23955 81.49904 0.00000 -18.08780 0.00000 -51.59837 -3.44937 2.73037 7.12502 -0.00000 -0.00000 -22.77554 -8.41125 -25.79186
0.46831 0.96298 -0.08745 -6.00573 3.60183 423.92564 -0.00000 0.00000 -0.00000 -7.76098 -38.24255 6.10042 -5.82180 38.25918 16.67997 0.35264 -3.81930 10.05571 -0.00071 0.47233 0.17192 -0.00000 0.00000 -0.00000 17.38892 -23.36670 0.42688 5.98797 38.68969 -16.94704 -5.87356 -27.31781 -9.41809 0.56586 -13.18743 4.89237 2.83746 -1.19565 -4.28293 0.23694 -2.27353 -5.69775 -1.20972 -1.91197 -2.88857 4.50851 -4.60410 5.04650 -13.18644 20.15992 9.39625 -3.71831 7.62125 3.88156 -0.00000 0.00000 -0.00000 -65.12991 45.05581 -43.76793 24.93808 -10.96107 -46.91151 -0.00000 -37.30510 -0.00000 11.79419 18.72809 56.96298 -7.12502 -0.00000 0.00000 -3.16910 -3.03996 808.76589 -0.00000 0.00000 -0.00000 89.98808 30.70068 -11.25026 -35.03401 -31.66719 83.88254 0.00000 -18.59060 0.00000 -52.62602 -2.58968 1.97664 7.12502 -0.00000 -0.00000 -23.82080 -8.31521 -26.86261
0.47209 0.95739 -0.08930 -5.67851 4.00537 426.00559 -0.00000 0.00000 -0.00000 -11.19631 -35.54526 1.07222 -5.14405 36.39447 15.56240 0.77965 -6.61204 8.24958 -0.05065 -3.98900 -1.45438 -0.00000 0.00000 -0.00000 16.16881 -23.61559 5.62308 8.58360 44.36791 -20.85639 -2.17541 -23.75827 -1.66740 1.30375 -19.71288 7.49343 1.79597 -1.11434 -5.23199 0.34421 -2.33312 -6.96034 -0.47606 -1.93282 -3.50029 4.77269 -4.86440 5.56492 -14.53110 20.41388 10.42983 -4.03805 7.90571 4.26720 -0.00000 0.00000 0.00000 -71.12121 45.20737 -39.18408 24.09507 -10.10410 -45.00050 -0.00000 -38.03440 -0.00000 10.53561 16.94568 57.45831 -7.12502 -0.00000 0.00000 -4.66597 -4.47763 808.72749 -0.00000 0.00000 0.00000 88.40252 27.38002 -11.84425 -35.08197 -32.06963 84.55784 0.00000 -21.49470 0.00000 -50.82614 -4.27158 3.47309 7.12502 -0.00000 -0.00000 -21.97392 -8.56266 -24.74587
0.45982 0.95219 -0.08190 -6.26822 3.62217 428.68717 -0.00000 0.00000 -0.00000 -12.32292 -34.53694 -3.10763 -4.35300 33.96012 14.18967 0.82266 -6.99790 7.91646 -0.14846 -6.81503 -2.49302 -0.00000 0.00000 -0.00000 19.33638 -20.19809 17.09257 9.61097 46.19575 -22.30199 2.45283 -21.72162 10.59893 1.66808 -22.13348 8.51340 0.97675 -1.47195 -5.59785 0.75960 -2.24130 -7.44915 0.34927 -1.49495 -3.72554 4.41797 -5.12055 5.69390 -14.95628 20.73089 10.82256 -4.03681 8.09210 4.37488 -0.00000 0.00000 0.00000 -77.29771 48.20048 -29.00290 24.97017 -10.99479 -46.98533 -0.00000 -37.72300 -0.00000 10.77656 16.89716 56.78109 -7.12502 -0.00000 0.00000 -4.65599 -4.36967 808.09227 -0.00000 0.00000 0.00000 87.26050 24.16926 -12.82535 -35.09284 -32.16770 84.72267 0.00000 -32.94750 0.00000 -47.02853 -12.09305 11.04343 7.12502 -0.00000 -0.00000 -17.83306 -11.00770 -14.30941
0.43120 0.95120 -0.06545 -6.14640 3.57547 434.59910 -0.00000 0.00000 -0.00000 -14.51533 -31.59085 -9.13781 -2.79891 28.03787 11.17668 0.38171 -4.30987 6.99205 -0.43352 -11.57512 -4.27523 -0.00000 0.00000 -0.00000 21.84189 -16.40110 22.45673 8.43373 44.08442 -20.64152 2.00497 -25.59817 9.38710 1.91325 -23.58797 9.14443 -0.22369 -0.57210 -5.75829 0.22201 -2.00398 -7.67115 0.54666 -1.66194 -3.82363 4.94037 -4.82497 5.69500 -15.06457 21.31314 10.93902 -4.14798 8.26651 4.46908 0.00000 0.00000 -0.00000 -84.73613 52.29979 -13.17382 27.05883 -13.38461 -51.99145 -0.00000 -39.80080 -0.00000 9.96766 15.87436 57.27883 -7.12502 -0.00000 0.00000 -5.54046 -5.23672 808.25643 0.00000 0.00000 -0.00000 85.47773 15.70997 -13.62702 -35.06738 -31.94223 84.34387 0.00000 -30.42610 0.00000 -35.45783 -3.89670 5.45077 7.12502 -0.00000 -0.00000 -8.14200 -3.25838 -23.33297
0.38942 0.95625 -0.04466 -7.87931 2.57704 440.65352 -0.00000 0.00000 -0.00000 -12.28767 -30.99520 -9.18096 -1.05428 17.81800 6.71809 -0.38403 3.10898 6.26942 -0.62414 -13.83287 -5.14181 -0.00000 0.00000 -0.00000 23.29060 -16.32173 16.92317 4.78564 35.32951 -14.95064 -1.43592 -26.78023 1.37495 0.39435 -11.04898 4.07554 -0.04231 -0.45840 -4.77715 0.14263 -1.87845 -6.36349 0.33199 -1.63829 -3.17395 6.19100 -3.97655 7.01020 -15.72453 21.79821 13.01294 -4.29049 8.54884 5.54097 -0.00000 0.00000 -0.00000 -92.91388 52.57279 2.86702 28.97095 -15.97922 -57.02907 -0.00000 -40.29460 -0.00000 10.27035 15.60042 56.02889 -7.12502 -0.00000 0.00000 -5.70076 -5.16111 807.02286 -0.00000 0.00000 -0.00000 82.88698 8.96262 -13.68667 -35.06300 -31.90491 84.28123 0.00000 -32.87200 0.00000 -25.72026 -3.09673 6.39884 7.12502 -0.00000 -0.00000 0.60090 0.24433 -22.87408
0.34341 0.96361 -0.02679 -9.28713 0.97672 446.14524 -0.00000 0.00000 -0.00000 -11.16685 -34.85821 -6.30068 -1.31459 19.79030 7.52552 0.00753 -0.82277 0.49929 -0.95478 -16.99125 -6.38542 -0.00000 0.00000 -0.00000 25.48386 -21.06818 14.62049 4.36407 33.99637 -14.20946 -2.01646 -24.17458 -1.04981 0.03669 -3.39585 1.23753 1.26033 -0.59816 -3.03117 -0.17827 -1.17374 -4.03986 -0.83978 -0.96533 -2.03025 6.90286 -3.74065 7.72219 -14.64276 22.11634 13.82705 -3.92641 8.64715 6.09018 0.00000 0.00000 -0.00000 -95.99319 51.15878 13.59706 31.14424 -19.61119 -63.61226 -0.00000 -42.85900 -0.00000 11.24245 14.95605 52.39602 -7.12502 -0.00000 0.00000 -5.98995 -4.78241 803.46964 0.00000 0.00000 -0.00000 78.55644 4.45095 -10.60261 -34.82115 -30.24340 81.50546 0.00000 -38.67430 0.00000 -16.04321 -1.97121 6.82116 7.12502 -0.00000 -0.00000 9.30364 3.80444 -22.95097
0.30047 0.96818 -0.01121 -9.34088 -0.93913 452.33232 -0.00000 0.00000 -0.00000 -13.63097 -39.77718 -4.68196 -7.22704 41.62087 18.86776 1.68088 -12.06018 7.64327 -0.01788 -2.37149 -0.86368 -0.00000 0.00000 -0.00000 27.35945 -21.06204 14.17305 3.11356 29.39377 -11.83152 -3.44788 -21.74998 -6.64029 0.03589 3.35885 -1.22402 1.35479 -0.27985 -1.88402 0.43791 -0.73998 -2.50506 -0.28812 -0.63853 -1.25751 6.25997 -4.88280 6.78335 -13.26008 24.35300 12.69778 -3.40334 9.37706 5.54791 0.00000 0.00000 -0.00000 -97.76829 50.14892 19.75082 32.86224 -23.34558 -70.02588 -0.00000 -46.21660 -0.00000 10.68880 12.48832 48.88332 -7.12502 -0.00000 0.00000 -8.09756 -5.59349 799.41377 0.00000 0.00000 -0.00000 73.49974 0.78044 -6.51376 -34.33214 -27.91982 77.64970 0.00000 -38.55390 0.00000 -10.07290 -1.29303 7.23956 7.12502 -0.00000 -0.00000 14.63397 6.11547 -22.80489
0.26161 0.97255 0.00318 -9.16012 -3.40671 458.38765 -0.00000 0.00000 -0.00000 -12.89603 -39.20634 0.60353 -19.07227 57.13711 34.29210 2.20832 -14.85213 7.55234 -0.43768 11.62947 4.29591 -0.00000 0.00000 -0.00000 28.14958 -22.45243 9.87074 2.04899 24.34447 -9.47859 -3.21169 -18.02161 -8.94150 0.02539 2.82566 -1.02935 1.31568 -0.28693 -1.26102 1.79189 -0.82397 -1.65132 1.11356 -0.66718 -0.81995 5.31888 -5.60562 5.17521 -12.35025 24.98990 10.46517 -3.27759 9.47257 4.50431 0.00000 0.00000 -0.00000 -99.42098 48.71087 22.43536 33.97527 -26.59327 -75.45043 -0.00000 -51.21770 -0.00000 10.23598 11.98009 48.97842 -7.12502 -0.00000 0.00000 -8.64090 -5.95463 799.31973 0.00000 0.00000 -0.00000 71.47361 -2.07051 -2.35275 -33.84773 -26.16402 74.73772 0.00000 -38.72930 0.00000 -10.70969 -1.14678 6.04064 7.12502 -0.00000 -0.00000 14.20413 5.58544 -23.96685
0.22414 0.97709 0.01748 -7.64316 -4.74000 466.71748 -0.00000 0.00000 -0.00000 -13.57000 -30.60664 5.40041 -21.62870 59.01208 37.30354 1.40149 -12.95545 4.98166 -0.50937 12.52677 4.63850 -0.00000 0.00000 -0.00000 27.22502 -21.44154 6.88285 1.22584 19.14534 -7.25922 -4.07569 -16.72179 -14.58592 0.53044 12.77758 -4.73471 1.05361 0.64457 -2.09813 2.81824 -0.86867 -2.71727 2.37114 -1.16188 -1.33883 3.89635 -5.47440 3.94127 -11.41626 25.36269 8.82839 -2.99184 9.36958 3.73982 0.00000 0.00000 -0.00000 -97.84883 47.43688 18.21178 34.27968 -27.71096 -77.30360 -0.00000 -56.26330 -0.00000 9.50995 11.65261 50.32749 -7.12502 -0.00000 0.00000 -9.07510 -6.53264 800.46100 0.00000 0.00000 -0.00000 74.56475 -4.14301 1.08793 -33.88104 -26.27424 74.92080 0.00000 -35.36360 0.00000 -16.73562 -1.80872 5.99223 7.12502 -0.00000 -0.00000 8.75630 3.42956 -23.77475
0.18242 0.98016 0.03152 -7.33473 -5.59579 474.87859 -0.00000 0.00000 -0.00000 -14.28182 -19.72418 9.59895 -7.17892 41.51530 18.79523 2.18832 -18.72744 4.34684 -0.00176 -0.74528 -0.27128 -0.00000 0.00000 -0.00000 24.67537 -23.12074 3.80809 0.80154 15.61785 -5.83964 -4.02059 -14.78105 -18.27891 0.79420 15.54858 -5.81232 1.82253 0.69920 -2.74520 2.77169 -1.07746 -3.55424 1.93292 -1.42774 -1.76091 3.41499 -6.30912 2.70662 -10.18123 25.99950 6.94858 -2.79639 9.57920 2.92785 0.00000 0.00000 0.00000 -93.40188 48.71002 8.75094 34.02970 -26.78278 -75.76486 -0.00000 -59.01610 -0.00000 10.23659 12.85065 50.92486 -7.12502 -0.00000 0.00000 -7.90213 -5.87855 801.42362 0.00000 0.00000 0.00000 78.06769 -5.41660 3.96193 -34.04104 -26.82277 75.83120 0.00000 -31.51050 0.00000 -22.24804 -2.69372 6.55381 7.12502 -0.00000 -0.00000 3.72464 1.51416 -22.90754
0.13467 0.97877 0.05257 -7.58722 -6.03336 481.14372 -0.00000 0.00000 -0.00000 -19.77301 -12.75090 -4.86525 -3.54087 31.09323 12.67980 3.81999 -24.33684 5.99881 -1.32017 -19.82998 -7.54198 -0.00000 0.00000 -0.00000 21.59669 -29.52010 4.87867 1.68810 22.25688 -8.56638 -3.11510 -13.45070 -15.23266 0.30842 9.78915 -3.60041 1.83288 1.95830 -3.00776 2.48831 -1.67835 -3.84849 1.77827 -2.76090 -1.91027 3.00411 -6.35066 1.77627 -8.30060 25.67829 5.16953 -2.41016 9.31756 2.26170 -0.00000 0.00000 0.00000 -89.02396 51.98040 -0.84558 33.51176 -25.11695 -72.99503 -0.00000 -57.13840 -0.00000 10.68211 13.61318 51.29034 -7.12502 -0.00000 0.00000 -7.17716 -5.44861 802.01804 -0.00000 0.00000 0.00000 78.66576 -4.44774 6.05371 -34.07793 -26.95416 76.04912 0.00000 -29.88030 0.00000 -27.55997 -3.45983 6.59599 7.12502 -0.00000 -0.00000 -1.06602 -0.44083 -22.53600
0.09547 0.97143 0.08370 -9.22353 -6.92223 481.53073 -0.00000 0.00000 -0.00000 -19.80530 -18.15488 -6.73335 -3.71403 31.74124 13.01197 3.32462 -25.31740 4.05161 -1.31329 -19.78107 -7.52169 -0.00000 0.00000 -0.00000 24.34948 -38.19845 16.79308 8.85809 44.87550 -21.24716 -2.19646 -14.41599 -7.95854 0.13729 6.55508 -2.39702 0.90425 0.42688 -1.37504 1.66809 -1.87273 -1.75840 1.27583 -2.13250 -0.86458 2.49670 -7.04329 0.90217 -6.48423 25.61594 3.53086 -1.99500 9.31092 1.62091 0.00000 0.00000 -0.00000 -84.22674 55.17920 -8.33673 33.20964 -24.25797 -71.55922 -0.00000 -56.29190 -0.00000 11.62874 14.78722 51.12060 -7.12502 -0.00000 0.00000 -6.01578 -4.59439 802.23846 0.00000 0.00000 -0.00000 80.63416 -3.56019 7.52857 -34.11716 -27.09607 76.28443 0.00000 -28.13370 0.00000 -32.52825 -4.73904 7.38114 7.12502 -0.00000 -0.00000 -5.53952 -2.44611 -21.24746
0.07190 0.96094 0.11964 -9.81569 -8.41842 484.20303 -0.00000 0.00000 -0.00000 -18.29407 -24.68298 -9.87426 -5.12994 36.35364 15.53861 1.57153 -27.05078 -1.13260 -2.08823 -24.55734 -9.57339 -0.00000 0.00000 -0.00000 23.79975 -40.48064 21.96288 22.72193 59.72660 -38.57400 -2.05225 -10.90670 -12.60493 1.44749 20.71040 -7.90948 1.03093 -1.64674 -1.01142 0.83117 -2.05994 -1.31489 0.28428 -1.19057 -0.64972 2.34465 -7.21655 1.11829 -6.11863 25.00093 3.70988 -1.81193 9.12732 1.72320 -0.00000 0.00000 0.00000 -84.10899 54.49970 -9.84621 32.84112 -23.29236 -69.93612 -0.00000 -55.41080 -0.00000 11.03599 14.06263 51.24737 -7.12502 -0.00000 0.00000 -6.73425 -5.12687 802.11816 -0.00000 0.00000 0.00000 83.80206 -0.75749 6.15174 -34.29288 -27.76297 77.38978 0.00000 -26.20490 0.00000 -36.29916 -5.50278 7.43778 7.12502 -0.00000 -0.00000 -8.88193 -4.02273 -20.82425
0.06291 0.95138 0.15690 -10.99044 -7.59275 485.17025 -0.00000 0.00000 -0.00000 -19.15032 -27.50504 -12.57922 -5.66194 37.83555 16.42059 1.73325 -26.98029 -0.71888 -3.52649 -31.03840 -12.65192 -0.00000 0.00000 -0.00000 16.93438 -36.34067 23.47796 32.28960 64.38460 -49.38852 -1.03049 -6.67664 -13.72312 2.95024 28.70208 -11.49515 -0.00021 -3.58399 -0.14729 -0.84999 -2.10664 -0.14605 -0.87543 -0.15275 -0.05678 3.80638 -7.52416 2.58614 -8.50964 24.94967 6.20804 -2.42612 9.35843 2.79532 -0.00000 0.00000 -0.00000 -85.56957 52.45813 -8.35964 31.87116 -21.06477 -66.14075 -0.00000 -56.71770 -0.00000 9.67979 12.25510 51.21557 -7.12502 -0.00000 0.00000 -8.51533 -6.35995 801.49603 -0.00000 0.00000 -0.00000 86.56845 3.80439 2.47175 -34.56671 -28.93279 79.32868 0.00000 -25.97370 0.00000 -37.37985 -6.57395 8.52237 7.12502 -0.00000 -0.00000 -9.82790 -4.76986 -19.35833
0.06649 0.94884 0.20099 -12.48673 -8.13996 484.65247 -0.00000 0.00000 -0.00000 -16.45207 -30.17889 -12.23476 -5.17302 36.47801 15.61118 1.29180 -25.37880 -1.29803 -3.82609 -32.14931 -13.22378 -0.00000 0.00000 -0.00000 10.92427 -28.43341 23.98614 23.79011 60.38065 -39.80674 0.53733 1.51274 -10.31642 2.66864 27.44676 -10.89684 0.03433 -5.66229 1.41189 -2.08222 -2.56475 2.00156 -2.06028 0.60836 1.03395 5.47848 -7.63613 5.13267 -10.77405 24.08616 10.06713 -2.79391 9.43731 4.53021 0.00000 0.00000 0.00000 -87.52767 49.48041 -6.60348 30.64957 -18.70164 -62.00335 -0.00000 -57.48530 -0.00000 9.14930 10.56474 48.70300 -7.12502 -0.00000 0.00000 -10.12856 -6.81017 798.57578 0.00000 0.00000 0.00000 88.46674 9.59424 -0.55456 -34.83960 -30.35118 81.68486 0.00000 -23.72430 0.00000 -38.61759 -6.30710 7.83074 7.12502 -0.00000 -0.00000 -10.91522 -5.14000 -20.08191
0.08914 0.95525 0.25663 -11.39100 -9.63452 488.26162 -0.00000 0.00000 -0.00000 -11.37614 -28.84521 -13.98550 -3.82470 32.14428 13.22115 0.92479 -21.72196 -1.17644 -4.30338 -33.79665 -14.10065 -0.00000 0.00000 -0.00000 10.20172 -13.83015 20.37858 9.53841 46.07286 -22.20135 -0.19494 -3.09385 -4.95992 0.03036 3.08990 -1.12579 0.06362 -4.00918 2.15327 -2.54121 -3.51238 2.99644 -2.63067 -1.22474 1.53138 7.63255 -6.25688 8.06145 -12.86716 22.71050 14.44430 -3.19521 9.24684 6.66543 0.00000 0.00000 0.00000 -89.76656 41.61398 -3.42961 29.51396 -16.80643 -58.56911 -0.00000 -58.31380 -0.00000 7.88226 7.76565 44.30377 -7.12502 -0.00000 0.00000 -13.13212 -7.25997 793.44325 0.00000 0.00000 0.00000 91.72226 15.46661 -6.28029 -35.10616 -32.29219 84.93207 0.00000 -21.35260 0.00000 -39.98406 -7.34062 8.66261 7.12502 -0.00000 -0.00000 -12.08591 -6.03564 -18.84633
0.12098 0.96229 0.31774 -10.98984 -13.82160 495.01386 -0.00000 0.00000 -0.00000 -6.93778 -29.70070 -18.59591 -2.29184 25.62337 10.05351 1.46023 -14.80876 3.87676 -2.24856 -25.40192 -9.95303 -0.00000 0.00000 -0.00000 15.60203 -10.31239 10.87404 4.24378 33.59847 -13.99323 -2.23993 -13.84034 -8.88572 0.11878 -6.09959 2.22906 1.16464 -4.66727 2.84444 -2.96833 -3.64504 3.91687 -3.64834 -0.85785 1.98415 9.25647 -5.67152 10.45013 -14.99306 19.30569 17.54386 -3.84035 8.57580 8.14815 -0.00000 0.00000 -0.00000 -86.60496 34.59883 -3.95441 29.71534 -17.12526 -59.15554 -0.00000 -56.05810 -0.00000 6.11463 5.18091 40.12849 -7.12502 -0.00000 0.00000 -16.36723 -7.35139 788.54137 -0.00000 0.00000 -0.00000 96.27190 20.97652 -11.07091 -35.25773 -34.66231 88.96092 0.00000 -16.50340 0.00000 -42.83368 -9.02221 9.60058 7.12502 -0.00000 -0.00000 -14.48529 -7.83650 -17.17614
0.15296 0.96290 0.36547 -9.68560 -16.14026 504.67377 -0.00000 0.00000 -0.00000 -10.86783 -37.21390 -14.75392 -3.07186 29.21955 11.74633 2.19016 -16.14324 6.25110 -0.18268 -7.55422 -2.76663 -0.00000 0.00000 -0.00000 20.02779 -11.06674 1.65278 2.91225 28.53750 -11.41584 -4.17749 -18.39492 -12.59156 0.08676 -5.21676 1.90436 2.36083 -3.67513 3.75173 -3.51159 -3.26106 5.09609 -4.90655 -0.78387 2.55528 10.31315 -6.62405 11.04737 -17.08503 18.36352 18.63024 -4.50124 8.82793 8.56935 0.00000 0.00000 -0.00000 -83.79761 30.16419 -3.11803 30.50084 -18.43904 -61.53447 -0.00000 -57.19390 -0.00000 4.79771 3.86484 38.76673 -7.12502 -0.00000 0.00000 -18.22965 -7.54575 786.73766 0.00000 0.00000 -0.00000 100.49003 26.01608 -16.86936 -35.18942 -37.25056 93.48695 0.00000 -10.24470 0.00000 -45.78257 -10.72005 10.25932 7.12502 -0.00000 -0.00000 -16.89528 -9.80995 -15.70953
0.18827 0.95737 0.39289 -7.68785 -17.32052 513.70726 -0.00000 0.00000 -0.00000 -17.50103 -46.78710 -2.39252 -8.26176 43.75342 20.39360 2.35822 -22.33513 2.87216 -0.85517 -16.11387 -6.03581 -0.00000 0.00000 -0.00000 24.02106 -12.97585 -3.37784 3.06939 29.20915 -11.74126 -5.48196 -20.82841 -14.59272 0.06146 -4.39319 1.60234 2.92095 -4.01279 4.98826 -3.15526 -2.61455 6.69516 -4.70175 0.23955 3.36855 10.19297 -6.42204 11.39505 -18.83270 16.75726 19.45292 -5.03518 8.54947 8.95194 -0.00000 0.00000 0.00000 -81.12396 27.51702 1.03956 31.14761 -19.61759 -63.62351 -0.00000 -58.75590 -0.00000 3.42432 2.67136 37.91513 -7.12502 -0.00000 0.00000 -20.01507 -7.80687 785.45031 -0.00000 0.00000 0.00000 102.84318 32.92249 -20.93185 -35.04738 -38.60986 95.93690 0.00000 -5.20964 0.00000 -47.38878 -10.04452 9.11510 7.12502 -0.00000 -0.00000 -18.31931 -10.13698 -17.00577
0.22471 0.95187 0.40030 -4.96230 -18.50954 521.73235 -0.00000 0.00000 -0.00000 -21.29463 -47.02532 7.45324 -12.33092 50.24404 25.94665 -0.41948 -21.92357 -5.09583 -2.84344 -28.23577 -11.27111 -0.00000 0.00000 -0.00000 26.75775 -16.67083 -7.84606 4.23239 33.56035 -13.97263 -4.19217 -18.55236 -12.45020 0.04655 -3.82427 1.39413 4.02033 -5.00571 6.40654 -2.59089 -3.51743 8.58286 -4.64793 0.10020 4.31159 10.04470 -6.76436 12.28685 -18.06712 18.48637 18.13788 -4.79538 8.95414 7.42259 0.00000 0.00000 -0.00000 -78.89190 27.55295 9.49406 30.68746 -18.76931 -62.12385 -0.00000 -55.20930 -0.00000 -0.75756 -0.58925 37.87430 -7.12502 -0.00000 0.00000 -24.96341 -9.22117 783.99460 0.00000 0.00000 -0.00000 104.95387 38.41476 -21.66340 -35.14102 -37.80222 94.47427 0.00000 0.87857 -0.00000 -45.84304 -7.22217 6.95971 7.12502 -0.00000 -0.00000 -17.22256 -8.19097 -20.31579
0.26120 0.94601 0.39214 -2.05659 -18.28256 528.85474 -0.00000 0.00000 -0.00000 -24.28296 -34.93368 6.69785 -5.58748 37.63494 16.29892 -1.01057 -26.23289 -7.10154 -0.04432 -3.73170 -1.36028 -0.00000 0.00000 -0.00000 27.13276 -19.76643 -11.71498 6.55794 40.09566 -17.84507 -1.49457 -10.97521 -7.74846 0.05922 -4.31237 1.57274 4.24771 -6.62207 7.32010 -1.84114 -4.12053 9.81798 -3.78969 0.37007 4.96068 9.48259 -6.95850 12.06741 -17.39231 18.83560 17.87357 -4.48955 8.95245 7.30376 -0.00000 0.00000 0.00000 -80.64290 32.02081 21.55484 30.67642 -18.74956 -62.08869 -0.00000 -51.97130 -0.00000 -5.26694 -4.13806 38.05279 -7.12502 -0.00000 0.00000 -30.33373 -10.66520 782.55119 -0.00000 0.00000 0.00000 104.65967 42.39822 -18.75561 -35.26173 -34.88429 89.34316 0.00000 6.79626 -0.00000 -44.44186 -6.61869 6.70316 7.12502 -0.00000 -0.00000 -16.03478 -7.40175 -20.85606
0.29507 0.94855 0.38191 -2.58582 -16.62104 536.52254 -0.00000 0.00000 -0.00000 -26.62918 -28.26955 1.07116 -4.37777 34.04119 14.23396 -1.31711 -28.51016 -8.01830 -0.30350 -9.71168 -3.57132 -0.00000 0.00000 -0.00000 16.28167 -29.29423 -17.91994 18.82036 56.93497 -33.99184 -0.01212 2.67939 -0.19162 0.00049 -0.39225 0.14277 1.39454 -7.02051 7.34436 -2.47442 -4.10421 10.07481 -2.82074 0.26513 5.14748 8.63276 -7.08330 11.68694 -16.50750 19.13146 17.36241 -4.11951 8.86106 7.07623 -0.00000 0.00000 0.00000 -88.13511 39.04082 31.66198 31.58038 -20.46476 -65.10284 -0.00000 -51.23320 -0.00000 -5.53639 -4.27036 37.53193 -7.12502 -0.00000 0.00000 -30.69510 -10.46385 782.01067 -0.00000 0.00000 0.00000 105.93607 41.77132 -16.28574 -35.02133 -31.56777 83.71599 0.00000 -1.86054 0.00000 -42.09185 -2.91929 3.22696 7.12502 -0.00000 -0.00000 -14.19934 -5.07942 -25.71455
0.32623 0.95141 0.37463 -0.82167 -14.79200 546.00470 -0.00000 0.00000 -0.00000 -24.67139 -23.11139 0.03786 -3.53533 31.07214 12.66907 -3.42499 -27.62670 -12.51557 -0.11263 -5.94054 -2.17048 -0.00000 0.00000 -0.00000 10.91262 -34.58570 -15.37755 37.47237 66.06787 -55.09517 -1.42437 -8.11010 -14.12416 0.22953 8.45905 -3.10293 1.48663 -6.31101 7.56712 -2.42790 -3.69490 9.79742 -2.85222 0.29800 4.75746 8.16973 -6.86257 10.86145 -16.56012 19.32133 16.33974 -4.24732 8.76432 6.56373 -0.00000 0.00000 0.00000 -97.84962 47.33693 36.13422 32.94934 -23.56770 -70.40006 -0.00000 -53.20860 -0.00000 -4.17905 -3.12401 36.71719 -7.12502 -0.00000 0.00000 -29.14381 -9.68377 781.78704 -0.00000 0.00000 0.00000 108.24651 37.95896 -17.97379 -34.67420 -29.45222 80.19052 0.00000 -7.75208 0.00000 -41.50889 0.41608 -0.47013 7.12502 -0.00000 -0.00000 -13.95840 -3.67068 -30.55610
0.36201 0.96058 0.36452 0.95832 -13.58777 555.02502 -0.00000 0.00000 -0.00000 -24.72767 -17.07993 -10.28594 -2.93396 28.63172 11.46121 -1.02935 -27.80532 -7.31329 -0.78764 -15.48631 -5.78779 -0.00000 0.00000 -0.00000 11.58256 -34.55559 0.04280 33.40853 64.78744 -50.62732 -2.04796 -13.13212 -8.64107 0.77827 15.39694 -5.75260 0.76058 -5.81006 6.88755 -2.34250 -3.69304 8.94898 -2.49274 -0.13049 4.35162 7.95325 -6.53731 9.97148 -15.14943 19.08530 14.89404 -4.02609 8.37557 6.06662 -0.00000 0.00000 -0.00000 -104.35522 54.81485 33.61565 34.58366 -29.01201 -79.46007 -0.00000 -56.98250 -0.00000 0.48955 0.34229 34.96024 -7.12502 -0.00000 0.00000 -23.89273 -7.64698 781.71977 -0.00000 0.00000 -0.00000 110.68006 34.07105 -22.38540 -34.36332 -28.04672 77.85997 0.00000 -1.68787 0.00000 -39.12118 -1.27052 1.56168 7.12502 -0.00000 -0.00000 -11.59811 -3.60184 -27.98072
0.40075 0.96908 0.35016 3.06229 -11.67571 565.25088 -0.00000 0.00000 -0.00000 -20.70460 -12.04414 -14.62385 -1.94624 23.77479 9.22656 -2.98377 -24.31766 -11.71683 -0.85062 -16.07247 -6.01940 -0.00000 0.00000 -0.00000 9.76385 -28.59425 10.26287 14.06972 52.37211 -28.17390 -4.20217 -20.34570 -10.44274 1.78251 22.82742 -8.81265 0.94356 -5.05441 5.53961 -2.01749 -3.33018 7.20346 -2.37702 -0.25626 3.50798 6.24262 -6.73610 8.74700 -13.29595 18.94288 13.08351 -3.41729 7.97385 5.27644 0.00000 0.00000 0.00000 -98.20429 63.52691 16.49304 35.21415 -33.60097 -87.14588 -0.00000 -56.58330 -0.00000 30.69983 8.08952 13.33316 -7.12502 -0.00000 0.00000 4.90761 0.04106 765.47824 0.00000 0.00000 0.00000 110.71760 31.28086 -26.49406 -34.29302 -27.76355 77.39075 0.00000 -1.54274 0.00000 -37.14014 -2.00646 2.64674 7.12502 -0.00000 -0.00000 -9.72992 -3.25353 -26.68620
0.44224 0.97368 0.32639 4.83329 -9.89799 573.50986 -0.00000 0.00000 -0.00000 -15.66588 -7.73625 -18.78710 -1.13308 18.44190 6.97132 -3.47748 -21.28263 -13.30589 -0.93024 -16.78008 -6.30097 -0.00000 0.00000 -0.00000 7.08506 -17.70101 18.87839 3.16313 29.59883 -11.93220 -6.93696 -24.05180 -15.47651 0.95161 16.96417 -6.37458 1.16138 -5.58213 4.19091 -1.79508 -3.18444 5.40752 -2.26621 0.10665 2.61969 5.38344 -6.93777 7.79258 -12.15775 18.63753 11.66599 -3.12518 7.69421 4.67088 -0.00000 0.00000 -0.00000 -76.81045 65.06663 -13.70921 35.26318 -35.51978 -90.44305 -0.00000 -56.76080 -0.00000 16.63988 12.34926 35.58728 -7.12502 -0.00000 0.00000 -5.31701 -2.17649 787.19893 -0.00000 0.00000 -0.00000 110.04493 30.01505 -30.46925 -34.37271 -28.08534 77.92397 0.00000 1.91618 -0.00000 -35.09328 -2.35685 3.34952 7.12502 -0.00000 -0.00000 -7.84183 -2.73215 -25.90940
0.48996 0.97179 0.29402 6.10352 -7.87713 579.18126 -0.00000 0.00000 -0.00000 -9.82638 -5.17320 -22.42280 -0.82412 15.82882 5.92295 -3.42733 -20.88298 -13.25103 -1.95270 -23.81115 -9.24257 -0.00000 0.00000 -0.00000 8.35683 -12.90414 20.66285 1.18777 18.86044 -7.14231 -5.47924 -20.69431 -14.75955 0.42127 11.41338 -4.21376 1.30446 -6.12927 2.88651 -2.01761 -3.11354 3.65927 -2.61216 0.42927 1.74581 4.88133 -7.00953 7.07312 -10.46914 17.47232 10.39846 -2.72760 7.14021 4.26242 0.00000 0.00000 0.00000 -63.47761 60.01605 -30.46787 35.26358 -35.47278 -90.36141 -0.00000 -62.66810 -0.00000 18.19294 14.84585 37.94068 -7.12502 -0.00000 0.00000 -2.83292 -1.33772 790.25692 0.00000 0.00000 0.00000 110.10605 31.00875 -33.21143 -34.51044 -28.67639 78.90354 0.00000 1.73330 -0.00000 -34.62284 -2.48183 3.58873 7.12502 -0.00000 -0.00000 -7.40912 -2.61868 -25.64128
0.53967 0.96777 0.25934 7.28221 -4.58959 582.76268 -0.00000 0.00000 -0.00000 -3.77612 -6.19012 -21.41782 -1.11240 18.28061 6.90567 -2.78075 -20.37274 -11.62487 -1.11208 -18.27810 -6.90464 -0.00000 0.00000 -0.00000 14.19738 -14.26469 13.74416 1.55338 21.40849 -8.20415 -4.90573 -19.60352 -14.00098 0.09767 5.53370 -2.02081 2.79365 -5.74041 1.72566 -2.02041 -2.78154 2.07020 -3.53745 0.52281 0.95684 4.94096 -5.82570 6.52125 -9.36981 14.52885 9.34160 -2.68649 5.91285 4.02741 -0.00000 0.00000 -0.00000 -62.09886 55.15097 -31.90007 35.16794 -32.95163 -86.04453 -0.00000 -62.88700 -0.00000 16.96372 14.80884 39.96000 -7.12502 -0.00000 0.00000 -3.60384 -1.84391 792.06199 -0.00000 0.00000 -0.00000 109.95689 32.60644 -34.37222 -34.61745 -29.17277 79.72674 0.00000 1.75774 -0.00000 -34.99906 -2.38198 3.39697 7.12502 -0.00000 -0.00000 -7.75504 -2.70967 -25.85599
0.58299 0.96701 0.22987 8.08181 -1.18574 584.42202 -0.00000 0.00000 -0.00000 -0.46455 -13.05549 -13.49216 -3.11686 29.40748 11.83824 0.11379 -20.63327 -3.33302 -1.06941 -17.93979 -6.76736 -0.00000 0.00000 -0.00000 19.57961 -17.08227 7.90486 2.19835 25.14161 -9.83542 -4.02259 -20.02408 -10.10758 0.03490 -3.31208 1.20693 4.41331 -4.45052 0.84154 -1.37156 -2.76274 0.88250 -3.86046 -0.26178 0.34484 5.12473 -4.87188 6.43626 -8.21475 13.22289 9.01907 -2.48117 5.29271 4.03897 0.00000 0.00000 -0.00000 -68.51843 53.94618 -25.31153 34.47222 -28.50744 -78.62349 -0.00000 -67.28050 -0.00000 16.61012 15.92922 42.61497 -7.12502 -0.00000 0.00000 -3.10539 -1.78423 794.85163 0.00000 0.00000 -0.00000 108.42134 33.10575 -33.84906 -34.51379 -28.69135 78.92835 0.00000 1.10591 -0.00000 -36.01246 -1.90055 2.61239 7.12502 -0.00000 -0.00000 -8.70009 -2.88886 -26.77050
0.61721 0.96586 0.20810 8.39402 0.54859 583.79552 -0.00000 0.00000 -0.00000 -1.22531 -21.10976 -5.14654 -8.63328 44.46088 20.92738 3.47672 -22.93313 5.91032 -0.04643 -3.81965 -1.39244 -0.00000 0.00000 -0.00000 23.55248 -16.88739 6.24294 2.14005 24.83462 -9.69741 -3.47191 -19.81730 -8.26806 0.19139 -7.73074 2.83211 5.55771 -4.66881 0.52474 -0.85218 -1.95324 0.41407 -3.97253 0.64959 0.15847 5.49597 -4.79437 6.58040 -7.90389 10.97194 9.08564 -2.52510 4.60595 4.19524 -0.00000 0.00000 -0.00000 -78.92772 46.34877 -18.16904 32.64081 -22.79886 -69.10208 -0.00000 -71.84510 -0.00000 16.27437 15.96413 43.29272 -7.12502 -0.00000 0.00000 -3.26217 -1.92287 795.48524 -0.00000 0.00000 -0.00000 105.93491 33.70329 -30.10231 -34.45655 -28.43932 78.51059 0.00000 -0.86271 0.00000 -37.45435 -0.76998 1.00498 7.12502 -0.00000 -0.00000 -10.09288 -2.98090 -28.71409
0.64684 0.96199 0.19318 8.98271 2.18504 582.44809 -0.00000 0.00000 -0.00000 -1.81220 -27.22402 2.71598 -16.62723 55.02100 31.34628 2.79532 -22.36484 4.18640 -0.13752 -6.56054 -2.39903 -0.00000 0.00000 -0.00000 26.79666 -18.51856 3.64093 2.39968 26.16380 -10.30045 -2.34269 -19.22471 -4.59456 0.26328 -9.05319 3.32466 6.76586 -3.51599 0.12824 -0.00420 -1.27237 -0.09567 -3.79741 0.64885 -0.07499 5.54071 -5.18842 7.12676 -7.49588 8.37608 9.68798 -2.44189 3.90823 4.58665 -0.00000 0.00000 -0.00000 -83.22862 31.89803 -16.70427 31.30860 -19.92677 -64.16539 -0.00000 -73.22050 -0.00000 16.10881 14.80180 41.49622 -7.12502 -0.00000 0.00000 -4.09345 -2.22233 793.45057 -0.00000 0.00000 -0.00000 103.93761 34.97131 -25.60912 -34.40251 -28.20923 78.12928 0.00000 -1.43296 0.00000 -38.24480 -0.21239 0.26946 7.12502 -0.00000 -0.00000 -10.86708 -3.02662 -29.62175
0.67161 0.95871 0.17971 10.32893 3.26502 581.56341 -0.00000 0.00000 -0.00000 -1.60050 -29.89421 9.53423 -20.14639 57.96242 35.56491 2.88449 -22.69473 4.26692 -0.14204 -6.66694 -2.43831 -0.00000 0.00000 -0.00000 30.24112 -19.41925 2.12393 2.33966 25.86501 -10.16362 -1.61459 -18.39264 -2.41580 0.31247 -9.85236 3.62415 7.13848 -2.49600 0.01101 1.19499 -1.56961 -0.20450 -2.76673 -0.23773 -0.17875 6.36381 -4.72071 7.28588 -7.63546 6.67475 9.80160 -3.00170 3.75705 4.72426 -0.00000 0.00000 0.00000 -79.81027 21.00807 -18.38251 31.31166 -19.93271 -64.17578 -0.00000 -66.87260 -0.00000 14.35106 13.71593 42.82317 -7.12502 -0.00000 0.00000 -5.73637 -3.22873 794.27819 -0.00000 0.00000 0.00000 104.16898 35.34530 -24.26345 -34.44540 -28.39126 78.43093 0.00000 -1.44747 0.00000 -38.60377 -0.54362 0.68085 7.12502 -0.00000 -0.00000 -11.17422 -3.22534 -29.10190
0.68964 0.95859 0.17033 10.97993 3.31964 582.24224 -0.00000 0.00000 -0.00000 -2.99373 -29.05698 14.16093 -16.27598 54.68623 30.91672 3.23357 -22.65292 5.35236 -0.14205 -6.66703 -2.43835 -0.00000 0.00000 -0.00000 30.80674 -22.17075 -0.68092 2.65863 27.40053 -10.87509 -0.77577 -17.80118 0.40444 0.18800 -7.66248 2.80678 5.08414 -2.36100 -0.04504 3.08376 -2.01567 -0.27599 0.32191 -0.75331 -0.23722 5.42861 -4.63864 7.02720 -7.57351 6.53673 9.51231 -2.83692 3.61045 4.55863 0.00000 0.00000 0.00000 -74.18594 14.31571 -25.30755 29.77523 -17.22142 -59.33167 -0.00000 -65.63780 -0.00000 11.24296 11.52923 45.15568 -7.12502 -0.00000 0.00000 -8.72304 -5.21287 795.63214 0.00000 0.00000 0.00000 103.49230 35.36749 -24.39164 -34.45501 -28.43265 78.49954 0.00000 -1.62192 0.00000 -38.80822 -0.53242 0.66196 7.12502 -0.00000 -0.00000 -11.36458 -3.27721 -29.12297
0.70351 0.95626 0.16982 9.55658 2.98176 584.95841 -0.00000 0.00000 -0.00000 -7.83323 -23.61877 11.64128 -9.77883 46.47668 22.53403 5.58214 -27.01004 8.90231 -0.08924 -5.29053 -1.93145 -0.00000 0.00000 -0.00000 28.18340 -26.93957 -2.14881 4.48762 34.39672 -14.42929 -0.36275 -16.27052 1.49352 0.16371 -7.15402 2.61838 3.15601 -1.20387 -0.85619 3.61175 -2.07499 -1.25483 1.96139 -1.43946 -0.70566 5.05597 -4.54691 6.96242 -7.58101 6.51259 9.45372 -2.77947 3.55835 4.52045 -0.00000 0.00000 0.00000 -67.43024 10.88243 -33.36681 26.78731 -13.05048 -51.31559 -0.00000 -70.32940 -0.00000 9.12411 9.84870 46.80323 -7.12502 -0.00000 0.00000 -10.80960 -6.73049 796.54249 -0.00000 0.00000 0.00000 104.29049 36.63208 -24.85464 -34.38214 -28.12431 77.98855 0.00000 -1.30182 0.00000 -38.19368 -0.49510 0.62927 7.12502 -0.00000 -0.00000 -10.79773 -3.09947 -29.17179
0.71530 0.95269 0.17706 6.11590 -0.06511 589.37704 -0.00000 0.00000 -0.00000 -16.21846 -20.31318 3.37063 -7.89215 43.02039 19.85555 4.86330 -28.55442 6.09079 -1.21830 -19.08932 -7.23620 -0.00000 0.00000 -0.00000 21.20098 -37.52090 -0.87804 11.54218 49.17124 -24.91264 -0.42348 -9.26966 -1.31199 0.00003 -0.09868 0.03592 0.17223 0.13386 -2.66401 2.08442 -1.78917 -3.56548 2.16101 -1.78234 -1.78643 5.35340 -4.67481 7.40018 -7.64083 5.38574 9.97525 -2.85341 3.25386 4.80483 -0.00000 0.00000 -0.00000 -66.23708 6.91414 -42.54299 22.81364 -8.90071 -42.18889 -0.00000 -69.67510 -0.00000 9.44577 10.30933 47.08838 -7.12502 -0.00000 0.00000 -10.30883 -6.52139 796.98111 -0.00000 0.00000 -0.00000 106.54602 40.45296 -25.61558 -34.34732 -27.98133 77.75162 0.00000 0.46282 -0.00000 -37.65236 -1.09012 1.41251 7.12502 -0.00000 -0.00000 -10.25462 -3.13042 -28.20346
0.72175 0.94561 0.18002 4.35273 -3.00351 590.54453 -0.00000 0.00000 -0.00000 -19.19262 -19.63056 6.18266 -6.01204 38.75126 16.98553 4.04714 -29.19567 3.82161 -1.48195 -20.94082 -8.00641 -0.00000 0.00000 -0.00000 22.28835 -44.82325 9.71284 18.75202 56.87955 -33.91027 -0.72177 -6.72369 -7.02874 0.30962 9.80791 -3.60745 -0.44543 0.02395 -3.74700 0.17839 -1.81623 -5.02102 0.59391 -1.81184 -2.50797 5.76325 -4.07003 8.11246 -7.13001 4.45885 10.86077 -2.76238 2.87818 5.29994 0.00000 0.00000 0.00000 -73.78963 2.95789 -47.68334 21.08807 -7.44848 -38.54992 -0.00000 -63.99430 -0.00000 9.66460 10.02056 45.61641 -7.12502 -0.00000 0.00000 -10.52226 -6.28400 795.51077 0.00000 0.00000 0.00000 110.58166 44.07482 -28.92994 -34.42634 -28.30982 78.29596 0.00000 3.91206 -0.00000 -35.55391 -2.33465 3.26212 7.12502 -0.00000 -0.00000 -8.26345 -2.86718 -25.99536
0.72261 0.94292 0.17247 2.52314 -4.08867 593.29516 -0.00000 0.00000 -0.00000 -23.47780 -17.33299 0.71906 -6.18427 39.18591 17.25938 4.76981 -30.08875 5.00080 -1.43395 -20.61899 -7.87111 -0.00000 0.00000 -0.00000 24.02594 -41.82715 20.09605 15.11545 53.51701 -29.48417 -0.34160 -7.44399 -1.69205 0.04558 3.78454 -1.37960 -1.06335 0.90395 -5.41268 -0.81193 -1.86952 -7.28665 0.11040 -2.36977 -3.63406 5.09234 -3.49782 8.79326 -6.11240 5.31488 11.80468 -2.22801 2.98215 5.78590 -0.00000 0.00000 0.00000 -83.47391 0.51897 -48.53444 22.54863 -8.66568 -41.61984 -0.00000 -62.24800 -0.00000 9.84539 9.37549 43.18830 -7.12502 -0.00000 0.00000 -11.05903 -5.97051 793.02148 -0.00000 0.00000 0.00000 113.45397 44.84109 -32.44267 -34.46728 -28.48592 78.58783 0.00000 4.36305 -0.00000 -34.45442 -2.32330 3.38134 7.12502 -0.00000 -0.00000 -7.25893 -2.52813 -25.89899
0.71560 0.94293 0.15362 1.36506 -4.40262 595.80200 -0.00000 0.00000 -0.00000 -23.13477 -14.84596 2.28539 -5.60071 37.67074 16.32058 3.68069 -29.57455 2.80038 -1.64984 -22.02018 -8.46485 -0.00000 0.00000 -0.00000 23.44435 -36.37537 23.44210 12.13011 49.97783 -25.68493 0.04007 -6.79733 1.55695 0.00100 -0.56162 0.20442 -1.09781 0.46440 -6.04620 -1.52944 -1.96592 -8.15769 -0.60583 -2.31840 -4.08327 5.15358 -2.95326 8.85405 -6.10054 5.94840 11.91670 -2.22447 3.10531 5.84086 -0.00000 0.00000 -0.00000 -84.12013 0.24713 -48.40540 22.86116 -8.94333 -42.29133 -0.00000 -61.91890 -0.00000 11.62137 11.24621 43.47978 -7.12502 -0.00000 0.00000 -8.81172 -4.92736 793.99012 -0.00000 0.00000 -0.00000 115.78539 40.65520 -35.00834 -34.42714 -28.31319 78.30156 0.00000 2.77290 -0.00000 -35.40633 -1.40035 1.96905 7.12502 -0.00000 -0.00000 -8.16455 -2.58095 -27.57463
0.70408 0.94493 0.12645 1.82373 -3.97849 600.00433 -0.00000 0.00000 -0.00000 -21.52215 -15.27914 0.82350 -7.07077 41.27580 18.63168 2.74752 -26.70456 1.88211 -1.59097 -21.64953 -8.30660 -0.00000 0.00000 -0.00000 21.40299 -31.07393 17.63356 8.61688 44.43024 -20.90396 -0.57159 -13.74566 -0.20140 0.19916 -7.88475 2.88929 -1.30408 -0.63392 -6.48740 -1.06182 -2.31228 -8.72527 -0.10406 -1.97189 -4.36274 4.69692 -3.20393 8.25378 -6.28112 6.81645 11.16603 -2.19708 3.38516 5.42778 -0.00000 0.00000 -0.00000 -78.63947 4.55654 -43.82437 24.36260 -10.37015 -45.60126 -0.00000 -64.77860 -0.00000 13.32894 15.12547 47.76108 -7.12502 -0.00000 0.00000 -5.19049 -3.54859 799.26910 -0.00000 0.00000 -0.00000 116.18617 36.87281 -36.96779 -34.41601 -28.26605 78.22344 0.00000 1.19058 -0.00000 -38.00830 -0.00960 0.01228 7.12502 -0.00000 -0.00000 -10.66359 -2.90316 -29.94470
0.69372 0.95161 0.10106 3.79346 -1.41948 601.04376 -0.00000 0.00000 -0.00000 -15.06629 -23.40186 1.57960 -15.00105 53.39619 29.34178 0.47497 -16.02357 -0.98161 -0.44099 -11.67258 -4.31231 -0.00000 0.00000 -0.00000 25.09111 -27.32295 12.35220 5.64263 37.78372 -16.38908 -1.62993 -16.71642 -3.40837 0.04665 3.82837 -1.39563 0.83478 -0.81334 -5.42355 0.32131 -2.28420 -7.26345 0.06580 -1.93765 -3.65423 3.94885 -4.53391 7.07069 -5.56885 7.17303 9.56158 -1.86364 3.57933 4.61511 -0.00000 0.00000 -0.00000 -72.87676 12.23888 -36.84552 28.14055 -14.79654 -54.77542 -0.00000 -69.27570 -0.00000 15.18686 19.98041 51.53614 -7.12502 -0.00000 0.00000 -1.24068 -1.01169 804.18905 -0.00000 0.00000 -0.00000 113.99146 36.74311 -35.69445 -34.10196 -27.04081 76.19279 0.00000 1.54418 -0.00000 -37.58414 0.22173 -0.28808 7.12502 -0.00000 -0.00000 -10.28755 -2.72550 -30.31959
0.68132 0.95867 0.08258 5.48973 0.19317 601.12459 -0.00000 0.00000 -0.00000 -11.12536 -32.76620 0.91154 -28.61571 62.88042 45.28873 1.17989 -13.26552 3.51823 -0.00197 -0.78665 -0.28634 -0.00000 0.00000 -0.00000 27.20831 -25.40934 9.58553 4.37730 34.03964 -14.23311 -1.19520 -15.72493 -2.12761 0.12876 6.34928 -2.32109 3.02815 -1.38161 -4.01017 1.40620 -2.36256 -5.39892 -0.13717 -1.79049 -2.76077 2.92754 -4.84911 6.04869 -5.77384 8.45937 8.31091 -1.78914 3.99067 3.91847 0.00000 0.00000 -0.00000 -64.30818 19.18647 -29.70647 31.93251 -21.19483 -66.36476 -0.00000 -66.97990 -0.00000 13.96451 24.92837 59.45999 -7.12502 -0.00000 0.00000 -1.27431 -1.16620 627.45703 0.00000 0.00000 -0.00000 108.97297 39.29814 -31.85037 -33.76219 -25.88673 74.27685 0.00000 2.43020 -0.00000 -36.01408 -0.41053 0.56473 7.12502 -0.00000 -0.00000 -8.78112 -2.49259 -29.27581
0.66672 0.97067 0.06913 5.77235 -0.37006 600.43611 -0.00000 0.00000 -0.00000 -12.67569 -33.73919 -1.83483 -23.73662 60.34888 39.74519 1.49818 -15.40121 3.65969 -0.00062 -0.44280 -0.16117 -0.00000 0.00000 -0.00000 27.22569 -21.11065 9.89586 2.98481 28.85059 -11.56696 -1.41004 -15.41469 -3.25160 0.11078 5.89174 -2.15251 3.32682 -2.35546 -2.07175 1.57965 -2.61857 -2.86719 -0.21874 -1.44906 -1.50607 1.74612 -4.98217 4.77853 -5.43112 13.33059 6.77294 -1.29213 5.02009 2.96286 -0.00000 0.00000 -0.00000 -54.19810 21.19862 -26.16027 34.00061 -26.68099 -75.59599 -0.00000 -64.08940 -0.00000 11.11676 27.48385 66.93676 -7.12502 -0.00000 0.00000 -2.29902 -1.63174 620.34726 -0.00000 0.00000 -0.00000 103.77142 38.50523 -27.27406 -33.70753 -25.71359 73.98887 0.00000 5.91414 -0.00000 -32.49117 -0.29982 0.47076 7.12502 -0.00000 -0.00000 -5.51309 -1.54227 -29.41886
0.65080 0.98094 0.06124 6.07347 -0.67276 600.59401 -0.00000 0.00000 -0.00000 -15.12878 -30.04943 -5.08484 -14.22568 52.54880 28.37059 0.64802 -17.72756 -0.84464 -0.44932 -11.78024 -4.35330 -0.00000 0.00000 -0.00000 27.04887 -15.04088 12.22829 1.69490 22.29860 -8.58432 -2.00955 -15.24088 -6.18544 0.13304 6.45342 -2.35950 4.22963 -3.83984 -0.52819 1.92699 -2.77575 -0.92871 -0.39962 -0.73406 -0.55206 0.86707 -5.55634 3.57810 -5.10165 18.26419 5.22454 -1.07694 6.58617 1.96877 0.00000 0.00000 0.00000 -43.79214 17.11795 -26.04440 34.53634 -28.79320 -79.09721 -0.00000 -66.47970 -0.00000 8.57768 27.71013 72.02786 -7.12502 -0.00000 0.00000 -1.94096 -1.16080 615.87034 0.00000 0.00000 0.00000 100.12393 35.44771 -23.84603 -33.81868 -26.06894 74.57973 0.00000 6.07913 -0.00000 -32.14638 0.09391 -0.14944 7.12502 -0.00000 -0.00000 -5.20969 -1.38519 -30.15092
0.63627 0.98420 0.06039 5.17692 -0.59586 599.38724 -0.00000 0.00000 -0.00000 -16.44374 -22.97318 -3.05211 -8.30620 43.83955 20.45781 -0.00174 -18.69012 -3.32996 -0.97809 -17.18912 -6.46475 -0.00000 0.00000 -0.00000 25.60886 -11.15298 11.58764 1.17276 18.74668 -7.09574 -1.67423 -14.60065 -5.07458 0.07639 4.89619 -1.78671 5.77793 -3.55266 0.78952 1.90738 -2.33118 0.78856 -1.25297 -0.35568 0.30308 0.16771 -5.81540 2.43330 -3.87136 20.90757 3.48286 -0.75298 7.41555 1.06866 0.00000 0.00000 -0.00000 -33.74930 8.71325 -26.34133 34.28691 -27.73940 -77.35073 -0.00000 -75.35340 -0.00000 5.83179 24.46777 76.14727 -7.12502 -0.00000 0.00000 1.24406 0.65058 612.60294 0.00000 0.00000 -0.00000 98.25940 33.48149 -21.14779 -33.91511 -26.38833 75.11024 0.00000 5.76734 -0.00000 -32.19770 0.37951 -0.60268 7.12502 -0.00000 -0.00000 -5.27208 -1.34929 -30.68452
0.62606 0.98131 0.06300 5.39901 -0.43710 599.05578 -0.00000 0.00000 -0.00000 -16.82188 -17.16969 0.95847 -4.51062 34.47033 14.46996 1.47770 -23.26489 -0.09464 -1.00496 -17.41394 -6.55510 -0.00000 0.00000 -0.00000 25.31317 -12.03383 11.34386 1.44433 20.68908 -7.90053 -1.48260 -15.93021 -3.25855 0.00969 1.74600 -0.63570 6.56212 -3.68254 0.90487 2.63313 -1.94253 0.86101 -0.93052 0.12210 0.34503 -0.88562 -6.08767 2.08502 -2.00588 21.89030 2.74707 -0.06296 7.73731 0.76371 0.00000 0.00000 0.00000 -26.21870 0.01999 -26.40075 33.17521 -24.16424 -71.40213 -0.00000 -79.46320 -0.00000 4.42936 21.59992 78.11705 -7.12502 -0.00000 0.00000 3.93628 1.92612 611.03380 0.00000 0.00000 0.00000 97.16734 33.26590 -19.67434 -33.96860 -26.57033 75.41236 0.00000 6.13390 -0.00000 -31.34660 0.20544 -0.33726 7.12502 -0.00000 -0.00000 -4.46834 -1.16885 -30.37020
0.62212 0.97613 0.07174 5.14912 -2.16519 599.96768 -0.00000 0.00000 -0.00000 -20.78456 -13.56612 1.32699 -2.46292 26.47354 10.44311 3.02536 -25.57114 3.12451 -0.23021 -8.47153 -3.10758 -0.00000 0.00000 -0.00000 22.90631 -18.37088 12.20048 3.23524 29.89323 -12.07752 -1.15474 -17.85641 -0.96723 0.01251 -1.98373 0.72233 5.02207 -3.19700 0.05509 2.93984 -1.76188 -0.18527 0.20769 -0.02160 -0.16146 0.67402 -6.74601 1.59726 -4.16238 22.54043 2.28008 -1.09127 8.11668 0.43578 -0.00000 0.00000 0.00000 -21.93367 -8.71323 -28.11390 30.83983 -19.04466 -62.61280 -0.00000 -80.14110 -0.00000 3.16129 17.96410 79.84729 -7.12502 -0.00000 0.00000 7.31188 3.37014 609.61460 -0.00000 0.00000 0.00000 98.03122 32.83772 -19.90771 -33.92748 -26.43008 75.17957 0.00000 7.47474 -0.00000 -30.83454 0.28226 -0.47284 7.12502 -0.00000 -0.00000 -3.99340 -1.03252 -30.52650
0.62303 0.97210 0.08379 4.80596 -3.72955 599.87446 -0.00000 0.00000 -0.00000 -23.39921 -14.73653 1.13431 -2.51028 26.70213 10.54892 2.92516 -25.69659 2.80002 -0.14356 -6.70218 -2.45133 -0.00000 0.00000 -0.00000 18.98789 -26.88681 10.56090 6.32179 39.52591 -17.47625 0.52163 -12.18613 4.69792 0.33620 -10.21442 3.76034 3.51108 -2.12880 -0.77854 3.56851 -1.25927 -1.21355 1.68037 -0.09186 -0.65975 0.33464 -6.90354 1.73148 -5.26897 22.64992 2.72681 -1.31479 8.20304 0.49460 0.00000 0.00000 -0.00000 -20.76871 -17.16591 -31.79272 27.49644 -13.93970 -53.09924 -0.00000 -72.92290 -0.00000 2.36420 15.12379 81.00791 -7.12502 -0.00000 0.00000 9.95351 4.39654 608.59696 0.00000 0.00000 -0.00000 99.10324 33.02030 -21.65057 -33.83770 -26.13108 74.68299 0.00000 8.90594 -0.00000 -29.61291 0.52875 -0.93019 7.12502 -0.00000 -0.00000 -2.86068 -0.71136 -31.04706
0.62542 0.97162 0.09672 5.35188 -4.79126 597.26110 -0.00000 0.00000 -0.00000 -23.09596 -17.58458 5.43153 -2.39945 26.16269 10.29994 2.03268 -25.00971 0.75653 -0.02719 -2.92410 -1.06527 -0.00000 0.00000 -0.00000 15.98026 -37.00300 8.61491 10.48418 47.60823 -23.49776 -0.12075 2.36991 8.78469 0.06669 -4.57558 1.66916 3.52236 -1.10984 -0.96218 3.96985 -0.91545 -1.42738 2.09873 -0.29900 -0.77176 1.06265 -6.93295 2.26447 -6.85288 22.32109 3.67254 -1.80901 8.15953 0.85358 -0.00000 0.00000 0.00000 -18.74144 -23.91269 -35.38513 24.05129 -10.06107 -44.90268 -0.00000 -59.10370 -0.00000 2.00440 13.13531 81.24501 -7.12502 -0.00000 0.00000 11.74794 5.16528 608.40824 -0.00000 0.00000 0.00000 99.78428 34.29103 -23.74129 -33.66026 -25.56628 73.74371 0.00000 11.12570 -0.00000 -25.73772 0.16359 -0.33934 7.12502 -0.00000 -0.00000 0.77268 0.20191 -30.35636
0.62611 0.97239 0.10435 5.90523 -5.61907 593.67379 -0.00000 0.00000 -0.00000 -24.77720 -16.72889 3.18910 -1.90778 23.55679 9.13075 3.77488 -24.87588 5.53240 -0.00228 -0.84645 -0.30811 -0.00000 0.00000 -0.00000 14.96173 -44.36950 7.76797 13.82674 52.09247 -27.86653 -0.74223 6.75574 7.26801 0.03533 3.33263 -1.21444 2.88348 -0.67580 -1.40010 4.51861 -0.48246 -2.02697 3.02095 -0.04945 -1.07609 2.72649 -7.68939 3.66741 -9.32827 22.37995 5.90578 -2.53827 8.50307 1.77953 0.00000 0.00000 0.00000 -13.70126 -27.98933 -35.85613 21.06357 -7.42914 -38.49932 -0.00000 -43.29900 -0.00000 2.21646 12.16553 79.59307 -7.12502 -0.00000 0.00000 12.40147 5.88528 610.00002 0.00000 0.00000 0.00000 99.35478 36.29354 -24.93168 -33.52849 -25.16659 73.07781 0.00000 14.45040 -0.00000 -22.81860 -0.01530 0.03637 7.12502 -0.00000 -0.00000 3.49384 0.94141 -29.93831
0.62587 0.97668 0.10764 7.12080 -5.90185 590.18088 -0.00000 0.00000 -0.00000 -23.48094 -18.24846 4.70849 -1.80420 22.95593 8.86842 4.24251 -24.79828 6.88407 -0.00436 1.17130 0.42638 -0.00000 0.00000 -0.00000 17.59047 -47.13461 10.07216 13.34915 51.52674 -27.25890 0.14270 1.07691 -4.83272 0.22296 8.33825 -3.05793 3.14666 -0.73163 -1.82715 4.96267 -0.40004 -2.64237 3.32626 0.09588 -1.39868 3.64880 -7.70317 5.16843 -10.73641 22.53773 8.14090 -2.78548 8.75301 2.74231 0.00000 0.00000 -0.00000 -7.42239 -28.72049 -36.21812 18.24120 -5.41586 -32.83099 -0.00000 -32.50090 -0.00000 2.45212 10.83790 77.16985 -7.12502 -0.00000 0.00000 13.21740 6.97504 612.34090 0.00000 0.00000 -0.00000 98.46032 36.79019 -24.98667 -33.48899 -25.04974 72.88292 0.00000 15.88440 -0.00000 -20.61222 -1.02528 2.72375 7.12502 -0.00000 -0.00000 5.44653 1.76725 -27.07657
0.62331 0.97994 0.10633 8.01195 -6.32618 586.62502 -0.00000 0.00000 -0.00000 -22.46514 -18.69830 5.74783 -1.62055 21.83678 8.38644 4.92614 -25.00054 8.65571 -0.02254 2.66250 0.96982 -0.00000 0.00000 -0.00000 20.74408 -44.38990 15.10652 8.77729 44.72761 -21.13249 -0.11331 7.17375 -0.27843 0.71981 14.82547 -5.52835 3.03517 -0.90529 -2.26628 5.27576 -0.69783 -3.25167 3.71997 -0.06659 -1.71650 4.86413 -6.79113 6.69962 -12.97919 21.84498 10.48621 -3.39484 8.65700 3.76566 -0.00000 0.00000 0.00000 0.70008 -24.72280 -34.63616 16.47224 -4.35157 -29.41450 -0.00000 -20.18140 -0.00000 2.58729 9.73206 75.03380 -7.12502 -0.00000 0.00000 13.82338 7.97339 614.41192 -0.00000 0.00000 0.00000 97.53738 36.93458 -24.99310 -33.63591 -25.49123 73.61876 0.00000 15.17670 -0.00000 -21.89237 -0.55256 1.37478 7.12502 -0.00000 -0.00000 4.32033 1.28238 -28.49877
0.61979 0.97954 0.10004 8.09854 -6.04536 584.10604 -0.00000 0.00000 -0.00000 -21.77142 -18.62018 5.07120 -1.87049 23.34282 9.03704 6.16234 -26.53618 10.79332 -0.07852 4.96375 1.81149 -0.00000 0.00000 -0.00000 22.62596 -37.60227 17.87606 5.60532 37.68319 -16.32811 -0.17788 7.04192 0.36151 0.54059 12.89642 -4.78037 2.56730 -1.46625 -2.79992 5.43555 -0.52238 -4.01821 4.09654 0.50203 -2.10455 6.51185 -6.98646 8.33931 -14.85152 22.26601 12.96738 -3.85804 9.21963 4.83180 -0.00000 0.00000 0.00000 3.60528 -23.69988 -37.51768 15.02336 -3.58150 -26.67761 -0.00000 -17.20150 -0.00000 3.60407 11.49175 72.45553 -7.12502 -0.00000 0.00000 11.87210 7.51522 616.88749 -0.00000 0.00000 0.00000 96.10436 37.01785 -23.38690 -33.80753 -26.03269 74.51950 0.00000 14.69460 -0.00000 -23.71133 -0.30685 0.69861 7.12502 -0.00000 -0.00000 2.65036 0.74972 -29.21624
0.61547 0.97885 0.09479 8.47644 -4.99904 581.68076 -0.00000 0.00000 -0.00000 -19.70477 -19.49967 5.73539 -2.48971 26.60319 10.50306 7.40629 -28.72916 12.09473 -0.11789 6.07688 2.22069 -0.00000 0.00000 -0.00000 24.76372 -31.37894 17.56770 3.52257 31.02346 -12.64433 0.00927 0.90528 -0.72363 0.09760 5.53174 -2.02009 3.30782 -1.25821 -3.05674 5.81896 -1.01549 -4.38161 4.13014 -0.12451 -2.31081 6.61491 -5.94598 9.35697 -15.91348 23.45998 14.62173 -3.94789 9.64838 5.39989 0.00000 0.00000 0.00000 1.55877 -22.87342 -43.58493 14.12731 -3.14824 -25.00859 -0.00000 -10.61680 -0.00000 4.49887 12.05695 69.35975 -7.12502 -0.00000 0.00000 10.82278 7.65645 619.87365 0.00000 0.00000 0.00000 94.96277 37.69238 -22.02888 -33.90182 -26.34364 75.03604 0.00000 14.25210 -0.00000 -24.78232 -0.06633 0.14367 7.12502 -0.00000 -0.00000 1.66167 0.45094 -29.82114
0.61164 0.97628 0.09372 8.04465 -4.55290 580.17749 -0.00000 0.00000 -0.00000 -19.80532 -18.71340 5.70984 -2.60237 27.13877 10.75232 8.20361 -30.09534 12.82015 -0.42129 11.41356 4.21383 -0.00000 0.00000 -0.00000 24.46016 -27.72093 17.02892 2.58896 27.07580 -10.72288 -0.01171 -1.27838 -0.38256 0.07697 4.91442 -1.79340 3.76269 -1.65185 -2.92222 5.36128 -1.08507 -4.20661 3.37799 -0.05173 -2.21450 6.66480 -5.07649 9.49510 -15.89051 23.30172 14.74620 -3.98669 9.45056 5.49576 -0.00000 0.00000 0.00000 -0.97661 -21.64481 -51.60653 14.30157 -3.23000 -25.33189 -0.00000 -8.01866 -0.00000 5.88703 13.16416 65.64112 -7.12502 -0.00000 0.00000 9.17367 7.36410 623.43839 -0.00000 0.00000 0.00000 94.23493 38.45230 -18.89168 -33.89745 -26.32900 75.01174 0.00000 12.89280 -0.00000 -26.31068 0.28384 -0.57402 7.12502 -0.00000 -0.00000 0.23667 0.06068 -30.62013
0.60857 0.97319 0.09993 8.28199 -4.05696 581.50291 -0.00000 0.00000 -0.00000 -20.43037 -18.40449 4.18292 -2.65707 27.39333 10.87171 7.98437 -30.71678 11.81342 -0.68349 14.45766 5.38468 -0.00000 0.00000 -0.00000 23.85132 -29.02247 16.20845 3.02200 29.00910 -11.64385 -0.01836 -2.52095 -0.01383 0.00901 1.68377 -0.61303 4.66551 -2.06515 -3.00796 5.28266 -1.28229 -4.36179 2.78119 -0.09202 -2.30006 6.21034 -4.94204 9.25124 -15.76663 23.28778 14.41968 -3.93134 9.35397 5.31494 -0.00000 0.00000 0.00000 -3.19130 -18.58904 -59.97388 15.99132 -4.08618 -28.50045 -0.00000 -7.21792 -0.00000 7.04242 13.77719 62.58244 -7.12502 -0.00000 0.00000 8.03974 7.14268 626.35740 -0.00000 0.00000 0.00000 93.25209 39.56045 -15.83306 -33.95665 -26.52935 75.34435 0.00000 11.11940 -0.00000 -28.58479 0.65224 -1.19686 7.12502 -0.00000 -0.00000 -1.90195 -0.46236 -31.34147
0.60785 0.97055 0.11024 6.65441 -4.00155 585.30500 -0.00000 0.00000 -0.00000 -23.60285 -16.19647 1.88415 -2.38024 26.06755 10.25629 7.07049 -30.17936 10.15835 -0.66223 14.23732 5.29887 -0.00000 0.00000 -0.00000 21.57013 -33.48322 16.22704 5.42467 37.18881 -16.03094 -0.06364 -1.74828 -2.94276 0.06612 4.55602 -1.66199 3.66312 -1.30780 -3.32087 4.57309 -1.16582 -4.63466 2.64603 -0.37259 -2.40129 5.54716 -4.96622 8.52794 -14.80239 23.64436 13.30879 -3.67059 9.27840 4.81537 -0.00000 0.00000 -0.00000 -2.58680 -13.94379 -67.49343 19.41338 -6.20218 -35.14877 -0.00000 -8.15391 -0.00000 7.94368 13.82230 59.71252 -7.12502 -0.00000 0.00000 7.36920 7.20623 629.12533 -0.00000 0.00000 -0.00000 92.53893 40.59574 -12.18866 -33.89085 -26.30693 74.97509 0.00000 10.27430 -0.00000 -29.67516 0.96098 -1.68591 7.12502 -0.00000 -0.00000 -2.93897 -0.68365 -31.91644
0.60374 0.96950 0.11558 5.75775 -3.72266 590.08429 -0.00000 0.00000 -0.00000 -25.12728 -13.82121 1.13289 -1.98035 23.96594 9.31085 5.92078 -29.24780 8.15518 -0.40622 11.21122 4.13703 -0.00000 0.00000 -0.00000 21.40874 -37.40529 16.68789 8.71875 44.61968 -21.04923 -0.29998 -3.64852 -12.86640 0.65977 14.21159 -5.28886 2.81279 -1.62707 -3.98061 4.30841 -0.49610 -5.51757 2.74801 0.55731 -2.81689 5.10825 -5.78462 7.90402 -14.29131 24.03434 12.44843 -3.51584 9.43629 4.38537 0.00000 0.00000 0.00000 -1.74851 -9.78755 -72.05722 23.87159 -9.88592 -44.50252 -0.00000 -7.11110 -0.00000 9.19411 15.39806 58.63414 -7.12502 -0.00000 0.00000 -5.98518 -5.88917 449.38185 0.00000 0.00000 0.00000 90.91704 43.27989 -7.93371 -33.80580 -26.02710 74.51021 0.00000 11.08330 -0.00000 -28.70593 0.72926 -1.33141 7.12502 -0.00000 -0.00000 -2.01850 -0.48494 -31.49624
0.59420 0.97069 0.11445 6.03942 -3.49463 593.26652 -0.00000 0.00000 -0.00000 -25.35121 -12.37909 0.76221 -1.74637 22.61121 8.71907 5.19154 -29.10596 6.53460 -0.20587 8.01529 2.93779 -0.00000 0.00000 -0.00000 23.88610 -38.89033 17.53963 9.68498 46.32020 -22.40444 -1.26014 -7.52492 -13.96788 0.82499 15.83695 -5.92617 2.84277 -2.56181 -3.98099 4.06778 -0.13165 -5.56723 2.36351 1.42156 -2.82615 4.72861 -6.61013 6.84483 -13.04913 24.68022 10.80714 -3.27027 9.60343 3.66424 -0.00000 0.00000 -0.00000 -1.91274 -4.75257 -73.96802 28.56596 -15.39074 -55.91581 -0.00000 -5.54248 -0.00000 8.83026 14.50205 58.18590 -7.12502 -0.00000 0.00000 -6.71064 -6.45844 448.71095 -0.00000 0.00000 -0.00000 92.78745 43.00338 -7.36517 -33.93948 -26.47079 75.24714 0.00000 14.18080 -0.00000 -25.00911 -0.81063 1.73710 7.12502 -0.00000 -0.00000 1.42626 0.43443 -28.06311
0.57841 0.97205 0.10739 6.82387 -3.76622 596.71602 -0.00000 0.00000 -0.00000 -25.68927 -10.07935 0.11765 -1.30198 19.70021 7.48818 4.71112 -28.80488 5.58236 -0.02711 2.91991 1.06374 -0.00000 0.00000 -0.00000 24.89590 -39.24983 13.97188 6.83876 40.75123 -18.27815 -1.03573 -7.95305 -8.60875 0.09415 5.43340 -1.98394 2.19585 -2.87883 -4.31546 3.93578 -0.54740 -5.97668 2.58060 1.22921 -3.03036 4.60943 -8.05389 5.67886 -11.47080 25.72542 8.90749 -2.99593 10.03705 2.85867 0.00000 0.00000 -0.00000 2.21135 0.52245 -72.14039 32.65393 -22.83058 -69.15580 -0.00000 -5.12593 -0.00000 9.06354 13.02258 54.70420 -7.12502 -0.00000 0.00000 -7.92838 -6.70951 444.99451 0.00000 0.00000 -0.00000 97.22246 36.80572 -10.54666 -34.35073 -27.99520 77.77461 0.00000 17.69200 -0.00000 -16.62897 -1.53085 5.11146 7.12502 -0.00000 -0.00000 8.93010 3.33406 -24.68982
0.55460 0.97079 0.09616 8.97796 -4.00214 600.55456 -0.00000 0.00000 -0.00000 -24.60183 -9.71600 1.27373 -1.03231 17.63937 6.64593 3.55037 -28.74433 2.88893 -0.09218 -5.37662 -1.96308 -0.00000 0.00000 -0.00000 25.12468 -39.79914 6.74260 3.75217 31.88111 -13.08434 -2.22111 -12.71472 -10.37209 0.00048 0.38891 -0.14155 2.16163 -3.83775 -4.76070 4.31314 -1.83855 -6.60102 3.01099 0.50237 -3.36194 3.82572 -8.36506 4.73334 -9.95682 26.40745 7.36096 -2.61878 10.15949 2.19629 -0.00000 0.00000 0.00000 8.44453 5.20625 -70.56766 34.88998 -30.65772 -82.19554 -0.00000 -4.20629 -0.00000 7.18924 9.24321 51.85758 -7.12502 -0.00000 0.00000 -11.56327 -8.56503 441.05117 -0.00000 0.00000 0.00000 98.42421 28.73217 -15.56180 -34.63639 -29.26465 79.87918 0.00000 16.54420 -0.00000 -18.10929 -1.32950 4.05821 7.12502 -0.00000 -0.00000 7.66191 2.69507 -25.73440
0.52064 0.96830 0.08234 10.26148 -4.03904 602.23814 -0.00000 0.00000 -0.00000 -23.88839 -7.86681 3.16400 -0.78362 15.44808 5.77273 2.67207 -28.27313 1.04027 -0.17932 -7.48483 -2.74090 -0.00000 0.00000 -0.00000 25.60111 -40.10251 0.66769 2.88424 28.41526 -11.35710 -4.85333 -17.76028 -16.61755 0.02089 2.56315 -0.93358 2.79178 -5.27020 -4.84654 4.42198 -2.82828 -6.81638 2.73583 0.22243 -3.49434 3.91971 -8.56945 4.45430 -9.28961 28.34178 6.76183 -2.50390 10.85802 1.87539 -0.00000 0.00000 0.00000 17.37311 10.43149 -69.40841 35.25284 -36.05020 -91.36795 -0.00000 -4.47863 -0.00000 4.50528 5.77816 51.95162 -7.12502 -0.00000 0.00000 -15.14035 -10.86461 439.86184 -0.00000 0.00000 0.00000 95.95609 21.46429 -20.22057 -34.54350 -28.82585 79.15135 0.00000 16.40390 -0.00000 -18.66972 -0.94968 2.80823 7.12502 -0.00000 -0.00000 7.22854 2.35797 -27.02806
0.47905 0.96188 0.06753 10.43948 -4.34200 601.31918 -0.00000 0.00000 -0.00000 -24.49806 -5.44488 4.00862 -0.80366 15.63785 5.84753 3.24437 -28.62806 2.22831 -0.34673 -10.37082 -3.81927 -0.00000 0.00000 -0.00000 26.78108 -38.68094 0.31216 3.70577 31.71084 -12.99628 -5.79070 -21.06545 -15.41562 0.21169 8.12675 -2.97923 4.38812 -6.87676 -4.62434 4.15510 -3.53401 -6.71394 1.51237 0.15947 -3.48208 3.98385 -7.78948 4.60489 -9.48541 29.52878 6.92836 -2.55935 11.17049 1.83896 0.00000 0.00000 0.00000 25.76269 18.46956 -69.32312 35.03359 -38.71179 -96.12305 -0.00000 -2.72926 -0.00000 2.21825 3.07672 54.18252 -7.12502 -0.00000 0.00000 -17.61691 -13.31287 440.94794 0.00000 0.00000 0.00000 92.72784 17.16918 -24.07477 -34.29890 -27.78683 77.42932 0.00000 17.17460 -0.00000 -18.58962 -0.20423 0.60721 7.12502 -0.00000 -0.00000 7.41253 2.09087 -29.33466
0.43361 0.95683 0.05087 9.84154 -3.87135 599.70302 -0.00000 0.00000 -0.00000 -22.27383 -9.65824 8.16893 -2.74104 27.77757 11.05304 1.63833 -26.22233 -0.69709 -1.57645 -21.55682 -8.26715 -0.00000 0.00000 -0.00000 26.91778 -33.69179 1.91651 3.69079 31.65553 -12.96775 -4.68005 -22.32207 -10.16878 0.68750 14.49873 -5.40070 7.35243 -8.01373 -4.66364 3.80860 -3.82373 -7.07634 -0.53925 0.06783 -3.72105 4.22336 -6.83654 5.18935 -10.30456 30.48183 7.83039 -2.71728 11.43668 2.07720 0.00000 0.00000 -0.00000 34.58757 29.18829 -72.72771 34.96495 -39.17673 -96.97680 -0.00000 0.95116 0.00000 0.65150 0.94211 55.33254 -7.12502 -0.00000 0.00000 -19.54976 -15.05347 441.18204 0.00000 0.00000 -0.00000 90.71051 14.35139 -25.99270 -33.75328 -25.85829 74.22956 0.00000 13.87820 -0.00000 -20.29345 -0.53069 1.43482 7.12502 -0.00000 -0.00000 5.79857 1.72914 -28.45138
0.39575 0.95675 0.03397 8.59659 -2.31301 596.17360 -0.00000 0.00000 -0.00000 -14.58693 -21.70762 9.47599 -14.50096 52.85546 28.71663 -2.41759 -8.96792 -14.68863 -0.24423 -8.72297 -3.20133 -0.00000 0.00000 -0.00000 27.04683 -29.61966 0.64777 4.03039 32.87169 -13.60388 -3.66007 -23.33518 -6.19316 0.12856 6.34448 -2.31932 9.36484 -6.64968 -4.60303 4.62089 -3.42135 -7.05702 -0.68247 -0.39779 -3.75555 3.90956 -6.32022 5.81896 -11.41672 31.07101 9.00038 -2.80378 11.66617 2.34753 0.00000 0.00000 -0.00000 42.99686 40.39449 -81.57891 35.23877 -36.43203 -92.03792 -0.00000 6.81366 0.00000 -0.88922 -1.40692 57.70108 -7.12502 -0.00000 0.00000 -21.25319 -17.35725 442.48910 0.00000 0.00000 -0.00000 88.42879 11.44534 -25.99435 -32.63105 -22.77532 69.06222 0.00000 10.66410 -0.00000 -22.23599 -0.29882 0.73089 7.12502 -0.00000 -0.00000 4.02065 1.14050 -29.18913
0.36412 0.95053 0.01907 7.51796 -2.12552 590.07909 -0.00000 0.00000 -0.00000 -7.04878 -30.50195 6.29691 -27.12983 62.18173 43.61410 -1.46582 -12.68996 -8.78053 -0.04744 -3.86069 -1.40745 -0.00000 0.00000 -0.00000 26.96116 -27.39995 1.21494 4.87705 35.60677 -15.10817 -2.33434 -24.46633 -1.79365 0.00000 0.02386 -0.00868 9.06447 -5.62609 -4.18017 5.15473 -2.24030 -6.45600 0.00675 0.41744 -3.39378 4.57664 -6.48687 6.38443 -11.74036 30.84033 9.76297 -2.87608 11.70045 2.73204 -0.00000 0.00000 0.00000 52.12172 47.68778 -90.81489 35.00256 -31.42517 -83.47724 -0.00000 9.30239 0.00000 -2.38607 -4.43590 61.68647 -7.12502 -0.00000 0.00000 -22.78410 -20.69551 445.07600 -0.00000 0.00000 0.00000 86.57976 11.42804 -23.78996 -30.72689 -18.84007 62.24970 0.00000 12.27870 -0.00000 -20.97159 -0.01761 0.04594 7.12502 -0.00000 -0.00000 5.21539 1.40870 -29.92616
0.33029 0.94745 0.00806 5.95632 -4.42020 581.24727 -0.00000 0.00000 -0.00000 -1.89253 -33.44530 -1.38407 -18.58362 56.74190 33.70905 0.85067 -14.72821 1.08820 -0.00036 -0.33816 -0.12308 -0.00000 0.00000 -0.00000 24.93277 -26.35381 3.78396 5.66352 37.83979 -16.42317 -0.55891 -24.65329 2.98071 0.10923 -5.85062 2.13738 8.17798 -4.90567 -3.53898 4.51747 -1.63501 -5.44825 -0.13944 0.73420 -2.84263 5.01388 -6.98636 7.63410 -12.23045 31.14618 11.58408 -2.69077 12.07684 3.46478 -0.00000 0.00000 0.00000 62.26328 57.72292 -101.09863 33.83836 -26.13325 -74.68659 -0.00000 13.57820 0.00000 -3.09356 -6.52311 64.55797 -7.12502 -0.00000 0.00000 24.90943 21.55234 623.34573 -0.00000 0.00000 0.00000 85.64061 19.34547 -23.51334 -27.95451 -14.54395 54.28534 0.00000 14.83260 -0.00000 -17.00610 -1.32071 4.30968 7.12502 -0.00000 -0.00000 8.65108 3.08737 -25.50658
0.28839 0.94867 -0.00154 3.93036 -7.79301 568.84100 -0.00000 0.00000 -0.00000 3.66256 -26.32116 -8.68865 -5.81545 38.24253 16.66971 0.05986 -8.11003 -0.97669 -0.34358 10.32441 3.80177 -0.00000 0.00000 -0.00000 22.81530 -24.89837 9.71775 5.76152 38.10053 -16.58244 1.22360 -23.64801 7.40580 0.19035 -7.70977 2.82433 8.16327 -5.20750 -1.78135 3.19618 -1.38289 -3.07008 -1.42464 1.24310 -1.60918 6.88323 -6.21764 9.17206 -13.73994 31.08539 13.79301 -3.12363 12.26893 4.46861 -0.00000 0.00000 0.00000 83.80496 66.67134 -122.19472 32.31217 -22.02960 -67.79479 -0.00000 18.18560 0.00000 -3.49513 -7.18099 63.95972 -7.12502 -0.00000 0.00000 25.26441 22.30760 623.80966 -0.00000 0.00000 0.00000 89.79150 33.64530 -31.90369 -26.84027 -13.11505 51.44675 0.00000 20.84880 -0.00000 -6.01837 -1.08694 10.19996 7.12502 -0.00000 -0.00000 17.82465 8.57958 -20.11037
0.23686 0.95457 -0.00933 -0.88530 -11.87127 553.11842 -0.00000 0.00000 -0.00000 2.35848 -13.29657 -17.91125 -2.03804 24.28459 9.45198 0.01083 0.87508 -0.76509 -0.54301 -12.92460 -4.79120 -0.00000 0.00000 -0.00000 17.39194 -27.86227 13.57097 6.38187 39.67251 -17.57050 2.89932 -21.19124 11.82553 0.07972 -5.00137 1.82530 7.58148 -5.39894 0.26015 1.33928 -1.49532 -0.22385 -2.85878 1.46410 -0.15655 7.86380 -5.31502 11.51759 -15.09582 30.97656 17.29543 -3.03361 12.48564 5.96654 -0.00000 0.00000 -0.00000 124.07980 70.23704 -162.76980 30.91055 -19.17430 -62.84226 -0.00000 24.27940 0.00000 -6.80451 -13.25469 62.50648 -7.12502 -0.00000 0.00000 -31.04259 -26.15430 801.21772 -0.00000 0.00000 -0.00000 101.40093 44.79101 -45.77976 -26.94282 -13.24091 51.70163 0.00000 24.97130 -0.00000 4.63548 1.13876 13.77221 7.12502 -0.00000 -0.00000 26.40869 15.10895 -17.30562
0.18541 0.95260 -0.01781 -9.07877 -14.79789 533.84097 -0.00000 0.00000 -0.00000 -6.33812 -11.15028 -7.48921 -2.36577 25.99560 10.22334 0.63874 -6.52225 6.20502 -2.48307 -26.57112 -10.48822 -0.00000 0.00000 -0.00000 12.51182 -41.33118 8.96415 10.24608 47.23480 -23.17440 -1.14756 -22.04769 0.62209 0.05205 4.04373 -1.47441 4.52169 -5.90143 2.26199 -0.69093 -1.65257 2.84725 -3.03325 1.84537 1.47176 9.05452 -4.29008 14.00223 -17.84549 29.58079 21.31795 -3.44862 12.47594 7.71535 0.00000 0.00000 -0.00000 159.34492 64.64339 -198.95773 30.04224 -17.65787 -60.12695 -0.00000 26.50220 0.00000 -5.71235 -11.05354 62.44722 -7.12502 -0.00000 0.00000 -28.85073 -24.94597 802.43689 0.00000 0.00000 -0.00000 116.58996 48.67127 -59.88789 -27.82033 -14.36438 53.93492 0.00000 21.62270 -0.00000 11.97055 3.52357 16.16556 7.12502 -0.00000 -0.00000 31.93156 20.73450 -15.39961
0.15047 0.94512 -0.03167 -14.75779 -13.96886 520.53007 -0.00000 0.00000 -0.00000 -12.86059 -7.81608 3.61674 -1.34572 20.01050 7.61697 1.18460 -7.83124 11.09149 -2.49853 -26.64569 -10.52275 -0.00000 0.00000 -0.00000 8.54456 -53.05724 -11.25433 11.25976 48.76863 -24.53826 -13.09975 -30.32096 -23.76250 1.20354 18.97912 -7.19096 1.98369 -6.60994 1.75165 -1.34507 -1.25726 2.29928 -2.28905 2.53350 1.19410 8.43641 -3.56373 11.39022 -23.32514 26.87793 26.50615 -4.49888 12.40894 11.85400 -0.00000 0.00000 -0.00000 174.61114 54.29233 -218.31379 29.75578 -17.19012 -59.27438 -0.00000 28.02660 0.00000 -9.28667 -16.28206 59.74807 -7.12502 -0.00000 0.00000 -35.74185 -26.28851 796.60813 -0.00000 0.00000 -0.00000 130.01003 46.56994 -68.68681 -28.18746 -14.86092 54.89981 0.00000 18.56500 -0.00000 12.59647 4.17951 18.06361 7.12502 -0.00000 -0.00000 31.88998 22.27140 -13.65369
0.14040 0.94040 -0.05336 -17.84378 -10.05682 508.01485 -0.00000 0.00000 -0.00000 -17.18033 -6.18890 9.31103 -1.82666 23.08794 8.92584 0.88544 -6.16535 13.04873 -2.83145 -28.18268 -11.24575 -0.00000 0.00000 -0.00000 10.25381 -52.97611 -23.22540 9.28537 45.63721 -21.84873 -17.09370 -34.52215 -26.68611 2.37253 26.02926 -10.23875 -0.46618 -8.46109 0.84823 -1.09375 0.15533 1.26056 -0.69581 4.92237 0.63703 6.70981 -3.62475 11.10119 -24.94081 27.09645 26.41715 -4.77153 12.56017 11.35852 -0.00000 0.00000 -0.00000 179.07221 46.74476 -231.06370 29.07466 -16.13372 -57.31883 -0.00000 32.15270 0.00000 -14.49472 -20.83688 53.99138 -7.12502 -0.00000 0.00000 -44.24356 -24.56469 788.11496 -0.00000 0.00000 -0.00000 140.31227 42.20436 -74.08570 -28.25612 -14.95565 55.08246 0.00000 14.85550 -0.00000 16.51704 5.48515 17.86656 7.12502 -0.00000 -0.00000 35.02529 25.00748 -13.90315
0.14692 0.94194 -0.06982 -18.60339 -5.46657 492.12465 -0.00000 0.00000 -0.00000 -15.70425 -12.52440 14.08735 -6.43422 39.79933 17.65239 -0.93955 5.58254 9.17612 -0.26341 -9.05531 -3.32545 -0.00000 0.00000 -0.00000 24.63940 -39.93215 -3.71463 4.67605 34.99172 -14.76033 -17.47925 -36.75487 -24.87134 2.53881 26.83847 -10.61225 -0.18730 -9.25168 0.48329 -2.14804 0.82554 0.83152 -2.01436 6.09088 0.45532 4.09938 -5.23088 8.16985 -20.72175 30.11225 20.82264 -3.69740 12.63276 8.49099 0.00000 0.00000 -0.00000 182.73831 40.59976 -243.70160 27.84874 -14.40223 -54.00892 -0.00000 29.47370 0.00000 -9.71576 -13.41621 53.57536 -7.12502 -0.00000 0.00000 -35.86301 -21.96896 792.36192 0.00000 0.00000 -0.00000 147.81360 37.79579 -75.50818 -27.53405 -13.98839 53.19556 0.00000 14.45330 -0.00000 17.35010 6.39005 19.60764 7.12502 -0.00000 -0.00000 35.07258 26.84261 -12.25362
0.15231 0.94617 -0.07674 -16.21264 -2.21955 476.23893 -0.00000 0.00000 -0.00000 -7.70788 -25.19882 14.87318 -25.42093 61.30318 41.67410 1.91068 19.62675 -2.82897 -0.05232 4.05385 1.47811 -0.00000 0.00000 -0.00000 28.54045 -31.86197 -0.86167 3.73287 31.81045 -13.04775 -9.43882 -32.78844 -13.29491 1.52745 21.24022 -8.13285 0.31510 -7.55600 0.04640 -2.26702 2.00661 0.19411 -2.53150 6.35313 0.16669 -1.81280 -6.32312 1.09156 -9.85747 31.71182 7.04646 -1.61268 11.60050 2.51734 0.00000 0.00000 -0.00000 183.75985 38.08741 -255.37383 27.09542 -13.43022 -52.08317 -0.00000 26.01280 0.00000 -5.25551 -7.16938 53.60853 -7.12502 -0.00000 0.00000 -28.76765 -19.08290 795.77340 0.00000 0.00000 -0.00000 148.48096 33.58385 -74.68296 -27.14703 -13.49481 52.21283 0.00000 17.27270 -0.00000 16.42403 6.66801 21.50043 7.12502 -0.00000 -0.00000 33.71513 27.36789 -10.43704
0.15245 0.95074 -0.07580 -15.72885 1.14813 455.86853 -0.00000 0.00000 -0.00000 -8.34384 -35.68046 5.08557 -44.65602 67.76268 62.90140 0.31739 5.64410 -2.88471 -0.00294 0.96199 0.35017 -0.00000 0.00000 -0.00000 34.34774 -22.58112 11.94544 3.00244 28.92590 -11.60346 -5.84583 -30.29820 -7.30098 0.44578 11.73461 -4.33592 -1.57413 -7.22263 0.57960 -3.59357 2.88145 1.23978 -2.69906 7.13364 0.65600 -6.02748 -5.25118 -6.76788 0.48449 30.45834 -7.43570 -0.20360 10.81337 -3.52694 -0.00000 0.00000 -0.00000 183.21353 38.03911 -263.33389 27.42774 -13.85115 -52.92374 -0.00000 22.39320 0.00000 -0.15325 -0.21005 53.88552 -7.12502 -0.00000 0.00000 -21.10604 -15.26071 799.29065 -0.00000 0.00000 -0.00000 146.27543 31.01661 -72.29121 -26.29121 -12.45912 50.10164 0.00000 21.51720 -0.00000 14.08969 6.08814 22.90684 7.12502 -0.00000 -0.00000 31.47667 26.34372 -9.06522
0.15609 0.96046 -0.08083 -14.77954 5.57148 434.60841 -0.00000 0.00000 -0.00000 -13.59447 -40.66431 -9.97120 -36.59943 65.81512 54.13919 -0.29979 -5.74797 -3.94500 -0.01546 -2.20556 -0.80318 -0.00000 0.00000 -0.00000 34.14425 -15.04545 19.45094 2.33434 25.83828 -10.15142 -0.34413 -26.52724 3.93982 0.00913 1.69550 -0.61730 -2.43269 -8.01541 0.69782 -5.66531 3.35260 1.75819 -4.35360 8.18032 0.95543 -9.63110 -3.24172 -11.53401 8.26640 26.24927 -16.22890 1.66844 9.85957 -7.45244 0.00000 0.00000 -0.00000 180.69707 41.56446 -267.99548 28.37834 -15.12576 -55.40937 -0.00000 16.22990 0.00000 2.92903 3.38023 49.04926 -7.12502 -0.00000 0.00000 -18.10971 -11.40813 796.16606 0.00000 0.00000 -0.00000 141.32163 29.44002 -70.55052 -26.81934 -13.08949 51.39486 0.00000 21.91490 -0.00000 15.26203 6.13715 21.39587 7.12502 -0.00000 -0.00000 32.88666 26.34288 -10.53932
0.16881 0.96920 -0.08779 -11.33444 9.38773 411.80710 -0.00000 0.00000 -0.00000 -17.88049 -39.38895 -17.83045 -17.51666 55.83232 32.42644 -1.10957 -13.95123 -7.11318 -0.98891 -17.28006 -6.50127 -0.00000 0.00000 -0.00000 31.52378 -8.37594 25.83789 1.99079 24.02398 -9.33651 4.60374 -20.46958 16.34547 0.01582 -2.23083 0.81239 -2.11388 -8.16239 0.70514 -7.42292 3.28475 1.88259 -6.44947 8.29572 1.10161 -10.83212 -2.95809 -14.33070 12.54697 22.05611 -21.02475 2.70231 9.19683 -9.69910 0.00000 0.00000 -0.00000 177.94574 45.77542 -268.97972 29.37753 -16.59424 -58.17669 -0.00000 10.66080 0.00000 8.18187 7.88707 43.66301 -7.12502 -0.00000 0.00000 -12.94909 -6.99140 792.89560 0.00000 0.00000 -0.00000 134.48230 29.84304 -70.49157 -29.53619 -16.84130 58.63343 0.00000 21.82350 -0.00000 -3.46159 -1.81653 27.65640 7.12502 -0.00000 -0.00000 16.10294 14.95655 -3.20362
0.19490 0.97774 -0.08993 -8.38473 11.75850 391.07588 -0.00000 0.00000 -0.00000 -21.38553 -32.72647 -26.49583 -5.53700 37.49773 16.21612 -5.29434 -15.55113 -20.24013 -2.73593 -27.75442 -11.04208 -0.00000 0.00000 -0.00000 28.11716 -5.46747 29.15354 1.66078 22.08822 -8.49400 6.17629 -8.65691 28.55242 0.50702 12.49849 -4.62766 -0.82461 -9.80890 -0.26183 -7.31649 2.61760 0.40676 -7.41267 8.39245 0.41690 -11.66013 -2.02188 -16.15193 15.33801 17.49272 -23.80560 3.72484 8.26677 -11.17115 -0.00000 0.00000 0.00000 175.17568 46.76622 -266.84654 30.25764 -18.01959 -60.78115 -0.00000 6.58535 0.00000 14.08098 11.38805 38.20978 -7.12502 -0.00000 0.00000 -7.50562 -3.39729 789.21710 -0.00000 0.00000 0.00000 126.64585 35.12509 -70.47451 -32.32902 -22.06794 67.86017 0.00000 31.99550 -0.00000 5.24131 2.16192 22.35383 7.12502 -0.00000 -0.00000 24.70551 19.35949 -9.22584
0.22513 0.98188 -0.08044 -3.94832 10.76760 370.00798 -0.00000 0.00000 -0.00000 -21.75361 -24.32720 -30.79361 -2.45540 26.43695 10.42621 -7.40845 -15.04201 -26.09825 -2.95633 -28.72832 -11.50783 -0.00000 0.00000 -0.00000 24.47051 -3.88676 27.51135 1.60178 21.71815 -8.33583 -2.52423 10.17205 36.34722 5.64860 37.79977 -16.39883 -1.51939 -9.49269 -1.27547 -5.52820 2.77221 -1.06548 -5.33470 8.21756 -0.41926 -12.14570 -1.64039 -17.89218 16.41636 13.86915 -26.03001 4.17131 7.55486 -12.40185 0.00000 0.00000 -0.00000 176.24651 44.35618 -266.54219 31.08456 -19.49832 -63.41382 -0.00000 5.36246 0.00000 14.02744 10.13041 35.14617 -7.12502 -0.00000 0.00000 -8.40160 -3.24028 785.94194 0.00000 0.00000 -0.00000 116.92764 42.33885 -68.58248 -34.13302 -27.15413 76.38069 0.00000 43.71050 -0.00000 6.86343 2.40976 19.25517 7.12502 -0.00000 -0.00000 26.90486 19.02168 -12.28736
0.25702 0.98678 -0.06393 -1.79069 10.05268 349.50916 -0.00000 0.00000 -0.00000 -20.80346 -20.36505 -27.87998 -2.23899 25.35259 9.93070 -9.06057 -14.49392 -30.42956 -3.17956 -29.66631 -11.96543 -0.00000 0.00000 -0.00000 23.41683 -3.11837 29.34294 1.86672 23.32101 -9.02750 -6.93436 16.15043 34.97284 7.59974 42.41839 -19.42453 0.49108 -10.91025 -1.71093 -3.75937 2.60907 -2.04344 -4.83236 8.76066 -0.84086 -12.33532 -0.83528 -18.71286 17.24430 12.00283 -27.18677 4.57311 7.17892 -13.06158 -0.00000 0.00000 -0.00000 180.67738 40.79563 -264.12615 31.57190 -20.44766 -65.07315 -0.00000 3.26404 0.00000 9.92719 9.03088 41.88787 -7.12502 -0.00000 0.00000 -11.34287 -5.78907 791.69460 -0.00000 0.00000 -0.00000 105.41972 53.16210 -62.84033 -34.97136 -31.19873 83.09855 0.00000 50.42450 -0.00000 8.41214 2.33100 15.37785 7.12502 -0.00000 -0.00000 29.21036 18.05860 -15.99489
0.29297 0.98953 -0.04697 2.84571 9.42086 327.66513 -0.00000 0.00000 -0.00000 -22.13179 -16.47799 -26.17465 -1.95539 23.82627 9.24923 -5.67383 -19.16011 -19.47146 -1.67180 -22.15643 -8.52325 -0.00000 0.00000 -0.00000 20.89968 -7.19062 30.20760 2.91542 28.55132 -11.42249 -0.07947 5.84964 31.59712 3.27676 30.06072 -12.16062 1.10729 -10.58641 -1.70706 -2.41144 0.98560 -2.26222 -3.63506 6.83453 -1.01684 -12.65583 -2.19245 -18.15515 16.76800 12.92475 -26.42660 4.32385 7.50832 -12.61553 -0.00000 0.00000 -0.00000 187.81495 39.20715 -264.15539 31.21758 -19.75113 -63.85784 -0.00000 3.13600 0.00000 7.38801 7.72771 46.04133 -7.12502 -0.00000 0.00000 -13.23260 -7.81604 795.04201 -0.00000 0.00000 -0.00000 83.55103 63.44271 -47.63851 -35.25670 -34.61732 88.88356 0.00000 53.04270 -0.00000 2.83970 0.75957 14.96297 7.12502 -0.00000 -0.00000 24.60797 14.64841 -16.09471
0.32445 0.98844 -0.03349 5.55763 6.62401 308.05098 -0.00000 0.00000 -0.00000 -20.71729 -18.79952 -11.51835 -1.46614 20.83548 7.96206 -1.15023 -20.09455 -7.04526 -2.04127 -24.30229 -9.45985 -0.00000 0.00000 -0.00000 19.87809 -11.97291 21.37617 3.70990 31.72604 -13.00412 0.64410 -16.25611 5.27572 0.22309 8.34067 -3.05884 0.93008 -8.35072 -1.61715 -1.18711 0.45071 -2.19253 -2.09128 5.06459 -1.04304 -11.87459 -5.03040 -15.74451 14.51735 14.17820 -22.68959 3.66404 7.54955 -10.72455 0.00000 0.00000 0.00000 197.69753 41.68591 -265.13936 30.90903 -19.17150 -62.83731 -0.00000 2.14862 0.00000 6.12956 7.74745 51.45816 -7.12502 -0.00000 0.00000 -13.11762 -9.43768 800.13247 0.00000 0.00000 0.00000 44.08697 64.77168 -13.32765 -35.21441 -36.89011 92.84661 0.00000 52.56380 -0.00000 -3.81290 -0.97099 14.26638 7.12502 -0.00000 -0.00000 19.02889 10.87517 -16.31954
0.35598 0.98217 -0.02229 9.27682 3.02850 287.42381 -0.00000 0.00000 -0.00000 -20.36814 -22.80175 -0.09892 -1.14205 18.51129 6.99960 3.46443 -20.71637 7.48446 -0.46661 -12.00032 -4.43720 -0.00000 0.00000 -0.00000 18.44981 -24.29330 3.37164 8.23528 43.70189 -20.35529 -7.82688 -25.93481 -15.90577 1.74581 22.60787 -8.71762 0.73052 -8.08290 -0.28079 -1.77259 -0.56733 -0.38928 -2.29998 3.92878 -0.17580 -10.46173 -7.70222 -12.16592 13.19105 16.21515 -17.75421 3.42222 7.91140 -8.21251 0.00000 0.00000 -0.00000 213.57064 45.32842 -271.11500 30.30584 -18.10178 -60.92919 -0.00000 0.93246 0.00000 7.68709 10.23124 52.76851 -7.12502 -0.00000 0.00000 -10.56056 -8.15168 802.25536 0.00000 0.00000 -0.00000 9.61622 56.41667 16.87755 -35.10794 -38.11564 95.03934 0.00000 49.70690 -0.00000 -9.15263 -2.11590 12.90692 7.12502 -0.00000 -0.00000 14.61793 7.88725 -17.24951
0.38114 0.97993 -0.01284 10.93640 -2.58664 267.36049 -0.00000 0.00000 -0.00000 -20.07874 -26.75898 9.73383 -1.06151 17.87633 6.74168 5.25955 -23.64039 10.77463 -0.00444 1.18181 0.43021 -0.00000 0.00000 -0.00000 14.21456 -31.08383 -9.79994 21.56508 58.96900 -37.22931 -3.42182 -12.95650 -19.11403 3.91417 32.46407 -13.38857 -0.19278 -8.97632 1.86586 -3.57036 -1.20703 2.57364 -3.26954 3.92596 1.26373 -9.51920 -9.68050 -8.78680 13.73033 17.94092 -13.47718 3.94602 8.42690 -5.97882 0.00000 0.00000 -0.00000 234.95799 48.02359 -285.34878 28.89576 -15.86819 -56.82021 -0.00000 5.63844 0.00000 8.95866 12.67507 54.30441 -7.12502 -0.00000 0.00000 -8.23702 -6.85741 804.51564 0.00000 0.00000 -0.00000 -8.63617 42.50177 32.08565 -35.04698 -38.61284 95.94234 0.00000 46.03300 -0.00000 -16.66925 -3.76559 12.37094 7.12502 -0.00000 -0.00000 8.09292 4.30630 -17.16298
0.40431 0.98312 -0.01080 10.12734 -6.09515 249.38240 -0.00000 0.00000 -0.00000 -19.25470 -27.35802 9.66902 -0.98081 17.21209 6.47397 6.08846 -25.57745 11.42530 -0.24523 8.74065 3.20792 -0.00000 0.00000 -0.00000 10.89407 -25.54050 -20.09070 14.01083 52.30482 -28.09951 -0.72390 -5.79851 -21.99962 4.63741 34.87121 -14.69286 -0.10180 -9.92721 4.00303 -5.33335 -1.63106 5.41016 -4.75416 4.31952 2.64418 -8.26620 -10.36388 -5.54816 15.75791 19.39215 -9.94251 4.97737 8.75713 -4.05138 -0.00000 0.00000 -0.00000 256.22802 46.03047 -302.97181 29.42314 -16.66486 -58.30748 -0.00000 3.79758 0.00000 9.48397 15.84380 58.53803 -7.12502 -0.00000 0.00000 -5.62067 -5.53399 809.41813 -0.00000 0.00000 -0.00000 -14.29343 26.57536 36.80573 -35.09424 -38.23515 95.25565 0.00000 42.48480 -0.00000 -22.77269 -5.89608 13.75000 7.12502 -0.00000 -0.00000 2.57799 1.48633 -15.05405
0.43797 0.98033 -0.01105 10.18468 -8.23670 231.02280 -0.00000 0.00000 -0.00000 -16.51706 -32.00513 0.01223 -2.26434 25.48300 9.98977 4.52188 -25.10654 7.44868 -0.56611 13.19024 4.89345 -0.00000 0.00000 -0.00000 16.33306 -17.44708 -15.17027 5.15913 36.43801 -15.58781 -2.96372 -12.79531 -15.70498 0.08924 5.29031 -1.93137 0.25387 -10.08117 6.89089 -6.83649 -3.02700 9.07107 -6.17077 3.48606 4.39096 -5.65799 -11.01404 -3.87024 17.74306 21.53359 -9.16832 5.31493 9.51769 -3.32513 -0.00000 0.00000 0.00000 270.01129 46.62912 -317.39066 31.28765 -19.88614 -64.09433 -0.00000 -1.13854 -0.00000 12.42895 20.65957 58.00807 -7.12502 -0.00000 0.00000 1.78104 1.76472 629.72257 -0.00000 0.00000 0.00000 -15.99925 10.68169 36.41971 -35.25743 -35.87524 91.06215 0.00000 38.89220 -0.00000 -31.09983 -11.52281 18.32202 7.12502 -0.00000 -0.00000 -4.96483 -3.68404 -8.51122
0.46528 0.96981 -0.00464 8.17673 -7.90320 213.57954 -0.00000 0.00000 -0.00000 -14.35424 -32.96952 -16.26128 -6.02162 38.77570 17.00083 1.16586 -25.16675 -1.55597 -0.02370 2.72993 0.99442 -0.00000 0.00000 -0.00000 20.38741 -10.64087 -1.45742 4.08435 33.05806 -13.70304 -2.83003 -20.05353 -5.77337 0.50245 -12.44323 4.60650 1.39362 -9.06278 8.20816 -7.99770 -2.44790 10.72260 -7.88836 4.12746 5.23636 -3.72317 -11.14514 -1.60491 20.95123 23.82703 -8.16880 6.35600 10.34612 -2.51796 0.00000 0.00000 -0.00000 275.70968 51.23329 -331.62674 32.67776 -22.88840 -69.25367 -0.00000 -2.49707 -0.00000 13.30033 22.34713 58.12914 -7.12502 -0.00000 0.00000 0.50842 0.49527 629.24780 0.00000 0.00000 -0.00000 -20.09660 -6.23030 37.24948 -35.07377 -31.99746 84.43661 0.00000 30.43900 -0.00000 -34.66787 -16.07288 21.81701 7.12502 -0.00000 -0.00000 -8.07240 -7.24701 -3.34924
0.47967 0.95880 0.00104 6.49076 -6.79029 199.74217 -0.00000 0.00000 -0.00000 -10.90287 -28.33583 -26.02172 -6.79821 40.65797 18.21596 -0.61064 -23.89807 -5.85932 -0.12755 -6.31970 -2.31018 -0.00000 0.00000 -0.00000 20.86068 -8.28507 1.59357 3.63048 31.43131 -12.85247 -2.43633 -24.20944 -2.19000 0.74747 -15.09893 5.63550 0.43174 -8.86508 6.91500 -8.34012 -1.64464 9.02865 -7.86454 4.54536 4.35239 -0.15961 -9.68082 1.67853 21.89021 26.92011 -6.05452 6.57771 10.93004 -1.43732 -0.00000 0.00000 -0.00000 280.97378 59.77253 -349.04262 33.24300 -24.34956 -71.71263 -0.00000 -2.36305 -0.00000 12.66369 16.98724 52.43678 -7.12502 -0.00000 0.00000 -4.10978 -3.35113 804.12973 -0.00000 0.00000 -0.00000 -25.12276 -20.55314 37.64988 -34.39908 -28.19485 78.10544 0.00000 26.69470 -0.00000 -38.56159 -20.34954 23.56749 7.12502 -0.00000 -0.00000 -10.98611 -11.30514 0.27982
0.47540 0.95021 0.00591 6.52004 -4.96346 184.68260 -0.00000 0.00000 -0.00000 -3.86930 -21.42324 -24.94261 -4.92521 35.75126 15.19074 -2.30834 -23.40294 -10.13202 -1.05598 -17.83172 -6.72363 -0.00000 0.00000 -0.00000 20.80741 -8.21848 5.04573 4.30859 33.81387 -14.11001 0.94999 -24.18683 6.75425 0.82233 -15.81228 5.91641 1.07411 -9.14475 5.06555 -7.51454 -0.11849 6.61387 -7.51635 5.96664 3.22407 4.23182 -8.71222 5.41983 18.39235 29.98955 -2.11126 5.38953 11.47865 0.17510 -0.00000 0.00000 0.00000 297.36010 65.25645 -376.50895 33.23952 -24.33997 -71.69657 -0.00000 -4.23380 -0.00000 15.42049 19.30587 50.16158 -7.12502 -0.00000 0.00000 -1.55892 -1.20759 802.75357 -0.00000 0.00000 0.00000 -29.80764 -33.12609 35.28025 -34.34531 -27.97317 77.73809 0.00000 23.56950 -0.00000 -42.78754 -22.48109 22.44608 7.12502 -0.00000 -0.00000 -13.84986 -14.57172 0.58027
0.44876 0.94605 0.00543 5.82151 -3.69502 169.31753 -0.00000 0.00000 -0.00000 -3.40261 -15.07453 -19.54957 -4.53650 34.55285 14.51565 1.02032 -25.10448 -1.91147 -0.89576 -16.47789 -6.18045 -0.00000 0.00000 -0.00000 18.93967 -6.93795 10.72959 4.36738 34.00721 -14.21538 3.28486 -22.14672 12.67909 0.69469 -14.57216 5.42935 0.73721 -8.79805 2.29502 -5.40640 0.90700 3.56449 -5.55868 6.27663 1.99212 7.77144 -5.02406 3.50776 5.89177 33.36826 7.49712 2.14578 11.70652 6.80661 0.00000 0.00000 0.00000 306.98227 63.73060 -393.33552 32.93965 -23.54278 -70.35812 -0.00000 -5.92828 -0.00000 15.82551 19.24544 49.30617 -7.12502 -0.00000 0.00000 -1.42027 -1.06924 801.96675 0.00000 0.00000 0.00000 -30.15245 -44.34401 34.43052 -34.93420 -30.94371 82.67259 0.00000 33.99000 -0.00000 -53.20514 -14.09181 10.32100 7.12502 -0.00000 -0.00000 -22.72764 -14.76318 -13.68563
0.41202 0.94627 0.00391 2.93308 -3.79988 154.17606 -0.00000 0.00000 -0.00000 -6.40083 -13.53167 -12.81711 -4.84654 35.51467 15.05571 5.41478 -27.00721 8.47371 -0.68092 -14.43118 -5.37436 -0.00000 0.00000 -0.00000 15.96132 -10.66611 18.87451 5.42067 37.17770 -16.02431 3.89317 -17.92855 15.26827 0.41209 -11.29042 4.16708 -1.78453 -8.02169 0.50494 -3.02396 1.22005 1.11237 -2.00081 5.80882 0.57954 8.90934 -3.47758 6.56504 -2.21802 34.91925 14.17319 0.60329 12.50107 8.65919 -0.00000 0.00000 -0.00000 306.78596 61.84517 -393.41164 32.85218 -23.32021 -69.98310 -0.00000 -4.85519 -0.00000 14.49242 17.50592 49.32805 -7.12502 -0.00000 0.00000 -3.09419 -2.28892 801.45817 -0.00000 0.00000 -0.00000 -29.69250 -50.88654 32.41569 -35.22779 -36.65786 92.43590 0.00000 21.18650 -0.00000 -50.88296 -20.14286 15.64360 7.12502 -0.00000 -0.00000 -19.99440 -17.15679 -5.96768
0.37251 0.95124 0.00200 -0.71854 -3.16918 138.93670 -0.00000 0.00000 -0.00000 -9.07612 -13.70162 -2.45809 -4.04435 32.92010 13.62959 6.78611 -26.21449 12.75476 -0.37705 -10.80779 -3.98426 -0.00000 0.00000 -0.00000 14.96041 -21.11920 21.12738 8.65249 44.49669 -20.95479 1.15671 -12.95747 7.44214 0.06586 4.54707 -1.65871 -2.55266 -6.24489 -0.33700 -2.18027 1.32986 -0.09373 -0.85313 4.88872 -0.06637 10.93130 -0.88246 9.62844 -11.36646 32.15823 20.28765 -1.97329 12.12472 10.30797 0.00000 0.00000 0.00000 305.16836 61.95570 -383.84162 33.09675 -23.95348 -71.04856 -0.00000 -7.50239 -0.00000 13.80662 18.64533 52.45214 -7.12502 -0.00000 0.00000 -2.61133 -2.16464 804.63066 0.00000 0.00000 0.00000 -22.53820 -53.10065 33.86745 -34.10004 -42.73706 103.81873 0.00000 21.38750 -0.00000 -52.15755 -24.38220 17.78143 7.12502 -0.00000 -0.00000 -20.21984 -20.32482 -1.67913
0.34530 0.96066 -0.00278 -2.62476 -2.68243 128.43696 -0.00000 0.00000 -0.00000 -10.76252 -14.13313 2.91834 -3.60185 31.32393 12.79748 7.78934 -26.01267 15.71465 -0.18986 -7.70004 -2.82072 -0.00000 0.00000 -0.00000 15.75653 -29.23885 14.94312 12.78026 50.82352 -26.52868 -1.44577 -16.95775 -2.51944 0.17485 7.39178 -2.70642 -2.03327 -5.06682 -0.48991 -0.87969 1.72342 -0.46252 0.17264 4.63531 -0.26914 10.74232 0.27167 10.99413 -16.68098 30.43421 23.26987 -3.36939 12.07926 11.02158 0.00000 0.00000 -0.00000 297.53649 66.84122 -367.99902 32.86465 -23.35169 -70.03618 -0.00000 -9.56408 -0.00000 11.84786 15.85576 52.48201 -7.12502 -0.00000 0.00000 -5.15897 -4.16614 803.82223 0.00000 0.00000 -0.00000 -21.92972 -48.54160 28.71211 -32.19820 -46.83635 112.64284 0.00000 22.38030 -0.00000 -55.32582 -24.66959 16.10517 7.12502 -0.00000 -0.00000 -22.41973 -22.10117 -2.63697
0.32973 0.97301 -0.00724 -4.17336 -2.45412 121.34483 -0.00000 0.00000 -0.00000 -12.49330 -11.67627 5.57031 -2.14464 24.85898 9.70833 8.12372 -24.00925 19.21197 -0.08512 -5.16725 -1.88618 -0.00000 0.00000 -0.00000 15.07408 -31.55556 8.87430 16.33924 54.74715 -30.99422 -2.11621 -13.99604 -7.99016 1.26127 19.40594 -7.36655 -0.84578 -4.32290 -0.39512 -0.18487 1.88311 -0.46315 0.23291 4.37375 -0.24841 10.80687 1.34418 12.01015 -20.19411 28.15863 25.00233 -4.52131 11.71930 11.55693 -0.00000 0.00000 0.00000 275.64474 69.16072 -340.56426 32.05179 -21.45141 -66.80567 -0.00000 -11.63560 -0.00000 6.53908 10.33569 57.42586 -7.12502 -0.00000 0.00000 -10.29842 -9.31622 806.69864 -0.00000 0.00000 0.00000 -17.40334 -40.24813 25.18751 -31.34052 -48.12709 115.72602 0.00000 18.10440 -0.00000 -54.84919 -31.28937 20.08753 7.12502 -0.00000 -0.00000 -20.38956 -26.07547 4.78199
0.32814 0.98233 -0.00768 -6.02373 -3.17456 116.28050 -0.00000 0.00000 -0.00000 -12.33071 -10.43745 8.38509 -1.21874 19.09258 7.23754 7.82057 -22.28740 20.86990 -0.05115 -4.00864 -1.46157 -0.00000 0.00000 -0.00000 15.04733 -27.47209 6.58141 12.24454 50.13008 -25.83419 -1.43014 -10.18534 -8.42475 2.27443 25.53464 -10.01320 0.81296 -5.02596 0.22788 0.36199 1.86396 0.23551 -0.05273 4.74966 0.13710 10.63106 1.13530 13.08421 -22.53995 26.44363 26.61950 -5.08705 11.65929 12.09052 0.00000 0.00000 -0.00000 249.20594 65.90657 -308.65479 31.81476 -20.94629 -65.93640 -0.00000 -15.69020 -0.00000 2.25611 4.24084 61.95326 -7.12502 -0.00000 0.00000 15.40350 14.42487 627.11905 0.00000 0.00000 -0.00000 -7.10740 -37.70070 23.33937 -31.43062 -48.00125 115.41737 0.00000 0.35413 -0.00000 -57.62672 -18.02318 11.09767 7.12502 -0.00000 -0.00000 -25.59875 -19.14283 -10.60958
0.33458 0.98473 0.00222 -8.29812 -3.70175 114.02319 -0.00000 0.00000 -0.00000 -12.03876 -10.98041 8.91950 -0.86887 16.23778 6.08498 7.59009 -20.93659 22.47626 -0.14902 -6.82777 -2.49773 -0.00000 0.00000 -0.00000 16.15295 -17.61975 9.13906 4.66093 34.94465 -14.73395 -2.71818 -17.29503 -7.55726 0.00148 -0.68327 0.24870 0.97621 -6.60237 0.79326 0.48536 1.66820 0.95114 0.09576 5.44564 0.49328 10.92739 1.34578 13.52210 -23.46416 25.03975 26.97606 -5.52491 11.38313 12.28052 -0.00000 0.00000 0.00000 229.81210 60.23808 -282.40144 32.38791 -22.20278 -68.08991 -0.00000 -25.89010 -0.00000 -1.97512 -4.23338 64.95949 -7.12502 -0.00000 0.00000 23.14065 19.73408 623.31113 -0.00000 0.00000 0.00000 5.04516 -34.55916 20.03654 -31.22806 -48.28134 116.10691 0.00000 -10.86880 0.00000 -58.13442 -9.01785 5.56493 7.12502 -0.00000 -0.00000 -27.72147 -13.97356 -20.32018
0.34186 0.98266 0.02339 -9.42702 -5.25923 113.79887 -0.00000 0.00000 -0.00000 -8.66622 -15.33935 6.72380 -1.66139 22.09203 8.49563 6.83434 -19.88518 21.49237 -0.62021 -13.79038 -5.12534 -0.00000 0.00000 -0.00000 18.93125 -11.26964 10.91732 1.89955 23.50975 -9.11012 -4.65560 -22.24791 -10.15792 0.21304 -8.15250 2.98881 0.44760 -6.44058 1.20863 1.94636 1.05252 1.50932 1.96843 4.66038 0.74094 10.26357 1.86682 13.85180 -24.27809 24.58768 27.74603 -5.63970 11.28425 12.60660 0.00000 0.00000 0.00000 217.32004 53.59789 -265.21037 33.11180 -23.99359 -71.11588 -0.00000 -40.88570 -0.00000 -5.04820 -14.83243 70.96178 -7.12502 -0.00000 0.00000 33.79763 23.71630 616.00020 0.00000 0.00000 0.00000 14.56716 -27.88691 13.30229 -30.58723 -49.10618 118.19396 0.00000 -12.00090 0.00000 -57.08278 -4.75228 3.06994 7.12502 -0.00000 -0.00000 -27.50677 -11.08018 -24.74227
0.34299 0.98223 0.05265 -9.47647 -6.78042 115.05920 -0.00000 0.00000 -0.00000 -3.74646 -24.85939 4.90003 -4.94085 35.79796 15.21750 3.87344 -14.73202 17.41941 -0.74123 -15.03777 -5.61151 -0.00000 0.00000 -0.00000 21.58822 -10.02321 8.56782 1.04643 17.75435 -6.69236 -4.63455 -21.90715 -10.40952 0.06052 -4.35926 1.58991 1.16496 -4.46739 1.96297 2.44263 1.38729 2.50062 2.12615 3.86936 1.25645 10.53488 1.57434 14.05662 -24.49265 24.03491 27.88602 -5.74407 11.24033 12.67771 0.00000 0.00000 0.00000 216.24849 51.18563 -258.89300 33.61693 -25.43310 -73.52196 -0.00000 -52.94520 -0.00000 -5.37288 -21.39377 75.54227 -7.12502 -0.00000 0.00000 40.53886 24.88927 611.20154 0.00000 0.00000 0.00000 29.34739 -17.40217 5.01198 -29.57790 -50.25034 121.24561 0.00000 -8.53278 0.00000 -55.35390 -4.03938 2.78687 7.12502 -0.00000 -0.00000 -26.07254 -10.04168 -25.38625
0.34243 0.98155 0.08319 -8.70068 -7.25367 117.50181 -0.00000 0.00000 -0.00000 -0.69948 -34.04624 0.79155 -10.43682 47.53461 23.43359 -0.03826 -2.31114 13.96985 -0.00083 -0.51148 -0.18617 -0.00000 0.00000 -0.00000 23.31446 -11.51947 5.32570 1.03592 17.66886 -6.65783 -4.26293 -21.63469 -9.42016 0.00511 -1.26822 0.46168 2.50293 -2.47321 3.16996 1.84039 2.86243 4.11259 0.88834 4.36158 2.11344 10.87119 0.73252 13.90986 -22.59412 23.12562 26.44687 -5.39326 10.66793 12.11824 -0.00000 0.00000 0.00000 229.39787 56.10618 -266.43156 32.46099 -22.37213 -68.37804 -0.00000 -41.15430 -0.00000 -10.98468 -17.44834 57.08331 -7.12502 -0.00000 0.00000 -38.54091 -25.35943 433.26482 -0.00000 0.00000 0.00000 50.86907 -8.26637 -2.98082 -29.80430 -50.00797 120.58255 0.00000 -5.85734 0.00000 -55.09083 -1.14373 0.79804 7.12502 -0.00000 -0.00000 -26.26542 -8.36413 -28.57601
0.34421 0.97784 0.10637 -7.80643 -7.65142 121.24609 -0.00000 0.00000 -0.00000 -1.46289 -40.36784 -6.81398 -15.08460 53.48453 29.44579 -0.77596 5.13838 8.28973 -0.00862 1.64741 0.59978 -0.00000 0.00000 -0.00000 25.19386 -12.64006 3.90361 1.18805 18.86258 -7.14318 -5.26931 -23.29434 -11.12860 0.03195 3.16937 -1.15481 3.83615 -1.67551 3.69358 1.84066 3.82629 4.81029 0.23676 5.02971 2.53476 11.39329 0.65778 13.91084 -22.26340 22.94569 26.28034 -5.40344 10.62077 12.10972 -0.00000 0.00000 0.00000 248.78106 59.19103 -282.25654 30.16128 -17.85667 -60.48702 -0.00000 -54.98690 -0.00000 -5.13668 -10.42687 63.58640 -7.12502 -0.00000 0.00000 27.83749 24.87031 263.53418 -0.00000 0.00000 0.00000 69.49243 -1.26886 -6.82142 -31.46740 -47.94929 115.29046 0.00000 -8.87487 0.00000 -52.98954 2.53512 -1.90975 7.12502 -0.00000 -0.00000 -24.87686 -5.77234 -32.76202
0.34606 0.97460 0.12059 -7.23362 -7.11243 124.44638 -0.00000 0.00000 -0.00000 -6.49943 -41.45953 -15.14263 -13.76276 52.01792 27.78539 0.41335 10.04794 -0.85580 -0.00053 0.40902 0.14887 -0.00000 0.00000 -0.00000 25.54742 -13.12486 3.41752 1.38337 20.27294 -7.72631 -6.47494 -25.12317 -12.94503 0.19075 7.71788 -2.82734 4.49819 0.13950 4.83901 1.81012 3.81900 6.44884 -0.19301 4.12203 3.37726 11.54712 0.40660 13.58845 -21.89013 22.71654 25.68804 -5.40766 10.48248 11.90950 -0.00000 0.00000 -0.00000 274.75922 57.43886 -304.60292 27.26842 -13.64785 -52.51907 -0.00000 -40.01400 -0.00000 -8.32200 -12.03518 54.94941 -7.12502 -0.00000 0.00000 -33.60282 -22.05778 434.47405 -0.00000 0.00000 -0.00000 79.94749 0.31791 -11.53181 -32.88695 -45.61133 109.86862 0.00000 -11.28260 0.00000 -50.03247 3.97334 -3.32379 7.12502 -0.00000 -0.00000 -22.34514 -4.28166 -34.70554
0.34861 0.97331 0.12689 -7.02308 -6.75446 126.58150 -0.00000 0.00000 -0.00000 -11.12354 -39.18968 -18.38068 -12.71199 50.73689 26.44057 -0.86790 7.92162 7.33776 -0.33281 10.16350 3.74117 -0.00000 0.00000 -0.00000 25.00428 -14.59499 1.64254 1.68592 22.24350 -8.56063 -6.60911 -26.11542 -12.36640 0.26344 9.05593 -3.32568 5.94413 0.48322 6.12722 1.19741 4.15953 8.18760 -1.46384 4.64832 4.32143 12.42113 0.18422 13.92357 -22.08719 21.45568 25.76180 -5.67811 10.27093 12.04341 -0.00000 0.00000 -0.00000 291.99037 51.40088 -317.03890 25.44792 -11.50685 -48.09435 -0.00000 -35.65770 -0.00000 -11.28539 -15.44148 53.14882 -7.12502 -0.00000 0.00000 -38.43114 -22.51587 430.76242 -0.00000 0.00000 -0.00000 83.46986 1.56021 -15.46351 -33.40778 -44.52392 107.51142 0.00000 -12.56520 0.00000 -47.56776 4.73146 -4.31222 7.12502 -0.00000 -0.00000 -20.15840 -3.35554 -35.94092
0.34946 0.97309 0.13195 -7.26002 -6.65737 128.98712 -0.00000 0.00000 -0.00000 -12.49736 -35.02633 -16.63911 -8.54674 44.29861 20.80365 -0.62643 1.80654 10.82162 -0.00164 0.71890 0.26167 -0.00000 0.00000 -0.00000 25.28856 -15.21344 3.44106 1.96856 23.90009 -9.28179 -7.88744 -27.18272 -14.73863 0.34062 10.28034 -3.78517 6.46531 0.83116 6.77172 0.77722 3.79314 9.07127 -2.20954 4.29497 4.76813 12.84913 0.46164 14.20737 -21.66128 20.84266 25.90593 -5.65032 10.05039 12.22594 0.00000 0.00000 0.00000 295.96677 48.98745 -314.23391 25.91276 -12.02383 -49.19253 -0.00000 -34.07240 -0.00000 -12.69350 -14.07069 47.18604 -7.12502 -0.00000 0.00000 -39.97916 -18.73625 425.96127 0.00000 0.00000 0.00000 81.35945 2.74058 -18.01794 -33.51589 -44.27513 106.98458 0.00000 -9.88909 0.00000 -45.81213 2.81508 -2.73321 7.12502 -0.00000 -0.00000 -18.25295 -3.79232 -33.66025
0.34724 0.97090 0.14268 -8.24908 -6.79027 132.58349 -0.00000 0.00000 -0.00000 -13.83954 -33.80448 -16.91150 -6.20537 39.23850 17.29276 -0.14500 -0.89290 10.05394 -0.13451 -6.48868 -2.37251 -0.00000 0.00000 -0.00000 23.90110 -19.58215 1.61989 2.70414 27.60970 -10.97365 -7.95052 -27.87527 -14.21537 0.31091 9.82807 -3.61502 6.07454 0.95733 7.23101 0.13789 3.19032 9.69145 -2.72671 3.70599 5.03814 13.19707 0.25123 14.14864 -20.91670 20.39328 25.44678 -5.54928 9.82950 12.09609 -0.00000 0.00000 -0.00000 299.48791 50.34737 -311.63587 26.60157 -12.82623 -50.85800 -0.00000 -32.39350 -0.00000 -13.88864 -13.94095 44.25562 -7.12502 -0.00000 0.00000 -41.38427 -16.97920 423.33624 -0.00000 0.00000 -0.00000 77.70729 1.18547 -19.47720 -33.34623 -44.66161 107.80491 0.00000 -7.52253 0.00000 -45.72269 0.84043 -0.81940 7.12502 -0.00000 -0.00000 -17.92012 -4.60991 -31.04273
0.33811 0.96912 0.15981 -9.09571 -7.27790 137.80894 -0.00000 0.00000 -0.00000 -15.61517 -35.39859 -17.96678 -4.97426 35.89732 15.27455 -0.11810 -0.02334 6.53840 -0.10195 -5.65304 -2.06469 -0.00000 0.00000 -0.00000 22.86191 -23.70251 1.10245 3.37942 30.46870 -12.36432 -9.15638 -28.99185 -16.08801 0.49420 12.34281 -4.56806 5.95668 0.95067 7.09498 -0.35280 3.08943 9.51520 -3.19453 3.65571 4.94986 13.11027 -0.40608 14.08236 -20.28184 20.01393 24.98128 -5.36359 9.66294 11.87742 -0.00000 0.00000 -0.00000 307.84745 50.15883 -318.26305 26.44656 -12.64171 -50.47899 -0.00000 -30.14250 -0.00000 -13.06656 -13.12642 44.37719 -7.12502 -0.00000 0.00000 -40.25772 -16.84184 423.88840 -0.00000 0.00000 -0.00000 76.02433 -0.45336 -20.22063 -33.31210 -44.73679 107.96575 0.00000 -8.43568 0.00000 -46.30832 1.23357 -1.17822 7.12502 -0.00000 -0.00000 -18.51186 -4.59583 -31.54176
0.32073 0.96606 0.17941 -9.54237 -8.14901 142.50954 -0.00000 0.00000 -0.00000 -15.35855 -37.34992 -17.52523 -3.95314 32.60172 13.46104 0.02031 -1.10722 1.24227 -0.40802 -11.23559 -4.14628 -0.00000 0.00000 -0.00000 20.80075 -28.69160 -2.23044 3.89589 32.39916 -13.35448 -9.32018 -28.82160 -16.66043 0.66889 14.30675 -5.32589 6.17950 1.14679 6.83738 -0.52881 2.96062 9.18732 -3.56916 3.45047 4.78880 13.19859 -0.88526 14.17553 -20.02266 19.22549 24.68918 -5.35218 9.44214 11.74291 -0.00000 0.00000 -0.00000 317.59840 53.07688 -328.41367 26.44689 -12.64210 -50.47978 -0.00000 -30.82810 -0.00000 -13.02443 -13.85150 45.98449 -7.12502 -0.00000 0.00000 -40.34019 -17.98240 424.97714 -0.00000 0.00000 -0.00000 75.27825 -0.17395 -20.82630 -33.55199 -44.18997 106.80524 0.00000 -9.27481 0.00000 -46.03402 1.69162 -1.63096 7.12502 -0.00000 -0.00000 -18.31443 -4.32713 -32.15885
0.29322 0.96233 0.19445 -9.52904 -8.35240 145.17633 -0.00000 0.00000 -0.00000 -13.39951 -36.06530 -16.93334 -4.34177 33.92322 14.16954 0.11496 -7.63346 -0.40794 -0.17031 -7.29589 -2.67090 -0.00000 0.00000 -0.00000 17.96299 -33.13177 -5.14878 4.73694 35.18013 -14.86627 -9.12300 -28.06108 -16.98426 0.51485 12.59252 -4.66370 6.34708 1.35707 6.55485 -0.53092 3.23065 8.83484 -3.67429 3.60190 4.63515 13.18917 -1.93190 14.36224 -19.15704 18.66664 24.24982 -5.06780 9.27376 11.49536 0.00000 0.00000 -0.00000 324.34654 56.96490 -334.88701 27.93867 -14.52264 -54.24385 -0.00000 -33.39040 -0.00000 -14.07900 -16.33987 48.28491 -7.12502 -0.00000 0.00000 -42.19131 -20.00386 425.67553 0.00000 0.00000 -0.00000 74.84419 1.72098 -20.37924 -33.82200 -43.51553 105.40226 0.00000 -9.89020 0.00000 -45.62908 1.21118 -1.18461 7.12502 -0.00000 -0.00000 -17.87818 -4.42768 -31.54059
0.25165 0.95670 0.20329 -9.31169 -8.51943 147.15174 -0.00000 0.00000 -0.00000 -11.00050 -33.63759 -16.93638 -8.76128 44.69815 21.10974 0.65762 -10.38910 2.30806 -0.01865 -2.42193 -0.88207 -0.00000 0.00000 -0.00000 14.27073 -37.11805 -7.36228 5.63140 37.75352 -16.37075 -8.75661 -26.74136 -17.52235 0.42794 11.50165 -4.24730 6.03444 1.41623 5.98884 0.23755 3.11375 8.08130 -2.78534 3.20382 4.22819 13.24228 -1.94616 14.56849 -19.69837 17.59696 24.28180 -5.33112 9.04042 11.50291 0.00000 0.00000 0.00000 329.13035 61.63406 -337.21193 30.66398 -18.72734 -62.04912 -0.00000 -40.03180 -0.00000 -13.40458 -18.63774 53.28757 -7.12502 -0.00000 0.00000 -42.08450 -23.60123 428.90952 0.00000 0.00000 0.00000 73.44893 2.62075 -20.19416 -33.92815 -43.22976 104.81668 0.00000 -8.92324 0.00000 -45.02769 1.28128 -1.27972 7.12502 -0.00000 -0.00000 -17.32767 -4.24252 -31.66075
0.19907 0.95191 0.20900 -8.21507 -8.37272 151.24646 -0.00000 0.00000 -0.00000 -6.69345 -27.88491 -16.30870 -12.34790 50.26634 25.96874 0.55173 -5.84240 6.24435 -1.16643 18.69847 7.07603 -0.00000 0.00000 -0.00000 9.60427 -39.23349 -9.61614 6.25327 39.35726 -17.36838 -8.90866 -25.01172 -20.17678 0.31183 9.84242 -3.62041 5.35852 1.79594 5.07550 1.46794 2.96519 6.91022 -1.28040 2.49115 3.60758 12.58862 -2.28282 14.83184 -19.83863 16.66395 24.39664 -5.29297 8.77198 11.52310 0.00000 0.00000 -0.00000 346.81246 65.13795 -347.93559 33.45381 -24.94676 -72.71107 -0.00000 -47.63780 -0.00000 -14.53423 -24.15905 57.64755 -7.12502 -0.00000 0.00000 -45.88041 -27.51100 429.12937 0.00000 0.00000 -0.00000 72.20233 0.61884 -21.74853 -33.90097 -43.30418 104.96867 0.00000 -10.74380 0.00000 -45.93723 1.89670 -1.83468 7.12502 -0.00000 -0.00000 -18.25032 -4.21468 -32.43568
0.13613 0.94969 0.21139 -6.58217 -8.45322 157.17022 -0.00000 0.00000 -0.00000 -1.12112 -21.09866 -16.05664 -10.87578 48.20449 24.02547 0.09849 -2.42527 10.56985 -2.51300 26.71516 10.55496 -0.00000 0.00000 -0.00000 3.61881 -39.41079 -13.20700 6.00455 38.73212 -16.97355 -8.95367 -22.90860 -23.70915 0.43227 11.55872 -4.26900 4.62258 1.19001 4.05788 2.65206 2.47733 5.55092 0.29289 2.04649 2.90192 12.05859 -2.52207 14.70607 -18.78887 17.28613 24.18063 -4.82803 8.76609 11.43454 0.00000 0.00000 -0.00000 373.34690 56.94071 -366.59512 34.82266 -30.25211 -81.51995 -0.00000 -59.77410 -0.00000 -15.01223 -29.55751 61.46954 -7.12502 -0.00000 0.00000 -49.82970 -30.52032 428.20531 0.00000 0.00000 -0.00000 70.21347 -1.94393 -23.20013 -34.02543 -42.95583 104.26004 0.00000 -13.94070 0.00000 -46.04274 3.93290 -3.78380 7.12502 -0.00000 -0.00000 -18.62025 -3.36822 -35.10843
0.06120 0.94915 0.20843 -4.96659 -8.26699 161.91974 -0.00000 0.00000 -0.00000 3.37509 -12.44232 -15.43192 -5.24678 36.68909 15.73493 -0.53278 3.86710 7.19456 -1.83380 23.12972 8.94403 -0.00000 0.00000 -0.00000 -1.45316 -35.98102 -14.76977 4.23577 33.57166 -13.97874 -8.48277 -20.14971 -28.01607 1.60572 21.74316 -8.34649 3.48394 -0.34142 3.34206 3.69325 2.01455 4.55115 2.04152 2.21934 2.38597 11.06021 -3.74865 14.07363 -17.60098 18.95037 23.50390 -4.14344 9.11715 11.04161 0.00000 0.00000 -0.00000 386.19647 36.38821 -376.24758 34.96359 -31.14414 -83.00731 -0.00000 -74.20230 -0.00000 -15.70375 -31.65835 61.82255 -7.12502 -0.00000 0.00000 -52.11164 -30.66733 426.64806 0.00000 0.00000 -0.00000 67.80597 -1.79635 -23.09330 -34.20186 -42.42494 103.19384 0.00000 -15.00740 0.00000 -45.48660 4.13991 -4.05984 7.12502 -0.00000 -0.00000 -18.12917 -3.15762 -35.45019
-0.03111 0.95085 0.20111 -4.66971 -8.85735 163.74387 -0.00000 0.00000 -0.00000 1.75070 -6.09914 -16.31685 -2.33740 25.85363 10.15843 0.12049 -5.01557 0.66210 -1.12361 -18.36821 -6.94131 -0.00000 0.00000 -0.00000 -3.85039 -28.68098 -9.34865 1.49663 21.03797 -8.04738 -8.65260 -19.66389 -30.21046 2.79796 28.03363 -11.17466 2.83378 -2.89613 2.96179 4.25010 1.07274 3.95788 3.06497 2.60215 2.07711 10.48075 -4.75997 13.46019 -17.61166 20.22649 23.07562 -3.93404 9.56635 10.75227 0.00000 0.00000 -0.00000 390.80415 16.59200 -382.50469 34.29289 -27.76302 -77.38986 -180.00000 -89.18070 -180.00000 -14.08126 -31.89570 64.60493 -7.12502 -0.00000 0.00000 -50.69743 -32.61621 428.80775 0.00000 0.00000 -0.00000 65.59794 1.19864 -21.14947 -34.29093 -42.13740 102.62296 0.00000 -13.27220 0.00000 -44.34912 2.49150 -2.54628 7.12502 -0.00000 -0.00000 -16.84534 -3.57921 -33.34985
-0.12451 0.95780 0.19875 -4.80724 -9.61900 163.38071 -0.00000 0.00000 -0.00000 -3.54426 -6.77115 -14.70862 -1.90244 23.52627 9.11736 1.21123 -14.63507 2.80384 -2.72793 -27.71808 -11.02488 -0.00000 0.00000 -0.00000 -2.93367 -18.45389 8.75268 0.28499 9.41464 -3.45993 -25.71965 -34.13724 -42.02237 5.09661 36.25684 -15.48231 0.47016 -4.41881 2.18149 5.79092 0.09550 3.07250 5.98064 2.27374 1.64787 9.00814 -5.07219 12.87679 -18.18781 20.05970 22.52802 -3.97334 9.43250 10.38311 0.00000 0.00000 -0.00000 388.29693 4.13932 -389.22125 32.41851 -22.27341 -68.21014 -180.00000 -79.24600 -180.00000 -15.58101 -31.69864 62.04590 -7.12502 -0.00000 0.00000 -52.02576 -30.82072 426.79763 0.00000 0.00000 -0.00000 63.82093 6.80514 -17.17910 -34.43775 -41.62851 101.62340 0.00000 -9.18086 0.00000 -43.21656 0.12267 -0.13056 7.12502 -0.00000 -0.00000 -15.51363 -4.23271 -30.10982
-0.20323 0.96316 0.20417 -3.61071 -10.05295 161.31374 -0.00000 0.00000 -0.00000 -5.62125 -7.80496 -11.94354 -1.63264 21.91273 8.41888 1.77760 -20.50259 1.94511 -3.86523 -32.28980 -13.29717 -0.00000 0.00000 -0.00000 -1.23891 -24.12449 3.21636 0.79726 15.57747 -5.82371 -11.30778 -24.16521 -28.97878 1.92732 23.66784 -9.17951 0.33034 -4.74207 1.63660 6.20462 -0.02503 2.36376 6.45930 2.38073 1.30230 8.64804 -6.60247 12.24002 -17.92781 20.13427 21.34320 -3.89804 9.54611 9.69200 0.00000 0.00000 0.00000 381.92511 -7.64355 -397.21740 29.10557 -16.18007 -57.40557 -180.00000 -78.73600 -180.00000 -13.92955 -27.36521 61.64972 -7.12502 -0.00000 0.00000 -47.13039 -30.51852 430.23876 0.00000 0.00000 0.00000 67.69356 13.47617 -12.45463 -34.68094 -40.65818 99.75295 0.00000 -4.08202 0.00000 -41.73291 -1.96317 2.19935 7.12502 -0.00000 -0.00000 -13.94726 -4.60730 -27.07685
-0.26474 0.96697 0.21480 -3.01379 -8.87872 158.67117 -0.00000 0.00000 -0.00000 -8.55619 -9.47643 -10.09828 -2.01640 24.16575 9.39926 2.41658 -25.03420 1.76416 -3.55455 -31.14521 -12.70626 -0.00000 0.00000 -0.00000 1.75958 -30.48014 -0.76240 3.09410 29.31265 -11.79181 -4.89226 -16.63595 -19.08512 1.01810 17.52269 -6.59889 -1.07029 -3.12589 0.48973 5.86125 0.17994 0.84100 6.74733 1.84013 0.49292 8.25160 -6.84336 11.49691 -17.77877 19.02792 19.84006 -4.11192 9.06467 8.96624 -0.00000 0.00000 -0.00000 371.95431 -16.25250 -403.66189 25.38246 -11.43556 -47.94126 -180.00000 -85.18450 -180.00000 -11.62015 -23.27009 62.50243 -7.12502 -0.00000 0.00000 -41.85777 -30.24796 434.34748 -0.00000 0.00000 -0.00000 71.84510 21.57990 -9.04596 -34.95563 -39.23529 97.08488 0.00000 -0.15348 0.00000 -39.70014 -3.12882 3.76138 7.12502 -0.00000 -0.00000 -12.00766 -4.40117 -25.16090
-0.31102 0.97014 0.22372 -2.32430 -8.19302 155.80148 -0.00000 0.00000 -0.00000 -9.72932 -10.65217 -7.09780 -2.05527 24.37867 9.49380 2.55530 -26.18311 1.62480 -3.79046 -32.02049 -13.15669 -0.00000 0.00000 -0.00000 4.79651 -33.18501 -2.44099 5.38151 37.06876 -15.95943 -3.61054 -14.00710 -17.44409 1.34494 20.00501 -7.61468 -2.82926 -3.43986 -0.52094 5.63038 0.66205 -0.52767 7.44795 2.70521 -0.27606 6.30331 -8.23335 10.00145 -15.72784 19.61939 17.39469 -3.40195 8.92968 7.70935 0.00000 0.00000 0.00000 369.26342 -16.00809 -406.00543 22.65406 -8.75864 -41.84575 -180.00000 -89.64840 -180.00000 -12.03179 -23.46742 61.84373 -7.12502 -0.00000 0.00000 -42.49149 -29.91997 433.56811 0.00000 0.00000 0.00000 75.56121 26.73183 -10.07413 -35.06302 -38.48998 95.71844 0.00000 2.19890 -0.00000 -38.10295 -3.81542 4.85025 7.12502 -0.00000 -0.00000 -10.52724 -4.11481 -23.88685
-0.34565 0.97227 0.22800 -1.65244 -6.60117 150.82414 -0.00000 0.00000 -0.00000 -11.47265 -10.29708 -5.33758 -2.38747 26.10342 10.27274 3.46440 -27.29872 3.38274 -2.70517 -27.61440 -10.97587 -0.00000 0.00000 -0.00000 6.82962 -32.85953 -1.90296 7.27407 41.72346 -18.93850 -3.99206 -14.71873 -18.24822 1.66951 22.14230 -8.51719 -3.80392 -3.16852 -0.99352 4.70428 0.94062 -1.18962 6.97341 2.93775 -0.66542 5.75398 -8.86716 9.12967 -15.04275 20.48975 16.18988 -3.20887 9.13949 7.08341 0.00000 0.00000 0.00000 369.43004 -9.87627 -403.48140 21.24198 -7.57077 -38.86851 -0.00000 -87.15230 -0.00000 -11.01217 -17.21020 56.66683 -7.12502 -0.00000 0.00000 -38.50557 -25.05394 433.02504 0.00000 0.00000 0.00000 79.14886 29.62777 -12.68818 -35.18154 -37.35087 93.66580 0.00000 3.70399 -0.00000 -36.48148 -3.84574 5.18265 7.12502 -0.00000 -0.00000 -9.06412 -3.58658 -23.58848
-0.37188 0.97092 0.22893 -0.64617 -6.21585 145.03983 -0.00000 0.00000 -0.00000 -12.85594 -10.25292 -6.05666 -3.03147 29.04923 11.66336 5.58624 -28.99632 7.53335 -1.03405 -17.65356 -6.65166 -0.00000 0.00000 -0.00000 8.02014 -31.93437 -0.21797 8.34013 43.90504 -20.50677 -3.34140 -12.60716 -19.64813 2.93096 28.61874 -11.45495 -4.00352 -4.07128 -1.07772 4.49163 1.36087 -1.29366 6.84151 3.90054 -0.76607 6.41476 -9.22061 9.18815 -15.51686 19.74719 15.99518 -3.52584 9.04013 6.97090 -0.00000 0.00000 -0.00000 367.98566 -3.14382 -398.15469 21.26385 -7.58826 -38.91387 -0.00000 -84.27100 -0.00000 -10.41099 -14.19163 53.15129 -7.12502 -0.00000 0.00000 -36.97927 -22.05404 431.50338 -0.00000 0.00000 -0.00000 79.51234 28.86542 -14.95737 -35.21623 -36.86065 92.79443 0.00000 2.45318 -0.00000 -35.17970 -3.14319 4.44792 7.12502 -0.00000 -0.00000 -7.90200 -2.96331 -24.57161
-0.38771 0.96990 0.22912 -0.15251 -6.35265 139.90848 -0.00000 0.00000 -0.00000 -12.76826 -10.16913 -3.86077 -3.01266 28.96943 11.62459 6.75434 -29.02808 10.28575 -0.53559 -12.83798 -4.75791 -0.00000 0.00000 -0.00000 8.18015 -28.99820 2.50861 7.60724 42.43408 -19.43564 -1.94601 -8.84617 -21.49716 3.41842 30.62142 -12.44105 -4.26675 -4.72141 -0.90808 3.93440 0.73772 -1.03763 6.41888 3.57183 -0.62326 7.12389 -8.41622 8.97048 -14.31769 20.15309 15.33029 -3.40189 8.93179 6.82254 -0.00000 0.00000 -0.00000 366.56998 6.28699 -392.69197 22.92272 -8.99878 -42.42428 -0.00000 -87.26230 -0.00000 -8.00357 -10.57661 52.54688 -7.12502 -0.00000 0.00000 -33.09696 -20.24778 432.96599 -0.00000 0.00000 -0.00000 81.40318 27.39238 -19.13183 -35.25042 -36.12818 91.50448 0.00000 -1.79111 0.00000 -37.37614 -1.29533 1.69504 7.12502 -0.00000 -0.00000 -9.98669 -3.11326 -27.85888
-0.39623 0.97018 0.22957 0.91080 -6.97324 136.44233 -0.00000 0.00000 -0.00000 -11.68680 -10.60429 -2.89128 -3.35918 30.38893 12.32435 7.79422 -29.84683 12.08205 -0.17629 -7.42183 -2.71755 -0.00000 0.00000 -0.00000 8.53201 -24.22991 4.44689 4.99474 35.95796 -15.30945 -0.28570 -3.77300 -14.94730 0.66343 14.24986 -5.30375 -3.90442 -5.57463 -0.66314 3.60440 0.61935 -0.70690 5.88900 3.87180 -0.45551 7.04635 -8.44189 8.39908 -13.14306 20.90795 14.36087 -3.13864 9.01864 6.43682 -0.00000 0.00000 0.00000 363.25594 13.95131 -389.84898 23.58054 -9.60715 -43.85897 -0.00000 -87.15800 -0.00000 -5.80712 -7.26819 51.20496 -7.12502 -0.00000 0.00000 -29.84508 -18.07679 433.40507 -0.00000 0.00000 0.00000 83.89802 26.17809 -21.49390 -35.26420 -35.36578 90.17572 0.00000 -3.67114 0.00000 -38.11967 -0.19557 0.24925 7.12502 -0.00000 -0.00000 -10.75223 -2.98847 -29.64800
-0.40257 0.96951 0.23259 2.42347 -7.70701 134.12389 -0.00000 0.00000 -0.00000 -9.58542 -11.49311 -1.55270 -3.90502 32.43162 13.37152 8.18721 -29.80039 13.03407 -0.27359 -9.22661 -3.38952 -0.00000 0.00000 -0.00000 10.17666 -21.56584 5.05932 3.73949 31.83471 -13.06030 -0.20992 -3.15971 -12.01783 0.07501 4.85193 -1.77047 -3.36980 -4.90960 -0.73369 3.47971 0.50097 -0.84611 5.43794 3.37978 -0.49804 7.17415 -9.32821 8.20294 -12.01501 22.28383 13.94331 -2.75007 9.53082 6.27315 0.00000 0.00000 0.00000 355.62017 18.43068 -387.10056 23.31070 -9.35403 -43.26723 -0.00000 -85.87610 -0.00000 -5.57627 -6.96943 51.17907 -7.12502 -0.00000 0.00000 -29.50908 -17.91635 433.52540 0.00000 0.00000 0.00000 86.69444 28.22746 -22.20729 -35.26001 -34.77630 89.15708 0.00000 -3.11700 0.00000 -37.98612 -0.63331 0.81094 7.12502 -0.00000 -0.00000 -10.59504 -3.08532 -28.94745
-0.40858 0.96679 0.23632 3.00242 -8.43602 131.77671 -0.00000 0.00000 -0.00000 -8.23326 -12.98808 -0.57286 -4.53653 34.55294 14.51570 8.78976 -30.15659 14.11375 -0.25116 -8.84461 -3.24673 -0.00000 0.00000 -0.00000 11.78626 -21.05978 5.46881 3.11805 29.41244 -11.84067 -0.18113 -2.98578 -11.68163 0.00373 1.08395 -0.39457 -2.99265 -4.64164 -0.71234 2.85557 0.35792 -0.83845 4.56892 3.06191 -0.47813 9.31545 -7.40422 8.16136 -12.75822 20.53672 13.50272 -3.63192 8.77763 6.26558 -0.00000 0.00000 0.00000 348.26261 22.04584 -383.54056 23.24898 -9.29683 -43.13252 -0.00000 -86.09990 -0.00000 -5.71757 -7.22983 51.49509 -7.12502 -0.00000 0.00000 -29.68484 -18.18696 433.70242 -0.00000 0.00000 0.00000 90.61376 32.28174 -22.26460 -35.24804 -34.31941 88.37231 0.00000 -2.54233 0.00000 -38.28825 -1.31970 1.67112 7.12502 -0.00000 -0.00000 -10.82641 -3.38018 -27.86480
-0.41511 0.96309 0.23864 2.89200 -8.41832 129.64162 -0.00000 0.00000 -0.00000 -8.21986 -14.20225 0.36412 -5.08250 36.21573 15.45844 9.46710 -30.48503 15.35810 -0.23119 -8.48937 -3.11422 -0.00000 0.00000 -0.00000 12.09497 -20.93998 6.22438 2.78766 27.98754 -11.15272 -0.15883 -2.81047 -11.07616 0.01591 -2.23699 0.81464 -3.35985 -4.26987 -0.44122 2.19007 0.25194 -0.46172 4.11542 2.70172 -0.28740 10.35835 -7.30390 7.86449 -12.69639 20.37159 12.85413 -3.91704 8.71790 6.03790 -0.00000 0.00000 -0.00000 339.93890 23.07339 -380.61184 23.43751 -9.47236 -43.54475 -0.00000 -84.18030 -0.00000 -5.39234 -6.77566 51.33805 -7.12502 -0.00000 0.00000 -29.22027 -17.89354 433.78006 -0.00000 0.00000 -0.00000 94.41699 36.47533 -23.06191 -35.23173 -33.92564 87.69903 0.00000 -1.25838 0.00000 -38.46316 -1.81427 2.28227 7.12502 -0.00000 -0.00000 -10.95556 -3.58632 -27.09223
-0.42291 0.95993 0.23849 3.28101 -8.62503 128.58288 -0.00000 0.00000 -0.00000 -7.83032 -15.26637 0.81241 -5.71497 37.97713 16.50690 9.70688 -31.12265 15.30288 -0.20638 -8.02518 -2.94147 -0.00000 0.00000 -0.00000 12.45694 -20.95120 6.37730 2.63580 27.29477 -10.82541 -0.09782 -2.47603 -10.99802 0.06223 -4.42036 1.61229 -2.70170 -3.58900 -0.07515 1.82500 0.13000 -0.01386 3.39574 2.14818 -0.04179 8.69490 -9.89184 7.24304 -9.35228 23.61989 11.70187 -2.47806 9.87847 5.55979 -0.00000 0.00000 -0.00000 331.88516 23.24976 -379.05539 24.24249 -10.25004 -45.33091 -0.00000 -83.51680 -0.00000 -6.56302 -7.96967 50.31432 -7.12502 -0.00000 0.00000 -31.03214 -18.00502 432.19303 -0.00000 0.00000 -0.00000 98.18679 39.46347 -24.12025 -35.19081 -33.24751 86.54559 0.00000 -0.95374 0.00000 -37.87220 -1.81138 2.32748 7.12502 -0.00000 -0.00000 -10.41272 -3.41161 -27.05635
-0.43242 0.95796 0.23815 3.52206 -9.17829 128.73126 -0.00000 0.00000 -0.00000 -7.70560 -16.77179 0.10080 -6.39596 39.70673 17.59256 9.32726 -30.81011 14.74340 -0.15901 -7.05130 -2.58037 -0.00000 0.00000 -0.00000 13.05490 -20.64437 7.55621 2.43473 26.33611 -10.37971 0.07611 -1.87496 -12.64229 0.08439 -5.14506 1.87804 -1.77350 -3.40297 0.22740 1.58223 0.11552 0.35318 2.64274 2.00609 0.15474 8.01957 -10.41151 6.32692 -7.56070 24.39890 10.12698 -2.02252 10.02690 4.94537 -0.00000 0.00000 0.00000 325.18757 22.20343 -379.91131 25.54709 -11.61556 -48.32701 -0.00000 -84.54290 -0.00000 -4.74275 -5.52837 49.26518 -7.12502 -0.00000 0.00000 -28.52558 -16.36627 432.40295 -0.00000 0.00000 0.00000 100.33178 40.40832 -23.34752 -35.01199 -31.49621 83.59616 0.00000 0.09607 -0.00000 -37.22678 -2.58082 3.39170 7.12502 -0.00000 -0.00000 -9.78212 -3.45005 -25.75872
-0.45018 0.96013 0.23641 3.15182 -8.77949 128.89005 -0.00000 0.00000 -0.00000 -8.86183 -17.84436 0.94240 -6.12496 39.03736 17.16536 8.17597 -29.62138 13.16295 -0.02372 -2.73127 -0.99490 -0.00000 0.00000 -0.00000 11.79884 -19.19164 7.60124 1.70809 22.37925 -8.61902 0.76285 -0.05327 -16.39464 0.02087 2.56222 -0.93324 -0.76829 -2.62578 0.73577 0.92258 0.98862 0.99296 1.44049 2.45638 0.47766 6.96928 -8.65440 5.01531 -6.18989 21.22249 7.81879 -1.96264 8.40500 3.91911 0.00000 0.00000 -0.00000 318.94506 19.69425 -382.52163 28.03204 -14.64870 -54.48898 -0.00000 -86.35450 -0.00000 -1.82749 -2.11431 49.14577 -7.12502 -0.00000 0.00000 -24.49360 -14.56189 433.89284 0.00000 0.00000 -0.00000 99.89688 37.98650 -20.21252 -34.65465 -29.35455 80.02838 0.00000 0.64794 -0.00000 -36.27733 -2.70626 3.68075 7.12502 -0.00000 -0.00000 -8.91127 -3.19200 -25.44899
-0.47461 0.96854 0.23695 1.98708 -8.14539 128.24141 -0.00000 0.00000 -0.00000 -11.33143 -17.88107 1.50771 -4.84034 35.49589 15.04503 7.17647 -27.00532 13.05098 -0.00707 1.49181 0.54310 -0.00000 0.00000 -0.00000 11.60515 -22.33644 4.97379 1.99145 24.02769 -9.33815 0.75664 -1.54563 -20.81993 1.48316 20.94883 -8.00979 -0.32393 -1.22776 1.12326 0.60509 2.61354 1.52631 0.90755 3.34580 0.75741 5.01911 -6.70333 4.21812 -5.82909 16.48252 6.49633 -1.87211 6.39354 3.16438 -0.00000 0.00000 -0.00000 311.80466 16.84919 -386.02399 31.01590 -19.36959 -63.18707 -0.00000 -88.83380 -0.00000 2.56437 3.01858 49.61922 -7.12502 -0.00000 0.00000 -18.44239 -11.81748 436.55485 -0.00000 0.00000 -0.00000 97.77953 34.60846 -18.78203 -34.51796 -28.71010 78.95943 0.00000 -0.97115 0.00000 -36.70947 -1.94471 2.60583 7.12502 -0.00000 -0.00000 -9.33780 -3.10768 -26.75296
-0.49878 0.97564 0.24317 -1.75899 -7.47893 128.10367 -0.00000 0.00000 -0.00000 -15.85441 -19.60924 0.81941 -3.43793 30.69739 12.47932 5.96877 -23.42895 13.17625 -0.02235 2.65119 0.96569 -0.00000 0.00000 -0.00000 11.35998 -36.22202 -1.80925 9.87372 46.63344 -22.66472 -1.17052 -8.11989 -9.98060 0.95816 17.02010 -6.39698 -0.64962 0.05600 0.63800 -0.59139 3.01076 0.93243 -0.19342 3.05761 0.47926 3.29953 -6.77857 4.14424 -5.31170 14.66694 6.31911 -1.48135 5.76474 2.99616 0.00000 0.00000 0.00000 310.15443 16.02376 -386.50324 33.64847 -25.52985 -73.68307 -180.00000 -89.25580 -180.00000 5.81971 7.45455 51.84675 -7.12502 -0.00000 0.00000 -13.40004 -9.74465 440.39253 0.00000 0.00000 0.00000 97.55140 31.93362 -21.84173 -34.65511 -29.35681 80.03214 0.00000 -1.56011 0.00000 -37.57164 -2.40506 3.12223 7.12502 -0.00000 -0.00000 -10.10538 -3.50284 -26.07750
-0.51518 0.98593 0.24918 -5.65151 -7.32822 129.62816 -0.00000 0.00000 -0.00000 -17.96602 -22.20127 5.32633 -2.10727 24.65972 9.61912 3.13449 -18.72641 7.95964 -0.02140 -2.59443 -0.94498 -0.00000 0.00000 -0.00000 13.03730 -42.58766 -5.41241 22.52855 59.60365 -38.34994 -0.22871 -4.07961 -3.40605 0.32062 9.97830 -3.67149 0.64989 0.05299 -0.96400 -2.35431 2.68161 -1.17353 -2.84262 2.66025 -0.51090 2.27102 -6.83973 4.30527 -4.57014 14.17664 6.49167 -1.07188 5.57267 3.06859 -0.00000 0.00000 0.00000 308.54854 15.02853 -383.77846 35.06353 -31.90939 -84.28875 -180.00000 -89.49980 -180.00000 9.62748 13.18093 53.35420 -7.12502 -0.00000 0.00000 -7.73092 -6.26325 443.78639 -0.00000 0.00000 0.00000 99.33345 29.72037 -27.66451 -34.75001 -29.84671 80.84575 0.00000 0.43617 -0.00000 -38.24831 -2.36534 2.99701 7.12502 -0.00000 -0.00000 -10.72633 -3.69666 -26.20336
-0.52361 0.99348 0.25364 -9.11619 -6.42099 129.75791 -0.00000 0.00000 -0.00000 -20.30624 -23.14142 8.84496 -1.29729 19.66657 7.47426 1.26301 -14.90722 2.88531 -0.00050 0.39820 0.14494 -0.00000 0.00000 -0.00000 16.47100 -37.81843 -2.67815 16.86463 55.24256 -31.63564 -0.08461 -2.06419 -8.19323 1.31687 19.80651 -7.53224 1.06082 -0.38778 -1.94704 -4.24267 1.80080 -2.43117 -5.07103 1.83755 -1.11584 0.94252 -7.34677 4.05550 -2.21471 15.08540 6.00854 -0.14159 5.81921 2.91467 0.00000 0.00000 0.00000 305.07966 17.33001 -380.96056 35.19071 -37.23359 -93.45672 -0.00000 -82.96840 -0.00000 11.10736 17.60608 57.01351 -7.12502 -0.00000 0.00000 -4.08939 -3.89042 448.50105 0.00000 0.00000 0.00000 101.53272 27.44323 -35.69272 -34.79518 -30.09525 81.25897 0.00000 -0.26585 0.00000 -39.19072 -1.52797 1.87321 7.12502 -0.00000 -0.00000 -11.64386 -3.70618 -27.58432
-0.52677 0.99424 0.25941 -11.20299 -5.16537 127.90819 -0.00000 0.00000 -0.00000 -21.40478 -25.34518 9.34091 -1.61152 21.77979 8.36211 0.72174 -13.76403 0.91364 -0.08894 -5.28159 -1.92817 -0.00000 0.00000 -0.00000 19.75718 -26.76548 3.06087 7.42981 42.05911 -19.17174 -2.80658 -15.59558 -9.77280 0.08609 5.19649 -1.89692 0.97665 -1.71272 -2.21899 -5.91396 1.14938 -2.69102 -6.83552 1.81108 -1.21417 1.20185 -7.14046 4.05624 -1.32560 15.79496 5.89472 0.09022 5.98530 2.94760 -0.00000 0.00000 0.00000 302.28593 24.65107 -378.39225 34.71034 -40.52656 -99.50259 -0.00000 -76.09890 -0.00000 11.59570 17.92473 56.30812 -7.12502 -0.00000 0.00000 -3.75893 -3.50573 447.94493 -0.00000 0.00000 0.00000 103.26151 26.74677 -42.54829 -34.85148 -30.42184 81.80252 0.00000 0.11778 -0.00000 -39.12012 -2.87159 3.52502 7.12502 -0.00000 -0.00000 -11.49440 -4.13074 -25.49442
-0.53302 0.99225 0.26945 -11.19293 -5.92727 125.24072 -0.00000 0.00000 -0.00000 -18.27889 -33.18417 7.59772 -4.22776 33.54485 13.96426 0.82804 -12.80111 1.92199 -0.84402 -16.01219 -5.99552 -0.00000 0.00000 -0.00000 22.79562 -20.75153 5.58705 3.85767 32.26273 -13.28301 -4.42862 -21.20018 -10.39408 0.11761 6.06958 -2.21800 2.52680 -2.64853 -1.90804 -6.19543 0.76889 -2.33393 -8.05085 1.91515 -1.02506 2.38098 -6.96464 4.10211 -1.46625 15.50897 5.80760 -0.17366 5.90468 2.95994 -0.00000 0.00000 0.00000 298.00130 37.94946 -377.29015 34.65975 -40.75079 -99.92958 -0.00000 -70.47730 -0.00000 17.17527 23.63891 52.37406 -7.12502 -0.00000 0.00000 1.72291 1.49502 445.93752 -0.00000 0.00000 0.00000 103.60709 25.72397 -44.20706 -34.91269 -30.80241 82.43681 0.00000 3.23156 -0.00000 -40.09383 -2.42422 2.87620 7.12502 -0.00000 -0.00000 -12.41101 -4.27869 -26.27204
-0.54075 0.98849 0.27999 -10.29474 -6.53922 119.87434 -0.00000 0.00000 -0.00000 -10.88547 -39.34862 8.25426 -8.76647 44.70771 21.11712 0.46927 -12.10447 0.31730 -1.62695 -21.87703 -8.40363 -0.00000 0.00000 -0.00000 25.07157 -19.54673 4.94750 2.95438 28.71995 -11.50378 -3.48353 -21.15162 -7.20648 0.06495 4.51553 -1.64716 2.43793 -2.90416 -1.38278 -5.19818 0.40320 -1.71950 -6.88556 1.81057 -0.76051 3.57937 -6.36810 4.53008 -2.51539 15.27197 6.40931 -0.65043 5.80569 3.24698 -0.00000 0.00000 -0.00000 286.44336 46.61586 -371.65441 35.15012 -37.70850 -94.30588 -0.00000 -65.99590 -0.00000 19.07589 21.73147 46.95537 -7.12502 -0.00000 0.00000 1.60396 1.14887 440.60392 -0.00000 0.00000 -0.00000 102.38673 26.21972 -39.82980 -34.90305 -30.74046 82.33349 0.00000 4.32869 -0.00000 -40.28301 -2.46659 2.90686 7.12502 -0.00000 -0.00000 -12.58112 -4.35141 -26.22380
-0.54699 0.98208 0.28685 -7.14147 -5.30425 111.55828 -0.00000 0.00000 -0.00000 -4.76701 -34.56884 6.31980 -13.87838 52.15234 27.93195 2.09513 -15.90745 6.01620 -0.51327 -12.57360 -4.65645 -0.00000 0.00000 -0.00000 27.52383 -16.16685 5.84780 2.95569 28.72556 -11.50649 -2.35200 -20.26975 -3.98189 0.04374 3.70741 -1.35140 1.69897 -2.09596 -0.35624 -4.28656 1.41396 -0.35095 -5.42358 2.59723 -0.07022 5.04677 -5.26152 5.38464 -3.80498 14.37421 7.58904 -1.22108 5.46564 3.81752 -0.00000 0.00000 -0.00000 276.46834 47.28217 -366.57090 35.15679 -32.81996 -85.82195 -0.00000 -64.20480 -0.00000 21.40356 19.60739 40.56765 -7.12502 -0.00000 0.00000 1.80877 1.01393 434.26399 -0.00000 0.00000 -0.00000 101.97068 29.12876 -30.78670 -34.81107 -30.18540 81.40895 0.00000 6.62489 -0.00000 -41.12834 -2.75824 3.15426 7.12502 -0.00000 -0.00000 -13.33279 -4.71747 -25.86208
-0.56415 0.97258 0.29318 -6.05506 -5.83825 106.09095 -0.00000 0.00000 -0.00000 -4.25307 -29.27826 -2.94432 -20.89773 58.50670 36.44860 1.88086 -14.40086 6.29962 -0.02745 -2.93825 -1.07044 -0.00000 0.00000 -0.00000 30.01244 -17.51130 8.26626 3.71427 31.74215 -13.01244 -1.51908 -20.15169 -1.25483 0.04685 3.83681 -1.39871 1.61531 -1.78074 -0.98748 -2.80107 1.63601 -1.26584 -3.87324 2.58155 -0.55919 6.16020 -3.99218 6.75966 -6.09707 12.89947 9.62073 -1.99682 5.02577 4.73616 -0.00000 0.00000 -0.00000 273.10460 41.17184 -363.52527 34.46134 -28.46009 -78.54502 -0.00000 -68.73940 -0.00000 20.81484 19.59900 41.42359 -7.12502 -0.00000 0.00000 1.44060 0.83259 435.01953 -0.00000 0.00000 -0.00000 102.29738 35.65386 -22.60318 -34.66323 -29.39725 80.09925 0.00000 10.35440 -0.00000 -40.84051 -3.70429 4.27439 7.12502 -0.00000 -0.00000 -13.00799 -4.97397 -24.42822
-0.57917 0.96445 0.29696 -4.84681 -7.19721 100.48417 -0.00000 0.00000 -0.00000 -2.40396 -21.78340 -5.89516 -24.68397 60.89710 40.83231 1.35156 -13.80549 4.04098 -0.03377 -3.25832 -1.18730 -0.00000 0.00000 -0.00000 32.72947 -17.64263 8.86595 3.93122 32.52440 -13.42030 -0.30609 -19.18374 2.41648 0.06929 4.66375 -1.70148 1.02823 -1.40559 -1.37641 -0.40300 2.10045 -1.84263 -1.10406 2.89541 -0.88532 7.09674 -3.39144 7.95430 -8.59311 11.39464 11.37756 -2.83308 4.74730 5.51766 0.00000 0.00000 -0.00000 273.94365 31.51157 -360.97128 34.18890 -27.36187 -76.72506 -0.00000 -67.34120 -0.00000 18.81899 17.68994 41.72118 -7.12502 -0.00000 0.00000 -0.80475 -0.45807 434.64678 0.00000 0.00000 -0.00000 102.33289 42.81837 -19.37923 -34.56126 -28.90753 79.28680 0.00000 13.62680 -0.00000 -40.91148 -4.73274 5.43881 7.12502 -0.00000 -0.00000 -13.01212 -5.38076 -22.91328
-0.59733 0.96016 0.29567 -5.26411 -9.42160 95.33431 -0.00000 0.00000 -0.00000 -0.69668 -17.10882 -2.96892 -22.61005 59.65565 38.44441 -0.24923 -13.22297 -3.48435 -0.40764 -11.23044 -4.14432 -0.00000 0.00000 -0.00000 35.33371 -18.17617 8.74765 3.38159 30.47724 -12.36861 0.95554 -17.35092 6.38926 0.05266 4.06719 -1.48299 1.08010 -1.91066 -1.07660 2.23336 2.25605 -1.51101 1.58318 3.42224 -0.74110 7.12154 -3.96504 8.32139 -9.70938 10.70291 11.89294 -3.13041 4.73294 5.70119 0.00000 0.00000 0.00000 278.44206 22.32383 -361.03000 34.42491 -28.30374 -78.28590 -0.00000 -69.71060 -0.00000 16.13331 15.29592 42.36424 -7.12502 -0.00000 0.00000 -3.76332 -2.12495 434.41018 0.00000 0.00000 0.00000 102.77288 45.52068 -21.21211 -34.55686 -28.88720 79.25307 0.00000 15.34720 -0.00000 -39.18886 -5.81974 7.08986 7.12502 -0.00000 -0.00000 -11.43109 -5.17497 -20.95930
-0.62084 0.96202 0.28381 -6.80381 -9.42325 94.31963 -0.00000 0.00000 -0.00000 -5.03948 -15.47681 0.04537 -16.24336 54.65470 30.87673 -1.16500 -13.71441 -7.36353 -0.62626 -13.85580 -5.15070 -0.00000 0.00000 -0.00000 34.47824 -21.10281 9.79232 3.33253 30.28344 -12.27159 1.11164 -15.56392 6.98172 0.02799 2.96686 -1.08088 1.90590 -1.76373 -1.01048 3.14068 1.27162 -1.42142 2.08396 2.32740 -0.68541 6.44881 -4.46931 7.65860 -10.02700 11.17122 11.11633 -3.14650 4.88298 5.25999 -0.00000 0.00000 0.00000 284.90303 17.34974 -365.47008 34.18700 -27.35472 -76.71321 -0.00000 -69.42140 -0.00000 14.76718 14.30721 43.15206 -7.12502 -0.00000 0.00000 -5.12354 -2.94084 434.77839 -0.00000 0.00000 0.00000 105.67772 41.32349 -26.53131 -34.50728 -28.66226 78.88012 0.00000 13.81320 -0.00000 -38.94003 -5.28243 6.49995 7.12502 -0.00000 -0.00000 -11.22689 -4.89564 -21.73497
-0.64703 0.96647 0.26491 -7.55236 -6.87953 98.71164 -0.00000 0.00000 -0.00000 -12.02189 -12.69792 3.99399 -8.84297 44.84791 21.22572 2.33788 -19.51649 4.39152 -0.22205 -8.32144 -3.05168 -0.00000 0.00000 -0.00000 29.24448 -24.80576 10.46677 3.95932 32.62347 -13.47251 0.07407 -15.56282 3.05322 0.00496 -1.24978 0.45496 2.52597 -0.90929 -2.26929 2.46936 0.48005 -3.05205 1.04365 1.00131 -1.50342 6.02995 -4.71401 6.76705 -10.66788 11.32781 10.04531 -3.36339 4.91069 4.68238 -0.00000 0.00000 0.00000 289.48758 15.64327 -374.69425 33.40474 -24.80478 -72.47398 -0.00000 -68.50970 -0.00000 15.27343 14.92371 43.32263 -7.12502 -0.00000 0.00000 -4.45461 -2.59347 435.14911 -0.00000 0.00000 0.00000 107.45531 36.18143 -30.76385 -34.53481 -28.78623 79.08565 0.00000 9.62076 -0.00000 -40.30101 -4.18714 4.92060 7.12502 -0.00000 -0.00000 -12.49288 -4.97257 -23.63391
-0.67770 0.96550 0.24069 -10.16493 -3.89818 103.19608 -0.00000 0.00000 -0.00000 -18.06457 -11.67002 4.96370 -4.86630 35.57438 15.08970 2.84374 -22.20656 4.42797 -0.32766 -10.08577 -3.71191 -0.00000 0.00000 -0.00000 24.76533 -33.06056 15.33248 7.24881 41.66844 -18.90053 -1.34471 -13.88493 -3.94850 0.00905 -1.68771 0.61447 3.54957 -1.64682 -3.55947 0.83201 -0.64382 -4.79114 -1.19684 0.03632 -2.39645 5.79967 -5.21859 6.14878 -10.39450 11.59276 9.19197 -3.29543 4.99219 4.24827 0.00000 0.00000 -0.00000 289.34053 17.74790 -384.00549 32.68331 -22.90192 -69.27654 -0.00000 -65.33830 -0.00000 15.93725 16.26655 44.44756 -7.12502 -0.00000 0.00000 -3.24262 -2.00002 436.63338 0.00000 0.00000 -0.00000 107.16808 33.61931 -32.68186 -34.52013 -28.71986 78.97562 0.00000 7.65330 -0.00000 -40.34563 -3.71152 4.35793 7.12502 -0.00000 -0.00000 -12.55959 -4.81508 -24.35488
-0.69706 0.96306 0.21627 -11.86155 -5.02761 105.71888 -0.00000 0.00000 -0.00000 -19.58609 -11.80477 2.07267 -3.90044 32.41534 13.36298 2.00517 -24.80494 0.76481 -1.21841 -19.09016 -7.23654 -0.00000 0.00000 -0.00000 28.95317 -42.03976 19.94994 13.00720 51.10800 -26.82084 -3.20430 -13.26405 -16.36823 0.41213 11.29107 -4.16733 6.89824 -4.38095 -4.42596 0.88521 -0.85201 -6.19419 -3.24922 0.91057 -3.06854 4.12619 -7.27041 5.88613 -8.40382 12.57617 8.73865 -2.33845 5.44531 3.98019 -0.00000 0.00000 0.00000 285.40838 21.54334 -390.36086 32.32695 -22.06322 -67.85212 -0.00000 -64.08940 -0.00000 17.12130 17.64065 44.53110 -7.12502 -0.00000 0.00000 -1.77686 -1.11776 437.16267 -0.00000 0.00000 0.00000 103.66320 34.30832 -31.36232 -34.47035 -28.49930 78.61001 0.00000 6.62215 -0.00000 -40.11141 -3.42592 4.05754 7.12502 -0.00000 -0.00000 -12.36399 -4.63690 -24.75653
-0.70311 0.95280 0.19708 -10.07812 -1.50133 106.73772 -0.00000 0.00000 -0.00000 -25.40769 -7.26634 2.02345 -3.30189 30.16139 12.21071 3.65189 -26.16346 4.45251 -1.47229 -20.87652 -7.97933 -0.00000 0.00000 -0.00000 27.88344 -44.07488 16.87593 15.58929 54.00654 -30.07164 -2.36590 -15.29031 -7.89576 0.00734 1.51981 -0.55330 3.99367 -2.42657 -5.30677 0.04956 -0.24867 -7.17752 -2.39771 0.59484 -3.57790 4.76599 -6.70678 5.86802 -8.17758 12.13520 8.57322 -2.42835 5.22518 3.96165 -0.00000 0.00000 -0.00000 280.42867 25.81676 -390.24026 32.43737 -22.31716 -68.28456 -0.00000 -64.75030 -0.00000 17.18260 17.90430 44.83360 -7.12502 -0.00000 0.00000 -1.58511 -1.01076 437.51602 -0.00000 0.00000 -0.00000 99.97957 35.64031 -27.96220 -34.30217 -27.79981 77.45083 0.00000 4.18276 -0.00000 -39.62871 -1.93398 2.33366 7.12502 -0.00000 -0.00000 -12.01831 -3.97009 -26.98458
-0.69065 0.94585 0.17810 -9.26649 -1.00942 107.62704 -0.00000 0.00000 -0.00000 -25.92709 -6.78196 3.34958 -3.96263 32.63508 13.47863 2.29244 -26.16444 0.96605 -0.73980 -15.02365 -5.60597 -0.00000 0.00000 -0.00000 27.49411 -43.27085 10.78958 14.39455 52.73770 -28.58304 -0.07403 -12.85788 1.92113 0.66583 -14.27493 5.31351 2.73719 -3.27766 -5.88767 0.12481 -0.14831 -7.94904 -1.78180 1.28192 -3.95318 5.05823 -6.32783 5.41932 -8.35647 12.60573 8.01998 -2.59112 5.29564 3.70129 -0.00000 0.00000 -0.00000 276.44540 29.35012 -384.30527 33.15658 -24.11383 -71.31760 -0.00000 -67.06830 -0.00000 17.23853 17.80574 44.58169 -7.12502 -0.00000 0.00000 -1.61544 -1.01981 437.25562 -0.00000 0.00000 -0.00000 95.96308 35.90909 -21.64419 -33.96261 -26.54977 75.37824 0.00000 2.23214 -0.00000 -37.51541 -1.06512 1.38696 7.12502 -0.00000 -0.00000 -10.12974 -3.08465 -28.23826
-0.66003 0.94394 0.15527 -7.77463 -1.30282 109.02910 -0.00000 0.00000 -0.00000 -23.95932 -7.95968 5.89254 -6.27070 39.40031 17.39586 0.30415 -19.85490 -2.57746 -0.86137 -16.17012 -6.05813 -0.00000 0.00000 -0.00000 23.68864 -34.95771 2.61772 8.84253 44.84712 -21.22511 0.00699 -19.69909 3.52904 0.19941 -7.88968 2.89112 3.36819 -5.08458 -5.26377 -0.11960 -0.37659 -7.19325 -2.53547 1.97176 -3.55495 5.92003 -4.50975 3.75206 -9.30039 14.14660 6.07658 -3.25944 5.39946 2.79722 0.00000 0.00000 0.00000 275.31940 34.51287 -375.79536 33.98502 -26.62691 -75.50625 -0.00000 -69.01120 -0.00000 17.02834 18.48888 45.99702 -7.12502 -0.00000 0.00000 -1.31133 -0.87639 438.74997 0.00000 0.00000 0.00000 94.85483 32.03696 -17.40694 -33.74022 -25.81677 74.16051 0.00000 -0.89074 0.00000 -36.38568 -0.04419 0.05996 7.12502 -0.00000 -0.00000 -9.15136 -2.49266 -29.89172
-0.63393 0.94885 0.14045 -5.84862 -2.91068 108.96911 -0.00000 0.00000 -0.00000 -14.93240 -18.05067 7.79213 -18.42312 56.60926 33.51697 -1.61990 -4.87368 -14.43029 -1.47610 -20.90193 -7.99003 -0.00000 0.00000 -0.00000 25.18664 -28.48740 0.65370 6.30977 39.49642 -17.45735 0.00536 -21.88435 3.92016 0.19717 -7.84559 2.87475 3.11265 -4.27637 -3.84773 1.23736 -0.47843 -5.27641 -0.79303 1.71404 -2.60495 1.68062 -6.65078 1.46207 -4.98972 19.01679 3.10858 -1.44712 6.98122 1.35557 -0.00000 0.00000 0.00000 276.91851 38.80714 -369.14143 34.69995 -29.58332 -80.40819 -0.00000 -69.34850 -0.00000 16.91557 19.28824 47.36480 -7.12502 -0.00000 0.00000 -0.88712 -0.62667 440.23515 -0.00000 0.00000 0.00000 90.61692 28.71744 -10.63952 -33.10318 -23.97060 71.07730 0.00000 -4.15051 0.00000 -34.46581 1.14590 -1.66884 7.12502 -0.00000 -0.00000 -7.44758 -1.73233 -31.97886
-0.61370 0.95406 0.12268 -4.92981 -3.60034 108.45816 -0.00000 0.00000 -0.00000 -9.86451 -27.14622 3.67066 -33.62166 64.86153 50.86282 -1.27737 -10.11325 -8.71782 -1.00715 -17.43214 -6.56242 -0.00000 0.00000 -0.00000 24.59302 -24.26280 -2.56856 4.74004 35.18967 -14.87164 0.13999 -21.92534 4.30940 0.22887 -8.44709 3.09847 2.45376 -3.25494 -2.48601 2.16219 -0.47607 -3.39691 0.68728 1.31594 -1.67356 0.42995 -7.34440 -0.60818 -2.98092 22.95429 0.36126 -0.99377 8.31984 0.16811 -0.00000 0.00000 0.00000 282.27038 38.93756 -365.25823 35.19962 -33.37329 -86.75900 -0.00000 -67.44430 -0.00000 16.40125 21.06821 50.68955 -7.12502 -0.00000 0.00000 -0.07291 -0.05850 443.73996 -0.00000 0.00000 0.00000 85.37051 26.81126 -2.45520 -32.09779 -21.55171 66.97769 0.00000 -6.36518 0.00000 -33.34446 0.65221 -0.99109 7.12502 -0.00000 -0.00000 -6.36100 -1.57466 -31.15261
-0.59587 0.96558 0.10016 -5.00844 -3.49671 106.41676 -0.00000 0.00000 -0.00000 -9.23763 -31.03401 -4.39160 -23.37077 60.12885 39.32376 -0.09298 -15.87668 -3.17696 -0.45999 -11.91656 -4.40525 -0.00000 0.00000 -0.00000 22.93610 -21.07371 -4.21413 3.68502 31.63420 -12.95675 0.80302 -19.97649 6.00931 0.26184 -9.02862 3.31547 2.64535 -2.96768 -0.84313 2.11740 -0.20879 -1.21089 0.63406 1.43917 -0.57955 -0.01851 -7.61632 -2.18105 -1.05510 26.38168 -1.93532 -0.72320 9.53743 -0.65758 -0.00000 0.00000 -0.00000 290.79169 34.17148 -365.24680 35.25293 -36.04721 -91.36270 -0.00000 -68.39220 -0.00000 15.68830 22.89610 54.17412 -7.12502 -0.00000 0.00000 0.67770 0.61771 447.34635 -0.00000 0.00000 -0.00000 80.67264 24.93930 6.80339 -30.36082 -18.19608 61.09879 0.00000 -6.91523 0.00000 -31.19674 0.17803 -0.29400 7.12502 -0.00000 -0.00000 -4.32721 -1.13589 -30.31942
-0.57377 0.97672 0.07532 -5.13664 -4.51684 104.86052 -0.00000 0.00000 -0.00000 -7.42267 -29.15450 -11.71929 -8.49989 44.21013 20.73651 1.35070 -18.22204 1.52879 -0.21884 -8.26169 -3.02944 -0.00000 0.00000 -0.00000 23.45790 -15.91939 -3.56232 2.32145 25.77334 -10.12180 0.65002 -17.03969 5.33515 0.52322 -12.69227 4.70196 3.05443 -3.47798 0.18835 2.90746 -0.19457 0.13595 1.28397 1.75005 0.10634 -0.67339 -7.48264 -3.55853 0.38325 29.43178 -3.89443 -0.56252 10.64370 -1.32821 0.00000 0.00000 -0.00000 299.59275 26.28395 -367.45369 35.19404 -37.18917 -93.37763 -0.00000 -70.45060 -0.00000 13.61298 22.09121 57.22187 -7.12502 -0.00000 0.00000 -0.54509 -0.54259 449.86742 0.00000 0.00000 -0.00000 76.11664 23.46145 13.67306 -28.59882 -15.43764 56.00511 0.00000 -10.47080 0.00000 -31.50011 0.23489 -0.38330 7.12502 -0.00000 -0.00000 -4.61302 -1.20220 -30.42432
-0.55158 0.98224 0.04394 -5.13235 -5.01147 103.77319 -0.00000 0.00000 -0.00000 -5.52654 -23.27915 -18.78343 -2.04266 24.30989 9.46322 0.23719 -16.31576 -1.99090 -0.72620 -14.88916 -5.55328 -0.00000 0.00000 -0.00000 22.80906 -11.36778 -2.84876 1.59687 21.68700 -8.32255 0.57220 -15.65965 4.98246 0.38278 -10.88832 4.01471 3.22700 -3.09394 0.37054 3.72069 -0.57435 0.43145 2.03274 1.13859 0.26043 -1.37738 -7.06719 -4.46444 1.03803 31.28144 -5.09525 -0.49794 11.29893 -1.77314 0.00000 0.00000 0.00000 306.34091 18.24339 -369.78130 35.18765 -37.27352 -93.52786 -0.00000 -73.36240 -0.00000 11.44421 20.83638 60.35465 -7.12502 -0.00000 0.00000 2.07475 1.90471 627.53551 0.00000 0.00000 0.00000 73.42401 22.07159 17.69832 -27.30539 -13.69478 52.61269 0.00000 -11.65080 0.00000 -28.98738 -0.18161 0.32780 7.12502 -0.00000 -0.00000 -2.25605 -0.62157 -29.60444
-0.52955 0.98238 0.00329 -5.86628 -4.97170 101.81423 -0.00000 0.00000 -0.00000 -6.82002 -23.04084 -18.68849 -1.22040 19.10498 7.24263 0.26669 -15.51647 -1.68122 -1.38484 -20.28309 -7.73055 -0.00000 0.00000 -0.00000 20.69407 -9.48998 -0.89435 1.57881 21.57189 -8.27356 0.63622 -15.29530 5.21171 1.08444 -18.05978 6.81599 3.12580 -4.85196 0.24588 4.73257 -0.10658 0.15258 3.15187 2.60775 0.14090 -3.70087 -8.56638 -5.24525 1.90992 33.85770 -5.91380 -0.05828 12.76719 -2.19974 -0.00000 0.00000 0.00000 308.20935 11.17606 -372.24105 35.21241 -36.92207 -92.90324 -0.00000 -76.03220 -0.00000 10.15996 19.61406 61.90411 -7.12502 -0.00000 0.00000 3.31214 2.91590 626.31568 -0.00000 0.00000 0.00000 69.83679 21.46259 21.69559 -26.31474 -12.48664 50.15865 0.00000 -12.95610 0.00000 -28.86280 -0.00358 0.00650 7.12502 -0.00000 -0.00000 -2.14327 -0.57571 -29.97157
-0.50747 0.98219 -0.04667 -6.51259 -4.32377 100.23517 -0.00000 0.00000 -0.00000 -11.05028 -22.42194 -19.86367 -1.64700 22.00252 8.45729 -0.73092 -12.02368 -5.68566 -0.75314 -15.15429 -5.65722 -0.00000 0.00000 -0.00000 17.70409 -8.91906 1.77459 2.02599 24.21850 -9.42265 0.20177 -15.35086 3.52615 1.52343 -21.21399 8.12175 4.78682 -6.01899 -0.12569 4.59106 -0.13685 -0.51645 2.02694 3.23716 -0.15945 -2.67998 -7.89419 -5.40624 -0.07686 34.75214 -5.66217 -0.92861 12.90208 -2.16614 0.00000 0.00000 -0.00000 305.21670 7.30692 -372.39319 35.22688 -36.67485 -92.46589 -0.00000 -78.19200 -0.00000 9.09299 18.46194 63.18778 -7.12502 -0.00000 0.00000 4.45794 3.78867 625.28248 0.00000 0.00000 -0.00000 68.80843 20.96882 23.15343 -25.47898 -11.54081 48.16713 0.00000 -15.30680 0.00000 -29.33237 -0.26922 0.47910 7.12502 -0.00000 -0.00000 -2.57557 -0.71818 -29.42954
-0.48433 0.98221 -0.09801 -6.66317 -2.42532 100.02882 -0.00000 0.00000 -0.00000 -16.89299 -23.72957 -17.87624 -2.46085 26.46347 10.43845 -0.92978 -12.82127 -6.49646 -1.55870 -21.44281 -8.21871 -0.00000 0.00000 -0.00000 14.19522 -9.59273 2.67339 3.16079 29.58918 -11.92745 -1.52625 -17.04845 -2.79324 0.59796 -13.54711 5.03119 5.54521 -6.67737 -0.78935 3.86673 -0.15238 -1.50881 0.74661 3.54989 -0.63876 -3.09226 -8.04224 -5.81934 -0.32321 36.64023 -5.96685 -1.10653 13.77746 -2.29521 0.00000 0.00000 -0.00000 299.54254 8.42568 -370.75101 35.24980 -36.14717 -91.53776 -0.00000 -78.88570 -0.00000 8.75013 18.29752 63.88324 -7.12502 -0.00000 0.00000 4.71628 3.92028 624.64850 0.00000 0.00000 -0.00000 69.21246 18.83174 22.05686 -25.50381 -11.56802 48.22537 0.00000 -20.69180 0.00000 -28.59471 -0.49931 0.91592 7.12502 -0.00000 -0.00000 -1.88740 -0.54368 -28.93646
-0.46233 0.97849 -0.14416 -6.35534 0.41266 100.06463 -0.00000 0.00000 -0.00000 -22.79169 -22.49577 -15.20918 -2.69676 27.57593 10.95771 -1.65109 -14.16408 -9.16718 -1.11773 -18.32231 -6.92263 -0.00000 0.00000 -0.00000 10.79458 -15.87874 -3.91456 6.82481 40.71919 -18.25677 -6.80436 -22.25497 -17.37312 0.03099 3.12144 -1.13731 4.78722 -7.39363 -1.73846 2.96288 0.14446 -2.79015 0.05157 4.20938 -1.27956 -3.45416 -7.97650 -5.83504 -1.29025 37.98362 -5.46476 -1.32713 14.38473 -2.19976 0.00000 0.00000 -0.00000 292.88375 13.11980 -367.31623 35.26435 -35.21928 -89.92189 -0.00000 -77.87630 -0.00000 8.14297 17.29006 64.29230 -7.12502 -0.00000 0.00000 5.59649 4.61410 624.38435 0.00000 0.00000 -0.00000 69.10066 16.01169 21.07752 -25.97551 -12.09510 49.34232 0.00000 -25.69380 0.00000 -24.46614 -0.98926 2.17298 7.12502 -0.00000 -0.00000 1.91705 0.60127 -27.59286
-0.44408 0.97461 -0.17745 -7.02693 0.98890 100.62159 -0.00000 0.00000 -0.00000 -26.07603 -23.60600 -15.50784 -3.49242 30.90791 12.58572 -2.29657 -16.14704 -10.97540 -0.68810 -14.50490 -5.40311 -0.00000 0.00000 -0.00000 10.48842 -26.03965 -16.67667 13.96825 52.25598 -28.04569 -5.01660 -21.26099 -12.38762 0.00047 -0.38354 0.13960 4.37677 -9.02860 -2.77136 2.52720 0.11203 -4.22676 -0.44758 5.02679 -1.97792 -4.11447 -7.94117 -5.71828 -1.01622 38.88570 -5.18844 -1.04791 14.85915 -2.12235 -0.00000 0.00000 -0.00000 285.55845 20.58723 -362.72902 35.24874 -34.33990 -88.40742 -0.00000 -77.20640 -0.00000 8.73724 17.80635 63.31720 -7.12502 -0.00000 0.00000 5.00263 4.24887 625.24431 -0.00000 0.00000 -0.00000 67.36663 14.41236 19.52410 -26.73882 -12.99159 51.19575 0.00000 -32.46330 0.00000 -15.77365 -1.30156 4.59742 7.12502 -0.00000 -0.00000 9.75206 3.53807 -25.24862
-0.42673 0.97129 -0.20591 -10.12383 1.77793 102.06058 -0.00000 0.00000 -0.00000 -30.84778 -27.71904 -17.80216 -4.87798 35.60958 15.10977 -3.66912 -16.96689 -14.96155 -0.12757 -6.32004 -2.31031 -0.00000 0.00000 -0.00000 8.80126 -33.56459 -31.57331 16.45796 54.86072 -31.13949 -3.37144 -17.45613 -10.23583 0.00042 0.36264 -0.13199 2.88015 -13.27690 -4.17683 1.65564 -0.33022 -6.05543 -1.15886 6.87619 -2.85188 -4.19331 -7.84957 -5.46830 -0.70501 39.00798 -4.96810 -0.84637 14.91265 -2.03045 0.00000 0.00000 -0.00000 276.99994 26.44292 -357.44769 35.15122 -32.75664 -85.71498 -0.00000 -77.27860 -0.00000 9.60163 17.64665 60.83687 -7.12502 -0.00000 0.00000 4.65031 4.29046 627.60571 0.00000 0.00000 -0.00000 64.47392 14.76261 17.69133 -27.83913 -14.38941 53.98386 0.00000 -37.70570 0.00000 -4.45239 -0.48976 6.26468 7.12502 -0.00000 -0.00000 19.81214 7.96577 -23.95980
-0.40959 0.96771 -0.22802 -11.72595 2.41186 102.81779 -0.00000 0.00000 -0.00000 -35.15680 -27.93918 -23.36660 -6.36037 39.62019 17.53681 -3.77568 -17.26983 -15.16232 -0.18183 -7.53677 -2.76016 -0.00000 0.00000 -0.00000 12.09561 -30.48463 -36.78372 8.15885 43.55233 -20.24451 -6.38696 -21.89405 -16.42428 0.29265 9.53873 -3.50644 1.58355 -16.12074 -5.59986 0.53026 -0.39053 -7.71427 -2.36098 8.26530 -3.62275 -3.71556 -8.09584 -4.90868 -0.00978 40.04992 -4.48003 -0.57742 15.49401 -1.65971 0.00000 0.00000 -0.00000 269.83925 27.56012 -353.09394 34.82679 -30.27609 -81.55987 -0.00000 -78.44360 -0.00000 9.51231 17.24858 60.52903 -7.12502 -0.00000 0.00000 4.89801 4.57615 627.95418 0.00000 0.00000 -0.00000 64.01088 15.95442 13.47631 -29.83961 -17.32547 59.52188 0.00000 -43.37730 0.00000 12.63207 1.47589 6.55593 7.12502 -0.00000 -0.00000 34.82135 15.45699 -24.03516
-0.39962 0.96356 -0.24858 -13.46924 2.12099 98.31768 -0.00000 0.00000 -0.00000 -38.96441 -34.54537 -30.74047 -13.59601 51.82187 27.57356 -2.90689 -13.06538 -14.13683 -0.26965 -9.16070 -3.36486 -0.00000 0.00000 -0.00000 18.55615 -26.01426 -26.60107 5.12713 36.34549 -15.53386 -7.29712 -25.19634 -15.23155 0.17716 -7.43999 2.72428 2.12393 -17.08226 -5.65839 0.28870 -1.05645 -7.84900 -2.97262 7.95146 -3.66385 -2.79730 -7.83652 -4.22019 -0.56662 40.30563 -3.53598 -0.71233 15.52143 -1.24255 0.00000 0.00000 0.00000 266.93565 26.53997 -350.42469 34.47992 -28.54117 -78.67940 -0.00000 -80.92520 -0.00000 9.58948 16.19591 58.79593 -7.12502 -0.00000 0.00000 5.34817 5.32317 629.74120 0.00000 0.00000 0.00000 64.69856 17.34723 8.90669 -31.73364 -20.77770 65.64512 0.00000 -43.48930 0.00000 14.59586 1.39141 5.32736 7.12502 -0.00000 -0.00000 36.76336 15.68861 -25.10249
-0.39162 0.95993 -0.26177 -13.13679 0.85863 100.08891 -0.00000 0.00000 -0.00000 -44.34399 -38.82203 -43.38339 -25.64127 61.42129 41.92515 -2.46844 -9.86747 -14.26582 -0.00442 1.17918 0.42925 -0.00000 0.00000 -0.00000 19.12167 -23.64006 -30.53809 3.52300 31.02511 -12.64517 -7.25561 -25.50585 -14.77317 0.10027 -5.60661 2.04761 -0.09377 -15.59186 -9.10578 1.11388 -0.72280 -12.09948 -1.80656 7.67474 -5.82650 -2.30454 -7.87448 -3.46396 -0.47206 39.58837 -2.80038 -0.53943 15.15338 -0.95807 0.00000 0.00000 -0.00000 269.50484 23.43098 -351.27090 34.50914 -28.67055 -78.89387 -0.00000 -80.84830 -0.00000 8.85970 15.17947 59.23466 -7.12502 -0.00000 0.00000 6.22090 6.13760 629.44616 0.00000 0.00000 -0.00000 65.80582 17.64415 8.36427 -32.51765 -22.50503 68.60383 0.00000 -43.41130 0.00000 12.96440 0.81406 3.53152 7.12502 -0.00000 -0.00000 35.71723 13.79625 -26.65161
-0.36279 0.97486 -0.26524 -33.47499 2.02731 105.44775 -0.00000 0.00000 -0.00000 -62.57364 -44.12257 -76.17346 -14.74067 53.11724 29.01684 -3.38592 -13.15923 -15.75041 -0.00681 1.46427 0.53308 -0.00000 0.00000 -0.00000 14.10751 -46.11967 -28.74104 4.01323 32.81205 -13.57224 -8.90310 -27.21592 -17.36196 0.48946 -12.28464 4.54581 -17.41825 -36.85733 -20.42462 2.27651 -3.80469 -18.70445 -0.24772 16.10664 -8.37456 -1.31005 -7.94925 -2.75478 -1.64012 39.76902 -1.70553 -0.89825 15.23336 -0.57944 0.00000 0.00000 -0.00000 275.44636 19.22761 -353.26752 34.67641 -29.46336 -80.20900 -0.00000 -78.81750 -0.00000 8.40804 13.83681 58.28197 -7.12502 -0.00000 0.00000 -7.26550 -6.97258 808.59678 0.00000 0.00000 -0.00000 66.92638 20.83155 8.55140 -33.13819 -24.06430 71.23452 0.00000 -38.93230 0.00000 4.45333 0.28710 3.68129 7.12502 -0.00000 -0.00000 28.17436 10.31465 -26.51558
-0.30759 0.96039 -0.27231 -17.57838 8.14893 86.02007 -0.00000 0.00000 -0.00000 -38.83454 -35.31027 -59.23700 -7.27546 41.72648 18.94059 -2.98416 -13.16527 -14.36086 -0.00648 1.42841 0.52001 -0.00000 0.00000 -0.00000 11.79657 -22.55106 -22.99043 3.36213 30.40059 -12.33019 -5.32146 -25.27650 -9.54508 0.84245 -15.99780 5.98981 -13.69567 -29.72250 -13.33095 1.53030 0.55111 -12.80910 1.56392 18.10533 -6.35192 -0.51023 -7.88357 -2.44528 -3.17931 40.45130 -0.95190 -1.47920 15.55615 -0.39135 0.00000 0.00000 -0.00000 282.48238 14.39000 -356.74662 34.85599 -30.44892 -81.84761 -0.00000 -77.35710 -0.00000 8.99874 14.43043 57.56526 -7.12502 -0.00000 0.00000 -6.76030 -6.36957 808.10341 0.00000 0.00000 -0.00000 69.96691 22.18688 7.74183 -33.51907 -25.13861 73.03115 0.00000 -35.05130 0.00000 -0.41800 -0.02882 3.94344 7.12502 -0.00000 -0.00000 23.76380 8.60643 -26.22838
-0.28461 0.95218 -0.28741 -78.08058 -7.85112 87.60192 -0.00000 0.00000 -0.00000 -93.93549 -74.86823 -166.66370 -4.80368 35.38452 14.98180 -0.57680 -14.58097 -4.95866 -1.53116 -21.26441 -8.14308 -0.00000 0.00000 -0.00000 98.71702 -69.11167 48.42281 3.58888 31.27508 -12.77251 -2.75324 -22.24858 -4.12419 1.67055 -22.14872 8.51994 -139.03415 -83.75656 -159.02548 6.01567 1.81801 -22.81723 -6.99645 18.95560 -5.21725 -0.34316 -8.20047 -2.09772 -5.02437 40.58836 0.09627 -1.95517 15.73008 -0.22812 0.00000 0.00000 -0.00000 288.10679 9.75641 -363.57058 34.99572 -31.37450 -83.39247 -0.00000 -74.13840 -0.00000 9.20119 15.44472 58.68936 -7.12502 -0.00000 0.00000 -5.94890 -5.86604 809.44493 0.00000 0.00000 -0.00000 72.01347 22.79000 6.16559 -33.85713 -26.19499 74.78917 0.00000 -31.99840 0.00000 -5.13022 -0.31070 3.45655 7.12502 -0.00000 -0.00000 19.56112 6.78019 -26.62010
-0.24762 0.95487 -0.30628 -97.15799 -9.09662 78.73529 -0.00000 0.00000 -0.00000 -153.30683 -70.20252 -226.39160 -3.75724 31.89960 13.09392 -0.44803 -15.85412 -4.52710 -3.19515 -29.73011 -11.99688 -0.00000 0.00000 -0.00000 133.91755 -57.73861 76.14861 3.71983 31.76257 -13.02299 -1.57079 -18.08341 -2.41241 0.33850 -10.24883 3.77330 -186.77956 -67.72370 -219.86694 5.38534 2.38046 -21.63020 -6.83429 14.37530 -3.76493 0.09239 -7.87829 -1.68264 -7.67746 41.29076 1.61895 -2.69719 16.10398 0.09949 -0.00000 0.00000 0.00000 292.31168 8.11290 -370.71529 35.06470 -31.91934 -84.30545 -0.00000 -66.94820 -0.00000 8.81366 15.47636 59.84054 -7.12502 -0.00000 0.00000 6.12447 5.91300 988.83339 -0.00000 0.00000 0.00000 75.18241 20.44787 0.76824 -34.40500 -28.21965 78.14655 0.00000 -33.30770 0.00000 -3.39051 -0.21767 3.66913 7.12502 -0.00000 -0.00000 21.11410 7.44797 -26.44376
-0.21920 0.94159 -0.33272 -81.28467 -11.11126 42.42920 -0.00000 0.00000 -0.00000 -243.50114 -60.80247 -306.22946 -5.89667 38.45436 16.80061 -4.30218 -11.91156 -19.60459 -1.12021 -18.34172 -6.93052 -0.00000 0.00000 -0.00000 103.26670 -32.19016 34.69629 5.75797 38.09117 -16.57669 -4.22912 -17.79450 -13.64807 0.14299 6.68894 -2.44644 -267.67527 -44.63848 -323.26672 7.35472 0.89106 -8.48735 -8.36723 11.02746 -0.16519 -0.26726 -8.08836 -1.08350 -9.10513 40.94840 3.01537 -2.76652 16.06917 0.37777 -0.00000 0.00000 -0.00000 296.86188 8.22632 -379.29044 34.98737 -31.31342 -83.29029 -0.00000 -58.82960 -0.00000 8.24229 15.66945 61.79403 -7.12502 -0.00000 0.00000 6.38669 5.77370 986.94760 -0.00000 0.00000 -0.00000 79.20221 18.27038 -3.72594 -34.80526 -30.15223 81.35376 0.00000 -27.62930 0.00000 -12.30903 -0.60371 2.76457 7.12502 -0.00000 -0.00000 13.07426 4.27942 -27.18691
-0.16171 0.96834 -0.34903 -11.13308 7.50742 21.83061 -0.00000 0.00000 -0.00000 -363.38226 -16.72386 -353.82942 -0.63910 13.99328 5.20403 0.04767 -14.05051 -2.28035 -2.16573 -24.97049 -9.75840 -0.00000 0.00000 -0.00000 24.58626 -17.45483 10.98088 7.76449 42.76004 -19.66797 -3.36104 -21.16219 -6.78737 0.07579 4.87701 -1.77967 -347.50243 -15.85103 -354.36924 3.50251 1.38258 4.71878 -1.48265 11.11611 2.80371 -0.23190 -7.60210 -0.26702 -11.44489 39.73910 4.89143 -3.12440 15.48563 0.83636 0.00000 0.00000 -0.00000 302.20844 10.93362 -387.50686 34.70706 -29.62001 -80.46911 -0.00000 -53.14430 -0.00000 8.31777 16.24250 62.40391 -7.12502 -0.00000 0.00000 6.06173 5.35242 986.29639 0.00000 0.00000 -0.00000 81.73343 15.68616 -7.89155 -35.05798 -31.86263 84.21027 0.00000 -28.46900 0.00000 -17.56241 -0.84100 2.65521 7.12502 -0.00000 -0.00000 8.25606 2.66870 -27.20934
-0.14470 0.98477 -0.36944 -4.06536 7.84711 27.09314 -0.00000 0.00000 -0.00000 -373.77593 -15.20828 -359.42303 -0.71779 14.80536 5.52048 -0.40698 -12.90117 -4.17749 -1.62916 -21.89089 -8.40955 -0.00000 0.00000 -0.00000 17.83631 -21.77482 -6.47651 6.05822 38.86879 -17.05921 -4.86447 -25.29747 -8.25925 0.00023 0.26915 -0.09796 -355.60321 -9.55897 -359.15223 1.57841 1.48432 0.50096 -0.68934 6.96620 0.38542 0.04967 -7.17707 0.64639 -12.66555 38.76947 6.41531 -3.20956 15.03254 1.34524 0.00000 0.00000 -0.00000 305.92126 16.72922 -393.03959 34.27353 -27.68682 -77.26359 -0.00000 -48.45890 -0.00000 7.73541 16.32892 64.21305 -7.12502 -0.00000 0.00000 6.34914 5.27538 984.56720 0.00000 0.00000 -0.00000 84.79454 10.99020 -12.95920 -35.26372 -35.07328 89.66938 0.00000 -35.24170 0.00000 -21.92132 6.44927 -15.59511 7.12502 -0.00000 -0.00000 3.62922 -0.11361 -46.79060
-0.13566 0.98900 -0.38859 -1.39101 9.49291 23.71115 -0.00000 0.00000 -0.00000 -376.43717 -17.43615 -358.67558 -0.85784 16.13807 6.04541 -0.32558 -12.56945 -3.78455 -1.17332 -18.75097 -7.09750 -0.00000 0.00000 -0.00000 19.57433 -21.60625 -4.18514 3.26241 30.00303 -12.13196 -8.59006 -27.55139 -16.17734 0.46309 11.95582 -4.42023 -357.70401 -4.11193 -360.33486 -0.13501 0.27633 -0.55576 -1.46662 2.56679 -0.24466 0.54684 -7.13843 1.69641 -13.18542 38.34985 7.88981 -3.09660 14.93218 1.92085 -0.00000 0.00000 -0.00000 305.61366 24.01311 -392.51339 33.88220 -26.27810 -74.92721 -0.00000 -46.78050 -0.00000 8.84639 17.36279 62.45632 -7.12502 -0.00000 0.00000 5.18958 4.54656 986.11385 -0.00000 0.00000 -0.00000 88.93504 12.24628 -19.49784 -35.26011 -34.78230 89.16741 0.00000 -28.67240 0.00000 -26.89728 -1.31248 2.58536 7.12502 -0.00000 -0.00000 -0.33250 -0.10752 -27.08051
-0.11973 0.98682 -0.38899 -0.55746 9.36261 18.79760 -0.00000 0.00000 -0.00000 -377.15152 -19.12482 -358.15729 -1.51995 21.19120 8.11211 0.50054 -15.39389 -0.68430 -1.12614 -18.38789 -6.94932 -0.00000 0.00000 -0.00000 20.98565 -16.83550 -0.18491 2.10406 24.64249 -9.61141 -10.86555 -28.71195 -20.55365 0.53450 12.82525 -4.75302 -356.73155 -3.53343 -361.03096 -1.14640 0.44380 -1.48995 -3.11449 2.32290 -0.69337 1.31136 -6.75032 2.88755 -14.42933 37.68306 9.71795 -3.24413 14.71938 2.61849 0.00000 0.00000 -0.00000 299.48975 31.38235 -387.76198 33.23978 -24.34068 -71.69777 -0.00000 -44.53270 -0.00000 9.59575 17.98133 61.29302 -7.12502 -0.00000 0.00000 4.47839 4.06263 987.13108 0.00000 0.00000 -0.00000 92.44752 13.77639 -25.27879 -35.26153 -35.65627 90.68043 0.00000 -27.69910 0.00000 -33.12189 -1.86534 2.85617 7.12502 -0.00000 -0.00000 -6.04881 -2.02246 -26.57997
-0.11139 0.98562 -0.39060 -1.56971 8.95264 13.42759 -0.00000 0.00000 -0.00000 -373.91024 -26.44452 -357.15625 -4.46188 34.31399 14.38367 0.76170 -15.16200 0.50994 -1.57320 -21.53599 -8.25829 -0.00000 0.00000 -0.00000 22.64948 -15.05743 1.04577 1.64143 21.96776 -8.44242 -8.69188 -26.57285 -17.54603 0.18785 7.65945 -2.80566 -355.81593 -2.65711 -361.48660 -0.77297 0.60304 -2.11147 -3.25677 1.92806 -1.00069 1.50671 -6.75946 3.71851 -15.56128 37.60569 11.19292 -3.32472 14.86161 3.06820 0.00000 0.00000 0.00000 289.15805 38.29635 -381.68260 32.05001 -21.44755 -66.79904 -0.00000 -42.68970 -0.00000 9.08571 16.79190 61.03334 -7.12502 -0.00000 0.00000 5.35469 4.93385 987.53914 0.00000 0.00000 0.00000 95.81798 14.37149 -29.23922 -35.23551 -36.50349 92.16370 0.00000 -27.39450 0.00000 -40.04307 -2.31752 2.75482 7.12502 -0.00000 -0.00000 -12.37178 -4.22607 -26.42975
-0.10856 0.98279 -0.39474 -2.82721 8.83720 7.38819 -0.00000 0.00000 -0.00000 -365.28290 -35.53058 -352.28063 -10.13728 47.06132 23.02600 -0.70999 -6.68169 -6.84765 -1.15144 -18.58367 -7.02913 -0.00000 0.00000 -0.00000 24.89556 -15.21397 1.75100 1.54247 21.33789 -8.17421 -6.61148 -24.55269 -13.93081 0.14583 6.75461 -2.47070 -355.72544 -1.72204 -361.91086 -0.21658 0.77715 -2.64796 -2.72676 1.55769 -1.27599 1.72388 -6.69214 4.60086 -16.33181 37.03248 12.48563 -3.31885 14.72416 3.51500 0.00000 0.00000 -0.00000 282.96819 43.29949 -379.09509 30.35232 -18.18146 -61.07251 -0.00000 -40.32180 -0.00000 9.53067 18.48755 62.10030 -7.12502 -0.00000 0.00000 4.23536 3.73055 986.30201 0.00000 0.00000 -0.00000 98.92761 16.90492 -30.17161 -35.22167 -36.76875 92.63182 0.00000 -25.07040 0.00000 -47.20328 -1.30769 1.21051 7.12502 -0.00000 -0.00000 -19.03447 -5.97146 -28.21961
-0.10259 0.97899 -0.39772 -2.14298 7.94836 1.17125 -0.00000 0.00000 -0.00000 -358.84213 -36.77115 -348.52670 -11.84417 49.59073 25.31049 -0.69119 -6.62121 -6.74264 -0.54913 -12.99558 -4.81850 -0.00000 0.00000 -0.00000 24.98006 -15.05497 3.45643 1.84732 23.20852 -8.97839 -5.20349 -24.01533 -10.26840 0.12715 6.30974 -2.30651 -356.51825 -0.55155 -362.31011 -0.85374 1.24920 -3.11598 -2.92000 1.35579 -1.51260 2.81008 -6.58544 5.41242 -17.16419 36.91716 13.60350 -3.57515 14.84799 3.98042 0.00000 0.00000 -0.00000 282.26399 46.66785 -380.24296 28.80994 -15.74249 -56.58308 -0.00000 -42.73230 -0.00000 9.14726 18.43224 63.01195 -7.12502 -0.00000 0.00000 4.44907 3.80389 985.45218 0.00000 0.00000 -0.00000 100.69516 21.69861 -27.04486 -35.25929 -35.78776 90.90951 0.00000 -23.81430 0.00000 -51.35067 -1.42308 1.13777 7.12502 -0.00000 -0.00000 -22.81769 -7.30374 -28.18688
-0.09202 0.97783 -0.39815 -2.07008 8.09179 -3.86554 -0.00000 0.00000 -0.00000 -358.28165 -33.15888 -354.76766 -8.62604 44.44736 20.91704 0.82004 -9.44349 4.24587 -0.00298 0.96889 0.35268 -0.00000 0.00000 -0.00000 25.37118 -15.45412 5.51633 2.04232 24.30804 -9.46240 -4.38087 -23.06076 -8.58172 0.01222 1.96085 -0.71399 -357.03656 -0.58640 -362.59314 -0.71295 1.19652 -3.48869 -2.49324 1.33131 -1.70655 3.41075 -6.39963 5.94011 -18.41004 37.02775 14.62261 -3.92767 15.08905 4.28985 -0.00000 0.00000 -0.00000 280.81625 47.27170 -382.85416 27.99255 -14.59526 -54.38515 -0.00000 -42.66080 -0.00000 9.64264 18.24461 61.51168 -7.12502 -0.00000 0.00000 4.31414 3.88031 986.89379 -0.00000 0.00000 -0.00000 98.96072 25.65330 -21.80307 -35.24049 -34.12051 88.03188 0.00000 -21.41180 0.00000 -53.52840 0.56997 -0.42130 7.12502 -0.00000 -0.00000 -25.08836 -6.95310 -30.50280
-0.07642 0.97665 -0.39631 -1.65362 8.06208 -6.89346 -0.00000 0.00000 -0.00000 -359.79994 -28.53598 -359.80663 -6.04198 38.82755 17.03332 0.54084 -6.21767 5.31431 -0.01395 -2.09537 -0.76301 -0.00000 0.00000 -0.00000 24.82071 -15.42737 7.61165 2.24624 25.38998 -9.94762 -4.36458 -22.94389 -8.62626 0.01145 -1.89818 0.69115 -357.10063 -0.84307 -362.69129 -0.34427 1.10747 -3.63096 -2.09259 1.40130 -1.77996 3.21872 -5.97753 5.90785 -19.09723 36.92911 14.74939 -4.15130 15.01563 4.23616 -0.00000 0.00000 0.00000 280.95623 47.38721 -387.89426 27.90251 -14.47410 -54.14924 -0.00000 -41.90850 -0.00000 11.89078 19.75287 58.07543 -7.12502 -0.00000 0.00000 2.48652 2.47554 989.84627 -0.00000 0.00000 0.00000 96.60238 28.05869 -17.22402 -35.12751 -32.50292 85.28696 0.00000 -18.40270 0.00000 -57.40440 1.45410 -0.92960 7.12502 -0.00000 -0.00000 -28.76890 -7.66909 -31.33862
-0.06143 0.97700 -0.39440 0.12655 7.13836 -7.54179 -0.00000 0.00000 -0.00000 -363.46872 -25.30301 -358.74383 -4.68526 35.02034 14.77639 1.13002 -8.81322 7.93671 -0.55539 -13.06778 -4.84628 -0.00000 0.00000 -0.00000 22.11418 -15.80278 9.01756 2.84009 28.22093 -11.26402 -5.05957 -24.35240 -9.55592 0.06343 -4.46265 1.62778 -358.19870 -0.46545 -362.79209 -0.56984 1.08682 -3.73798 -1.68823 1.21685 -1.84687 2.66894 -5.97271 5.43705 -19.05583 37.48091 14.21968 -4.16491 15.20079 3.89783 -0.00000 0.00000 0.00000 283.72432 47.41368 -394.94786 27.94667 -14.53340 -54.26479 -0.00000 -41.92150 -0.00000 12.17169 18.78716 56.18839 -7.12502 -0.00000 0.00000 -3.03208 -2.83869 1168.07486 -0.00000 0.00000 0.00000 94.95048 29.05004 -13.97922 -35.03351 -31.66321 83.87588 0.00000 -15.51430 0.00000 -63.04902 2.17977 -1.10789 7.12502 -0.00000 -0.00000 -34.01033 -9.12091 -31.77969
-0.04979 0.97643 -0.39293 1.16359 6.96227 -5.13093 -0.00000 0.00000 -0.00000 -366.75647 -22.90577 -358.47620 -3.24761 29.94331 12.10234 1.53015 -10.40007 8.93324 -0.68197 -14.44203 -5.37859 -0.00000 0.00000 -0.00000 19.72114 -16.60021 8.36878 3.22798 29.86383 -12.06297 -6.18833 -25.67407 -11.61545 0.04559 -3.78491 1.37974 -358.21174 -0.88855 -363.26839 -0.83758 0.82710 -4.37576 -1.98071 1.13949 -2.16787 2.20460 -5.97104 4.74879 -18.52330 37.95016 13.18174 -4.14227 15.27160 3.44175 0.00000 0.00000 0.00000 288.34880 47.99581 -402.32099 28.02541 -14.63971 -54.47151 -0.00000 -41.77410 -0.00000 12.32681 18.09961 54.87743 -7.12502 -0.00000 0.00000 -3.44816 -3.07603 1166.68739 0.00000 0.00000 0.00000 94.63305 26.23820 -10.83683 -35.02376 -31.58666 83.74762 0.00000 -14.84370 0.00000 -65.78479 2.43756 -1.09579 7.12502 -0.00000 -0.00000 -36.51170 -9.95587 -31.85436
-0.04640 0.97426 -0.39545 1.95854 6.71599 -1.98764 -0.00000 0.00000 -0.00000 -369.17153 -21.15416 -361.15865 -2.61046 27.17662 10.77003 1.51060 -11.25107 7.49225 -1.10852 -18.25011 -6.89327 -0.00000 0.00000 -0.00000 17.81633 -17.62977 6.93381 3.69971 31.68850 -12.98475 -6.99479 -26.96079 -12.61597 0.00807 -1.59321 0.58004 -359.23285 -0.64458 -363.80324 -0.80337 0.60857 -5.07311 -1.35520 0.83845 -2.52861 1.30035 -5.88057 3.89609 -17.52021 38.38711 11.80210 -3.92987 15.23204 2.84781 0.00000 0.00000 0.00000 291.50525 48.78628 -407.99410 27.89180 -14.45976 -54.12126 -0.00000 -41.99050 -0.00000 12.58347 18.28185 54.56427 -7.12502 -0.00000 0.00000 -3.25163 -2.87587 1166.44836 0.00000 0.00000 0.00000 93.98831 21.84070 -7.78818 -34.98084 -31.26625 83.21141 0.00000 -17.43500 0.00000 -67.84448 3.81234 -1.55081 7.12502 -0.00000 -0.00000 -38.58580 -9.84462 -32.90512
-0.04942 0.97350 -0.40243 2.77162 7.25931 0.79437 -0.00000 0.00000 -0.00000 -371.06923 -21.30412 -363.26029 -2.25978 25.45958 9.97915 1.33606 -10.95014 6.58822 -1.47141 -20.87066 -7.97686 -0.00000 0.00000 -0.00000 16.32919 -19.39545 5.52643 3.98825 32.72490 -13.52609 -7.58170 -27.70576 -13.44125 0.00167 -0.72447 0.26370 -360.39020 -0.38404 -364.05109 -1.05505 0.47447 -5.39252 -0.93993 0.63010 -2.69531 0.78755 -6.39411 3.21168 -16.19073 38.98845 10.54471 -3.62337 15.43987 2.37406 0.00000 0.00000 -0.00000 292.58638 50.71085 -410.09488 27.28303 -13.66639 -52.55606 -0.00000 -43.23480 -0.00000 11.68922 18.52938 56.93435 -7.12502 -0.00000 0.00000 -3.32718 -3.18335 1168.68752 0.00000 0.00000 -0.00000 94.40727 15.05103 -5.99861 -34.95500 -31.08459 82.90783 0.00000 -21.06410 0.00000 -68.09510 3.25240 -1.30685 7.12502 -0.00000 -0.00000 -38.71244 -10.31472 -32.40703
-0.05547 0.97424 -0.41053 3.11989 8.59264 2.38883 -0.00000 0.00000 -0.00000 -371.61652 -22.87599 -363.94761 -2.05406 24.37209 9.49087 1.09350 -10.24217 5.58026 -1.13254 -18.43770 -6.96961 -0.00000 0.00000 -0.00000 15.63441 -21.35074 4.38365 3.84211 32.20694 -13.25385 -7.41625 -27.02165 -13.66428 0.00034 0.32799 -0.11938 -361.12839 -0.62636 -364.14525 -1.13747 0.48981 -5.50685 -0.64243 0.83910 -2.75570 0.49946 -6.99711 2.90630 -15.48572 38.58887 9.86910 -3.44724 15.27860 2.15446 0.00000 0.00000 -0.00000 290.47237 53.54404 -404.93417 27.56850 -14.03313 -53.28395 -0.00000 -45.48240 -0.00000 11.72211 18.77859 57.19566 -7.12502 -0.00000 0.00000 -3.15320 -3.04911 1168.99606 0.00000 0.00000 -0.00000 93.97712 8.64520 -5.39481 -34.88499 -30.62652 82.14352 0.00000 -23.05650 0.00000 -64.18828 9.14888 -4.39762 7.12502 -0.00000 -0.00000 -36.14944 -5.13138 -38.01999
-0.06262 0.97632 -0.42057 2.98905 10.04913 2.69132 -0.00000 0.00000 -0.00000 -370.77118 -25.08866 -362.82624 -1.92135 23.63398 9.16463 1.06126 -10.28109 5.29026 -0.74806 -15.10473 -5.63777 -0.00000 0.00000 -0.00000 15.87032 -23.10584 3.71321 3.39546 30.53167 -12.39593 -6.66221 -25.21969 -13.38395 0.00140 -0.66356 0.24153 -361.58045 -0.69023 -364.09830 -1.22870 0.51348 -5.43653 -0.49266 0.93222 -2.72290 0.94312 -7.53614 2.74625 -14.67810 38.14300 9.17995 -3.39581 15.10032 2.04481 -0.00000 0.00000 -0.00000 286.50734 55.56309 -394.98786 28.92046 -15.90457 -56.88870 -0.00000 -48.20670 -0.00000 12.52393 20.30967 57.38160 -7.12502 -0.00000 0.00000 -1.95655 -1.92832 1169.56707 -0.00000 0.00000 -0.00000 91.16769 3.92911 -4.01260 -34.66169 -29.38956 80.08650 0.00000 -28.99860 0.00000 -57.27831 1.70471 -1.09502 7.12502 -0.00000 -0.00000 -28.69235 -7.48770 -31.60737
-0.06511 0.97805 -0.43122 2.70735 10.93885 0.84129 -0.00000 0.00000 -0.00000 -369.95510 -28.46590 -359.06465 -2.90702 28.51475 11.40489 1.83395 -14.50462 5.96274 -0.50473 -12.47086 -4.61708 -0.00000 0.00000 -0.00000 17.01293 -23.85941 4.88847 2.94409 28.67556 -11.48235 -5.58499 -23.23395 -12.17534 0.00858 1.64344 -0.59834 -361.31452 -0.56300 -363.40716 -1.40559 0.54128 -4.51978 -0.79151 0.85295 -2.26261 1.00553 -7.83732 2.53932 -13.08323 37.81410 8.22079 -3.02840 14.85700 1.86151 -0.00000 0.00000 0.00000 281.73369 54.79832 -384.37180 30.38490 -18.23759 -61.17335 -0.00000 -51.36420 -0.00000 13.04779 21.76326 57.99304 -7.12502 -0.00000 0.00000 0.93277 0.91683 1349.50254 -0.00000 0.00000 0.00000 87.59822 1.16882 -2.92238 -34.48735 -28.57382 78.73352 0.00000 -30.53770 0.00000 -48.94223 2.08941 -1.81898 7.12502 -0.00000 -0.00000 -21.06822 -4.90064 -32.49653
-0.06148 0.98113 -0.44202 1.61098 11.29773 -1.16355 -0.00000 0.00000 -0.00000 -369.94003 -33.05866 -354.53016 -7.10495 41.35183 18.68346 2.74306 -18.21059 6.85917 -0.13360 -6.46688 -2.36447 -0.00000 0.00000 -0.00000 19.17671 -22.84100 7.08947 2.30538 25.69212 -10.08479 -4.88302 -20.84050 -12.38506 0.00584 1.35570 -0.49353 -359.88535 -0.41951 -362.77707 -1.14728 0.65881 -3.69540 -1.30594 0.82373 -1.84268 1.44563 -7.95083 2.52934 -13.45179 37.68724 8.21478 -3.26957 14.85508 1.87720 0.00000 0.00000 -0.00000 278.52670 51.08307 -375.52950 31.83186 -20.98209 -65.99818 -0.00000 -53.55420 -0.00000 11.66697 20.72212 59.73335 -7.12502 -0.00000 0.00000 2.05113 1.92298 1348.13557 0.00000 0.00000 -0.00000 83.75990 2.65205 -2.13780 -34.27439 -27.69018 77.26917 0.00000 -26.74330 0.00000 -48.27312 2.22702 -1.98478 7.12502 -0.00000 -0.00000 -20.46567 -4.66284 -32.71159
-0.05224 0.98518 -0.45041 0.56256 11.66391 -1.87677 -0.00000 0.00000 -0.00000 -373.09780 -33.62983 -352.61149 -10.51273 47.65243 23.53639 2.70266 -19.17238 5.95050 -0.01072 -1.83670 -0.66875 -0.00000 0.00000 -0.00000 20.37850 -20.22333 9.00916 1.45810 20.78169 -7.93943 -4.53842 -18.34227 -14.23156 0.03622 3.37428 -1.22965 -358.11326 -0.69538 -362.40918 -0.59871 0.50837 -3.22831 -1.73264 0.76883 -1.60143 1.63779 -7.70079 2.54774 -14.20561 37.56002 8.44944 -3.55068 14.79969 1.92785 -0.00000 0.00000 -0.00000 276.48328 46.36902 -368.89548 32.65090 -22.82325 -69.14338 -0.00000 -56.05300 -0.00000 10.93481 19.24841 59.62758 -7.12502 -0.00000 0.00000 3.17241 3.01461 1348.49650 -0.00000 0.00000 -0.00000 80.56927 3.99986 -0.93972 -34.08466 -26.97833 76.08919 0.00000 -22.74230 0.00000 -45.98677 8.58571 -8.20735 7.12502 -0.00000 -0.00000 -19.28095 -1.35061 -41.14533
-0.04231 0.98672 -0.45749 -1.13137 11.64630 -1.46415 -0.00000 0.00000 -0.00000 -376.15832 -29.26094 -350.64101 -6.90414 40.90055 18.37814 3.74541 -20.58183 8.57888 -0.05063 -3.98799 -1.45401 -0.00000 0.00000 -0.00000 21.56637 -17.18962 9.72747 0.82475 15.83471 -5.92528 -4.19151 -16.12708 -16.28032 0.01157 1.90789 -0.69469 -355.77678 -0.76138 -362.31520 0.17641 0.21874 -3.12987 -2.22836 0.43352 -1.55208 1.42719 -7.35025 2.48673 -14.23042 37.17310 8.35148 -3.54133 14.52373 1.88962 -0.00000 0.00000 -0.00000 275.61625 41.45587 -365.00816 33.09944 -23.96062 -71.06054 -0.00000 -60.38330 -0.00000 10.33230 18.21293 59.74455 -7.12502 -0.00000 0.00000 3.99481 3.80748 1348.55716 -0.00000 0.00000 -0.00000 78.33388 4.83896 -0.63723 -33.97207 -26.58224 75.43212 0.00000 -21.81980 0.00000 -46.39898 10.29420 -9.65820 7.12502 -0.00000 -0.00000 -19.95741 -0.65760 -43.18970
-0.03506 0.98462 -0.46649 -2.41614 12.22969 0.41133 -0.00000 0.00000 -0.00000 -378.46993 -23.34577 -349.54342 -2.61477 27.19674 10.77946 6.44663 -24.83898 13.14852 -0.00925 1.70645 0.62129 -0.00000 0.00000 -0.00000 21.76062 -19.11901 8.01317 0.84652 16.03509 -6.00459 -3.98068 -15.78354 -15.77600 0.01995 2.50507 -0.91239 -354.57907 -1.67850 -362.42504 0.68139 -0.21086 -3.33638 -2.40516 0.45221 -1.65936 1.49932 -7.50795 1.99003 -13.49990 36.90536 7.31110 -3.54502 14.32944 1.56975 -0.00000 0.00000 0.00000 276.77572 38.80437 -365.22415 33.20367 -24.24165 -71.53188 -0.00000 -62.47250 -0.00000 9.06086 15.22155 58.72560 -7.12502 -0.00000 0.00000 -6.13079 -6.04132 1169.41617 -0.00000 0.00000 0.00000 77.94712 4.83183 -1.25114 -34.03259 -26.79296 75.78174 0.00000 -23.11320 0.00000 -46.45203 8.56141 -8.05438 7.12502 -0.00000 -0.00000 -19.71084 -1.43592 -40.99897
-0.03357 0.98267 -0.48403 -3.13029 12.48148 4.56819 -0.00000 0.00000 -0.00000 -380.47499 -19.54279 -357.50393 -1.73299 22.53049 8.68421 5.39639 -25.27621 9.75457 -0.18113 -7.52226 -2.75478 -0.00000 0.00000 -0.00000 20.90011 -25.44898 6.42667 1.89258 23.46986 -9.09263 -4.72149 -18.09541 -15.43248 0.00625 1.40252 -0.51058 -355.18297 -1.39517 -363.64908 1.48225 -0.70636 -4.92303 -1.20704 -0.22328 -2.47407 0.84838 -7.34109 1.93498 -13.63334 36.17010 7.32393 -3.44331 13.94634 1.51121 -0.00000 0.00000 0.00000 277.17584 36.70119 -368.36093 32.46887 -22.39054 -68.40933 -0.00000 -63.24340 -0.00000 8.67986 13.36240 56.55282 -7.12502 -0.00000 0.00000 -7.65951 -6.91510 1166.83653 -0.00000 0.00000 0.00000 79.03763 5.45316 -1.54932 -34.20481 -27.42199 76.82470 0.00000 -26.64490 0.00000 -46.87226 1.09186 -1.02257 7.12502 -0.00000 -0.00000 -19.01744 -4.80722 -31.33416
-0.03754 0.98169 -0.50485 -2.11368 12.07877 4.17765 -0.00000 0.00000 -0.00000 -381.34132 -20.90980 -357.92704 -1.91079 23.57396 9.13828 4.37926 -24.54987 7.44391 -0.00192 -0.77843 -0.28334 -0.00000 0.00000 -0.00000 21.46349 -29.24198 13.29224 3.88200 32.34970 -13.32854 -3.93072 -16.47196 -14.26271 0.00162 0.71312 -0.25957 -356.14812 -0.27847 -363.51804 0.97707 -0.48650 -4.68754 -1.11935 -0.56903 -2.35766 1.31915 -6.87887 2.74884 -14.61385 34.68078 8.56439 -3.58740 13.31956 2.07709 0.00000 0.00000 -0.00000 277.55249 33.94489 -373.32791 30.85782 -19.07752 -62.67101 -0.00000 -63.70670 -0.00000 7.73834 11.57276 55.88784 -7.12502 -0.00000 0.00000 -9.25129 -8.03901 1165.64851 0.00000 0.00000 -0.00000 82.83984 9.59154 -3.51392 -34.58999 -29.04180 79.50948 0.00000 -24.53990 0.00000 -48.28557 -1.37133 1.22212 7.12502 -0.00000 -0.00000 -20.01968 -6.32804 -28.16913
-0.05071 0.97498 -0.52286 -2.54825 10.60518 3.96178 -0.00000 0.00000 -0.00000 -380.41689 -22.33073 -360.42943 -2.67237 27.46393 10.90492 5.05582 -25.02583 9.00068 -0.00107 -0.58117 -0.21154 -0.00000 0.00000 -0.00000 24.99321 -29.23830 22.63968 9.12960 45.36339 -21.63033 -4.03433 -19.04493 -11.20406 0.12972 6.37285 -2.32978 -355.45712 0.90628 -363.52844 0.36742 -0.30862 -4.64416 -2.04693 -1.14855 -2.34920 1.94665 -6.10581 4.02927 -14.89560 34.21101 10.35052 -3.39512 13.09778 2.94475 0.00000 0.00000 -0.00000 275.72257 28.87488 -378.54476 27.86921 -14.42955 -54.06229 -0.00000 -61.76000 -0.00000 7.46401 9.97207 52.89000 -7.12502 -0.00000 0.00000 -10.81344 -8.36262 1162.28711 0.00000 0.00000 -0.00000 86.93252 17.59412 -7.67054 -34.92605 -30.88966 82.58238 0.00000 -18.72850 0.00000 -51.84833 3.16609 -2.48432 7.12502 -0.00000 -0.00000 -23.91332 -5.14091 -33.57557
-0.07291 0.96575 -0.53643 -0.96719 10.17791 4.59242 -0.00000 0.00000 -0.00000 -381.24160 -24.70316 -362.15051 -3.61629 31.37817 12.82524 5.12241 -24.48793 9.62586 -0.25386 -8.89147 -3.26423 -0.00000 0.00000 -0.00000 22.86061 -26.66682 27.56493 17.95540 56.21438 -32.95550 -4.26161 -18.16418 -13.26751 1.15151 18.58423 -7.02936 -357.28225 0.73952 -363.61730 -0.66604 -0.70710 -4.79882 -2.06747 -1.41256 -2.42817 2.90453 -5.86359 5.44496 -16.17337 33.74185 12.65305 -3.52074 13.12876 3.95411 0.00000 0.00000 -0.00000 272.00927 21.51473 -383.77644 23.58054 -9.60715 -43.85897 -0.00000 -56.66170 -0.00000 6.69702 8.00718 49.87085 -7.12502 -0.00000 0.00000 -12.90236 -8.79879 1158.73316 0.00000 0.00000 -0.00000 92.46491 25.81326 -13.78929 -35.13511 -32.58166 85.41970 0.00000 -14.19210 0.00000 -55.15147 4.04935 -2.81485 7.12502 -0.00000 -0.00000 -27.09682 -5.56638 -34.26534
-0.10379 0.95978 -0.54559 1.52659 12.07769 4.86085 -0.00000 0.00000 -0.00000 -383.25740 -28.55838 -364.60913 -4.40482 34.12935 14.28222 5.15295 -24.09923 10.04506 -0.48402 -12.21767 -4.52020 -0.00000 0.00000 -0.00000 16.03932 -23.33864 28.86479 21.92449 59.21015 -37.64822 -2.49424 -11.93284 -14.02016 3.05475 29.14760 -11.71124 -360.36386 -1.78221 -363.20755 -2.05200 -1.61873 -4.28614 -1.90110 -0.79360 -2.15406 3.72411 -5.37764 6.75243 -17.33597 32.37874 14.62733 -3.69315 12.74092 4.90445 0.00000 0.00000 0.00000 268.30609 12.56283 -386.97800 20.27100 -6.82156 -36.87619 -0.00000 -51.18230 -0.00000 6.79397 7.53527 47.74518 -7.12502 -0.00000 0.00000 -13.46240 -8.45552 1156.56025 0.00000 0.00000 0.00000 100.00957 34.22557 -22.51539 -35.22113 -33.72183 87.35159 0.00000 -8.61900 0.00000 -58.28873 4.66041 -2.87401 7.12502 -0.00000 -0.00000 -30.07562 -6.10903 -34.58718
-0.14668 0.95856 -0.55090 4.28681 15.81849 6.30883 -0.00000 0.00000 -0.00000 -386.64623 -31.17536 -370.28125 -4.23830 33.58014 13.98332 4.80865 -22.67759 10.25478 -0.10038 -5.60961 -2.04872 -0.00000 0.00000 -0.00000 7.40130 -18.44544 25.25278 14.60088 52.96517 -28.84190 -0.97447 -7.03095 -10.37595 0.55099 13.01712 -4.82679 -364.88135 -5.64746 -362.76543 -3.65254 -2.91274 -3.41401 -1.19324 0.20946 -1.68119 5.08023 -5.05359 7.53024 -18.22264 31.79165 15.81776 -4.04687 12.69958 5.57167 0.00000 0.00000 -0.00000 268.89326 6.07800 -387.37370 18.71593 -5.72620 -33.76404 -0.00000 -46.87890 -0.00000 6.48269 6.58221 45.25082 -7.12502 -0.00000 0.00000 -14.59915 -8.25348 1153.86097 0.00000 0.00000 -0.00000 108.41774 40.55378 -30.14908 -35.25101 -34.40987 88.52739 0.00000 -5.35359 0.00000 -57.57917 -5.88104 3.72342 7.12502 -0.00000 -0.00000 -27.76497 -11.91843 -23.58096
-0.19905 0.96401 -0.56116 8.55316 24.00406 5.43092 -0.00000 0.00000 -0.00000 -391.50165 -37.64219 -375.33763 -3.22482 29.85096 12.05660 4.16696 -18.38469 12.55979 -0.15854 -7.04106 -2.57659 -0.00000 0.00000 -0.00000 0.24099 -18.99600 22.90230 6.37159 39.64751 -17.55440 -3.16821 -17.28958 -9.52295 0.81520 -15.74591 5.89019 -371.87445 -11.24811 -361.06343 -5.84150 -5.52354 -0.08857 0.39796 0.45796 0.11159 6.90584 -5.91119 8.09073 -19.16425 32.86435 17.08218 -4.38568 13.65560 6.17968 -0.00000 0.00000 0.00000 272.82235 4.78716 -386.66645 19.25782 -6.09391 -34.83842 -0.00000 -52.93220 -0.00000 6.33031 6.27403 44.57001 -7.12502 -0.00000 0.00000 -14.97901 -8.21627 1153.10802 -0.00000 0.00000 0.00000 121.07388 46.97366 -40.34856 -35.25224 -34.45036 88.59684 0.00000 8.95852 -0.00000 -58.30676 23.97195 -14.08279 7.12502 -0.00000 -0.00000 -33.03596 5.21569 -52.95779
-0.24494 0.96606 -0.57532 18.63147 37.29745 0.77814 -0.00000 0.00000 -0.00000 -407.39586 -46.94358 -383.92021 -1.87213 23.35228 9.04118 3.28829 -14.62973 13.91651 -0.04288 -3.67074 -1.33799 -0.00000 0.00000 -0.00000 -12.28888 -35.84077 16.72156 5.46966 37.31315 -16.10527 -3.69338 -20.18739 -8.74489 0.77440 -15.35991 5.73803 -382.77713 -20.52700 -359.98612 -9.40835 -8.47228 4.99100 2.31424 0.82566 2.90315 7.94518 -4.44035 8.81002 -20.68336 30.82082 18.33514 -5.02087 12.89924 6.99479 0.00000 0.00000 -0.00000 276.18268 6.10897 -387.93426 20.83784 -7.25254 -38.03426 -0.00000 -57.33830 -0.00000 5.61719 5.42045 43.84418 -7.12502 -0.00000 0.00000 -16.05759 -8.46762 1152.09348 0.00000 0.00000 -0.00000 129.09214 48.57399 -45.39718 -35.25344 -34.49185 88.66804 0.00000 19.02100 -0.00000 -50.16509 42.61014 -29.45600 7.12502 -0.00000 -0.00000 -29.72169 17.17815 -72.35422
-0.26099 0.96872 -0.59520 74.97037 65.92237 -46.79480 -0.00000 0.00000 -0.00000 -496.52022 -55.13350 -426.84886 -1.86710 23.32324 9.02848 -1.71196 -15.08459 -9.20554 -0.14495 -6.73434 -2.46321 -0.00000 0.00000 -0.00000 -83.36768 -69.58371 -35.72747 7.30694 41.79482 -18.98786 -3.34057 -20.35144 -7.34533 1.10291 -18.20598 6.87533 -423.38965 -51.83965 -384.27468 -10.92550 -8.61472 11.96607 3.42076 4.62538 5.81460 7.80536 -5.13650 8.64388 -21.38842 31.59478 18.85643 -5.07507 13.46721 7.14769 0.00000 0.00000 -0.00000 281.06058 10.31553 -389.38287 23.22520 -9.27486 -43.08067 -0.00000 -60.97760 -0.00000 6.22905 6.32635 45.27262 -7.12502 -0.00000 0.00000 -14.90959 -8.41256 1153.78727 0.00000 0.00000 -0.00000 133.47872 53.37844 -48.99209 -35.26257 -35.57727 90.54300 0.00000 21.53080 -0.00000 -22.42879 61.04992 -64.74669 7.12502 -0.00000 -0.00000 31.49391 -17.07600 -250.60799
-0.26474 0.97756 -0.59539 151.28621 63.62737 -104.65549 -0.00000 0.00000 -0.00000 -518.42549 -32.59701 -411.21848 -2.65741 27.39490 10.87244 -6.12351 -14.48843 -23.17210 -0.02897 3.01839 1.09969 -0.00000 0.00000 -0.00000 -132.47534 -48.03047 -78.41330 7.99247 43.22234 -20.00231 -4.75552 -21.96622 -10.75568 0.97189 -17.13673 6.44373 -472.93308 -46.69324 -419.16155 -9.74486 -2.18267 12.60710 1.55535 8.14271 5.59145 7.08512 -6.48305 7.39231 -21.68533 32.80730 17.80574 -5.22011 14.11470 6.53192 -0.00000 0.00000 0.00000 287.32154 14.69382 -388.56177 26.04119 -12.17006 -49.49947 -0.00000 -60.76780 -0.00000 6.33201 6.61613 46.07653 -7.12502 -0.00000 0.00000 -14.55056 -8.49766 1154.65319 -0.00000 0.00000 0.00000 124.61593 55.87120 -40.45670 -35.26272 -34.96328 89.47942 0.00000 25.65570 -0.00000 -11.58554 58.57379 -76.49077 7.12502 -0.00000 -0.00000 29.08079 -12.59312 -246.40641
-0.28938 0.97051 -0.58680 154.93791 64.55578 -113.68459 -0.00000 0.00000 -0.00000 -521.24865 -34.52318 -411.28824 -3.92230 32.49287 13.40371 -8.25791 -17.93594 -26.20323 -0.03367 -3.25359 -1.18557 -0.00000 0.00000 -0.00000 -139.22180 -53.41764 -86.32891 9.98670 46.81821 -22.81991 -4.41726 -22.09354 -9.51958 0.79572 -15.56297 5.81800 -476.45945 -49.47171 -421.72231 -8.49937 -2.22335 17.05373 3.48651 7.05085 7.91944 5.87306 -6.97115 6.01652 -19.90075 33.15340 15.59476 -4.81484 13.85848 5.65846 -0.00000 0.00000 0.00000 294.95300 19.66771 -384.08782 28.54659 -15.36317 -55.86327 -0.00000 -61.35750 -0.00000 5.51474 6.52786 49.66026 -7.12502 -0.00000 0.00000 -14.52010 -9.67683 1157.98434 -0.00000 0.00000 0.00000 104.86123 43.30217 -18.09120 -35.25762 -35.86675 91.04732 0.00000 -18.19870 0.00000 -40.46836 -31.14934 31.22942 7.12502 -0.00000 -0.00000 -11.68610 -18.76094 -347.74546
-0.28981 0.99043 -0.55804 18.41230 40.06403 -6.74216 -0.00000 0.00000 -0.00000 -392.46648 -69.38131 -315.72241 -3.61730 31.38193 12.82717 4.88473 -25.04757 8.50351 -0.67931 -14.41462 -5.36791 -0.00000 0.00000 -0.00000 12.20211 -47.13149 42.54098 17.67300 55.96979 -32.61524 -1.15090 -18.04219 -0.87482 1.06551 -17.90843 6.75467 -368.81037 -25.65594 -339.07384 -12.12915 -7.11908 31.16325 -1.43441 4.79024 15.28217 4.65518 -7.67863 4.57640 -17.72831 34.12379 13.26143 -4.28616 13.94497 4.72221 -0.00000 0.00000 -0.00000 299.58468 26.47963 -376.09656 30.90628 -19.16642 -62.82834 -0.00000 -63.66500 -0.00000 5.49807 6.44894 49.40382 -7.12502 -0.00000 0.00000 -14.62271 -9.64589 1157.70951 -0.00000 0.00000 -0.00000 98.93061 42.00137 -8.47627 -35.09430 -32.18114 84.74527 0.00000 -7.57767 0.00000 -44.94695 -11.88841 11.66143 7.12502 -0.00000 -0.00000 -16.11171 -10.02319 -373.92949
-0.38368 0.97114 -0.51272 -13.16602 -60.33475 -111.06503 -0.00000 0.00000 -0.00000 -418.60406 21.28605 -168.24430 -8.64585 44.48431 20.94531 -8.98615 -7.07013 -37.94396 -4.31593 33.83811 14.12319 -0.00000 0.00000 -0.00000 -67.23777 18.90890 122.01129 14.49273 52.84640 -28.70632 0.46227 1.10766 16.07176 0.17513 7.39766 -2.70860 -435.00171 -23.34966 -435.42981 -5.38604 -4.19320 -72.83270 -16.72571 1.85053 -38.37236 3.71138 -8.09455 3.38088 -15.97210 35.46375 11.46468 -3.86902 14.30398 4.01974 -0.00000 0.00000 0.00000 297.27467 37.37164 -364.96510 32.86309 -23.34775 -70.02953 -0.00000 -64.58590 -0.00000 4.65509 5.15029 47.78992 -7.12502 -0.00000 0.00000 -16.20053 -9.92716 1155.68364 -0.00000 0.00000 0.00000 96.57751 41.94564 -5.43825 -34.73910 -29.78827 80.74864 0.00000 3.74949 -0.00000 -44.17916 3.00723 -3.09023 7.12502 -0.00000 -0.00000 -16.75287 -3.33204 -394.07157
-0.37908 0.96791 -0.49594 11.51491 -56.23221 -69.24505 -0.00000 0.00000 -0.00000 -408.21158 25.44458 -190.06091 -5.98439 38.68052 16.94132 -4.88163 -0.81342 -36.58903 -9.19125 45.47229 21.71689 -0.00000 0.00000 -0.00000 -43.74240 33.98070 109.71695 43.12788 67.45412 -61.24868 -0.11233 2.74519 12.48246 0.17107 7.31202 -2.67687 -434.19795 -8.00777 -303.41237 0.60078 6.05468 71.48859 -5.94652 -16.12818 30.20825 3.04011 -8.62829 2.37738 -14.27255 35.93523 9.62698 -3.54974 14.36611 3.34420 0.00000 0.00000 0.00000 288.07526 50.30980 -354.40020 34.10488 -27.05139 -76.21035 -0.00000 -63.81130 -0.00000 4.33615 4.73435 47.42666 -7.12502 -0.00000 0.00000 -16.71386 -10.05647 1155.17899 0.00000 0.00000 0.00000 95.94380 41.68026 -6.83264 -34.60735 -29.12432 79.64636 0.00000 4.70843 -0.00000 -46.71759 6.40915 -6.00134 7.12502 -0.00000 -0.00000 -19.61472 -2.43263 -398.20797
-0.37886 0.96601 -0.47381 23.92149 -43.31668 -47.63837 -0.00000 0.00000 -0.00000 -396.82629 19.40046 -214.36366 -4.28240 33.72710 14.06289 -6.77231 -10.02407 -28.77884 -6.07005 38.89879 17.07806 -0.00000 0.00000 -0.00000 -18.37323 32.96004 101.27890 58.12266 69.54309 -77.34816 1.17406 -3.79385 12.76033 0.33179 10.14822 -3.73541 -426.47218 -4.35147 -308.77989 -0.11758 5.88905 64.50461 -2.93524 -17.22235 28.33118 3.01291 -8.92518 1.99579 -13.65828 36.07983 8.89507 -3.50053 14.41299 3.10520 -0.00000 0.00000 -0.00000 277.83583 59.83393 -350.85780 34.85380 -30.43570 -81.82560 -0.00000 -64.76310 -0.00000 6.13980 5.47803 41.58728 -7.12502 -0.00000 0.00000 -15.98831 -7.68492 1150.01917 -0.00000 0.00000 -0.00000 97.99955 40.53841 -11.60954 -34.55255 -28.86735 79.22016 0.00000 3.39451 -0.00000 -40.98082 5.82474 -6.66338 7.12502 -0.00000 -0.00000 -14.14780 -1.63640 -398.53658
-0.38025 0.96799 -0.45124 26.57207 -29.05248 -39.31816 -0.00000 0.00000 -0.00000 -387.81044 11.64066 -227.49329 -3.01621 28.98453 11.63191 -4.83379 -6.85277 -26.41738 -8.33232 43.88999 20.49551 -0.00000 0.00000 -0.00000 -0.52188 25.34299 100.66848 38.05013 66.22898 -55.72688 2.92265 -7.29745 18.43316 0.44906 11.77686 -4.35202 -418.30112 -6.41370 -315.53509 -0.95433 4.71977 59.11672 0.40862 -17.95116 27.19222 2.81215 -8.70957 2.27748 -13.63455 35.62523 9.27398 -3.34276 14.17223 3.25488 0.00000 0.00000 0.00000 278.00021 64.87740 -361.76563 35.20120 -33.39676 -86.79883 -0.00000 -57.81850 -0.00000 8.74888 7.33327 39.67236 -7.12502 -0.00000 0.00000 -13.34867 -6.06159 1148.99003 0.00000 0.00000 0.00000 100.54555 39.58066 -16.75400 -34.54845 -28.84854 79.18897 0.00000 2.52467 -0.00000 -38.28494 4.97151 -6.26543 7.12502 -0.00000 -0.00000 -11.48407 -1.47064 -397.80019
-0.30204 0.97102 -0.45506 -24.70621 -28.71968 86.75400 -0.00000 0.00000 -0.00000 -341.93158 -28.96978 -370.63478 -1.33697 19.94894 7.59137 -2.58054 -18.65007 -11.34071 -0.65959 -14.20972 -5.28813 -0.00000 0.00000 -0.00000 45.91079 -34.08893 6.96881 2.98808 28.86459 -11.57374 -5.79192 -20.87438 -15.68274 0.14531 6.74268 -2.46629 -313.48455 -23.94723 -353.19150 3.03501 -1.38601 -3.36599 -15.77934 7.28251 -0.08962 2.05748 -8.77027 2.20858 -13.88448 36.08269 9.59237 -3.19774 14.40741 3.26083 -0.00000 0.00000 0.00000 288.96014 67.45733 -383.48358 35.26085 -34.82579 -89.24233 -0.00000 -57.32960 -0.00000 12.85470 11.20349 40.41193 -7.12502 -0.00000 0.00000 -8.29122 -4.10520 1151.16232 -0.00000 0.00000 0.00000 102.54909 37.53956 -23.18806 -34.69674 -29.56681 80.38076 0.00000 2.73663 -0.00000 -37.44759 4.00273 -5.20771 7.12502 -0.00000 -0.00000 -10.56114 -1.61153 -396.42226
-0.30326 0.97086 -0.42319 -25.04881 -29.03712 84.34786 -0.00000 0.00000 -0.00000 -337.99128 -26.33748 -368.58150 -0.94263 16.88712 6.34375 -1.91928 -17.85243 -9.47310 -1.15476 -18.60913 -7.03953 -0.00000 0.00000 -0.00000 46.10859 -27.06696 21.04939 0.96443 17.07352 -6.41838 -4.99146 -19.50376 -14.48264 0.10216 5.65884 -2.06682 -311.27962 -20.79783 -353.11115 1.71624 -1.93005 -1.90937 -17.80945 5.88496 0.24822 2.77879 -8.71109 2.59763 -13.26701 35.15764 9.51285 -3.12353 13.95218 3.39136 0.00000 0.00000 -0.00000 303.75410 65.34770 -403.62144 35.24354 -34.19646 -88.16180 -0.00000 -59.23670 -0.00000 15.14420 14.41279 42.60368 -7.12502 -0.00000 0.00000 -4.86127 -2.73828 1154.32374 0.00000 0.00000 -0.00000 105.09371 36.16216 -27.86682 -34.85801 -30.46104 81.86780 0.00000 1.95215 -0.00000 -37.01253 4.54820 -6.00450 7.12502 -0.00000 -0.00000 -10.22487 -1.38309 -397.37825
-0.28605 0.97567 -0.37326 -15.39833 -15.33247 81.61737 -0.00000 0.00000 -0.00000 -353.73090 -7.92856 -371.67932 -0.40732 11.22603 4.14265 1.40067 -19.72964 1.04132 -1.76643 -22.73158 -8.77113 -0.00000 0.00000 -0.00000 31.39181 -21.01223 12.36144 1.03253 17.64114 -6.64665 -2.13084 -14.37669 -7.64753 0.05861 -4.29008 1.56458 -330.19093 -13.50125 -357.00825 0.76970 -0.95353 -0.45150 -14.55922 5.97124 0.58080 3.70504 -8.51160 3.30213 -13.36940 34.66900 10.25765 -3.15961 13.77576 3.81602 -0.00000 0.00000 0.00000 310.52488 63.65015 -410.72641 35.00315 -31.42964 -83.48473 -0.00000 -63.89210 -0.00000 18.41351 19.27335 44.75437 -7.12502 -0.00000 0.00000 -0.12490 -0.08077 1157.88991 -0.00000 0.00000 0.00000 106.26840 36.43654 -30.26655 -34.85238 -30.42724 81.81150 0.00000 2.99592 -0.00000 -36.78819 4.28766 -5.70957 7.12502 -0.00000 -0.00000 -9.97759 -1.41704 -396.99840
-0.27079 0.97767 -0.31383 -9.50501 -7.92731 79.47936 -0.00000 0.00000 -0.00000 -361.37944 -1.84778 -370.79930 -0.76890 15.30699 5.71721 3.68803 -21.97546 7.24885 -1.04769 -17.76462 -6.69651 -0.00000 0.00000 -0.00000 24.44183 -17.63316 7.93679 1.24788 19.30799 -7.32616 -1.31538 -13.66618 -3.95317 0.73025 -14.92938 5.56903 -343.22966 -10.64325 -358.94790 -0.23720 0.03913 -0.62908 -9.75500 5.90537 0.20559 4.90934 -7.68959 4.37286 -14.54149 33.66304 11.77906 -3.48980 13.39391 4.52651 -0.00000 0.00000 0.00000 299.62149 62.10613 -399.87613 33.96738 -26.56612 -75.40538 -0.00000 -65.54580 -0.00000 20.22376 20.64646 43.74473 -7.12502 -0.00000 0.00000 1.64914 1.04793 1157.42492 -0.00000 0.00000 0.00000 105.96717 38.47841 -30.69164 -34.83514 -30.32491 81.64113 0.00000 2.62828 -0.00000 -36.60503 4.33762 -5.81393 7.12502 -0.00000 -0.00000 -9.81157 -1.37259 -397.11402
-0.26289 0.97433 -0.26388 -4.56793 -4.82082 76.73400 -0.00000 0.00000 -0.00000 -364.94844 -6.39882 -361.89015 -3.29004 30.11400 12.18712 6.69149 -23.45577 15.42474 -0.00004 -0.11741 -0.04273 -0.00000 0.00000 -0.00000 22.72720 -14.27505 5.73320 1.55843 21.44104 -8.21796 -0.65978 -14.30455 -0.39674 0.84399 -16.01191 5.99540 -351.36264 -7.26389 -360.31352 -0.57442 1.51746 -1.18941 -5.63861 5.50790 -0.29082 6.70410 -7.27158 5.59636 -15.78319 32.27097 13.26702 -3.97750 13.02816 5.27177 0.00000 0.00000 -0.00000 280.44464 51.90804 -380.78617 32.50223 -22.46872 -68.54218 -0.00000 -63.97960 -0.00000 20.23484 21.75070 45.15113 -7.12502 -0.00000 0.00000 2.24433 1.51536 1159.01032 0.00000 0.00000 -0.00000 103.53530 41.02179 -27.00697 -34.82606 -30.27184 81.55279 0.00000 3.92985 -0.00000 -37.18635 4.21042 -5.52756 7.12502 -0.00000 -0.00000 -10.34260 -1.50675 -396.80117
-0.26044 0.96833 -0.22801 -2.15675 -3.22547 73.04930 -0.00000 0.00000 -0.00000 -367.29605 -14.55119 -353.63138 -9.11713 45.34129 21.61281 4.35570 -23.99448 7.78138 -0.09969 -5.59041 -2.04166 -0.00000 0.00000 -0.00000 22.73654 -13.64187 5.20274 1.99775 24.06265 -9.35361 0.13815 -14.66048 3.17550 0.35137 -10.43898 3.84497 -355.67511 -4.23572 -360.66482 -0.59465 2.08618 -1.12449 -3.17153 4.44473 -0.41811 8.30081 -6.80822 6.64991 -17.16479 30.51972 14.51221 -4.55582 12.55595 5.89649 -0.00000 0.00000 0.00000 275.66064 33.13379 -370.36710 32.17881 -21.73028 -67.28348 -0.00000 -62.79630 -0.00000 18.58865 19.72647 45.10318 -7.12502 -0.00000 0.00000 0.22828 0.15018 1158.33970 -0.00000 0.00000 0.00000 101.73942 41.38269 -22.01416 -34.82613 -30.27229 81.55353 0.00000 4.63274 -0.00000 -37.78837 4.21930 -5.42062 7.12502 -0.00000 -0.00000 -10.91123 -1.60967 -396.70935
-0.25599 0.96250 -0.19809 0.60232 -1.61380 71.09625 -0.00000 0.00000 -0.00000 -371.83628 -18.13842 -347.49301 -13.61897 51.84902 27.60276 2.87263 -23.77885 3.62986 -0.58411 -13.39321 -4.97174 -0.00000 0.00000 -0.00000 20.75382 -13.06480 1.38866 2.31373 25.73440 -10.10405 1.03915 -14.00173 6.82772 0.10093 -5.62487 2.05433 -360.52267 -1.32095 -360.50613 -0.31678 2.58826 -0.63632 -0.07683 3.40099 -0.31965 8.98429 -6.84402 6.67978 -17.80922 29.82134 14.42995 -4.96151 12.38502 5.88029 0.00000 0.00000 0.00000 282.83418 17.72484 -367.24733 31.89185 -21.10849 -66.21609 -0.00000 -65.54120 -0.00000 18.36238 19.15254 44.66644 -7.12502 -0.00000 0.00000 -0.22195 -0.14287 1157.76972 0.00000 0.00000 0.00000 102.01086 39.14439 -19.92899 -34.94402 -31.00968 82.78272 0.00000 6.08900 -0.00000 -38.50645 4.38429 -5.48831 7.12502 -0.00000 -0.00000 -11.61008 -1.68745 -396.84347
-0.24910 0.95801 -0.18041 4.72817 -0.22056 76.12972 -0.00000 0.00000 -0.00000 -379.28652 -14.43264 -348.88123 -12.04923 49.86930 25.57923 2.54559 -22.82800 3.18002 -0.73780 -15.00401 -5.59827 -0.00000 0.00000 -0.00000 15.93356 -11.82682 -7.08328 2.70753 27.62520 -10.98097 1.20251 -13.57676 7.53352 0.00417 -1.14563 0.41704 -364.74843 2.27909 -361.62328 0.56483 3.70659 -2.15042 3.18544 2.74345 -1.19038 8.05550 -7.10736 5.98295 -16.74921 29.74471 13.17033 -4.66325 12.13981 5.32182 0.00000 0.00000 0.00000 291.87328 8.02840 -371.43323 30.13153 -17.80674 -60.39671 -0.00000 -63.42790 -0.00000 14.76422 14.86034 44.22002 -7.12502 -0.00000 0.00000 -4.74852 -2.85433 1155.94163 0.00000 0.00000 0.00000 101.82341 36.93618 -20.15954 -34.98395 -31.28859 83.24877 0.00000 5.87335 -0.00000 -40.10853 4.88518 -5.77295 7.12502 -0.00000 -0.00000 -13.18849 -1.81052 -397.32142
-0.24691 0.95287 -0.17489 7.00155 2.00384 82.83035 -0.00000 0.00000 -0.00000 -385.85750 -6.87227 -352.75141 -8.13483 43.50507 20.20964 5.98168 -27.36299 9.65904 -0.08119 -5.04707 -1.84207 -0.00000 0.00000 -0.00000 11.19443 -15.22818 -10.99839 5.06449 36.16310 -15.42794 0.25227 -12.28218 3.41453 0.00387 -1.10345 0.40168 -367.16588 5.20099 -363.18613 1.41455 3.74470 -4.45680 5.54894 1.65306 -2.37845 6.66341 -7.64235 5.17129 -16.57389 30.78185 12.42467 -4.46939 12.49263 4.82172 0.00000 0.00000 0.00000 298.01179 7.46279 -379.77598 27.14177 -13.48821 -52.19960 -0.00000 -58.94430 -0.00000 12.76065 13.14485 45.11884 -7.12502 -0.00000 0.00000 -6.87109 -4.17994 1156.16895 0.00000 0.00000 0.00000 101.06742 37.09711 -20.99670 -34.92145 -30.85942 82.53191 0.00000 4.41374 -0.00000 -39.00270 5.22274 -6.41308 7.12502 -0.00000 -0.00000 -12.19666 -1.51109 -398.04415
-0.24620 0.95092 -0.17658 6.05860 4.44035 87.09611 -0.00000 0.00000 -0.00000 -388.95472 -3.91961 -356.12506 -6.05925 38.87139 17.06084 5.64801 -29.29973 7.48185 -0.50781 -12.50804 -4.63132 -0.00000 0.00000 -0.00000 6.21082 -25.86178 -9.73392 12.22666 50.10640 -25.81090 -0.00105 -2.47868 0.41123 0.27799 9.29970 -3.41688 -366.72515 4.48718 -364.50082 0.92500 3.40326 -6.15538 4.75549 1.84592 -3.21062 6.10235 -7.53932 5.03363 -16.13388 29.46762 11.87576 -4.33167 11.84990 4.59942 -0.00000 0.00000 -0.00000 298.53655 9.96736 -390.20489 23.75865 -9.77703 -44.25213 -0.00000 -51.51580 -0.00000 8.49728 8.83659 45.79684 -7.12502 -0.00000 0.00000 -11.91892 -7.06561 1155.23150 -0.00000 0.00000 -0.00000 101.57775 40.27163 -21.92742 -34.90142 -30.73006 82.31614 0.00000 5.09001 -0.00000 -38.15779 4.64052 -5.87883 7.12502 -0.00000 -0.00000 -11.31724 -1.54913 -397.30700
-0.24312 0.94522 -0.17415 5.30148 6.59199 88.18585 -0.00000 0.00000 -0.00000 -389.89522 -4.17344 -354.07288 -5.25482 36.71197 15.74839 4.54179 -30.32323 4.36648 -0.58762 -13.43244 -4.98689 -0.00000 0.00000 -0.00000 6.57230 -32.04036 -2.37619 17.61039 55.91492 -32.53967 -0.62534 -6.03943 -7.08467 0.56748 13.20579 -4.89944 -366.69940 3.77797 -365.11013 -0.44898 3.25180 -6.90217 3.25156 2.00226 -3.55787 6.46455 -7.79058 5.20005 -14.82821 28.99520 11.47170 -4.00750 11.61908 4.57493 -0.00000 0.00000 0.00000 286.79367 5.10762 -400.39999 20.37804 -6.90160 -37.09385 -0.00000 -42.26310 -0.00000 11.02280 10.63616 43.45659 -7.12502 -0.00000 0.00000 -9.54623 -5.29111 1153.73788 -0.00000 0.00000 0.00000 103.40575 43.83941 -23.18784 -34.92973 -30.91396 82.62293 0.00000 6.21612 -0.00000 -37.71432 3.95478 -5.09670 7.12502 -0.00000 -0.00000 -10.80632 -1.67344 -396.30149
-0.23493 0.93997 -0.16917 4.81802 7.39908 87.35547 -0.00000 0.00000 -0.00000 -391.71085 -3.62163 -356.63857 -5.37119 37.03994 15.94230 5.47873 -30.35709 6.44027 -0.84498 -16.02098 -5.99900 -0.00000 0.00000 -0.00000 11.04903 -29.78950 8.76156 12.31306 50.22055 -25.92341 0.25542 -8.05039 3.28938 0.06222 4.41988 -1.61212 -365.89708 4.84781 -365.48468 -1.59649 2.62581 -7.47625 1.84503 0.57667 -3.76226 6.61484 -7.76375 5.65922 -14.07048 27.91849 11.61411 -3.74344 11.18123 4.73794 -0.00000 0.00000 -0.00000 276.89813 1.43230 -402.85184 21.13816 -7.48813 -38.65349 -0.00000 -39.16130 -0.00000 11.12973 10.59965 43.07633 -7.12502 -0.00000 0.00000 -9.53591 -5.20603 1153.37547 -0.00000 0.00000 -0.00000 105.31938 45.31369 -23.89435 -34.96855 -31.17888 83.06536 0.00000 6.19978 -0.00000 -37.93295 4.06384 -5.19538 7.12502 -0.00000 -0.00000 -11.02665 -1.68111 -396.43838
-0.20883 0.93644 -0.15608 4.42814 8.04802 86.20399 -0.00000 0.00000 -0.00000 -390.51258 -5.00004 -354.18226 -6.61009 40.21916 17.92594 4.72594 -28.81419 5.61200 -1.09375 -18.13368 -6.84597 -0.00000 0.00000 -0.00000 13.17960 -23.63482 11.67481 8.29810 43.82388 -20.44611 0.32535 -12.90487 3.80502 0.01180 -1.92720 0.70172 -366.99599 3.75097 -364.95564 -2.06229 2.24441 -6.73966 1.87879 0.79946 -3.40112 6.05077 -7.52114 5.48428 -12.91919 27.45070 11.04285 -3.36744 10.81993 4.56158 -0.00000 0.00000 -0.00000 280.05602 3.99824 -401.07457 22.92926 -9.00469 -42.43841 -0.00000 -41.24310 -0.00000 12.54887 12.53864 44.28442 -7.12502 -0.00000 0.00000 -7.41845 -4.34405 1155.18825 -0.00000 0.00000 -0.00000 107.22453 42.34160 -25.10745 -35.09273 -32.16670 84.72099 0.00000 6.34368 -0.00000 -38.29454 3.00030 -3.79250 7.12502 -0.00000 -0.00000 -11.23301 -2.06700 -394.70679
-0.18325 0.93988 -0.14284 4.64570 7.74510 86.32723 -0.00000 0.00000 -0.00000 -386.44522 -11.48395 -353.95720 -14.27312 52.60211 28.43032 0.80706 -19.07609 -0.71677 -0.69249 -14.54981 -5.42063 -0.00000 0.00000 -0.00000 13.80360 -18.51969 7.50642 5.63314 37.75821 -16.37359 -0.36709 -16.24962 1.47106 0.02720 2.92466 -1.06548 -367.76246 4.25805 -363.71928 -1.76517 2.06316 -5.17981 2.65511 0.29272 -2.61382 4.99651 -8.18122 4.45035 -11.28252 28.74095 9.49620 -2.87746 11.19027 3.89307 0.00000 0.00000 0.00000 283.23019 9.36654 -397.00550 26.04434 -12.17367 -49.50703 -0.00000 -44.65420 -0.00000 14.20213 15.65855 46.84269 -7.12502 -0.00000 0.00000 -4.45847 -2.97001 1158.60436 0.00000 0.00000 0.00000 107.59258 37.29100 -25.10769 -35.12737 -32.50142 85.28444 0.00000 6.18653 -0.00000 -40.83012 4.70018 -5.41713 7.12502 -0.00000 -0.00000 -13.84073 -2.00434 -396.92040
-0.15818 0.95290 -0.13635 3.49020 6.41694 89.63973 -0.00000 0.00000 -0.00000 -382.32585 -18.40365 -358.55952 -25.34545 61.26237 41.58803 0.04893 -16.18599 -2.68568 -0.44149 -11.67904 -4.31477 -0.00000 0.00000 -0.00000 13.76076 -16.87281 2.84128 4.54457 34.57851 -14.52987 -0.36607 -15.41101 1.24706 0.04348 3.69629 -1.34733 -366.90858 3.31360 -363.27348 -0.95135 2.21160 -4.48353 2.93016 0.89192 -2.29617 4.01057 -8.57443 2.91980 -8.98878 29.13810 6.85985 -2.43964 11.14107 2.84771 0.00000 0.00000 -0.00000 286.52895 16.38543 -392.11723 29.59859 -16.93959 -58.81449 -0.00000 -45.69340 -0.00000 15.95195 20.00874 50.12514 -7.12502 -0.00000 0.00000 -0.90000 -0.70132 1162.92449 0.00000 0.00000 -0.00000 104.53059 35.40860 -22.75105 -35.08130 -32.06366 84.54780 0.00000 3.45414 -0.00000 -39.91940 5.48121 -6.51276 7.12502 -0.00000 -0.00000 -13.09789 -1.57835 -398.24861
-0.13085 0.97384 -0.13702 0.36833 6.53471 93.18147 -0.00000 0.00000 -0.00000 -382.91424 -19.76321 -365.02106 -17.36923 55.70132 32.24812 1.30418 -18.18720 1.37399 -0.18479 -7.59737 -2.78263 -0.00000 0.00000 -0.00000 13.86360 -13.33776 3.15836 2.78883 27.99279 -11.15522 -1.36124 -14.23895 -3.78419 0.03175 3.15932 -1.15114 -367.50670 0.09185 -363.30100 -0.27190 1.51810 -4.31309 3.78429 2.05091 -2.25747 2.70400 -8.50375 1.58551 -6.37908 29.11863 4.44624 -1.79750 10.90910 1.92342 0.00000 0.00000 -0.00000 288.63557 22.32725 -387.91032 32.18770 -21.75002 -67.31725 -0.00000 -42.32780 -0.00000 16.05334 20.49652 50.58668 -7.12502 -0.00000 0.00000 -0.56328 -0.44788 1163.48780 0.00000 0.00000 -0.00000 99.77391 36.99787 -21.07775 -35.03620 -31.68459 83.91171 0.00000 4.39977 -0.00000 -39.22780 5.02063 -6.11858 7.12502 -0.00000 -0.00000 -12.37916 -1.61320 -397.69086
-0.10836 0.98976 -0.14887 0.11110 6.94199 93.93717 -0.00000 0.00000 -0.00000 -384.63695 -14.25566 -369.97816 -7.08340 41.30393 18.65083 0.82231 -19.65514 -0.85150 -0.23567 -8.57035 -3.14441 -0.00000 0.00000 -0.00000 12.34879 -9.50004 2.14546 1.93498 23.71126 -9.19860 -1.30860 -11.45745 -5.82149 0.00828 1.61397 -0.58760 -366.32089 -0.03996 -362.71300 -0.15887 1.69290 -3.52930 3.25294 2.14020 -1.85708 2.32087 -8.31668 0.86665 -4.66178 27.14869 2.78035 -1.47686 10.05057 1.29805 0.00000 0.00000 -0.00000 290.76422 24.47563 -385.66281 34.25691 -27.62197 -77.15613 -0.00000 -39.73230 -0.00000 16.29822 20.41160 50.02499 -7.12502 -0.00000 0.00000 -0.50550 -0.39436 1162.95826 0.00000 0.00000 -0.00000 95.03393 38.40219 -17.80671 -35.00989 -31.48032 83.56954 0.00000 5.43150 -0.00000 -37.34729 4.04041 -5.27538 7.12502 -0.00000 -0.00000 -10.47166 -1.58293 -396.49966
-0.09008 0.99552 -0.16633 2.63103 7.15898 91.90174 -0.00000 0.00000 -0.00000 -384.61777 -4.97415 -368.07580 -2.13954 24.83193 9.69620 0.22670 -14.00627 -1.47443 -0.41916 -11.38517 -4.20305 -0.00000 0.00000 -0.00000 10.95993 -5.91654 1.80517 1.92805 23.67202 -9.18135 -0.89764 -9.33005 -5.00702 0.00068 -0.46375 0.16879 -364.44328 3.17426 -361.24090 -0.17721 1.80817 -1.74442 2.34201 0.20881 -0.89358 1.89589 -7.83692 0.02317 -1.81760 25.68454 0.81394 -0.81450 9.36262 0.63643 -0.00000 0.00000 -0.00000 294.40556 23.44268 -386.00303 35.15571 -32.80750 -85.80089 -0.00000 -39.45990 -0.00000 16.33073 21.02063 50.75678 -7.12502 -0.00000 0.00000 -0.13190 -0.10601 1163.78988 -0.00000 0.00000 -0.00000 92.52703 37.98836 -16.12833 -35.01336 -31.50665 83.61363 0.00000 5.21744 -0.00000 -35.50204 3.78866 -5.29213 7.12502 -0.00000 -0.00000 -8.69870 -1.32543 -396.40281
-0.07435 0.99466 -0.18498 1.88648 6.58227 90.42638 -0.00000 0.00000 -0.00000 -384.57665 -2.68601 -363.35761 -1.32707 19.87898 7.56231 0.83974 -16.32196 0.37708 -0.72166 -14.84399 -5.53559 -0.00000 0.00000 -0.00000 10.03477 -8.65671 3.29143 2.93030 28.61588 -11.45358 -0.50018 -8.28434 -2.54879 0.04973 -3.95254 1.44105 -363.19413 2.31583 -360.68956 0.52279 1.06332 -0.97441 2.34570 -0.14412 -0.49498 1.50989 -7.14721 -0.42054 0.68228 23.89593 -0.42116 -0.13082 8.59916 0.23938 -0.00000 0.00000 0.00000 300.25937 19.18747 -389.07415 35.26434 -35.31578 -90.08904 -0.00000 -40.14260 -0.00000 15.29340 21.31095 53.04210 -7.12502 -0.00000 0.00000 -0.39681 -0.34397 1165.91881 -0.00000 0.00000 0.00000 90.10771 38.26149 -13.32292 -34.94387 -31.00868 82.78106 0.00000 6.10877 -0.00000 -32.63343 3.93162 -6.11171 7.12502 -0.00000 -0.00000 -6.00673 -0.82592 -397.19963
-0.06375 0.99190 -0.20544 0.80072 6.53971 91.56255 -0.00000 0.00000 -0.00000 -384.96301 -1.69330 -358.48858 -0.64496 14.05560 5.22823 0.10810 -15.80275 -2.38004 -0.44244 -11.69132 -4.31944 -0.00000 0.00000 -0.00000 7.53396 -12.84002 2.63335 4.42648 34.19964 -14.32079 -0.12630 -6.24778 -0.17603 0.16031 -7.07981 2.59092 -362.77628 1.05973 -361.28222 1.69529 0.68494 -1.72573 3.30634 0.24329 -0.87483 0.33691 -6.82893 -0.62869 2.84160 21.14578 -1.07984 0.67932 7.63150 -0.05090 0.00000 0.00000 0.00000 305.34920 15.16209 -392.90720 35.22842 -36.64587 -92.41474 -0.00000 -41.58580 -0.00000 13.70986 21.85158 56.75767 -7.12502 -0.00000 0.00000 -0.65455 -0.64072 1169.38634 0.00000 0.00000 0.00000 88.57119 38.13952 -10.43399 -34.87355 -30.55570 82.02550 0.00000 9.36260 -0.00000 -31.30186 3.26521 -5.35142 7.12502 -0.00000 -0.00000 -4.66656 -0.72210 -396.22322
-0.05821 0.99155 -0.22436 -0.49240 6.60080 91.42880 -0.00000 0.00000 -0.00000 -386.23080 -1.92918 -357.97399 -0.48625 12.24521 4.53073 0.09415 -15.77538 -2.42934 -0.50384 -12.46009 -4.61295 -0.00000 0.00000 -0.00000 5.45509 -17.57766 3.03935 6.15454 39.11160 -17.21229 0.03797 -2.07905 1.39363 0.20197 -7.93962 2.90968 -362.56129 -0.20393 -361.48601 2.85348 0.44056 -1.96719 4.35063 0.75396 -0.99937 -0.01926 -6.16132 -0.83196 3.92555 17.04898 -1.52833 1.03446 6.20603 -0.32909 -0.00000 0.00000 -0.00000 307.03366 10.81760 -396.67985 35.25963 -35.76976 -90.87813 -0.00000 -35.01720 -0.00000 16.02321 25.14888 55.95030 -7.12502 -0.00000 0.00000 2.04760 2.01162 1169.47405 -0.00000 0.00000 -0.00000 90.38473 37.36041 -10.47997 -34.82951 -30.29197 81.58629 0.00000 12.91550 -0.00000 -30.96455 2.89852 -4.81727 7.12502 -0.00000 -0.00000 -4.30771 -0.71588 -395.58222
-0.05479 0.99099 -0.24105 -1.07645 6.39831 88.91668 -0.00000 0.00000 -0.00000 -386.84397 -3.26746 -356.70665 -0.56112 13.13341 4.87156 0.09779 -17.28200 -2.71900 -0.18808 -7.66417 -2.80741 -0.00000 0.00000 -0.00000 5.20427 -19.73200 5.71572 7.06554 41.26413 -18.62375 0.00695 0.31633 2.69435 0.09664 -5.50464 2.01012 -361.57187 -1.21770 -361.26429 3.66370 0.83722 -1.67220 4.60053 1.69826 -0.86117 -0.37060 -5.75995 -1.57986 4.90438 11.47976 -2.55752 1.32272 4.44391 -0.94719 -0.00000 0.00000 0.00000 306.36111 3.34494 -400.32845 35.22596 -33.81124 -87.50393 -0.00000 -32.69120 -0.00000 15.59205 28.64389 59.79476 -7.12502 -0.00000 0.00000 -4.16253 -3.64743 1346.15740 -0.00000 0.00000 0.00000 93.93131 36.73138 -12.42302 -34.77874 -30.00349 81.10638 0.00000 14.80630 -0.00000 -30.12798 2.44727 -4.20814 7.12502 -0.00000 -0.00000 -3.47248 -0.62330 -394.83639
-0.05006 0.98698 -0.25416 -1.34350 6.49836 84.27101 -0.00000 0.00000 -0.00000 -387.53429 -3.81843 -354.46148 -0.49792 12.38815 4.58541 0.61502 -18.43444 -1.17661 -0.05076 -3.99326 -1.45594 -0.00000 0.00000 -0.00000 5.97223 -20.72221 9.11865 7.49568 42.19922 -19.26993 0.05116 -0.35668 3.41428 0.08998 -5.31215 1.93939 -360.71991 -1.48385 -360.80727 3.89947 0.69053 -1.07447 4.38316 1.63048 -0.54773 -0.65020 -3.34032 -1.41886 6.59946 4.88423 -2.15171 2.13002 2.21791 -0.88446 -0.00000 0.00000 -0.00000 306.55711 -6.33300 -402.43304 34.88674 -30.63742 -82.16168 -0.00000 -36.05680 -0.00000 12.74921 28.81104 64.84997 -7.12502 -0.00000 0.00000 -3.64521 -2.73595 1341.84292 -0.00000 0.00000 -0.00000 97.49639 36.84751 -16.25949 -34.67554 -29.45897 80.20172 0.00000 16.57760 -0.00000 -27.94438 2.04957 -3.85706 7.12502 -0.00000 -0.00000 -1.37470 -0.25868 -394.34530
-0.04161 0.98751 -0.26322 -1.70775 5.10687 79.88510 -0.00000 0.00000 -0.00000 -386.43416 -3.63411 -352.89168 -0.43986 11.65786 4.30671 1.33409 -19.72185 0.82126 -0.00838 -1.62425 -0.59135 -0.00000 0.00000 -0.00000 8.45652 -19.82189 11.63876 6.90312 40.89823 -18.37659 0.13664 -1.27939 4.40030 0.03901 -3.50148 1.27613 -358.40547 -2.83457 -361.00022 4.60860 0.85660 -1.43143 3.77059 2.55098 -0.69562 -1.03987 -2.35811 -2.11741 6.97190 -0.47604 -2.77197 2.33759 0.37447 -1.32653 -0.00000 0.00000 0.00000 309.45654 -15.67597 -402.59145 33.70582 -25.70820 -73.97991 -0.00000 -38.02240 -0.00000 9.38293 28.15467 70.69978 -7.12502 -0.00000 0.00000 -2.45018 -1.52902 1336.94730 -0.00000 0.00000 0.00000 98.53782 37.00816 -18.97748 -34.49257 -28.59687 78.77173 0.00000 18.21450 -0.00000 -25.74901 1.82193 -3.77132 7.12502 -0.00000 -0.00000 0.71725 0.13726 -394.16716
-0.03500 0.98672 -0.27032 -2.87297 4.94996 74.45557 -0.00000 0.00000 -0.00000 -386.41163 -4.48097 -351.19686 -0.34358 10.32431 3.80174 2.27792 -20.43312 3.63728 -0.00003 0.10024 0.03648 -0.00000 0.00000 -0.00000 9.60510 -20.08272 14.73658 6.11179 39.00423 -17.14445 0.33494 -1.88870 7.03900 0.13756 -6.56163 2.39944 -356.73432 -4.00835 -361.03453 4.59697 0.03960 -1.55996 2.80457 2.32982 -0.73180 -0.72621 -1.15426 -2.81577 7.48413 -4.54902 -3.41655 2.55606 -1.07600 -1.75101 -0.00000 0.00000 0.00000 316.65299 -21.94802 -399.26149 31.48762 -20.27878 -64.77954 -0.00000 -38.87610 -0.00000 7.80662 26.70305 73.03317 -7.12502 -0.00000 0.00000 -0.98159 -0.56965 1335.12512 -0.00000 0.00000 0.00000 99.03454 36.53877 -22.32506 -34.30961 -27.82944 77.49993 0.00000 19.06190 -0.00000 -24.73620 1.94435 -4.21188 7.12502 -0.00000 -0.00000 1.66951 0.30603 -394.61576
-0.02754 0.98659 -0.27539 -4.06767 3.95231 70.27663 -0.00000 0.00000 -0.00000 -385.06067 -5.48953 -349.68409 -0.33285 10.16416 3.74141 3.00390 -21.22490 5.55761 -0.01361 2.06924 0.75349 -0.00000 0.00000 -0.00000 11.28826 -19.77447 15.76908 5.19756 36.54851 -15.65242 0.54414 -2.32785 9.07244 0.13134 -6.41230 2.34434 -354.53561 -5.00253 -361.39431 5.09791 -0.84858 -2.14357 2.06078 1.92024 -0.99841 -0.71829 -1.26821 -3.28235 7.91388 -6.50265 -3.88018 2.76693 -1.65415 -2.02010 0.00000 0.00000 -0.00000 323.61555 -25.01658 -395.40621 28.85768 -15.81228 -56.71481 -0.00000 -37.68980 -0.00000 6.98073 24.94788 73.81242 -7.12502 -0.00000 0.00000 0.60371 0.34378 1334.65819 0.00000 0.00000 -0.00000 96.76606 35.40487 -24.12156 -34.23543 -27.53892 77.01850 0.00000 18.48240 -0.00000 -24.74252 1.81756 -3.93708 7.12502 -0.00000 -0.00000 1.67044 0.31532 -394.31330
-0.02052 0.98721 -0.27685 -4.75455 3.10871 66.86455 -0.00000 0.00000 -0.00000 -383.92576 -6.11418 -349.16798 -0.39550 11.06473 4.08150 4.01995 -22.58013 7.84011 -0.04565 3.78729 1.38061 -0.00000 0.00000 -0.00000 12.98169 -18.68795 16.16333 4.34984 33.94973 -14.18400 0.74873 -3.27635 9.89914 0.06006 -4.34293 1.58393 -353.63190 -6.66711 -361.69547 5.91252 -1.05982 -2.73717 2.32766 2.62580 -1.26332 -0.43087 -1.11136 -3.29500 7.79429 -8.88940 -3.71986 2.76270 -2.48236 -1.99084 0.00000 0.00000 -0.00000 328.33371 -26.90764 -394.22424 26.04281 -12.17192 -49.50337 -0.00000 -34.31740 -0.00000 6.88888 24.49382 73.75345 -7.12502 -0.00000 0.00000 0.98813 0.56518 1334.76513 0.00000 0.00000 -0.00000 92.84707 32.61525 -23.47450 -34.23326 -27.53059 77.00469 0.00000 18.63370 -0.00000 -25.41196 2.21229 -4.64520 7.12502 -0.00000 -0.00000 1.01177 0.17618 -395.12286
-0.01557 0.98777 -0.27695 -4.63536 2.36740 64.32152 -0.00000 0.00000 -0.00000 -383.31781 -5.82496 -348.87666 -0.45783 11.88911 4.39479 5.06169 -23.80303 10.03014 -0.06357 4.46758 1.62959 -0.00000 0.00000 -0.00000 14.11130 -16.72442 16.72085 3.72204 31.77072 -13.02720 0.97093 -4.54249 10.34596 0.05519 -4.16351 1.51824 -352.63899 -7.76827 -362.01147 6.00970 -1.14888 -3.34189 1.79405 3.09007 -1.53797 0.47245 -1.14740 -3.15475 7.75359 -10.34986 -3.39850 2.62615 -3.00082 -1.88479 -0.00000 0.00000 0.00000 330.36137 -29.77924 -395.98573 22.88990 -8.96919 -42.35337 -0.00000 -31.31450 -0.00000 6.57193 23.62295 73.95984 -7.12502 -0.00000 0.00000 1.75840 1.00231 1334.67462 -0.00000 0.00000 0.00000 90.70004 29.27524 -22.16550 -34.29995 -27.79098 77.43620 0.00000 18.46590 -0.00000 -25.65584 1.94107 -4.03376 7.12502 -0.00000 -0.00000 0.79844 0.14864 -394.45504
-0.01257 0.98733 -0.27588 -4.59871 1.79254 62.82456 -0.00000 0.00000 -0.00000 -383.03783 -5.38435 -349.69204 -0.51195 12.55778 4.65038 6.11133 -24.83764 12.17701 -0.14133 6.65035 2.43219 -0.00000 0.00000 -0.00000 14.96968 -15.40698 16.81912 3.32285 30.24496 -12.25238 1.17052 -5.76890 10.61914 0.03966 -3.53081 1.28685 -352.44361 -8.83129 -362.41262 6.31802 -1.38025 -3.99546 1.91021 3.43012 -1.84724 1.00790 -1.24609 -3.11482 7.78722 -11.91314 -3.19905 2.58878 -3.54269 -1.83481 -0.00000 0.00000 -0.00000 329.78871 -32.75148 -399.34099 19.75351 -6.44323 -35.83047 -0.00000 -26.42400 -0.00000 6.48253 23.04857 73.81590 -7.12502 -0.00000 0.00000 2.23597 1.28520 1334.87492 -0.00000 0.00000 -0.00000 88.95652 26.24465 -20.86475 -34.45392 -28.42795 78.49175 0.00000 17.89590 -0.00000 -26.18445 2.04833 -4.15741 7.12502 -0.00000 -0.00000 0.29093 0.05333 -394.61354
-0.01165 0.98713 -0.27426 -4.48996 1.30087 61.44613 -0.00000 0.00000 -0.00000 -382.36700 -5.38470 -349.19512 -0.56573 13.18594 4.89179 6.45632 -25.30125 12.71677 -0.17258 7.34394 2.68870 -0.00000 0.00000 -0.00000 15.93129 -14.68865 17.17853 3.18941 29.70667 -11.98532 1.31281 -6.56938 10.86568 0.05965 -4.32795 1.57845 -352.19562 -9.44405 -362.65298 6.40921 -1.81775 -4.36177 1.82651 3.28862 -2.02955 1.27884 -0.74031 -3.10546 8.21897 -14.57300 -2.88469 2.48292 -4.11624 -1.79652 0.00000 0.00000 -0.00000 327.86090 -35.24823 -403.13149 17.25017 -4.80219 -30.90593 -0.00000 -20.17790 -0.00000 6.20690 23.21572 74.57602 -7.12502 -0.00000 0.00000 2.17453 1.21384 1334.15696 0.00000 0.00000 -0.00000 89.39580 22.77204 -19.31086 -34.55808 -28.89285 79.26244 0.00000 18.35000 -0.00000 -26.41881 2.01453 -4.04732 7.12502 -0.00000 -0.00000 0.07131 0.01322 -394.50001
-0.01205 0.98654 -0.27226 -4.74645 0.91412 60.39683 -0.00000 0.00000 -0.00000 -381.75625 -5.39312 -349.37587 -0.57579 13.29978 4.93569 6.90724 -25.27886 14.02310 -0.12234 6.18997 2.26236 -0.00000 0.00000 -0.00000 16.77204 -14.14642 17.86186 3.01351 28.97302 -11.62633 1.46630 -7.04689 11.40101 0.04147 -3.61024 1.31588 -351.73469 -10.48752 -362.71031 6.44915 -2.14126 -4.57336 1.56499 3.48489 -2.12042 1.38854 -0.59197 -3.13014 8.53463 -17.91067 -2.54319 2.61250 -5.17876 -1.72744 0.00000 0.00000 -0.00000 324.14476 -38.03626 -408.05158 14.99802 -3.56881 -26.63018 -0.00000 -15.10370 -0.00000 5.70759 23.41088 75.88011 -7.12502 -0.00000 0.00000 2.13840 1.13516 1332.94881 0.00000 0.00000 -0.00000 90.10159 20.84693 -18.77867 -34.65066 -29.33480 79.99561 0.00000 18.23350 -0.00000 -27.04339 2.06229 -4.03235 7.12502 -0.00000 -0.00000 -0.52324 -0.09691 -394.50784
-0.01363 0.98666 -0.27022 -5.78932 0.83203 59.52026 -0.00000 0.00000 -0.00000 -380.85033 -6.06001 -349.12697 -0.50649 12.49203 4.62519 7.04682 -24.86101 14.87755 -0.12643 6.29193 2.29994 -0.00000 0.00000 -0.00000 17.99338 -14.68707 18.99026 2.90264 28.49568 -11.39573 1.51359 -7.18720 11.56185 0.02359 -2.72361 0.99211 -351.08273 -11.95940 -362.55959 6.53306 -2.81726 -4.54831 1.28466 3.53645 -2.09634 0.77488 0.29537 -2.92945 9.41590 -22.38268 -1.65484 3.03244 -6.76739 -1.42553 -0.00000 0.00000 -0.00000 316.86206 -41.28561 -414.88153 13.07022 -2.67743 -23.05999 -0.00000 -8.48692 -0.00000 5.35576 24.57440 77.29640 -7.12502 -0.00000 0.00000 1.25209 0.62583 1331.55316 -0.00000 0.00000 -0.00000 90.51559 20.00669 -18.50054 -34.67911 -29.47701 80.23166 0.00000 18.27530 -0.00000 -27.06652 2.03136 -3.96817 7.12502 -0.00000 -0.00000 -0.54299 -0.10126 -394.43668
-0.01595 0.98642 -0.26782 -6.13783 0.58479 59.73011 -0.00000 0.00000 -0.00000 -380.43312 -5.81726 -350.01913 -0.47447 12.09897 4.47486 7.39341 -25.19319 15.51300 -0.17928 7.48407 2.74062 -0.00000 0.00000 -0.00000 18.68547 -14.50899 19.25560 2.81506 28.10987 -11.21099 1.58737 -8.10563 11.31075 0.00249 -0.88557 0.32235 -351.13897 -13.17591 -362.69602 6.58640 -3.09020 -4.84591 1.29332 3.90608 -2.22597 0.53551 0.47070 -2.87250 9.46832 -26.62158 -1.08558 3.14152 -8.24394 -1.21504 0.00000 0.00000 -0.00000 313.31155 -42.22145 -417.67988 12.53351 -2.45458 -22.07830 -0.00000 -2.59296 -0.00000 4.81562 25.14430 78.78514 -7.12502 -0.00000 0.00000 0.86833 0.40784 1330.15691 0.00000 0.00000 -0.00000 90.32795 19.76612 -18.13640 -34.68867 -29.52555 80.31226 0.00000 18.18610 -0.00000 -27.03885 1.97407 -3.86122 7.12502 -0.00000 -0.00000 -0.51284 -0.09676 -394.31543
-0.01842 0.98676 -0.26559 -6.47939 0.49056 59.96463 -0.00000 0.00000 -0.00000 -379.68960 -6.54539 -349.75479 -0.51242 12.56340 4.65254 7.09207 -25.10992 14.73493 -0.22142 8.30978 3.04734 -0.00000 0.00000 -0.00000 19.11108 -14.58602 19.25291 2.74893 27.81326 -11.06996 1.69667 -8.77765 11.44047 0.02021 -2.52144 0.91836 -350.92132 -13.56295 -362.65612 6.43142 -3.95179 -4.74754 1.06738 3.17114 -2.20426 -0.26878 0.95351 -2.93406 9.18955 -29.94137 -0.92528 3.29629 -9.50954 -1.08019 0.00000 0.00000 -0.00000 311.03039 -41.80216 -418.88828 12.87257 -2.59411 -22.69791 -0.00000 -1.37324 -0.00000 4.10951 28.00060 81.29915 -7.12502 -0.00000 0.00000 -1.52485 -0.63776 1327.69151 0.00000 0.00000 -0.00000 90.39871 19.59140 -19.04279 -34.71946 -29.68456 80.57634 0.00000 18.02670 -0.00000 -26.73862 1.74150 -3.45206 7.12502 -0.00000 -0.00000 -0.21419 -0.04223 -393.84568
-0.02136 0.98662 -0.26274 -6.04510 -0.16480 60.04041 -0.00000 0.00000 -0.00000 -378.87741 -6.02407 -349.69390 -0.53817 12.86823 4.76953 7.01791 -25.19882 14.42499 -0.23524 8.56264 3.14153 -0.00000 0.00000 -0.00000 19.86699 -13.48754 19.31824 2.68071 27.50231 -10.92300 1.75150 -9.60656 11.22632 0.00170 -0.73210 0.26648 -350.84056 -13.33860 -362.41108 6.45371 -4.17786 -4.36895 1.12471 2.82560 -2.02971 -1.70246 1.89134 -2.89202 8.98648 -34.05843 -0.60204 3.64194 -11.26862 -0.76596 0.00000 0.00000 0.00000 313.75503 -37.93202 -412.92596 17.16327 -4.75051 -30.73849 -0.00000 -13.37170 -0.00000 1.71104 31.94686 86.76879 -7.12502 -0.00000 0.00000 -4.98673 -1.60150 1322.76026 0.00000 0.00000 0.00000 90.03251 18.84799 -19.34394 -34.77368 -29.97558 81.05998 0.00000 17.67370 -0.00000 -27.20990 1.78957 -3.47580 7.12502 -0.00000 -0.00000 -0.66265 -0.13015 -393.88835
-0.02580 0.98608 -0.26009 -5.11401 -0.43579 59.94186 -0.00000 0.00000 -0.00000 -378.90367 -5.35602 -350.10171 -0.59337 13.49638 5.01159 7.29877 -25.55263 14.84485 -0.31372 9.87177 3.63144 -0.00000 0.00000 -0.00000 19.79644 -12.41550 18.86617 2.58353 27.05023 -10.71094 1.88168 -10.34595 11.43418 0.00112 -0.59347 0.21601 -351.28769 -12.52958 -361.71280 6.21718 -4.11236 -3.29719 1.27827 2.53010 -1.51945 -3.26702 2.12288 -3.11340 8.44628 -38.62667 -0.72391 4.05399 -13.25427 -0.46942 -0.00000 0.00000 -0.00000 309.18854 -33.28899 -408.93647 24.31807 -10.32550 -45.50092 -0.00000 -24.78350 -0.00000 -0.13225 -35.54509 -90.22749 -7.12502 -0.00000 0.00000 -8.37941 -2.23769 1319.84606 -0.00000 0.00000 -0.00000 89.95500 16.86309 -20.20839 -34.84658 -30.39255 81.75374 0.00000 17.10130 -0.00000 -28.14398 1.89007 -3.52814 7.12502 -0.00000 -0.00000 -1.55200 -0.30232 -393.97989
-0.03156 0.98658 -0.25695 -4.47344 -1.07708 61.41157 -0.00000 0.00000 -0.00000 -378.21465 -5.09783 -350.69581 -0.68783 14.50219 5.40205 7.06822 -25.50821 14.24028 -0.32670 10.07114 3.70640 -0.00000 0.00000 -0.00000 20.02938 -11.05778 17.67592 2.36479 25.99070 -10.22109 1.84609 -11.66214 10.68885 0.01544 -2.20375 0.80252 -351.37518 -11.99295 -360.77083 4.95220 -3.90210 -1.99229 0.16185 2.48028 -0.89705 -2.53457 0.94201 -3.58169 7.45621 -41.94788 -0.99725 3.75979 -14.61885 -0.40693 0.00000 0.00000 0.00000 304.56315 -25.06009 -403.88102 31.34958 -20.00656 -64.30486 -0.00000 -31.49010 -0.00000 -1.25969 -38.40514 -92.02725 -7.12502 -0.00000 0.00000 -11.12762 -2.70178 1318.47676 0.00000 0.00000 0.00000 91.30141 14.24450 -20.69890 -34.80244 -30.13622 81.32712 0.00000 16.80160 -0.00000 -27.89520 2.21284 -4.17174 7.12502 -0.00000 -0.00000 -1.34061 -0.24368 -394.69965
-0.03791 0.98478 -0.25278 -3.48620 -1.56450 62.89069 -0.00000 0.00000 -0.00000 -377.82379 -4.16056 -351.23158 -0.69849 14.61080 5.44444 6.80533 -25.03777 13.98330 -0.27980 9.32958 3.42807 -0.00000 0.00000 -0.00000 20.04820 -9.36524 16.72742 2.12965 24.77932 -9.67263 1.60490 -13.47026 9.14761 0.09529 -5.46618 1.99599 -352.33319 -11.18694 -360.18654 3.76962 -3.64618 -1.04611 -0.44136 2.37165 -0.45146 -2.79735 0.97426 -3.68617 7.31690 -44.61327 -0.69882 3.87766 -16.08409 -0.05569 0.00000 0.00000 0.00000 300.24756 -16.08792 -397.27423 34.71260 -29.64876 -80.51686 -0.00000 -32.82120 -0.00000 1.78720 40.81854 87.26707 -7.12502 -0.00000 0.00000 -13.16962 -4.11881 1322.06434 0.00000 0.00000 0.00000 92.10522 14.66625 -21.09118 -34.76851 -29.94719 81.01276 0.00000 16.58200 -0.00000 -27.49770 2.26798 -4.34768 7.12502 -0.00000 -0.00000 -0.96861 -0.17287 -394.88156
-0.04283 0.98525 -0.24783 -3.49117 -1.39015 64.53138 -0.00000 0.00000 -0.00000 -377.73457 -4.09107 -352.32149 -0.66093 14.22375 5.29359 6.48584 -24.11259 14.03020 -0.17074 7.30493 2.67425 -0.00000 0.00000 -0.00000 20.06674 -8.51597 16.17850 1.85000 23.22411 -8.98519 1.23717 -14.84401 7.50629 0.11940 -6.11547 2.23491 -353.24201 -11.60291 -359.77133 2.12324 -3.77076 -0.40439 -1.58055 2.51041 -0.14936 -1.89323 0.96836 -3.50589 6.96680 -45.67098 -0.07559 3.41352 -16.76640 0.19938 0.00000 0.00000 0.00000 296.49470 -7.17127 -389.01143 35.16794 -37.51301 -93.95552 -0.00000 -33.78270 -0.00000 4.97637 43.36481 82.77288 -7.12502 -0.00000 0.00000 -15.39936 -5.79613 1325.13571 0.00000 0.00000 0.00000 93.58705 17.32178 -20.87128 -34.72222 -29.69902 80.60035 0.00000 16.82310 -0.00000 -27.86755 1.98498 -3.74802 7.12502 -0.00000 -0.00000 -1.29740 -0.24709 -394.21900
-0.04969 0.98547 -0.24196 -3.23118 -1.53623 66.38406 -0.00000 0.00000 -0.00000 -377.29660 -3.93815 -353.48269 -0.67368 14.35643 5.34524 6.19491 -23.70077 13.58731 -0.14395 6.71121 2.45467 -0.00000 0.00000 -0.00000 20.57392 -8.06397 15.75760 1.78687 22.85332 -8.82388 0.45230 -17.07730 4.64632 0.60461 -13.62040 5.05954 -354.85780 -11.55530 -359.36003 0.87333 -3.45256 0.32648 -1.89887 2.88112 0.21243 -2.20372 1.27040 -3.44299 6.50272 -46.03169 -0.04361 3.31377 -17.05657 0.42115 0.00000 0.00000 0.00000 289.20447 0.71785 -380.50275 33.89635 -43.31674 -104.99436 -0.00000 -37.34250 -0.00000 9.60178 44.74389 76.48703 -7.12502 -0.00000 0.00000 -16.64361 -7.74478 1329.26546 0.00000 0.00000 0.00000 94.66439 19.00378 -19.29388 -34.67875 -29.47519 80.22863 0.00000 16.82150 -0.00000 -28.45990 1.98716 -3.66029 7.12502 -0.00000 -0.00000 -1.85754 -0.35644 -394.14138
-0.05604 0.98522 -0.23580 -2.72597 -1.61472 68.40541 -0.00000 0.00000 -0.00000 -376.98775 -3.74571 -354.48606 -0.70624 14.68928 5.47509 5.96490 -23.34284 13.25675 -0.10731 5.79901 2.11839 -0.00000 0.00000 -0.00000 20.84437 -8.04006 15.07226 1.88609 23.43265 -9.07634 -0.08748 -18.46678 2.98967 0.80614 -15.66113 5.85672 -356.96597 -10.98882 -358.84583 -0.47104 -3.19402 1.29562 -2.00987 2.89833 0.68392 -2.40487 1.81826 -3.14468 5.73638 -45.15760 0.01088 2.97859 -16.66960 0.61177 0.00000 0.00000 0.00000 278.81988 6.09335 -370.90673 32.32165 -46.63111 -112.16842 -0.00000 -42.44290 -0.00000 17.71159 44.65840 65.56460 -7.12502 -0.00000 0.00000 -16.98431 -10.79347 1336.51374 0.00000 0.00000 0.00000 96.31784 20.33727 -18.28257 -34.57450 -28.96910 79.38890 0.00000 17.25590 -0.00000 -28.79900 1.82800 -3.32096 7.12502 -0.00000 -0.00000 -2.16641 -0.43048 -393.76674
-0.06192 0.98564 -0.22726 -2.69360 -1.83686 72.32617 -0.00000 0.00000 -0.00000 -376.32223 -3.89727 -356.55634 -0.74360 15.06106 5.62064 5.29601 -22.44545 12.05944 -0.02108 2.57509 0.93793 -0.00000 0.00000 -0.00000 21.15790 -7.89076 13.27028 1.78337 22.83252 -8.81486 -0.91729 -19.84209 0.60129 0.84767 -16.04556 6.00873 -359.81677 -11.50323 -358.72539 -1.82310 -2.53898 1.82789 -1.73756 3.85235 0.94470 -3.07294 3.00996 -2.50248 5.41407 -43.85658 0.57147 2.79002 -16.23195 1.00250 -0.00000 0.00000 -0.00000 267.84410 6.11095 -362.51261 31.99723 -47.15894 -113.39690 -0.00000 -53.53790 -0.00000 21.86158 41.36449 58.73689 -7.12502 -0.00000 0.00000 -14.69885 -11.52672 1342.29833 -0.00000 0.00000 -0.00000 98.83730 21.75350 -17.35913 -34.42909 -28.32152 78.31536 0.00000 17.81350 -0.00000 -28.83465 2.13336 -3.86823 7.12502 -0.00000 -0.00000 -2.22289 -0.41651 -394.39258
-0.06925 0.98511 -0.21646 -1.06059 -2.42860 77.05400 -0.00000 0.00000 -0.00000 -375.56558 -2.51033 -358.43378 -0.78520 15.46313 5.77866 4.52871 -21.49010 10.45505 -0.00437 -1.17283 -0.42694 -0.00000 0.00000 -0.00000 21.65991 -6.41802 10.75831 1.74749 22.61799 -8.72200 -1.91734 -21.04402 -2.13978 0.76971 -15.31475 5.72027 -363.04606 -9.84998 -358.15378 -3.06036 -0.99538 3.00048 -1.05934 4.48340 1.48051 -3.72357 2.88819 -2.54330 2.33449 -42.15547 -0.90173 2.03169 -15.22446 0.91130 0.00000 0.00000 0.00000 261.57877 4.42365 -355.19943 33.64449 -43.96665 -106.33733 -0.00000 -72.98720 -0.00000 22.71794 38.14676 55.86964 -7.12502 -0.00000 0.00000 -12.31645 -10.81642 1345.67950 0.00000 0.00000 0.00000 102.35831 22.26910 -17.28879 -34.17324 -27.30315 76.62772 0.00000 17.79690 -0.00000 -28.78785 2.06968 -3.76040 7.12502 -0.00000 -0.00000 -2.17371 -0.41220 -394.26772
-0.07806 0.98528 -0.20411 0.22728 -2.32836 82.78973 -0.00000 0.00000 -0.00000 -375.40749 -2.17977 -361.21679 -0.90446 16.55478 6.21108 3.70523 -20.50581 8.50368 -0.12038 -6.14051 -2.24413 -0.00000 0.00000 -0.00000 21.47491 -5.61683 7.46430 1.64481 21.98886 -8.45144 -2.85490 -22.11566 -4.51668 0.41364 -11.31132 4.17501 -366.26121 -7.57676 -357.85627 -4.71454 0.73249 3.78630 -0.91449 4.93229 1.81417 -2.99601 1.59730 -2.38520 -1.79441 -40.42346 -1.92925 0.46824 -14.10471 0.90571 0.00000 0.00000 0.00000 262.69616 5.35828 -350.84445 35.23067 -36.60241 -92.33805 -180.00000 -81.61140 -180.00000 22.63457 30.65953 50.72756 -7.12502 -0.00000 0.00000 7.87658 6.96851 1166.24967 0.00000 0.00000 0.00000 105.43112 27.27762 -16.95742 -33.42518 -24.86368 72.57235 0.00000 17.41540 -0.00000 -29.06562 2.25283 -4.04547 7.12502 -0.00000 -0.00000 -2.45104 -0.44994 -394.60433
-0.08770 0.98757 -0.19221 -0.92341 -2.93734 87.02052 -0.00000 0.00000 -0.00000 -373.96019 -4.21194 -364.02914 -0.94237 16.88488 6.34285 2.84987 -19.11691 6.54144 -0.23321 -8.52592 -3.12785 -0.00000 0.00000 -0.00000 22.74247 -6.82561 6.19883 1.44847 20.71700 -7.91225 -3.51518 -21.85466 -6.78155 0.20734 -8.04366 2.94834 -367.39144 -6.57129 -357.60224 -6.03577 1.71947 4.35105 -1.60309 5.42454 2.08845 2.89543 -4.54126 -2.82352 -12.15544 -33.36911 -4.87082 -3.95827 -10.18304 -0.41614 0.00000 0.00000 0.00000 266.16348 13.88091 -352.07581 34.51375 -28.69120 -78.92811 -180.00000 -76.15700 -180.00000 21.81369 25.46854 47.05329 -7.12502 -0.00000 0.00000 5.01474 3.75907 1161.76533 0.00000 0.00000 0.00000 105.64386 38.81497 -14.77891 -31.91486 -21.15728 66.30012 0.00000 17.79540 -0.00000 -27.00110 1.46437 -2.87113 7.12502 -0.00000 -0.00000 -0.44697 -0.09336 -393.20236
-0.09606 0.98934 -0.17963 -1.44483 -3.05602 88.95681 -0.00000 0.00000 -0.00000 -373.36330 -4.59052 -366.39938 -0.87927 16.33112 6.12206 2.63884 -17.87557 6.71836 -0.30284 -9.70137 -3.56745 -0.00000 0.00000 -0.00000 23.61859 -6.90563 5.88593 1.21133 19.03739 -7.21487 -3.77196 -21.32143 -8.04125 0.07729 -4.92468 1.79716 -368.76502 -3.99038 -356.95662 -7.24719 1.85707 5.13688 -2.17638 4.10089 2.53518 2.70543 -2.63743 -2.33270 -13.53507 -32.43931 -4.58761 -4.41118 -10.17158 -0.11688 0.00000 0.00000 0.00000 268.84199 21.77348 -356.59958 32.53008 -22.53436 -68.65363 -180.00000 -75.59300 -180.00000 19.45936 20.97307 45.37124 -7.12502 -0.00000 0.00000 1.39602 0.94074 1158.96854 0.00000 0.00000 0.00000 102.27690 51.70037 -8.21329 -29.39872 -16.62701 58.23740 0.00000 19.36450 -0.00000 -19.88895 0.17687 -0.48887 7.12502 -0.00000 -0.00000 6.23983 1.62150 -390.49019
-0.10404 0.98947 -0.16861 -2.26396 -3.40585 89.96786 -0.00000 0.00000 -0.00000 -372.51758 -5.65148 -368.17253 -0.86291 16.18405 6.06365 2.48297 -16.71136 7.06537 -0.35550 -10.49927 -3.86771 -0.00000 0.00000 -0.00000 24.36689 -8.39157 4.92328 1.14426 18.52836 -7.00657 -3.36926 -20.33286 -7.46157 0.03311 -3.22613 1.17554 -369.08169 -2.31970 -356.51314 -8.17292 2.31514 5.66987 -3.02121 3.70583 2.84815 2.88963 -3.40347 -1.65421 -15.95498 -27.86956 -3.97775 -5.28693 -8.33336 0.02641 -0.00000 0.00000 0.00000 270.18116 27.26304 -361.65890 30.68956 -18.77307 -62.13053 -180.00000 -76.59000 -180.00000 17.73401 17.66119 43.49187 -7.12502 -0.00000 0.00000 -1.43623 -0.87103 1156.22908 -0.00000 0.00000 0.00000 97.76789 56.40139 2.40191 -26.55325 -12.76846 50.73958 0.00000 22.79790 -0.00000 -10.48940 -1.09053 5.86906 7.12502 -0.00000 -0.00000 14.42283 5.62274 -384.14472
-0.11006 0.99082 -0.15786 -3.17122 -3.91747 91.25077 -0.00000 0.00000 -0.00000 -371.35749 -6.78491 -369.36178 -0.80962 15.69375 5.86959 2.20465 -15.70494 6.70458 -0.42833 -11.50681 -4.24926 -0.00000 0.00000 -0.00000 25.35196 -9.66545 4.24875 1.05405 17.81614 -6.71733 -3.22756 -19.66602 -7.49973 0.00156 -0.70187 0.25547 -368.88899 -0.71646 -356.24571 -8.57201 2.82107 5.90316 -3.62032 3.39919 3.00215 2.69877 -3.68979 -1.32684 -18.41101 -22.80540 -3.61949 -6.02509 -6.56136 0.00899 0.00000 0.00000 -0.00000 271.40429 31.77868 -367.26726 28.61827 -15.46546 -56.05803 -180.00000 -83.95020 -180.00000 12.38155 11.23698 41.59453 -7.12502 -0.00000 0.00000 -8.49244 -4.41100 1152.25234 0.00000 0.00000 -0.00000 99.43357 54.29294 7.21505 -24.45118 -10.45944 45.80132 0.00000 21.98320 -0.00000 -14.57954 -1.19288 4.57616 7.12502 -0.00000 -0.00000 10.84187 3.93041 -385.30753
-0.11336 0.99131 -0.14892 -4.52722 -3.97218 92.04075 -0.00000 0.00000 -0.00000 -370.83104 -7.96163 -370.37947 -0.71011 14.72829 5.49034 2.02703 -14.62966 6.84003 -0.52949 -12.76634 -4.73040 -0.00000 0.00000 -0.00000 25.81529 -11.25141 4.10613 1.00791 17.43840 -6.56494 -3.09498 -19.52793 -7.12532 0.02085 2.56068 -0.93267 -369.19945 0.42391 -355.89189 -8.31530 2.75414 6.17163 -3.27649 2.62831 3.14102 3.09471 -1.72537 -0.93734 -21.13415 -17.58877 -3.03843 -6.96695 -5.21892 0.07899 -0.00000 0.00000 0.00000 272.51092 34.30178 -373.68917 26.63798 -12.86992 -50.94742 -180.00000 -88.41470 -180.00000 12.31953 11.54002 42.49037 -7.12502 -0.00000 0.00000 -8.28579 -4.47589 1153.18563 -0.00000 0.00000 0.00000 101.68415 52.76040 7.45400 -23.17828 -9.23163 42.97849 0.00000 20.99040 -0.00000 -23.70882 -2.23076 5.06516 7.12502 -0.00000 -0.00000 2.49366 0.93545 -384.45006
-0.11629 0.99138 -0.14255 -5.36175 -3.64627 92.42658 -0.00000 0.00000 -0.00000 -370.79013 -8.71628 -370.55941 -0.63211 13.91860 5.17505 1.80392 -13.71161 6.54914 -0.80847 -15.68300 -5.86535 -0.00000 0.00000 -0.00000 25.80196 -12.66011 4.13529 1.05788 17.84703 -6.72982 -2.99258 -19.26148 -6.96085 0.05049 3.98274 -1.45209 -369.62669 1.35311 -355.65979 -7.74435 3.26043 6.36313 -2.47891 2.52642 3.20180 3.28166 -0.71732 0.16243 -22.30232 -10.66491 -0.74681 -7.43009 -3.03367 0.70169 -0.00000 0.00000 0.00000 272.84737 33.06845 -380.72124 24.45303 -10.46130 -45.80549 -0.00000 -85.17260 -0.00000 12.06081 12.41255 45.17153 -7.12502 -0.00000 0.00000 -7.71141 -4.66049 1155.96573 -0.00000 0.00000 0.00000 101.24436 52.12687 7.47126 -22.23181 -8.39059 40.94464 0.00000 21.20160 -0.00000 -23.93647 -2.83452 6.35667 7.12502 -0.00000 -0.00000 2.21316 0.89349 -383.02606
-0.11985 0.99135 -0.13747 -5.68207 -3.21209 93.49161 -0.00000 0.00000 -0.00000 -371.10727 -9.16464 -370.92242 -0.57866 13.33208 4.94815 1.52584 -12.81475 5.83273 -0.92314 -16.71834 -6.27631 -0.00000 0.00000 -0.00000 25.48129 -13.92085 3.98488 1.19292 18.89932 -7.15824 -3.12255 -19.42188 -7.31433 0.08971 5.30424 -1.93649 -369.72210 2.99952 -355.95345 -7.09809 4.26933 5.82389 -1.82028 2.60109 2.90238 3.60928 -1.98573 1.21226 -22.48528 -2.06150 2.11801 -7.48070 0.05561 1.36948 0.00000 0.00000 0.00000 273.66913 31.34189 -385.74723 23.18365 -9.23658 -42.99019 -0.00000 -79.55600 -0.00000 12.09936 12.36072 44.95935 -7.12502 -0.00000 0.00000 -7.73749 -4.63590 1155.74633 0.00000 0.00000 0.00000 100.34151 50.07344 7.79698 -20.72779 -7.16748 37.80836 0.00000 21.86140 -0.00000 -23.10364 -2.89457 6.75073 7.12502 -0.00000 -0.00000 2.93905 1.20986 -382.64464
-0.12464 0.99126 -0.13510 -5.82215 -2.86059 94.91722 -0.00000 0.00000 -0.00000 -371.66168 -9.66477 -371.58251 -0.55569 13.07115 4.84758 1.27315 -12.05931 5.00495 -1.01257 -17.47704 -6.58050 -0.00000 0.00000 -0.00000 24.90204 -14.98583 3.39565 1.27522 19.50743 -7.40844 -3.31911 -19.63512 -7.86339 0.11744 6.06530 -2.21642 -368.81030 5.19704 -356.44637 -6.36129 5.38074 4.99141 -1.64978 2.56973 2.49470 4.45332 -2.26764 1.71330 -22.83020 4.72580 4.06058 -7.62266 2.32088 1.84859 -0.00000 0.00000 -0.00000 277.70506 32.17363 -389.33376 22.71630 -8.81385 -41.97940 -0.00000 -73.11860 -0.00000 11.78540 12.35142 45.71349 -7.12502 -0.00000 0.00000 -7.86336 -4.84295 1156.43695 -0.00000 0.00000 -0.00000 99.95566 45.17005 8.01435 -18.81529 -5.79253 33.96027 0.00000 22.01420 -0.00000 -24.63605 -1.89103 4.11567 7.12502 -0.00000 -0.00000 1.69377 0.60157 -385.45239
-0.12915 0.99114 -0.13300 -6.80025 -2.66043 95.28259 -0.00000 0.00000 -0.00000 -371.96509 -11.13929 -372.00161 -0.56552 13.18360 4.89089 1.14090 -11.40224 4.75338 -1.10486 -18.22138 -6.88159 -0.00000 0.00000 -0.00000 24.73489 -16.41374 3.71497 1.29188 19.62772 -7.45818 -3.38912 -19.47488 -8.26491 0.10332 5.69089 -2.07861 -368.16865 6.52466 -356.61002 -5.13237 6.42951 4.69577 -0.74497 2.87827 2.31473 3.36507 -2.95718 1.98543 -21.08145 10.67141 5.49864 -6.70548 4.29122 2.16064 -0.00000 0.00000 0.00000 283.50910 33.11120 -393.50745 21.43024 -7.72220 -39.25968 -0.00000 -65.40270 -0.00000 10.92566 11.03259 44.75156 -7.12502 -0.00000 0.00000 -9.24739 -5.41169 1155.08201 -0.00000 0.00000 0.00000 98.42588 37.98010 8.81193 -16.84691 -4.56527 30.13077 0.00000 23.55700 -0.00000 -27.26596 -2.08548 4.03884 7.12502 -0.00000 -0.00000 -0.70481 -0.25050 -385.43524
-0.13425 0.99129 -0.13250 -7.85809 -2.41678 95.01764 -0.00000 0.00000 -0.00000 -372.18899 -12.51602 -371.82152 -0.52652 12.73132 4.71695 1.15574 -11.51919 4.74492 -0.55916 -13.11094 -4.86290 -0.00000 0.00000 -0.00000 24.56987 -17.55539 4.41674 1.24410 19.28022 -7.31472 -3.29321 -19.02681 -8.30487 0.13322 6.45773 -2.36109 -367.50237 8.18632 -356.79127 -3.92358 7.41524 4.37021 0.09337 2.95825 2.13969 1.94948 -4.37283 2.49965 -18.37679 17.09228 7.20770 -5.31736 6.56179 2.61152 -0.00000 0.00000 0.00000 288.63376 33.42846 -395.45064 20.02740 -6.64170 -36.38261 -0.00000 -52.34380 -0.00000 10.25867 10.01298 43.85142 -7.12502 -0.00000 0.00000 -10.35232 -5.78184 1153.87580 -0.00000 0.00000 0.00000 95.29568 32.95221 10.96253 -14.94296 -3.54131 26.52716 0.00000 24.58820 -0.00000 -28.95987 -1.57781 2.84844 7.12502 -0.00000 -0.00000 -2.23222 -0.73754 -386.72527
-0.14057 0.99204 -0.13295 -8.62392 -2.06386 94.61001 -0.00000 0.00000 -0.00000 -372.54816 -13.67008 -371.41599 -0.49683 12.37494 4.58036 1.02512 -10.74412 4.56710 -0.70542 -14.68105 -5.47188 -0.00000 0.00000 -0.00000 24.32983 -18.09813 5.25539 1.14246 18.51446 -7.00090 -3.18984 -18.23977 -8.63566 0.16901 7.26815 -2.66063 -366.93269 10.96951 -356.91967 -2.80247 8.14991 4.02795 0.79663 2.18908 1.99527 3.08821 -4.11810 2.08910 -18.15050 22.50821 7.66396 -5.38222 8.31142 2.70965 0.00000 0.00000 -0.00000 291.45646 33.68548 -394.28143 18.43871 -5.54366 -33.21830 -0.00000 -38.05330 -0.00000 12.89550 12.47229 43.32886 -7.12502 -0.00000 0.00000 -7.31870 -4.13239 1154.29560 0.00000 0.00000 -0.00000 92.22946 28.95039 12.93133 -13.55177 -2.88659 23.94509 0.00000 27.03720 -0.00000 -28.62742 -2.36632 4.32573 7.12502 -0.00000 -0.00000 -1.95343 -0.70927 -385.05209
-0.14641 0.99190 -0.13605 -9.53725 -1.01598 94.48048 -0.00000 0.00000 -0.00000 -374.05654 -14.61714 -371.33980 -0.44423 11.71455 4.32829 0.91239 -9.94721 4.48954 -0.74281 -15.05330 -5.61759 -0.00000 0.00000 -0.00000 22.82337 -19.75750 5.34268 1.20699 19.00495 -7.20156 -2.99099 -17.75113 -8.28468 0.15267 6.91024 -2.52821 -366.65854 13.63474 -357.23811 -1.90806 9.05341 3.52359 1.48876 1.71633 1.76803 1.68962 -4.55039 1.71449 -15.03311 28.20752 7.80487 -4.01243 10.23320 2.69583 0.00000 0.00000 -0.00000 290.66722 31.84742 -392.48631 15.44643 -3.79731 -27.47165 -0.00000 -24.76500 -0.00000 14.68787 13.73242 42.16555 -7.12502 -0.00000 0.00000 -5.55615 -3.05063 1153.68193 0.00000 0.00000 -0.00000 86.76140 29.37206 16.52488 -12.83516 -2.57851 22.62945 0.00000 27.51450 -0.00000 -29.41311 -2.31577 4.09951 7.12502 -0.00000 -0.00000 -2.66451 -0.95604 -385.27583
-0.15153 0.99291 -0.13871 -10.95988 -0.93135 94.81089 -0.00000 0.00000 -0.00000 -374.44107 -16.88372 -370.75145 -0.43027 11.53239 4.25899 0.66962 -9.36200 3.11922 -0.55060 -13.01253 -4.82502 -0.00000 0.00000 -0.00000 22.68630 -21.18862 6.52778 1.17585 18.77018 -7.10535 -3.18040 -17.48963 -9.36004 0.14231 6.67319 -2.44062 -365.72766 16.07511 -357.83532 -0.72312 9.67711 2.76453 2.18797 1.12599 1.43287 1.21479 -3.59259 1.26936 -12.83472 32.43206 7.59804 -3.20120 11.53598 2.70441 0.00000 0.00000 0.00000 284.51341 24.01088 -390.60462 11.24700 -1.96336 -19.74395 -0.00000 -8.00245 -0.00000 14.95382 14.01935 42.20839 -7.12502 -0.00000 0.00000 -5.22453 -2.88360 1153.81841 0.00000 0.00000 0.00000 80.08089 32.76176 20.76786 -13.15446 -2.71338 23.21452 0.00000 26.00360 -0.00000 -28.76953 -1.94997 3.54623 7.12502 -0.00000 -0.00000 -2.06739 -0.71481 -385.93500
-0.15644 0.99329 -0.14376 -12.37748 -0.38356 94.33610 -0.00000 0.00000 -0.00000 -375.51421 -18.62091 -370.59098 -0.40441 11.18667 4.12772 0.54520 -8.39563 2.85714 -0.68914 -14.51557 -5.40727 -0.00000 0.00000 -0.00000 22.04006 -22.67486 7.77908 1.15236 18.59075 -7.03203 -3.06370 -16.65378 -9.76306 0.12713 6.30926 -2.30633 -364.87167 19.21974 -357.96344 -0.15644 9.90024 2.60426 2.20158 -0.23631 1.42650 1.34686 -2.59020 0.33029 -10.41559 36.69434 6.50472 -2.61446 12.96109 2.48715 0.00000 0.00000 0.00000 277.21766 15.22133 -388.52358 8.90293 -1.21788 -15.54848 -0.00000 4.85524 0.00000 15.74142 15.13885 42.81607 -7.12502 -0.00000 0.00000 -4.07224 -2.33366 1154.76702 0.00000 0.00000 0.00000 73.04006 36.01056 25.98697 -13.80941 -3.00213 24.42038 0.00000 23.74830 -0.00000 -28.55643 -1.73394 3.18227 7.12502 -0.00000 -0.00000 -1.86646 -0.62991 -386.35736
-0.15990 0.99385 -0.14892 -13.76914 0.06800 93.60936 -0.00000 0.00000 -0.00000 -376.38746 -19.81331 -370.79723 -0.34971 10.41460 3.83578 0.53202 -7.57798 3.45327 -0.39893 -11.11187 -4.09937 -0.00000 0.00000 -0.00000 21.60363 -23.66064 8.96446 1.04747 17.76285 -6.69579 -2.92997 -15.79897 -10.14431 0.15759 7.01999 -2.56879 -364.16429 21.69622 -358.10361 0.31297 10.39123 2.53692 2.25875 -0.93724 1.44510 1.31487 -1.47974 -0.49759 -8.51656 38.61011 5.12334 -2.24511 13.46608 2.12375 0.00000 0.00000 0.00000 275.11483 16.12710 -387.42346 9.27160 -1.32271 -16.20404 -0.00000 3.56074 0.00000 16.23627 15.95313 43.34427 -7.12502 -0.00000 0.00000 -3.28933 -1.94194 1155.52424 0.00000 0.00000 0.00000 65.54438 37.72501 33.36597 -13.95819 -3.07003 24.69543 0.00000 22.68830 -0.00000 -28.83376 -1.98900 3.60743 7.12502 -0.00000 -0.00000 -2.12712 -0.73849 -385.86281
-0.16220 0.99478 -0.15493 -15.05604 0.62626 92.38624 -0.00000 0.00000 -0.00000 -377.04993 -20.63207 -370.36697 -0.26756 9.12568 3.35176 0.48900 -6.63198 4.00436 -0.42343 -11.44205 -4.22465 -0.00000 0.00000 -0.00000 21.22278 -23.94741 10.43247 0.85075 16.07369 -6.01988 -2.71408 -14.50873 -10.71930 0.08850 5.26844 -1.92334 -363.66037 23.13194 -358.04475 0.47139 10.85276 2.73061 2.09578 -1.13899 1.57268 0.79688 -1.00793 -1.25473 -7.00097 39.60879 3.77705 -1.89739 13.74155 1.65945 -0.00000 0.00000 -0.00000 277.58868 24.31881 -388.87031 9.99712 -1.54240 -17.49855 -0.00000 -1.65435 -0.00000 15.93281 15.82005 43.68000 -7.12502 -0.00000 0.00000 -3.53192 -2.10734 1155.78502 -0.00000 0.00000 -0.00000 61.38196 36.63644 39.70375 -13.66013 -2.93488 24.14483 0.00000 23.18820 -0.00000 -28.12397 -1.94705 3.63724 7.12502 -0.00000 -0.00000 -1.47877 -0.51347 -385.85563
-0.16335 0.99560 -0.16110 -16.16349 0.87233 90.98404 -0.00000 0.00000 -0.00000 -377.19310 -21.23973 -369.91382 -0.20134 7.92741 2.90514 0.51050 -6.24025 4.83419 -0.40181 -11.15124 -4.11429 -0.00000 0.00000 -0.00000 21.18780 -23.91533 11.61822 0.65562 14.16808 -5.27194 -2.42582 -13.22607 -10.91505 0.05078 3.99393 -1.45619 -363.01976 23.71966 -357.96285 0.53696 10.93961 2.95303 1.76081 -1.32260 1.70130 -0.24522 -0.83871 -1.89142 -5.54934 40.49845 2.66183 -1.40285 14.07597 1.21274 -0.00000 0.00000 -0.00000 280.74991 32.49034 -392.25445 10.68910 -1.76873 -18.73916 -0.00000 -2.17204 -0.00000 15.36971 15.47978 44.15625 -7.12502 -0.00000 0.00000 -4.03774 -2.44088 1156.10394 -0.00000 0.00000 -0.00000 59.58264 34.68466 44.99529 -12.88739 -2.60031 22.72503 0.00000 24.69890 -0.00000 -28.62857 -1.95323 3.57289 7.12502 -0.00000 -0.00000 -1.93892 -0.67130 -385.90996
-0.16272 0.99580 -0.16645 -16.65073 0.83479 90.23781 -0.00000 0.00000 -0.00000 -377.14582 -21.91282 -369.06544 -0.19490 7.80060 2.85804 0.47968 -6.15198 4.52982 -0.37455 -10.77255 -3.97093 -0.00000 0.00000 -0.00000 21.19750 -23.12736 12.63155 0.50746 12.50383 -4.62971 -2.31009 -12.41036 -11.52937 0.00057 0.42274 -0.15387 -362.49644 23.81124 -358.01060 0.66154 10.73490 2.96939 1.59319 -1.58125 1.71455 -0.88249 -0.60600 -2.32738 -4.58258 41.03793 1.87305 -1.09569 14.26637 0.91178 -0.00000 0.00000 -0.00000 287.08305 40.38991 -399.21819 11.12213 -1.91885 -19.51869 -0.00000 -2.95033 -0.00000 14.60807 14.43319 43.72145 -7.12502 -0.00000 0.00000 -5.11521 -3.00393 1155.34579 -0.00000 0.00000 -0.00000 58.92090 33.98367 48.63636 -12.74933 -2.54290 22.47246 0.00000 24.61690 -0.00000 -27.26729 -1.90240 3.68524 7.12502 -0.00000 -0.00000 -0.69651 -0.24211 -385.83327
-0.16063 0.99627 -0.17074 -16.63777 0.59852 89.57338 -0.00000 0.00000 -0.00000 -376.91066 -21.81276 -369.01124 -0.20691 8.03539 2.94527 0.55442 -6.47551 5.07907 -0.37461 -10.77339 -3.97125 -0.00000 0.00000 -0.00000 21.47927 -22.73411 13.03933 0.48559 12.23696 -4.52758 -2.24037 -12.16219 -11.47602 0.00004 0.11893 -0.04329 -362.85258 23.33546 -357.78798 0.84617 10.47289 3.15109 1.94167 -1.66793 1.77473 -0.84995 -0.57581 -2.68675 -3.96735 41.46629 1.17808 -1.04832 14.45574 0.71037 -0.00000 0.00000 -0.00000 297.42146 46.28815 -410.10034 11.80044 -2.16735 -20.74506 -0.00000 -4.37272 -0.00000 13.57833 12.97238 42.90539 -7.12502 -0.00000 0.00000 -6.63717 -3.71108 1154.08474 -0.00000 0.00000 -0.00000 57.31043 35.41503 51.11001 -13.61333 -2.91397 24.05854 0.00000 21.85560 -0.00000 -27.46891 -1.73685 3.33659 7.12502 -0.00000 -0.00000 -0.87273 -0.29681 -386.21886
-0.15756 0.99632 -0.17455 -16.23104 0.61447 89.63441 -0.00000 0.00000 -0.00000 -377.17609 -21.43071 -368.48637 -0.21570 8.20279 3.00752 0.51859 -6.54200 4.49890 -0.39625 -11.07513 -4.08545 -0.00000 0.00000 -0.00000 21.16080 -22.52652 12.96550 0.55466 13.05935 -4.84304 -2.34632 -12.63476 -11.38120 0.00204 0.80154 -0.29176 -362.59494 22.74217 -358.05037 0.67023 10.11726 2.82367 1.67916 -1.73740 1.61333 -0.87801 -0.44811 -2.75786 -4.15205 41.96557 1.26413 -1.09672 14.68584 0.73486 -0.00000 0.00000 -0.00000 309.20575 48.64540 -421.71708 13.11723 -2.69746 -23.14621 -0.00000 -7.36646 -0.00000 12.57309 12.20383 43.46474 -7.12502 -0.00000 0.00000 -7.66385 -4.33418 1154.31956 -0.00000 0.00000 -0.00000 56.24693 38.20979 51.71997 -15.32818 -3.73625 27.24931 0.00000 19.06760 -0.00000 -26.75648 -1.96168 3.88409 7.12502 -0.00000 -0.00000 -0.23501 -0.08263 -385.62907
-0.15446 0.99616 -0.17743 -16.00614 0.47374 90.03462 -0.00000 0.00000 -0.00000 -377.36800 -21.09900 -368.43116 -0.21839 8.25327 3.02630 0.49617 -6.57454 4.16672 -0.35481 -10.48914 -3.86389 -0.00000 0.00000 -0.00000 21.04170 -22.43150 12.99557 0.62597 13.85262 -5.14946 -2.52385 -13.22738 -11.56205 0.00341 1.03667 -0.37736 -362.05528 21.78597 -358.47183 0.48410 9.76818 2.34822 1.29563 -1.60659 1.38283 -1.62480 -0.22220 -2.39630 -3.97649 41.80995 1.81873 -0.71396 14.57140 0.86667 0.00000 0.00000 0.00000 317.43358 47.75242 -430.31903 14.59172 -3.36880 -25.87152 -0.00000 -11.27130 -0.00000 14.57980 14.14944 43.22315 -7.12502 -0.00000 0.00000 -5.32417 -3.05793 1154.78779 0.00000 0.00000 0.00000 53.76912 41.02138 52.47197 -17.03577 -4.67532 30.49323 0.00000 15.73480 -0.00000 -27.25794 -1.90435 3.69048 7.12502 -0.00000 -0.00000 -0.68808 -0.23926 -385.82774
-0.15181 0.99606 -0.17923 -15.76300 0.27300 90.00071 -0.00000 0.00000 -0.00000 -377.13266 -20.82593 -367.78667 -0.21393 8.16927 2.99505 0.46997 -6.67588 3.71924 -0.34151 -10.29365 -3.79018 -0.00000 0.00000 -0.00000 21.15084 -21.86506 13.18066 0.62086 13.79749 -5.12810 -2.62387 -13.44178 -11.85352 0.00231 0.85334 -0.31061 -362.60642 21.11723 -358.37269 0.60273 9.48064 2.34658 1.72221 -1.60602 1.35191 -1.71412 -0.55672 -2.36476 -5.16298 42.19156 2.42935 -1.00247 14.87075 0.97322 -0.00000 0.00000 0.00000 319.71261 45.24838 -434.04225 16.12658 -4.15983 -28.75694 -0.00000 -13.24750 -0.00000 13.99626 13.46530 43.05148 -7.12502 -0.00000 0.00000 -6.08494 -3.44328 1154.39693 -0.00000 0.00000 0.00000 52.55646 42.95288 51.73642 -18.32729 -5.47134 32.99967 0.00000 13.94240 -0.00000 -27.53941 -2.23523 4.27758 7.12502 -0.00000 -0.00000 -0.96106 -0.34689 -385.15481
-0.15004 0.99610 -0.18072 -15.84845 0.19253 89.67354 -0.00000 0.00000 -0.00000 -377.02502 -20.67870 -367.76842 -0.20523 8.00296 2.93321 0.50284 -6.69764 4.09429 -0.33370 -10.17701 -3.74625 -0.00000 0.00000 -0.00000 21.28363 -21.60281 13.47857 0.59586 13.52390 -5.02222 -2.61223 -13.36494 -11.91121 0.00058 0.42875 -0.15606 -363.44299 20.53867 -358.10234 0.68553 9.14308 2.51072 2.22961 -1.71579 1.39748 -1.63589 -0.26384 -2.20218 -6.29615 41.93389 3.06234 -1.29369 14.70699 1.12460 -0.00000 0.00000 -0.00000 320.92804 43.21434 -435.44784 17.70898 -5.08066 -31.79350 -0.00000 -16.01550 -0.00000 13.13212 12.17957 42.12365 -7.12502 -0.00000 0.00000 -7.42906 -3.98915 1153.08091 -0.00000 0.00000 -0.00000 53.39078 43.70537 49.89731 -18.51308 -5.59227 33.36446 0.00000 14.02940 -0.00000 -28.37922 -2.09901 3.87860 7.12502 -0.00000 -0.00000 -1.71709 -0.60583 -385.57168
-0.14845 0.99626 -0.18171 -15.88642 -0.07157 89.32579 -0.00000 0.00000 -0.00000 -376.64308 -20.51695 -367.77339 -0.20367 7.97271 2.92197 0.54195 -6.78527 4.46528 -0.29616 -9.59510 -3.52758 -0.00000 0.00000 -0.00000 21.63837 -21.20439 13.72907 0.56075 13.12920 -4.86993 -2.57250 -13.24591 -11.85598 0.00644 1.42322 -0.51812 -363.85167 20.02922 -357.95209 0.74459 8.95962 2.62045 2.50109 -1.67809 1.43117 -1.59923 0.15606 -1.96053 -7.10943 41.42060 3.61765 -1.46921 14.38529 1.27460 -0.00000 0.00000 -0.00000 321.29436 41.57647 -434.92245 18.80611 -5.78639 -33.94215 -0.00000 -17.91400 -0.00000 14.34422 13.50929 42.41217 -7.12502 -0.00000 0.00000 -5.88408 -3.25104 1153.82287 -0.00000 0.00000 -0.00000 55.31460 43.35123 47.97541 -17.32378 -4.84622 31.04792 0.00000 15.32450 -0.00000 -27.88055 -2.38596 4.49941 7.12502 -0.00000 -0.00000 -1.27805 -0.46806 -384.88892
-0.14708 0.99613 -0.18273 -15.97121 -0.16400 89.15782 -0.00000 0.00000 -0.00000 -376.56185 -20.56553 -367.71415 -0.20857 8.06728 2.95712 0.57622 -7.04136 4.54366 -0.31624 -9.91088 -3.64614 -0.00000 0.00000 -0.00000 21.72624 -21.17219 13.63013 0.54306 12.92517 -4.79142 -2.49158 -13.02212 -11.70384 0.00584 1.35597 -0.49363 -364.16645 19.25644 -357.93757 0.71793 8.90148 2.59678 2.67525 -1.35627 1.39967 -1.90072 0.60934 -2.02064 -7.45952 39.58326 3.21928 -1.61808 13.39578 1.03707 -0.00000 0.00000 -0.00000 320.56182 40.69906 -432.36968 19.08733 -5.97664 -34.49928 -0.00000 -18.62620 -0.00000 14.82970 13.73983 41.89431 -7.12502 -0.00000 0.00000 -5.47816 -2.97708 1153.43754 -0.00000 0.00000 -0.00000 59.68627 41.37453 45.13408 -15.01437 -3.57699 26.66077 0.00000 19.05630 -0.00000 -28.21956 -2.17378 4.04306 7.12502 -0.00000 -0.00000 -1.57506 -0.56127 -385.39142
-0.14517 0.99597 -0.18319 -16.25340 -0.16856 89.04983 -0.00000 0.00000 -0.00000 -376.55474 -20.77431 -367.81087 -0.21508 8.19093 3.00311 0.60945 -7.20120 4.72468 -0.27212 -9.20208 -3.38034 -0.00000 0.00000 -0.00000 21.76409 -21.34034 13.65172 0.54034 12.89352 -4.77925 -2.46894 -12.99220 -11.60149 0.00318 1.00003 -0.36402 -364.48799 18.17025 -357.96130 0.62997 8.58597 2.50740 2.79671 -1.14038 1.33187 -2.67088 0.55601 -2.43975 -7.46132 37.51723 2.18181 -1.66960 12.44855 0.49529 0.00000 0.00000 0.00000 317.73254 40.71944 -427.65070 18.15211 -5.35882 -32.65671 -0.00000 -16.68710 -0.00000 15.11094 13.96225 41.78253 -7.12502 -0.00000 0.00000 -5.18111 -2.81170 1153.41276 0.00000 0.00000 0.00000 66.73426 37.47923 40.45697 -12.61620 -2.48821 22.22923 0.00000 25.23190 -0.00000 -27.90590 -2.48290 4.67634 7.12502 -0.00000 -0.00000 -1.30632 -0.48364 -384.68741
-0.14169 0.99588 -0.18336 -16.20882 -0.25969 88.75683 -0.00000 0.00000 -0.00000 -376.28602 -20.46882 -367.42319 -0.20866 8.06891 2.95773 0.65031 -7.49423 4.80577 -0.29477 -9.57287 -3.51924 -0.00000 0.00000 -0.00000 21.91859 -20.73564 13.73351 0.49826 12.39236 -4.58703 -2.46403 -12.95847 -11.62760 0.00235 0.86052 -0.31323 -364.80556 17.08832 -357.91282 0.41160 7.86335 2.47466 2.74572 -1.35371 1.29899 -4.09723 0.29254 -3.76466 -6.43153 35.15741 -0.43723 -1.52204 11.45962 -0.71856 -0.00000 0.00000 -0.00000 310.87314 40.94761 -419.67543 15.68072 -3.92000 -27.91314 -0.00000 -13.28920 -0.00000 15.34089 14.14182 41.68813 -7.12502 -0.00000 0.00000 -4.93931 -2.67767 1153.39449 -0.00000 0.00000 -0.00000 74.43863 33.06192 34.17729 -11.62043 -2.09980 20.41895 0.00000 29.50690 -0.00000 -26.44818 -2.59005 5.19060 7.12502 -0.00000 -0.00000 -0.00047 -0.00018 -384.18040
-0.13653 0.99645 -0.18344 -15.79644 -0.29248 88.25939 -0.00000 0.00000 -0.00000 -375.99033 -19.56951 -367.07400 -0.20498 7.99818 2.93144 0.76160 -8.10773 5.19878 -0.24609 -8.75576 -3.21356 -0.00000 0.00000 -0.00000 22.02869 -19.86134 13.49306 0.48317 12.20708 -4.51616 -2.41582 -13.02511 -11.18217 0.00199 0.79127 -0.28802 -365.18252 15.51555 -357.95027 0.01557 7.09475 2.34928 2.57783 -1.33617 1.21740 -5.04078 -0.30976 -5.48474 -5.30516 32.89193 -3.58400 -1.51235 10.64931 -2.14418 -0.00000 0.00000 -0.00000 297.92030 37.85563 -407.15310 12.13806 -2.29720 -21.35805 -0.00000 -7.42622 -0.00000 15.98841 14.82919 41.77265 -7.12502 -0.00000 0.00000 -4.14169 -2.27280 1153.70781 -0.00000 0.00000 -0.00000 78.96226 32.02644 28.10320 -12.11289 -2.28738 21.31229 0.00000 26.90250 -0.00000 -26.58286 -2.52363 5.02876 7.12502 -0.00000 -0.00000 -0.11627 -0.04381 -384.35474
-0.13054 0.99688 -0.18304 -15.00636 -0.16417 86.95742 -0.00000 0.00000 -0.00000 -375.55516 -18.23365 -366.27179 -0.20722 8.04132 2.94747 0.96829 -9.05148 5.96961 -0.20538 -8.00575 -2.93425 -0.00000 0.00000 -0.00000 22.17389 -18.98676 13.12123 0.50356 12.45671 -4.61166 -2.18579 -12.93479 -9.79490 0.00078 0.49704 -0.18091 -365.50685 13.69489 -357.99086 -0.80263 6.45442 2.26637 1.95561 -1.02099 1.16088 -6.07486 -1.15207 -6.94955 -3.63360 30.41594 -6.43532 -1.21156 9.91007 -3.45127 -0.00000 0.00000 -0.00000 287.86112 30.52976 -395.51561 8.60064 -1.13531 -15.01204 -0.00000 4.22270 0.00000 14.10499 13.23071 42.32867 -7.12502 -0.00000 0.00000 -6.19833 -3.40114 1153.64580 -0.00000 0.00000 -0.00000 81.12297 31.51383 25.10091 -12.11275 -2.28732 21.31204 0.00000 29.10430 -0.00000 -23.43567 -2.80736 6.44643 7.12502 -0.00000 -0.00000 2.65969 1.07777 -382.95662
-0.12446 0.99744 -0.18317 -14.09237 -0.22629 85.76303 -0.00000 0.00000 -0.00000 -375.01771 -16.96867 -365.28759 -0.22526 8.38082 3.07379 1.20914 -10.21062 6.53176 -0.24291 -8.69965 -3.19263 -0.00000 0.00000 -0.00000 22.46880 -17.64997 12.92949 0.50408 12.46299 -4.61407 -2.04298 -12.91440 -8.89939 0.00065 -0.45093 0.16413 -365.83152 11.75854 -358.07458 -1.19713 5.86231 2.17474 1.79080 -0.59391 1.09290 -6.66854 -1.13736 -7.83508 -2.40221 27.04187 -8.37509 -0.87211 8.75338 -4.35974 -0.00000 0.00000 -0.00000 283.11561 23.44137 -386.93995 6.77457 -0.70027 -11.78959 -0.00000 22.50160 0.00000 10.46327 9.74750 42.51384 -7.12502 -0.00000 0.00000 -10.51366 -5.55315 1152.53867 -0.00000 0.00000 -0.00000 78.63557 31.25863 25.73723 -11.94737 -2.22335 21.01162 0.00000 34.86770 -0.00000 -15.81386 -2.89092 10.09671 7.12502 -0.00000 -0.00000 9.14403 4.38568 -379.58858
-0.12072 0.99759 -0.18434 -13.04911 -0.02449 84.79506 -0.00000 0.00000 -0.00000 -375.05439 -15.94977 -364.51388 -0.26528 9.08713 3.33735 1.41838 -11.19581 6.88963 -0.24558 -8.74676 -3.21020 -0.00000 0.00000 -0.00000 22.19496 -16.40549 12.53512 0.50099 12.42552 -4.59972 -1.91752 -12.90411 -8.11883 0.00121 -0.61797 0.22493 -365.92147 10.28830 -358.07199 -1.69799 5.15107 2.19761 1.35127 -0.52757 1.10116 -6.75167 -0.49361 -8.25872 -1.19044 24.35452 -9.54848 -0.48141 7.78065 -4.86541 -0.00000 0.00000 -0.00000 287.16413 26.15683 -382.94995 7.54989 -0.87174 -13.15423 -0.00000 24.01240 0.00000 3.45305 3.26042 43.30640 -7.12502 -0.00000 0.00000 -18.87078 -9.46944 1150.70284 -0.00000 0.00000 -0.00000 71.85826 32.25987 28.38111 -13.09039 -2.68601 23.09698 0.00000 30.28760 -0.00000 -9.66457 -1.60119 9.31811 7.12502 -0.00000 -0.00000 14.72157 6.79120 -380.76951
-0.11838 0.99772 -0.18561 -12.61062 -0.31927 84.75769 -0.00000 0.00000 -0.00000 -374.79252 -15.68276 -364.13746 -0.29937 9.64631 3.54679 1.48339 -11.70964 6.73050 -0.26397 -9.06488 -3.32903 -0.00000 0.00000 -0.00000 22.28605 -15.57984 12.29607 0.47495 12.10487 -4.47711 -1.92885 -13.01798 -8.04798 0.00029 -0.30450 0.11083 -365.49186 7.67249 -358.25639 -1.61647 4.82306 2.13242 1.30298 0.57328 1.03841 -6.67907 -0.45695 -8.39332 -0.78131 23.13728 -9.94874 -0.35734 7.38674 -5.04315 0.00000 0.00000 -0.00000 290.99725 24.20615 -383.47942 8.76621 -1.18016 -15.30574 -0.00000 18.77460 0.00000 -1.78809 -1.78082 44.86931 -7.12502 -0.00000 0.00000 -25.18803 -12.66256 1149.98998 0.00000 0.00000 -0.00000 62.49546 30.78261 31.43955 -15.98912 -4.08499 28.49628 0.00000 20.20790 -0.00000 -8.30260 -1.10018 7.49552 7.12502 -0.00000 -0.00000 16.18975 6.86266 -382.62982
-0.11687 0.99786 -0.18681 -12.26192 -0.59190 85.56525 -0.00000 0.00000 -0.00000 -374.77605 -14.84849 -364.38137 -0.25822 8.96674 3.29234 1.37543 -11.40895 6.33315 -0.21917 -8.26779 -3.03171 -0.00000 0.00000 -0.00000 22.12149 -15.00896 11.78503 0.45761 11.88621 -4.39368 -2.08350 -13.41807 -8.49275 0.00011 0.18502 -0.06734 -364.82538 5.05608 -358.41885 -1.52079 4.66500 2.09580 1.13050 1.87207 0.99570 -6.76393 -0.86423 -8.63746 0.07718 23.05515 -10.47275 -0.16306 7.47831 -5.24206 0.00000 0.00000 0.00000 295.63470 21.32514 -386.10367 11.68806 -2.12504 -20.54142 -0.00000 6.97141 0.00000 2.23170 2.21816 44.80399 -7.12502 -0.00000 0.00000 -20.06067 -10.57148 1151.67504 0.00000 0.00000 0.00000 56.73840 23.66907 32.17211 -20.12552 -6.71376 36.58113 0.00000 8.48772 -0.00000 -10.15624 -0.79261 4.41561 7.12502 -0.00000 -0.00000 14.88426 5.37323 -385.59129
-0.11578 0.99768 -0.18784 -11.43797 -0.40255 86.30986 -0.00000 0.00000 -0.00000 -375.32468 -13.90263 -364.29825 -0.24871 8.80174 3.23072 1.28041 -11.36650 5.72480 -0.23832 -8.61797 -3.16216 -0.00000 0.00000 -0.00000 21.42247 -14.16037 11.09232 0.45952 11.91057 -4.40297 -2.24682 -13.89087 -8.86191 0.00001 0.06426 -0.02339 -364.63012 2.83628 -358.70441 -1.59631 4.83054 1.86405 1.02450 3.30489 0.85141 -6.56459 -1.24926 -8.51429 0.22621 23.18520 -10.35306 -0.16123 7.57776 -5.16007 0.00000 0.00000 -0.00000 299.22561 16.22002 -388.54451 16.35536 -4.28616 -29.19182 -0.00000 -8.32385 -0.00000 6.31266 6.37652 45.11291 -7.12502 -0.00000 0.00000 -14.85052 -8.33046 1153.65244 0.00000 0.00000 -0.00000 53.20036 14.76842 32.96623 -24.50614 -10.51513 45.92573 0.00000 -5.79355 0.00000 -15.54935 -0.13297 0.47786 7.12502 -0.00000 -0.00000 10.24201 2.87750 -389.47283
-0.11433 0.99775 -0.18853 -10.53824 -0.70894 86.56838 -0.00000 0.00000 -0.00000 -375.04091 -13.19592 -363.89733 -0.27632 9.27209 3.40654 1.26123 -11.72056 5.24377 -0.24230 -8.68888 -3.18861 -0.00000 0.00000 -0.00000 21.47472 -12.98111 10.63976 0.44845 11.76899 -4.34902 -2.37739 -14.30339 -9.08773 0.00160 0.70995 -0.25842 -363.59607 1.04579 -358.84581 -1.86825 5.12402 1.79554 0.22366 4.66005 0.83411 -6.44047 -1.92239 -8.30830 0.81942 23.93663 -10.17598 -0.04400 7.95841 -5.00935 0.00000 0.00000 -0.00000 303.59763 11.34955 -391.05179 21.14462 -7.49325 -38.66685 -0.00000 -23.14360 -0.00000 8.89665 9.23122 45.70192 -7.12502 -0.00000 0.00000 -11.44999 -6.79668 1155.29781 0.00000 0.00000 -0.00000 50.96725 5.46931 34.75614 -28.54266 -15.35758 55.85261 0.00000 -22.51360 0.00000 -21.45685 0.39967 -1.01676 7.12502 -0.00000 -0.00000 4.78437 1.18998 -391.06481
-0.11225 0.99769 -0.18922 -9.99402 -0.79582 86.39877 -0.00000 0.00000 -0.00000 -374.95712 -12.91020 -363.67527 -0.33016 10.12356 3.72613 1.35101 -12.40436 5.17021 -0.23014 -8.47014 -3.10706 -0.00000 0.00000 -0.00000 21.43718 -12.27232 10.30167 0.44293 11.69769 -4.32187 -2.39311 -14.48482 -8.95048 0.00025 -0.28258 0.10285 -363.06067 -0.48791 -358.90496 -2.06662 4.99486 1.77022 -0.24809 5.41782 0.83384 -5.93138 -2.14680 -8.06505 0.80864 25.13646 -9.84525 -0.15564 8.36421 -4.78404 -0.00000 0.00000 0.00000 307.71034 7.07183 -392.82887 24.98730 -11.01282 -47.02476 -0.00000 -32.06790 -0.00000 12.03910 12.82420 46.14389 -7.12502 -0.00000 0.00000 -7.39811 -4.65365 1156.99897 -0.00000 0.00000 0.00000 48.63979 -2.74600 36.89519 -31.57462 -20.45315 65.08268 0.00000 -34.98510 0.00000 -25.21186 0.67900 -1.44183 7.12502 -0.00000 -0.00000 1.26315 0.30161 -391.57282
-0.10934 0.99776 -0.18981 -9.48796 -0.81968 85.95304 -0.00000 0.00000 -0.00000 -374.88201 -12.46434 -363.33335 -0.36709 10.66643 3.93082 1.41889 -12.84344 5.17928 -0.18020 -7.50315 -2.74769 -0.00000 0.00000 -0.00000 21.43146 -11.51855 10.10067 0.43463 11.58955 -4.28072 -2.34222 -14.56173 -8.58065 0.00234 -0.85817 0.31237 -362.59415 -1.39574 -358.89767 -2.33490 4.61900 1.78853 -0.77471 5.56216 0.86458 -5.21419 -2.39735 -7.72659 0.67588 26.50131 -9.37174 -0.32769 8.82276 -4.47369 0.00000 0.00000 -0.00000 311.74354 3.71959 -393.55860 27.84234 -14.39370 -53.99224 -0.00000 -36.77010 -0.00000 12.86052 13.55821 45.75867 -7.12502 -0.00000 0.00000 -6.52103 -4.07965 1156.89749 0.00000 0.00000 -0.00000 46.66557 -9.35408 38.98675 -33.42744 -24.87021 72.58326 0.00000 -41.29060 0.00000 -27.76156 0.04617 -0.08771 7.12502 -0.00000 -0.00000 -1.11673 -0.29763 -390.07860
-0.10687 0.99788 -0.19071 -9.00932 -0.79441 85.62846 -0.00000 0.00000 -0.00000 -374.95766 -11.70105 -363.28489 -0.37437 10.77002 3.96997 1.51974 -13.38420 5.27687 -0.09716 -5.51923 -2.01549 -0.00000 0.00000 -0.00000 21.34324 -10.98482 9.96246 0.44769 11.75916 -4.34527 -2.31850 -14.66290 -8.33628 0.00348 -1.04673 0.38103 -362.43202 -1.66373 -358.96756 -2.48065 4.13931 1.67587 -1.03360 5.21992 0.81880 -4.03410 -2.24412 -7.38362 -0.00329 27.12940 -8.84745 -0.69405 8.91461 -4.16070 0.00000 0.00000 0.00000 314.43941 1.50570 -393.25643 29.84436 -17.33319 -59.53596 -0.00000 -38.49110 -0.00000 13.28600 14.00586 45.70565 -7.12502 -0.00000 0.00000 -6.01567 -3.77729 1157.01145 0.00000 0.00000 0.00000 44.04714 -14.14526 40.03193 -34.46958 -28.49592 78.60440 0.00000 -40.21020 0.00000 -27.63653 -0.77363 1.47714 7.12502 -0.00000 -0.00000 -1.00049 -0.29996 -388.31242
-0.10472 0.99744 -0.19139 -8.68325 -0.78256 85.42632 -0.00000 0.00000 -0.00000 -375.03539 -11.10967 -363.15442 -0.36570 10.64655 3.92332 1.62827 -13.52214 5.75518 -0.16639 -7.21195 -2.63982 -0.00000 0.00000 -0.00000 21.35752 -10.59315 10.16993 0.47296 12.08005 -4.46763 -2.39795 -14.93558 -8.44640 0.00715 -1.50062 0.54631 -362.61333 -1.88180 -359.15755 -2.34310 3.71917 1.40467 -0.81996 4.89592 0.67302 -4.29046 -2.31657 -7.11473 0.13746 27.73685 -8.45715 -0.56968 9.16316 -3.97586 -0.00000 0.00000 0.00000 315.39837 0.44816 -392.70144 30.76226 -18.90382 -62.36297 -0.00000 -36.57260 -0.00000 13.99401 14.20887 44.56457 -7.12502 -0.00000 0.00000 -5.56027 -3.35829 1156.03687 -0.00000 0.00000 0.00000 40.97795 -16.94087 40.27793 -34.95000 -31.05036 82.85065 0.00000 -34.52660 0.00000 -27.71455 -2.36358 4.48870 7.12502 -0.00000 -0.00000 -1.12672 -0.41219 -384.90855
